Name,Chaos_Style_Prob,Chaos_Style_Score
4empechement,0.5995810348830837,0.6148
AFRUZA Khamdamova,0.9014774450495129,0.9518
Aadit Bhatia,0.9296835777267918,0.9737
Aaditya Dhingra,0.4039018806015364,0.334
Aakaash Meduri,0.9219824555252487,0.9677
Aakash G,0.954253677092295,0.9904
Aansh Nandan Nerurkar,0.6499009069776267,0.6757
Aaradhya Das,0.9048144180019021,0.9532
Aarav Dengla,0.37457601230420046,0.2987
Aarav Sinha,0.6262063488536774,0.6497
Aaravamudhan Balaji,0.75763197029929,0.8033
Aarit Kapil,0.6230590657030922,0.6471
Aaron Bendayan Claros,0.5452658206138667,0.5377
Aaron Cooper,0.6134025910136857,0.633
Aaron Jacobson,0.6387044279370363,0.6635
Aaron Matthes,0.8449578764143885,0.9002
Aaron Mendes,0.8378563507102191,0.8939
Abdimalik Abdisalimov,0.6714662962073834,0.7013
Abdulla Gadimbayli,0.07928747894230487,0.026
Abhimanyu Puranik,0.5468146525679803,0.5395
Abigail Zhou,0.6591119105463159,0.6861
Abtin Atakhan,0.509061831116912,0.479
Adam Collins,0.17352181281277873,0.0898
Adam Gibała,0.7668132724747146,0.8156
Adam Kozak,0.8110438780639886,0.8683
Adam Kujawski,0.1489000923101799,0.0727
Adam Mekhane,0.2952681731069025,0.2037
Adani Clarke,0.8833817829594629,0.9325
Adar TARHAN,0.562891683079329,0.561
Adham Fawzy,0.2892546674984974,0.1955
Adham_Hossam2011,0.9184455362263781,0.9651
Adi Menahem,0.23288625814699926,0.1384
Aditya Mittal,0.4148973982544624,0.3477
Aditya S Samant,0.2114021301341579,0.121
Aditya Varun Gampa,0.8865581263071902,0.9377
Adnan Sitnic,0.5775850390067226,0.5837
Adrian Antonio Garcia Garcia,0.5765405207751094,0.5833
Adrian Gschnitzer,0.6504162454210111,0.6761
Adrian Martinez Fernandez,0.4622184314214023,0.4085
Adrian Suarez Uriel,0.4369838215754064,0.3759
Adán Rios Escobar,0.5859641755433597,0.5944
Aghasiyev Kamal,0.16688542605463555,0.0846
Agustin Ambrogi,0.439126235789684,0.3781
Agustin Fuentes,0.7536071258818487,0.7985
Ahmad Ahmadzada,0.40196243209709204,0.3306
Ahmad Al khatib,0.10506417583092661,0.0427
Ahmed Kandil,0.7026786506052298,0.7347
Ahn Hongjin,0.9164242558396658,0.9636
Aiaru Altynbek,0.9370616691177279,0.9807
Airat Sadubayev,0.7083618424035588,0.741
Aisen Mestnikov,0.42855935743814444,0.364
Ajay Karthikeyan,0.1329206833456221,0.0635
Akeem Brown,0.24005340772976735,0.1451
Akhmedov_David,0.9403920185913721,0.9829
Aksel Bu Kvaloy,0.20674282994127333,0.1173
Akshay Borgaonkar,0.6653469335466997,0.695
Akylbek2021,0.5152957002803862,0.4883
Al-Saffar Araz Basim,0.3307603240203976,0.2471
Alain Fayard,0.6408519507785618,0.6649
Alain Otero Marino,0.8705086105707809,0.921
Alain Prieto Aranguren,0.6810939459335087,0.7121
Alan Morris-Suzuki,0.7813349956826567,0.8353
Alan Pichot,0.1088167121952996,0.0442
Alba De Lomas Busquets,0.528808792075161,0.5109
Alban alban1987@hotmail.com,0.6610804913414356,0.6876
Albert Fishman,0.4552764286891036,0.4007
Alberto Barp,0.2103127823981187,0.1199
Alberto Fabris,0.49314486312421196,0.4523
Alberto Guzman Moneo,0.32210461824754794,0.239
Alberto Martin Fuentes,0.30121521993018263,0.2141
Alberto Santos Flores,0.09231043632725253,0.0345
Aleexeey Sueetin,0.5382346579880257,0.5254
Alejandro Castellanos Gómez,0.8215774176851598,0.8787
Alejandro Castellanos Villela,0.7534194853038994,0.7981
Alejandro Cosoi Scherzer,0.39634505627324906,0.3243
Alejandro Cuellar Montes,0.8708405472380303,0.9213
Alejandro Domingo Nunez,0.735230810755073,0.774
Alejandro Garcia Garcia,0.6726595342756877,0.7032
Alejandro González Vega,0.2480917217509747,0.1558
Alejandro Pacheco,0.7354042713407236,0.7748
Alejandro Uzcategui Rodriguez,0.5570909642488486,0.5532
Alekhine Nouri,0.9487522554077567,0.9874
Aleksa Micic,0.3750625495184535,0.2998
Aleksa Petrovic,0.46290915771722413,0.4104
Aleksandar Indjic,0.5504096729972536,0.5447
Aleksandar Topalov,0.6381358104584172,0.662
Aleksander Hnydiuk,0.41403788688113974,0.3462
Aleksander Kumala,0.7651560963137527,0.813
Aleksandr Devaev,0.6911070578651302,0.7232
Aleksandr Domalchuk-Jonasson,0.3475956445652556,0.2675
Aleksandr Ivanov,0.7143127844515671,0.7506
Aleksandr Lenderman,0.023307619210124197,0.0022
Aleksandr Rakhmanov,0.1581338255952126,0.0779
Aleksandr Shimanov,0.46844518253823625,0.4178
Aleksandr Usov,0.06915825834743232,0.0204
Aleksandra Goryachkina,0.1889154680564917,0.1009
Aleksandra Lach,0.6573843003501594,0.6842
Aleksandra Maltsevskaya,0.8737105686030912,0.9243
Aleksandra Tarnowska,0.55613913330971,0.5525
Aleksandras Jegorovas,0.49061466415622695,0.4486
Aleksei Belov,0.4655385562437617,0.4137
Aleksei Pridorozhni,0.44215782895673816,0.3822
Aleksei Sarana,0.3733517486744039,0.2972
Aleksey Sorokin,0.22641598992607787,0.1332
Alen Yeremyan,0.9318701196155237,0.9763
Alena Nikulina,0.5875533365517145,0.597
Alessandro Manzone,0.4546351548230687,0.3996
Alessio Boraso,0.2550893571093407,0.1622
Alex Arias Igual,0.40963214051657076,0.3406
Alex Bullen,0.5869119902625732,0.5963
Alex Fier,0.9460571373730555,0.9855
Alex Fishbein,0.07377551892717275,0.0226
Alex Garrido Outon,0.9506334794379839,0.9889
Alex Goldin,0.4695236294630508,0.4186
Alex Jian,0.7800199753395873,0.833
Alex King,0.07089049452739435,0.0215
Alex Krstulovic,0.5814301707788638,0.5878
Alex Ostrovskiy,0.5094964670555211,0.4794
Alex Sahakyan,0.093974733422654,0.0353
Alex Truskavetsky,0.6468880377464032,0.6705
Alex Villa Tornero,0.5271571511616051,0.5087
Alex Wang,0.5350259207436003,0.5213
Alexander A. Chernov,0.3660149925060204,0.2887
Alexander Alexikov,0.46022105362154786,0.4052
Alexander Donchenko,0.2965267052473171,0.2063
Alexander Fikiet,0.4309494645965485,0.3673
Alexander Gelman,0.7636430326707184,0.81
Alexander Grischuk,0.04079922052007265,0.0096
Alexander Herbrig,0.29532144651679126,0.2041
Alexander Hernandez Jimenez,0.29758773537010186,0.2085
Alexander Jasinski,0.5819327103311654,0.5889
Alexander Katz,0.8903648512437394,0.9417
Alexander Khlebovich,0.09606471564281552,0.0371
Alexander Khripachenko,0.3633417416379632,0.2861
Alexander Mikhnenko,0.5317912966184362,0.5154
Alexander Moskalenko,0.14109795556866483,0.0675
Alexander Reprintsev,0.28671612530643503,0.1926
Alexander Rustemov,0.1796559423816329,0.0931
Alexander Spichkin,0.6813736899776945,0.7132
Alexander Suvorov,0.5973705193428568,0.6122
Alexander Timerkhanov,0.3634424749009727,0.2865
Alexander Velikanov,0.8334135955938482,0.8894
Alexander Zlatin,0.22982878016959268,0.1354
Alexander Zubov,0.2557180111287604,0.1636
Alexandr A Smirnov,0.5664772499265182,0.5662
Alexandr Kostiukov,0.36443675180562435,0.2876
Alexandr Provotorov,0.2690456376616962,0.1777
Alexandr Triapishko,0.01900216294425384,0.0011
Alexandra Afanasieva,0.41611346769388213,0.3488
Alexandra Kosteniuk,0.3186269829761626,0.236
Alexandra Obolentseva,0.5395221182268178,0.5273
Alexandra Prado,0.7708891816790162,0.8223
Alexandra Samaganova,0.8806190909664352,0.9302
Alexandra Shvedova,0.8551446005114063,0.9065
Alexandra Zherebtsova,0.6026863707640142,0.62
Alexandre Bouget,0.8292756125319771,0.8861
Alexandre Qashashvili,0.2498979529442603,0.1581
Alexandros Papasimakopoulos,0.31907828453252696,0.2367
Alexandru Calin,0.6683534405242129,0.6968
Alexandru-Bogdan Banzea,0.19078166058748589,0.1024
Alexei Gubajdullin,0.7823238893837592,0.8364
Alexei Kornev,0.37268458912566105,0.2968
Alexei Saveliev,0.9301770485214872,0.9744
Alexei Shirov,0.28685472649758725,0.1929
Alexey Chos,0.6154739966504654,0.6364
Alexey Dreev,0.024573876572991992,0.0033
Alexey Evdokimov,0.4975126564986172,0.4612
Alexey Jarovinsky,0.10810534425679497,0.0438
Alexey Kislinsky,0.7450032631482817,0.7881
Alexey Kolmagorov,0.7128433495168158,0.7484
Alexey Kornyukov,0.6011037091113302,0.6182
Alexey Kovalchuk,0.10052057450252531,0.0393
Alexey Reshetnikov,0.3423608611206451,0.2605
Alexey Slavin,0.6027669527550054,0.6204
Alexey Streltsov,0.12926274005398236,0.0616
Alexey Zhuravlev,0.7690956455147215,0.8178
Alfeu Junior Varela Bueno,0.6128549494699438,0.6315
Alfie Onslow,0.5956351875346144,0.6071
Alfonso Llorente Zaro,0.08385722067614736,0.0293
Alfredo Cecilio Miserendino,0.5393049942492328,0.5265
Algol Jorajuria,0.5521984862981582,0.5469
Ali Elier,0.7888414439016694,0.8434
Ali Farahat,0.2668170736893288,0.1751
Ali Mortazavi,0.9234051439920465,0.9696
Ali Rastbod,0.26695273123447905,0.1759
Alicja Sliwicka,0.6770611995011524,0.708
Alikhan Daulet,0.4296028901450401,0.3662
Alikhan Khazhatuly,0.3230313552669243,0.2401
Alikhon Avazkhonov,0.7422837251554202,0.7829
Alina Kashlinskaya,0.804429241857415,0.8597
Alina Semenova,0.6697926732820166,0.6983
Alireza Firouzja,0.4631850886397032,0.4111
Alisa Genrietta Yunker,0.878085901201645,0.9284
Aljoscha Feuerstack,0.6623776765020929,0.6887
Alkhoori Eisa Mohmood,0.6202104661816342,0.6423
Allahverdi Hamidov,0.238302350661656,0.1429
Alma Jaqueline Mora Velasco,0.7785501009355611,0.8312
Almas Rakhmatullaev,0.9781163346354736,0.9985
Alon Mindlin,0.26218861471823046,0.1707
Alopekos,0.5279402744808709,0.5102
Altay Eynullayev,0.5676997594700193,0.5685
Alua Nurman,0.9776113965727202,0.9978
Alvar Alonso Rosell,0.766815252316688,0.816
Alvaro Alves De Almeida Junior,0.5352423604821019,0.5221
Alvaro Bayo,0.3162788401213742,0.2327
Alvaro Blanco Fernandez,0.5199522980544892,0.4976
Alvaro Donatti,0.5706494619940008,0.5744
Alvaro Rodriguez,0.1106320336105838,0.046
Aman Hambleton,0.11864330001344689,0.0538
Amani Alazmi,0.886105706247306,0.9365
Ameet Ghasi,0.6491864088102497,0.6746
Amelia Hernandez,0.5832366162210507,0.5915
Amgalantengis Enkh-Amgalan,0.45350831993589774,0.3989
Amin Tabatabaei,0.17050474994826284,0.0879
Amina Kairbekova,0.7093916993195228,0.7429
Amir Ali Ghafourian,0.41507676812040917,0.3481
Amir hosein Kashefi,0.3144957057561607,0.2308
Ana Kuchava,0.410949431677473,0.3425
Anastasia Avramidou,0.6716475931700657,0.7017
Anastasia Bodnaruk,0.8587934965847281,0.9098
Anastasia Travkina,0.8138905970852074,0.8735
Anastasiia Hnatyshyn,0.5664182298833644,0.5659
Anastasios Mihailidis,0.2540893401639259,0.1618
Anastassia Sinitsina,0.5607610744602918,0.5581
Anatole Vlachos,0.6498067107039585,0.675
Anatoliy Emeliantsev,0.709544948204742,0.7432
Anatoliy Shapkin,0.06021307484576012,0.0167
Anatoly Bykhovsky,0.5326257668468434,0.518
Anatoly Donskov,0.7709963240459304,0.8226
Anatoly Krutko,0.33898176493797255,0.2568
Anatoly Moskvin,0.5964895336677196,0.6096
Anderson Esmeraldas,0.3703107048109474,0.2928
Andre Bold,0.2649046686426161,0.1729
Andre Kunz,0.7264891188400595,0.7625
Andre Mendez Machado,0.7704932076206716,0.8215
Andreas Brenke,0.5469140865058879,0.5399
Andreas Mende,0.6134103254162094,0.6334
Andreas Skotheim,0.28613624034657265,0.1918
Andrei Belozerov,0.35234972020539396,0.2735
Andrei Ioan Trifan,0.12949996550622025,0.0623
Andrei Macovei,0.5434312561013324,0.5328
Andrei Negrean,0.35848803993821854,0.2805
Andrei Olhovik,0.4737228989918087,0.4249
Andrei Purygin,0.18350605552482996,0.0965
Andrei Shishkov,0.05865323185588169,0.0163
Andrei Skvortsov,0.3088776893332671,0.2223
Andrei-Mihai Bonte,0.3528710436707708,0.2738
Andrej,0.8725465700253524,0.9232
Andres Carrasco Miranda,0.4052858170161384,0.3358
Andres Ferriz Barrios,0.9139099668524027,0.9614
Andrew Green,0.3799566619475071,0.3065
Andrew Hong,0.7013163138708207,0.7302
Andrew Jing,0.6472006133938285,0.6709
Andrew Tang,0.9355728771232744,0.9796
Andrew Titus,0.43245697500439284,0.3699
Andrew Wu,0.7655947340612924,0.8137
Andrey Drygalov,0.4177099642658296,0.3503
Andrey Esipenko,0.8347352754078072,0.8917
Andrey Gonzalez Zharikov,0.1972431933826269,0.1076
Andrey Gorovets,0.32672074034536613,0.2434
Andrey Ivanov,0.8931659261072772,0.9436
Andrey Klymchuk,0.3433518359967224,0.262
Andrey Levitskiy,0.34680341937235265,0.2672
Andrey Marcelo Souza Neves,0.2023803512424191,0.1121
Andrey Rychagov,0.4966300792361319,0.4594
Andrey Tsvetkov,0.9293201718641726,0.9733
Andrii Palchuk,0.47416953936171957,0.4267
Andrii Vachylia,0.7967323799740542,0.8516
Andriy Diachek,0.11143566278309495,0.0468
Andriy Prydun,0.5304000338308469,0.5132
Andrzej Krzywda,0.7437642492422838,0.7859
Andrés Delgado,0.3750424782280636,0.2994
Andy Woodward,0.9416431598280527,0.9833
Angel Gabriel Cordoba Roa,0.27448518253288234,0.1826
Angie Garcia,0.5849011201327284,0.5941
Anil Berk Erdogan,0.46981364546921434,0.4193
Anish Giri,0.2208000052099183,0.1288
Ankush Khandelwal,0.7116466938918714,0.7469
Anna Cramling,0.7072174560593754,0.7388
Anna Jakubowska,0.7960320955721448,0.8508
Anna Kubicka,0.7758116840482787,0.8289
Anna M. Sargsyan,0.8335950134069856,0.8905
Anna Shukhman,0.4569164883986151,0.4026
Anna-Maja Kazarian,0.9353400615275735,0.9792
Anthony Atanasov,0.7037517682738931,0.7354
Anthony Wirig,0.20575525364982789,0.1154
Antoine Bournel,0.6335842431182144,0.656
Anton Barash,0.6306072305281069,0.6553
Anton Demchenko,0.38584314570246436,0.3132
Anton Isajevsky,0.4356263589312766,0.3733
Anton Karpenko,0.46079590870608583,0.4059
Anton Korobov,0.613555329449462,0.6338
Anton Vasilenok,0.7114416964758489,0.7458
Antoni Kozak,0.48971026269949086,0.4475
Antoni Szustakowski,0.8599435659184358,0.9124
Antonin Ferey,0.6262153280292673,0.6501
Antonio Arencibia,0.7291397137737576,0.7644
Antonio Carlos Bambino Filho,0.5363891982568433,0.5236
Antonio Lopez Del Alamo,0.5991515368628797,0.6141
Antonio Naranjo Moreno,0.5990256751030378,0.6137
Antonio Pedro Freixial Vasques,0.5680747129483845,0.5696
Antonio Ruperez Benito,0.37200373018283167,0.2954
Antonios Gkavardinas,0.16440820507274906,0.0827
Anusha Subramanian,0.8326153570459622,0.8887
Anysia Thomas,0.5868861775662836,0.5959
ApacheSVD,0.47259410026856263,0.4234
Apoorv Kamble,0.7957249895072601,0.8505
AradNazari,0.4295893853393915,0.3659
Aradhya Garg,0.045857223050580515,0.0126
Aram Hakobyan,0.13215200998569637,0.0631
Aran Köhler,0.568185014370291,0.5703
Arash Tahbaz,0.3847947633327161,0.3113
Aravindh Chithambaram,0.6015874942090227,0.6193
Aref Vasli,0.21379688022228766,0.1228
Ari Guz,0.7207455855213389,0.7573
Ari Kiremitciyan,0.12054200335710814,0.056
Arian Baradaran Tamadon,0.8791208376717536,0.9291
Ariel Nicolas Tokman,0.18803358943615872,0.1002
Arina Kiseleva,0.5899539521163378,0.6004
Arjun Adireddy,0.5338537374465584,0.5199
Arjun Erigaisi,0.6705460151040576,0.7002
Arman Erzhanov,0.33390885672308956,0.2505
Arman Geivondian,0.4874153569552651,0.4442
Arman Ghevondyan,0.39701833994157504,0.3247
Arman Mikaelyan,0.4622418507356625,0.4089
Armin Kekic,0.17929097064647848,0.0924
Armin Mušović,0.39542909165279305,0.3232
Arnaldo Jesus Fernandez De La Vara Mulet,0.3140416560787506,0.2297
Arnold Essing,0.48797742103044717,0.4453
Arnold Mayeregger,0.6924084310348976,0.7254
Aron Pasti,0.8065072694250915,0.8638
Arsal Gardezi,0.5960006603607289,0.6089
Arsene Kukhmazov,0.16980427470934029,0.0868
Arseniy Astafurov,0.2126369609285502,0.1221
Arseniy Nesterov,0.5032160740031941,0.4698
Arseny Alavkin,0.5006331276513227,0.4672
Artak Manukyan,0.12882850080939648,0.0612
Artem Alek Fedorov,0.8431975468952094,0.8987
Artem Bardyk,0.051905437881134074,0.0145
Artem Chernobay,0.8956827039674149,0.9462
Artem Dyachuk,0.946332021091173,0.9863
Artem Galaktionov,0.3071026618725371,0.2197
Artem Gulevich,0.6002458689391423,0.616
Artem Koval,0.3451262781997311,0.2646
Artem Legenya,0.5339270913864956,0.5202
Artem Omelja,0.4560312456061557,0.4015
Artem Sadovsky,0.31884336877586955,0.2364
Artem Timofeev,0.24293154715362056,0.1499
Artemii Khanbutaev,0.637784506880613,0.6612
Artemiki Lebedev,0.3014267571518822,0.2145
Artemy Gogolev,0.3873357156130309,0.3143
Arthur De Winter,0.5635101145348783,0.5622
Arthur Lucas,0.2601519508254976,0.1685
Arthur Muromtsev,0.8937343328460274,0.944
Arthur Olinto de Souza,0.6089657939427818,0.6286
Artin Ashraf,0.6698053097333493,0.6987
Artiom Samsonkin,0.46561996857733146,0.4145
Artiom Stribuk,0.2850456419327436,0.1915
Artur Dilmukhametov,0.7353627861491144,0.7744
Artur Gabrielian,0.4015220114927276,0.3295
Artur Tin Lun Dai Lima,0.47318773792122115,0.4241
Artyom Bogdanov,0.29471715007146065,0.203
Artyom Manukyan,0.7803584518836761,0.8338
Arush Chitre,0.9535386663928577,0.99
Arvids Andrejevs,0.7714263954337202,0.8234
Arvind Jayaraman,0.23472709052017976,0.1399
Aryan Tari,0.3102499310848357,0.2237
Arystanbek Urazayev,0.3551264988696129,0.2753
Asa Hoffmann,0.548845537214578,0.5425
Ashot Nadanian,0.3102423788559099,0.2234
Ashritha Eswaran,0.7536598651667376,0.7989
Asish Panda,0.8120774631903857,0.8709
Aslan Aitbayev,0.5707565928221395,0.5748
Assel Lesbekova,0.41741794274065314,0.3499
Assel Serikbay,0.59028842303673,0.6011
Aswath S,0.286869745433753,0.1933
Asylbek Abdyjapar,0.765079937069146,0.8126
Atanas Dimitrov,0.8829989970938138,0.9321
Atilla Eynullayev,0.6763494386129715,0.7076
Atousa Pourkashiyan,0.3556567526899648,0.2764
Attila Jr. Forgacs,0.66483315440077,0.6935
Attila Turzo,0.29880642730478346,0.21
Augustin Droin,0.7541740369643939,0.7993
Augustinas Bazilius,0.2172195371469008,0.1258
Aung Thant Zin,0.498274591702368,0.4646
Aurelio Vila Dupla,0.5309147488514968,0.5135
Austin Mei,0.6302576251557788,0.6545
Avi Kaplan,0.8687550917883232,0.9187
Avital Boruchovsky,0.21188109736014354,0.1213
Axel Bachmann,0.5587590119190367,0.5551
Axel Delorme,0.0470406254363937,0.0134
Ayan Allahverdiyeva,0.9383827903240259,0.9818
Aydin Suleymanli,0.9371815093623759,0.9811
Aydin Turgut,0.9606437857298704,0.9922
Ayrat Vafin,0.3073295153984702,0.22
Azer Mirzoev,0.07381548025661297,0.023
Aziz Degenbaev,0.8817010290739378,0.9306
BOZNENA PIDDUBNA,0.5363452660387856,0.5232
Baadur Jobava,0.3940668127696302,0.3221
Babageldi Annaberdiyev,0.3625451948816709,0.2846
Bach Ngoc Thuy Duong,0.35593620860385056,0.2768
Bahadir Ozen,0.14428394847325715,0.0705
Bahadur Khodzhamkuliev,0.5710832893358925,0.5751
Baira Kovanova,0.7227238078507701,0.7596
Bakhtiyar Askarov,0.6280202308161976,0.6523
Bakhtiyar Nugumanov,0.4900887361715845,0.4482
Balaji Daggupati,0.8128672058481132,0.872
Balázs Csonka,0.09580783868089608,0.0367
Bao Nghia Dong,0.8737740698024042,0.9247
Barad Yeganegi,0.47863094026099084,0.433
Barbara Skuhala,0.8924456737242146,0.9425
Bardiya Daneshvar,0.7432695963935577,0.7852
Barnabas Kovacsy,0.17724565205453963,0.0913
Bartosz Przybylski,0.7317066971378547,0.7692
Batuhan Özen,0.6402003157665266,0.6646
Bayastan Sydykov,0.7394909652602482,0.7792
Beksultan Moldagali,0.367716056629033,0.2902
Belka1989,0.4196058772492032,0.3536
Ben Finegold,0.3368152985844147,0.2531
Ben Johnson,0.5049232707193732,0.4724
Bence Pribelszky,0.8593169357668782,0.9113
Benedikt Dauner,0.31122961743941224,0.2252
Benedikt Huber,0.5802275571149103,0.5855
Benik Agasarov,0.3380043217868499,0.2542
Benjamin Bok,0.12247518731984766,0.0586
Benny Aizenberg,0.7633912972923522,0.8089
Bernardo Vainzoff Sztokbant,0.25269126963434774,0.1603
Bharath Subramaniyam.H Harishankkar,0.8673306850111308,0.9176
Bianka Havanecz,0.6572548025989785,0.6839
Bibisara Assaubayeva,0.5320822427208778,0.5165
BikingBrian,0.544058413046088,0.5351
Bilel Bellahcene,0.08988994858943904,0.0323
Bintang Rasyid,0.38838939106699505,0.3154
Björn Andersson,0.7315993303833599,0.7685
Blanka Ejsymont,0.6642132552522176,0.692
Blaz Bratovic,0.5553019489471898,0.5514
Blazej Grot,0.6911869338585288,0.7239
BobbyFischer1508,0.6861971281325283,0.7184
Bobur Sattarov,0.3838289889155241,0.3098
Bogdan Belyakov,0.22597939458407196,0.1328
Bogdan Daniel Deac,0.07433124415514937,0.0234
Bogusz Piliczewski,0.5225406792829322,0.5013
Bojan Maksimović,0.23307520492979306,0.1388
Bojan Todorovic,0.4942260895667154,0.4549
Boris Bruned,0.526138056362423,0.5061
Boris Ferrufino,0.8334852733318497,0.8898
Boris Grachev,0.034164757355474494,0.0078
Boris Savchenko,0.8449534024770411,0.8998
Boris Stankovic,0.88414284829009,0.9343
Bovie Mei Liu,0.7714275603057967,0.8237
BozeKat,0.6462324584063437,0.6694
Brahian Diaz Herquinio,0.6850267091419207,0.7158
Brandon Jacobson,0.24116328225114966,0.1462
Brett Passen,0.6299018520973283,0.6538
Brewington Hardaway,0.6363347692551082,0.6579
Bruno André Leite Martins,0.3566267193503054,0.2779
Bruno Morado Rodrigues,0.5409622786791999,0.5306
Bryan Enming Lin,0.3977782234941564,0.3254
Bryan Weisz,0.8321155501473647,0.8883
Bryan Xie,0.7069064392679587,0.738
Bulat Mirzanurov,0.8497056344878688,0.902
Burak Firat,0.6256668426878362,0.649
Burak Ozalp,0.5996772509246936,0.6152
Buyankhishig Batpelden,0.7426301792900978,0.784
Byambaa Uyanga,0.8238320187977102,0.8824
CAMPO ELIAS GUZMAN,0.5878423892307307,0.5974
Caio Poeta,0.604968687676413,0.6226
Caleb Levi,0.2869610362807048,0.1941
Calin Gheorghiu,0.7232419116577108,0.7603
Camilo Corredor Castellanos,0.5312524864130213,0.5143
Carles Martín Barceló,0.255546792441708,0.1629
Carlos Alberto Gallegos Diaz,0.32852981084028327,0.2456
Carlos Alvarado,0.5195734795114586,0.4961
Carlos Andres Obregón,0.7556935975521342,0.8011
Carlos Andres Perdomo,0.47446719352500677,0.4271
Carlos Daniel Albornoz Cabrera,0.3949254713322317,0.3224
Carlos Eduardo Cardozo Munar,0.49851746251424006,0.4657
Carlos Martins,0.7703247372883719,0.8204
Carlos Morales,0.7676525646604986,0.8167
CarlosjPineror,0.25110021179188474,0.1588
Casper Liu,0.7463438643177907,0.7896
Cedric Chassard,0.2246861442630717,0.1314
Cem Kaan Gokerkan,0.3270766404713331,0.2438
Cengiz Hasman,0.8881681078643116,0.9384
Cervantes Landeiro Thalia,0.7999148151835765,0.856
Cesar Ugarte,0.5257367705962371,0.5058
Chamal Gedgaf,0.5976966374426583,0.6126
Chanchal Kumer Ghosh,0.8626673118760312,0.9143
Charles Storey,0.24571948758540224,0.1525
Chelsie Monica Ignesias Sihite,0.9086415127030518,0.9562
Cherry Ann Mejia,0.09760253744671836,0.0382
Chesswizard_2007,0.6037717072937558,0.6215
ChessyInstinct,0.42132423260198343,0.3558
Chris Baker,0.4407885054607396,0.3803
Chris L Chambers,0.5160322690604048,0.4905
Christian Almeida do Nascimento,0.5253343853697783,0.5054
Christian Gian Karlo Arca,0.5674969902889387,0.5681
Christian Koepke,0.4655904210643359,0.4141
Christian Polster,0.6465130602115133,0.6698
Christian Silvestre,0.5055360760285154,0.4735
Christian Stevens,0.0633912165404831,0.0182
Christiansen Sava,0.4626718872516243,0.41
Christof Sielecki,0.06478175900540897,0.0186
Christopher Chabris,0.6827263601147541,0.715
Christopher Guzman,0.7637452290094935,0.8108
Christopher Pace,0.5925565444783945,0.6033
Christopher Woojin Yoo,0.11647027510430133,0.0512
Christos Krallis,0.392798344438307,0.3199
Cindy Qiao,0.869524876806808,0.9199
Claudius Gottstein,0.19613423953420464,0.1065
Clemens Rietze,0.8971025175288313,0.9473
Clement Cristian Daianu,0.6759865841017311,0.7065
Coachpoker,0.6892050743481395,0.7213
Collin Colbow,0.28993956831933787,0.1967
Colombiano07,0.4012992155295949,0.3291
Conrad Holt,0.1376691250812464,0.066
Conrad Thake,0.7210471354459331,0.7577
Cptn2,0.6059344582505609,0.6237
Craig Clawitter,0.524728650792002,0.5035
Cristhian Montero,0.2244353788375785,0.131
Cristhian Portal,0.8175971650067029,0.8753
Cristi Machidon,0.1711081581004435,0.0883
Cristian Adrian Dolezal,0.4205792638363956,0.3551
Cristian Robledo,0.648954464806349,0.6738
Cristian Sanhueza,0.22565139337965667,0.1321
Cristian Silva Lucena,0.508746408000091,0.4776
Cristiano G Souza,0.6542991101941709,0.6805
Cristobal Henriquez,0.5168390806061326,0.4913
Cumali Unver,0.15783797453748066,0.0776
Cyrielle Monpeurt,0.9149192108882571,0.9625
César Augusto Blanco Gramajo,0.3611889503765187,0.2831
Dachey Lin,0.8129352006890631,0.8724
Dalton Perrine,0.3467632116132056,0.2668
Damian Lewtak,0.2051867345909585,0.1139
Damian Śliwicki,0.8549823886433323,0.9061
Damir Ismagilov,0.2962893689693203,0.2059
Dan Herman,0.3709215022692045,0.2935
Dan Shapiro,0.6215945287350843,0.6442
Dana Tuleyeva-Aketayeva,0.4019794688433679,0.331
Daniel Aguiar De Sousa,0.6853888078397143,0.7165
Daniel Barria,0.3894005664369109,0.3169
Daniel Beniosev,0.8529473945676435,0.9046
Daniel Centron Antuna,0.49487544578508613,0.4571
Daniel Chan,0.97782044230521,0.9981
Daniel Cremisi,0.45525657687560345,0.4004
Daniel Dardha,0.5509768792944763,0.5451
Daniel Garcia Ramos,0.4154329684197126,0.3484
Daniel Girsh,0.8048152966790505,0.8605
Daniel Gormally,0.39385423860787727,0.3206
Daniel Gutiérrez Olivares,0.8068503313859834,0.8646
Daniel Kopylov,0.2172062856384939,0.1254
Daniel Marcolino,0.4772009201587169,0.4308
Daniel Melamed,0.08491208305952103,0.0301
Daniel Naroditsky,0.2908164627372674,0.1981
Daniel Pinto,0.11376890678519516,0.049
Daniel Rangel,0.8544369755254582,0.9058
Daniel Ser,0.8266698310783452,0.8846
Daniel Taboas Rodriguez,0.1234495595441322,0.0594
Daniel Tabuenca Mendataurigoitia,0.4630716937707887,0.4108
Daniel Teidi Awoki,0.1758253335044923,0.0909
Daniel Titichoca Daza,0.9491569241551158,0.9878
Daniel Yedidia,0.23544322853640173,0.1403
Daniil Dubov,0.20296361720583636,0.1124
Daniil Lintchevski,0.0244261523279753,0.003
Daniil Manelyuk,0.8583723001038855,0.9091
Daniil Plyasunov,0.40479315564717505,0.3351
Danila Bilan,0.14720766547997816,0.072
Danila Poliannikov,0.19605688440260557,0.1061
Dantelle Joubert,0.3888617831240532,0.3158
Danyyil Dvirnyy,0.1693390859274635,0.0861
Daouda Ethmane,0.6883572796252081,0.7195
Daria Yurasova,0.4861363493692982,0.4423
Daria Zaichenko,0.811408638771774,0.8686
Darius Viškelis,0.2586740601587443,0.1666
Dariusz Bieliński,0.22844140167139373,0.1343
Dariusz Swiercz,0.03049515301425513,0.0059
Darko R Mitrovic,0.28492942455171577,0.1911
Darvi Abraham Crispin Ferreras,0.44092455622881593,0.3807
Dashgyn Ibadov,0.5759741234137966,0.5818
Davi Sulzbacher,0.46635697178104685,0.4148
David Alexandru,0.6910224183698694,0.7228
David Anton Guijarro,0.29551686637896135,0.2048
David Bernat,0.36436542582670484,0.2872
David Blanco Diez,0.32460468885586496,0.2408
David Brodsky,0.5022976023956937,0.4679
David Gasparyan,0.8838355381112726,0.934
David Gavrilescu,0.8507939170341509,0.9028
David George Samir,0.9100955390269618,0.9577
David Gorodetzky,0.43190317374803777,0.3692
David Haydon,0.7334550445878824,0.7703
David Howell,0.17370886508308375,0.0902
David Kalashian,0.1806690890252021,0.0946
David Levine,0.38543688117881825,0.3124
David Martinez,0.41876002067334817,0.3518
David Navara,0.01526970346785248,0.0004
David Okike,0.8577839394527592,0.9083
David Paravyan,0.0545077794027502,0.0156
David Rodríguez López,0.14368943041169432,0.0698
David Sh. Gevorgyan,0.8134941833547493,0.8731
David Shapiro,0.16190696565503615,0.0801
David Temirkanov,0.5649883826095539,0.5629
David Torres Domínguez,0.31953359037581885,0.2371
David Zakarian,0.4421114642327687,0.3818
David Zhurbinsky,0.955341853304664,0.9907
Davis Zong,0.5079068652516516,0.4764
Dawid Czerw,0.8397799364298011,0.8961
Dawid Janaszak,0.8758510285366621,0.9265
Dawid Niekraś,0.2235161827967424,0.1295
De Silva L.M.S.T,0.889468855700599,0.9403
Deepak Aaron,0.9335275712639101,0.977
Deepweb2020,0.6293013929142928,0.6534
Dejan Djordjevic,0.8119724506441418,0.8705
Dejan Jakovljevic,0.5721213604049331,0.577
Dejan Tasev,0.8099930858137517,0.8672
Denes Boros,0.446446997137058,0.3896
Deniel Causo,0.5454848180911,0.538
Deniel Safarov,0.9569283017323904,0.9915
Denis Garrido,0.6512020745519805,0.6776
Denis Khismatullin,0.21587560216471768,0.1247
Denis Kovalev,0.25865853612504147,0.1662
Denis Kozlov,0.10572662356541887,0.043
Denis Lazavik,0.15334473724560646,0.0742
Denis Makhnev,0.3680120387372823,0.2913
Denis Pershin,0.7660971495624926,0.8145
Deniz Arman,0.2427486809310488,0.1495
Dennis Wagner,0.2971357080784484,0.2074
Derek Wu,0.6224255861348663,0.6456
Derlei Alex Florianovitz,0.6161158827552847,0.6375
Dev Shah,0.409117917059167,0.3399
Devina Devagharan,0.8698223137157475,0.9206
Devindya Oshini Gunawardhana,0.922224912857392,0.9681
Dewar B. Feliz Dotel,0.47781634922711785,0.4323
Deysi Cori,0.5679499308533623,0.5692
Diana Mirza,0.6285951310561968,0.6531
Diana Preobrazhenskaya,0.912579460795944,0.9603
Diego Adla,0.09164761363814437,0.0341
Diego Berardino,0.570452116296724,0.5737
Diego Carbone,0.4279515119299025,0.3618
Diego Flores Quillas,0.3844203384050101,0.3109
Diego Garcia,0.9339443372145542,0.9781
Diego Zilleruelo,0.7079796692762341,0.7406
Dila Baloglu,0.7833667611760398,0.8375
Dimitar Mardov,0.6421473169469025,0.666
Dimitrios Vazelakis,0.62846713301816,0.6527
Dimitris Alexakis,0.11356617702480509,0.0486
Dimitris Makridis,0.614874969239182,0.6356
Dina Belenkaya,0.7380226311965986,0.7774
Dinara Wagner,0.6702656216757215,0.6994
Dinesh Rajan M,0.5075891694957042,0.4757
Diogo Duarte Guimaraes,0.17733250607215567,0.0917
Dion Krivenko,0.24573265875250533,0.1529
Dion Su,0.8032062584647764,0.859
Dirk Troltenier,0.21571486908197968,0.1243
Djuro Skaric,0.8341586120809806,0.8913
Dmitrii Marcziter,0.5802421183078341,0.5859
Dmitrij Kollars,0.2403762584235028,0.1455
Dmitrij Skurikhin,0.540566902824694,0.5299
Dmitriy Bocharov,0.5859664647266344,0.5948
Dmitriy Kushko,0.2733353606175825,0.1822
Dmitry Andreikin,0.07767058444779881,0.0252
Dmitry Frolyanov,0.3825718582426715,0.3083
Dmitry Gordievsky,0.4282158747571837,0.3625
Dmitry Gurevich,0.08669234690896241,0.0315
Dmitry Kirillov,0.5403726058881176,0.5295
Dmitry Kononenko,0.42511626501529565,0.3584
Dmitry Kryakvin,0.08490143775917036,0.0297
Dmitry MIschuk,0.0825779119638529,0.0286
Dmitry Maximov,0.9713819581042017,0.9952
Dmitry Minko,0.6068066120557674,0.6252
Dmitry Petukhov,0.4612214354632357,0.4078
Dmitry Ponomarev,0.34366661592724723,0.2623
Dmitry Rostovtsev,0.12089287061897239,0.0564
Dmitry Semenenko,0.5288449791595724,0.5113
Dmitry Sumaneev,0.1571910056150599,0.0772
Dmitry Tatarinov,0.6541218485304503,0.6798
Dmitry Vyatkin,0.7580377007419596,0.8041
Dmitry Zacurdajev,0.6012637577444353,0.6186
Dmitry Zenin,0.3487315492317178,0.2686
Dobre Claudiu Cristian,0.17142352825062357,0.0887
Dolzhykova Kateryna,0.5213103928629698,0.4991
Domantas Klimciauskas,0.3633403500271749,0.2857
Dominick Orzech,0.5590790454490976,0.5555
Dominik Horvath,0.7804735264039475,0.8341
Dominik Marczuk,0.781594051231037,0.8356
Dominique Myers,0.8883136136507067,0.9391
Donát Daróczi,0.877183838177045,0.928
Dorian Kang,0.825827543380029,0.8839
DrMamaliga,0.6268914605803467,0.6508
Dragan Popadic,0.7719700897043127,0.8245
Dragomirescu Robin,0.16281054311907722,0.0816
Dragos Ceres,0.5525222898144424,0.5473
Duc Minh Lai,0.7763836849513606,0.8297
Dumitru-Daniel Dinu,0.6700889382228121,0.6991
Dushyant Sharma,0.7032479989553088,0.7351
Dávid Haszon De,0.2954415851399251,0.2045
EREBUNI91,0.32042850005289925,0.2378
Edgar Hayrapetyan,0.7106036600829525,0.7443
Edgard Vinicius Zanette,0.20100451388107352,0.1113
Edgardo J. Almedina Ortiz,0.4484748888362334,0.3911
Ediz Gürel,0.9704614583779098,0.9948
Edmund C Player,0.46215779892458075,0.4082
Eduard Ashiev,0.5840771899638184,0.5933
Eduard Kanter,0.2535157305120793,0.1607
Eduardo Barbosa Mesquita,0.9609052854088551,0.9926
Eduardo Iturrizaga Bonelli,0.7440929384705182,0.7866
Eduardo Marra,0.5697965854945533,0.5729
Eduardo Mendez Fortes,0.9243531375427114,0.9703
Eduardo Muzzi,0.6635309325174511,0.6902
Eduardo Peralta,0.5658708990229326,0.5644
Edvin Trost,0.4888692549345663,0.4464
Eelke De Boer,0.7941022652508689,0.8494
Eesha Karavade,0.2807017109972858,0.1863
Egor Baskakov,0.9048778906854487,0.9536
Egor Bykov,0.4062049835709064,0.338
Egor Koshulyan,0.9524465648725149,0.9892
Egor Kurchenko,0.9260254013744442,0.9722
Egor Lashkin,0.5315911607049963,0.5147
Eivind Grunt Kreken,0.7023710151724835,0.734
Ekaterina Borisova,0.21829304745581907,0.1265
Ekaterina Goltseva,0.41048165027190253,0.3421
Ekaterina Miroshnik,0.9202304694397375,0.9666
Ekaterini Pavlidou,0.6872333082197871,0.7191
Eldiar Orozbaev,0.6090485207220837,0.6289
Elham Amar,0.38032892542275637,0.3072
Elijah Logozar,0.9172323212668655,0.964
Eline Roebers,0.9361817512431978,0.9803
Elis Denele Dicen,0.8399044297149146,0.8965
Elliott Winslow,0.47411182903784227,0.426
Elnaz Kaliakhmet,0.7603966758015979,0.8063
Elnur Aliyev,0.2720026880123186,0.1807
Eltaj Safarli,0.019116527252456963,0.0015
Elvin Wilson,0.5987936794784362,0.613
Emanuel Vaglio,0.7396063272281792,0.7796
Emerson Veiga,0.9127285656484208,0.9607
Emilia Dyalog,0.7013680810302623,0.7306
Emilia Sprzęczka,0.9122408111646783,0.9596
Emilia Zavivaeva,0.7023646801018547,0.7336
Emilio Cordova,0.29088056942336216,0.1985
Emilio Hernandez,0.5496348738586615,0.544
Emin Ohanyan,0.31257749707835975,0.2275
Emre Mecit,0.17290751119424774,0.0894
Enes Tanriverdi,0.44724461950151906,0.3907
Enkhrii Enkh-Amgalan,0.5701284052764908,0.5733
Enrico Vianello,0.5250937820816375,0.505
Enrique Butti,0.5932979068307018,0.6045
Enrique Fernando Asensio Ramos,0.3343014067594216,0.2516
Enrique Fonseca Manrique,0.7200555202164184,0.7562
Enrique Tejedor Fuente,0.372494508966131,0.2961
Enzo Federzoni,0.7986711006405938,0.8542
Enzo Ferrara,0.7764484276705939,0.8301
Eray Kilic,0.5149425592574158,0.4876
Erez Kupervaser,0.526820920365409,0.5076
Eric Hansen,0.4874370265209073,0.4445
Eric Hon,0.4018740273272905,0.3302
Eric Liu,0.7898773251925367,0.8445
Eric Rosen,0.2468112984117921,0.1544
Erick Zhao,0.9388070922437596,0.9822
Erik Blomqvist,0.6051044383381043,0.623
Erik Golubovic,0.2997605996612867,0.2122
Erik Rönkä,0.9303075050054217,0.9751
Erik van den Dikkenberg,0.9052448541028324,0.9544
Ermes Espinosa Veloz,0.6803257015532079,0.7102
Ernesto Javier Fernandez Guillen,0.752567536542908,0.7963
Ernesto Real de  Azua,0.06752248911569786,0.0197
Ervin Ozkan,0.21307365597991748,0.1224
Erzhan Zhakshylykov,0.3422170200795521,0.2601
Esper Van Baar,0.1429210762780159,0.0686
Ethan Saya,0.12230954637036244,0.0583
Ethan Sheehan,0.03673801389666389,0.0085
Etienne Bacrot,0.20100091048946572,0.1109
Ettore Stromboli,0.49243153966298864,0.4508
Eugene Yanayt,0.8638073690341805,0.9147
Eugenia Karas,0.5618419347332247,0.5596
Evan Ai,0.3630104824621435,0.2853
Evan Rabin,0.3589710931324269,0.2809
Evan S. Rosenberg,0.3017790912009127,0.2148
Evandro Amorim Barbosa,0.6944536659436855,0.7269
Evelina Zavivaeva,0.5141409722222223,0.4857
Evgeni Krasilnikov,0.38440430635819334,0.3106
Evgenij Kretov,0.8582433198200159,0.9087
Evgenij Novikov,0.7293375768685857,0.7651
Evgenij Shuvalov,0.45147082965819585,0.3967
Evgenios Ioannidis,0.11115608258845408,0.0464
Evgeniy Najer,0.4770333984087034,0.4304
Evgeniya Doluhanova,0.4124825180220307,0.3443
Evgeny Alekseev,0.18436588176699925,0.0976
Evgeny Degtiarev,0.1637007788791826,0.082
Evgeny Egorov,0.5750658370451688,0.5811
Evgeny Ermolaev,0.24141872069890097,0.1469
Evgeny Melikhov,0.1176673813762605,0.0531
Evgeny Postny,0.3764746052143924,0.302
Evsuld Myagmarsuren,0.7812696480517497,0.8349
Ewa Barwinska,0.7316522455056607,0.7688
Eyal Noy,0.5052354721722091,0.4731
Eytan Rozen,0.6104653439134502,0.6304
FAUSTO CASTELLA GARCIA,0.28699273895138233,0.1944
Fabian Fiorito,0.8835039146193374,0.9332
Fabian Vivas,0.4219350208392304,0.3562
Fabiano Caruana,0.45002837732193485,0.3948
Fabio Colonetti,0.47580497165011615,0.4282
Facundo Vazquez,0.48562150373667395,0.4416
Farid Mustafayev,0.6354908204002262,0.6571
Farid Orujov,0.49813356767323624,0.4631
Farzad Bolourchifard,0.31759213136763176,0.2349
Faustino Oro,0.8991169059994426,0.9495
Federico Perez Ponsa,0.22691364998478783,0.134
Federico Sellitti,0.5902086903387873,0.6007
Felix Hindermann,0.49294549893058653,0.4519
Felix Ilinca,0.8379642526345507,0.8942
Felix Kuznetsov,0.9715651843775301,0.9955
Felix Meissner,0.4140994463331101,0.3466
Felix Rose,0.45083617670225495,0.3955
Ferenc Jr. Gombocz,0.6818182164162536,0.7135
Fernando Bolaños Soza,0.6069477156547809,0.6256
Fernando Broca,0.36901366243220346,0.292
Fernando Díaz,0.7714202336298919,0.823
Fernando López Gracia,0.4609558805724762,0.4063
Fernando Mata,0.8762378420554906,0.9276
Fernando Valenzuela,0.9092915474022562,0.957
Fidel Corrales Jimenez,0.5389933068448477,0.5262
Filip Boe Olsen,0.2667519332860671,0.1748
Filip Dowgird,0.3146751809317185,0.2312
Filip Haring,0.25125304698729833,0.1592
Filip Ochedzan,0.35645340429019556,0.2776
Flavio Wisniacki,0.24921216894653164,0.157
Florescu Codrut Constantin,0.636468825727613,0.6586
Florian Gatterer,0.3380518646537024,0.2545
Florian Jenni,0.1332929841351878,0.0638
Floryan Eugene,0.9252031289796442,0.9711
Flávio Bezerra,0.41355342978676185,0.3447
Francesco Bettalli,0.668781103088878,0.6976
Francesco Sonis,0.7701778367035764,0.82
Francisco Ferrari Pironti,0.6913392095763613,0.7243
Francisco Fiorito,0.5289050481338876,0.5117
Francisco Javier Muñoz,0.5342890935972772,0.5206
Francisco Orantes Taboada,0.21884907897500133,0.1273
Francisco Silva Gonzalez,0.5234558177988515,0.5028
Franciszek Sernecki,0.18716293995126038,0.0994
Franck Steenbekkers,0.7131841151188949,0.7488
Franco Manteiga,0.37112585694725714,0.2942
Frank Buchenau,0.14018374603872455,0.0668
Frankie Badacsonyi,0.15913798069473573,0.0783
Frederick Waldhausen Gordon,0.390253152879087,0.318
Frederico Matsuura,0.2006845536881941,0.1106
Frederik Svane,0.33293453779066956,0.2482
Frode Elsness,0.7526469707364394,0.797
Fruzsina Szente-Varga,0.9421321552086027,0.9837
Fy Antenaina Rakotomaharo,0.5433524754645727,0.5325
GERARDO MARIN,0.5285270109740595,0.5106
GIRINATH PDS,0.5324311156423096,0.5169
Gabor Nagy,0.9554153179861633,0.9911
Gabriel Carckeno Do Carmo,0.7170256851387513,0.754
Gabriel Gonzaga Garcia,0.3054778382733212,0.2171
Gabriel Gähwiler,0.2063850755331817,0.1161
Gabriel Lenoir,0.5836735499312076,0.5918
Gabriel Petesch,0.6640634964810187,0.6917
Gabriel Voiteanu,0.32230957725504983,0.2393
Gahan MG,0.08175251442568496,0.0278
Gaioz Nigalidze,0.4296263405856749,0.3666
Galina Novikova,0.9833856434212939,0.9996
Gara Balajaev,0.5239036026426824,0.5032
Garnik Nersesyan,0.24457420437011268,0.1514
Garrett Smith,0.537864625277631,0.5243
Garv Gaur,0.7485750729250596,0.7922
Gary Leschinsky,0.5816951287321105,0.5885
Gasan Guliev,0.24922992067833957,0.1573
Gastón Martin,0.7185692912964843,0.7555
Gata Kamsky,0.0270262943680765,0.0048
Gaurang Bagwe,0.8589961745569387,0.9106
Gawain Maroroa Jones,0.26545613382385663,0.1733
Gellert Karacsonyi,0.48458977884245735,0.4393
Gennady Kozlov,0.6555568399705268,0.6816
Geordie Derraugh,0.7241933515695702,0.761
Georg Seul,0.4533334110856937,0.3981
Georg Von Buelow,0.5483425764542583,0.5417
George Danzer,0.635316668858059,0.6568
George Stoleriu,0.18046586502830436,0.0942
Georgi Orlov,0.2368566773283975,0.1421
Georgijs Germanovs,0.5721409838430318,0.5774
Georgios Alexandros Kouskoutis,0.18510515689632642,0.098
Georgios Kanakaris,0.06998601993800611,0.0208
Georgios Souleidis,0.42202283049221895,0.357
Gerardo Antonio Gracia Alvarez,0.2617804075724457,0.1703
Gerardo Fernandez,0.5073211910219619,0.475
Gergana Peycheva,0.8422590211355587,0.8983
German Bazeev,0.026268455795946593,0.0045
German Spata,0.10314848076867285,0.0404
Germán Della Morte,0.7696867178052746,0.8186
Gerodot71,0.7797942233759272,0.8327
Gerson Príncipe,0.4241145957840525,0.3581
Gevorg Harutjunyan,0.15231376715701883,0.0738
Gianmarco Leiva,0.11186339267116074,0.0471
Giannis Kalogeris,0.7314422452509876,0.7673
Giga Quparadze,0.3493439453228441,0.2694
Gil Popilski,0.3265970541245206,0.243
Gilbert Elroy Tarigan,0.02613024380181909,0.0037
Giorgio Belli,0.39392364819358205,0.3213
Giovanna Arbunic Castro,0.7391344104343982,0.7788
Giovanni B Tavares Da Silva,0.5488939846038758,0.5429
Giovanni Marchesich,0.6753540380339647,0.7058
Girish Koushik,0.12146073021802536,0.0575
Gisela Roque Sola,0.4740087096626178,0.4256
Giulia Sala,0.8066171272578384,0.8642
Gizem Olcayoz,0.6173000125098358,0.6386
Glaucio Cella,0.3705191643303648,0.2931
Gleb Dudin,0.6590128190656512,0.6857
Glek_Igor,0.49182365908600206,0.4501
Gloomy_Wanderer,0.24478628270539377,0.1518
Gnel Melikyan,0.0900534044224531,0.033
Goltsev Dmitry,0.31031070128589133,0.2241
Gonzalo Navarrete,0.6860638356035851,0.7176
Graham Horobetz,0.41038963732477496,0.3417
Grayson Rorrer,0.8161301565516019,0.875
Greg Shahade,0.33518264219303695,0.2523
Grigor Dilanyan,0.8133748640503308,0.8727
Grigor Grigorov,0.06536468154035524,0.0189
Grigoriy Oparin,0.2903087519869709,0.197
Grigoriy Sharankov,0.1036063795907612,0.0412
Grigory Seletsky,0.4497813543173782,0.3941
Grzegorz Kopacz,0.746411773367266,0.79
Grzegorz Nasuta,0.14242259611865787,0.0683
Grzegorz Toczek,0.5271892916330746,0.5091
Guadalupe Montano Vicente,0.2408289733258374,0.1458
Guerau Masague Artero,0.29463395896751354,0.2026
Guillermo Baches Garcia,0.4103828691731299,0.3414
Guillermo José Llanos,0.7067962304582526,0.7377
Gukesh D,0.7864412647027031,0.8397
Guliskhan Nakhbayeva,0.38937374489147214,0.3165
Gulrukhbegim Tokhirjonova,0.8252119505657578,0.8831
Gumersindo Fernandez Garcia,0.44027546258134986,0.3792
Gunay Mammadzada,0.8861884706500043,0.9373
Gunnar Lund,0.539655033256927,0.5284
Gustavo Eduardo Nunez V,0.6176756575683676,0.6397
Gustavo Horokoski De Souza,0.600563255790691,0.6171
Gyula Pap,0.026209550141859394,0.0041
HRVOJE FAJDETIĆ,0.5082484463994561,0.4768
Haik Martirosyan,0.30733175484115516,0.2204
Hajiyev Kanan,0.1592432902288354,0.0787
Halldor Gretar Einarsson,0.6575406356413754,0.6846
Halsagar Chincholimath,0.6208639861150167,0.643
Hamed Wafa,0.29575548820875047,0.2052
Hamidreza Ebrahimi Herab,0.7051007646982956,0.7362
Hampus Sorensen,0.4029343071748562,0.3328
Han Schut,0.34468845312352225,0.2638
Hanna Wesołowska,0.7140937950355598,0.7503
Hans Niemann,0.13564162543661556,0.0649
Haowen Xue,0.042770897340717595,0.0108
Harald Schmidt,0.2557665620369215,0.164
Harika Dronavalli,0.10214496470993781,0.0401
Harold Wanyama,0.6083962968274024,0.6278
Harry Cun,0.7448425101046445,0.7878
Harry Grieve,0.5947947807014966,0.6063
Harsha Bharathakoti,0.12716672187989264,0.0605
Harshavardhan GB,0.520820545015776,0.4987
Harshin Reddy Jagirapu,0.6606004896144512,0.6872
Hasan Atis,0.6051338962788129,0.6234
Havard Haug,0.24616037500260024,0.154
Hayk Yeritsyan,0.19164414972862887,0.1039
HeartAblaze,0.18794433643672248,0.0998
Heinz Georg,0.5394470408069196,0.5269
Henning Holinka,0.8115107170133914,0.8694
Henrik Cernov,0.830017803586283,0.8868
Henrique Barbosa Veloso,0.6259451051782341,0.6494
Henrique M A Albergaria Paiva,0.8525524157286117,0.9039
Henry Deng,0.7330170729680835,0.7699
Henry Roger Lopez,0.5663035999190332,0.5655
Henryk Seifert,0.24136681927232112,0.1466
Hernan Ramon Filgueira,0.6372227957633866,0.6601
Hikaru Nakamura,0.3212749622154099,0.2382
Hoang Thi Bao Tram,0.9344256251695343,0.9785
Hong Anh Nguyen,0.503030916810115,0.4694
Hovik Hayrapetyan,0.34488950238581445,0.2642
Hrant Melkumyan,0.16610316150013657,0.0839
Hubert Zieba,0.24767888418087036,0.1551
Hugo Guillemette,0.7107149353998807,0.7447
Hugo Wernberg,0.21117718243692427,0.1206
Hui Li,0.07718371779772573,0.0249
Humberto L. Blanco Ronquillo,0.27309752799764886,0.1818
Huseyin Said Deveci,0.7728257381779281,0.826
Héctor Elissalt Cardenas,0.33348440738292995,0.2497
IULIAN NECULA,0.7485938746220714,0.7926
Ian Dzhumagaliev,0.37952004392459315,0.3061
Ian Harris,0.7520652029918891,0.7952
Ian Nepomniachtchi,0.5111687108615369,0.482
Ian Ocampos,0.6644782752891659,0.6924
Ieuan Ward,0.5539619985550737,0.5481
Ignacio Gago,0.8080976559932769,0.8653
Ignacio Sainz Aguirre,0.36628135658227345,0.2891
Igor Bjelobrk,0.15014741779703916,0.0735
Igor Da Paz Palácio,0.25925469495142106,0.1673
Igor Gulkov,0.08133210913979663,0.0275
Igor Janik,0.266819376758349,0.1755
Igor Kovalenko,0.30296458000119514,0.216
Igor L. Vakhlamov,0.1349714176626939,0.0642
Igor Lutz,0.5822767657259795,0.5904
Igor Lysyj,0.04022703106321307,0.0093
Igor Miladinovic,0.5168953175904215,0.4917
Igor Vershinin,0.8312186071358422,0.8876
Igor Wilk,0.30318855587785254,0.2167
Ihor Samunenkov,0.3129890944405615,0.2286
Ihor Vypkhaniuk,0.0861903737199292,0.0304
Ilamparthi A R,0.9871618060288265,1.0
Ilan Schnaider,0.8842527638396864,0.9347
Ilan Vardi,0.6517687386815245,0.6783
Ildar Idrisov,0.5337164256702029,0.5195
Ilija Stanojevic,0.5823545011857716,0.5907
Ilja Biriukov,0.8467552700816932,0.9009
Ilja Haitin,0.29842169066985186,0.2096
Ilja Sirosh,0.22403902423058603,0.1306
Iljya Grigorjev,0.4730667465856534,0.4237
Ilya Gruzman,0.5555361522852188,0.5518
Ilya Gutkin,0.08054249874677348,0.0267
Ilya Khakhinov,0.44480469629919933,0.387
Ilyass Msellek,0.930270223633417,0.9748
In Hei Henry Ho,0.7119504684709471,0.7481
In Vau,0.6162311316506315,0.6378
Inayat Bolat,0.9335893310436214,0.9774
Ind1anStar-inactive,0.8553137182055048,0.9069
IndianGrandmaster13,0.48822833341133826,0.446
Indy Southcott-Moyers,0.20641484037318594,0.1165
Inigo Riveiro,0.2990101027548976,0.2104
Iniyan P,0.5266366416214725,0.5069
Ioan Rees,0.20478336263266445,0.1135
Irene Sukandar,0.7996573799045691,0.8553
Irina Bulmaga,0.7457133641503024,0.7892
Irina Mikhaylova,0.07276210970335521,0.0219
Irina Petrova,0.7181576212651033,0.7547
Isaac Chiu,0.6513784509666081,0.6779
Isaak Parpiev,0.6033484570068539,0.6212
Isabelle Tamarozi,0.4992422418733689,0.4664
Isak Storme,0.5024213714527599,0.4686
Isaque Goncalves Santos,0.5730990632462796,0.5785
Ishvi Aggarwal,0.7158794483068742,0.7521
Ismael Gimenez,0.9375910937756021,0.9814
Ismayil Shahaliyev,0.13834928910023497,0.0664
Israel Caspi,0.385774981583419,0.3128
Isuru Alahakoon,0.47589743548660557,0.4286
Italo Romero,0.7635644447787362,0.8096
Itay Sitbon,0.4259873923952502,0.3596
Itgelt Khuyagtsogt,0.04568189645025668,0.0122
Iulian-Ioan Taras,0.3801453344326805,0.3069
Iung Alicio de O. Pinheiro,0.7560129816904799,0.8019
Ivan Aldokhin,0.6180065980750846,0.6404
Ivan Andrade,0.7346845988884306,0.7722
Ivan Ivanisevic,0.357400622287601,0.2783
Ivan Kalajzic,0.3850714505785285,0.3121
Ivan Kochiev,0.7936883965175034,0.8486
Ivan Krylov,0.5147929133215581,0.4872
Ivan Kubatko,0.272700838929918,0.1811
Ivan Martic,0.5434946739898951,0.5332
Ivan Mezentsev,0.6078686160170697,0.6271
Ivan Paquico Rodriguez,0.5268234663216015,0.508
Ivan Povshednyi,0.17991313679468454,0.0935
Ivan Provotorov,0.2920470566660059,0.2004
Ivan Stankovic,0.386354756144875,0.3135
Ivan Vihor Krsnik Cohar,0.18954210357153334,0.1017
Ivan Yeletsky,0.16095680937938728,0.0798
Ivan Zemlyanskii,0.5361526936089647,0.5228
Ivashentseva Dominika,0.5617208527743023,0.5592
Iwo Godzwon,0.6584050446985855,0.685
Iwo Karolczuk,0.9466136357763675,0.9866
J,0.7015152217654296,0.7314
Jaan Ehlvest,0.6359950432549739,0.6575
Jacek Stachanczyk,0.6466121257358669,0.6701
Jack Mizzi,0.4997289590066735,0.4668
Jack Rodgers,0.39001045342033536,0.3176
Jacob Dreelinck,0.7678357566013062,0.8171
Jacob Flynn,0.37825639570575764,0.3043
Jacob Templen Grave,0.2209580860960149,0.1291
Jacorey Bynum,0.4817968137195505,0.4367
Jacques Muller Luxama,0.8723830819956181,0.9228
Jaime Rodriguez Santiago,0.8976757243795941,0.9484
Jaime Santos Latasa,0.1104553475462331,0.0453
Jaime Vaglio,0.5620520900966669,0.5599
Jaiveer Mahendru,0.920805598366122,0.967
Jaka Brilej,0.6428127561354652,0.6668
Jake Darmanin,0.7652910143636078,0.8134
Jake Kleiman,0.3970763483004168,0.325
Jake Shanty,0.5798345694475465,0.5848
Jakhongir Vakhidov,0.11060389870951755,0.0456
Jakob Leon Pajeken,0.3650365374611237,0.2879
Jakob Postlmayer,0.1434277359024354,0.069
Jakob Weihrauch,0.4610558208235077,0.4071
Jakub Borawski,0.8995914241117526,0.9499
Jakub Chyży,0.6473671094441978,0.6712
Jakub Fus,0.5197671186012565,0.4968
Jakub Kosakowski,0.8617094703928361,0.9132
Jakub Kusa,0.2526580197733523,0.1599
Jakub Luberanski,0.721844721521359,0.7588
Jakub Pulpan,0.062133377408975246,0.0174
Jakub Seemann,0.7865084608720263,0.8401
Jakub Suder,0.7133555059438272,0.7495
Jaloliddin Ilkhomi,0.24929065523510846,0.1577
James Allen,0.6487627435450015,0.6731
Jan Boder,0.44460647838473155,0.3855
Jan Enrique Zepeda,0.786435893377488,0.8393
Jan Gustafsson,0.0836940757682062,0.0289
Jan Helmer,0.535923024760214,0.5224
Jan Jodilyn Fronda,0.1541414223079552,0.0746
Jan Klimkowski,0.5215587559089679,0.5002
Jan Kokoszczynski,0.43485881596942927,0.3718
Jan Malek,0.43487691196103456,0.3722
Jan Marn,0.5921097715028494,0.6026
Jan Murawski,0.18374108506959122,0.0968
Jan Petr,0.6630940408503299,0.6898
Jan Roebers,0.6015176569331635,0.6189
Jan Subelj,0.2590436168852522,0.167
Jan Zienkiewicz,0.9119573646499004,0.9588
Jan-Krzysztof Duda,0.38928753595421933,0.3161
Jann-Christian Tiarks,0.3676075138406741,0.2898
Jarmo Hartikainen,0.12009817387207662,0.0549
Jaroslav Sobek,0.5139139230037408,0.4853
Jason Morefield,0.8940997999324145,0.9443
Jasper Rom,0.21490156915973008,0.1239
Javier Benitez,0.29704412900666904,0.2071
Javier Buenafé Moya,0.7193481026261129,0.7558
Javier Quispe Santacruz,0.46785076816420856,0.4171
Javier Ruiz Vazquez,0.8649066162026958,0.9158
Javohir Bozorov,0.6061008506448861,0.6245
Javokhir Sindarov,0.03410576122972675,0.0074
Jay Bonin,0.3757646578029509,0.3009
Jean Marco Cruz Mendez,0.8961999738242014,0.9466
Jean Meunier-Pion,0.7792944253271948,0.8323
Jean-Christophe Martine,0.5728175798200422,0.5781
Jeet Jain,0.8193898559654735,0.8772
Jeevan Karamsetty,0.9183179039194354,0.9647
Jeff Quirke,0.4027046344796984,0.3321
Jeffery Xiong,0.23072836949430645,0.1362
Jeffinho023,0.23468896481581622,0.1395
Jemal Ovezdurdyeva,0.7978022184255952,0.8527
Jennifer Perez Rodriguez,0.4769623474838026,0.4293
Jenny Astrid Chirivi Castiblanco,0.11843202165060522,0.0534
Jens Albert Ramsdal,0.5201540741251899,0.498
Jens E Ingebretsen,0.4406534529996954,0.38
Jens Hirneise,0.14173506744977185,0.0679
Jerzy Jesús Perez Leiva,0.6636256040619374,0.6905
Jerzy Slaby,0.1476502988972396,0.0724
Jesper Kjaergaard-Jensen,0.44418766400532556,0.3848
Jesper Lauridsen,0.4508710953986248,0.3959
Jesus Alberto Alcazar Jimenez,0.09244238627490656,0.0349
Jesus Martin Duque,0.6489446037678472,0.6735
Jesús Alberto Coca Cubillos,0.8384711394949186,0.895
Jesús Manuel Vargas Pereda,0.6029015415298888,0.6208
Jia Haoxiang,0.43253630778673513,0.3703
Jiner Zhu,0.5826155796748752,0.5911
Joa Max Bornholdt,0.7979910929995045,0.8538
Joachim Mouhamad,0.4054666227820336,0.3365
Joakim Nilsson,0.6543714771360994,0.6809
Joao Avalos,0.8791634110973984,0.9295
Joao Batista Dias,0.7132199370062102,0.7492
Joaquin Fiorito,0.949695332830237,0.9885
Joaquin Rodrigo Jimenez,0.777455844330962,0.8308
Joey Grochal,0.4697094217476973,0.4189
Johan-Sebastian Christiansen,0.939592897624177,0.9826
Johann Hjartarson,0.7020002172542443,0.7325
John Bartholomew,0.34591596162687127,0.2657
John Curtis,0.19937502927397352,0.1095
John Funderburg,0.5325372470544043,0.5176
John Merriman,0.6047122180231261,0.6223
John S. White,0.8126358022182314,0.8712
Johnathan Bakalchuk,0.8009890168265492,0.8564
Jonah Willow,0.8534087020747675,0.9054
Jonas Bjerre,0.1906328964658163,0.102
Jonas Eilenberg,0.42946600091599185,0.3651
Jonas Gallasch,0.538224131583499,0.525
Jonas Wyss,0.3496177666439862,0.2698
Jonathan Blackburn,0.29903478295600144,0.2108
Jonathan Dourérassou,0.8127616977285224,0.8716
Jonathan Hrach,0.5822638176655943,0.59
Jonathan Pein,0.48546224947783473,0.4401
Jonathan Subervi,0.9348759621247437,0.9788
Jonathan Yedidia,0.6060101948631755,0.6241
Jonny Cueto,0.7786686185523461,0.8315
Jorden Van Foreest,0.1627136895896079,0.0813
Jorge Carlos Antonio,0.37193359272741056,0.295
Jorge Soto Vega,0.5967869949591826,0.6104
Jose A. Hernandez Izquierdo,0.4972023199329353,0.4605
Jose Antonio Garrido Diaz,0.6818348669827288,0.7139
Jose Antonio Herrera Reyes,0.9016507224469574,0.9521
Jose Camacho Collados,0.3529060491153184,0.2742
Jose Esteban Marin Masis,0.6278570439837622,0.6516
Jose Felix Calvo Gonzalez,0.4513681312885748,0.3963
Jose Fernando Cuenca,0.1985109960788697,0.1083
Jose Gabriel Cardoso,0.28048035035668967,0.1859
Jose Garcia Molina,0.7522506758642249,0.7959
Jose Guilherme Barria Santos,0.7422812028303136,0.7826
Jose Javier Gonzalez Castillo,0.5821093469755956,0.5892
Jose Martinez,0.2644835004031078,0.1725
Jose Rafael Gascon,0.22072295347841223,0.1284
Josefine Heinemann,0.4669284787354977,0.416
Josep Lacasa Diaz,0.18605041118319732,0.0987
Josep Ruscalleda,0.7820666713381186,0.836
Joseph Bellissimo,0.9310402092541755,0.9755
Joseph Girel,0.8971066505218266,0.9477
Joseph Levine,0.6268310351888312,0.6505
Joseph Zeltsan,0.7422540855778643,0.7822
Joshua Colas,0.49369826721784615,0.4538
Josue Araujo Sanchez,0.791039654579974,0.8456
José Carlos Ibarra Jerez,0.37162702681375526,0.2946
José Francisco Veiga,0.47415113773416095,0.4263
José Remolar,0.7304992213347452,0.7666
José Renato Ruiz Maranhão,0.495137149514224,0.4575
Jovana Srdanovic,0.7602342471115162,0.8059
Joy Romany,0.49763280955126155,0.4616
JozefKneht,0.7626465541249086,0.8082
Juan Alberto Gomez Aguirre,0.3306092622042076,0.2468
Juan Antonio Urbina Perez,0.23644435962583468,0.1414
Juan Carlos Mesa Cruz,0.4611367885429035,0.4074
Juan Carlos Ricaurte Lopez,0.3399728031445771,0.2579
Juan Cruz Arias,0.8063894490827435,0.8635
Juan David Becerra Morales,0.1781372580256618,0.092
Juan David Lopez Perdomo,0.8048686653696311,0.8609
Juan Fernando Aguilar Novoa,0.32412302567424023,0.2404
Juan Manuel Aranda,0.726873924415625,0.7633
Juan Manuel Garcia Almaguer,0.3952981292408301,0.3228
Juan Pablo Demaría,0.5402779214338315,0.5291
Juan Rottenwohrer Suarez,0.23717178844872455,0.1425
Juan Sebastian,0.7483839599291644,0.7918
Juan Sebastian Melian,0.6226602233073809,0.646
Judah Nathan Levitan,0.6448495772279034,0.6686
Jude Shearsby,0.8340961321540783,0.8909
Jules Moussard,0.49559998579329256,0.4583
Julia Elizabeth Sloan,0.7735388949299852,0.8267
Julia Tsukerman,0.7581301873826772,0.8045
Julian Antonio Rojas Alarcon,0.7205289370502268,0.7566
Julian Colville,0.537249348469504,0.5239
Julian Estrada,0.0461308750821583,0.013
Julien Dubreuil,0.4852096615935042,0.4397
Julio Antonio Hernando Rodrigo,0.45949865846103355,0.4045
Julio Cesar Diaz Rosas,0.8566402908205145,0.9076
Jun Ying Tan,0.8071710270864927,0.8649
Jun Zhao,0.16727455787448736,0.085
Jung Min Seo,0.47336950244230946,0.4245
Junior Tay,0.7257682358231131,0.7618
Justin Blackman,0.9427910373658228,0.984
Justin Chen,0.24178783790483216,0.1484
Justin Liang,0.39398951329464865,0.3217
Justin Sarkar,0.3849258981860364,0.3117
Justin Storm,0.7315511467370625,0.7681
Justo Reinaldo Chemin,0.3383298209591724,0.2553
Jéssica Trindade Hubner,0.7452502706924047,0.7885
József Mátyás Herpai,0.8277976204943636,0.8853
K Priyanka,0.33399608265307396,0.2508
Kaan Kucuksari,0.4283106748337411,0.3633
Kaan Ozcan,0.6593947108747418,0.6865
Kacper Drozdowski,0.29371011213150816,0.2019
Kacper Karwowski,0.09577569518067365,0.0364
Kacper Piorun,0.9005912453925184,0.951
Kacper Polok,0.5604903364354528,0.5577
Kacper Tomaszewski,0.2968467062322124,0.2067
Kacper Ugorek,0.5667921770253297,0.567
Kadir Soria Delgado,0.2862130600373157,0.1922
Kaganskiy Gleb,0.38758634260337727,0.3147
Kaiser Luiz Mafra,0.6645174230180075,0.6928
Kaivalya Sandip Nagare,0.5542672837561942,0.5495
Kalyani Sirin,0.5329562415124126,0.5187
Kamal Aghasiyev,0.26557347888251914,0.1737
Kamil Warchoł,0.40966058470320255,0.341
Kanishka Bhatia,0.8688941690729532,0.9191
Karina Ambartsumova,0.4383884606239433,0.3774
Karina Ivanova,0.3067918873148525,0.2193
Karl Bowden,0.34962981460117515,0.2701
Karl-Emil Elmer Nielsen-Refs,0.6370590822244696,0.659
Karol Kucza,0.2536883670369209,0.161
Karsten Hansch,0.26769398036786013,0.1766
Karsten Schulz,0.12151337929849262,0.0579
Karsten Schuster,0.40596888493465055,0.3377
Karthik Rajaa,0.3420721145020516,0.2597
Karthikeyan Murali,0.31334459135679726,0.2293
Kashish Jain,0.22373773003798955,0.1299
Kaspar Kappeler,0.7771990626363656,0.8304
Katarzyna Dwilewicz,0.31493597003774443,0.2319
Kateryna Lagno,0.44174245353955016,0.3814
Katharina Reinecke,0.672131410779316,0.702
Kaua Marques Silva,0.795315797029901,0.8501
Kavyev_Ruslan,0.40170164289040544,0.3299
Kayden Troff,0.3462885100753414,0.2664
Kazybek Nogerbek,0.2622531422950541,0.1711
Keaton Kiewra,0.39272268371191627,0.3195
Keith Jeffrey Khumalo,0.8421498756257648,0.898
Kelsey Liu,0.6571973519204113,0.6835
Kelvin Sánchez,0.35198170427578707,0.2731
Kemal Bashirov,0.6370957157812199,0.6597
Kemel Antonio Gallo García,0.5228454628307506,0.502
Ken Arnold,0.1911552796669048,0.1032
Kerem Tinmaz,0.14447196685877506,0.0709
Kerry Stead,0.5968547674547675,0.6108
Ketevan Arakhamia-Grant,0.6735407877047914,0.705
Keti Tsatsalashvili,0.8388523803323468,0.8954
Kevin Bordi,0.21597999027745965,0.125
Kevin Chor,0.905389651786298,0.9547
Kevin Cupid,0.6398331363548925,0.6638
Kevin Davidson,0.4330864279815752,0.3711
Kevin George,0.429014121498892,0.3647
Kevin Joel Cori Quispe,0.613091192833519,0.6327
Kevin Noboa Silva,0.4502771762509637,0.3952
Kevin Yang,0.5026823938069446,0.469
Khagan Ahmad,0.19252096531785326,0.1043
Khumoyun Begmuratov,0.6508965126045915,0.6772
Kiborg95,0.45894520404364786,0.4037
Kim Sergey,0.7366372493391407,0.7763
Kim Yew Chan,0.5925982815481389,0.6037
Kingsman132,0.43521857335676134,0.3725
Kiren Vivek Nasta,0.5424883894888028,0.5321
Kirill Alekseenko,0.6112854936949313,0.6308
Kirill Klukin,0.29487976087688533,0.2033
Kirill Kotlyar,0.8942602724098847,0.9447
Kirill Kozionov,0.4053968965345904,0.3362
Kirill Kuderinov,0.6675013915065392,0.6965
Kirk Ghazarian,0.31837760212231403,0.2356
Kjell Petersson,0.8442457824845736,0.8994
Klementy Sychev,0.5490291284122374,0.5432
Klendi Zeneli,0.6726383872289639,0.7028
Kler Çaku,0.7496637292003513,0.7937
Klára Kovács,0.8559179137515516,0.9072
Koen Leenhouts,0.10484914103166751,0.0423
Komal Kishore Pothuri,0.5145454921982553,0.4865
Konstantin Bazarov,0.751637875613349,0.7944
Konstantin Begunov,0.37903407023514923,0.305
Konstantin Borsuk,0.30603221239768674,0.2182
Konstantin Egorov,0.7019560496214333,0.7321
Konstantin Garagulya,0.3330518870666116,0.249
Konstantin Loy,0.10703287711349421,0.0434
Konstantin Popov,0.21768683752063028,0.1262
Konstantinos Markidis,0.2461524345757457,0.1536
Konstnatin Andreev,0.8888216799602636,0.9395
Koorosh Bahmani,0.7370681051126676,0.7766
Koosha Jaferian,0.5598815161921549,0.5566
Korun Gulamirian,0.6734226739718204,0.7039
Kosma Pacan-Milej,0.15523555848883505,0.0761
Kostya Kavutskiy,0.5660283342895917,0.5647
Krikor Sevag Mekhitarian,0.09635171822472324,0.0378
Krishna Nathan,0.8731884072741559,0.9239
Kriti Patel,0.8669034209019457,0.9169
Krzysztof Budrewicz,0.5117283701472759,0.4827
Krzysztof Jakubowski,0.9054472357159463,0.9551
Kshatriya Vekhande,0.3990660133892218,0.3276
Kuzmicz Krystian,0.8659592347613534,0.9165
LUIS MIGUEL FLORESVILLAR,0.3777756729492725,0.3035
Ladislav Langner,0.17006360472490975,0.0872
Lagmantr,0.31168729430424197,0.2263
Lakshmi C,0.7220970820565646,0.7592
Lala Huseynova,0.725210250618689,0.7614
Lamine Brahami,0.6805496013974144,0.7109
Lars Andreassen,0.6129891232354846,0.6323
Laura Viñolas,0.8531553867641668,0.905
Laurin Jahnz,0.42681732380243087,0.3603
Lawrence Trent,0.27859553341061655,0.1844
Lazaro Lorenzo De La Riva,0.6763428993252447,0.7072
Le Thao Nguyen Pham,0.07366488456985967,0.0223
Leancy Beatriz Fernandez Bustamante,0.8408896311352134,0.8968
Leandro Formes De Arruda,0.6884371156353474,0.7202
Leandro Jiménez,0.31261200233971226,0.2278
Leandro Krysa,0.36226931002922347,0.2839
Lefong Hua,0.4142911724411905,0.3469
Leinier Dominguez Perez,0.40515468847020886,0.3354
Lenaerts Lennert,0.12377751487326867,0.0597
Lenin Guerra Tulcan,0.23895785562751212,0.1436
Lenka Ptacnikova,0.571098251264756,0.5755
Lennis Martinez Ramirez,0.3629360513932911,0.285
Leo Crevatin,0.4231184084317709,0.3577
Leo Valle Luis,0.9746893047788306,0.9967
Leon Livaic,0.2258968399598659,0.1325
Leon Luke Mendonca,0.5681757841317547,0.5699
Leon Mazi,0.6142342326767707,0.6345
Leonardo Duarte,0.5497537974328685,0.5443
Leonardo Tristan,0.08636590020735169,0.0308
Leonardo Valdés,0.5406777635154533,0.5302
Leonardo Vincenti,0.7062943078797689,0.7369
Leonid Guerb,0.4166283088991215,0.3492
Leonid Nozdrachev,0.3660112160698251,0.2883
Leonid Sokolin,0.3030572596415861,0.2163
Leonid Starozhilov,0.07648544121300761,0.0237
Leslie Carolin Torres Hernandez,0.3792395512867496,0.3058
Lev Zverev,0.9715950646940957,0.9959
Levan Pantsulaia,0.6800158125864028,0.7095
Levente Miszler,0.8226037979343108,0.8805
Levon Aronian,0.5060353855425171,0.4746
Levy Rozman,0.618052863010193,0.6408
Lewis Martin,0.5248245567893418,0.5039
Liam Baruch,0.5925336480632617,0.603
Liam Putnam,0.6779067847690732,0.7087
Lianet Diaz Garcia,0.5104984501368671,0.4805
Licael Ticona,0.25615199270734673,0.1647
Liem Le,0.198420857420088,0.108
Lile Koridze,0.8758795755808577,0.9269
Lilia Fuentes,0.43183631643642323,0.3688
Lilit Mkrtchian,0.43923960959968494,0.3785
Lily Jeanette Duarte Cramer,0.589668448132333,0.6
Linus Olsson,0.5107207730677679,0.4809
Linxi Zhu,0.6844607035758983,0.7154
Liwia Jarocka,0.42876091235592434,0.3644
Liya Kurmangaliyeva,0.9144079609437128,0.9618
Loay Sameer,0.8179786572783918,0.8757
Logan Clark Shafer,0.37650883540086216,0.3024
Logman Guliev,0.6001259975893685,0.6156
Loic Travadon,0.9094101923420924,0.9573
Looi Xin Hao,0.45651467422623,0.4022
Lorenzo Perea Fruet,0.7091994196727265,0.7425
Loris Tavernier,0.6893518305266988,0.7217
Lovro Novosel,0.7401973156158077,0.7807
Lubov Markelova,0.44952421765724954,0.3933
Luca Albertini,0.7336558251650648,0.7711
Luca Ernst,0.500759803413292,0.4675
Luca Moroni Jr,0.3124374511527871,0.2271
Luca Silva,0.8640889784300227,0.915
Luca Suvorov,0.5188652027930126,0.4946
Lucas Aguiar Cunha,0.7823465028163581,0.8367
Lucas Aparecido Oliveira Dos Santos,0.6303675959183608,0.6549
Lucas Cumpe,0.31071325865081156,0.2245
Lucas DI NICOLANTONIO,0.5822262724749502,0.5896
Lucas Do Valle Cardoso,0.6179443219380025,0.6401
Lucas Foerster-Yialamas,0.6692639704699707,0.698
Lucas Liascovich,0.18210899825377197,0.0957
Lucas Pereira Mendes Da Silva,0.8483152203642195,0.9017
Lucas Ranaldi,0.39390992570531125,0.321
Luciano Justi Antunes,0.5806703997921934,0.587
Lucius Melillo,0.21061424070406995,0.1202
Ludvig Carlsson,0.023611620554169137,0.0026
Luis David Jimenez Almeida,0.7916299413570111,0.8468
Luis Eduardo Ballester Llagaria,0.3149026340685304,0.2315
Luis Enrique Valle Maytin,0.8014964486949498,0.8571
Luis Eusebio Oro,0.9430827162566752,0.9844
Luis Fernández Siles,0.6810218862038293,0.7117
Luis Galego,0.41876627475164174,0.3521
Luis Guillermo Antúnez Soler,0.6383918805969885,0.6623
Luis Manuel Perez Rodriguez,0.5276378666445065,0.5098
Luis Roque,0.4648397687473345,0.4134
Luiz Araujo,0.7751429058640898,0.8278
Luka Paichadze,0.9085746033823252,0.9558
Lukasz Jarmula,0.5048171924025752,0.472
Lukasz Swiatlowski,0.7830735006803713,0.8371
Lázár Mátyássy,0.20379004851394922,0.1128
MF Pablo Alexander Ruiz Aguilar,0.5743444370675417,0.5792
MI Marcelo Playa,0.6645985914670799,0.6931
MIJuanReyesRosa,0.5189506744207375,0.495
MN Vinicius Saito,0.7115656785305735,0.7466
MYMChessAcademy-inactive,0.869728305240668,0.9202
Maciej Czopor,0.46850905782638763,0.4182
Maciej Klekowski,0.9671457116250501,0.9941
Maciej Sroczyński,0.788268409034593,0.8427
Maciej Świcarz,0.7417286013628228,0.7818
Madara Golsta,0.727344406692643,0.7636
Mads Vestby-Ellingsen,0.4281171727197174,0.3622
Maftuna Bobomurodova,0.7387427084920933,0.7781
Magnus Carlsen,0.04315557228617733,0.0111
Mahammad Muradli,0.4378943681816699,0.3766
Mahdi Gholami Orimi,0.7976641248150804,0.8523
Mahel Boyer,0.313278626045968,0.2289
Mahmoud Alhadad,0.29930659006533433,0.2119
Mai Narva,0.3584863834453909,0.2798
Maka Purtseladze,0.2146047875696772,0.1236
Maksim Chigaev,0.11348348900782786,0.0482
Maksim Ivannikov,0.8240247496985367,0.8827
Maksim Tsaruk,0.2998355427667988,0.2126
Maksim Volkov,0.8218403064454787,0.8798
Maksim Zhukov,0.5539629819263772,0.5484
Maksims Golubovskis,0.7557035941755943,0.8015
Maksym Dubnevych,0.8154751928623278,0.8742
Maksym Goroshkov,0.36795508614457056,0.2909
Maly Alexey,0.8257226502823667,0.8835
Malyi Viacheslav,0.2095496856713343,0.1195
Mamedov Edgar,0.48006231186080806,0.4341
Mamikon Gharibyan,0.2249044182377345,0.1317
Manoj Mishra,0.6117442967862292,0.6312
Manolache Marius,0.4607188109747665,0.4056
Manuel Petrosyan,0.16794617931582428,0.0857
Manvel Arakelyan,0.6705320453743225,0.6998
Marat Denishev,0.4334712938734199,0.3714
Marat Gilfanov,0.4942960230195612,0.4553
Marc Balague Camps,0.9119466755829098,0.9584
Marc LLari,0.41856338804285376,0.351
Marc Lonoff,0.5520163265203217,0.5458
Marc Morgunov,0.27682840946553655,0.1837
Marcel Beulen,0.11216841028682008,0.0475
Marcel Petersen,0.2314408738110339,0.1369
Marcel Winkels,0.7388706507589429,0.7785
Marcell Szabo,0.41359644359987574,0.3451
Marcelo Jorquera,0.46459706075808765,0.4122
Marcelo Villalba,0.772596608497774,0.8252
Marcin Krzyżanowski,0.36779022648602655,0.2905
Marcin Molenda,0.8014953150492135,0.8568
Marcin Sieciechowicz,0.13677639257450014,0.0657
Marco Cattaneo,0.5075142445865255,0.4753
Marco Cordeiro,0.5806511722466587,0.5866
Marco Dobrikov,0.884370786729815,0.9351
Marco Lantini,0.6165464408224458,0.6382
Marco Materia,0.7890146404154654,0.8438
Marco Riehle,0.2816725297120236,0.1878
Marcos Lianes,0.3840174842699572,0.3102
Marcos Rodriguez Fontecha,0.47030887736880994,0.4208
Marcos Vinicius Torsani,0.23209656958557648,0.1373
Marcus Harvey,0.057363997791567464,0.016
Marek Karas,0.1546160698440285,0.075
Marek Pniaczek,0.7387366351026758,0.7777
Margarita Fakhretdinova,0.6965928752254924,0.728
Margarita Novikova,0.7046713737921293,0.7358
Margarita Potapova,0.9258533421299173,0.9718
Margarita Zvereva,0.8390075666854437,0.8957
Maria Florencia Fernández,0.7839442417095466,0.8378
Maria Fominykh,0.3533834266457303,0.2746
Maria Gevorgyan,0.890073386298932,0.9414
Maria Larina,0.8690796266757971,0.9195
Maria Teresa Jimenez Salas,0.41451479980786515,0.3473
Marianna Grineva,0.8217144427105371,0.8794
Mariano Ortega Amarelle,0.11937830174927314,0.0545
Marie Sebag,0.45958282733004674,0.4048
Mariia Berdnyk,0.8836679750086391,0.9336
Marina Korneva,0.6213923453354047,0.6438
Mario Andres Fernández Sánchez,0.31790454580698846,0.2353
Mario Gavilán Díaz,0.8844772899706712,0.9354
Mario Sibilio,0.48066685935665693,0.4356
Marius Deuer,0.6760408310331002,0.7069
Marius Fromm,0.07708333932331557,0.0241
Mariya Yakimova,0.7931637742209994,0.8482
Mark Biernacki,0.33878762974022597,0.2564
Mark Dejmek,0.5748219556755918,0.5803
Mark Josse,0.6363497656350898,0.6583
Mark Liubarov,0.17214637709573347,0.0891
Mark Smirnov,0.20775802385263153,0.118
Mark Timmermans,0.46246687284031174,0.4093
Mark van der Werf,0.5181810896752582,0.4942
Marko Jelcic,0.32584338662608986,0.2423
Marko Nenezic,0.7645107238105566,0.8115
Marko Perestjuk,0.6915340413046245,0.7247
Marko Srebrnic,0.6249422622998126,0.6486
Markus Ragger,0.03567537500593602,0.0082
Marlon Javier La Villa Rivas,0.8825678933089595,0.9314
Marlon Jodar,0.3508642190658474,0.2724
Maroun Tomb,0.6712270093410184,0.7009
Martin Brüdigam,0.7978411470944373,0.8531
Martin Chlpík,0.4932052921918708,0.4527
Martin Holten Fiskaaen,0.4675995940831411,0.4163
Martin Horak,0.2190831166329133,0.1276
Martin Horcajuelo Rocamora,0.6886572778704395,0.7206
Martin Matthiesen,0.650496391954802,0.6764
Martin Mena,0.6092660407837988,0.6293
Martin Portero Rubio,0.551586880923235,0.5455
Martyn Kravtsiv,0.30642662927695175,0.2186
Martyna Starosta,0.9327350830762885,0.9766
Marvin Guevara,0.787724444127675,0.8423
Mary Kiseljova,0.6537884774590121,0.679
Marya,0.5956985116789593,0.6078
Maryana Huda,0.4352654175038383,0.3729
Masruri Rahman,0.23560983709964628,0.1406
Matan Prilleltensky,0.5480969154233504,0.5414
Matei-Valeriu Mogirzan,0.561599471854012,0.5584
Matensien,0.19136728346369625,0.1035
Mateu Boci,0.7861676028376368,0.8386
Mateus Costamilan Tomiello,0.8045890507655356,0.8601
Mateus Felizardo Viageiro Alice,0.6100607859747251,0.6301
Mateusz Bartel,0.2869134788443008,0.1937
Mateusz Brozyna,0.37432749507998203,0.298
Matfey Rogov,0.9087691723108001,0.9566
Matheus Santos,0.7301571475452397,0.7662
Mathias Womacka,0.3116929779467106,0.2267
Mathieu Ternault,0.21965610120852222,0.128
Mathis Sabatier,0.3931554376780976,0.3202
Matias Jaque,0.4646426130329111,0.4126
Matt Herman,0.7067343367877358,0.7373
Matt Pon,0.637924738340472,0.6616
Matt Zavortink,0.34465632915767075,0.2635
Matthew Guo Diao,0.5882661413671835,0.5978
Matthew O'Brien,0.5078531174695279,0.4761
Matthew Wadsworth,0.10481915455278581,0.0419
Matthia Bach,0.5218931103459701,0.5009
Matthias Bluebaum,0.05065384621597617,0.0141
Matthias Dann,0.31742448526363515,0.2345
Matthias Mattenberger,0.5677777175654274,0.5688
Matvey Galchenko,0.8086022941866929,0.8657
Matyas Palczert,0.597167711589871,0.6115
Matyáš Zeman,0.39998918688976115,0.328
Matías Mingo Fernández,0.5568516602417335,0.5529
Matías Pérez Gormaz,0.3503419179175563,0.2709
Mauri Lehtosaari,0.14950218584172223,0.0731
Maurizio Brancaleoni,0.117336588478913,0.0519
Max Chen,0.5191866049632925,0.4954
Max Warmerdam,0.30760623483715893,0.2212
Maxi Perez,0.6342736115714525,0.6564
Maxim Gavrilov,0.7986882642043002,0.8549
Maxim Lugovskoy,0.5683427087660606,0.5707
Maxim Matlakov,0.7553415083980584,0.8007
Maxim Novik,0.21205100472736632,0.1217
Maxim Omariev,0.7737409865428042,0.8271
Maxim Ventura,0.6807420140043405,0.7113
Maxime Lagarde,0.17577512116448607,0.0905
Maxime Vachier-Lagrave,0.1441516708706368,0.0701
Maximilian Mostbauer,0.25386345844973746,0.1614
Maximiliano Rossi,0.26887326445542153,0.1774
Maya Porozhnyak,0.5596451165845744,0.5562
Mayank Chakraborty,0.41182987634384993,0.3436
Md Bashiq Imrose,0.4230457646837083,0.3573
Md Jamal Uddin,0.5316859735232631,0.515
Medet Dzhaparov,0.3452156057614389,0.2649
Medina Paz Miguel 1968,0.757722810793757,0.8037
Mees van Osch,0.18393803591310656,0.0972
Megan Althea Paragua,0.4577266613480047,0.403
Meilis Annaberdiev,0.2878367823813859,0.1948
Melih Kaan Can,0.4707290064548128,0.4219
Melih YURTSEVEN,0.49390429119681284,0.4542
Melika Mohammadi,0.28111905931984327,0.1866
Meri Arabidze,0.43684277950935096,0.3755
Meri Grigoryan,0.3768202616671439,0.3032
Mert Acikel,0.5484191862526917,0.5421
Mert Erdoğdu,0.8894239886356503,0.9399
Michael Buscar,0.5459462180602321,0.5388
Michael Concio Jr.,0.12113243989114868,0.0568
Michael Fernandez,0.44505379079248514,0.3881
Michael Klenburg,0.6299806630129965,0.6542
Michael Kotyk,0.5115842560212147,0.4824
Michael Song,0.3111932127571286,0.2249
Michal Fiedorek,0.7206619129080079,0.757
Michal Fudalej,0.7699106987668591,0.8189
Michal Koziorowicz,0.5435937399833358,0.5336
Michal Mazurkiewicz,0.3065841617007231,0.2189
Michal Provaznik,0.8671453429605591,0.9173
Michal Redzisz,0.6427156234815135,0.6664
Michal Tworuszka,0.3985258319072945,0.3265
Michalina Rudzińska,0.917236717030255,0.9644
Michał Bartel,0.787388587867458,0.8416
Michał Kopczyński,0.8335484640817242,0.8902
Michał Walentukiewicz,0.7624042358603647,0.8074
Michel Alejandro Diaz Perez,0.4537948452563053,0.3993
Michel Bifulco,0.8378081878470685,0.8931
Michel Coto,0.5041292179825082,0.4705
Michel Samuel Lopez Abreu,0.5803858222771356,0.5863
Michel Saucey,0.7506569223164956,0.7941
"Michelle Catherina, P",0.4431898035386257,0.3833
Miguel Angel Marino,0.5540043248853707,0.5488
Miguel Munoz,0.7184939460385319,0.7551
Miguel Santos Ruiz,0.3482983372135343,0.2683
Mihael Ankerst,0.8896782006557592,0.941
Mihai-Lucian Grunberg,0.24897610712775137,0.1566
Mihailo Djokic,0.547654940285904,0.541
Mihnea Costachi,0.5178466493749141,0.4935
Mika Karttunen,0.49418793507316305,0.4545
Mikayel Manvelyan,0.19372370379971268,0.1046
Mikayel Mkrtchyan,0.544159908281131,0.5358
Mikayel Rostomyan,0.3784145073249312,0.3046
Mike Hehir,0.25967203917123316,0.1677
Mike Ivanov,0.2626443219189445,0.1718
Mike Sailer,0.5142615758154279,0.4861
Mikelis Vingris,0.7335569519804841,0.7707
Mikhael Garakov,0.38803008510887904,0.315
Mikhail Antipov,0.48416611261753173,0.439
Mikhail Bryakin,0.33870066814375266,0.256
Mikhail Chernov,0.6650212307967407,0.6942
Mikhail Demidov,0.0818438925054947,0.0282
Mikhail Golubev,0.47172040114659364,0.4226
Mikhail Gusev,0.20542439168014823,0.1147
Mikhail Kazakov,0.2812571124342424,0.1874
Mikhail Kobalia,0.3908319410117937,0.3187
Mikhail Pesotskiy,0.29731234484235586,0.2082
Mikhail V. Kuznetsov,0.49550123307759825,0.4579
Mikhail Yashmetov,0.37558625391363265,0.3002
Mikkel Jacobsen,0.5023008267303768,0.4683
Mikołaj Gbiorczyk,0.7644225531708199,0.8111
Milad Khodabandeh,0.5582184821011709,0.5547
Milan Jocev,0.3025662882851532,0.2152
MillyNeuf,0.4665598488338153,0.4156
Milos Milosevic,0.49792557043397484,0.4623
Milton Pantzar,0.2322770181220668,0.138
Mina Wael Sabry,0.5556442100074432,0.5521
Miran Oganian,0.7087427511202833,0.7414
Miras Assylov,0.8318870708371302,0.8879
Miroslav Simonovic,0.4200044401278288,0.354
Mirosław Lewicki,0.9160759690176616,0.9633
Mitch Fishbein,0.05315967068199338,0.0148
Mitrabha Guha,0.5149530332918181,0.4879
Miłosz Szpar,0.7111942829591948,0.7455
Mladen Gajic,0.5157584596662258,0.4898
Mobina Alinasab,0.5725779818542629,0.5777
Mohamed Anees M,0.7008481075644354,0.7295
Mohamed Ezat,0.6003831925882579,0.6167
Mohamed Haddouche,0.6484610203580254,0.6727
Mohamed Nouali,0.6621961825804857,0.6883
Mohamed Salem Yahi,0.8017107253211521,0.8575
Mohammad Fahad Rahman,0.9358616698313351,0.98
Mohammad Mohammadian,0.5457915408952503,0.5384
Mohammadhossein Shamsi,0.8676794812637846,0.918
Mohammed Seder,0.5814493591891481,0.5881
Mohsen Gabr,0.786707184466419,0.8408
Moksh Amit Doshi,0.3833136782305061,0.3091
Momchil Petkov,0.5388575664160434,0.5258
Monika Marcińczyk,0.5326604141159481,0.5184
Moritz Weishäutel,0.29047971078414114,0.1978
Mostafa Sakhaei,0.3979466366814329,0.3258
Mounika Akshaya Bommini,0.5088477324717097,0.4779
Mr. Sai Han Thiha,0.20611056528423735,0.1158
Mrudul Dehankar,0.773028312015483,0.8263
Muhittin Büker,0.6728524651468424,0.7035
Mukhammadali Abdurakhmonov,0.5319425515833285,0.5158
Mukhammadzokhid Suyarov,0.49898789755786516,0.466
Mukhiddin Madaminov,0.4028976015599043,0.3325
Munkhgal Gombosuren,0.398051429657911,0.3262
Murad İbrahimli,0.2978175883482029,0.2089
Mustafa Yilmaz,0.5746108392629496,0.58
Mykhailo Shinkarev,0.6726042246495674,0.7024
Mykhaylo Kepeshchuk,0.29199357109898116,0.2
Mykola Bortnyk,0.2239515698883022,0.1302
Mykola Korchynskyi,0.8998372802023258,0.9506
Myroslava Hrabinska,0.487833792462513,0.4449
Máté Gyenes,0.7215725079310003,0.7584
Nad Titus Petre,0.2678037594636039,0.177
Nadezhda Antonova,0.6891229202288855,0.721
Nadezhda Kostina,0.5248783811180309,0.5043
Nadya Toncheva,0.5695231869302466,0.5722
Nafisa Muminova,0.8021641602152638,0.8583
Nahun Gavarrete,0.5548862402102153,0.5506
Nail Bashirli,0.8050087615879553,0.8612
Nameer Issani,0.9228490419848401,0.9688
Namitbir Singh Walia,0.18547142492905855,0.0983
Narayan Venkatesh,0.8470284659026832,0.9013
Narek Ghimoyan,0.37582519615705023,0.3013
Narmin Khalafova,0.9213697995016694,0.9673
Nasrin Babayeva,0.45259107716120084,0.3974
Nasyrova Ekaterina,0.7001442704513577,0.7291
Natalia Zhukova,0.4294787981396647,0.3655
Natalie Wisniowski,0.6457436999892516,0.669
Nataliya Buksa,0.44621149311784813,0.3889
Nate Solon,0.6221163768773198,0.6453
Nathaniel Mullodzhanov,0.8989867684165258,0.9492
Naveen Jain,0.505610536815556,0.4742
Nayem haque,0.8587527618993033,0.9095
Nazar Firman,0.8730369604425476,0.9236
Nebojsa Ristic,0.5632196608406153,0.5618
Necmettin KORKMAZ,0.4916540378195523,0.4497
Neeraj Harish,0.5759871257453522,0.5822
Nemo Zhou,0.7762251873931089,0.8293
Nesa Modric,0.7118314866990545,0.7477
Neven Hercegovac,0.381200980407732,0.308
Newansa M Esandi,0.8228993130286726,0.8813
Nguyen Ngoc Truong Son,0.030853087233904126,0.0063
Nhat Minh To,0.1620429307464875,0.0805
Nhung Hong Nguyen,0.8228145929508074,0.8809
Nicholas Figorito,0.305986087189969,0.2178
Nicholas Ladan,0.3479908760108731,0.2679
Niclas Huschenbeth,0.6811456533238994,0.7124
Nicodim_Cosmin Stepanencu,0.685344487591437,0.7161
Nicola Altini,0.6667455093551183,0.6957
Nicolai Maxime Østensen,0.929279396011704,0.9729
Nicolas Brunner,0.25560808559629467,0.1633
Nicolas Cogan,0.46992540813788775,0.42
Nicolas De La Colina,0.791482278625433,0.8464
Nicolas Perossa,0.44471413981428565,0.3863
Nicolò Napoli,0.3386912818359651,0.2557
Nihal Sarin,0.3637509044429039,0.2868
Nikhil Dixit,0.2520410619551314,0.1596
Nikita Fedotov,0.6528383456358415,0.6787
Nikita Filindash,0.4404019516470797,0.3796
Nikita Khoroshev,0.1096424781622137,0.0449
Nikita Kraiouchkine,0.5171930384145957,0.4928
Nikita Matinian,0.24217726457501448,0.1492
Nikita Meshkovs,0.28229521382536527,0.1889
Nikita Shandrygin,0.49831403932745266,0.4649
Niklas Schmider,0.44504820553622615,0.3878
Niklesha Tharushi,0.485485048419794,0.4404
Nikolai Aliavdin,0.47377927055707525,0.4252
Nikolai Kabanov,0.2398123521393903,0.1447
Nikolai Vlassov,0.409604769158043,0.3403
Nikolaos Skiadopoulos,0.47928889404306474,0.4338
Nikolaos Spyropoulos,0.32803950175690455,0.2449
Nikolas Koutlas,0.6019264414015338,0.6197
Nikolas Theodorou,0.2600043486461997,0.1681
Nikolay Kleimenov,0.7645885740128009,0.8119
Nikolay Maevskiy,0.5543667334160902,0.5499
Nikolay Milchev,0.3101568257682199,0.2226
Nikolay Pavlov,0.27040951409853903,0.1788
Nikoloz Petriashvili,0.25606105490481806,0.1644
Nikolozi Kacharava,0.47805985185879524,0.4327
Nils Grandelius,0.19711268405181798,0.1072
Nils Richter,0.45850510528196614,0.4033
Nima Hosseinzadeh,0.31262635871821054,0.2282
Nimay Agrawal,0.8952339569305364,0.9455
Nino Batsiashvili,0.4907347403811916,0.449
Niranjan Navalgund,0.8222598257430125,0.8801
Nisha Mohota,0.7021232098365358,0.7332
Nisim Iliaguev,0.37803758042749674,0.3039
Nita Lucian,0.5750206407202911,0.5807
Nitai Leve,0.5940587293193289,0.6048
Nitin Senthilvel,0.9786544999178177,0.9989
Nitish Belurkar,0.4530420982135787,0.3978
Nitish Nathan,0.7600140916798578,0.8056
Nitzan Steinberg,0.45477408310553,0.4
Noah Thomforde-Toates,0.3359806281398737,0.2527
Noam Vitenberg,0.7703384615947296,0.8208
Nodar Lortkipanidze,0.7009680009070596,0.7299
Nodirbek Abdusattorov,0.4031623913117346,0.3332
Novak Čabarkapa,0.7693565359558525,0.8182
Novendra Priasmoro,0.5601344803579951,0.5573
Noël Studer,0.4277947299938914,0.3614
Nurai Sovetbekova,0.6649463269918426,0.6939
Nurgazy Zheenbekov,0.8833963905200936,0.9328
Nurgyul Salimova,0.5650887005495655,0.5633
Obolenskikh Dmitry,0.04194459267552916,0.0104
Okan Bulgurlu,0.4556659971950031,0.4011
Olaf Michalski,0.39259482464187323,0.3191
Oleg Artemenko,0.5156895189527355,0.4894
Oleg Badmatsyrenov,0.33793099978093677,0.2538
Oleg Kozlov,0.5807724024800913,0.5874
Oleg Papayan,0.16601724083061536,0.0835
Oleg Rychkov,0.8059349718867882,0.8631
Oleg Terletsky,0.3834066434532041,0.3095
Oleg Vastrukhin,0.33349196467467124,0.2501
Oleg Yaksin,0.6824868916840211,0.7147
OlegKrivonosov,0.030418567276312848,0.0056
Oleksandr Bortnyk,0.2094268480415375,0.1187
Oleksandr Kuzhilniy,0.20568841064129542,0.115
Oleksandr Matlak,0.6479597049713559,0.6724
Oleksandr Prokhorov,0.6734424255700118,0.7043
Oleksandr Shymanskyi,0.4021847495207334,0.3314
Oleksandr Vasynda,0.5198166697870195,0.4972
Oleksandr Yevchenko,0.6064103213854217,0.6249
Oleksandr Yurovskykh,0.11635735615903553,0.0505
Oleksiy Solovchuk,0.37671997671773305,0.3028
Olexandr Shevchuk,0.35830639695255745,0.2794
Olexiy Bilych,0.19898911823901125,0.1091
Olga Artemyeva,0.7430344245548273,0.7848
Olga Babiy,0.7102511048677558,0.7436
Olga Badelka,0.6811835854978604,0.7128
Olga Girya,0.0446055240647443,0.0119
Olga Karavaeva,0.8750886562614811,0.9258
Olga Kuznetsova,0.49824136842751343,0.4642
Olga Matveeva,0.6600401215486519,0.6868
Olga Sikorova,0.7161957810596156,0.7525
Olga Yushko,0.8366831778655358,0.8924
Olga Zhuravleva,0.8285640443145335,0.8857
Oliver Stork,0.7865929498895289,0.8404
Oliver Wartiovaara,0.22671017033214969,0.1336
Olzhas Khamzin,0.6417749861128856,0.6657
Om Kadam,0.8159358617669984,0.8746
Omar Garcia Blanco,0.6219929919212644,0.6449
Omer Akkara,0.4432474172832296,0.3837
Omran Alhosani,0.5861084892769307,0.5952
Ondrej Toman,0.3790848120483175,0.3054
Onno Elgersma,0.35988779731925746,0.2816
Orest Vovk,0.4701904761904762,0.4204
Ori Kobo,0.497911517328632,0.462
Ori Taichman,0.6183315720819701,0.6412
Oriol Serra Canals,0.8596917039084001,0.9121
Ortik Nigmatov,0.5945939488220665,0.6059
Oscar Ardila,0.7596501514425011,0.8052
Oscar yosimar Acosta cruz,0.7492913704129661,0.7933
Oskar Wieczorek,0.32845806111359177,0.2453
Owen McCoy,0.9692116113132565,0.9944
PAULO CÉSAR COSTA,0.5470104558551006,0.5406
Pablo Barrionuevo,0.46785731700083144,0.4174
Pablo Glavina,0.3170612073673109,0.2338
Pablo Lalanne,0.7020025276102049,0.7328
Pablo Salinas Herrera,0.9151939724619526,0.9629
Pablo Zarnicki,0.3560883790654296,0.2772
Paco Rubio Tent,0.13005080791992601,0.0627
Padmini Rout,0.48036521864173654,0.4345
Panagiotis Hristodoulou,0.17048332834000926,0.0876
Pantata007,0.3580708481551523,0.2787
Paolo Ciuffoletti,0.3460193678046775,0.266
Papp Levente,0.5442811080860726,0.5362
Papp Petra,0.2799619556568044,0.1848
Pappu Murthy,0.8100029785764731,0.8675
Parham Maghsoodloo,0.38981379914634456,0.3173
Paris Prestia,0.4775149990202398,0.4315
Pariston Hill,0.3074862603368012,0.2208
Patrick Aizpurúa,0.5396002880874183,0.528
Patrick Perry,0.18164718265724128,0.095
Patrik Aalto,0.4425954339507401,0.3829
Patrik Stevik,0.5884772224059193,0.5981
Patryk Chylewski,0.3490447901578174,0.269
Patryk Cieslak,0.28007107627160716,0.1852
Patryk Stanisz,0.7348760076441235,0.7729
Patty Castillo,0.44873781781436,0.3918
Pau Marin Ferragut,0.7151279295489491,0.7514
Paul Burke,0.6433408442126255,0.6672
Paul Cristian Rusan,0.4399243670233455,0.3788
Paul Makarov,0.8361256167559132,0.892
Paul Richter,0.7997006142367484,0.8557
Paul Rohwer,0.6786026754562378,0.7091
Paulina Cagara,0.8917942298834882,0.9421
Paulius Pultinevičius,0.8519975416360539,0.9032
Paulo Jodorcovsky Werjivker,0.8678334739430593,0.9184
Pavel Chernomordik,0.6755691454220256,0.7061
Pavel Eljanov,0.3324802487654269,0.2479
Pavel Kiselev,0.5444976750648101,0.5365
Pavel Plotnikov,0.864876508712592,0.9154
Pavel Politov,0.7405827868925001,0.7811
Pavel Ponkratov,0.19563022155555268,0.1058
Pavel Salman,0.659004193973548,0.6853
Pavel Skatchkov,0.4862057629693549,0.443
Pavel Smirnov,0.6558712515336808,0.682
Pavel Tregubov,0.09109521299431819,0.0338
Pavel-Alexandru Nastore,0.8745484872960472,0.9254
PavelShkapenko,0.03260783204135688,0.0067
Pawel Flis,0.5520362166863593,0.5462
Pawel‚ Dudzinski,0.3580767324724773,0.279
Paweł Kowalczyk,0.8216483777049757,0.879
Paweł Kukuła,0.7571443621621897,0.8022
Paweł Sowiński,0.45333999920998813,0.3985
Pedro Espinosa,0.4448064982192683,0.3874
Pedro Filipe Rego,0.3340590894378296,0.2512
Pedro Gil Ferreira Da Silva,0.3382169772684141,0.2549
Pedro Martinez,0.28297884526334527,0.1896
Pere Garriga Cazorla,0.6624151562325038,0.6891
Peter Keller,0.2554464816763814,0.1625
Peter Lizak,0.12017089333888238,0.0553
Peter Prohaszka,0.23667636807923326,0.1417
Peter Roberson,0.6863530430706037,0.7187
Peter Sadilek,0.3082709298511898,0.2215
Peter Svidler,0.27844912412791345,0.184
Petr Matyukov,0.7701253776487855,0.8193
Petro Golubka,0.42739284566449376,0.361
Phileas Mathieu,0.5469591158757632,0.5403
Philipp Sonnenschein,0.7292147777096388,0.7647
Phuong Hanh Luong,0.42018648509464673,0.3547
Piero Mazzilli,0.09005325951423829,0.0327
Pierre Barbot,0.707057624602234,0.7384
Pierre Villegas,0.5127126679420414,0.4839
Piotr Brodowski,0.6229787306600951,0.6468
Piotr Brzezina,0.3537629326787798,0.275
Piotr Dobrowolski,0.09765764802172479,0.0386
Piotr Kejna,0.7397429091827717,0.7803
Piotr Lopusiewicz,0.23889884891996224,0.1432
Piotr Piesik,0.2941206860590465,0.2022
Piotrek Mickiewicz,0.5033459628440147,0.4701
Plamen Stefanov,0.2903742078963723,0.1974
Polina A Smirnova,0.11519909650958712,0.0497
Polina Gutkovich,0.7314668758023708,0.7677
Polina Shuvalova,0.43673562491771617,0.3748
Pouria Darini,0.05365438877561672,0.0152
Pouya Idani,0.1203261011362156,0.0557
Praggnanandhaa Rameshbabu,0.7072444981599697,0.7391
Pranav Anand,0.9644788923448635,0.9937
Pranav Senthilkumar,0.792180055643597,0.8471
Pranav V,0.8462854376634686,0.9006
Pranesh M,0.9271719515014366,0.9725
Praveen Balakrishnan,0.50479908916455,0.4716
Prithu Gupta,0.5267008797377051,0.5072
Priyansh Garg,0.4465727191534632,0.39
Prraneeth Vuppala,0.43622184233568595,0.3737
Przemyslaw Koc,0.6706331547026538,0.7006
Punin Andrii,0.311457478289104,0.2256
Qi Pang,0.3907723445873734,0.3184
Qianyun Gong,0.9434008814713801,0.9848
Qingyu Yuan,0.41866605690650377,0.3514
Quiet_Desperation,0.7424246346562808,0.7833
Quoc Hy Nguyen,0.33504493285198034,0.2519
RICHARD POLACZEK,0.5711491816972412,0.5759
Raahul V S,0.4362851372279592,0.374
Rachid Schrik,0.4948313094540375,0.4568
Radmila Kovacevic,0.5382226612478417,0.5247
Radoslaw Szczepanek,0.8043696860449548,0.8594
Radosław Dzierżak,0.1677244203051271,0.0853
Rafael Leitao,0.3506797709360757,0.272
Rafael Merino García,0.7164407786839446,0.7529
Rafael Miranda,0.3604089339360895,0.282
Rafael Teixeira,0.8260681754401071,0.8842
Rafael Vahanyan,0.11746602002934128,0.0523
Rafael Ventura dos Santos,0.5578650508548277,0.5544
Rafail Antoniou,0.36090320880508664,0.2824
Rafal Szyszylo,0.8626108139201865,0.9139
Rafał Lewandowski,0.6658841402937902,0.6954
Rafał Tymrakiewicz,0.28849823182476914,0.1952
Raja Rithvik R,0.3553317741040321,0.2757
Rakesh Kulkarni,0.4272441365551754,0.3607
Ralph Federick Tan,0.6438693620913443,0.6675
Ramil Faizrakhmanov,0.368750223775767,0.2917
Ramiro Corona Monraz,0.6637773412142876,0.6913
Ramon Jr. Manon-og,0.8418534677514835,0.8976
Ramyres Santana Coelho,0.7961249377928477,0.8512
Randal Ferguson,0.6442385331185516,0.6679
Ranesh Ratnesan,0.8147221114672334,0.8738
Ranindu Dilshan Liyanage,0.9040864470787081,0.9529
Raphael Alonso,0.5325015948755027,0.5173
Raphael Lagunow,0.41377771979657396,0.3458
Raphael Mayaud,0.06560976365087347,0.0193
Raset Ziatdinov,0.7396122302122654,0.78
Rashad Zeynalli,0.09525277464450192,0.0356
Rasmus Skytte,0.41936009908648975,0.3529
Rasmus Svane,0.08091515386703704,0.0271
Rastko Svicevic,0.4626361900255861,0.4096
Ratko Novak,0.5737291777343553,0.5788
Raunak Sadhwani,0.3272851766117665,0.2445
Ravan Aliyev,0.39878565130678506,0.3273
Raven Sturt,0.6801917140295448,0.7098
Raymond Gao,0.35848767326686237,0.2801
Raymond Kaufman,0.4282581369325486,0.3629
Razvan Preotu,0.23094285319165914,0.1365
Read Samadov,0.5160144009464364,0.4902
Rebeca Garcia Hernandez,0.5869798537701388,0.5967
Rebeca Jiménez Fernández,0.8653037665055967,0.9161
Reem Sherman,0.8929925271871741,0.9432
Regita Desyari Putri,0.6444512975003798,0.6683
Reinis Paikens,0.9250015924586137,0.9707
Remy Rushbrooke,0.27159590439557324,0.1803
Renato Quintiliano,0.42125922579567615,0.3555
Renato Terry,0.270981928871862,0.1796
Rene Humberto Perera Alfonso,0.7892200470200313,0.8442
Rene' Phillips,0.43177936834146946,0.3685
Renzo Jhonathan Rengifo Blancas,0.5102691592330394,0.4801
Reza Mahdavi,0.7414762636989052,0.7814
Rian Kapriaga,0.49798533665412076,0.4627
Ribeiro Domingues Ribeiro,0.33970717724571536,0.2571
Ricardo D Darruda,0.20222158017804587,0.1117
Ricardo Maruchi Desideri,0.8054211640077972,0.8623
Richard Bethke,0.8213770642900453,0.8783
Richard Persson,0.28124047952163833,0.187
Richard Pert,0.6491640504835992,0.6742
Richard Stalmach,0.7660131814703324,0.8141
Richard Vedder,0.8116231020945056,0.8698
Richard Yi,0.6974468592312068,0.7284
Rick Frischmann,0.5249076985379488,0.5046
Rick GC,0.7337825154364392,0.7714
Rinat Jumabayev,0.3696196536744423,0.2924
Rishabh Chandrashekhar Gokhale,0.8382313756688822,0.8946
Robby Kevlishvili,0.7455739305029201,0.7889
Robert Aloma,0.5411275262148848,0.531
Robert Baskin,0.16680183643774488,0.0842
Robert Díaz Villagrán,0.49574542024062296,0.4586
Robert Gabriel,0.15496443354649592,0.0757
Robert Hungaski,0.34025415454070645,0.2583
Robert Kula,0.7883399379989717,0.843
Robert L. Hess,0.656186862522431,0.6824
Robert Mcligeyo,0.4750813334714833,0.4275
Robert Piliposyan,0.526957316760981,0.5083
Robert Ramirez,0.709072070296404,0.7421
Robert Safin,0.2607221036610918,0.1696
Robert Sava,0.4201564625162251,0.3544
Roberto Al Avila Bautista,0.6045052071052319,0.6219
Roberto Carlos Gomez Ledo,0.14109563875999506,0.0672
Roberto De Abreu,0.5395413523064574,0.5276
Roberto Junio Brito Molina,0.14347127563303907,0.0694
Roberto Martin del Campo,0.5125069735945773,0.4831
Robinson Perez,0.44607280366317825,0.3885
Rodion Radzhabov,0.10901076531051587,0.0445
Rodolfos Stamatiou,0.5868679068760224,0.5955
Rodrigo Espinoza Villanueva,0.9771049055105399,0.9974
Rodrigo Mendoza Acuna,0.4828651380214547,0.4382
Rodrigo Román,0.4644768270341116,0.4119
Rodrigo Vasquez,0.6323719040917897,0.6557
Rogerio Paulo Muller Fernandes,0.5629310174931674,0.5614
Rohan Rajaram,0.7491801366938368,0.7929
Rohit S,0.744432956832649,0.787
Rohith Krishna,0.9637028673513157,0.9933
Rohun Trakru,0.2972528524500269,0.2078
Roman Dehtiarov,0.5155794791797048,0.4891
Roman Ganzhurov,0.9467022551591106,0.987
Roman Gavrilin,0.7627088041945277,0.8085
Roman Goldin,0.7704120156442398,0.8212
Roman Jiganchine,0.11317162908355112,0.0479
Roman Kezin,0.596163445346226,0.6093
Roman Komov,0.26256327052809775,0.1714
Roman Kozelov,0.571838004050369,0.5763
Roman Kuzmin,0.7527288534610005,0.7974
Roman Novoselov,0.9462723516004207,0.9859
Roman Ovetchkin,0.20040987522610515,0.1098
Roman Pyrih,0.6884180892383147,0.7199
Roman Shogdzhiev,0.4919983700345959,0.4505
Roman Shton,0.3758883378762779,0.3017
Roman Tomaszewski,0.49291602419260405,0.4516
Roman Yanchenko,0.10319464340003581,0.0408
Ronaldo Alonso Moreira,0.3152256732356088,0.2323
Ronan Le Goff,0.5419926584080151,0.5317
Rosh Jain,0.889651977557296,0.9406
Roshan Sethuraman,0.7055533993026555,0.7365
Roven Vogel,0.24377011360958364,0.151
Roza Idrisova,0.1804379295910213,0.0939
Ruben Akhayan,0.40547904508439625,0.3369
Ruben Gideon Köllner,0.23444944650129348,0.1391
Rubens Gazineu,0.4907905190752183,0.4494
Rubén Domingo Núñez,0.8018965620022993,0.8579
Rudi Olenik Campa,0.9191817725348825,0.9662
Rudik Makarian,0.20525392114926708,0.1143
RupeshReddyY,0.7522469333973841,0.7955
Rushan Bogaudinov,0.36148892136784866,0.2835
Ruslan Gnechko,0.8781137263609399,0.9288
Ruslan Kashtanov,0.4927131448983916,0.4512
Ruslan Kavyev,0.6246219040400856,0.6482
Ruslan Momunaliev,0.8301651710262373,0.8872
Rustam Khusnutdinov,0.08657422795350248,0.0312
Rustam Rustamov,0.1213712332046675,0.0571
Rustem Gorbenko,0.41914950612074664,0.3525
Ryan Amburgy,0.2923281533831748,0.2007
Ryan Hamley,0.83263192267097,0.8891
Ryo Chen,0.5652231250588632,0.5636
Rômulo Cardoso,0.6860562393930264,0.7173
S R,0.6897632929601158,0.7221
S.L. Narayanan,0.4809991907769103,0.436
SALVA-DALI,0.6375383680697077,0.6609
SHAPIRO VIKTOR,0.4664020210238625,0.4152
Saadat Bashirli,0.7900593265706055,0.8449
Sabir Umarov,0.4001460987451308,0.3284
Sabrina Vega,0.6173010074640576,0.639
Safin Safarullakhan,0.8738424853235504,0.925
Sahaj Grover,0.3810405538318077,0.3076
Sahebali Atanejhad,0.2933974218378838,0.2011
Sahib Singh,0.6191176600984553,0.6416
Sahil Tickoo,0.1171950199653001,0.0516
Sai Krishna G V,0.8204418583062741,0.8776
Sai Nirupama Kotepalli,0.7944522603404544,0.8497
Saidakbar Saydaliev,0.7474102253717652,0.7911
Sakshi Chitlange,0.5848571175513502,0.5937
Salem AR Saleh,0.5941156638059759,0.6052
Salomeja Zaksaite,0.5180758986155082,0.4939
Sam Schmakel,0.640935837975216,0.6653
Sam Sevian,0.6911345020894072,0.7236
Sam Shankland,0.027537879810229933,0.0052
Sambit Panda,0.7145530865511364,0.751
Sameer Mujumdar,0.6008767645879339,0.6178
Sammed Shete,0.8183912097239036,0.8764
Samuel Fieberg,0.4267533918055121,0.3599
Samuel Jesus P Goncalves,0.15655995554084023,0.0764
Samuel Malka,0.4389349435136092,0.3777
Samuel Zenelaj,0.2613162548619174,0.1699
SamuelGhimpu2003,0.5948321246738887,0.6067
Samvel Ter-Sahakyan,0.19522412197304226,0.1054
San Thit Lwin,0.5593684803863825,0.5558
Sanan Sjugirov,0.5695429552077876,0.5725
Sandi Stojanovski,0.1350471622287115,0.0646
Santiago  Rodriguez,0.5089659165832521,0.4787
Santiago Avila Pavas,0.5298472389800054,0.5128
Santiago Guevara,0.8716145189160012,0.9224
Santiago Quiñones García,0.6636445773450672,0.6909
Sarah Sima Derlich,0.8520767162137821,0.9035
Saravana Krishnan P,0.6958268062890838,0.7276
Sargis Manukyan,0.5295369697054987,0.5121
Sargis Sargissyan,0.2414490021969778,0.1473
Sarp Sahin,0.8861261571535369,0.9369
Sarveshwaran V,0.929953178727178,0.974
Sasvatha A,0.5798943583760081,0.5852
Satbek Akhmedinov,0.3962091811210645,0.3239
Sathvik Adiga,0.7301426924423504,0.7659
Satria Duta Cahaya,0.837826205580213,0.8935
Savitha Shri B,0.8881765493657434,0.9388
Savva Vetokhin,0.7347552872120897,0.7725
Sayed Javad Alavi,0.308403603076077,0.2219
Sean Senft,0.566753903714187,0.5666
Sebasti&aacute;n Mar&iacute;n,0.49329774666543535,0.4534
Sebastian  Zsombor Peczely,0.5131758845350171,0.4846
Sebastian Bazzano,0.47766578789314434,0.4319
Sebastian Mihajlov,0.952977899030613,0.9896
Sebastian Półtorak,0.4495722141969778,0.3937
Sebastien Azar,0.5956661556023741,0.6074
Sebastien Maze,0.09090616149786249,0.0334
Semen Kazmin,0.5706013853860765,0.574
Semen Khanin,0.4880137981806941,0.4456
Semen Mitusov,0.7017407389009331,0.7317
Semen Novozhilov,0.7446402823948295,0.7874
Semetey Tologontegin,0.8185184850869465,0.8768
Semyon Puzyrevsky,0.6861633532607311,0.718
Senthil Maran,0.1548005053669137,0.0753
Seo Jungmin,0.32643932992941477,0.2427
Serafin Moral Garcia,0.29345267742844194,0.2015
Serban Cristian,0.4320244569139223,0.3696
Serdar Murat Yildiz,0.33995544225138624,0.2575
Sergei Iskusnyh,0.289456394684693,0.1959
Sergei Ljukin,0.6148453270435791,0.6353
Sergei Lobanov,0.6940363853704633,0.7262
Sergei Mihajlovskij,0.5896086173575827,0.5996
Sergei Zhigalko,0.5136118053759716,0.485
Sergey Drygalov,0.5760671201491847,0.5826
Sergey Grigoriants,0.20727153169015536,0.1176
Sergey Nefedov,0.17960830689965007,0.0928
Sergey Rodchenkov,0.9113081513140393,0.9581
Sergey Sergienko,0.44472565239922457,0.3866
Sergey Shipov,0.41115616286640533,0.3432
Sergey Shtyka,0.46443938870070445,0.4115
Sergey Sklokin,0.4719460257836364,0.423
Sergey Slugin,0.7287474360923112,0.764
Serghei Gostev,0.2919800700701206,0.1996
Sergio Barrientos Chavarria,0.8762161812592464,0.9273
Sergio Hernández Leon,0.7366264089453471,0.7759
Sergio Joshafatt Morales Garcia,0.343926623371894,0.2627
Sergiy Zavgorodniy,0.4773965341776627,0.4312
Serhan Berat Özdemir,0.11632347588099065,0.0501
Sethuraman S.P,0.32154012064729176,0.2386
Setu Madhav Yellumahanthi,0.40075450721323536,0.3288
Seyed Abolfazl Moosavifar,0.6136170865264239,0.6341
Seyed Kian Ghoreishi Amiri,0.6541687093927926,0.6801
Seyed Poormosavi,0.6399388563982316,0.6642
Shaaketh Sivakumar,0.5662828374928626,0.5651
Shaashwath Sivakumar,0.7708350413917225,0.8219
Shahdad Teimouri Yadkuri,0.7026708821291352,0.7343
Shahruh Turayev,0.6242922749473446,0.6479
Shakhriyar Mamedyarov,0.18611026053422206,0.0991
Shamil Arslanov,0.7595378874075458,0.8048
Shamsiddin Vokhidov,0.2640568071046968,0.1722
Shane Melaugh,0.7467581816192738,0.7904
Shanmukha Meruga,0.6935040242921123,0.7258
Shant Sargsyan,0.19892020530232096,0.1087
Sharapov Evgeny,0.09630672637710276,0.0375
Sharath Radhakrishnan,0.24188942870822236,0.1488
Sharvesh Deviprasath,0.7756194484526675,0.8286
Shawn Martinez,0.7621567315307859,0.8067
Shawn Rodrigue-Lemieux,0.8234831961565469,0.882
Sherif Khater,0.685831126153777,0.7169
ShimanovAlex,0.3271832559698745,0.2442
Shiyam Thavandiran,0.6201095664381904,0.6419
Sho Glashausser,0.325738290576124,0.2419
Shreyas Royal,0.9793253805083662,0.9993
Shubh Laddha,0.5839697659497095,0.5926
Shubhi Gupta,0.8849527310648009,0.9362
Shukhrat Makhmudov,0.4821249736256609,0.4371
Shyaamnikhil P,0.18192745673234706,0.0954
Shyam Gandhi,0.2606002900410092,0.1692
Siar Yaran,0.26736876067002807,0.1763
Siem van Dael,0.44912154768716794,0.3929
Sihan Tao,0.2041066079729484,0.1132
Silvius Tiberius,0.7015143609969154,0.731
Simao Poscidonio Dias,0.7623969898960374,0.8071
Simeon Todev,0.508858908347303,0.4783
Simon Lamaze,0.42840467019816464,0.3636
Simon Williams,0.7425358750872982,0.7837
Sina Movahed,0.9717425341722675,0.9963
SirMittensofMittensville,0.5689337112416121,0.5714
Siva Mahadevan,0.9119984677854994,0.9592
Sivanesan Nithyalakshmi,0.9065261150868341,0.9555
Skat2704,0.4838288029186167,0.4386
Slaven Pastar,0.35034663401997,0.2712
Slobodan Filipovic,0.48048452603791203,0.4349
Sofia Blokhin,0.9619637852944155,0.9929
Sofia Pogorelskikh,0.5447646066891204,0.5369
Sofiia Hryzlova,0.9123293797707156,0.9599
Soham Kamotra,0.19460501773620176,0.105
Soltan Muradov,0.7742494029809702,0.8275
Sondre Melaa,0.3254167290742792,0.2412
Soren Bech Hansen,0.16372282496542528,0.0824
Sourath Biswas,0.4412489340467981,0.3811
Sravan Renjith,0.7667951575386762,0.8152
Sreyas Payyappat,0.7348886360538615,0.7733
Sricharan Pullela,0.743028443278998,0.7844
Srihari L,0.9186578782772135,0.9659
Srihari L R,0.3102224020912753,0.223
Srinath Narayanan,0.7319736851972721,0.7696
Sriram Krishnakumar,0.29904783125639794,0.2111
Srishti Pandey,0.8712873445481094,0.9221
Srivastan Karthikeyan,0.3116218279099222,0.226
Stamatis Kourkoulos-Arditis,0.14516713525591435,0.0716
Stanislav Bukreev,0.24788570646462796,0.1555
Stanislav Kovalevsky,0.6618688252347925,0.6879
Stanislav Tsyhanchuk,0.8946168451591632,0.9451
Stanisław Osiecki,0.5398198859386744,0.5288
Stanley Badacsonyi,0.6375245746478015,0.6605
Stanoje Jovic,0.6007181533689335,0.6174
Stefan Eilers,0.3431884591418579,0.2616
Stefan Mladenovic,0.6565261101697566,0.6831
Stefanos Kazantzoglou,0.3868558942733365,0.3139
Stelios Halkias,0.5970821864822031,0.6111
Stepan Osinovsky,0.431474965104349,0.3677
Stephan Becking,0.1821709287225465,0.0961
Stephen Capp,0.7299493572304362,0.7655
Stephen Willy,0.6384803485863527,0.6627
Steve Harrington,0.6210808472407947,0.6434
Steven Cooklev,0.46780812611893363,0.4167
Steven Javier Rojas Salas,0.5213126147400575,0.4994
Steven Zierk,0.34260099740391625,0.2609
Stöttner Lukas,0.7986755044863768,0.8545
Sujana Lohani,0.6474255810133304,0.672
Suleyman Suleymanlı,0.3005215042342817,0.213
Sully McConnell,0.5616030769086161,0.5588
Sultai Chyngyz,0.9148419848721293,0.9622
Sultanbeibarys Dumanuly,0.5056061136416334,0.4738
Sune Berg Hansen,0.5169129788868971,0.492
Supratit Banerjee,0.5786368864893561,0.584
Suresh Harsh,0.43637414767538074,0.3744
Susanna Gaboyan,0.5225649125599203,0.5017
Suvradeepta Das,0.5129351305177001,0.4842
Suvrajit Saha,0.44854765876210506,0.3915
Suyog Wagh,0.9768074292595796,0.997
Sven Tica,0.5890530043322297,0.5993
Svetlana Vifleemskaia,0.07063327919693933,0.0212
Svyatoslav Korneev Leskova,0.6553583122965401,0.6813
Svyatoslav Lisenkov,0.4499143722392427,0.3944
Swara Lakshmi Nair,0.726772204358282,0.7629
Sweafty,0.7156303840385261,0.7518
Szymon Gumularz,0.5440904951392099,0.5354
Sébastien Bouchet,0.5719759325838834,0.5766
Símon Þórhallsson,0.33348143479220005,0.2494
Sławomir Kurpiewski,0.7103877345131976,0.744
Sơn Đặng,0.6216332679127523,0.6445
Tabaré Bustelo,0.7726191683862897,0.8256
Tahsin Tajwar Zia,0.2825044164624661,0.1892
Talaibek Osmonbekov,0.7075863363094441,0.7399
Talibov Shiroghlan,0.7118202700866437,0.7473
Tamas Banusz,0.06259225086708549,0.0178
Tamas-Kristof Balla,0.8708983487820046,0.9217
Tamaz Mgeladze,0.43761866911534464,0.3763
Tangi Migot,0.7525806682854302,0.7967
Tanitoluwa Adewumi,0.4090737262877531,0.3395
Tanraj Sohal,0.900659600469352,0.9514
Tarasova Viktoriya,0.7354710980779194,0.7751
Tarini Goyal,0.4593894169007413,0.4041
Tarun Kanyamarala,0.407305940247827,0.3388
Tatev Abrahamyan,0.7969671253862598,0.8519
Tatiana Bogumil,0.366356195169612,0.2894
TatjanaVasilevich,0.7683206841942096,0.8174
Tehni4arce,0.3756093965417648,0.3006
Teimur Toktomushev,0.21836160141631447,0.1269
Tejas Rama,0.3163249848613342,0.233
Teodora Injac,0.5761127745082062,0.5829
Terry Luo,0.4900492622101771,0.4479
ThaKanielOutis,0.07873249709431633,0.0256
Tharushi T.H.D. Niklesha,0.7230144707044874,0.7599
The_filthy,0.859009680165638,0.9109
Theo Bressy,0.15985166302091586,0.079
Theodore Slade,0.40333235972815445,0.3336
Thomas Bauer,0.9028864001680817,0.9525
Thomas Beerdsen,0.818241766749771,0.8761
Thomas Carroll,0.43034803017012246,0.367
Thomas Christensen,0.588658699575441,0.5985
Thomas Decker,0.6161085787975156,0.6371
Thomas Diem,0.6474131281078882,0.6716
Thomas Eggleston,0.8415656088869572,0.8972
Thomas Kahlert,0.16011957735521307,0.0794
Thomas Michalczak,0.49842419928541987,0.4653
Thomas Rendle,0.6278194545978637,0.6512
Thomas Thiel,0.3501137535087817,0.2705
Thore Perske,0.3009814172026449,0.2134
Tiago Batista Oliveira,0.5549158270347382,0.551
Tiago Carvalho Mangialardo,0.5349169150224491,0.521
Tiago Cunha Navarro,0.4704763046750897,0.4215
Tigran Mukhutdinov,0.20666969195024212,0.1169
Tigran Nazaretyan,0.48718961793374305,0.4438
Tihomir Yanev,0.5685764785855296,0.5711
Tikhon Popov,0.762639534153964,0.8078
Tikhonov Viacheslav,0.3747547854755087,0.2991
Tim Grutter,0.4981834945096934,0.4638
Tim Kett,0.48965605797431494,0.4471
Timofey Iljin,0.918634291233141,0.9655
Timofey Smirnov,0.5989147984045651,0.6134
Timur Gareyev,0.5466333922879258,0.5391
Timur Kocharin,0.4805036709580207,0.4353
Timur Yonal,0.6370850292129964,0.6594
Tobias Kölle,0.7469824335428231,0.7907
Tobias Lang Nilsen,0.6803291565145215,0.7106
Tobias Rizzo,0.8867445023767033,0.938
Tobias Voege,0.6674256754742107,0.6961
Todd Andrews,0.7875256825126644,0.8419
Todd Bryant,0.7550094488671688,0.8
Tom Decuigniere,0.0771116731337759,0.0245
Tom O'Gorman,0.43282233557688155,0.3707
Tomas Kraus,0.41210836664743394,0.344
Tomas Laurusas,0.7844049427827863,0.8382
Tomasz Jaskolka,0.5168202522551979,0.4909
Tomasz Mika,0.34115814795599936,0.259
Tommi Luukkonen,0.8503563934512073,0.9024
Tomáš Vaněk,0.7870379119680727,0.8412
Tor Fredrik Kaasen,0.5520956081314111,0.5466
Torben Søraas,0.5273213673671949,0.5095
Trisha Kanyamarala,0.7701430712364269,0.8197
Tsvetan Stoyanov,0.8087751821878013,0.866
Tuan Minh Le,0.350973723218652,0.2727
Tudor Henry Edward,0.7788425317607086,0.8319
Tuna Özateş,0.9225599760572234,0.9685
Tunahan Makaraci,0.23211220939707072,0.1377
Turkan Mamedjarova,0.8025851723742903,0.8586
Tyhran Ambartsumian,0.24577569370232796,0.1532
Tykhon Cherniaiev,0.2393754756877915,0.1443
Tyler Tanaka,0.2295802290626149,0.1351
Tymon Ochedzan,0.7717910032063477,0.8241
Tymur Keleberda,0.5693639755029157,0.5718
Tyrell Harriott,0.8847142568745087,0.9358
UKR_Master,0.6152168936384264,0.636
Ufuk Sezen Arat,0.42554048180832654,0.3588
Ugur Doga Yazici,0.11638985727493387,0.0508
Uliana Dudkina,0.9604545009188058,0.9918
Ulises Hernández Bermúdez,0.6941964397478271,0.7265
Ulrich Zimmermann,0.8528333875227387,0.9043
Umid Aslanov,0.829372692695217,0.8865
Umut Erdem Gündüz,0.8956133159586853,0.9458
Unknown_IM,0.5837595172754865,0.5922
Uurtsaikh Agibileg,0.5437021066848826,0.534
Uwe Kleibel,0.436740705053592,0.3751
Vache Hovakimyan,0.44623584552529644,0.3892
Vaclav Finek,0.1447997857452455,0.0712
Vadim Bobkov,0.43149805351268566,0.3681
Vadym Petrovskyi,0.9494289627161134,0.9881
Vahan Nalbandyan,0.22999426020957445,0.1358
Vahap Sanal,0.55473347051618,0.5503
Vahe Baghdasaryan,0.6946103741160623,0.7273
Vahe Danielyan,0.4895366718628936,0.4468
Vaibhav Raut,0.6157498806617548,0.6367
Vaishali R,0.48618925986242534,0.4427
Valdis Troņenkovs,0.5083901356140204,0.4772
Valentin Dragnev,0.608466556480415,0.6282
Valentina Golubenko,0.793755085609714,0.849
Valentina Gunina,0.7802279601244788,0.8334
Valentyn Hulka,0.2991543882335595,0.2115
Valentyn Prokofiev,0.8620735308180837,0.9135
Valeria Viana,0.8096633978321804,0.8668
Valerie Ruchinskaya,0.4433409227409214,0.384
Valerio Carnicelli,0.48558730370244635,0.4412
Valeriy Grinev,0.6077049940057198,0.6267
Valery Kazakouski,0.4062533186255587,0.3384
Valery Skatchkov,0.5669363837524252,0.5677
Valiantsin Yezhel,0.33741060217458224,0.2534
Vantika Agrawal,0.7114992073314808,0.7462
Vardan Danielian,0.19671799668183465,0.1069
Varun Krishnan,0.7076314785670242,0.7403
Varuzhan Akobian,0.01720526155779565,0.0007
Vasif Durarbayli,0.6129420059190489,0.6319
Vasil Trickov,0.06908779449640054,0.02
Vasilii Titarov,0.47123626122170437,0.4223
Vasiliy Korchmar,0.7665280761035685,0.8148
Vasily Volovich,0.12484113013456885,0.0601
Veaceslav Slovineanu,0.1659916292020359,0.0831
Vedant Goswami,0.3724558849145218,0.2957
Vedant Nitin Vekhande,0.7088788828835921,0.7417
Vedant Panesar,0.4855822435960501,0.4408
Velimir Ivic,0.7930641023123359,0.8479
Veronika Minina,0.7134819230405766,0.7499
Veronika Shubenkova,0.9243256899007306,0.9699
Viachaslau Zarubitski,0.11756993537031438,0.0527
Viacheslav Mikhailov,0.5050740855264453,0.4727
Viacheslav Rozhkov,0.6686706521543209,0.6972
Victor Bologan,0.4059346637073677,0.3373
Victor Labussiere,0.9315993224197594,0.9759
Victor Mikhalevski,0.27124807352292163,0.18
Vidar Grahn,0.2482827586335242,0.1562
Vidit Gujrathi,0.36235150298314023,0.2842
Vignesh N.R,0.038739763654918546,0.0089
Vignir Vatnar Stefansson,0.2729164255078506,0.1814
Vihaan Jammalamadaka,0.8232887439165051,0.8816
Viktor Berezin,0.9049187828654807,0.954
Viktor Dmitrenko,0.3744224660399189,0.2983
Viktor Ianov,0.554043037140145,0.5492
Viktor Neustroev,0.5973641987218923,0.6119
Viktor Parfenov,0.11479081143423694,0.0494
Viktor Poddubnyi,0.7165207315350892,0.7532
Viktor Romanchuk,0.08876506023143046,0.0319
Viktor Skliarov,0.26602501155434943,0.174
Vilka Sipilä,0.7238265082013109,0.7607
Vilmos Balint,0.70753586817216,0.7395
Vince Gergő Turcsányi,0.8829377778535281,0.9317
Vincent Keymer,0.12795243762693964,0.0609
Vincent Riff,0.40462642186461756,0.3347
Vinicius Tiné Martins,0.5177238697474779,0.4931
Vinzent Spitzl,0.2909842254582474,0.1989
Visakh NR,0.05040541146105999,0.0137
Vitaliy Bernadskiy,0.5194360505579205,0.4957
Vitaliy Garbuz,0.3173494764065671,0.2341
Vitaly Rodchenkov,0.5154564939776195,0.4887
Vitaly Teterev,0.26043071805867146,0.1688
Vitor Ferreira,0.8756351538229907,0.9262
Vitorio Chemin,0.3297468846646715,0.2464
Vittorio Cinà,0.8435094365630382,0.8991
Vitus Bondo Medhus,0.7519915194729441,0.7948
Vivaan Vishal Shah,0.4646687281703665,0.413
Vjacheslav Weetik,0.4445846074507269,0.3852
Vlad Lymar,0.595949972748068,0.6085
Vlada Sviridova,0.6003247143046359,0.6163
Vladimir Belous,0.5319719773596826,0.5161
Vladimir Bugayev,0.6241206646299876,0.6475
Vladimir Burmakin,0.20948673864096934,0.1191
Vladimir Bychkov,0.4943171372726408,0.4557
Vladimir Chernikov,0.6498866567266005,0.6753
Vladimir Damjanovic,0.2565215857236187,0.1651
Vladimir Demin,0.5216143029166848,0.5006
Vladimir Dobrov,0.7432770426114734,0.7855
Vladimir Fedoseev,0.47699495461156455,0.4297
Vladimir Grabinsky,0.46983514971316503,0.4197
Vladimir Hamitevici,0.12263831227535242,0.059
Vladimir Mikhailovsky,0.8050409548516153,0.8616
Vladimir Sakun,0.2006526275993235,0.1102
Vladimir Seliverstov,0.5538506285381738,0.5477
Vladimir Zakhartsov,0.2895079950639947,0.1963
Vladimir Zemerov,0.43801903092506234,0.377
VladimirKramnik,0.02322924481052391,0.0019
Vladimír Bochnička,0.5905717023765804,0.6015
Vladislav Artemiev,0.043995058601157634,0.0115
Vladislav Efremov,0.5126232637344975,0.4835
Vladislav Gontcharov,0.47701850754671016,0.4301
Vladislav Kovalev,0.03388276321246166,0.0071
Vladislav Voitovich,0.3506748969251158,0.2716
Vladyslav Baziuk,0.7481128894981511,0.7915
Vladyslav Sydoryka,0.48252419527056534,0.4378
Vo Quoc Bao Tran,0.543747421005299,0.5343
Vojislav Milanovic,0.41952720637388363,0.3532
Vojtěch Plát,0.041090087477078915,0.01
Volen Dyulgerov,0.8106596051562402,0.8679
Volkan Yirik,0.6772067937496644,0.7083
Volodar Murzin,0.1696841968687534,0.0865
Volodya Torosyan,0.8614251739044636,0.9128
Volodymyr Onyshchuk,0.3412723452623076,0.2594
Volodymyr Vetoshko,0.2830936525826156,0.19
Volodymyr Vusatiuk,0.8114939989513916,0.869
Volodymyr Yaniuk,0.2414937408617765,0.1477
Vsevolod Ovchinnikov,0.18938412153083264,0.1013
Vsevolod Rytenko,0.24490649802230288,0.1521
Vugar Manafov,0.6227861522392413,0.6464
Vugar Rasulov,0.20815935841606215,0.1184
Vuk Damjanovic,0.10105408000179132,0.0397
Vuk Djordjevic,0.37102814341912727,0.2939
Wagner Guimarães,0.4446692388353638,0.3859
Walter Cuevas Araya,0.3457082504581834,0.2653
Wanderlei Lukachewski Junior,0.10379415815776198,0.0416
Ward Al-Tarboush,0.6627864674610119,0.6894
Wellington Albuquerque Jr.,0.24299484744110883,0.1503
Wesley So,0.2753376473928476,0.1833
Wiktoria Śmietańska,0.735510706972002,0.7755
Wilfredo Sariego Figueredo,0.5041303980730287,0.4709
Willi Skibbe,0.3202170972014726,0.2375
William Alfaro Caracas,0.3589908275589214,0.2813
William Coe,0.5957933641680297,0.6082
William Ferreira Da Cruz,0.32301639523287295,0.2397
William Graif,0.3402705682971464,0.2586
William Hernandez Gonzalez,0.6916954755981084,0.725
William Olsson,0.757403633205191,0.803
Wilson Morales,0.4435013825699622,0.3844
Witold Klepek,0.41364783919879977,0.3455
Wladimir Zampronha,0.4790519100340003,0.4334
Wojciech Przybylski,0.45631535685838964,0.4019
Wojciech Śmieszek,0.7978602324026024,0.8534
WonderChampion,0.7923809195415064,0.8475
Wouter Terlouw,0.31645864818993885,0.2334
Xavier Martinez Pla,0.9232372854145906,0.9692
Xeniya Balabayeva,0.8973965434882405,0.9481
Xiaobing Gu,0.8209452831106191,0.8779
Xu Yi,0.5491929005266094,0.5436
Yaacov Norowitz,0.09553202000565567,0.036
Yagiz Kaan Erdogmus,0.48703452766273214,0.4434
Yago Labussiere,0.3142787978284746,0.2304
Yahli Sokolovsky,0.5311491974825447,0.5139
Yair Parkhov,0.2700602482593343,0.1785
"Yang, Kaiqi",0.4487964519084639,0.3922
Yaroslav Demchenko,0.4815905799948824,0.4364
Yaroslav Remizov,0.485660447287651,0.4419
Yaroslav Shevchenko,0.372676262936522,0.2965
Yasin Emrah Yagiz,0.4424362952409682,0.3826
Yelfry Torres,0.8803742424258509,0.9299
Yelyzaveta Hrebenshchykova,0.7211784165205912,0.7581
Yevhenii Yelisieiev,0.34281294948698154,0.2612
Yichen Han,0.34397649668060676,0.2631
Yidong Chen,0.5911502725522377,0.6019
Yilin Li,0.516970701957173,0.4924
Yinn Long Wong,0.5111294373282352,0.4816
Yoav Milikow,0.6144227373154745,0.6349
Yoel Estarling Polanco Nunez,0.5438526847138977,0.5347
Yotam Shohat,0.40219808952374014,0.3317
Yovann Gatineau,0.3058285552527555,0.2174
Yudel Romero Arzuaga,0.5205259893035896,0.4983
Yulia Efremova,0.7634445995511943,0.8093
Yuliia Osmak,0.47663752572513596,0.4289
Yuniesky Quesada,0.6734560370994456,0.7046
Yuri Kozin,0.7108137903426194,0.7451
Yuri Zhizmer,0.23562296529569907,0.141
Yurii Khodko,0.4981645632870332,0.4635
Yuriy Dovzik,0.5573196503122466,0.5536
Yuriy Kuzubov,0.269861468262246,0.1781
Yvain Bruned,0.27095747730941655,0.1792
ZAHAR HILKEVICH,0.29586680310606334,0.2056
Zacarias M Ruben D,0.5647907421792786,0.5625
Zachary Calderon,0.32563314411291333,0.2416
Zachary Liu,0.8925148983584389,0.9429
Zachary Tanenbaum,0.7344137764719376,0.7718
Zahar Efimenko,0.3286034065309145,0.246
Zala Urh,0.755112394196747,0.8004
Zane Nasir,0.25745376280429266,0.1655
Zarikovs1999,0.49745117763513214,0.4609
Zarina Nurgaliyeva,0.4970241807475816,0.4597
Zarina Shafigullina,0.5352414712166859,0.5217
Zaur Mammadov,0.49326451786442044,0.4531
Zaur Tekeyev,0.2663343419181763,0.1744
Zbigniew Pakleza,0.12941794590984007,0.062
Zeinep Sultanbek,0.6078829367136646,0.6275
Zhamsaran Tsydypov,0.8377863034962993,0.8928
Zhanibek Amanov,0.23928832234830155,0.144
Zhaoqi Liu,0.8589723794656186,0.9102
Zhongyi Tan,0.5929852316440851,0.6041
Zlatko Lisjak,0.7262242589319606,0.7622
Zmiyevik2200,0.2415391900563039,0.1481
Zoey Tang,0.775193926271154,0.8282
Zoran Velickovic,0.4076573170594388,0.3391
Zou Chen,0.5575888018315958,0.554
Zozek Salah Mohammed Mohammed,0.522860278488652,0.5024
Zsigmond Szajbely,0.2509116629659017,0.1584
Zsoka Gaal,0.6070973349575463,0.626
Zsolt Korpics,0.5265165793103129,0.5065
Zurab Javakhadze,0.6910052564635156,0.7224
Zurab Tqebuchava,0.3330195855620125,0.2486
Zviad Izoria,0.06144927091046076,0.0171
abelmat,0.8823230866630178,0.931
anon102030,0.6385908181972304,0.6631
anon219,0.24316458415332462,0.1506
anon481216,0.31418145735817044,0.2301
anon569,0.7376296842538635,0.777
anon6121824,0.7648705023011336,0.8122
anushurvan graf,0.5628844784297224,0.5607
asghar golizadeh,0.6096908619324213,0.6297
bait_or_mate,0.2836091236381365,0.1904
barte bongo,0.7311204094446685,0.767
boris abrashkin,0.7350462806818372,0.7737
bratkoo,0.8596807747444037,0.9117
broskolis,0.5196662656797559,0.4965
buddika amarasinghe,0.6743147197123777,0.7054
c_r_e_e_p_e_r,0.9336839702428625,0.9777
champ2005,0.37419645241603666,0.2976
edison ruge,0.7166969505950969,0.7536
elamier fathy,0.22921938458376118,0.1347
esapunov,0.698671027733585,0.7288
freshfoodcompany,0.35552668395499043,0.2761
goofypenguin96,0.4167172483976197,0.3495
hermionegrangermagic,0.7806895392751076,0.8345
infinitegiantkiller,0.3027554173410411,0.2156
kamran SHIRAZI,0.6651631605306654,0.6946
khoipham,0.8997150847179277,0.9503
kirillshevchenko,0.4947216387453751,0.4564
londonkid,0.5416181424836148,0.5314
malakismayil,0.5945661221173281,0.6056
mapleaff,0.42582853181070635,0.3592
mattcolins2025,0.7914593528733224,0.846
mauro vargas,0.7440241120940702,0.7863
moshe katzir,0.6076418634312538,0.6263
natelleka,0.2819110936808147,0.1885
paradise10,0.7176845781552671,0.7544
parintele_chess,0.4491163743493026,0.3926
patzer-reloaded,0.2145143380047287,0.1232
pawel jaracz,0.5745712244153386,0.5796
realmadridtv,0.3609307349144782,0.2827
samarth Rao 1664 Leavud Rating,0.8052991544085604,0.862
sau6on,0.5598854600893103,0.557
scandalgod,0.5046396232647504,0.4712
shakked tifferet,0.5098928027466318,0.4798
sofiko tereladze,0.45239091394514885,0.397
starplatinum2030,0.5625897817887205,0.5603
thechesscorner 64,0.898189333610862,0.9488
thisunaa,0.8569646356651598,0.908
vesal hamedi nia,0.9442646789891216,0.9852
winniethepooh04,0.9253881226982011,0.9714
x-0147207515,0.5297463802935962,0.5124
x-0618534659,0.8089895917390401,0.8664
x-3704738925,0.10041337599482843,0.039
x-3738459472,0.5146122502855262,0.4868
x-5963514717,0.4610381313531824,0.4067
x-8127726737,0.2584109101305476,0.1659
x-9960558865,0.7546179377626432,0.7996
yaguigor,0.11899908579257652,0.0542
zbigniew wieczorek,0.6204703749202486,0.6427
Ágoston Juhász,0.5337044447644266,0.5191
Álvaro Valdés,0.578911253500312,0.5844
Ömer Faruk Özer,0.6563483429475481,0.6827
İlhan Serhat Salman,0.49588803183245433,0.459
Łukasz Licznerski,0.30104045176649075,0.2137
Štěpán Hrbek,0.5840555932349771,0.5929
Аrtеm Odеgоv,0.5110812354001195,0.4813
Азат Габдрахманов,0.8963469603329953,0.9469
Александр Брюхович,0.9133899236104757,0.961
Алексей Мокшанов,0.2752796275997298,0.1829
Андрей Хромкин,0.4039815696993572,0.3343
Артём Синявский,0.5214730288610413,0.4998
Валерий Свиридов,0.1881049172886464,0.1006
Варвара Полякова,0.4183035479053311,0.3506
Владимир Матвеев,0.6823965759338346,0.7143
Володимир Михальський,0.4750883434824716,0.4278
Гор Глиджян,0.24746925257400632,0.1547
Григорий Гусаров,0.39874977046585797,0.3269
Гульдона Каримова,0.4111151597198094,0.3429
Гурвич Виталий,0.6279588326619708,0.6519
Даниил Постников,0.7572521312134483,0.8026
Данил Найдин,0.5757750312277093,0.5814
Денис Денисенко,0.2910616335672061,0.1993
Димитрий Король,0.48240129769321705,0.4375
Евгений Бурмакин,0.653937915716488,0.6794
Екатерина Кабанова,0.790430371071182,0.8453
Игорь Князев,0.39561480925495107,0.3236
Илья Дерябин,0.44701159595353757,0.3904
Илья Чеклецов,0.4703466768465462,0.4212
Максим Матюнин,0.7862606378263639,0.839
Максим Щекачихин,0.29834441496880476,0.2093
Маргарита Филиппова,0.2801870181401577,0.1855
Матфей,0.7723573821396548,0.8249
Матфей Юрасов,0.7637178342968413,0.8104
Микола Боднар,0.5965120078655219,0.61
Михаил Экдышман,0.5920473549365497,0.6022
Наталья Зайнуллина,0.5889326361455612,0.5989
Нечитайло Нікіта,0.5652770415694812,0.564
Никита Довбня,0.8119130182244637,0.8701
Никита Майоров,0.805652845227448,0.8627
Николай Гриценко,0.15683424307520868,0.0768
Николай Оглоблин,0.16242024423689633,0.0809
Николай Хныкин,0.8267055314255252,0.885
Олег Губанов,0.6174709261097808,0.6393
Олег Кислов,0.3832171954781374,0.3087
Павел Торопов,0.2845918580202223,0.1907
Рамиль Садыков,0.28176498757844526,0.1881
Рамиль Хасангатин,0.07947194474711919,0.0263
Руслан Габдушев,0.566926375581954,0.5673
Руслан Пахомов,0.5995499416229129,0.6145
Сергей Ярый,0.3323677934335574,0.2475
Соловьев Александр,0.49458456055134353,0.456
Спартак Высочин,0.19083882781540112,0.1028
Феликс Тульчинский,0.5452653422207582,0.5373
Шубин Кирилл,0.6505592088067391,0.6768
Эдуардо Гербелли Нето,0.42195840536845186,0.3566
Эмир Шаршенбеков,0.7531383790980052,0.7978
Яков Гинзбург,0.13671034290376835,0.0653
Ян Дьомін,0.4970632663190379,0.4601
אהרן בגראטיוני,0.767138983930042,0.8163
