CenterControlScore,PieceActivityScore,KingSafetyScore,CastlingScore,KingTropismScore,KingDefendersScore,KingPawnShieldScore,KingZoneControlScore,KingDiagonalExposureScore,KingEscapeSquaresScore,CaptureRatio,PawnCenter,AveragePawnAdvanceDepth,CheckRatio,ForceRatio,PawnIsolateScore,PawnOverlapScore,PawnProtectScore,queen_1LifeRatio,rook_1LifeRatio,rook_2LifeRatio,bishop_1LifeRatio,bishop_2LifeRatio,knight_1LifeRatio,knight_2LifeRatio,pawn_1LifeRatio,pawn_2LifeRatio,pawn_3LifeRatio,pawn_4LifeRatio,pawn_5LifeRatio,pawn_6LifeRatio,pawn_7LifeRatio,pawn_8LifeRatio,queen_promo_1LifeRatio,queen_promo_2LifeRatio,queen_promo_3LifeRatio,queen_promo_4LifeRatio,queen_promo_5LifeRatio,queen_promo_6LifeRatio,queen_promo_7LifeRatio,queen_promo_8LifeRatio,Name,ELO
18.964361845084795,174.3602246649984,-60.929058829845225,-15.289429011114358,-12.014005217763994,3.9976526236715135,-5.900421419184109,-33.94645758495837,-10.605996314109989,12.829598093614075,0.2154976525821596,0.4501549295774648,19.35211267605634,0.0536760563380281,0.006394366197183,0.1265586921139372,-0.2511046210869214,1.793733773868769,0.6836669456950775,0.8773547450004808,0.7801122410338776,0.621493748231051,0.5903935744599259,0.4838852580124164,0.571439030098765,0.8348197013097981,0.8465174382702032,0.8319325129954366,0.6041942032247247,0.575862989578133,0.6145491624383058,0.768195554088547,0.8341008334890373,0.0747082222605578,0.0363636363636363,,,,,,,Ajay Karthikeyan,2806.0
17.292430735930736,161.843306998557,-75.25830427632333,-16.454117364117366,-14.122323516342565,3.9973333333333327,-8.279965728715728,-39.86717111592112,-11.067476551226552,10.535416666666666,0.211,0.4096,20.2,0.0344,0.0114,0.06910293410293408,-0.09867003367003364,2.4746216931216933,0.6615021919976048,0.7373644703919934,0.7070371341197029,0.75245148735057,0.6022563369352361,0.3737228642916716,0.5687041276766047,0.7489300913154124,0.7446762900707855,0.49627715403862194,0.6144296804113318,0.5634937050716867,0.6033593073593074,0.8506422018348623,0.9151515151515153,0.0,0.0,0.0,0.0,0.0,0.0,0.0,0.0,Ajay Karthikeyan,2806.0
24.27164855072464,220.06690821256038,-44.31243738155488,-15.418276972624799,-10.90628802567726,4.0,-2.7992149758454103,-19.26534822866345,-9.807367149758454,9.884057971014494,0.2004,0.4789999999999999,16.0,0.0274,0.0,0.048047504025764874,-0.11652576489533009,1.7931863929146536,0.9149847094801224,0.9100917431192661,0.9302752293577982,0.8383441641182466,0.8812213302752294,0.5350011831949905,0.60656500291248,0.9412844036697248,0.9779816513761468,0.8458715596330275,0.5867741553808068,0.5158750182029999,0.8717261904761905,0.8239755351681957,1.0,0.0,0.0,0.0,0.0,0.0,0.0,0.0,0.0,Ajay Karthikeyan,2806.0
16.315319069259186,155.02066620419185,-71.86263431169736,-13.646536222163899,-10.986804760272381,4.0,-13.119778932941662,-43.19862206547191,-10.718106963673728,15.807214632826197,0.217,0.5154,22.6,0.0824,0.036,-0.09130496173071993,-0.14938069812211688,1.3604290119051456,0.5004159912239972,1.0,0.7996336996336997,0.5232912997553473,0.7064945226917058,0.4127554802499205,0.38853503386490784,0.8609546165884193,0.7482967983338629,0.6536282019602998,0.5283337451610246,0.5585960205678515,0.3386974116403323,0.8621266057885777,0.8258886653252849,0.0,0.0,0.0,0.0,0.0,0.0,0.0,0.0,Ajay Karthikeyan,2806.0
19.756723227752637,184.69948906485672,-61.20956339287852,-13.271719457013575,-12.450920858941867,4.0,-5.448293740573153,-36.25719268476621,-9.491815610859728,11.710378959276017,0.1832,0.5682,11.6,0.016999999999999998,0.0,-0.024788838612368032,-0.29166666666666663,1.7566251885369533,0.8405541469434189,0.9633333333333333,0.8806625725863727,0.6139207085265488,0.7582685960903783,0.7070042194092827,0.6315169627965719,0.8247306872848921,0.839676458395596,0.8062147753236862,0.8097642208232507,0.8572001503947864,0.5400843881856541,0.908860759493671,0.8939466098508586,0.0,0.0,0.0,0.0,0.0,0.0,0.0,0.0,Ajay Karthikeyan,2806.0
18.537098307098308,187.99965151965148,-68.14383918190167,-15.073151173151171,-12.317242805305304,4.0,-6.113949113949114,-39.947273784773785,-10.031537719037718,11.339315414315413,0.24259999999999998,0.4974,21.2,0.11000000000000001,0.013800000000000002,0.04819423819423817,-0.07900752400752395,2.089565389565389,0.7270457697642163,0.8304920022282349,0.9753424657534246,0.5292838937610979,0.7174637911825561,0.478844517646111,0.5363020914282309,0.8111458167542045,0.880574566289989,0.8600771695830879,0.7032709200184929,0.3681459272730784,0.544523866366537,0.7902968036529681,0.9238095238095237,0.0,0.0,0.0,0.0,0.0,0.0,0.0,0.0,Ajay Karthikeyan,2806.0
17.864935064935064,167.08593073593073,-67.25844903521775,-17.373737373737374,-13.84481267158138,4.0,-2.678932178932179,-38.82611832611833,-11.78051948051948,13.245670995670997,0.18460000000000001,0.38520000000000004,20.0,0.05439999999999999,0.0054,0.02950937950937952,-0.5715728715728716,1.2143578643578643,0.6788862247746007,0.7706338191071016,0.6130052871356523,0.48343003895529507,0.49385876803941436,0.3550392664127236,0.3985275698014917,0.8626402518307822,0.7298890246277289,0.8227096860057228,0.5519692052397633,0.3327679572158824,0.2763134891809155,0.7101660365201984,0.7783063099537022,0.0,0.0,0.0,0.0,0.0,0.0,0.0,0.0,Ajay Karthikeyan,2806.0
19.546666203168748,163.8121482294148,-62.3398182628959,-14.782057624842006,-13.280153636083563,4.0,-5.945150861619452,-36.97249974159991,-9.848609367200199,14.488652968449234,0.21279999999999996,0.5589999999999999,22.2,0.0264,0.0,0.19265362290829183,-0.056132962720399006,2.006671973717814,0.5668035398237505,0.9095890410958904,0.7764335642943452,0.4030307024004259,0.7318122026950549,0.5733506653617358,0.7438267639456094,0.8771929824561404,0.9192821854112176,0.9273566435705656,0.7674469885845098,0.5091703758087458,0.5638261130167542,0.6660454172338722,0.712988115449915,0.0,0.0,0.0,0.0,0.0,0.0,0.0,0.0,Ajay Karthikeyan,2806.0
22.981456349206347,202.66023809523807,-54.62953303683908,-11.383174603174604,-14.177021132077169,4.0,-7.227321428571429,-27.52990079365079,-9.305428571428571,10.993313492063493,0.23139999999999997,0.5153999999999999,11.8,0.0334,0.0,0.11020238095238097,-0.26354761904761903,2.431388888888889,0.8502380952380953,0.9857142857142858,0.9968253968253968,0.7956031746031746,0.662968253968254,0.5148095238095237,0.9942857142857143,0.7948571428571428,0.8590476190476191,0.9879999999999999,0.9199999999999999,0.761904761904762,0.7213333333333333,0.825,0.836111111111111,0.0,0.0,0.0,0.0,0.0,0.0,0.0,0.0,Ajay Karthikeyan,2806.0
18.606157701947176,198.13073019086175,-63.65613480408497,-15.475457875457874,-10.542260535079123,3.98974358974359,-8.542623385386543,-37.21495646166699,-10.455476672450356,14.584896536212323,0.2274,0.48020000000000007,16.2,0.1032,0.0482,-0.07831068054752263,-0.030306535569693437,2.124976061949746,0.8701296357983568,0.7804579718389987,0.670591250651875,0.7627512214079502,0.5761448026088546,0.4807319799106642,0.5688267367857847,0.9690476190476189,0.7985249534018519,0.7707861425716189,0.6637561070397512,0.4768834532106115,0.43741182309706855,0.7847833743083352,0.9263171261962331,0.05,0.0,0.0,0.0,0.0,0.0,0.0,0.0,Ajay Karthikeyan,2806.0
20.155252346041816,184.09933904407586,-48.87734596262054,-14.94002157160052,-11.37507182613587,4.0,-1.563136010504431,-26.335539342118288,-10.394498851077799,11.730921638816374,0.22820000000000001,0.4154,21.0,0.041600000000000005,0.0,0.14197825645194068,-0.07536643062958848,1.785544682913104,0.7316727217595894,0.7860615242362815,0.8161989589358012,0.751082095508696,0.6873332012416616,0.27368349177649126,0.588832905907145,0.8179771684626054,0.7909420676410968,0.9822687787429739,0.7904069744402615,0.45563788806273664,0.659887583035258,0.7303945578231292,0.7665620094191523,0.0,0.0,0.0,0.0,0.0,0.0,0.0,0.0,Ajay Karthikeyan,2806.0
17.245682465682464,150.50620046620048,-60.69262301675396,-15.562652162652162,-13.92033863446959,4.0,0.8850815850815851,-37.09172494172494,-10.84073815073815,11.837749287749286,0.21059999999999998,0.42119999999999996,19.8,0.0128,0.0,0.2037244237244237,-0.28164724164724164,1.599031339031339,0.5902335679142721,0.7353051491129339,0.7630890721170596,0.3740294659953303,0.5662560224134999,0.4844596501754821,0.6719062985489423,0.7715989247112343,0.8079703140433996,0.72647791248873,0.6665420071966717,0.5769121312125349,0.46732442817359543,0.7914295668331205,0.8853787438899505,0.0,0.0,0.0,0.0,0.0,0.0,0.0,0.0,Ajay Karthikeyan,2806.0
19.837303351096455,192.306794752312,-53.52424709624546,-15.16576098645064,-10.877847593294227,3.98974358974359,-4.852395631705976,-28.066963780756886,-10.241610629196837,11.690587935415522,0.22560000000000002,0.3256,15.2,0.0492,0.008799999999999999,0.5613162233851889,-0.3816802478871444,1.583611091197298,0.8325371491469454,0.8087426160337554,0.7763037974683543,0.8486357243319269,0.6445114657860942,0.49307576591451097,0.7231884057971014,0.942608695652174,0.8838781874885342,0.8389349628982977,0.5178706089992977,0.47981923806029475,0.7433449941695819,0.8621434599156117,0.947980187121629,0.0,0.0,0.0,0.0,0.0,0.0,0.0,0.0,Ajay Karthikeyan,2806.0
18.014342403628117,173.6586989795918,-65.72348203455607,-14.991609977324265,-14.893226932515258,4.0,-7.566198979591837,-35.75891439909297,-10.292117346938776,13.778585600907027,0.23080000000000003,0.6241999999999999,16.4,0.0484,0.0082,0.07130952380952382,-0.14965986394557823,2.320283446712018,0.6591725536368394,0.9068452380952381,0.9118622448979592,0.7743055555555556,0.6370320948892377,0.3203826530612245,0.7385223704866563,0.6680082417582417,0.7497645211930926,0.9426059654631083,0.7913343799058085,0.9020408163265307,0.5125425170068026,0.7021683673469388,0.836111111111111,0.0,0.0,0.0,0.0,0.0,0.0,0.0,0.0,Ajay Karthikeyan,2806.0
17.118692354990777,166.7296098927376,-60.32957986911374,-12.917401106784178,-10.082889973643349,4.0,-7.667657306825168,-35.14733210357314,-10.72404181184669,12.20974243355879,0.1762,0.5186,18.6,0.05639999999999999,0.0073999999999999995,0.11568627450980393,-0.4673362027737925,1.7118671858987498,0.6773170731707318,0.8032873806998939,0.7527147401908801,0.6718275008837045,0.5180397470641374,0.6222648083623693,0.6871862849063273,0.7323942500294568,0.77,0.8478437610463061,0.6414528101802757,0.6550728565256667,0.5651451800232288,0.5594036257132757,0.745351714386709,0.012195121951219499,0.0,0.0,0.0,0.0,0.0,0.0,0.0,Ajay Karthikeyan,2806.0
20.23213840739971,180.89391792926108,-52.65741431292444,-12.70425939122336,-10.15447029813641,3.9904761904761905,-5.389535692765138,-28.312888462576524,-9.941198343336357,9.854461684637156,0.183,0.6106,12.8,0.0392,0.0048000000000000004,0.057226803569891425,-0.058225034675634724,1.344518337148786,0.7950348953140578,0.9119047619047619,0.8932212885154062,0.8351896690879741,0.4477524405437219,0.6898972049369133,0.6666193537613759,0.9031932773109244,0.8739305891848265,0.9175141242937853,0.7041162227602905,0.7197971602434077,0.7140312396144898,0.9406779661016949,0.9323030907278165,0.0,0.0,0.0,0.0,0.0,0.0,0.0,0.0,Ajay Karthikeyan,2806.0
17.773794389971236,156.56535139056007,-51.577946351789286,-15.849610267700944,-9.83920127784511,4.0,-5.277376411254193,-27.882951964022084,-11.005285783774095,14.276479352807147,0.24860000000000002,0.47040000000000004,23.8,0.11200000000000002,0.0036,0.21294382290946637,-0.3119151412747583,1.7589761996193989,0.5972071249529751,0.9445544554455445,0.7954247454317199,0.6183855406045556,0.4978070196474243,0.45957259347081314,0.651797216128364,0.8589451482461679,0.8188714841633417,0.681931345317542,0.7719900497512437,0.550630492397824,0.522957971484134,0.9060244233378562,0.8447761194029851,0.015064310169334679,0.0,0.0,0.0,0.0,0.0,0.0,0.0,Ajay Karthikeyan,2806.0
20.485247035573124,202.50862718802938,-41.88359836865293,-8.815415019762845,-10.876266352842661,4.0,-4.401559853190287,-22.54171607378129,-9.007212027103332,9.75857095802748,0.18819999999999998,0.39059999999999995,12.8,0.020999999999999998,0.0,0.11168266516092602,-0.3887972896668549,1.770140457368718,0.889090909090909,1.0,0.9290909090909091,0.865763888888889,0.6755660774410774,0.7569886363636364,0.8122411616161618,0.9777777777777779,0.9690909090909091,0.8127272727272727,0.7177840909090909,0.751986531986532,0.8745454545454546,0.7283333333333333,0.8916666666666666,0.01818181818181818,0.00727272727272726,0.0,0.0,0.0,0.0,0.0,0.0,Ajay Karthikeyan,2806.0
21.756461769115447,200.12798100949524,-48.62342796373922,-13.70487613336189,-11.276883378888787,4.0,-0.41482116084814785,-26.112911401442137,-9.394217177125723,8.280281287927465,0.2754,0.4686,9.6,0.0678,0.0,0.0767416291854073,-0.18645962732919255,1.7758549296780182,0.8040851803563669,0.9802816901408452,0.8616711269699673,0.7068649582099595,0.8241254567824156,0.7010020138213024,0.8756422294450463,0.9355932203389831,1.0,0.9333969921222248,0.6510987423201116,0.5779937022042285,0.8264887571040276,0.7969953051643193,0.8985915492957746,0.0,0.0,0.0,0.0,0.0,0.0,0.0,0.0,Ajay Karthikeyan,2806.0
19.633033633033634,182.52204462204463,-52.00822103633328,-12.223776223776223,-12.36649609460834,4.0,-9.289543789543789,-24.970029970029966,-9.621578421578423,12.463203463203465,0.2224,0.3298,12.2,0.031,0.013600000000000001,0.16786546786546783,-0.22204462204462203,1.94002664002664,0.7218281718281718,0.8680652680652681,0.9508158508158508,0.7308191808191808,0.5435397935397935,0.7768398268398269,0.5907592407592407,1.0,1.0,0.8228271728271729,0.5546287046287046,0.5814019314019314,0.8245254745254744,0.9636363636363636,0.8552447552447553,0.0,0.0,0.0,0.0,0.0,0.0,0.0,0.0,Ajay Karthikeyan,2806.0
20.70249570546422,205.59016499121444,-63.7263180300321,-14.520434693148337,-11.156307033424406,4.0,-3.101161897113921,-39.63391238743563,-9.915862447856451,10.601360428946636,0.274,0.48640000000000005,12.2,0.0464,0.0104,0.002478220349284821,-0.1318966139955645,2.127032264843359,0.8400000000000001,0.9802816901408452,0.828014652014652,0.6934138162307176,0.8900922778047595,0.6394914776012396,0.4866634075007072,0.8666666666666666,1.0,0.9774647887323944,0.7545539906103287,0.6430733863837312,0.40365626473251537,0.8482849350746389,0.8985915492957746,0.0,0.0,0.0,0.0,0.0,0.0,0.0,0.0,Ajay Karthikeyan,2806.0
22.08512987012987,215.9192857142857,-50.56638846187826,-14.468181818181819,-11.167833267073064,4.0,-4.404464285714286,-23.48100649350649,-10.219577922077923,9.174675324675324,0.2124,0.4736000000000001,13.0,0.06359999999999999,0.0,0.015535714285714274,-0.5872727272727273,1.7382792207792206,0.8877006880733944,0.8583862620559868,0.8382246376811594,0.8106102911846829,0.8578459480122322,0.5554483344072494,0.841802536231884,0.964102564102564,0.953125,1.0,0.6260046868767452,0.46725917431192665,0.7025048773690078,0.9198822463768117,0.9913043478260869,0.003125,0.0,0.0,0.0,0.0,0.0,0.0,0.0,Alexander Zubov,3018.0
17.918686679174485,165.22493559072507,-82.35729928648382,-14.51887968257673,-14.27903014099518,4.0,-9.969023043708537,-50.98522150506746,-10.33509778539817,13.729952871262245,0.20280000000000004,0.4008,20.4,0.0688,0.0,0.022612063161485504,-0.4539114697882349,1.4669456089481765,0.6356123819400785,0.6591470827085788,0.8069290610553164,0.5387221317685748,0.6642113466383928,0.20814298993970753,0.8190873786407767,0.8421963972580903,0.7509575278954683,0.761991735581599,0.6800182590986518,0.40743875552475456,0.16052952318189687,0.7629673202614379,0.9163398692810457,0.0,0.0,0.0,0.0,0.0,0.0,0.0,0.0,Alexander Zubov,3018.0
19.043251928568385,150.17228530025994,-45.77509605643392,-12.271448663853729,-9.219436081153683,3.2,-1.0027873673443295,-29.03902314282061,-8.292884541618719,10.850483740357157,0.16899999999999998,0.384,16.4,0.0344,0.0,0.0773170523803435,-0.3913924050632911,1.2078203980735627,0.6664216887146823,0.9163196488786598,1.0,0.6516255449863543,0.7499545040946314,0.6312630142154309,0.7063012324533493,0.934453781512605,0.9554140127388535,0.7694160466734464,0.6739767538568587,0.6676604826698495,0.5367464366115546,0.8353430308919256,0.8114863779906868,0.0,0.0,0.0,0.0,0.0,0.0,0.0,0.0,Alexander Zubov,3018.0
19.10627629436923,155.3537875734223,-58.389849607041086,-14.373990751913222,-11.737951200652452,4.0,-6.254881495585794,-32.95100838854844,-11.240002259357919,14.167984489016737,0.19699999999999998,0.32819999999999994,22.8,0.0374,0.0021999999999999997,0.1085509220526976,-0.2057083823815924,1.1633313141004127,0.5213075965906642,0.8140006879944959,0.5645602516808996,0.7361454597472131,0.6984134450794846,0.6785996246683492,0.4018283025916425,0.6104343312077942,0.6924557424405131,0.9079866092778575,0.5677813539867919,0.4149338055157594,0.3923714724636461,0.7133883728930168,0.6756117862452543,0.0,0.0,0.0,0.0,0.0,0.0,0.0,0.0,Alexander Zubov,3018.0
21.998466202178836,196.40518051234403,-59.18183638715649,-14.248509935519166,-12.586303867144014,4.0,-8.573803291808527,-30.15043707497902,-10.37041609490294,12.747633877197178,0.174,0.5362,21.0,0.030800000000000004,0.0,0.14778580085784934,-0.43689760057028276,1.8313285373762025,0.7340277900960828,0.727321687462864,0.8028227642276423,0.7149368983957218,0.5010491833688391,0.6706868686868688,0.6111297363882728,0.8881744271988176,0.6032384968769474,0.861640798226164,0.9313131313131313,0.745068330362448,0.39137926177122734,0.6998673796791444,0.8304019129603061,0.0,0.0,0.0,0.0,0.0,0.0,0.0,0.0,Alexander Zubov,3018.0
22.030970180284534,193.2473378330215,-46.28555716313845,-12.813704000712821,-10.89810360793931,4.0,-1.868827408001426,-26.714043519261043,-9.3495364430188,11.358657815794945,0.229,0.45380000000000004,16.2,0.1242,0.0218,0.08469419198669398,-0.6770662181828981,1.5853470551545932,0.7752354773685176,1.0,0.8859813084112149,0.7843613707165108,0.7536067207256735,0.635984907120743,0.7247278724573941,1.0,0.8184496976360638,0.978125,0.8982456140350876,0.7411732456140351,0.4712178165658787,0.7292348130841122,0.9161737218251786,0.01869158878504672,0.0,0.0,0.0,0.0,0.0,0.0,0.0,Alexander Zubov,3018.0
23.63416004880993,230.0249658461342,-51.89824739821381,-14.66647752273244,-12.502050638905322,4.0,-5.591841593454497,-26.286350558026406,-10.850901380712553,13.999374295617411,0.2272,0.5904,16.6,0.0396,0.0064,0.06638657661474341,-0.2588876112086183,1.7346532515690658,0.9087378640776699,1.0,0.9242718446601941,0.6885932304841813,0.7571817719358702,0.7109794339939175,0.4841487386070552,0.9475728155339805,0.8737864077669902,0.9359223300970875,0.7802422667773614,0.7006735997395945,0.5409771187802591,0.7500827473415752,0.5734427035379777,0.0,0.0,0.0,0.0,0.0,0.0,0.0,0.0,Alexander Zubov,3018.0
20.67125142401458,195.55697055137844,-48.287137875449034,-15.848507632718158,-12.083560750819277,4.0,-1.7983552631578945,-22.890044714057872,-10.435987696514013,10.769318181818182,0.2084,0.47759999999999997,20.8,0.0378,0.0,0.20097431077694233,-0.05143939393939392,1.53607997265892,0.7033946103791588,0.804769527912937,0.8785714285714284,0.619032894515753,0.7675185670598514,0.6295755001476875,0.6549595141700404,0.8236813186813187,0.8480036630036629,0.8757875457875457,0.5818708468418754,0.27982640970810935,0.5628918449971081,0.5536138422980528,0.8804511278195488,0.0,0.0,0.0,0.0,0.0,0.0,0.0,0.0,Alexander Zubov,3018.0
23.0950289449113,229.8639850606909,-56.94035064396128,-15.437161531279179,-10.924380522579403,4.0,-0.7082539682539685,-33.75127917833801,-9.542375350140057,9.423099906629318,0.19540000000000002,0.6372000000000001,13.4,0.0566,0.0,0.0657254901960784,-0.4830401493930906,1.5631447245564893,1.0,0.827914262494172,0.8272347055929146,0.8672259151212698,0.7549609299208015,0.5830418533336528,0.52148125985001,1.0,0.9785714285714284,0.8893964244710514,0.8415465754149543,0.8163476972465737,0.37908252117782315,0.7222407839798415,0.9074626865671641,0.0,0.0,0.0,0.0,0.0,0.0,0.0,0.0,Alexander Zubov,3018.0
21.937916696238243,207.92343928263125,-73.06553322757019,-14.990407030736824,-14.922625518574634,4.0,-6.3625302951369225,-40.32847128788622,-9.776711847002952,9.315212751767374,0.179,0.5378,17.4,0.004,0.0,-0.029398919316154105,-0.37663186029128626,2.118432112467629,0.8414141414141415,0.9426770708283314,0.8038654983973956,0.6903328536172327,0.9431251288394146,0.642586044513497,0.3898721789624103,0.9529411764705882,0.9337211520122068,0.9231052536849939,0.8429721184248347,0.719399298484696,0.2979649787087043,0.7926882902693787,0.959575345289631,0.0,0.0,0.0,0.0,0.0,0.0,0.0,0.0,Alexander Zubov,3018.0
21.360516908212563,216.46277294685993,-58.7190483102742,-13.064347826086955,-12.138917875491583,4.0,-3.215434782608696,-36.00323671497584,-9.168173913043479,10.871062801932366,0.24200000000000005,0.4628,12.2,0.0424,0.0248,0.03335748792270533,-0.633743961352657,1.6764492753623188,0.8777777777777777,0.949367088607595,0.9311111111111112,0.8422222222222222,0.8498412698412698,0.9574683544303797,0.4685946783776801,0.9620253164556962,0.9533333333333334,0.9822784810126581,0.574625850340136,0.828344671201814,0.6054806395131892,0.8044186113263871,0.9844444444444445,0.0,0.0,0.0,0.0,0.0,0.0,0.0,0.0,Alexander Zubov,3018.0
18.069229432663583,164.07712918900503,-65.61355830838309,-16.23520807032402,-13.49849993848213,4.0,-7.826968636283565,-35.41365565905074,-10.959824047865947,14.320598043623317,0.20860000000000004,0.2564,25.4,0.0852,0.012199999999999999,0.15667257938784987,-0.5828453355465482,1.9813280172340693,0.6361738936099749,0.8716577540106952,0.8617314791297723,0.433319271909183,0.7080802348925487,0.4602297165889544,0.2836295773431563,0.7106014877438442,0.7289385893685211,0.9155577623303544,0.5219364035825278,0.49584330995547815,0.7059911575595903,0.6802923209547428,0.700559777339963,0.0010695187165775401,0.0,0.0,0.0,0.0,0.0,0.0,0.0,Alexander Zubov,3018.0
20.009853173184847,180.38123168231155,-73.48391208464481,-16.021985803595506,-13.117413906224112,4.0,-8.503520930917938,-42.49138584247258,-10.431844184427849,13.08223858299316,0.193,0.5154,22.8,0.1,0.007600000000000001,0.20599848253980196,-0.33726121635094714,1.7042682988769542,0.5616455070913859,1.0,0.836885290148448,0.5276428919134684,0.5534824693710142,0.5728225238813474,0.8868070175438596,0.81391452991453,0.9425281151596941,0.6532534820360044,0.6829240824534942,0.5619235267656321,0.511426112736236,0.7974507856767334,1.0,0.00133333333333332,0.021333333333333322,0.0,0.0,0.0,0.0,0.0,0.0,Alexander Zubov,3018.0
18.758288965936025,199.56764000705178,-50.286661084002915,-10.409096785567373,-10.887134728005975,4.0,-7.523053417171065,-27.897844312550195,-9.198383381324557,11.628851540616246,0.25339999999999996,0.47940000000000005,15.2,0.036000000000000004,0.0,0.18641378229613526,-0.34209437621202327,1.932022683199154,0.805880721220527,0.9113590263691684,0.8718908922792418,0.6719352488233324,0.6990823915773207,0.6660108087426467,0.5430637524510976,0.9475728155339805,0.7620217018846374,0.9216366158113731,0.8248387456757058,0.4220975300063111,0.799661933739013,0.6532886391918669,0.6753528595904381,0.0,0.0,0.0,0.0,0.0,0.0,0.0,0.0,Alexander Zubov,3018.0
20.864111253785847,193.90340701851338,-49.15697212016734,-10.019069291159402,-11.30906320805317,4.0,-4.620965330039172,-28.599182148681525,-9.454492628772979,10.84580048653891,0.21979999999999994,0.4466,15.0,0.042199999999999994,0.014799999999999999,0.06611619502733394,-0.17311314467760022,1.8684864197129527,0.8116641065028162,0.9188405797101449,0.7302713773681516,0.7827359617682198,0.7367817964592158,0.8691517323775388,0.6600131752305666,0.9772727272727273,1.0,0.9507246376811593,0.7472879330943847,0.6564021164021164,0.5082817421527099,0.8022814399251986,0.8948148148148147,0.0059259259259259196,0.0,0.0,0.0,0.0,0.0,0.0,0.0,Alexander Zubov,3018.0
23.381891891891893,215.25596837653978,-58.96889955967352,-13.982974811546239,-11.344850285909954,4.0,-4.626561867990439,-32.14146289146289,-9.866845743702887,8.9937960409389,0.187,0.5484000000000001,15.6,0.0204,0.0,-0.05708843537414965,-0.38060672917815774,2.259629221057792,0.8833333333333334,0.7804040404040404,0.952112676056338,0.861111111111111,0.8760202020202019,0.6759536207141841,0.528486840233319,0.898,0.8777171717171719,0.8599231754161331,0.7886934130032721,0.7898634229620145,0.6782390098164747,0.8933333333333333,0.9626666666666667,0.0,0.0,0.0,0.0,0.0,0.0,0.0,0.0,Alexander Zubov,3018.0
17.981389245263212,160.40018181492266,-70.31327826582726,-15.972883456634582,-10.90470699821873,3.9903225806451617,-8.215204464964778,-42.20983951632109,-11.121378592445208,14.120412182111972,0.21459999999999999,0.356,31.2,0.08180000000000001,0.0062,0.22689227081716848,-0.3685326511432573,1.3458266049008085,0.5311698173081282,0.8371501925545571,0.6058914486282608,0.5680123095600601,0.42478238983343913,0.4247662774920439,0.5839176532116199,0.7404662453507126,0.6797208594688966,0.8767641325536063,0.4254624498838906,0.5545741490478332,0.6413060977438384,0.502756624376023,0.7452287920158177,0.00317640385706182,0.0,0.0,0.0,0.0,0.0,0.0,0.0,Alexander Zubov,3018.0
18.43345020943163,192.0356537528998,-61.366875198528305,-16.792866230984302,-11.374432774860232,4.0,-1.7475805945239569,-35.72983727224063,-10.605152572263751,10.882994246344563,0.1996,0.5509999999999999,20.6,0.0884,0.007000000000000001,0.0933463322435453,-0.1457424727128053,0.8410037420376048,0.8397627965043697,0.8113373003445036,0.7997888165312064,0.7185230751428956,0.6296002694794596,0.3918050815894314,0.44772763163363755,0.7438462315109293,0.9268812447224143,0.8981481481481481,0.4697119570550442,0.5199865219886018,0.27922256941082335,0.6484105889143946,0.8837632536793796,0.0,0.0,0.0,0.0,0.0,0.0,0.0,0.0,Alexander Zubov,3018.0
21.499928726189534,190.78666012859193,-49.88252354285808,-15.964241128888029,-11.732411662619189,3.965957446808511,-2.101376367351845,-25.80644440144365,-11.0575943109954,12.813586881631528,0.176,0.6124000000000002,22.0,0.0432,0.007600000000000001,0.009157174730780865,-0.3433514816215598,2.1090289932830815,0.6322497932175353,0.9053763440860216,0.868476621417798,0.7696582097594116,0.6058711778066617,0.7413702784670526,0.7545201115093588,0.9191618417424869,0.8518886131789358,0.8676592224979321,0.759764418587948,0.9162393162393162,0.5488793922127255,0.8142164392638775,0.8705882352941178,0.0086021505376344,0.0,0.0,0.0,0.0,0.0,0.0,0.0,Alexander Zubov,3018.0
20.495224130708003,216.16888935437322,-48.793751685137735,-11.833496252851091,-11.243416536415497,3.9903225806451617,-3.278976399944142,-26.25836708094772,-9.626574500768049,9.456756505143602,0.24,0.39120000000000005,20.0,0.06799999999999999,0.0032,0.0841874970907229,-0.11648745519713262,2.172392124005027,0.9146078541972198,0.7764537950723019,0.897212543554007,0.5672489102054766,0.6789685775246802,0.8386852784217294,0.390096621218762,0.8795010240178737,0.8729224849500403,0.9218390804597701,0.8186648345356693,0.5304664523068922,0.6369087527689264,0.8962328554583255,1.0,0.0016260162601626,0.0,0.0,0.0,0.0,0.0,0.0,0.0,Alexander Zubov,3018.0
20.56614132406484,189.6146443639903,-56.796603171128766,-14.74889777856372,-11.458702020158825,3.984938491947864,-5.011297866716551,-31.34075082625392,-10.202614456194476,11.980721284810851,0.2083471760797342,0.4814501661129569,19.659468438538205,0.0479501661129568,0.0048338870431893,0.1173071724737636,-0.3020950600098022,1.6772991450159749,0.7319651352661859,0.8907424401345371,0.8191849939991644,0.680932211352996,0.6385917374536096,0.5837546746617354,0.598867921122419,0.9060200107015765,0.8661190534457952,0.8622877347641065,0.7304144090339139,0.556345768008313,0.4608144019520313,0.7675849242150452,0.8389676787750925,0.0403813990636938,0.034578366445916,,,,,,,Alexander Zubov,3018.0
22.50493245862406,206.0653899708331,-40.58450047268503,-13.472329871376198,-10.909507970122268,4.0,-4.186834648916701,-21.4840310163402,-8.900040597693216,14.368243631763557,0.2142,0.528,14.2,0.0246,0.0,0.004773872335869322,-0.06315838652176411,2.1471825746174695,0.8176786843769766,1.0,0.8458675424192666,0.7042345525529455,0.8114942528735632,0.4241037920544562,0.632380048793711,0.9260278304870336,1.0,0.9199999999999999,0.8528503815319232,0.4756694594782666,0.6363372935381049,0.8545257257519248,0.8448179271708683,0.0,0.0,0.0,0.0,0.0,0.0,0.0,0.0,Andrey Gorovets,2877.0
20.36129575463533,190.8447315331088,-55.93535064138264,-14.383912474119466,-11.2926109969578,3.9983022075647097,-6.5890069375143625,-29.976198347091,-10.067904387494774,12.375980294230054,0.2197262357414448,0.4425982256020279,17.991128010139416,0.0554841571609632,0.0073295310519645,0.1171615792803578,-0.3146830031432102,1.7944707640688586,0.754670448686095,0.8989916247862334,0.8399236196400789,0.6949333254007706,0.6755170094144128,0.5613582333612297,0.6060581971466903,0.9122353537581748,0.8785638770241231,0.8501730510962918,0.7555358502510915,0.5437775921951756,0.5775647521801563,0.8093525774403345,0.8686072362838992,0.0459432533611863,0.0634359762997721,,,,,,,Andrey Gorovets,2877.0
19.758728935372012,187.3301005028002,-64.2586114419706,-15.172708652991767,-13.780649262592835,4.0,-4.137456409448321,-35.13672020598209,-10.616206644720295,10.585129733764719,0.22399999999999998,0.47400000000000003,18.6,0.0396,0.009600000000000001,0.46231513683485376,-0.3161231084385786,1.411468982651996,0.7119758672699849,0.7584831792248672,0.807420814479638,0.7250613154960981,0.8311312217194571,0.6923785166240408,0.5356521739130435,0.9565217391304348,0.7381572562135222,0.9529411764705882,0.8141176470588235,0.35566791265000985,0.7058823529411764,0.9784615384615385,0.7999396681749623,0.00235294117647058,0.0,0.0,0.0,0.0,0.0,0.0,0.0,Andrey Gorovets,2877.0
20.297519634749754,204.63822016976658,-58.361680412149134,-11.513181693304219,-11.599774404043158,4.0,-4.163200669549923,-35.147891229292526,-9.31265117978435,9.375018763825045,0.2294,0.46559999999999996,14.0,0.042800000000000005,0.0,0.3246671934699057,-0.24724994547869703,2.0786266862660128,0.9508771929824562,1.0,0.8012560752567438,0.6724137931034482,0.7325150983830119,0.6180058131714958,0.6054355641805325,0.948936170212766,0.9770114942528736,0.8187288708586884,0.7665385573467136,0.6857770537738703,0.7436212234440055,0.6706007205244521,0.856663343303423,0.0,0.0,0.0,0.0,0.0,0.0,0.0,0.0,Andrey Gorovets,2877.0
19.854975280710573,187.0489473353444,-63.69421646780745,-10.584611194905314,-13.185316476186864,4.0,-3.525436777275013,-43.09255069549187,-8.59797322775264,11.291671903804257,0.21960000000000002,0.5254000000000001,19.2,0.066,0.0178,-0.013527526395173479,-0.42266214177978884,1.6785581112786996,0.7693732193732193,0.9245701357466063,0.7983760683760683,0.618399530752472,0.6881766381766381,0.6960717278364338,0.4941930618401207,0.9278917378917377,0.8058404558404557,0.9678062678062679,0.9079772079772079,0.8451566951566953,0.33229763700351933,0.833996983408748,0.8870370370370371,0.02115384615384614,0.0,0.0,0.0,0.0,0.0,0.0,0.0,Andrey Gorovets,2877.0
21.124945166935554,203.9938573300413,-56.62317881655569,-13.7165152852181,-12.590366449330151,4.0,-7.6059114529945,-31.24831608565308,-9.050792145397498,13.588722602037631,0.20299999999999999,0.47059999999999996,15.4,0.0134,0.0,0.016848056999052202,-0.00851063829787234,3.367930248657771,0.9341176470588234,1.0,0.8712598470473234,0.6458064516129032,0.5787073773791042,0.6638077166350411,0.7592766373411534,0.9526881720430108,1.0,0.9741935483870968,0.9165085388994306,0.6685009487666034,0.7720430107526882,0.6452498418722328,0.9387096774193548,0.0,0.0,0.0,0.0,0.0,0.0,0.0,0.0,Andrey Gorovets,2877.0
21.432101806239736,197.91654380372842,-42.448124317608816,-14.089168356997973,-10.277062210007156,4.0,-3.8921162947937793,-18.541751183231913,-9.538122862938277,9.890096590360281,0.20800000000000002,0.4218,17.2,0.05639999999999999,0.0,0.3281557036607746,-0.5400479088186998,2.0545457355355934,0.7385054903060579,0.8346388602106133,0.9423728813559322,0.8694610778443114,0.8133134328358208,0.6189897220484404,0.5879745381137721,0.9029940119760479,0.9940119760479043,1.0,0.8850704109023333,0.39483882971602263,0.47147284390890914,0.8550898203592816,0.9761542957334892,0.0,0.0,0.0,0.0,0.0,0.0,0.0,0.0,Andrey Gorovets,2877.0
21.97524024024024,197.19683222183224,-59.50001545313535,-13.783366483366484,-11.15065856377846,4.0,-8.21906516906517,-31.678183378183384,-10.258054873054872,11.589313014313014,0.19060000000000002,0.5826,19.2,0.063,0.008400000000000001,-0.13052494052494049,-0.03860574860574858,1.6545965445965447,0.7216133751306165,0.9066666666666666,1.0,0.638898343036274,0.7218181818181819,0.5222122704881326,0.7326556202418272,0.821191222570533,0.7368108672936259,0.8885714285714286,0.8087774294670848,0.6944785788923721,0.4958095238095238,0.6290085087326467,0.8535757575757575,0.02363636363636362,0.0,0.0,0.0,0.0,0.0,0.0,0.0,Andrey Gorovets,2877.0
18.70685367923177,185.74377914991567,-60.289551059638995,-14.55797581874101,-12.08435394839538,4.0,-5.862725296708794,-36.366338913788276,-10.115553119048993,14.69739603704345,0.21339999999999998,0.372,18.0,0.07680000000000001,0.014000000000000002,0.17695321266213987,-0.4781746718730965,1.2717241703588291,0.7375976624531538,0.8376068376068375,0.7547904119002384,0.40740329035126716,0.5274964983635504,0.4695532598422772,0.6294715688935342,0.9283236994219652,0.760110666469048,0.8065965826081433,0.7036725317072138,0.6373670773670773,0.4483427105970458,0.9384615384615385,0.8265895953757226,0.03387060915962648,0.0,0.0,0.0,0.0,0.0,0.0,0.0,Andrey Gorovets,2877.0
21.167057930669426,180.8777154901642,-40.27886364925255,-9.78244828586826,-10.947442471251344,3.9848484848484844,-6.892578579651084,-19.552877241317738,-9.141017190743593,12.052651634730978,0.1876,0.4997999999999999,18.6,0.039400000000000004,0.0,0.2818690429497543,-0.14605563155494752,1.4918590301627237,0.7206888753723545,0.959090909090909,0.9450888192267503,0.7952455590386625,0.618549104009732,0.6854887006971413,0.8124832992820641,1.0,0.9862068965517242,0.9071577847439917,0.7976363636363636,0.507692034429039,0.7094283129805519,0.8445083014048531,0.9724137931034482,0.0015151515151515,0.01666666666666666,0.0,0.0,0.0,0.0,0.0,0.0,Andrey Gorovets,2877.0
21.200258300897246,218.06692402341486,-58.78434550718911,-15.096534059414385,-10.594182138952714,4.0,-7.282231876907334,-29.911828968928358,-10.394839646949181,10.495271183962867,0.26080000000000003,0.659,15.2,0.0804,0.004,0.05366573470021746,-0.0333986928104575,1.797802508390744,0.9336853685368537,1.0,0.7660072712274102,0.7557056361185284,0.6674437656531611,0.46258101981600663,0.45512800713951346,0.9465346534653465,0.8245984598459846,0.8514851485148516,0.7997893406361912,0.8322130936497905,0.46287650573072214,0.6511995487784189,0.8864864864864865,0.0198019801980198,0.0,0.0,0.0,0.0,0.0,0.0,0.0,Andrey Gorovets,2877.0
20.855476190476192,190.0669047619048,-45.19083278443653,-15.14126984126984,-9.885793101896844,4.0,-8.287499999999998,-19.01746031746032,-10.845119047619047,13.986309523809524,0.2,0.6242000000000001,17.0,0.08320000000000001,0.0098,0.0680952380952381,-0.3351587301587301,1.8716666666666666,0.7598812849162011,0.9703703703703704,0.8738943202979514,0.7858459595959595,0.6239848437823298,0.6113714738947513,0.4125284580754786,0.9753086419753085,0.9296089385474862,0.7284722222222222,0.89375,0.7562842813610969,0.335900305036711,0.8099041313194014,0.8355555555555554,0.0,0.0,0.0,0.0,0.0,0.0,0.0,0.0,Andrey Gorovets,2877.0
17.98294796057622,177.97289678240057,-61.751826516670555,-12.95018651957256,-12.116576548451707,4.0,-6.0928885150920475,-35.85150331155377,-10.802656230662958,12.06198460866249,0.24359999999999998,0.43339999999999995,14.2,0.05500000000000001,0.0128,0.010783617932482541,-0.09027564149515366,2.136657599567608,0.6989617546307547,0.840049854590777,0.9136321839080461,0.8809885057471265,0.5926060154737363,0.6382274759415019,0.5381489594742607,0.9493563218390804,0.8086857514638905,0.7213728041639558,0.807415870378064,0.7718390804597701,0.5567359595120294,0.5939161498421675,0.9844827586206897,0.0,0.0,0.0,0.0,0.0,0.0,0.0,0.0,Andrey Gorovets,2877.0
19.704192908413443,161.03170689279563,-49.603329384394655,-15.014971998369859,-9.148928940425145,4.0,-11.394968416001683,-20.77580842734507,-10.942326032125814,13.673674429872912,0.262,0.30260000000000004,14.8,0.08399999999999999,0.013800000000000002,0.22358413118885795,-0.25807962529274,1.4288373830213588,0.5363556654996652,0.8639344262295083,0.8864224137931036,0.5816815392069773,0.7675008610001377,0.9004098360655737,0.712433103258262,0.9129411764705881,0.823625843780135,0.720281719245075,0.5722199790034725,0.4476111462108868,0.8568965517241379,0.6859353905496625,0.9368004522328999,0.0,0.0,0.0,0.0,0.0,0.0,0.0,0.0,Andrey Gorovets,2877.0
21.965223869832165,185.73865676566137,-62.17951331660927,-14.561657083316069,-12.007785781471595,4.0,-4.831337556452764,-36.837327419124655,-9.88226170143221,11.940856225188023,0.2352,0.4902,17.8,0.077,0.014599999999999998,0.018864177297357027,-0.15437877023130475,0.9765438094931183,0.6975819418676561,0.7471583178726036,0.8755102040816325,0.6481789638932496,0.7460683578716365,0.47617046497608556,0.6783238541318166,0.8523210123210123,0.766530612244898,0.7206293706293706,0.9079625292740048,0.3093534958406153,0.3493854233198495,0.7528571428571429,0.7602721088435374,0.0,0.0,0.0,0.0,0.0,0.0,0.0,0.0,Andrey Gorovets,2877.0
21.42091107742832,187.43661639509915,-49.267708019511964,-14.93936844764431,-8.902145180052567,4.0,-12.498325123152709,-19.04962675255779,-11.143860174308452,13.265617658203865,0.2338,0.418,20.4,0.088,0.013800000000000002,0.2603203233548061,-0.24838095238095237,1.989824428445118,0.748664101046008,0.9102784810126583,0.8011924669229025,0.7506281742849505,0.785934435416083,0.5956741561476994,0.6645370585098405,0.9116279069767442,0.9257364341085271,0.9291531743695417,0.8116742833402576,0.5488807279099649,0.5648345149399686,0.8333333333333333,0.7066944667201283,0.0,0.0,0.0,0.0,0.0,0.0,0.0,0.0,Andrey Gorovets,2877.0
18.40683171009542,174.1468530570533,-50.022945107591724,-14.109025730115274,-12.012659408930503,4.0,-10.553736401201718,-20.4356617727838,-10.35208066923592,13.440218874675486,0.21259999999999998,0.3386,18.0,0.1266,0.0034000000000000002,0.07656814938183173,-0.35823754789272033,2.1538798779532113,0.6585541819552916,0.8890756302521009,0.8079167243687394,0.7751271628920153,0.5563763141355458,0.5967087880526625,0.7156862745098038,0.8471602434077079,1.0,0.8264995653433788,0.5476931002285973,0.4754973546476271,0.6134523181261861,0.9672413793103448,0.9775862068965517,0.0,0.0,0.0,0.0,0.0,0.0,0.0,0.0,Andrey Gorovets,2877.0
18.461376587826756,165.68840900607418,-60.88627459004988,-17.536586469397218,-10.554828550709104,4.0,-10.10692761885371,-29.40297402920583,-11.268118191998372,13.983160270114357,0.1922,0.20380000000000004,24.6,0.0472,0.0,0.1277926521655525,-0.04440564661169364,1.7495045641182259,0.5228851212401736,0.8456720430107527,0.9644235562201808,0.5451260414441359,0.5894347447989832,0.4450985393348136,0.5094655700348929,0.8915512743327312,0.9387537627934979,0.7794902669074855,0.5551001793193632,0.20131130790925705,0.5347963074453141,0.9242424242424242,0.773558518317117,0.01059602649006622,0.0,0.0,0.0,0.0,0.0,0.0,0.0,Andrey Gorovets,2877.0
21.104567413263066,208.19767237593322,-49.98423681630462,-12.938515590689505,-11.123191581346344,4.0,-6.996267018006148,-25.446969696969695,-10.036495388669302,12.557202459376372,0.16160000000000002,0.4074,14.6,0.0174,0.0,-0.0441040843214756,-0.023232323232323222,1.8569169960474305,0.8383333333333333,0.907487922705314,0.8984736355226642,0.8282608695652174,0.7035383903792785,0.8131196581196581,0.6027604623765586,1.0,0.893840579710145,0.9805555555555555,0.976086956521739,0.28671278716144577,0.7123835343400561,0.9636363636363636,0.8818376068376068,0.0,0.0,0.0,0.0,0.0,0.0,0.0,0.0,Andrey Gorovets,2877.0
21.47249875621219,223.75185456149848,-51.8871233175934,-14.783449596118896,-9.810126291069691,4.0,-10.779020412382248,-22.94705384237677,-10.599886499618366,13.03241332397258,0.22559999999999997,0.4276,17.8,0.0452,0.0,-0.0043160681499345935,-0.5636775338048519,1.4522917803179656,0.9266698098381265,0.9025534851621808,0.7774214377959534,0.6651515596946758,0.6385591018729203,0.5334275034835705,0.6494486057301382,0.9746031746031747,0.7716557680612782,1.0,0.7191856182739922,0.7935250667923934,0.6442477739063105,0.6363100630317537,0.7351124807072436,0.00415411106328024,0.0,0.0,0.0,0.0,0.0,0.0,0.0,Andrey Gorovets,2877.0
17.9110641594499,146.1771002600731,-51.16952998221984,-16.57142638747989,-12.969204800754028,4.0,-3.2864021870838633,-26.846061422658874,-10.102930864592889,14.606495680349699,0.2052,0.28159999999999996,22.6,0.040400000000000005,0.0038,0.05737219905396436,-0.08880660417346035,1.887947234319579,0.551520780389923,0.8461538461538461,0.5493438117519063,0.5589568993832523,0.5440315746849561,0.4845632696830525,0.4496806025976361,1.0,0.8561352558038646,0.9364142670932576,0.6606530264460961,0.1712464072420982,0.7699675470635436,0.8142565160312971,0.8549874314118242,0.0,0.0,0.0,0.0,0.0,0.0,0.0,0.0,Andrey Gorovets,2877.0
19.739261407278345,180.69508554967345,-60.67338592343753,-16.754574585315396,-11.710510679264162,3.9846499889303626,-6.267975378513714,-31.69084695746139,-10.5895422051919,12.355413893378664,0.211819397993311,0.3692809364548495,18.40468227424749,0.0580468227424749,0.0087257525083612,0.1103083729194303,-0.1976114500857928,2.0921753026514014,0.7171346039342906,0.9098154233977056,0.7762559436644108,0.6955775841705708,0.633161091174144,0.5853904332455447,0.6008592087189515,0.868522788463386,0.8618519738835223,0.8516449989929408,0.5995031521211943,0.5540500738225602,0.65375906318898,0.7752350162284923,0.8112176486972016,0.0845313562592793,0.1169639699857349,0.3236994219653179,0.3121387283236994,,,,,Arash Tahbaz,2979.0
19.28919672919673,167.75656565656567,-55.76308332787981,-17.901443001443006,-12.178006367802855,3.9913636363636362,-4.753391053391054,-28.43799903799903,-10.288116883116883,13.80450937950938,0.1936,0.4018,20.6,0.059199999999999996,0.0108,0.19146224146224147,-0.11769119769119767,2.377594997594998,0.6443951093951095,0.8790723270440252,0.8284169884169884,0.5675436487700638,0.5573809523809523,0.7551206867244604,0.39537942254923386,0.7742768509749641,0.8312934362934363,0.8776819407008085,0.7255282776037493,0.6329021879021879,0.4086936936936937,0.840913770913771,0.9747747747747748,0.01,0.0,0.0,0.0,0.0,0.0,0.0,0.0,Arash Tahbaz,2979.0
21.38173816215764,189.91454705565238,-56.31778543220089,-18.057656978661267,-12.525159516917292,4.0,-2.926587581976437,-27.03877361156908,-10.9083788685289,11.138771125452081,0.23820000000000002,0.41740000000000005,14.6,0.0428,0.0066,0.18764805480972047,-0.02850241545893718,2.3058633106704143,0.8168433508239333,1.0,0.6833582430337317,0.70447921542482,0.9125,0.5106258816326644,0.7040908292620621,0.8978829389788293,0.9357792892039466,0.9695756298496025,0.4451357432521815,0.635888383461199,0.7694931686436541,0.8276442004597346,0.7234361290834891,0.0,0.0,0.0,0.0,0.0,0.0,0.0,0.0,Arash Tahbaz,2979.0
20.577269678727998,198.7796415952365,-46.91264634861484,-18.442771379964665,-9.747334264381815,4.0,-5.743182784793562,-18.126677381186067,-10.83917015638291,11.98648961809418,0.21919999999999998,0.3336,16.4,0.0312,0.004,-0.030136153460271743,-0.02352941176470588,2.1468850193024926,0.8159505541346974,1.0,0.9043478260869566,0.8245098039215687,0.6707161125319694,0.46444482378363555,0.757546014842145,0.9714285714285715,0.8088060731538992,0.8093006582533228,0.3280420906780388,0.8098124467178176,0.8611423699914749,0.872463768115942,0.8832369013179042,0.006956521739130419,0.0,0.0,0.0,0.0,0.0,0.0,0.0,Arash Tahbaz,2979.0
19.670738492635046,163.6371411021411,-67.83667881050623,-15.77791481584585,-11.801345178620865,4.0,-9.173345759552657,-36.7715762336452,-10.979349681073819,12.666852858232168,0.215,0.546,22.4,0.0368,0.0,0.06889313854831097,-0.4567134263685988,2.3356796093002994,0.6332288401253918,0.7996373564610573,0.7568434371372691,0.5165048837462629,0.6094970185426718,0.43011911168783434,0.4247188800855629,0.6866026797061281,0.8115281624509405,0.6889640733496974,0.7814935064935066,0.6761098873167839,0.7114165890027959,0.7906337371854614,0.8720148477069312,0.00344827586206896,0.0,0.0,0.0,0.0,0.0,0.0,0.0,Arash Tahbaz,2979.0
27.333882185301963,240.13303965559058,-70.30659932772325,-13.622647344166868,-14.073770986709423,4.0,-9.433517766189668,-38.027768008731506,-9.68115025466893,10.532255032743148,0.2032,0.3822,12.8,0.0502,0.0064,-0.07721986417657045,-0.06643706039291773,1.3762099805966528,0.9857142857142858,0.9661538461538463,0.970967741935484,0.8392768521800779,0.8218196856906534,0.9064516129032258,0.723594470046083,0.8912820512820513,0.9076923076923077,0.9158974358974359,0.6226090038993265,0.22028358738036155,0.7731797235023041,0.9774193548387096,0.9514285714285714,0.0,0.0,0.0,0.0,0.0,0.0,0.0,0.0,Arash Tahbaz,2979.0
20.89609908391669,184.90899546162703,-60.38398181251921,-16.39214356954829,-11.010957978469971,4.0,-6.458158297654668,-31.209309387167828,-10.571105098487132,11.257692518808671,0.23359999999999997,0.5246000000000001,17.2,0.0376,0.0,-0.05316567864208517,-0.041174055829228215,2.167879011368122,0.7999111269107714,0.9362068965517242,0.8944336622438293,0.7325097760398152,0.580316605158037,0.6392878748595626,0.6001154681941255,0.765427407499928,0.7742638679884924,0.932829719161038,1.0,0.5043644807775628,0.36414554848704567,0.8178279416992534,0.8047018541732932,0.00344827586206896,0.0,0.0,0.0,0.0,0.0,0.0,0.0,Arash Tahbaz,2979.0
20.99475941989699,192.14394101712176,-63.6531390522311,-15.719590931403076,-11.759431178933566,4.0,-4.221398807997479,-36.905403024330916,-10.031164556057819,10.983849446491762,0.2144,0.3896,14.2,0.0376,0.0064,0.05334308352809304,-0.03904610492845786,2.7423523916977426,0.8162478267741425,1.0,0.8754544017701912,0.6481456110488368,0.61366730543301,0.658877723224073,0.7406971730401273,0.8781096886360045,1.0,0.9976608187134502,0.6601374840763635,0.6038918496473674,0.6251685957118894,0.706784434203789,0.8596491228070174,0.0,0.0,0.0,0.0,0.0,0.0,0.0,0.0,Arash Tahbaz,2979.0
18.997722478238607,192.91063594470046,-51.0558883266978,-13.53036354326677,-10.207892422959969,4.0,-0.23803379416282625,-31.11762416794675,-9.475870967741935,9.51389656938044,0.16419999999999998,0.4084,10.8,0.0494,0.0,-0.015188940092165875,-0.15568253968253967,1.5519467485919098,0.9559055118110237,0.7855993000874891,0.8992125984251969,0.964503937007874,0.7024426946631671,0.5406783988067065,0.7868196721311476,0.9625896762904638,1.0,0.8182780431134633,0.43028848443124934,0.8047244094488188,0.8960629921259843,0.8834645669291339,0.9326965276881374,0.0,0.0,0.0,0.0,0.0,0.0,0.0,0.0,Arash Tahbaz,2979.0
20.254571358050857,186.85872892131633,-49.532361937106046,-17.86363777797961,-10.269848565828566,3.988235294117647,-4.79883638349833,-22.830358224092514,-10.575219427709323,12.817303147884648,0.20260000000000003,0.304,19.0,0.07680000000000001,0.0056,0.11267626539378832,-0.21363298450277352,2.6321322520258748,0.8439433551198257,0.9720588235294118,0.8671677559912855,0.6327493211549493,0.4303665573812879,0.5838210251873488,0.8314768787014023,0.9234858387799564,0.8703921568627451,0.9644444444444444,0.6380484264473143,0.5676176010310228,0.6318740328682333,0.8584033613445378,0.8966884531590413,0.0,0.0,0.0,0.0,0.0,0.0,0.0,0.0,Arash Tahbaz,2979.0
20.251792093355558,182.71222050223597,-51.694634349503794,-15.582400571564659,-10.580424617027797,3.98625730994152,-4.466079886745521,-26.615655843984012,-10.065243708819562,11.62891296869625,0.244,0.44320000000000004,17.2,0.0708,0.0108,0.14553465110740654,-0.05506205181127778,2.1989627159905796,0.674228594892109,0.861986301369863,0.8962899543378995,0.7563977658966844,0.5794098025262409,0.44755009593796224,0.6411377708978329,0.9223684210526315,1.0,0.8934210526315789,0.7461921850079745,0.3970607673494776,0.6651310488146231,0.7375540735400145,1.0,0.0013157894736842,0.0,0.0,0.0,0.0,0.0,0.0,0.0,Arash Tahbaz,2979.0
19.81441268470089,173.0571864871376,-55.690743053358496,-17.752060845929922,-10.814830108017638,4.0,-9.332509806616674,-24.871945331449687,-10.945108608583094,14.025711647238523,0.23020000000000002,0.26339999999999997,22.4,0.047,0.007600000000000001,0.30233180984873165,-0.08609731549936976,1.6964523077408553,0.657072184477514,1.0,0.7367497476318616,0.7265988636004137,0.48069218692530125,0.5998184099800693,0.5681550427132475,0.8200280504908836,0.8011781206171108,0.8626647966339412,0.52122182288566,0.5250033409419251,0.5492498618725827,0.92987012987013,0.7915976029580518,0.006956521739130419,0.0,0.0,0.0,0.0,0.0,0.0,0.0,Arash Tahbaz,2979.0
17.472493082365943,153.6874198603104,-64.88931739451945,-17.57122796479309,-12.15472005563048,3.9560975609756097,-6.269273681689354,-36.236698341732065,-10.384854877003296,13.771359965353222,0.20580000000000004,0.34919999999999995,22.6,0.059399999999999994,0.004200000000000001,0.2548487846697499,-0.2692195983685345,2.2659066551853266,0.4954494260667466,1.0,0.6907131581090594,0.628091017757909,0.6525234064491053,0.3586312970288582,0.585845149641045,0.9483748857851456,0.9595092024539877,0.8585020299087296,0.4706401267514734,0.5571756681947246,0.43038633926412845,0.7214072425213096,0.7030047603480678,0.0,0.0,0.0,0.0,0.0,0.0,0.0,0.0,Arash Tahbaz,2979.0
19.834921871174263,186.29307694451913,-58.50642121766356,-17.72134170183048,-11.995958049824266,4.0,-3.871290283939763,-31.091834386929236,-10.894143242333083,13.06814644719326,0.2,0.32999999999999996,21.0,0.041,0.0,-0.14165052559254881,-0.09862838915470491,1.5438047280351435,0.7722333490788852,0.9424657534246575,0.717129571446525,0.6452945992757047,0.6574830263061836,0.47409454264949974,0.7636994568617993,0.8587155963302753,0.9808219178082191,0.8681388757675956,0.4962564658158735,0.4418358386762091,0.5771081866091248,0.4955809947521864,0.5987177931514516,0.0,0.0,0.0,0.0,0.0,0.0,0.0,0.0,Arash Tahbaz,2979.0
21.391501477017606,180.02023667730117,-59.017677350146016,-17.886822639725864,-11.718074608801336,4.0,-3.5127590688881014,-31.81471818504077,-10.536794044665012,12.451491196975068,0.2238,0.4875999999999999,20.4,0.08280000000000001,0.0134,0.35393926503603923,-0.359032967032967,2.2812568829020443,0.7215578865578867,1.0,0.6618964368964368,0.5855927405927406,0.725003885003885,0.5783912808502972,0.5573714536829291,0.8090548340548341,1.0,0.8968263976460698,0.35707944150567095,0.9679487179487178,0.7482051282051282,0.828088578088578,0.7721401549270401,0.0,0.0,0.0,0.0,0.0,0.0,0.0,0.0,Arash Tahbaz,2979.0
18.505526068134763,168.5764652738566,-64.20264511895479,-17.206173536608315,-12.68375183832238,4.0,-4.631357048748353,-35.74392998306042,-10.626854884246189,12.689422172030868,0.2286,0.26880000000000004,23.2,0.0294,0.0036,0.026429512516469023,-0.1582608695652174,2.3612987012987015,0.6604587358889911,0.8833333333333332,0.6932873907493877,0.5091318111759009,0.629920513647829,0.48028298263903474,0.5726831683614255,0.8700441771224601,0.9038921323324992,0.7701486843253401,0.7153215676486286,0.24856721194035997,0.8096821877309683,0.6421257373845601,0.8252820172528201,0.0014598540145985398,0.0,0.0,0.0,0.0,0.0,0.0,0.0,Arash Tahbaz,2979.0
20.37049215105414,186.71702377409252,-67.13244189697893,-18.23448241254724,-11.60351219257181,4.0,-10.463021763405731,-32.078325996576176,-11.687003713368124,12.933904181490146,0.20400000000000001,0.3989999999999999,16.0,0.05620000000000001,0.011,0.3660967413723889,-0.3177369564916458,1.939242722075333,0.8131998516870598,1.0,0.8357839947950552,0.6712189278227013,0.6590539753164892,0.5376303509839724,0.606551887375444,0.9390370852309694,0.854847104749512,0.9896551724137932,0.3521684704411843,0.6637494190909935,0.7618835743418614,1.0,0.8878271454656117,0.0,0.0,0.0,0.0,0.0,0.0,0.0,0.0,Arash Tahbaz,2979.0
21.331211843711845,190.9038843101343,-43.48713993312526,-16.23580586080586,-10.712674121159452,4.0,-2.7289758852258847,-19.751984126984127,-9.555677655677655,11.497977716727716,0.24900000000000003,0.215,18.8,0.09419999999999999,0.025,0.10639499389499388,-0.30378510378510376,1.916117216117216,0.7325718725718725,1.0,0.8902142302142304,0.7216450216450216,0.47463564213564213,0.6989657564657564,0.6389543789543788,0.865079365079365,1.0,0.9,0.52741008991009,0.5903454878454879,0.8906293706293706,0.6768573093573094,0.7746212121212122,0.0063492063492063405,0.0,0.0,0.0,0.0,0.0,0.0,0.0,Arash Tahbaz,2979.0
18.515046877482916,174.60664585489667,-65.33129171116532,-18.22132979157451,-12.036351247501276,3.9975,-8.66838051502957,-31.626494152662115,-10.9999318955854,12.22369589118755,0.1956,0.2584,18.8,0.0228,0.0,-0.07429937167423263,-0.3258970177073625,2.8271216731589366,0.7109337161037118,0.8367246960020995,0.7951519510909512,0.5798065600684963,0.554970551155739,0.5328139184982912,0.6376560567642446,0.8233653007846555,0.7543115539004691,0.9548387096774194,0.7078158576568391,0.9321708805579773,0.7146018098187175,1.0,0.9387096774193548,0.0,0.0,0.0,0.0,0.0,0.0,0.0,0.0,Arash Tahbaz,2979.0
19.43986642080889,189.15284092896087,-67.06668890802474,-15.66273082282874,-13.335217046552875,3.986666666666667,-2.6665890413136433,-39.33251972425779,-10.178500850434755,10.122201910696404,0.2224,0.36979999999999996,13.2,0.029599999999999998,0.0046,0.04410370535217538,-0.3516673289990303,2.16885098581549,0.7152823920265781,0.9770491803278688,0.8676118741692512,0.8016393442622951,0.6874377970451169,0.5544811000205587,0.6289846869907869,0.9094600274928144,0.9603603603603604,0.8597366597366598,0.6037494258805733,0.33762518011469594,0.8162790697674419,0.9279069767441861,1.0,0.0,0.0,0.0,0.0,0.0,0.0,0.0,0.0,Arash Tahbaz,2979.0
20.91277265745008,180.72712749615977,-61.34713596980864,-16.286328725038402,-12.7616418581855,4.0,-9.539285714285715,-30.53911930363543,-10.952519201228878,14.731758832565287,0.18120000000000003,0.588,21.8,0.0356,0.0,0.15693036354326675,-0.4994111623143881,1.6683461341525856,0.7113700728174036,0.7561904761904762,0.8725806451612902,0.9008849557522124,0.6691698272229246,0.43960691289552256,0.46263805626922955,0.8593650793650793,0.8843061955965181,0.8111471346555561,0.4003093493558808,0.696498692730494,0.5051441168340969,0.7954066582385166,0.713513813556634,0.0,0.0,0.0,0.0,0.0,0.0,0.0,0.0,Arash Tahbaz,2979.0
19.36872884463253,176.36466842948516,-63.21308700077628,-15.374123495925527,-12.437348001588832,3.99722601360487,-7.112288069598454,-34.766572737412645,-10.472703218039127,12.952722508183456,0.2073566878980891,0.4468496815286624,19.612738853503185,0.0461299363057324,0.0057452229299363,0.1235453413608747,-0.1951917058063693,1.9403919028177008,0.6788911637992656,0.8774826959840264,0.7848585390967018,0.7033804647230228,0.6378329711290174,0.6045218132097948,0.5712637018979079,0.8746941401467924,0.8469143822674523,0.8232430753171129,0.5944254194030927,0.5825248225950213,0.6004388319048265,0.7859821577346288,0.8137846834763793,0.0401414622564009,0.0291582491582491,,,,,,,Artem Galaktionov,2913.0
16.658230788317884,170.8578492733838,-72.04003351683566,-14.840053066317669,-15.051559764686889,4.0,-7.379890427549339,-41.77653203910282,-9.837599331385897,12.845601112206955,0.2372,0.4537999999999999,16.2,0.0492,0.0,0.11761973737368307,-0.2780879284876726,2.2186361848864906,0.8036191425722832,0.9317647058823528,0.6460349141255477,0.650500009405745,0.7510075434075133,0.6822318489276108,0.7064971124362761,0.6888212720329576,0.7641187757482271,0.8296496225608887,0.6686001026569887,0.5177539080870596,0.8115173347880885,0.8204669011832427,0.9457627118644067,0.0,0.0,0.0,0.0,0.0,0.0,0.0,0.0,Artem Galaktionov,2913.0
23.976037257334696,240.33328224590082,-44.65178144750112,-14.940969688123388,-11.191489154405215,4.0,-3.7332414975915924,-19.19335224784703,-9.291696163577093,9.698967304043205,0.2158,0.43079999999999996,13.0,0.0298,0.0062,0.08574123404531372,-0.047875816993464035,1.778191139979565,0.9848101265822784,0.9737704918032787,0.9281045751633986,0.7901748040988548,1.0,0.6564144243849576,0.8684535749694495,1.0,0.9396825396825397,0.9080972473377535,0.4567013178654598,0.8733296694205108,0.5568826437678897,0.8446680961933088,1.0,0.0,0.0,0.0,0.0,0.0,0.0,0.0,0.0,Artem Galaktionov,2913.0
20.272472848788635,198.25208855472013,-79.39496787035617,-13.161069340016706,-13.263439048301024,4.0,-11.159398496240602,-48.31182121971595,-9.668496240601504,12.169256474519631,0.2138,0.3714,17.8,0.1082,0.0368,0.17173767752715122,-0.5433333333333333,2.150342522974102,0.8202847805788982,0.9333333333333332,0.7936569364587941,0.6053429250488074,0.8447368421052632,0.497920469623256,0.6132868937048503,0.925,0.875,0.81734360410831,0.558219077104526,0.7153017570664629,0.6524293353705117,0.8342621259029928,0.9310924369747898,0.0,0.0,0.0,0.0,0.0,0.0,0.0,0.0,Artem Galaktionov,2913.0
19.954356060606063,177.25295664983165,-67.50262591547563,-15.233796296296296,-13.116230713455417,4.0,-9.268150252525253,-39.02351641414141,-10.738036616161615,15.877104377104377,0.22960000000000003,0.36900000000000005,20.0,0.0392,0.0,0.09540193602693602,-0.19774831649831648,2.0965172558922562,0.7202245552639254,0.6650953831920434,0.8436523311378019,0.50871400412011,0.684515942715284,0.4423920664548534,0.7344287693205016,0.8832166812481773,0.8593030037911928,0.8650481189851268,0.5023139066482762,0.6019754670179336,0.7334326165568901,0.6964600939476392,0.7753648456670541,0.0,0.0,0.0,0.0,0.0,0.0,0.0,0.0,Artem Galaktionov,2913.0
18.634330104428862,160.3611040472748,-35.34146124252685,-10.508010880486191,-9.602852600452142,3.996923076923077,-5.129203497999292,-17.031762057630168,-10.029178467279774,12.962623184397634,0.1522,0.4582,13.0,0.0686,0.0,0.038922768852682844,-0.1842800079818238,1.1306775098109918,0.7211625456416791,0.826027397260274,0.7764775651236308,0.6661346872305777,0.6718440463645943,0.5769460676309992,0.5971605139047,0.8195785036880927,0.6817492096944152,0.7391991570073762,0.7071556350626118,0.6916083916083917,0.6339400325701694,0.8504320337197051,0.8911485774499474,0.0,0.0,0.0,0.0,0.0,0.0,0.0,0.0,Artem Galaktionov,2913.0
17.108687839368727,167.5178332605322,-42.18238018943057,-11.210082780222239,-9.655835118422825,4.0,-5.065971149441207,-21.421399628536626,-10.729255404152862,11.900163891345189,0.1678,0.47459999999999997,17.8,0.0808,0.0,0.0707749592491184,-0.0795968592523145,0.9487476428411622,0.6889487870619946,0.9566037735849058,0.7926088806922968,0.6649967337614675,0.7609676364825105,0.4617544607285982,0.3748871731869011,0.859103665644834,0.8736842105263157,0.8148414514547238,0.5557803450381491,0.606211236196988,0.6298008800059661,0.726975149111499,0.7890715303434962,0.0,0.0,0.0,0.0,0.0,0.0,0.0,0.0,Artem Galaktionov,2913.0
17.5602605548876,154.38686196384302,-61.63663292850519,-15.736581546067532,-12.687479966079158,4.0,-7.165925279526492,-34.787411167235696,-11.021225778463318,15.761990808866997,0.20600000000000002,0.43079999999999996,27.8,0.0414,0.0172,0.02985355667562194,-0.30915871938941625,0.8672343838957817,0.49504941022064575,0.8591076408254322,0.9418181818181818,0.48735605283369915,0.5760092561479597,0.33415190425924085,0.30792842224454364,0.7418888371511012,0.6800954485446215,0.5917768430870659,0.6685787956153387,0.3591454959892788,0.44195000340639173,0.5871358433814582,0.7916776652706233,0.0,0.0,0.0,0.0,0.0,0.0,0.0,0.0,Artem Galaktionov,2913.0
16.098260022422483,139.42577289845315,-76.4532864715114,-16.79092196251044,-14.352209912734542,4.0,-10.518988328627875,-40.97751005872756,-11.889920414319217,14.076264205408226,0.20739999999999997,0.2778,24.2,0.056600000000000004,0.0306,0.18129628802619965,-0.09236870926239006,0.9625323397759005,0.4415517944903969,0.7068908833254606,0.7579759481961147,0.6884427649189104,0.39363371127027563,0.40805750083279546,0.6388502557232022,0.6317343021872917,0.6664527188460564,0.6699993701779248,0.2483475773043236,0.32824241740977367,0.5377663508671197,0.5953911342201239,0.7077656377290806,0.0,0.0,0.0,0.0,0.0,0.0,0.0,0.0,Artem Galaktionov,2913.0
20.560436280137772,187.99743070362473,-45.469871918069074,-14.31182548794489,-10.30971610373415,4.0,-2.2627931769722816,-25.76365015581434,-9.766084959816304,12.944197966212892,0.2138,0.5544,18.2,0.03899999999999999,0.008799999999999999,0.028038379530916833,-0.17791044776119402,2.154974577661145,0.7446646646646646,0.8844444444444445,0.926517822169996,0.7020444081558594,0.7102417203580706,0.6396199015917325,0.7056577704465028,1.0,1.0,1.0,0.6705259576784378,0.7320131399004639,0.494210732471602,0.881968582176788,0.7762209352411434,0.01037037037037036,0.0014814814814814799,0.0,0.0,0.0,0.0,0.0,0.0,Artem Galaktionov,2913.0
20.81508496286115,185.51684776247185,-59.96156350053051,-15.972496179095893,-12.028541190463717,3.948717948717949,-5.543240594890524,-32.943530883272636,-9.59520422189002,12.172731620364331,0.1868,0.4524,16.6,0.0626,0.0092,0.20996679074153962,-0.14079387852702055,2.4602549053051206,0.7341098815763929,0.7380986514941087,0.876923076923077,0.8916928278193673,0.6099428406586382,0.3893000166498719,0.6602251407129456,0.9504950495049505,0.8912832459716562,0.896689107162565,0.7591159386081108,0.6347178136466987,0.336488880098693,1.0,1.0,0.0,0.0,0.0,0.0,0.0,0.0,0.0,0.0,Artem Galaktionov,2913.0
17.323561604967068,156.97270339865867,-73.86969508517356,-16.490678848918456,-12.682821703090145,4.0,-9.981129404519958,-41.9004419659493,-10.728141968086641,13.913518805390941,0.2218,0.3296,16.6,0.09019999999999999,0.0066,-0.0012289428842335802,-0.2871039056742815,1.4861903916701746,0.5126161134853163,0.9122418565041517,0.7664906918588497,0.608070457394545,0.6991595789595234,0.6150144363772546,0.5850302620293076,0.8082872948113293,0.7411618667523084,0.6661295980798984,0.5958019739782789,0.33865655829607166,0.4734979162446937,0.8771325368157822,0.8277299249791609,0.0,0.0,0.0,0.0,0.0,0.0,0.0,0.0,Artem Galaktionov,2913.0
17.024789015316724,158.27358818222206,-58.98266928316709,-16.70620543639683,-11.072038279404678,4.0,-9.482851792490962,-31.912137983264365,-11.450944696865509,17.64150890525525,0.19660000000000002,0.4372,23.0,0.072,0.014599999999999998,0.13084553572918142,-0.4480704947326643,1.6722073431537112,0.5130938076858532,0.875,0.7108171699596364,0.46861742322537336,0.4956657534821279,0.5864902330398071,0.5709696081115693,0.8364322872965262,0.6806069803746655,0.7765229065279409,0.3296586311285009,0.7233931867763047,0.6282065749728407,0.7747153796557175,0.687297052666908,0.047524752475247525,0.0,0.0,0.0,0.0,0.0,0.0,0.0,Artem Galaktionov,2913.0
18.70368374809926,181.06860710513973,-68.31233075055759,-15.013644111988992,-13.532443874514104,4.0,-2.225633871017218,-41.69302029789527,-10.141894711241404,10.294306116099404,0.2324,0.36460000000000004,18.4,0.0744,0.0,0.061769602236624734,-0.12392829128706706,1.5503359976511932,0.7019479267116683,0.7909809778837179,0.8852459016393442,0.5748424547488258,0.7908670991679888,0.6126295731234787,0.4758255814805442,0.9147540983606557,0.9072357263990956,0.8308553876924176,0.6441915021498186,0.38905827541765964,0.7044590817710803,0.7717061323618701,0.7105312679649777,0.0,0.0,0.0,0.0,0.0,0.0,0.0,0.0,Artem Galaktionov,2913.0
18.853275566966197,159.32188489516474,-50.78255642427061,-14.913949507916133,-9.46540944095867,4.0,-9.919897304236201,-24.31678968763372,-10.777930038510911,14.611419554985025,0.23160000000000003,0.5115999999999999,17.2,0.0284,0.0,0.04306054771074026,-0.46686136071887024,2.245870774497219,0.5149634326780806,0.9105263157894736,0.7557858194598197,0.7292116548262632,0.4278887109544332,0.5394240655754149,0.6123111392940181,0.9491228070175438,0.7976842105263159,0.8145635172268019,0.7191138864109426,0.6498542967588462,0.6349818614332441,0.9169265536723163,0.724842105263158,0.0,0.0,0.0,0.0,0.0,0.0,0.0,0.0,Artem Galaktionov,2913.0
18.93419837930025,170.88146192633857,-53.931088593959146,-15.975916226844143,-12.404975212253754,3.997014925373134,-1.2934586701381532,-30.044244632146906,-10.77215767006751,12.56264889211818,0.20579999999999998,0.5028,18.0,0.036,0.0,0.26121838407691084,-0.05849898580121702,1.6071014770636338,0.672694925541142,0.905678572103602,0.7927002667820318,0.7126714254812893,0.48410884230878803,0.524229933770013,0.3939493121139763,0.8968548281527496,0.8530834500635978,0.7573551407168463,0.5609806952293549,0.4472964570702138,0.4247686570664337,0.7348875714294715,0.7973579128418692,0.0,0.0,0.0,0.0,0.0,0.0,0.0,0.0,Artem Galaktionov,2913.0
20.96265560875513,163.46981532147743,-53.64072970147362,-11.99435704514364,-13.45945063170617,4.0,-7.271990424076607,-29.369951265389876,-9.327889021887824,13.782908686730508,0.22680000000000003,0.438,15.4,0.042,0.0212,0.08238799589603285,-0.4729651162790698,1.9528240424076606,0.5658098532407289,0.7566630747126437,0.8074173850574713,0.8194493745774171,0.7497033227848101,0.7765764612807148,0.6547905246232059,0.895635775862069,0.9185142495998836,0.9954022988505746,0.8019216954022989,0.6074448529411764,0.553616306026994,0.8484375,0.9359375,0.0,0.0,0.0,0.0,0.0,0.0,0.0,0.0,Artem Galaktionov,2913.0
15.53305501195912,152.00563245295996,-58.297239365529194,-16.180942469798794,-12.472376958635888,4.0,-7.853382408713725,-30.2761532082303,-11.234036089746507,15.719651769596021,0.20659999999999998,0.3816,20.6,0.0512,0.0248,0.03404798818752306,-0.138578811369509,2.0149066986250803,0.5064230517080438,0.768999257709697,0.7246914224891048,0.4727331963526652,0.2840166061467076,0.4829888726608001,0.653611429891178,0.844940954180444,0.7998427297229709,0.7119098792091234,0.41773474857141446,0.383228416623294,0.7495591749844356,0.6418665274235333,0.6763802607570291,0.0,0.0,0.0,0.0,0.0,0.0,0.0,0.0,Artem Galaktionov,2913.0
19.604377436114152,186.298673184944,-64.74875257046337,-14.77460612439042,-11.916040606803538,4.0,-11.477522677618204,-32.737891860799536,-9.970193333721621,12.12750203286996,0.2346,0.461,18.8,0.07300000000000001,0.0224,0.0725473136091896,-0.6212870900002663,2.398021404619457,0.7764076130055512,0.9154639175257732,0.7675855447852811,0.845087817371069,0.6500463432343897,0.6433361505668491,0.4197206748854926,1.0,0.8268766177739432,0.9721311475409836,0.5435355412490874,0.5246810018300874,0.8090202707402925,0.7684810937263726,0.9078947368421053,0.0,0.0,0.0,0.0,0.0,0.0,0.0,0.0,Artem Galaktionov,2913.0
17.654056380197183,154.7973488417626,-60.339687897903765,-16.89058032199774,-11.782984846389843,4.0,-5.338241412645774,-32.76018429006719,-11.123818206292295,13.55612117948906,0.21680000000000002,0.47240000000000004,17.0,0.0898,0.0,0.3279763580073178,-0.128434431813083,2.096265862284169,0.5854464939247548,1.0,0.5808826421253417,0.6845088566827697,0.4630946606449527,0.546544571826856,0.5884465572882186,0.9384863123993558,0.8812882447665056,0.8481357048748354,0.5009559470980627,0.47264309764309764,0.557709039344341,0.6384021373151808,0.7126870150783196,0.0017391304347826,0.0,0.0,0.0,0.0,0.0,0.0,0.0,Artem Galaktionov,2913.0
17.663226489088558,155.85389952286505,-59.10718213643911,-16.323057805816426,-11.582050638893824,4.0,-1.4244211054555882,-36.23025213542455,-10.597903872041803,13.050503421193076,0.23819999999999997,0.4258,18.8,0.0392,0.0142,0.16810855948786982,-0.19701080390735565,0.9503110537593296,0.57220362310754,0.9049808429118773,0.7433043187144293,0.5036810365634815,0.5007947597036846,0.6711783023237683,0.5463450616462985,0.841529963173753,0.8914778856526431,0.8148476732507532,0.4683348373987261,0.5137557268712365,0.3810109238800233,0.6699462511063925,0.9494081659795185,0.0,0.0,0.0,0.0,0.0,0.0,0.0,0.0,Artem Galaktionov,2913.0
22.061735787432376,193.87299651844543,-62.36603249314635,-14.631293165039295,-11.42517038312015,3.9835294117647058,-4.159675206114835,-37.708481611267985,-10.069466879869356,11.644525340500573,0.2082,0.42679999999999996,15.6,0.0314,0.0058000000000000005,0.36078884995293664,-0.055388244366572505,1.5474713934156659,0.758029689608637,0.911826634903558,0.8070172859470517,0.6147258831645382,0.6089317066785822,0.7108496092301759,0.6074530937583218,0.9633136094674557,0.6755777286141658,0.8193821375479535,0.5112656574195036,0.3647841626190508,0.8521739130434783,0.8887881349419811,0.8899408284023668,0.00118343195266272,0.0,0.0,0.0,0.0,0.0,0.0,0.0,Atanas Dimitrov,2808.0
18.810486918781848,174.37067771194498,-69.66059828913686,-13.721293248482189,-13.934166547981608,4.0,-7.362288786482336,-40.45373540097042,-9.482937605149587,11.29382329992929,0.19419999999999998,0.5132,16.2,0.026600000000000002,0.0,0.006446004925267597,-0.17917001926218512,2.5190478628727475,0.7339122883195832,0.9904761904761905,0.8875669416702852,0.763603380746238,0.6622778369890832,0.65306315433975,0.4812900169739075,0.8307135620205528,0.9100556586270871,0.9194673614126503,0.7209726443768997,0.5979490958214362,0.5660153423071356,0.8407294832826748,0.8392820958170504,0.0,0.0,0.0,0.0,0.0,0.0,0.0,0.0,Atanas Dimitrov,2808.0
22.04627795174133,206.02419317391272,-50.39509486947463,-16.070129868759928,-10.433137370731226,4.0,-6.50185201301061,-25.863149033935294,-10.02472799712657,14.497901414088991,0.2122,0.3372,14.2,0.059399999999999994,0.0064,-0.0211240559686201,-0.2904201549479929,2.3595771182458143,0.9161259312665224,0.9773684210526316,0.8842105263157893,0.5246248340365848,0.5556816811847718,0.45095000019698916,0.4134886396318665,0.9578947368421054,0.9614035087719298,0.9666666666666668,0.763859649122807,0.6286133141071858,0.5190074895300232,0.8246361806154731,1.0,0.0,0.0,0.0,0.0,0.0,0.0,0.0,0.0,Atanas Dimitrov,2808.0
23.20930986887509,200.62712905452037,-74.23933525075547,-16.486680469289166,-12.168300054068098,4.0,-6.134316770186335,-44.1502242926156,-10.466635610766046,11.166821946169772,0.2238,0.35,17.8,0.0214,0.0,0.08956521739130437,-0.09906832298136645,2.294765355417529,0.8247602441150829,0.8806429977715757,0.823271158482426,0.7514760606650657,0.6214644449083341,0.4862395676003127,0.4826646452384753,0.8618725868725867,0.9464285714285715,0.9311827956989248,0.7952290318487502,0.5160905567084577,0.2560415822455804,0.8881139203719849,0.861377506538797,0.0,0.0,0.0,0.0,0.0,0.0,0.0,0.0,Atanas Dimitrov,2808.0
20.963649251004746,198.15775593715745,-35.428388757159176,-14.413489221775668,-10.218032162347342,4.0,1.9907343807088054,-15.731227621483376,-9.422391669711363,8.36601753744976,0.236,0.3228,12.0,0.034999999999999996,0.0,0.03977639751552796,-0.16525685056631345,2.34434636463281,0.9098901098901099,1.0,0.9611940298507463,0.6964455587056866,0.7966212891586026,0.7327756820294133,0.6397225020892398,0.9802197802197803,1.0,0.923076923076923,0.9288830572412662,0.6369049571608206,0.5147305075876505,0.9642857142857142,1.0,0.00219780219780218,0.0,0.0,0.0,0.0,0.0,0.0,0.0,Atanas Dimitrov,2808.0
21.376366744366745,195.51855633255633,-65.54483798229988,-18.025174825174826,-11.231012030473936,4.0,-4.992331002331002,-37.527801087801095,-11.093864801864802,13.325345765345764,0.1942,0.4668,25.2,0.0218,0.004,0.14764102564102566,-0.10877700077700074,1.626772338772339,0.7986790986790987,0.841025641025641,0.7022412453446936,0.7710902124695227,0.6040949012673151,0.43377225839294803,0.4207729818074646,0.8196581196581196,0.8333333333333333,0.8517435897435897,0.770862470862471,0.5531546231546232,0.19118682849717328,0.6926346220828979,0.7566567532084774,0.0,0.0,0.0,0.0,0.0,0.0,0.0,0.0,Atanas Dimitrov,2808.0
19.36356539461663,173.00063391664906,-61.825983542505014,-16.836084053693163,-11.483455184925424,3.9761220043572982,-7.052276337058122,-32.48035982851922,-10.384923466160659,12.434993323494272,0.16499999999999998,0.5244,16.4,0.0522,0.0038,-0.04456026424906882,-0.09140993745168316,2.3730853889943075,0.7364639376218324,0.8216652742968531,0.8783625730994153,0.5968359788359788,0.4218485101642996,0.4967624617098302,0.7029707602339181,0.8624444444444445,0.8318713450292398,0.9796296296296296,0.5725185185185185,0.718813700918964,0.6460779727095517,0.8586666666666666,0.9396296296296296,0.0,0.0,0.0,0.0,0.0,0.0,0.0,0.0,Atanas Dimitrov,2808.0
19.83515037593985,214.63049130178382,-56.55881497718832,-16.219976411617278,-11.553493339761413,4.0,-8.321168730650154,-27.523999336576736,-9.85096454371222,12.910787385129492,0.19519999999999998,0.4622,16.0,0.06699999999999999,0.0094,0.22262740183792817,-0.16539682539682538,1.7828489114944226,0.9242002063983488,0.9286184210526315,0.6653549881491058,0.8084634663582031,0.542425492464192,0.7464912280701754,0.5591020821283978,0.9493131868131869,0.7940789473684211,0.9736842105263157,0.8576923076923076,0.513039811066127,0.5538003663003662,0.47854194309302667,0.7628582202111613,0.0,0.0,0.0,0.0,0.0,0.0,0.0,0.0,Atanas Dimitrov,2808.0
21.791640211640214,224.308544973545,-56.67795091872728,-14.858730158730157,-11.541310707087069,4.0,-8.027248677248677,-27.29047619047619,-9.950793650793651,10.990608465608464,0.19340000000000002,0.5119999999999999,16.2,0.073,0.008799999999999999,0.06603174603174602,-0.0532275132275132,1.6046296296296294,1.0,0.9033333333333333,0.684327622014538,0.8346016911437472,0.5485432428423083,0.5926094051327696,0.6203968253968254,0.9952380952380953,0.9711111111111113,0.9666666666666668,0.7392701379617268,0.605952380952381,0.5389319092122831,0.640628986797211,0.9428571428571428,0.0,0.0,0.0,0.0,0.0,0.0,0.0,0.0,Atanas Dimitrov,2808.0
17.1268388698792,170.29352380656366,-68.12901021875213,-15.960286166890992,-12.121615357255276,3.998449612403101,-5.958266609276961,-41.634469468506545,-11.03173742085473,14.578915191629283,0.1652,0.4104,26.2,0.0526,0.0032,0.2239393101248633,-0.0970919393300591,1.277440373263899,0.7438773497167658,0.8074688271409582,0.7118370176189968,0.4709988515633956,0.601792876935052,0.5143620842675527,0.5003184449086089,0.5947526291740723,0.7516283561634765,0.822540371445481,0.4375697245522101,0.5228805389604719,0.3271259091361999,0.7426250760581261,0.6970317810930471,0.0,0.0,0.0,0.0,0.0,0.0,0.0,0.0,Atanas Dimitrov,2808.0
16.776971916971917,158.63693528693526,-60.7327611983947,-17.354945054945055,-11.441155581789086,4.0,-5.912637362637363,-32.27826617826618,-11.448809523809524,13.703052503052504,0.18839999999999998,0.4908,22.8,0.0504,0.0172,-0.05905982905982904,-0.09818070818070813,1.963315018315018,0.5782300151584023,0.8548261390887291,0.7023046635203575,0.6081094628429489,0.34474365009139063,0.40783277218180236,0.7203694505443433,0.8575639488409272,0.7481456579736526,0.9525325093530626,0.7771571292584254,0.35381227956656713,0.2839981521022363,0.5119326159073381,0.6839901662722684,0.019444444444444438,0.0,0.0,0.0,0.0,0.0,0.0,0.0,Atanas Dimitrov,2808.0
22.107989318833816,200.57775549721163,-74.26319280685277,-16.72525407624221,-11.468867831265598,4.0,-5.022497333316286,-47.00290296361871,-11.045303976100175,13.001633373690225,0.21739999999999998,0.4806000000000001,26.6,0.09380000000000001,0.0086,0.22953566199917358,-0.13461008847596584,2.0243936197891097,0.8539325842696629,0.7898767034393251,0.6359026050717009,0.48442888883726976,0.5824813995247113,0.6191842758993442,0.44437278456727747,0.7687347337567172,0.7981385208787524,0.5426721485486394,0.7944463788588703,0.5484961274338266,0.4642628928345208,0.8294333043736843,0.8806522334886271,0.0,0.0,0.0,0.0,0.0,0.0,0.0,0.0,Atanas Dimitrov,2808.0
20.75484614374634,192.24271743218455,-57.957928112150356,-16.461134468937296,-11.149501127079812,4.0,-2.435770887619839,-32.22860768999916,-9.628779711491571,9.945865772977319,0.21080000000000002,0.5317999999999999,19.2,0.0504,0.0032,0.03193964302444253,-0.5500899124009376,2.5588251462308933,0.7979877116256606,0.698883068158443,1.0,0.5885928961748633,0.574768981057188,0.5433851020995111,0.3343932268020807,0.975,0.9531736023539302,0.8995445344129556,0.6622638326585695,0.6294976881042456,0.6965216477511559,0.8934426229508198,0.8119930974978431,0.0,0.0,0.0,0.0,0.0,0.0,0.0,0.0,Atanas Dimitrov,2808.0
19.929245662141128,190.42748289668455,-51.13923134987525,-17.91990389060664,-9.658287019947739,4.0,-1.4420822676896845,-30.15104544413482,-11.714781272664808,15.746868545168445,0.1686,0.40379999999999994,31.4,0.0528,0.008400000000000001,0.08253600921225075,-0.11486228278895375,2.1632918103429994,0.8172678275290215,0.9819651741293531,0.575124195419378,0.5262023217247098,0.5785404659868971,0.2951709261872554,0.32006691689342787,0.8347222222222221,0.7905925956299091,0.912002487562189,0.835986277404188,0.3635162349677644,0.27619289627010923,0.7577951825033249,0.7601281595684581,0.019444444444444438,0.0,0.0,0.0,0.0,0.0,0.0,0.0,Atanas Dimitrov,2808.0
20.887448401578837,190.70954518063212,-73.15473645125456,-16.41417839243926,-11.915808543413617,4.0,-3.9384216155955287,-47.976989112858675,-10.781311428485342,13.87197264153786,0.1876,0.3166,25.8,0.08960000000000001,0.004399999999999999,0.09041886367973324,-0.06481675655588695,1.6333726033726035,0.720710928319624,1.0,0.8293295893295893,0.3733355885529798,0.6080014769145203,0.5302627161322813,0.6334299516908213,1.0,0.8880434782608695,0.9228260869565217,0.6277583286278938,0.4080052497443802,0.35052160856508674,0.7772835879357618,0.8076852544243849,0.0,0.0,0.0,0.0,0.0,0.0,0.0,0.0,Atanas Dimitrov,2808.0
19.654953560371517,165.9212435500516,-58.00684512350263,-16.73374613003096,-11.416343317517066,3.9835294117647058,-3.196652476780186,-33.27476780185758,-10.453301083591331,13.084436274509804,0.1822,0.507,19.8,0.039,0.0,0.1253173374613003,-0.08462590299277603,1.8406527347781219,0.6612518508547583,0.7242003559623696,0.7772484426646326,0.5882731244671782,0.7219126246990024,0.5825153677031454,0.3641905314757482,0.8598920147769252,0.6621157326393562,0.8544813867576015,0.9140849673202615,0.5674003529710893,0.15179573106893401,0.8937198067632849,0.8248820687695367,0.0,0.0,0.0,0.0,0.0,0.0,0.0,0.0,Atanas Dimitrov,2808.0
22.770818440818438,216.3863493913494,-47.33018044763878,-16.089432789432788,-9.665274982733315,4.0,-1.8308663558663565,-22.954577829577833,-9.817113442113444,9.027084952084952,0.23640000000000003,0.39960000000000007,12.0,0.063,0.0182,-0.052037037037037014,-0.051025641025641,1.7220422170422167,0.9440384615384616,0.8871794871794872,0.8935064935064935,0.76723044397463,0.6311941353220424,0.6638095238095238,0.6663938580799046,1.0,0.9649358974358975,0.8663228438228439,0.4919794933748422,0.5424816849816849,0.7742191142191142,1.0,0.8479545454545455,0.0,0.0,0.0,0.0,0.0,0.0,0.0,0.0,Atanas Dimitrov,2808.0
25.06772577436772,205.30745240125034,-67.81477798074677,-15.587649900539926,-11.80659923678543,4.0,-8.321175049730035,-38.28994458653026,-10.473694515487354,12.664285308326228,0.205,0.4178,14.2,0.0526,0.0086,-0.056196741498531766,-0.0658923936724448,2.435283319124751,0.8347722772277228,0.7822547472138518,0.9861386138613861,0.6990869565217391,0.7023087642097543,0.681391304347826,0.6285885588558855,0.7476814464055102,1.0,0.8554455445544555,0.6864074074074075,0.835,0.456816154079176,0.9719999999999999,0.994059405940594,0.0,0.0,0.0,0.0,0.0,0.0,0.0,0.0,Atanas Dimitrov,2808.0
23.36756624593157,206.4773078994805,-59.1875799576019,-15.706147301815955,-12.29088326830112,3.9835294117647058,-1.8789848144254246,-33.241725769008106,-9.523455596280183,9.470087380464184,0.184,0.48739999999999994,9.8,0.011800000000000001,0.0,-0.09193457985544366,-0.20587021687316182,1.916581687083839,0.9040935672514621,0.7030585873974834,0.7327179737962793,0.935064935064935,0.6596997720782792,0.4786079376946789,0.6503658413432849,1.0,0.6003523220468021,0.9662337662337663,0.7939182768451062,0.4357857029780742,0.5234735189622407,0.9626227431105481,1.0,0.0,0.0,0.0,0.0,0.0,0.0,0.0,0.0,Atanas Dimitrov,2808.0
20.093770118770117,190.54354423354422,-67.91035980947122,-13.971706071706071,-11.498198637310033,4.0,-5.203041403041404,-41.02740315240315,-10.291556776556778,10.08154623154623,0.18980000000000002,0.44279999999999997,20.0,0.0658,0.0056,0.16863913863913865,-0.15202575202575194,1.8950205350205351,0.8592974328003861,0.9408450704225352,0.6061140321749136,0.7726881720430108,0.750953841276422,0.6002785764893896,0.4011045876039061,0.965034965034965,0.94676291450485,0.8723333005023146,0.7863020782034866,0.25430720224677517,0.33021497390420607,0.7311915140947398,0.83011718011718,0.0018018018018018,0.0,0.0,0.0,0.0,0.0,0.0,0.0,Atanas Dimitrov,2808.0
19.81805859673133,186.83218761615367,-63.20984675906848,-16.379631701477138,-11.799593015291048,3.997898929342973,-4.471000070616046,-35.677021546239686,-10.559756208305046,11.679256853517504,0.206158836689038,0.3829776286353467,19.52796420581656,0.0519015659955257,0.004393736017897,0.1108935572250343,-0.1858969380319631,1.983132411189034,0.7831330579412283,0.8864823036477084,0.764478028468382,0.6603117452947599,0.5871712334597656,0.5551040496941966,0.5026372947711717,0.8678856223378079,0.8624619720420119,0.8625377877576605,0.7110431350330559,0.5085035822662413,0.4408510465194205,0.7594500006024822,0.8134235797989507,0.0565321963911136,0.0433149834336984,,,,,,,Atanas Dimitrov,2808.0
20.955315749781693,184.48193319838055,-45.23634140931451,-11.123481781376517,-11.066318784880124,4.0,-9.503802988806859,-19.791815511629753,-9.642039771374135,11.891117428752878,0.2016,0.3408,13.0,0.07139999999999999,0.0336,0.3254892037786775,-0.24150095260776375,2.1689836865920458,0.7953947368421053,1.0,0.7823296221322538,0.7627530364372468,0.9340277777777779,0.7235859728506787,0.6882691504402031,1.0,0.9245614035087719,0.9385964912280702,0.6831823147612621,0.6147086466165413,0.7095394736842106,0.7607371794871794,0.9447368421052632,0.0,0.0,0.0,0.0,0.0,0.0,0.0,0.0,Bahadir Ozen,2904.0
20.313384146708568,157.8826318369706,-55.53848994734125,-17.05584740850066,-12.144697745491388,4.0,-3.8142501070796415,-27.96350149567467,-9.830963845784675,11.270770655189793,0.2378,0.469,17.2,0.0198,0.0,0.12122160239307944,-0.16709904479799356,2.8168563395448127,0.6009162842459986,1.0,0.6237533109227735,0.8505973451327433,0.6709560346450761,0.5332596583420346,0.62783465512567,0.855424590472604,0.854340048954999,0.9345132743362832,0.8672566371681416,0.6073490048043925,0.7272787610619469,0.7990470768078868,0.7097284794851166,0.0,0.0,0.0,0.0,0.0,0.0,0.0,0.0,Bahadir Ozen,2904.0
17.1222341490713,178.24370383015042,-57.94097600824989,-14.663681751478048,-11.421271175621447,4.0,-4.916667042428171,-31.78411772876327,-9.739202103996023,10.583963794037066,0.22599999999999998,0.43360000000000004,18.6,0.038,0.0076,0.1765895255138706,-0.0770325926134682,2.0543279512207886,0.7903275564830778,0.7759822157698938,0.7779327001904474,0.706091941847478,0.634898550464078,0.48397171926433397,0.6182625709891838,0.8978132655838852,0.9324743671173217,0.8614505996573387,0.8781897523759318,0.4850633790073216,0.37462142265269305,0.5565082474740592,0.8990291262135923,0.0,0.0,0.0,0.0,0.0,0.0,0.0,0.0,Bahadir Ozen,2904.0
20.304143745143744,165.86369800569804,-55.02964569052348,-18.1180574980575,-11.237330228208005,4.0,-0.12435120435120428,-31.81273633773634,-10.176010101010101,12.438839678839678,0.19319999999999998,0.4050000000000001,19.0,0.0478,0.0026,0.012734524734524763,-0.019360269360269338,1.9751328671328672,0.5740673922846355,0.7133699148533585,0.7727296918767508,0.8410596026490065,0.6323431330073652,0.649614000158459,0.6412714940528418,0.9258278145695364,0.8393637432691712,0.8701986754966887,0.6354397474778735,0.43263234735003114,0.667229905207116,0.8144396831580314,0.7086395458845789,0.0,0.0,0.0,0.0,0.0,0.0,0.0,0.0,Bahadir Ozen,2904.0
18.907541306488675,148.357250975672,-57.29431251095349,-15.116847211584053,-11.356916734610346,4.0,-6.011325090272459,-33.611454571980886,-9.982931392931393,14.785162490425648,0.2032,0.46720000000000006,18.2,0.06760000000000001,0.007200000000000001,0.40642265747528905,-0.5728205128205128,2.0470565707407813,0.4883882428759625,0.9548644338118024,0.6633747342186578,0.7457510022445086,0.7068151147098515,0.5339006109769072,0.5853475977400086,0.8460822727056494,0.8474719014436578,0.8338815137705569,0.5967079698765488,0.6836305640133391,0.5740451138824609,0.5843715755517547,0.7575522594498764,0.0,0.0,0.0,0.0,0.0,0.0,0.0,0.0,Bahadir Ozen,2904.0
18.538433091491083,152.34781981726002,-52.47971903357202,-17.59813176208778,-10.817706334831072,4.0,-1.8950493807166242,-27.79050341192441,-10.909715476180843,12.531387332168714,0.20460000000000003,0.5162000000000001,15.0,0.056600000000000004,0.014199999999999999,0.01704805354858378,-0.09635013978598281,2.203298000238336,0.5847926289738137,0.9163636363636364,0.7488953555155645,0.7950262281272734,0.6532725810774591,0.6028351207445284,0.7786011433398192,0.8163542845075946,1.0,0.761410853954408,0.6422138836772983,0.8933037694013304,0.7575487230539496,0.6623931701283616,0.8451038392501807,0.0,0.0,0.0,0.0,0.0,0.0,0.0,0.0,Bahadir Ozen,2904.0
16.173128043990573,158.18984036754028,-55.188285932773624,-12.97306005855888,-10.625602888664016,4.0,-6.5707734056987785,-32.69554143159799,-9.515187031350425,13.191878883096479,0.2324,0.35219999999999996,13.4,0.0988,0.008199999999999999,0.29282839391558946,-0.09756823537813324,2.1775408126829965,0.6806990738879284,1.0,0.7389610389610389,0.8061403508771928,0.5136624402205233,0.5991603339900553,0.6579972658920028,0.9484848484848485,0.9575757575757576,0.7725222146274777,0.625438596491228,0.41324501092302945,0.6991089383537897,0.7843472317156527,0.8657894736842107,0.01203007518796992,0.0,0.0,0.0,0.0,0.0,0.0,0.0,Bahadir Ozen,2904.0
18.936130045070136,174.08627234516635,-55.375696041805256,-11.43591431609865,-11.602632285285276,4.0,-10.928920848736517,-32.15253456221198,-8.333272902212993,15.077578872740162,0.2364,0.5142,18.2,0.0466,0.0,0.12318124272041327,-0.20422545196738745,2.127552033220236,0.6794470046082949,0.9107142857142858,0.8714285714285713,0.6874586013065276,0.3717640654276599,0.711963842609004,0.7061224489795918,0.6803641059401428,0.6560475008862106,0.8145918367346938,0.7677551020408163,0.642123107307439,0.6670486656200942,0.8094966323998583,0.881036866359447,0.0,0.0,0.0,0.0,0.0,0.0,0.0,0.0,Bahadir Ozen,2904.0
19.91153242301155,177.47258620689655,-56.00985129978685,-15.31340420015556,-11.935322592962326,4.0,-4.47004148301789,-31.071170742949327,-10.418188142770719,13.198275862068964,0.19499999999999998,0.4184,15.4,0.0328,0.0086,-0.0425987382248725,-0.053859649122806996,2.1722053697462047,0.6601948643647431,0.892639314145744,0.8886913580246913,0.745735063978643,0.9043478260869566,0.5393100632782201,0.6179908024446765,0.9233802816901407,0.8029148805878752,0.8626086956521739,0.7954888663864084,0.5562355004645029,0.6146197387666594,0.763771333885667,0.9464125932062967,0.0,0.0,0.0,0.0,0.0,0.0,0.0,0.0,Bahadir Ozen,2904.0
16.405426407569266,151.67927913785056,-58.85883552886979,-13.371594043022617,-12.217968500145613,4.0,-9.31168484025627,-31.071825278968134,-10.351608893037463,13.46584602656031,0.24179999999999996,0.5347999999999999,16.4,0.0482,0.0058000000000000005,0.04003712503712502,-0.10782256353684923,2.092702914845772,0.5459924173068502,0.8007069219440354,0.7046193576659439,0.7632142857142856,0.7459235561039684,0.44223597072216014,0.7465443001564379,0.7960328185328185,0.5874536281495044,0.9625,0.7074520359829638,0.507757521672616,0.697596525096525,0.8696428571428572,0.9658687258687259,0.0,0.0,0.0,0.0,0.0,0.0,0.0,0.0,Bahadir Ozen,2904.0
20.390010773540187,192.55061840120663,-52.48701487546585,-16.155541190835308,-11.514353811040085,4.0,-5.877016447604683,-25.743122890181713,-10.310196078431371,13.113215542627307,0.2064,0.5264,17.6,0.0782,0.010199999999999999,0.16268189327012852,-0.11255332902391721,2.2440609064138473,0.7188441958160503,0.9460674157303371,0.9326984126984126,0.7396511079679396,0.8564004394018856,0.6434149129198634,0.5773376599297169,1.0,0.9250825082508252,0.801034103410341,0.5578437137453713,0.7555955595559556,0.7233680510908234,0.6214339218833601,0.7293661565193439,0.0,0.0,0.0,0.0,0.0,0.0,0.0,0.0,Bahadir Ozen,2904.0
19.713042735042734,182.24568742368743,-56.376908661148626,-16.177191697191695,-11.186024656264625,4.0,-3.9274175824175828,-30.38845543345543,-10.216714285714286,11.518894993894992,0.22599999999999998,0.5058,20.8,0.0258,0.0076,0.06314529914529919,-0.36288888888888887,1.8755628815628813,0.7399455952436085,1.0,0.7155788504444522,0.5139627999581252,0.7917942011241582,0.3626130589317188,0.7303363562810389,0.7689646997594017,0.811966841105914,0.7590572847487533,0.796539909901811,0.323328489456265,0.527710511796994,0.8541747824957797,0.9470198675496689,0.0,0.0,0.0,0.0,0.0,0.0,0.0,0.0,Bahadir Ozen,2904.0
20.7725858923685,185.92968480794565,-53.22015270498423,-16.006901793858315,-10.686622756671671,4.0,-3.4040361812100945,-28.726918009526706,-10.050389176041351,11.654715212323907,0.1396,0.594,16.8,0.0482,0.006,0.018737711563798526,-0.0705857910205736,1.9970376000810783,0.7619234268915798,1.0,0.8598726114649681,0.8046337579617834,0.5274993000629944,0.6211603205711487,0.7048076923076924,0.8982431581157696,0.9261146496815286,0.802440505354518,0.7241462518373346,0.7764171974522293,0.5484118429341359,0.7336263736263737,0.8801567858892699,0.0,0.0,0.0,0.0,0.0,0.0,0.0,0.0,Bahadir Ozen,2904.0
20.76472039072039,204.54512820512818,-42.83434029650119,-16.30837606837607,-9.630723690884576,4.0,-1.2174725274725273,-19.360256410256408,-10.119501831501832,9.801990231990231,0.1944,0.3008,14.0,0.055600000000000004,0.0,0.0917777777777778,-0.042666666666666665,2.4589108669108666,0.8808080808080808,0.9111111111111111,1.0,0.6905483405483406,0.532127106070768,0.7155296810469224,0.6397604365307134,0.9252525252525252,0.905050505050505,1.0,0.7804759592034969,0.46137980793153205,0.47089170340748776,0.9575757575757576,0.9494949494949495,0.0,0.0,0.0,0.0,0.0,0.0,0.0,0.0,Bahadir Ozen,2904.0
20.021536796536797,180.9966233766234,-38.90076321033464,-10.047619047619047,-10.865763210334638,4.0,-2.7048701298701294,-19.746103896103897,-8.372012987012987,8.835606060606063,0.19519999999999998,0.4782,9.2,0.0262,0.009600000000000001,-0.015735930735930746,-0.07935064935064932,2.4270346320346325,0.7673917820259284,1.0,1.0,0.8082422848380295,0.8867165037377802,0.721039565772311,0.8314028314028313,0.9495495495495495,0.9891891891891891,0.9711711711711711,0.9001638001638002,0.6659080906096994,0.7579835154303239,0.8882882882882882,0.927927927927928,0.0,0.0,0.0,0.0,0.0,0.0,0.0,0.0,Bahadir Ozen,2904.0
19.668793820558527,173.22280145997792,-57.403036691867705,-17.227505305152366,-11.125156715634787,4.0,-4.327147950089127,-30.68929377811731,-10.984114591291062,12.95018164841694,0.21259999999999998,0.3488,18.4,0.0658,0.0,0.25168050250403196,-0.16890043290043286,2.0116552075375607,0.7442093306288032,1.0,0.6332251521298174,0.48608190218616176,0.5861798512508452,0.5288819923371647,0.7655011494252874,0.9292,0.9139764705882353,0.8635529411764706,0.6448980392156862,0.39161068289384715,0.7697809330628804,0.6419529411764706,0.8617471264367816,0.0064,0.0,0.0,0.0,0.0,0.0,0.0,0.0,Bahadir Ozen,2904.0
19.916202216621496,185.80606319445178,-62.49237560566812,-17.210664810694336,-10.69196363605263,4.0,-4.965398770418331,-36.35360526140035,-10.277952946883337,13.007209819780869,0.21199999999999997,0.3398,11.8,0.072,0.0,0.14149602618045817,-0.02342954159592528,1.9744987292916722,0.7783456027046383,0.8062845262845263,0.6903817806353019,0.6863638432070039,0.5953965308465189,0.6982088567440681,0.4242982942701253,0.9924324324324324,0.7283516483516483,1.0,0.3260128433544523,0.5329001302646563,0.8572666769849869,0.7742948391217668,0.787350843801548,0.0,0.0,0.0,0.0,0.0,0.0,0.0,0.0,Bahadir Ozen,2904.0
20.831330612638823,173.1463145504305,-41.41422216126187,-15.098295889315528,-9.890018240152814,4.0,-5.188217887647266,-16.738143608550885,-10.468543543750561,11.968997008155188,0.23399999999999999,0.4478,13.0,0.06119999999999999,0.009600000000000001,0.016958383025072223,-0.637042485575034,2.2694929374538986,0.6822531542806887,0.8161904761904761,0.8092373349569846,0.8072417903331546,0.8473775456128397,0.6625482625482625,0.5718453246738603,1.0,0.96,0.9190196078431372,0.711485189820609,0.847872340425532,0.5421758536652155,0.7234491634491633,0.8256885456885457,0.0,0.0,0.0,0.0,0.0,0.0,0.0,0.0,Bahadir Ozen,2904.0
22.865402632597757,215.9996844754162,-61.41507103944947,-17.083507549361208,-10.589039293417716,4.0,-3.1911536972512584,-34.629210220673635,-10.37541231126597,10.453252032520325,0.17320000000000002,0.4686,16.0,0.033600000000000005,0.005,-0.06110530391018194,-0.08864498644986445,2.2181746031746035,1.0,0.9949367088607595,0.7815157894736842,0.8766731643924628,0.7909333333333333,0.7652663557628248,0.6538714042490191,1.0,0.96,0.9269375971574506,1.0,0.7363865604000626,0.32196597165675556,0.6715061728395062,0.7785851539303016,0.0,0.0,0.0,0.0,0.0,0.0,0.0,0.0,Bahadir Ozen,2904.0
19.53132115320609,179.81739663710468,-56.36416782273408,-15.813091295990535,-11.212326312883846,3.998455708835855,-4.9882590961402045,-30.11905542485804,-10.318503628775892,12.088612227078585,0.2095767386091127,0.433425659472422,17.550359712230215,0.0574400479616307,0.0080863309352517,0.0692491276706677,-0.2047028332317546,2.064111927349406,0.7246101421490733,0.8834037851469008,0.7801578379883285,0.7126652105091582,0.6422086434222642,0.6003432301256157,0.6248382926136264,0.8929330684295614,0.8595374870957307,0.8630188726691596,0.66734439166481,0.5949015008128327,0.6106246571411145,0.7517416853753095,0.8227036297445189,0.0623659868581541,0.0269767608140644,,,,,,,Bahadir Ozen,2904.0
22.599589246173103,213.52729616347355,-50.025062537147065,-14.490743397195212,-11.358859623248282,4.0,-5.815051506691056,-25.780308558775392,-9.752558655049581,13.17245920381246,0.22999999999999998,0.5232,16.4,0.09259999999999999,0.0144,-0.0008015468053014895,-0.09759558422386956,2.5134254597092522,0.9373134328358208,0.9128205128205128,0.8835509950248757,0.5500843381542471,0.7077446363160649,0.6411764462117748,0.7682756430612893,0.9671641791044776,0.8487179487179487,0.9808510638297872,0.8429521276595745,0.7314233385661957,0.8192833907386146,0.692628815822687,0.9120335820895523,0.0,0.0,0.0,0.0,0.0,0.0,0.0,0.0,Bahadir Ozen,2904.0
19.28967032967033,166.97849816849816,-73.16328588123893,-14.416263736263735,-14.418604562557624,4.0,-8.303186813186812,-40.96043956043956,-10.91479120879121,11.850000000000001,0.2098,0.3874,18.6,0.05740000000000001,0.008,-0.03600732600732598,-0.13873992673992672,2.2033992673992673,0.6734147298224967,0.7842857142857144,0.604747965087771,0.5648330741534625,0.7497835497835498,0.3626517603216632,0.39768419282982387,0.8666666666666666,0.8514285714285714,0.729047619047619,0.4361166449515964,0.6152711581837795,0.8484848484848484,0.8436010591350398,0.888888888888889,0.0116504854368932,0.0,0.0,0.0,0.0,0.0,0.0,0.0,Bardiya Daneshvar,3087.0
19.78390220953246,200.56469209305345,-51.81844354144796,-16.300460724830472,-10.52082773836997,4.0,-1.3992083319814412,-27.880594129543717,-9.449357580870185,9.732004964147823,0.20739999999999997,0.4652,14.6,0.0264,0.0072,-0.12079453402982814,-0.14467787114845937,2.8238511620864566,0.952922077922078,1.0,0.7705968955968956,0.6061654186654186,0.8964285714285714,0.6704533754533754,0.7488909363909364,0.9464285714285714,0.9885714285714287,0.898881673881674,0.7583621933621933,0.5456368706368706,0.7645752895752895,0.9567567567567569,0.9459459459459459,0.0,0.0,0.0,0.0,0.0,0.0,0.0,0.0,Bardiya Daneshvar,3087.0
19.960050729232723,166.73927288099765,-59.14644276333563,-14.532854223913196,-11.706028474601752,4.0,-3.9505601352779536,-35.68392869724512,-10.411234411329529,13.138163179031915,0.20579999999999998,0.5432,24.6,0.0128,0.0,0.18963432678080744,-0.0537081659973226,2.0245881772704855,0.6610521520929564,0.9274024024024025,0.7898370280392752,0.6498013154288846,0.6629076242733914,0.6303970999457145,0.748361001450889,0.9123123123123122,0.8354354354354354,0.9109925715188872,0.6923581476213054,0.6016755772229514,0.7779711033241201,0.8511541405391199,0.8273185367508255,0.0,0.0,0.0,0.0,0.0,0.0,0.0,0.0,Bardiya Daneshvar,3087.0
18.4056242399026,187.8138859830884,-70.17570127899494,-16.252586753411215,-13.3869725395593,3.9939393939393937,-3.4600450736662047,-44.756996854070294,-9.67016478118275,13.35712532895542,0.20999999999999996,0.4332,25.2,0.0752,0.0032,0.04928862243997191,-0.24509192663148466,1.9950911905550686,0.7950582086006177,0.9969696969696968,0.8211689705696292,0.5549992202618138,0.7812923544132947,0.48660370686055676,0.48080710903717805,0.9426229508196722,0.9318840579710145,0.9939393939393939,0.7288876359471353,0.3134372097023237,0.42725614107155,0.4757496089798054,0.9131147540983606,0.0,0.0,0.0,0.0,0.0,0.0,0.0,0.0,Bardiya Daneshvar,3087.0
23.829353804797353,238.7497818444996,-56.394352492830606,-16.397952853598014,-10.572946889025806,4.0,-2.8319866625310173,-31.821551902398674,-9.72353287841191,10.953618693134821,0.1976,0.3298,19.6,0.059,0.0,0.05809966914805627,-0.04684553349875928,2.6003375723738626,0.968421052631579,0.9262135922330097,0.7684227190791593,0.6139481247689356,0.724452919762866,0.6335452110709379,0.6506737454697913,1.0,0.9984251968503937,0.8970873786407767,0.5963045730387625,0.6336769704063808,0.29126004700166674,0.8271691766684505,0.6938700163756997,0.0021052631578947203,0.025263157894736838,0.0,0.0,0.0,0.0,0.0,0.0,Bardiya Daneshvar,3087.0
20.17578977932637,191.31409963136898,-63.80625634600445,-13.207963439882846,-12.558134344287547,4.0,-7.373472453668636,-38.697552769782355,-9.447522345099227,13.478389006716153,0.207,0.1398,15.4,0.0856,0.004200000000000001,0.17725218401252338,-0.47583270211584106,2.631541054385699,0.8559915164369034,0.7398181462404686,0.8399898373983741,0.5290950234812908,0.6787679404849633,0.47491810755432534,0.49203813816088476,0.975609756097561,0.8947233213252229,0.9544134727061557,0.528089178407312,0.6771539548022598,0.8217391304347826,0.8279957582184517,0.9913043478260869,0.00208333333333332,0.0,0.0,0.0,0.0,0.0,0.0,0.0,Bardiya Daneshvar,3087.0
18.33213779128673,176.86845138313225,-79.30460644774219,-16.28182739246569,-16.32422236374107,4.0,-4.775467440361058,-47.75111602345645,-10.616158238924196,12.444185011206287,0.19219999999999998,0.4888,19.8,0.036199999999999996,0.0058000000000000005,0.12682846704123302,-0.09136778115501518,2.0008519848945383,0.6979305433371036,0.9944954128440366,0.7761054810940394,0.5979183443086792,0.5400665072257116,0.5229288692385733,0.6017314269384824,0.7902786483560316,0.7322742761028553,0.9057328252137193,0.5766567890128741,0.5182545404607408,0.7380527005587363,0.775776397515528,0.8430318916557449,0.0,0.0,0.0,0.0,0.0,0.0,0.0,0.0,Bardiya Daneshvar,3087.0
17.79814119468012,161.72926765650078,-76.97759079226833,-16.12598601238248,-11.841059033497409,3.9975,-7.81378554230681,-45.8480437399679,-11.825153347855997,12.47893688374226,0.1802,0.3698,27.6,0.09380000000000002,0.0112,0.13007681724375145,0.0,1.9372451845906902,0.6041874526763353,0.7466247306191391,0.875,0.3908131141675611,0.5421329503756771,0.46845896986262614,0.6566886539693634,0.9220338983050848,0.8429378531073446,0.6619844528760307,0.6934692926620237,0.2741461718795503,0.4745903798790178,0.7328886364960102,0.799836624148174,0.00125,0.0,0.0,0.0,0.0,0.0,0.0,0.0,Bardiya Daneshvar,3087.0
20.976005104903297,188.65098883182523,-67.18834469424301,-15.764296503634469,-12.910016926843559,4.0,-9.870610225014437,-35.20817264054069,-11.145392783672529,13.71014438546267,0.2136,0.46699999999999997,17.6,0.013600000000000001,0.0,0.13530024188692352,-0.1146089700247915,2.3117050116696225,0.7964847590370874,1.0,0.7577290863294921,0.8162184873949581,0.601949860592129,0.3411382075263651,0.6576166636867513,0.8253009279788444,0.8558694057226706,0.7395639016371829,0.739672990252594,0.6491636096845195,0.6306037103029032,0.847271693823418,0.840472293663783,0.0,0.0,0.0,0.0,0.0,0.0,0.0,0.0,Bardiya Daneshvar,3087.0
17.02197978691533,173.73653217803243,-57.64336586718146,-15.619408867917462,-11.668469975334096,4.0,-1.253067773283901,-33.04581811968693,-9.516169110212337,9.459567979253269,0.23760000000000003,0.5478,17.2,0.0598,0.0062,0.24333763996554691,-0.05220611916264088,1.721738896378684,0.7032089920948617,0.8399834892680242,0.8533367037411527,0.6456710001035557,0.4703249241367353,0.4605497825039763,0.8755391585926201,1.0,1.0,0.9170175614149197,0.7061853111499219,0.2765806095182799,0.6173345487066593,0.5364044652279796,0.9417721518987342,0.0,0.0,0.0,0.0,0.0,0.0,0.0,0.0,Bardiya Daneshvar,3087.0
22.771215344708597,202.23009257276127,-74.85477148335994,-14.581618714452295,-12.307052723692143,4.0,-6.265545798529307,-45.24791294828776,-9.797988862711502,9.345347564313082,0.2166,0.3738,14.2,0.0662,0.0158,0.15811427619523577,-0.13420289855072462,2.4930182527783726,0.8306307865362983,0.7089582767671283,0.8409090909090908,0.6727319661965332,0.7529530592495568,0.5967733840962187,0.7025984930084849,0.8648031496062993,0.8229133858267715,0.704750656167979,0.8340918923596089,0.775773203174778,0.6077866960625581,0.9297502497502498,0.9653543307086615,0.0,0.0,0.0,0.0,0.0,0.0,0.0,0.0,Bardiya Daneshvar,3087.0
19.743877637745562,182.16249552611328,-74.748109542359,-15.543433917921202,-12.610346876376493,4.0,-4.93516071151428,-47.67407405061219,-10.312254411331523,12.327160425396684,0.21059999999999998,0.3364,17.8,0.0754,0.0162,0.18945297694272262,-0.07227351575177662,2.259774162419774,0.696449723689116,0.8345867606737173,0.7951045385007649,0.40455941674598084,0.5177342676695296,0.6812529589791221,0.4249596394579938,1.0,0.781656355150331,0.7754262332348261,0.7434782608695653,0.6956654767975522,0.5716902864100349,0.9096800656275636,0.8741872307089699,0.0,0.0,0.0,0.0,0.0,0.0,0.0,0.0,Bardiya Daneshvar,3087.0
18.988414282220592,188.88265413303986,-54.2024447520836,-16.30305086818293,-11.018335617820943,4.0,-1.4870753851797507,-31.3123297260944,-8.982010821716802,10.900357666911226,0.263,0.5038,13.4,0.08,0.004,0.34819491318170703,-0.16234397163120567,2.6565714722426024,0.8164986559139784,0.9849462365591398,0.7053631068752038,0.6831954486466444,0.7047381448437353,0.6308556045551954,0.6011998811811103,1.0,0.8745762711864407,0.8949152542372882,0.8447198275862069,0.6208379877516135,0.42092985612521205,0.7294232649071358,0.8903225806451612,0.0,0.0,0.0,0.0,0.0,0.0,0.0,0.0,Bardiya Daneshvar,3087.0
18.053065268065264,171.8274259074259,-53.031576565441355,-16.794239094239096,-10.028126681991477,4.0,-5.463961038961038,-25.586013986013985,-10.6955994005994,11.536363636363637,0.21800000000000003,0.5446,24.4,0.0888,0.028599999999999997,0.3521878121878122,-0.411035631035631,2.5573509823509823,0.7439321674615793,0.6701017564326917,0.6509120141790475,0.7943137943137943,0.28678293134492877,0.48711354868781864,0.4194299531159455,0.9225225225225225,1.0,0.9269756387403447,0.9981981981981981,0.7062917444212407,0.32333490340261395,0.6301985438676087,0.7779897544603427,0.02877697841726618,0.005755395683453219,0.0,0.0,0.0,0.0,0.0,0.0,Bardiya Daneshvar,3087.0
17.098739694073338,164.0422626971684,-77.34763042730472,-16.72590005829945,-14.422251064630945,4.0,-6.799065915451562,-47.50788980978638,-10.992456880622,15.099933301485612,0.1792,0.541,28.0,0.075,0.0028,0.14783089241947653,-0.11657194629766905,2.597436862443584,0.654090882906835,0.8180711386965862,0.7900647125999238,0.3415805258082707,0.36481911885626384,0.2957446172331881,0.5450070426035263,0.7737181257479518,0.8479333517444536,0.42141595620025685,0.7299161557580779,0.641504172606741,0.7540324324324325,0.6952694328130947,0.6942336012897735,0.0,0.0,0.0,0.0,0.0,0.0,0.0,0.0,Bardiya Daneshvar,3087.0
18.77477564102564,174.13198717948717,-61.08283918759811,-14.627564102564103,-11.738031495290425,4.0,-4.441666666666667,-36.55592948717948,-9.960192307692306,12.240544871794873,0.2042,0.3566,18.6,0.0772,0.0072,0.019583333333333362,-0.0430128205128205,2.491923076923077,0.7298955319608218,0.7938314317261685,0.8126139683101709,0.5293339793672904,0.3943070431678026,0.7083722273728936,0.5963479514045803,0.9015384615384615,0.8698564593301435,0.7841148325358851,0.6780216763028222,0.5453829537107351,0.23859186338866545,0.8966507177033491,0.7929701877070298,0.0009569377990430601,0.0,0.0,0.0,0.0,0.0,0.0,0.0,Bardiya Daneshvar,3087.0
19.13823308270677,197.85870638133798,-53.349547674567546,-12.274513206092154,-11.271105415072656,3.9964912280701754,-4.008930981299402,-31.01954887218045,-9.577463851937537,10.805523423944475,0.1882,0.3016,11.6,0.0036,0.0036,0.10797185270869483,-0.39265856950067474,2.6127540003855794,0.8810582734633368,0.7589540906662826,0.7916212014812948,0.7198672356567093,0.7426613027212629,0.5277442896696727,0.49930885961003807,0.8842105263157893,0.770791844476055,0.8835443037974684,0.9341772151898734,0.9405405405405405,0.8315789473684211,0.826923076923077,0.6263590269919384,0.0,0.0,0.0,0.0,0.0,0.0,0.0,0.0,Bardiya Daneshvar,3087.0
19.105469489582244,180.2483223865897,-62.31952690269951,-15.155423677431012,-12.06047144681074,3.988664671124552,-5.663848944024401,-34.95359042233203,-10.259194478100634,11.784337394874752,0.2071479028697571,0.4307373068432671,19.481236203090507,0.0594503311258278,0.006849889624724,0.129734488561828,-0.224792029328412,2.192734724809282,0.7315140666326101,0.8488226657872108,0.79038947879919,0.6277764307254129,0.5994029963205234,0.5382397668010663,0.57082453536702,0.8711076305508004,0.8532443627825865,0.8418160949429788,0.7163739714254184,0.5590733167160105,0.6066716584129466,0.77317643827773,0.8288594630175533,0.0549148699818406,0.0465329278988464,,,,,,,Bardiya Daneshvar,3087.0
19.00053531537896,162.25137404879544,-57.626524866212904,-14.950449414005211,-11.688793665324102,3.995348837209302,-6.825506158257812,-32.4492857081735,-10.504540905778274,14.796702148116703,0.2258,0.3834,21.2,0.0818,0.0076,0.3151815305034377,-0.17204880445463477,2.0156266053471397,0.5824237254114812,0.9458534444931989,0.591593809868179,0.39129850347356626,0.5419994227280225,0.762473073607623,0.6340444203784787,0.7275108853410741,0.780333636990602,0.7023438487080622,0.7320507117214099,0.5335159651669086,0.4992831707564046,0.6448213311511184,0.8625,0.0,0.0,0.0,0.0,0.0,0.0,0.0,0.0,Bardiya Daneshvar,3087.0
22.847978137021364,200.25014238688834,-66.34267977994202,-14.96883831725988,-13.03863728743911,4.0,-5.309694951317098,-39.950460618114825,-10.149662573139988,13.074613967328878,0.19799999999999998,0.39740000000000003,15.4,0.0316,0.0028,0.08782333849842353,-0.14460093896713613,1.7874246243746001,0.8126760563380282,0.7137402190923318,0.8412315930388219,0.6836472131036693,0.7474991882589779,0.5764205999038616,0.7921130531515734,1.0,0.7126044402005252,0.7920983528288374,0.8351907874333662,0.22668104212769782,0.7477459392369543,0.9674804381846634,1.0,0.0,0.0,0.0,0.0,0.0,0.0,0.0,0.0,Bardiya Daneshvar,3087.0
20.21826086956522,175.3955900621118,-49.84258607097083,-15.243478260869566,-10.583207188983256,3.9869565217391303,-5.911180124223603,-23.69270186335404,-9.765745341614908,11.366770186335405,0.2186,0.2978,18.2,0.09540000000000001,0.022399999999999996,0.19711180124223598,-0.23037267080745344,2.612546583850932,0.5798003837629595,0.8395802395802395,0.7935103555356721,0.6500201133112525,0.7252971079058035,0.3484606247402065,0.6200974232894981,0.9225225225225225,0.8707026233718583,0.7714192980015764,0.771943916798072,0.5256372497979542,0.5360226489560557,0.7018971677199526,0.8183546183546182,0.00439560439560438,0.0,0.0,0.0,0.0,0.0,0.0,0.0,Bardiya Daneshvar,3087.0
19.391580349475085,187.3020050125313,-57.601044663952834,-12.386665965613334,-11.706255242847616,4.0,-8.340720682825946,-31.585870270080797,-9.787475682212524,12.205943179627392,0.22160000000000002,0.32080000000000003,17.6,0.09459999999999999,0.006,0.19455281560544718,-0.5264174422069159,1.2734458523932208,0.8280610219474849,0.9688311688311689,0.8352300974135035,0.554784881186114,0.7407378134323934,0.7040840484970976,0.530895120805216,0.9638530696121244,0.8545794816537174,1.0,0.7330851681070022,0.5309165070737123,0.5968108439210418,0.8014693038787566,0.7484375886122611,0.0,0.0,0.0,0.0,0.0,0.0,0.0,0.0,Carlos Andres Obregón,2938.0
20.132224169045355,189.1894652750674,-61.07190833393989,-14.899063726223034,-11.822278989637985,3.984693098435949,-5.722388863527289,-34.16606810916536,-10.32243774067715,11.875635996854976,0.2077881944444444,0.4391597222222222,19.13888888888889,0.0579375,0.006,0.126243195221435,-0.2882818415118847,1.7734469195924738,0.7478639152453775,0.8776745129225811,0.8291053562133861,0.6652307742541432,0.6228719847349694,0.5899498673009943,0.5878639079453003,0.8826513449407587,0.8503143222815895,0.854917529563981,0.6760376453794471,0.5210692297824155,0.6362779076014919,0.795547752792535,0.8420262500504045,0.0738668375545066,0.0494674279608667,0.0268456375838926,,,,,,Carlos Andres Obregón,2938.0
19.254201411960132,185.02238385935772,-68.84467754466405,-14.194626245847179,-10.126623973235473,4.0,-11.353100083056479,-39.10835132890365,-10.866112126245847,12.804136212624584,0.2384,0.4816000000000001,19.4,0.0718,0.0054,0.2689746677740864,-0.07177851605758578,1.5061493632336656,0.7637898489932886,0.9963636363636365,0.795008731143885,0.6248991381940207,0.6728811121764141,0.5366752966860726,0.5422049272229351,0.8118824907253511,0.6520600349421078,0.7473199304889742,0.6499412992748591,0.6293129793863853,0.5067817560293983,0.8243347652935278,0.7996206751909279,0.0,0.0,0.0,0.0,0.0,0.0,0.0,0.0,Carlos Andres Obregón,2938.0
22.184875424875425,212.203465003465,-54.8747609104956,-17.27760287760288,-10.837745433480128,3.994594594594594,-5.789446589446589,-26.414922614922613,-10.547822987822988,11.998184998185,0.2144,0.5077999999999999,16.0,0.0578,0.004399999999999999,0.02314886314886318,-0.03939939939939938,2.7663320463320464,0.8955555555555555,0.9724505327245054,0.939901650860555,0.7317363306404402,0.5543165192956735,0.6478632478632478,0.5765039222573469,0.9888888888888889,0.871965811965812,0.8246153846153847,0.5958123221494276,0.683639732645093,0.6752019669827889,1.0,1.0,0.0,0.0,0.0,0.0,0.0,0.0,0.0,0.0,Carlos Andres Obregón,2938.0
18.719218992790793,184.58654781697288,-72.11228991622104,-14.558400007562517,-12.44886726246266,4.0,-5.260806601605381,-47.34907211451542,-9.772439656425364,13.277295726350294,0.20700000000000002,0.387,19.8,0.10840000000000001,0.004,0.27432178985889993,-0.29535186386522644,1.766399603440473,0.646744745390827,0.7408979036017718,0.7979695610292861,0.40196770486962324,0.39879353128653877,0.4854352253476284,0.3843470656842586,0.9633802816901408,0.932045883548715,0.9248388520588577,0.6763374140533288,0.7111308838589114,0.7535242929733509,0.7148737654669812,0.822352156742063,0.04776119402985074,0.0009950248756218799,0.0,0.0,0.0,0.0,0.0,0.0,Carlos Andres Obregón,2938.0
18.786435292964445,191.86995049868898,-85.64858711515582,-17.259068297105888,-10.911959575763063,3.9945205479452057,-8.15059793662852,-52.912637537677355,-11.730477859190824,11.321633543264635,0.22879999999999998,0.23020000000000002,23.8,0.06220000000000001,0.0038,0.07964405616683408,-0.35946871860220064,1.493120052932095,0.8131172347881492,0.8958904109589042,0.8066539942776243,0.8780483680027059,0.5135215015458192,0.24773189644140198,0.4942163892740252,0.7054603757130918,0.8141949178203312,0.7445652706643469,0.5856449126839617,0.3188345424275126,0.6147510460077974,0.9396330680813438,0.6124669491289104,0.0,0.0,0.0,0.0,0.0,0.0,0.0,0.0,Carlos Andres Obregón,2938.0
19.240443368464142,172.66167936662742,-66.38534695933255,-14.209145723087769,-11.915612325847231,4.0,-8.07597769995255,-37.32872894764639,-10.60977133503104,11.753889072232429,0.24580000000000002,0.5234,18.2,0.0454,0.0,-0.03962182521504554,-0.06475507765830343,2.2259702293873973,0.6213980463980465,0.6466323466323466,0.8854700854700855,0.692989417989418,0.5393060643060643,0.6322322322322321,0.5622608872608873,0.845945945945946,0.8487916487916488,0.6395343145343145,0.6695156695156695,0.6914529914529914,0.6445794695794695,0.6888176638176638,0.8093497343497343,0.0,0.0,0.0,0.0,0.0,0.0,0.0,0.0,Carlos Andres Obregón,2938.0
18.57695397600885,183.2075990289245,-58.09426846834445,-13.683999921025926,-13.009367754316695,4.0,-3.2668732089341552,-33.53998500779346,-9.741675760681373,11.147633184407155,0.2304,0.31800000000000006,15.4,0.08520000000000001,0.0094,0.08465318016813032,-0.5215809966182289,1.3581645842214063,0.7332640943170741,0.926530612244898,0.7539443449891767,0.5725744354669504,0.7764567546380977,0.6840688231898727,0.558353995063092,1.0,0.831940082016606,0.9790697674418605,0.7151960538134225,0.36179621413473184,0.3823290840660296,0.8537491401054804,0.8802402169701665,0.0,0.0,0.0,0.0,0.0,0.0,0.0,0.0,Carlos Andres Obregón,2938.0
19.81590324885577,199.1425344950574,-77.04128287212106,-16.36550920218162,-13.462096978873209,4.0,-4.933198946745115,-47.81478012494353,-11.227946026986507,12.76224840760892,0.19219999999999998,0.4504,25.4,0.08359999999999998,0.0021999999999999997,-0.007987398857594018,-0.14116574365878284,1.336916211762066,0.8009437300931932,0.926530612244898,0.8079591836734693,0.45401481047388187,0.5860363336085879,0.537999133272552,0.37729641698185895,0.7271537367510867,0.6879379497463726,0.8607563025210083,0.5425960210673865,0.40352168389265086,0.25004589417344414,0.7378241693843303,0.8393063583815028,0.00115606936416184,0.0,0.0,0.0,0.0,0.0,0.0,0.0,Carlos Andres Obregón,2938.0
20.56171023534938,206.94409953831686,-66.33408124253505,-14.165979690667644,-11.990131793673418,4.0,-6.177553977652304,-39.8698224034539,-10.081066575821172,11.95047319873338,0.1972,0.46340000000000003,19.8,0.0324,0.0102,0.08068673239923888,-0.06081992734820964,2.0067305710101984,0.8378378378378379,0.913978494623656,0.7019722003671649,0.6494644360705066,0.6685915183476159,0.4972669675762972,0.4024956585224091,0.9853658536585366,0.7720246562351825,0.9766666666666666,0.7704065040650406,0.4307689199821379,0.5073761172659677,0.8699999999999999,0.849430894308943,0.0,0.0,0.0,0.0,0.0,0.0,0.0,0.0,Carlos Andres Obregón,2938.0
20.05985728165853,183.37806260887004,-67.70763343068661,-16.94385360596541,-13.44821903443991,3.986363636363636,-5.101829017046408,-38.09889979921036,-11.06290238048002,12.961706770091862,0.17800000000000002,0.38360000000000005,24.6,0.0386,0.0108,0.3559767147965906,-0.30433169315156894,1.5715925460024838,0.7157606843738231,0.790606797906068,0.888080808080808,0.3868555948117992,0.4238555609358528,0.6488530999479905,0.3800809435845932,0.9226572292265722,0.9170537491705375,0.8408759124087591,0.702877263461205,0.4037195390480062,0.6656565656565656,0.8171156225900752,0.9226277372262774,0.0014598540145985398,0.0,0.0,0.0,0.0,0.0,0.0,0.0,Carlos Andres Obregón,2938.0
20.690404269816035,182.81680672268905,-52.29251421600386,-16.58887879476115,-9.708007440320618,4.0,-5.1765652206828685,-27.20750056779469,-11.15929479900068,13.547732606556135,0.191,0.48340000000000005,25.8,0.08,0.0168,0.2808009690362631,-0.036357786357786345,1.890188507835567,0.6269007603041217,0.8265500794912558,0.8984793917567027,0.5101060319927384,0.5089379125144033,0.7052941495712581,0.5490485383342525,0.9404966805999508,0.8392838216367629,0.8096295274866703,0.7389455782312926,0.3960111071455609,0.6030512204881953,0.7727288212582331,0.7291206844183455,0.0,0.0,0.0,0.0,0.0,0.0,0.0,0.0,Carlos Andres Obregón,2938.0
19.280383834333424,170.5037306024173,-72.75164322254011,-17.977673564040444,-13.39582405711666,4.0,-3.7460609684656347,-42.150271090589484,-11.112359597031983,11.630546054704094,0.18260000000000004,0.4298,26.6,0.06820000000000001,0.0078,-0.050758758810131276,-0.49568302384549473,1.9239727679003606,0.5642319846513958,0.7078485971616769,0.8003812428516965,0.5816798030871402,0.6943751060975526,0.5131820182884688,0.4441151541279577,0.965891472868217,0.7396372467283637,0.6107582542190577,0.5406547876585053,0.7344976299035434,0.6423584839232104,0.7940160128778377,0.8488012887330617,0.0,0.0,0.0,0.0,0.0,0.0,0.0,0.0,Carlos Andres Obregón,2938.0
18.079029235886377,166.2798889681747,-58.520724448076486,-16.603257077542793,-12.510707317202215,4.0,-3.363588393588394,-31.99249463535178,-11.63769600283886,13.587018978447551,0.20400000000000001,0.3396,19.6,0.038400000000000004,0.0,0.1389518769518769,-0.16204876204876204,1.2378008786580215,0.6341174088975052,0.8653333333333333,0.6733620451244849,0.5281211074108496,0.6167538289533504,0.5331762398202933,0.5153602904829775,0.9719183673469388,0.81243873729267,0.8002176870748301,0.4136866767907078,0.2286365556199288,0.6618723627006131,0.6513389309675085,0.8448838951310862,0.0,0.0,0.0,0.0,0.0,0.0,0.0,0.0,Carlos Andres Obregón,2938.0
19.70953259674622,193.8012895807323,-63.00040021844287,-14.505885239631372,-12.746370038096892,4.0,-0.06161459799230666,-39.29692711828935,-9.700153355416512,9.310550130983568,0.17880000000000001,0.5142,18.4,0.0364,0.0,0.007300752223352863,-0.4210346378767431,1.3577001979788357,0.856140350877193,0.752511961722488,0.9355555555555556,0.5739269557541653,0.7531160663236135,0.4133873993158998,0.49532364358580844,0.9,0.9106060606060605,0.7947368421052632,0.46692074669234546,0.7240558514639945,0.8350877192982455,0.6903894957519585,0.7790643274853801,0.0,0.0,0.0,0.0,0.0,0.0,0.0,0.0,Carlos Andres Obregón,2938.0
17.000120408861385,145.52942608847982,-59.860100533931494,-15.289734910905722,-13.3666367830339,3.9692307692307693,-3.520734357863467,-32.788240735474105,-11.311461177154843,12.447476661269764,0.195,0.49860000000000004,24.4,0.0612,0.0021999999999999997,0.12432858774478661,-0.47323333709861376,1.498400396716355,0.44477507088394475,1.0,0.6933512224209899,0.7334789622261056,0.3814846062661629,0.5427016958291615,0.49015722593488426,0.8562911681677644,0.7449858851996236,0.8872093023255815,0.6441012073019063,0.5059973048181491,0.371144200798432,0.3867379806487447,0.5608568166862584,0.00115606936416184,0.0,0.0,0.0,0.0,0.0,0.0,0.0,Carlos Andres Obregón,2938.0
19.903486492048096,172.53442469941498,-71.50305472343027,-13.752932357350735,-12.784532366961445,4.0,-10.251278772378518,-40.30751719728371,-10.006284725284416,11.599490695828557,0.20059999999999997,0.48719999999999997,17.2,0.0308,0.008400000000000001,0.0757973954199371,-0.40727136431784106,1.871967325160949,0.6338345943466897,0.7361066723325645,0.980865449628127,0.6260400205683899,0.6180376221524805,0.5539519822527551,0.41093107516060884,0.8968319662879072,0.9262273530075736,0.8173465006440532,0.7309453393741085,0.3118415390656692,1.0,0.8300363414234683,0.8978854691850403,0.0014598540145985398,0.0,0.0,0.0,0.0,0.0,0.0,0.0,Carlos Andres Obregón,2938.0
19.64245407908291,203.702070801334,-60.731204199647514,-15.653312799382622,-14.344310639624808,4.0,-0.16469979296066253,-33.88583004416159,-9.561820722291916,8.878769798774083,0.21239999999999998,0.5316000000000001,13.8,0.0648,0.0056,-0.058390192658772634,-0.06900753704780259,1.5789415496333465,0.7683385579937304,0.9292929292929294,0.9174214382279843,0.7134872917787798,0.685514925899681,0.8627834805442826,0.49045068277293896,0.8235617039964866,0.7698018148416188,1.0,0.737251636665662,0.6421013170867058,0.43416938437904323,0.7873618275607959,0.9762711864406779,0.0,0.0,0.0,0.0,0.0,0.0,0.0,0.0,Carlos Andres Obregón,2938.0
24.46203837329166,229.54669869983042,-63.67268627807257,-12.303840654407606,-12.271145693495033,4.0,-4.965470687992552,-38.17255179064277,-9.976040966980348,10.01636351544575,0.19039999999999999,0.46579999999999994,15.8,0.061399999999999996,0.01,0.020914109001429843,-0.09450537026568681,1.238669238187078,0.9304347826086957,0.964179104477612,0.8835357527847647,0.7247430830039525,0.5614893662371687,0.8628099173553718,0.6088463841823526,0.7185225864926178,0.7936664503569111,0.8851395197923425,0.6221627042652351,0.3831752924479017,0.7757114095076456,0.8278548329141214,0.9814732303269853,0.0,0.0,0.0,0.0,0.0,0.0,0.0,0.0,Carlos Andres Obregón,2938.0
17.8231545951714,172.8232092837135,-59.62730819659686,-10.83718820861678,-12.911436514590719,4.0,-7.26078431372549,-33.14607176203815,-9.763557422969187,10.29173002534347,0.26039999999999996,0.5432,14.2,0.060399999999999995,0.0166,0.03975056689342404,-0.3318474056289182,2.299969321061758,0.7525304061018347,0.8237206948895259,0.7300961376286051,0.6978265851795263,0.7020588235294117,0.5582863889357396,0.6213844380727498,0.9447933884297519,0.8778478664192949,0.8549357208448118,0.7950750548153145,0.6780570079271377,0.5690019864695189,0.8114788890762916,0.7929063360881543,0.0,0.0,0.0,0.0,0.0,0.0,0.0,0.0,Carlos Andres Obregón,2938.0
18.575536571890005,186.0740500982577,-55.582076213140496,-14.579656715421091,-11.132049599579528,4.0,-3.6892774671175785,-31.492765159104568,-9.853601938033915,11.165274666116181,0.23879999999999998,0.5276,18.6,0.08199999999999999,0.0,0.07126338520447921,-0.3362551177978948,2.6100380280464437,0.7221109325457151,0.8754098360655738,1.0,0.5563810102940537,0.44312380420719694,0.32519597295078406,0.7730537459689277,1.0,1.0,0.9956521739130434,0.5855066814867242,0.7369296277492998,0.6938461538461539,0.7713886113886114,0.7147018768829175,0.0,0.0,0.0,0.0,0.0,0.0,0.0,0.0,Carlos Andres Obregón,2938.0
20.704926876275003,187.92204568268758,-58.19976611762651,-15.24550385897523,-13.141475033508147,4.0,-4.3234855243272055,-31.420216954826987,-10.047690925949487,11.978606179960547,0.21059999999999998,0.5154000000000001,13.0,0.0398,0.0,0.060442308476310845,-0.1064638868774821,1.35795784426648,0.7358695024663933,0.7818272690923631,0.8731707317073172,0.7422919827284397,0.5476732301731714,0.6961278008732712,0.6608171498264378,0.8066300752426303,0.8030987604958015,0.7999000399840064,0.7111495433724435,0.1663516542909058,0.4617023328580192,0.8814855875831485,0.9241685144124169,0.0,0.0,0.0,0.0,0.0,0.0,0.0,0.0,Christian Gian Karlo Arca,2868.0
19.69873417732051,187.9103337522482,-58.54396471853158,-15.029433192969035,-11.682049504429068,3.996008886909201,-5.118718465625955,-31.86704859111765,-10.124739745967217,11.282015894668152,0.2127549019607843,0.4109166666666666,17.75,0.0596225490196078,0.0066960784313725,0.0869184050188527,-0.268223906408193,1.843572382715776,0.741895889647103,0.9077258188292646,0.8340441655019458,0.7371376600874177,0.5895816034205209,0.6075069470773634,0.6318461975767061,0.8884104050614238,0.8882253613672837,0.8620489002415721,0.7011116161070087,0.5090637431202241,0.6040008562502,0.726455679000764,0.8298849871256371,0.0931188749650478,0.1784018170555441,,,,,,,Christian Gian Karlo Arca,2868.0
18.208432202681443,162.9471006262498,-69.60066084794346,-17.13279647311535,-11.456339128298527,4.0,-7.842194959689349,-38.5067889744188,-12.086249671788492,13.42370835936706,0.21800000000000003,0.3672,18.8,0.094,0.0,-0.0020241936785436567,-0.044933689850522936,1.3627765935778662,0.5215868682782426,0.8670731707317074,0.6841642354348683,0.5941783632136153,0.45831361317590424,0.6679655891083689,0.6567287290156409,0.8035659270820075,0.7241329559044579,0.5773380247002342,0.4292609444251151,0.4617982851110186,0.28264420771776466,0.6853585249987637,0.675295075063896,0.0451127819548872,0.0,0.0,0.0,0.0,0.0,0.0,0.0,Christian Gian Karlo Arca,2868.0
19.91250182455116,189.22391621661072,-48.683941217926375,-12.11034885418187,-10.119067476866679,4.0,-4.913333819880309,-26.213363012698874,-10.094139541672748,10.766311487374105,0.20959999999999995,0.40359999999999996,16.0,0.023,0.0,0.007816377171215898,-0.3409575244489855,1.5475842942636109,0.7815975422427035,1.0,0.9134328358208954,0.6871765595983217,0.5909993270298008,0.5826027628191383,0.9466003316749585,0.9047619047619048,0.9961904761904762,0.8612903225806452,0.8225806451612904,0.35806866693609446,0.630392574940424,0.84642089093702,0.8933333333333333,0.0,0.0,0.0,0.0,0.0,0.0,0.0,0.0,Christian Gian Karlo Arca,2868.0
17.893249299719887,182.55417366946781,-61.07599042979384,-15.516221033868092,-12.195315614413156,4.0,-5.435510567863509,-31.974535268652915,-9.87698242933537,9.92257448433919,0.2714,0.3112,14.2,0.0764,0.0066,-0.05546982429335372,-0.4114947797300738,1.9124064171122996,0.7365793195860939,0.9834586466165414,0.827063589205572,0.7875152998776009,0.5362876884820847,0.4799050902642284,0.5306553714472688,0.8528939924067596,0.8387757760738481,0.8742481203007518,0.7572881085975358,0.41148640078206106,0.4251043940729097,0.821618402441748,0.8346013548723293,0.0,0.0,0.0,0.0,0.0,0.0,0.0,0.0,Christian Gian Karlo Arca,2868.0
19.457443090302213,196.9359870042902,-60.722141556836775,-16.952987031380477,-11.647196984888673,4.0,-0.9400832858462067,-35.16963502796236,-10.639044351471593,10.626805124712522,0.1718,0.364,20.2,0.0702,0.0,0.11336271119097714,-0.4611444722370216,1.9745635976595934,0.702982292637465,0.5891426009053101,0.8458032977048637,0.7544753779467965,0.6189338887603177,0.6176490754427959,0.5214442445222357,0.9213793103448277,0.754074074074074,0.7944883879482353,0.6575006357124694,0.6398148576718352,0.668599919830345,0.9060402684563759,0.7308362053328497,0.04827586206896552,0.06896551724137931,0.0,0.0,0.0,0.0,0.0,0.0,Christian Gian Karlo Arca,2868.0
19.20443891032126,161.34576583988348,-66.21362450971694,-16.22398375339552,-13.978990780965571,4.0,-4.814701991172579,-39.19087536734595,-8.92226088696677,12.917188270129447,0.198,0.48040000000000005,14.4,0.022,0.0,0.0991761815291227,-0.4818037288625524,2.5733909969204087,0.530875658060124,0.8810810810810811,0.9111519286276568,0.8567567567567567,0.5361857070594935,0.7089921274387294,0.784192489046858,1.0,1.0,0.8837018837018837,0.7760891518173072,0.6935275080906148,0.6783783783783783,0.9339805825242719,0.8855036855036855,0.0,0.0,0.0,0.0,0.0,0.0,0.0,0.0,Christian Gian Karlo Arca,2868.0
20.97884178673865,189.270563629226,-65.62120038459338,-16.091192718106495,-12.312583940602243,4.0,-11.477334242443025,-29.981494734113586,-11.26147985777317,11.50288510844514,0.22199999999999998,0.3104,19.6,0.0814,0.010199999999999999,-0.0529175095653742,-0.2774212089280582,0.9726842590662089,0.6954297508477075,0.8031390769282009,0.6993070912575556,0.6993848257006151,0.6940232552351084,0.404337103707623,0.5963870715750414,0.8460030902313077,0.8345232829974094,0.8448663675996715,0.5520492207119857,0.31447581591889,0.7308270676691728,0.7473358721479022,0.696439831078754,0.0,0.0,0.0,0.0,0.0,0.0,0.0,0.0,Christian Gian Karlo Arca,2868.0
20.123140213403907,200.20117694533806,-51.075139586764905,-15.159045532850225,-10.784134986226846,3.995918367346939,-2.329285102032132,-26.81426122414242,-9.249873134689128,9.2655420258289,0.19619999999999999,0.36800000000000005,16.8,0.058600000000000006,0.0114,-0.0602764134349182,-0.09723403226735591,1.6319866890571035,0.7851758108141641,1.0,0.9277829313543599,0.6382181102105914,0.7306532576334556,0.4933458245023048,0.5521815779446242,0.9858961406344715,0.7668247947243704,0.9469387755102041,0.7858416032465017,0.5311073353059507,0.6403094256794101,0.7597494443321884,0.8661803022407504,0.0,0.0,0.0,0.0,0.0,0.0,0.0,0.0,Christian Gian Karlo Arca,2868.0
20.94702573326899,203.1156840040185,-53.11308843448258,-17.25539125036061,-10.752005500316475,4.0,-1.7569875869293834,-27.923815670931095,-10.27449610537749,10.849607679432484,0.1734,0.4586,16.8,0.1014,0.008,0.08627536091232149,-0.16892385045819477,2.225085893520839,0.9097527090858571,1.0,0.7020921215489151,0.6582628138740948,0.5004242820691104,0.5660707519765592,0.588230656534352,0.9440677966101696,0.8917180277349768,0.8128373266078184,0.7913287316652287,0.6795712484237073,0.5200925762206674,0.7212551732206315,0.7935325602140946,0.04284523478744094,0.0,0.0,0.0,0.0,0.0,0.0,0.0,Christian Gian Karlo Arca,2868.0
17.10257806319512,174.22742355803945,-61.20647784298799,-10.470750976868885,-12.596099727553076,4.0,-7.985218806621242,-35.26947583084519,-10.042037261374537,11.157104760274951,0.2434,0.3478,22.4,0.1326,0.0,0.31229473744256253,-0.1570595008098667,0.8592364585631959,0.6925244003308519,1.0,0.8307181850407657,0.7991336405529954,0.397483398322108,0.4631062271062271,0.6791771239513176,0.6925641025641026,0.9846153846153847,0.7895604395604395,0.6105046673756351,0.37381684981684976,0.44236417346094764,0.6704454685099845,0.8765714285714286,0.00837468982630272,0.0,0.0,0.0,0.0,0.0,0.0,0.0,Christian Gian Karlo Arca,2868.0
24.691850600380015,199.59393106893108,-41.66716733461616,-14.663424810483633,-11.206712593279068,4.0,-3.1935295097059804,-17.70154502360385,-10.309516953634603,11.407561556090966,0.2162,0.46740000000000004,15.0,0.020200000000000003,0.0,0.12014025190495774,-0.35053906877436286,1.5884232434232435,0.7876470588235295,0.8858993229319989,0.8071481757259866,0.9482352941176471,0.5080087224763323,0.7782749484839565,0.5378548703716238,1.0,1.0,0.8574832464631422,0.9388782489740082,0.42488976140138934,0.6047899159663865,0.9011764705882352,0.8734336525307798,0.0,0.0,0.0,0.0,0.0,0.0,0.0,0.0,Christian Gian Karlo Arca,2868.0
19.756674306086076,176.47341638753403,-45.652347791097796,-16.435227517580458,-10.17631127859069,4.0,-2.456757947934418,-21.486736792619144,-9.799716753834401,10.702402499461323,0.2472,0.4978000000000001,18.2,0.07880000000000001,0.016399999999999998,0.23905212434624196,-0.09832442067736184,2.292859101682631,0.699847694485604,1.0,0.7060426330250834,0.7399673530889,0.4073024397425503,0.783288770053476,0.4771120716203974,1.0,0.934090909090909,0.9458563535911602,0.9281767955801105,0.6765518362040949,0.417938812893314,0.7154996336955982,0.7738736828189465,0.0,0.0,0.0,0.0,0.0,0.0,0.0,0.0,Christian Gian Karlo Arca,2868.0
20.527043668824493,178.3107062853638,-67.0083752317053,-15.476856682336134,-13.31622754229734,4.0,-6.771526819472025,-39.220025130984034,-9.946239888705641,13.722500832089873,0.22399999999999998,0.47379999999999994,19.2,0.0756,0.0056,0.30291212756966185,-0.6724366957243669,1.5525342278766936,0.5772219120825639,0.7691187739463602,0.8534246575342465,0.7286945506076351,0.4394751244137168,0.37439866305950387,0.7604597701149426,0.7973894113549286,0.7827777777777778,0.8290700104493208,0.6027011494252873,0.5799901232447289,0.8255050505050505,0.8130759651307595,0.9361768368617683,0.04827586206896552,0.06896551724137931,0.0,0.0,0.0,0.0,0.0,0.0,Christian Gian Karlo Arca,2868.0
18.39757453459853,204.62520435446905,-59.25499990902889,-14.01223915403482,-11.48009183335843,4.0,-3.1506496019460415,-35.76103946363234,-9.407272827791402,10.556292971734148,0.2644,0.4596,16.4,0.11240000000000001,0.008400000000000001,0.09295570141932367,-0.07380895420369102,1.996301616340316,0.9094497607655502,0.8016813527030244,0.9,0.6625098585624901,0.5727922077922077,0.5178298017771702,0.5548415207083938,0.9554390655783844,0.9194272445820435,0.9941176470588236,0.7287688627162312,0.47067590304432405,0.44802088004874385,0.7082462274567538,0.845256059729744,0.0028571428571428402,0.0,0.0,0.0,0.0,0.0,0.0,0.0,Christian Gian Karlo Arca,2868.0
23.451412966878088,223.58489429175475,-62.65828449200916,-14.816420014094433,-14.656427550501055,4.0,-6.372674418604651,-30.3468992248062,-9.29946088794926,8.83359760394644,0.2118,0.5412,12.2,0.0558,0.006,0.017635658914728666,-0.374136715997181,2.7506307258632843,0.9715686274509803,1.0,0.9741176470588236,0.9,0.8027346637102735,0.5870670840398244,0.8451799597982326,0.9484848484848485,0.9131559497413155,0.9020694752402069,1.0,0.8954545454545455,0.6499808703969392,0.9531914893617021,0.9617021276595745,0.0,0.0,0.0,0.0,0.0,0.0,0.0,0.0,Christian Gian Karlo Arca,2868.0
18.13568208475541,165.19556686305276,-63.70523020018133,-16.461699353319013,-11.026514022855157,4.0,-9.42442160129509,-33.908092491593706,-10.401466699230598,13.516963968112236,0.2324,0.4124,22.4,0.0566,0.0056,0.20197708356451308,-0.7886740084161519,1.70810931802068,0.6005511350297807,0.9034013605442176,0.7032771649088778,0.7164019881197721,0.42266539461432,0.3836651577130529,0.40851058460512607,0.9635735832929511,0.7750130982034451,0.8638974173740293,0.6442851104280823,0.5949693819211586,0.8237623762376238,0.4820580647133023,0.5309284810580784,0.0,0.0,0.0,0.0,0.0,0.0,0.0,0.0,Christian Gian Karlo Arca,2868.0
22.771630302344136,224.07566482127663,-47.25043461123788,-13.41293040839624,-11.553030761605783,4.0,-0.9123959739854097,-24.569360843053325,-9.085916731536187,8.283200107339056,0.23200000000000004,0.5118,16.2,0.054000000000000006,0.0132,0.15051813876999046,-0.0494527395111377,1.3920418751013044,0.9427370672035046,0.932258064516129,0.875609756097561,0.8517139001349527,0.7419017646397663,0.6579202196619066,0.7125872581460804,1.0,1.0,0.8903225806451612,0.8331443994601889,0.4067247548095616,0.5373657468733869,0.8414634146341463,0.7688693591389355,0.0,0.0,0.0,0.0,0.0,0.0,0.0,0.0,Christian Gian Karlo Arca,2868.0
20.96361111111111,210.71904761904761,-71.97583556266422,-14.862698412698412,-11.929645086473744,4.0,-7.69047619047619,-42.782341269841275,-9.221785714285714,10.51111111111111,0.18439999999999998,0.4997999999999999,13.8,0.0294,0.0056,-0.06317460317460313,-0.3864285714285714,2.8456349206349207,0.975257731958763,0.7839474077394293,0.9134891825177871,0.7299397836293121,0.5729723274882396,0.6235738024942323,0.8725977284094025,0.952112676056338,0.811846298031865,0.9226355894217839,0.9805555555555555,0.5884993536095802,0.9855072463768118,0.8347938144329896,0.9628865979381442,0.0,0.0,0.0,0.0,0.0,0.0,0.0,0.0,Christian Gian Karlo Arca,2868.0
21.80264034714541,220.4420589353073,-57.29758012822381,-14.90548909498284,-10.84715237928027,4.0,-2.976398082759012,-33.48346181116878,-10.281540372670808,11.196461612637908,0.24180000000000001,0.43979999999999997,22.2,0.1068,0.0058000000000000005,-0.1398139482118041,-0.10193800164497006,1.3661158853058795,0.8855172413793102,0.9903448275862068,0.7861591183732191,0.6427611794897954,0.605357051019019,0.6779539466147325,0.42373800148469354,0.8759828844701737,0.9312962496853764,0.9793103448275862,0.8288575793583434,0.2944178638194908,0.27442155489655834,0.6587163851044051,0.72509550498396,0.0028571428571428402,0.0,0.0,0.0,0.0,0.0,0.0,0.0,Christian Gian Karlo Arca,2868.0
18.74041230190706,193.6337521583976,-65.47281442165908,-15.03190975020145,-11.752339190470709,4.0,-4.080825754959518,-41.83849238325468,-10.62707896857373,13.857831625801007,0.2036,0.4758,20.8,0.0404,0.0,0.21960208741030657,-0.37145236176662444,2.11312401672998,0.827840238957631,0.9573770491803278,0.8381387181738367,0.5203947507597614,0.6552111652689897,0.31506660443617657,0.8011937756936899,0.8937931034482759,0.9120180893159977,0.9737704918032787,0.636709340604529,0.31583079906947875,0.7189234355605341,0.7293596774597451,0.9952941176470589,0.01103448275862068,0.0,0.0,0.0,0.0,0.0,0.0,0.0,Christian Gian Karlo Arca,2868.0
19.94178501663059,175.21007206588882,-57.410931632259484,-14.043292328810518,-12.762711501326594,4.0,-7.453685127501188,-30.069247927775724,-9.704582651391162,12.622587904545693,0.1894,0.5622,15.4,0.0446,0.0,-0.0038329549654189205,-0.6598344860355841,2.332097038171163,0.6558645683688129,0.7914335664335665,0.8983250620347395,0.593441948543816,1.0,0.7099503128450497,0.5772672064777328,0.8853729603729604,0.7378205128205129,0.8744172494172494,0.9267369727047147,0.7274231145198887,0.6705060728744939,0.8740080971659918,0.9232793522267206,0.0,0.0,0.0,0.0,0.0,0.0,0.0,0.0,Cristobal Henriquez,3003.0
21.374076406261572,191.8897997526826,-71.67912388271603,-14.084461742732913,-13.81530934417574,3.9886792452830186,-4.859027655100494,-43.58874620333594,-9.723694317968121,10.403436135314152,0.19519999999999998,0.5184,13.6,0.022199999999999998,0.0,0.0527264749291954,-0.19063043143780306,2.2772735250708047,0.8458934169278998,0.8886792452830189,0.8424636738234657,0.627680250783699,0.7465694682675814,0.7162811929397443,0.7094118806805859,0.8867924528301886,0.940909090909091,0.8880274442538594,0.7087181424503817,0.825287356321839,0.7420082411624376,0.9082628497072218,0.8171329429624811,0.0,0.0,0.0,0.0,0.0,0.0,0.0,0.0,Cristobal Henriquez,3003.0
17.08608848574602,160.11991351481257,-75.64227216126451,-15.494667342179957,-13.946384754391179,4.0,-10.2184595374033,-42.03317444156485,-11.119582415869367,13.169996330144134,0.2162,0.393,18.2,0.0456,0.0,0.27844552375013804,-0.264535876900693,1.3697548666186012,0.5983414551837092,0.8719298245614034,0.7215395275236659,0.7761252446183953,0.43663317632129645,0.49353545564235396,0.42112648003802244,0.936986301369863,0.8367550257961216,0.7353820577428601,0.5958512520661786,0.6496349293976748,0.27310746149372866,0.6007930785868781,0.9245614035087719,0.0,0.0,0.0,0.0,0.0,0.0,0.0,0.0,Cristobal Henriquez,3003.0
20.775833273480334,200.80775350140055,-60.866208358972415,-14.57582800641624,-10.381670256551947,4.0,-7.600657904187315,-32.05933084344849,-10.796207282913166,10.547485934544758,0.23879999999999998,0.4962,16.0,0.0596,0.009600000000000001,0.05617501017501016,-0.03822222222222223,1.3643023773612009,0.861991199119912,0.8981818181818182,0.8264199803064883,0.6832846258219393,0.7186013729578087,0.466627025121188,0.774385224592111,0.9089108910891088,1.0,0.7104285813196703,0.5346199943377423,0.22417678239312638,0.6085450339905785,0.987037037037037,0.875925925925926,0.0,0.0,0.0,0.0,0.0,0.0,0.0,0.0,Cristobal Henriquez,3003.0
22.03177575974569,182.79326671657498,-61.461338575798194,-13.615519317774957,-13.358652206194531,4.0,-11.878595840249975,-30.87498942160596,-9.961133352862676,14.227551562889909,0.22280000000000003,0.55,14.2,0.06620000000000001,0.004399999999999999,-0.013511267345853797,-0.1651618223046794,2.494791741257907,0.7107281950580919,1.0,0.8428571428571429,0.6405031165855908,1.0,0.5871674030436916,0.559026197170527,0.9428571428571428,0.9117171717171718,0.7745454545454546,0.5406908555362163,0.7118221984201366,0.668777614138439,1.0,0.9266666666666665,0.0,0.0,0.0,0.0,0.0,0.0,0.0,0.0,Cristobal Henriquez,3003.0
19.67024457695964,215.75406305732986,-59.483606628777736,-15.571734980083438,-10.840611602025913,4.0,-3.1603224361845057,-35.33351796418947,-10.19004643269616,11.61262678640174,0.24780000000000002,0.35,20.8,0.078,0.0046,0.20625977168626894,-0.38304381643764585,1.2396064612943016,0.9017543859649123,0.7033272837265578,0.9379310344827587,0.4290856451473511,0.6357747817820414,0.5784850056174919,0.39155215625270073,0.9345864661654136,0.8947368421052632,0.7024760176302826,0.3137714977097916,0.2767911157203353,0.9375939849624061,0.7359649122807017,1.0,0.0,0.0,0.0,0.0,0.0,0.0,0.0,0.0,Cristobal Henriquez,3003.0
17.567748376054517,160.1215022835962,-70.06779047820255,-17.09016078103892,-12.25627574728791,4.0,-10.732781050698486,-37.228960853304734,-11.284570123213902,14.524958077341395,0.16959999999999997,0.371,25.8,0.049,0.008400000000000001,0.29185092110329725,-0.1597445129861075,2.3484815085609525,0.5458539591249871,0.7134615384615385,0.9842105263157894,0.7974857164478413,0.5307960531570959,0.5791658633763896,0.4388265115220354,0.890079079798706,0.7634526467138371,0.7754612988257847,0.4581716933118802,0.45164844774288937,0.7917458035215044,0.5685071653492706,0.8351282051282052,0.00737484737484736,0.0,0.0,0.0,0.0,0.0,0.0,0.0,Cristobal Henriquez,3003.0
22.51342656593781,215.59031159744805,-53.598897105859635,-15.927535582857919,-11.378642330649837,4.0,-12.02461545201425,-22.511945812807884,-9.476179248038319,13.720021320508575,0.17859999999999995,0.5666,17.2,0.0406,0.006,-0.08234246513107082,-0.6006947824788904,2.000266555034171,0.9098901098901099,0.8999127018769096,1.0,0.7146172113687745,0.7170615079597846,0.5094377904940978,0.6203250037578184,0.8620100655787708,0.8901204819277109,0.8483516483516483,0.6569035067943841,0.6993406593406594,0.8318987341772152,0.798143178283907,0.8499707887049659,0.0,0.0,0.0,0.0,0.0,0.0,0.0,0.0,Cristobal Henriquez,3003.0
21.778168429387268,180.29689915647177,-69.527570968466,-17.72286677507537,-13.640316021162604,4.0,-3.3064987410900435,-39.56307038672554,-11.459152673125555,12.164333628713136,0.2206,0.34500000000000003,21.6,0.0636,0.0032,0.2625108023292455,-0.2985616483549688,1.9408432723395623,0.6991485476748552,1.0,0.8602556299452221,0.714291326275613,0.5611910732181518,0.7203676091070712,0.6232436585041037,1.0,0.9723404255319149,0.9830188679245284,0.22643935558978506,0.6767266922826939,0.8051349414855504,0.8531914893617021,0.8326135377682237,0.005757452021233139,0.0025316455696202398,0.0,0.0,0.0,0.0,0.0,0.0,Cristobal Henriquez,3003.0
21.672752150646893,208.74788482262164,-64.26517588024785,-16.950459687301795,-12.33577165715941,4.0,-1.9243514190882614,-35.59718707087128,-10.45005967005967,8.99265362423257,0.2152,0.5258,16.8,0.0626,0.011,0.006723935144987782,-0.06587574587574584,1.9488407751565646,0.9199999999999999,0.8054618473895582,0.7717009916094584,0.67200476213153,0.701613192942354,0.49857221271188357,0.6704868084779309,0.8879999999999999,0.8480642570281123,0.7610208105147864,0.8027687032715842,0.8421052631578947,0.7084630696699843,0.5676763053879759,0.9,0.0062679425837320404,0.0,0.0,0.0,0.0,0.0,0.0,0.0,Cristobal Henriquez,3003.0
20.041356991167664,188.93915043398457,-60.30538353403335,-16.95681238396709,-11.099061803514008,4.0,-7.7966416522132365,-30.674084663716833,-10.358136423219367,12.579353392597172,0.23159999999999997,0.44400000000000006,17.4,0.05600000000000001,0.0,0.18338704476461415,-0.31634850037302253,2.5531843818987703,0.797849177849178,0.8267498267498267,0.8401706970128023,0.6993848393848393,0.8196491228070176,0.8198298777246146,0.7703857703857704,0.8796026796026796,0.8234234234234235,0.7278758478758479,0.7065296065296065,0.7064526064526064,0.8532343679712101,0.9296296296296296,0.951851851851852,0.0,0.0,0.0,0.0,0.0,0.0,0.0,0.0,Cristobal Henriquez,3003.0
20.81606584810373,192.34910550136402,-50.06537648739246,-12.876462606472847,-10.12977638068348,4.0,-8.529547975040419,-24.585675517153835,-9.829321416575553,11.885407408533677,0.20259999999999997,0.4742,19.4,0.063,0.010199999999999999,0.14693436982955593,-0.2863951116597071,2.493303827101962,0.8497512437810946,0.89,0.8958441558441559,0.6587672029463074,0.651233354053735,0.6361821481603696,0.6762345905938288,0.9054726368159205,0.8736318407960197,0.7426116172384829,0.730547263681592,0.8290547263681592,0.6823811974609709,0.993103448275862,0.8517412935323383,0.0,0.0,0.0,0.0,0.0,0.0,0.0,0.0,Cristobal Henriquez,3003.0
18.485032679738563,171.68563958916897,-60.0044234738869,-14.324649859943978,-12.819862316090456,4.0,-10.652100840336136,-29.459173669467788,-10.251484593837535,13.50284780578898,0.258,0.406,15.4,0.0472,0.0102,0.2541830065359477,-0.5002987861811391,2.204752567693744,0.7127777777777777,0.946268656716418,0.8166750282202433,0.6065079365079364,0.6985168694343409,0.45640139637944727,0.3638601112086626,0.9242857142857144,0.9594444444444445,0.9404264392324094,0.4574697938877043,0.5488235294117647,0.792142857142857,0.8676470588235293,0.8214145658263305,0.0,0.0,0.0,0.0,0.0,0.0,0.0,0.0,Cristobal Henriquez,3003.0
22.30943933259723,226.77467304625202,-47.493562829262075,-15.963194700036803,-10.552549456669757,4.0,-4.289841737210158,-21.887878787878787,-9.745933014354067,10.945834866887498,0.2088,0.5582,14.6,0.0522,0.013600000000000001,-0.0079769353453564,-0.052121212121212124,0.8382333456017665,0.9805309734513274,0.9484848484848485,0.836198537899192,0.7523977036174034,0.8758754369973809,0.7183960573938466,0.8219770829640336,0.9840707964601769,0.8048326279338207,0.8773892773892774,0.583266978943543,0.31005963353398147,0.49359529013515874,0.8573913043478261,0.7235964288742085,0.00353982300884954,0.0,0.0,0.0,0.0,0.0,0.0,0.0,Cristobal Henriquez,3003.0
20.568526588354178,196.03465011999495,-57.89216991633292,-15.607616521409625,-11.133478177037732,4.0,-7.4237558418592915,-26.725314197296957,-10.46774346343312,9.4657382847038,0.2068,0.3625999999999999,12.0,0.022200000000000004,0.0048000000000000004,0.008230706075533662,-0.3380952380952381,2.078356700770494,0.8178694158075601,0.7921052631578946,0.825289048091928,1.0,0.7053946564037014,0.6233043645390464,0.5350748004030695,0.919047619047619,0.9619047619047618,0.8080019636720668,0.53125052102148,0.7051824330813417,0.524812907585049,1.0,0.9245283018867925,0.0,0.0,0.0,0.0,0.0,0.0,0.0,0.0,Cristobal Henriquez,3003.0
19.483410406146724,178.66909585951743,-78.59095060520285,-14.674361437254877,-12.522465163355202,3.992982456140351,-11.9929123300863,-42.55808412657259,-11.312876304060644,10.47676629998642,0.19619999999999999,0.6106,16.4,0.0474,0.0068000000000000005,-0.039451008473564884,-0.4665471396059936,2.1209257873748415,0.7540272288098375,0.7709277334122054,0.9218972332015809,0.7971848924022836,0.6318357487922706,0.4413468126790037,0.8825779534475187,0.8157930682154285,0.7837846073870918,0.6586798684763988,0.8597634516075295,0.6219727891156464,0.6821737337886407,0.8080017566974089,0.8109090909090909,0.0,0.0,0.0,0.0,0.0,0.0,0.0,0.0,Cristobal Henriquez,3003.0
20.5984025424466,181.25346383218923,-60.54207015932553,-13.849507729602143,-11.78106068121141,4.0,-8.28020112237264,-32.92857062770516,-10.775048995064731,13.072318996630562,0.2204,0.5066,16.0,0.07959999999999999,0.0216,0.13269692265758354,-0.46021500221342865,1.721111315163243,0.7866339066339065,0.9658536585365853,0.7921609734484585,0.6965320014500342,0.6632111774454836,0.585634326122131,0.7348894348894349,0.9309090909090909,0.8254545454545454,0.7023683106609935,0.7102211302211303,0.7410456357997341,0.8500665188470066,0.8439424230307877,0.9901639344262296,0.0,0.0,0.0,0.0,0.0,0.0,0.0,0.0,Cristobal Henriquez,3003.0
21.191522076263453,202.67900337529647,-66.22078225846988,-16.380779054916985,-14.995278244603806,3.996296296296296,-1.688599251961321,-37.92521437693851,-10.202887246852764,10.975679620507206,0.24159999999999998,0.42380000000000007,14.2,0.056799999999999996,0.009600000000000001,0.05037675606641125,-0.3056294471811713,1.3881435869366903,0.8284722222222222,0.6869708994708994,0.9670833333333334,0.5865068922305765,0.5564717348927875,0.6472309245335561,0.5781937482595378,0.7755026455026456,0.9666666666666668,0.6383267195767196,0.48485902255639096,0.541453634085213,0.7539431913116124,0.8776803118908383,0.980952380952381,0.0,0.0,0.0,0.0,0.0,0.0,0.0,0.0,Cristobal Henriquez,3003.0
19.975164924935275,183.82705498831308,-61.55729350584909,-15.433158475418317,-11.93713902468724,3.997909029877915,-7.547214849731921,-32.622004735062944,-10.44744384410257,12.431758393275995,0.2102076749435666,0.464392776523702,18.66252821670429,0.0571670428893905,0.0083024830699774,0.1182854452169643,-0.2757004838686738,1.892106916115412,0.7276727607395436,0.8687554872457881,0.821149748089348,0.6973147383532595,0.6846347044884458,0.5618294017969647,0.597938892200911,0.8887470971807319,0.8690435635329041,0.7914186725443816,0.5998291376082816,0.6295766020987814,0.6949128071915753,0.7904118726202447,0.8340825001049813,0.0405340404236101,0.0445177904447315,0.0283018867924528,,,,,,Cristobal Henriquez,3003.0
18.237764810477927,168.95696951166624,-59.078845637221846,-16.624050654870324,-11.740077747552315,4.0,-6.227365990111893,-32.580645979703355,-10.006263986468905,14.09955872148495,0.2052,0.3274,26.2,0.1528,0.018,0.3860371671437245,-0.18950169138693726,1.880461401682713,0.5298830651659034,0.9178947368421053,0.7805380116959064,0.7597393483709273,0.5869145315078329,0.30418708760570273,0.5239742883379247,0.9412698412698413,0.790568017840745,0.9293333333333333,0.6346666666666667,0.5695689897856548,0.3943030996067017,0.5704207689033906,0.7936114390659845,0.013333333333333319,0.0,0.0,0.0,0.0,0.0,0.0,0.0,Cristobal Henriquez,3003.0
21.295355370529585,196.06292780970477,-64.99248109592094,-17.29945548064015,-11.51478263294372,4.0,-9.364724271083158,-33.2755648822722,-11.221925200235304,13.683971371253602,0.191,0.4394,19.2,0.06920000000000001,0.0,0.08715288776264388,-0.46608594657375146,1.54957992066006,0.8176857129238082,0.7812156984570777,0.7332401366884126,0.7174524982406756,0.6894799561466228,0.4819929946366727,0.4287028290312363,0.9619047619047618,0.763718820861678,0.7555800698657842,0.6137747177156043,0.7002795899347622,0.8735632183908045,0.9208291331444041,0.9277992277992277,0.01225749559082892,0.0,0.0,0.0,0.0,0.0,0.0,0.0,Cristobal Henriquez,3003.0
19.90465348387499,191.87951469028758,-62.38277753589948,-16.444139479757972,-12.681398956896297,4.0,-7.776994573014784,-31.893206911608758,-10.700817166739444,13.113779552117771,0.21059999999999998,0.516,13.4,0.014599999999999998,0.0048000000000000004,0.051874493169484136,-0.16000249516561663,2.069858399351257,0.6985735299148224,1.0,0.862739597942964,0.5778754603815323,0.6811696826645686,0.6986146464880209,0.7056787152311751,0.8788971367974548,0.8605149431578468,0.9304347826086957,0.6422452331940198,0.4642202640985241,0.5197759985189985,0.7526094938368739,0.8949041608228143,0.0,0.0,0.0,0.0,0.0,0.0,0.0,0.0,Daniel Tabuenca Mendataurigoitia,2865.0
17.42571210066896,171.0667348326106,-56.14347809456594,-17.99263247537622,-10.693495276118933,4.0,-2.1959173268491647,-31.55595676971863,-10.87224236074538,13.166766114242387,0.22360000000000002,0.2676,19.6,0.0942,0.0132,0.2248907477337158,-0.3037805019254544,1.4123269238670446,0.6889593778273756,0.9343879361324661,0.7933189826995137,0.7129502696890595,0.46310509937705735,0.41931060240095863,0.4358567346465989,0.9027741871333399,0.8177954082780781,0.806541720457853,0.35192145149388854,0.6558177025145449,0.6393937070483625,0.7501365654475702,0.8875880229947215,0.007079646017699099,0.0,0.0,0.0,0.0,0.0,0.0,0.0,Daniel Tabuenca Mendataurigoitia,2865.0
18.88043252199035,152.53907423761532,-58.161597710501056,-16.8317407984262,-12.710846675582326,4.0,-5.420698374637905,-29.004372617129725,-10.500756595321054,12.306817350596152,0.1742,0.35419999999999996,17.2,0.047200000000000006,0.0048000000000000004,0.24650768078889915,-0.16659826479765782,2.063852972258053,0.6311282896997182,0.7287603930461073,0.7655287569573284,0.6666542980828695,0.6264172335600907,0.673073593073593,0.5640740740740741,0.8593272864701437,0.8425747268604411,0.7652916924345495,0.5536267436267436,0.636060606060606,0.8008478877444395,0.8715151515151515,0.9563636363636363,0.0,0.0,0.0,0.0,0.0,0.0,0.0,0.0,Daniel Tabuenca Mendataurigoitia,2865.0
19.847690642690644,211.52225774225772,-65.7344557615476,-16.801431901431904,-11.318904645996485,4.0,-6.248268398268398,-34.60606893106893,-10.727897102897103,9.96811521811522,0.2112,0.38900000000000007,16.6,0.024,0.0,0.010612720612720616,-0.5531601731601732,2.175011655011655,0.9256271656271655,0.8714714714714715,0.883883883883884,0.7421755960996468,0.5404535977531759,0.37755927114576904,0.47361688855359746,0.9448391248391248,1.0,0.8577243910577244,0.7534303534303535,0.5368921302254634,0.5946084741021449,0.7759256822547963,0.8754792043399637,0.0,0.0,0.0,0.0,0.0,0.0,0.0,0.0,Daniel Tabuenca Mendataurigoitia,2865.0
16.71824105718843,126.4119311265176,-80.03469710055685,-17.496435894932134,-15.735668359873978,4.0,-7.776647788301924,-46.18153663379228,-11.590476515965237,14.746068092308693,0.2138,0.301,17.2,0.0472,0.0,0.14602675519968752,-0.19296683266608078,1.4711216352569738,0.40361320861263394,0.5366307102084599,0.8567408781694497,0.5792786916565793,0.5175603043089538,0.7032082693385991,0.4558521660693825,0.7666184063035,0.7016692115301472,0.7019152896293455,0.37279518550636814,0.3080614210139552,0.801811355713206,0.5404227309295692,0.8194446476023305,0.0,0.0,0.0,0.0,0.0,0.0,0.0,0.0,Daniel Tabuenca Mendataurigoitia,2865.0
22.363707169185805,195.40680356532675,-42.32308431684213,-15.186993827564399,-11.282590027617358,4.0,-5.62043635993515,-15.595623023402908,-9.823269122554473,11.185828044232153,0.21959999999999996,0.4024,11.6,0.1136,0.0346,-0.017692497837102937,-0.12826053639846743,1.7144068718329006,0.7382101558572147,0.7700170940170941,0.9339999999999999,0.9836065573770492,0.7345357993554715,0.8948717948717949,0.586989491382934,1.0,0.9180327868852458,0.7587008547008547,0.6668428158148505,0.6721468074409251,0.761965811965812,0.8064663023679417,0.9214936247723134,0.04273504273504272,0.0,0.0,0.0,0.0,0.0,0.0,0.0,Daniel Tabuenca Mendataurigoitia,2865.0
17.93815213429219,174.7746028765144,-57.466566112462644,-18.006366594670535,-9.680557437019448,4.0,-6.3194355801509,-28.68137972397026,-11.191987910887578,12.413161134236073,0.22480000000000003,0.21280000000000002,23.2,0.0892,0.0,0.06713165607277431,-0.13617021276595745,1.778812875341775,0.6055637515359382,0.8654028436018958,0.6795143834094477,0.7035307871102615,0.433587759007389,0.7270586250494488,0.40090441354906997,0.896425982715361,0.8150432115974352,0.7434651841049945,0.5335605304245014,0.5177160819416542,0.6135462597477617,0.6054376505995236,0.8356286590465569,0.01232227488151658,0.0,0.0,0.0,0.0,0.0,0.0,0.0,Daniel Tabuenca Mendataurigoitia,2865.0
17.93745769952826,169.15541319678442,-66.28943439898464,-18.065608452873786,-11.494691812097178,4.0,-1.039103566958698,-41.4655831808992,-11.745181236160587,13.520733850004813,0.22440000000000002,0.4282,23.2,0.0854,0.027000000000000003,0.19052216713199194,-0.11502828054298639,2.0828636155771636,0.703623621496465,0.96,0.6141985490832165,0.6570733317252786,0.3966840231585041,0.44013842571769207,0.3511192829276985,0.9646373500856654,0.8037791001148346,0.9844961240310077,0.32669078748841973,0.6330193691735497,0.4451814057361182,0.7517727632936217,0.7088883985702308,0.0,0.0,0.0,0.0,0.0,0.0,0.0,0.0,Daniel Tabuenca Mendataurigoitia,2865.0
20.794488725789037,200.90863247148076,-59.51536378464548,-16.556718505325318,-10.409059709672665,4.0,-7.444362695291488,-28.92495607062171,-10.703621095664438,10.523354291930142,0.2374,0.3532,17.8,0.0662,0.0164,0.005145933195468785,-0.10491666367827354,1.8433864868849388,0.8249100631988334,0.7693333333333333,0.8085906916050456,0.7418894830659537,0.5502003466789585,0.4422506129638887,0.7759478545659239,0.9074626865671641,0.8874029850746268,0.7234600095243151,0.5304383832697933,0.5682954225622392,0.5341029998282771,0.7743250688705234,0.9008264462809917,0.0,0.0,0.0,0.0,0.0,0.0,0.0,0.0,Daniel Tabuenca Mendataurigoitia,2865.0
17.31859580021103,159.55046789827165,-64.09470548767395,-16.891002692308717,-12.296627843935758,3.980952380952381,-8.512250934866328,-30.75810948367738,-11.028954943030959,11.411288029192814,0.2292,0.508,14.4,0.0196,0.0,0.027757888889774863,-0.28355671788166065,2.343204246033961,0.6060247911481309,0.9199999999999999,0.8913121090730198,0.6362465777013531,0.7284747112704102,0.6368953257251802,0.7453333978318165,0.8396270396270396,0.9255583126550869,0.8742684766214177,0.6601375095492742,0.5352992471019036,0.6442261109939793,0.7356700647023228,0.8899646262328108,0.0,0.0,0.0,0.0,0.0,0.0,0.0,0.0,Daniel Tabuenca Mendataurigoitia,2865.0
19.564104341736694,165.0449761904762,-77.11888883235834,-16.977394957983194,-13.978379728716885,4.0,-7.3856722689075625,-46.85540266106442,-10.379210084033613,14.457170868347339,0.2428,0.5048,20.4,0.0364,0.0,0.26814775910364147,-0.04802941176470586,2.264283613445378,0.6536947060703475,0.825503355704698,0.813830850357696,0.3334529087835444,0.5944230010021562,0.6720847197939579,0.4168040871485402,0.9316575091575091,0.9553571428571429,0.705072706935123,0.5931660650837516,0.5482707781099017,0.6165362815234509,0.8907166826462127,0.6998042505592841,0.0174496644295302,0.0,0.0,0.0,0.0,0.0,0.0,0.0,Daniel Tabuenca Mendataurigoitia,2865.0
19.09733140504482,181.685943037315,-64.83517967188959,-15.903043568897228,-12.132332319377616,4.0,-3.425766103814884,-38.278095684803,-9.217209193245779,10.121267198248905,0.2104,0.5129999999999999,18.2,0.0752,0.0112,0.042318376068376046,-0.48559829059829057,2.60600505524286,0.8006316393913293,1.0,0.7458819550143752,0.5168671610444469,0.5818368523828065,0.7871489062334076,0.6339333907550961,0.9875,0.9353395061728396,0.98125,0.6671909352274649,0.7579908675799086,0.7877707377123327,0.6255503246689399,0.8713178294573642,0.0,0.0,0.0,0.0,0.0,0.0,0.0,0.0,Daniel Tabuenca Mendataurigoitia,2865.0
20.737851862056296,197.71392441566792,-60.493168081992096,-16.80216007714561,-11.270027704529639,4.0,-7.963440326950453,-30.997691142030583,-10.639205951232952,13.179357119897139,0.20099999999999998,0.5561999999999999,23.0,0.0622,0.008799999999999999,0.24954585112733624,-0.2925769389723102,2.4608890113422417,0.7896772242559287,0.9409836065573771,0.8427536546428795,0.6246739526411658,0.3777211780385423,0.6541576419937075,0.5227926195861896,0.9142288715581728,0.9983606557377049,0.997979797979798,0.6862307010901632,0.6123188323516192,0.8409258878776626,0.6564583329027066,0.4734868362578055,0.0,0.0,0.0,0.0,0.0,0.0,0.0,0.0,Daniel Tabuenca Mendataurigoitia,2865.0
17.533762333603995,155.74085984596837,-56.03199721641116,-16.715700893186686,-10.764806448467448,4.0,-9.499200930095224,-26.933270588814253,-10.684819517236289,14.565801161388743,0.2278,0.4242,23.4,0.0886,0.0164,0.29215656602937917,-0.14654216185625352,1.5763104992495263,0.4951753701795976,0.8945789763346175,0.9061946902654867,0.7126434782608696,0.44772690372636015,0.5628109322444116,0.7001381441585333,0.8867449018853405,0.8630670998095665,0.7990067097767131,0.48190673335898426,0.6111840137025407,0.564245469101019,0.5059268579443895,0.760141935483871,0.0,0.0,0.0,0.0,0.0,0.0,0.0,0.0,Daniel Tabuenca Mendataurigoitia,2865.0
17.558861376954724,150.51503095911042,-71.87397550360454,-17.010317084438235,-16.22709032258232,4.0,-8.744904569115096,-36.25159313377784,-11.985365780197954,14.345295386506905,0.1924,0.5064,25.8,0.0508,0.010199999999999999,0.13046324083066882,-0.015808752650857898,1.6926346781321957,0.5494462584175464,0.9878260869565217,0.6153242524497651,0.6619808018068888,0.5226198706953424,0.3077879003687043,0.5700613185010232,0.7134448160535116,0.7768695652173914,0.713999044433827,0.48702904970337285,0.620975024975025,0.6294196107420061,0.616796420970334,0.6117521887464464,0.0,0.0,0.0,0.0,0.0,0.0,0.0,0.0,Daniel Tabuenca Mendataurigoitia,2865.0
19.248830976879145,179.84952123288818,-74.51537280759621,-17.916812670202695,-11.602074699015395,4.0,-4.254894271987465,-44.34948305684765,-10.83461972002323,10.442511610480238,0.198,0.2786,24.6,0.11499999999999999,0.014600000000000002,0.4018843284907375,-0.18405692743653473,1.945901700382509,0.776715008098117,0.7825681540002225,0.744072162205311,0.602999662959218,0.5994084101082132,0.5803219250135327,0.3992829900839054,0.8707070707070705,0.890909090909091,0.8464646464646464,0.3777678331933028,0.5193788236255374,0.6844485835417664,0.7066968229471555,0.880359757438146,0.0,0.0,0.0,0.0,0.0,0.0,0.0,0.0,Daniel Tabuenca Mendataurigoitia,2865.0
19.670879526977085,186.69308725707577,-69.07936887960406,-17.199773922872918,-13.140344489360169,4.0,-5.7086213642885095,-38.655710621277336,-10.45011086474501,12.075192382939871,0.209,0.4122,15.8,0.0482,0.016599999999999997,0.22334681100821702,-0.20998217468805702,2.4006434502847704,0.7243288084464555,1.0,1.0,0.8443151969981239,0.5282037793228611,0.741764705882353,0.6359326294620413,1.0,0.868388330942133,0.9558823529411764,0.7703619909502263,0.9392156862745098,0.5686491557223264,0.767016149799507,0.9466666666666667,0.00392156862745098,0.0,0.0,0.0,0.0,0.0,0.0,0.0,Daniel Tabuenca Mendataurigoitia,2865.0
20.877947567836504,194.9409496982918,-46.82124952249485,-12.765467743375815,-11.099746075919947,4.0,-8.283110719889777,-21.07384949034917,-10.699954635334942,13.100879142374797,0.19259999999999997,0.49000000000000005,14.0,0.1274,0.026000000000000002,0.06087409051670983,-0.052706868911086446,1.5925245257504435,0.8133381725796207,1.0,0.8628550485614805,0.5953532501974471,0.6528330535075553,0.781700180948697,0.6805236349144502,1.0,0.9922330097087378,0.8990291262135923,0.575116931084202,0.4878701346201641,0.8100353869884765,0.8345781938580712,0.9514018691588785,0.0,0.0,0.0,0.0,0.0,0.0,0.0,0.0,Daniel Tabuenca Mendataurigoitia,2865.0
20.279826086956525,188.7676376811594,-59.59965418186598,-12.848212560386475,-11.60717592099642,4.0,-7.9325362318840575,-35.088913043478264,-9.858057971014492,13.73524154589372,0.2116,0.4944,17.2,0.0334,0.0,0.07905314009661835,-0.27294685990338163,1.4679516908212562,0.7827841634738186,0.8482758620689654,0.7753597275436356,0.5465070654991536,0.7526035161954491,0.61665893331047,0.5199750387403179,0.953103448275862,0.869143052236258,0.9111111111111111,0.4814284195002311,0.4609456790750889,0.7774257425742575,0.7263904425379872,0.8187025131502047,0.0,0.0,0.0,0.0,0.0,0.0,0.0,0.0,Daniel Tabuenca Mendataurigoitia,2865.0
18.06348054986311,158.16019791120328,-72.85656829396831,-16.344563032033292,-11.988806301084,4.0,-7.356657270753692,-46.30379523465789,-9.89596248911827,15.033216033678846,0.18960000000000002,0.26180000000000003,21.8,0.0998,0.0046,0.3253874448253426,-0.0733119235836627,2.0753524002440393,0.4946155322481922,0.9181818181818182,0.808441677348471,0.5331789568334475,0.42834352183107904,0.7162104372145135,0.33055097823074747,0.7876221109368406,0.8512522571507206,0.7611971666860882,1.0,0.48853486751390796,0.2654098131504886,0.6472635613642923,1.0,0.019669600123513962,0.0,0.0,0.0,0.0,0.0,0.0,0.0,Daniel Tabuenca Mendataurigoitia,2865.0
19.413387998710125,177.70943155692436,-62.48385072788465,-16.234171282854316,-11.917434883780553,3.996782719373302,-6.896854944712735,-33.224963708937665,-10.608649101615168,12.401440474642484,0.2124473118279569,0.414483870967742,18.563440860215053,0.0597569892473118,0.0077505376344086,0.0863987571244462,-0.2435220187692559,1.8739609396431431,0.7076844485053063,0.8895795577680208,0.785749877904655,0.6650916953921004,0.6205194262468651,0.592261688698332,0.5667913144868972,0.8747798038913489,0.8655421604120394,0.833689417139788,0.5673581600756021,0.6097138361703338,0.6472060044460393,0.7817160833230808,0.826621721662554,0.0582964239544493,0.0534514152219928,,,,,,,Daniel Tabuenca Mendataurigoitia,2865.0
21.793853989813243,209.56443223809046,-42.1047523496552,-16.262019374812745,-10.414084617706731,4.0,-1.6737021871566966,-18.78501148506941,-10.220449016278838,11.25051433136922,0.24459999999999998,0.4612,17.8,0.043,0.0032,-0.00023010086887045866,-0.27602277039848194,2.1309529611505047,0.8819468549883297,1.0,0.8687548849802098,0.8102153812897329,0.7272986762876026,0.6451028268794277,0.6070590699622957,0.885483870967742,0.9693548387096774,0.9179514034352744,0.9552238805970148,0.5175987469439564,0.3124260051111966,0.5902459841554689,0.8983870967741936,0.0,0.0,0.0,0.0,0.0,0.0,0.0,0.0,Dmitriy Bocharov,2838.0
20.117742918961447,177.74311041174929,-40.96641794028128,-15.593554943613952,-10.679297234800032,4.0,-0.7822449514817726,-22.713194990820874,-9.641961054287963,14.443835234723315,0.24720000000000003,0.5436,14.4,0.06899999999999999,0.0082,0.21865165224232888,-0.14290650406504063,1.4300147521636508,0.5865277394847286,0.91424317617866,0.8380438378825474,0.9042592592592593,0.8289506172839506,0.49131222620469933,0.6264811751370891,0.9983333333333334,1.0,0.910897435897436,0.847820512820513,0.6350438072481083,0.19489737462855738,0.7628347578347578,0.7937654320987655,0.0,0.0,0.0,0.0,0.0,0.0,0.0,0.0,Dmitriy Bocharov,2838.0
20.495876821524426,202.64869040407308,-61.10392353940075,-15.680825594366386,-11.912604366563503,4.0,-2.8732155775259227,-34.746554909906465,-10.04233018873473,10.15160709769625,0.21880000000000002,0.5700000000000001,16.2,0.020200000000000003,0.0,0.046348658350340445,-0.3105689292484919,1.8387888100125274,0.8104477611940298,0.8754563233376793,0.8186355342503138,0.9314863102998696,0.6091813712684352,0.5831125717803325,0.48106721969461735,0.964179104477612,0.9377668618930664,0.9354414368833798,0.7722946544980444,0.6085397653194263,0.22648699642606976,0.6761810086527961,1.0,0.0,0.0,0.0,0.0,0.0,0.0,0.0,0.0,Dmitriy Bocharov,2838.0
18.752648931772974,206.40168565449895,-65.12973604983276,-16.4158367563099,-11.57738969627157,4.0,-1.1203434601772198,-38.50964891885608,-10.698019840347206,9.191502622129223,0.2694,0.4006,17.6,0.0438,0.004399999999999999,0.5052047004572581,-0.276822573561704,1.533714543129505,0.8968341503267974,0.865909090909091,0.7922396843352726,0.6927499583749583,0.45276286213786215,0.5407035570638512,0.5034986459618812,0.8533554680613504,0.9722222222222221,0.930252100840336,0.6843638591800356,0.4229965092097444,0.42875480320333265,0.6462003070458953,0.8355144855144856,0.0,0.0,0.0,0.0,0.0,0.0,0.0,0.0,Dmitriy Bocharov,2838.0
21.138645200224147,201.2134997198155,-55.09864655856423,-15.237501616448986,-12.005824109320725,4.0,-8.878709858183543,-24.15313634208371,-10.56659718091297,11.743122548385704,0.189,0.39180000000000004,16.8,0.0494,0.0124,-0.1446696840381051,-0.05684589853010904,2.2781299193930775,0.8602861834388928,0.9945945945945945,0.7821600010805408,0.8532423584126304,0.6011211838798045,0.6816921269095182,0.755317206261734,0.8807996001999001,0.9864864864864865,1.0,0.8742028985507246,0.633726292346982,0.3465239946842003,0.8436581709145428,0.9617391304347827,0.0,0.0,0.0,0.0,0.0,0.0,0.0,0.0,Dmitriy Bocharov,2838.0
19.007445177773047,188.09157403785693,-66.90136662543243,-15.949509583058955,-10.547683968021229,4.0,-7.0552450599343475,-36.41610181659743,-10.640602561753914,9.707776363933435,0.24459999999999998,0.2426,17.0,0.0422,0.0058000000000000005,0.09012645379782244,-0.29824251996573764,2.530409959845721,0.7029747421371282,0.8243878060969516,0.8138488132982689,0.8220955096222381,0.4703500708662062,0.5332382988833453,0.5228828208846397,0.8615790465423027,0.7823088455772114,0.7246360426344205,0.8521263958184843,0.7459303135317586,0.5806768746774154,0.7172413793103447,1.0,0.011594202898550721,0.0,0.0,0.0,0.0,0.0,0.0,0.0,Dmitriy Bocharov,2838.0
20.03952687249857,196.25876429388222,-65.83940447910629,-15.58562035448828,-12.052489813583142,4.0,-7.619607632933105,-37.2314143796455,-10.227973842195539,12.877701543739281,0.22559999999999997,0.36300000000000004,17.0,0.0536,0.0,0.26888078902229845,-0.2939765580331618,2.3880467409948545,0.8146469622331691,0.9538461538461538,0.7208434880304209,0.5982648930017351,0.5445344045403775,0.6526484259535789,0.5436487333567441,0.9447619047619048,0.9714285714285713,0.6567820484629967,0.8006662225183211,0.6192609078685027,0.8576704360370423,0.7550082101806239,0.9518987341772153,0.0038095238095238,0.0,0.0,0.0,0.0,0.0,0.0,0.0,Dmitriy Bocharov,2838.0
18.363129664163733,179.32715497029528,-54.0631125070415,-14.244738723850952,-10.963456544765952,4.0,-4.285658797634975,-29.338662903248757,-10.29257335681127,11.0619778192704,0.227,0.43620000000000003,16.8,0.0322,0.004200000000000001,-0.06996055693280506,-0.05471532540811558,1.6974883985903777,0.7359707764787285,0.9966101694915255,0.7076308427073436,0.7996727467804001,0.7685621177415165,0.6459277726835551,0.3694630979789447,1.0,1.0,0.9455965437022268,0.7211292524140412,0.5354791906896732,0.2498982602964134,0.7019648544420363,0.9334167709637047,0.0,0.0,0.0,0.0,0.0,0.0,0.0,0.0,Dmitriy Bocharov,2838.0
24.873663046804516,221.20755962873173,-61.98412474411005,-15.959587929677486,-11.528373860787644,4.0,-6.528305462615523,-32.90927647548811,-10.515139846676236,11.456558831134956,0.21739999999999998,0.4022,14.4,0.034600000000000006,0.015,-0.005616037152425301,-0.49839942395372355,1.42580137018012,0.8737808376362594,0.848824807426427,0.807482993197279,0.66159663441625,0.6337301393902506,0.8633077765607886,0.7289038119691883,0.9383132530120483,0.8685714285714285,0.9082251082251082,0.7219004354655155,0.31912353571956853,0.5088657412581681,0.8101723991986681,0.8231930318677307,0.0,0.0,0.0,0.0,0.0,0.0,0.0,0.0,Dmitriy Bocharov,2838.0
19.27017543332833,161.1343555127371,-68.48402602284435,-15.807387351317084,-12.438901412798131,4.0,-7.964995120364347,-38.92534937357156,-10.987292502877734,13.639899738084514,0.2266,0.3718,21.2,0.049,0.0,0.20840490966418096,-0.32799089134677945,1.6082349315182758,0.6631084318135758,0.9121495327102803,0.5991354828324021,0.6652222757491087,0.6875180048948997,0.5086196663687618,0.6889351996546251,0.9184485981308411,0.7979374798582018,0.826497137788173,0.580346155275877,0.4677809215507791,0.5401377914954268,0.6352312126426648,0.8188649330265815,0.0,0.0,0.0,0.0,0.0,0.0,0.0,0.0,Dmitriy Bocharov,2838.0
18.92153796847301,184.10598305338186,-59.35707844638595,-14.294031054191356,-12.088468787818552,4.0,-0.6030118488514468,-38.101899133108034,-9.782339392490893,11.512671770074329,0.2512,0.38439999999999996,17.4,0.06620000000000001,0.004,0.1741667163503875,-0.19573314990711094,1.6077627355431439,0.7278536922015183,0.9560304593465979,0.676168953457089,0.61734688864492,0.6121384205856255,0.6692682437750339,0.44687711488427356,0.9447619047619048,0.9647619047619049,0.9231315577078287,0.6425458318920789,0.616697797763173,0.4535700834005919,0.5083821354628808,0.9022616582865031,0.0038095238095238,0.0,0.0,0.0,0.0,0.0,0.0,0.0,Dmitriy Bocharov,2838.0
19.027435897435897,184.23853479853477,-41.99453933991179,-16.175091575091578,-9.301993552366001,4.0,0.40119047619047626,-21.709615384615383,-10.047857142857143,10.838827838827838,0.22959999999999997,0.361,20.0,0.040400000000000005,0.0036,0.2623809523809523,-0.41340659340659336,1.415934065934066,0.6636904761904762,0.7485805860805861,0.8279761904761905,0.7325,0.5635622710622711,0.5778846153846153,0.43171245421245413,0.9636904761904763,0.8635073260073259,0.96,0.6439285714285714,0.40891025641025636,0.3887271062271062,0.8308150183150182,0.8958333333333333,0.00178571428571428,0.0,0.0,0.0,0.0,0.0,0.0,0.0,Dmitriy Bocharov,2838.0
18.703825124282695,191.72188740765938,-72.18872399084253,-16.122871371387873,-12.830893718221873,4.0,-3.0768695629032714,-44.73611976495486,-9.917317107882528,10.495347534507866,0.1984,0.441,12.8,0.056799999999999996,0.0128,-0.011384109749444472,-0.26563893714792836,1.1604800699326996,0.8058062035375544,1.0,0.8703738029039233,0.7679332715477294,0.7452553971668356,0.7405402095371699,0.6272627046976195,0.9508804448563485,0.8636613436319994,0.7969540163246667,0.8141025641025641,0.3556351864587848,0.5650654188281903,0.8544593088071348,0.7887390592755995,0.0,0.0,0.0,0.0,0.0,0.0,0.0,0.0,Dmitriy Bocharov,2838.0
20.647989788628088,212.4285939324237,-56.1840286432171,-14.13779078885462,-11.105065811913837,4.0,-5.8107594054402565,-29.98076480736055,-10.10458100266611,10.95493317301828,0.2452,0.5074,21.4,0.0654,0.0034000000000000002,0.22147698956209597,-0.27541359541359534,1.4715233415233415,0.9145698924731184,0.9513513513513514,0.7310499450468517,0.7812779156327544,0.6486722605878593,0.6060258645742517,0.5681015103617842,0.973675799086758,0.8749742230078068,0.8155128205128206,0.7128963157045349,0.6428785236849753,0.34753006192908975,0.8983333333333332,0.8611538461538462,0.0,0.0,0.0,0.0,0.0,0.0,0.0,0.0,Dmitriy Bocharov,2838.0
21.268190265353454,197.44033402608358,-35.25986254683646,-11.896494081503569,-10.11879676568528,4.0,-5.938124604680581,-11.453270985813681,-9.110434173669468,9.25725806451613,0.22160000000000002,0.5269999999999999,13.8,0.017,0.0,0.026685340802987862,-0.23935483870967741,2.1255679045811875,0.7201098551699667,0.9114754098360656,0.8772460635998766,0.8950819672131146,0.8967284350193421,0.8184772340827507,0.5511654359605109,0.9722222222222221,0.961111111111111,1.0,0.9101566250507165,0.5603633626843992,0.5951731770293331,0.9202718912435026,1.0,0.0,0.0,0.0,0.0,0.0,0.0,0.0,0.0,Dmitriy Bocharov,2838.0
17.093157891369714,173.10823715693172,-63.26238987931854,-13.282424668927131,-13.281179080265378,4.0,-4.622995649670527,-36.692793487300875,-9.491548589341694,10.108551596187064,0.21259999999999998,0.5104,16.0,0.0454,0.009,0.13813921054315143,-0.1944647175484614,1.2972931354359925,0.6820033175057387,0.8510204081632653,0.8957203389830509,0.7798051948051948,0.4602235621521335,0.5210347001666615,0.7495493066255778,0.7569981289896545,0.8738152888273953,0.7066067104808025,0.724295918367347,0.7188239363542027,0.5183419546555139,0.7019545454545455,0.976,0.0,0.0,0.0,0.0,0.0,0.0,0.0,0.0,Dmitriy Bocharov,2838.0
22.509838370832206,205.2934247085931,-56.01408376945248,-14.877737869341285,-11.70110430347254,4.0,-8.789511046354026,-27.591728788289508,-9.085058620222282,12.031056858227162,0.221,0.5578000000000001,14.0,0.0322,0.0,-0.07404648956356738,-0.07172268907563024,2.0602019517484416,0.8354814130685755,1.0,0.9441176470588235,0.6058325665177177,1.0,0.7754329254213808,0.7391544117647059,1.0,0.9205882352941177,0.9549295774647888,0.9137867647058823,0.7682105834136934,0.4673957328833172,0.7174995670745786,0.996875,0.0,0.0,0.0,0.0,0.0,0.0,0.0,0.0,Dmitriy Bocharov,2838.0
22.70020495879511,208.9125067490764,-30.725238630697852,-15.952600170502985,-9.4261458486575,4.0,-0.1230552003410061,-9.639503410059676,-9.718970588235294,10.135036587098607,0.2024,0.4936,14.8,0.0152,0.0,-0.011914606422279067,-0.10474424552429666,2.0738796533105996,0.8910891089108912,0.7686187539166592,0.9388888888888889,0.8593116454502592,0.8201750609843593,0.47206564850610755,0.7460661078214358,0.994059405940594,0.8424956781392424,0.8894445376741065,0.8402878665590532,0.5051731807563323,0.5065169560434304,0.9663366336633663,0.9734323432343235,0.0,0.0,0.0,0.0,0.0,0.0,0.0,0.0,Dmitriy Bocharov,2838.0
19.14060762766645,203.67830578385198,-57.94509526810899,-16.5956844276172,-10.653616214949263,4.0,-2.066808261766245,-32.16059962446517,-11.028179887339551,10.559793148028442,0.2166,0.30480000000000007,17.8,0.1012,0.047799999999999995,0.19159786991719768,-0.2535217163788592,1.4185440329978147,0.8390374331550803,0.8971428571428571,0.759246635717224,0.6727428127428128,0.48652236652236647,0.333748081983376,0.7767056472938826,0.914799579505462,0.8417604617604617,0.9075414781297134,0.5631264160675926,0.4130382036264389,0.3616159004394298,0.807271943742532,0.9182595182595182,0.0,0.0,0.0,0.0,0.0,0.0,0.0,0.0,Dmitriy Bocharov,2838.0
20.236223776223774,191.38107226107226,-45.912260858718,-14.45034965034965,-10.086134984592126,4.0,-7.19986013986014,-20.215291375291375,-9.779972027972027,11.819347319347319,0.21799999999999997,0.37639999999999996,18.8,0.0328,0.0062,-0.05830303030303028,-0.5071981351981352,2.529920745920746,0.77703058845916,0.8730769230769232,0.9355710955710956,0.8523704866562009,0.7506859806859807,0.5690809190809191,0.7194172494172495,1.0,0.8523076923076923,1.0,0.9046153846153846,0.5549650349650349,0.7619922934208648,0.8577822177822177,0.9202797202797204,0.050769230769230754,0.0,0.0,0.0,0.0,0.0,0.0,0.0,Dmitriy Bocharov,2838.0
20.48752612388169,191.52648410420267,-56.9245727687791,-14.907396688215924,-11.28197935736597,3.9686483240302057,-4.283199204360451,-31.70862908734016,-10.03490022407321,11.322883468546406,0.2185264483627204,0.4509420654911839,17.93954659949622,0.053433249370277,0.0066826196473551,0.0928389832254047,-0.2002625432133055,1.8361464411004504,0.7786377339593801,0.9015917820908048,0.8251539147087352,0.7371188030365317,0.6792895169031556,0.5836535961871507,0.5953424468149847,0.9176566934245428,0.8895585980414732,0.884691286916166,0.771989650308125,0.5513704260591848,0.4521465079210005,0.7844989907344858,0.8709973171118038,0.0880568068089111,0.0519956291695421,,,,,,,Dmitriy Bocharov,2838.0
19.216817821968995,191.13540225358815,-66.21002327652693,-17.175482076713877,-11.90995436447594,4.0,-9.172481941350924,-33.06070249272937,-11.031319296604853,12.139916895348026,0.2056,0.38580000000000003,20.6,0.0522,0.0106,0.19580104106419896,-0.2689492963177173,1.5886724175413984,0.808142493638677,0.8848372840498191,0.7910164724789072,0.5620053452582668,0.5051028700193896,0.5466304260485265,0.7346993437792956,0.9511450381679388,0.7043458696525582,0.8209079951787868,0.5489549961861174,0.534725895388987,0.4624100243972028,0.718505423865006,0.825350032898376,0.0,0.0,0.0,0.0,0.0,0.0,0.0,0.0,Dmitriy Kushko,2850.0
20.808678823200434,174.22356891168272,-57.28339309629765,-16.11171400619523,-11.664657905634341,4.0,-2.2404015746018766,-32.450196476665646,-9.89286525953278,11.07644212633221,0.21359999999999996,0.314,15.8,0.0732,0.0052,-0.1712863663861849,-0.09855560796998897,2.081750172154303,0.6454716681639739,1.0,0.6929487016419206,1.0,0.41045111570592796,0.6668378342554455,0.6205610565916704,1.0,1.0,0.7808747220163084,0.8969032739483257,0.42559168184428986,0.5106836632244219,0.7265249215754619,0.8503311258278146,0.0,0.0,0.0,0.0,0.0,0.0,0.0,0.0,Dmitriy Kushko,2850.0
24.143182055294734,224.4374557784417,-69.85063669968073,-16.236610233793332,-12.525622235793039,4.0,-10.427400768245837,-35.967489448475355,-10.294019063878219,11.600505050505049,0.17279999999999998,0.48,19.6,0.004399999999999999,0.004399999999999999,0.2812377294067435,-0.12900080618390475,2.262785128278086,0.9116279069767442,0.7911712557893358,0.9531914893617021,0.6747393885692855,0.7175466589573524,0.6241233272407671,0.6573930144730704,0.8956195890941983,0.8515897681090128,0.7562655390996509,0.9904415255578414,0.5388752643845102,0.7132354410148836,0.9193435844424345,0.9078014184397162,0.04822695035460992,0.0,0.0,0.0,0.0,0.0,0.0,0.0,Dmitriy Kushko,2850.0
19.33881764720248,180.05029088784792,-60.32674648174771,-15.602019043002796,-11.738620660088014,3.998154676799395,-6.616332751821594,-32.60165367220034,-10.394362714380014,12.628087682945646,0.2159878234398782,0.4272572298325723,18.560121765601217,0.0558089802130898,0.0073470319634703,0.1096980478015275,-0.2598220728914452,1.992793560836685,0.7135600538289387,0.8827377153416668,0.8061726233672394,0.6874816346300214,0.6314339359144767,0.5455290140615763,0.5998286365562606,0.8798647570959727,0.8566667067024105,0.8186810835628276,0.6595142558637872,0.5766733226160009,0.6113781939179121,0.7931392385844019,0.8363083117272972,0.0671588428518704,0.0524384469301456,,,,,,,Dmitriy Kushko,2850.0
18.327879087879086,162.56830346830347,-62.75811032663074,-15.203801603801605,-13.830915659436068,3.9871794871794877,-8.0992475992476,-31.648490248490248,-10.61017325017325,12.647338547338547,0.2274,0.2258,18.8,0.027600000000000003,0.0052,0.09318945318945317,-0.04138468138468134,1.7309672309672308,0.5378111978111978,0.873076923076923,0.8897435897435898,0.7364478764478765,0.5768631368631368,0.3868601068601068,0.44004146004146005,0.786941286941287,0.8112945912945912,0.7362770562770563,0.5701813501813502,0.3079590679590679,0.6667399267399268,0.8194139194139194,0.7835364635364634,0.0,0.0,0.0,0.0,0.0,0.0,0.0,0.0,Dmitriy Kushko,2850.0
19.27195461180424,203.98708584648438,-64.36319796120088,-14.66942080475915,-11.752539446782965,4.0,-10.105951692417857,-36.28576936847614,-10.39938858134347,14.849871932578699,0.22519999999999998,0.45420000000000005,16.8,0.0436,0.0052,0.02442645074224023,-0.16664738770001924,2.1278994188768623,0.9324675324675326,0.9384615384615385,0.825705991487504,0.49778725476204466,0.6736117216117216,0.32414100185528755,0.7724332810047095,0.9005731523378582,0.938061938061938,1.0,0.5733318110460968,0.7020969618616678,0.6153001508295627,0.7412468987595038,0.7403208556149733,0.0,0.0,0.0,0.0,0.0,0.0,0.0,0.0,Dmitriy Kushko,2850.0
17.31175084175084,166.38455535749654,-63.38568944614883,-14.281402257872845,-10.675992476451862,3.983333333333333,-7.245583283818578,-35.119102792632205,-10.35729055258467,10.310348583877996,0.22479999999999997,0.39,20.2,0.0466,0.0184,0.03999801940978413,-0.7155555555555556,1.8486155674390967,0.7100702576112412,0.8239750319194211,0.7675205371190754,0.6691934526916078,0.6295679669358039,0.38702007171936564,0.5895669560903952,0.9458646616541353,0.7952233524988943,0.8676691729323307,0.7643069938998439,0.5663469897080524,0.7467492260061919,0.771021135727018,0.9278195488721804,0.0016806722689075599,0.0,0.0,0.0,0.0,0.0,0.0,0.0,Dmitriy Kushko,2850.0
16.224389878882995,165.8049699690751,-64.60984322533847,-16.269069140658626,-12.36465208032254,4.0,-2.0746091344339157,-37.762862308043786,-10.418815582970776,10.280165021091177,0.19240000000000002,0.13440000000000002,30.0,0.06179999999999999,0.0032,0.18734039242174413,-0.41986504294389154,1.7984866003138844,0.6919174121261408,0.8619047619047618,0.9046031746031746,0.6875505757858699,0.5307626276316978,0.4816261558386795,0.4662700922662972,0.8195144724556489,0.6981325863678804,0.6869281045751634,0.7903174603174603,0.2978963485035591,0.6132713874080098,0.8422246317881992,0.9387955182072829,0.0,0.0,0.0,0.0,0.0,0.0,0.0,0.0,Dmitriy Kushko,2850.0
18.827613880742913,174.27713000977516,-53.802558513043536,-18.46342130987292,-10.617358122036695,3.995,-10.04448680351906,-22.429139784946234,-12.357419354838711,16.11426686217009,0.1974,0.4692,21.0,0.07740000000000001,0.013600000000000001,0.052385141739980434,-0.1303304007820137,1.663188660801564,0.6864105082938055,0.7648484848484849,0.6676311899482631,0.6941580360567702,0.555892157137912,0.320281719412624,0.7296753623844217,0.7621212121212121,0.8551829268292683,0.7547496335534972,0.6355457260509525,0.46753450573302374,0.5384311430935168,0.6904545454545454,0.7316666666666667,0.031818181818181815,0.0,0.0,0.0,0.0,0.0,0.0,0.0,Dmitriy Kushko,2850.0
18.878244711263584,163.34967600533636,-58.183088203247124,-16.021440823327616,-11.248682828747407,4.0,-1.5861206403659232,-34.270487897846394,-10.769096626643796,11.712740613684009,0.20860000000000004,0.359,22.4,0.09659999999999999,0.0,0.0854345340194397,-0.15801410329712212,1.2270678482942632,0.6110690240443903,0.8161773146717295,0.6685828660573682,0.4683730623988046,0.5953257686137725,0.6564911040095749,0.6807511737089202,0.7093146128600233,0.7773399014778326,0.6785788923719958,0.6949210413999147,0.4723358232622317,0.4192864411078265,0.4478886455019113,0.7287415191252006,0.00093896713615022,0.0,0.0,0.0,0.0,0.0,0.0,0.0,Dmitriy Kushko,2850.0
19.716622879036674,172.66461959496445,-59.952756317743294,-13.115161466885604,-12.039220466621241,3.983333333333333,-8.699343185550081,-33.16658456486042,-9.300016420361247,12.384236453201972,0.24820000000000003,0.4972,15.8,0.0346,0.012199999999999999,0.049293924466338256,-0.05142857142857142,1.9181609195402298,0.6263738368910782,0.8170443349753693,0.9378151260504202,0.535718954248366,0.5801244405808299,0.47255368814192344,0.8110924369747898,0.9942857142857143,0.8574789915966387,0.6991981390257251,0.6908018609742748,0.5323015873015873,0.6427684407096173,0.9022549019607844,0.9771428571428572,0.0016806722689075599,0.0,0.0,0.0,0.0,0.0,0.0,0.0,Dmitriy Kushko,2850.0
18.965321453529,184.99179419986024,-82.04206597306404,-16.308280922431866,-14.507707133091998,4.0,-11.517505241090145,-47.20466457023061,-10.463149895178198,13.959241788958769,0.2104,0.49800000000000005,19.0,0.035800000000000005,0.0038,0.12229734451432564,-0.1382879105520615,2.2241858839972046,0.7701771085727472,0.8368491321762349,0.7781733669584138,0.5038911162021128,0.6353086360278768,0.5609544706250393,0.5510759252547158,0.9420560747663551,0.732697685412462,1.0,0.43804455323146907,0.7528405971017655,0.8045166730304187,0.7991735758831979,0.9061904761904762,0.0,0.0,0.0,0.0,0.0,0.0,0.0,0.0,Dmitriy Kushko,2850.0
18.46464332559782,174.28532702591525,-54.724197432480494,-16.64447273037728,-11.446127300614577,4.0,-3.2923069161692906,-28.110392105120184,-9.853841031332708,10.62294265113355,0.20779999999999998,0.5105999999999999,16.4,0.04479999999999999,0.0058000000000000005,0.09751891837352437,-0.40377156694581773,1.9837717221734983,0.7383517417162276,0.9150714362444946,0.8610025488530162,0.8046482321932658,0.49221208287802487,0.5918836427536242,0.6219391951268182,0.9221773650133303,0.947384251799334,0.8342225998300765,0.6551208357653733,0.6484481293762634,0.6108766279055022,0.7938066675965965,1.0,0.0,0.0,0.0,0.0,0.0,0.0,0.0,0.0,Dmitriy Kushko,2850.0
18.33021879021879,161.8956306306306,-62.67678598605894,-13.405148005148007,-11.681052395325356,3.996666666666667,-6.637033462033462,-35.86338481338481,-10.006428571428572,10.919594594594594,0.22599999999999998,0.37679999999999997,18.6,0.071,0.0028,0.26054054054054054,-0.13462033462033457,2.651911196911197,0.5743259121830551,0.79,0.8881292517006802,0.648147804576376,0.6336765615337043,0.5645918367346938,0.6343862090290662,0.9278911564625851,0.8052721088435373,0.8324999999999999,0.7455797773654917,0.5038899196042054,0.7371598639455782,0.7968537414965986,0.7899536178107607,0.00166666666666666,0.0,0.0,0.0,0.0,0.0,0.0,0.0,Dmitriy Kushko,2850.0
20.829027777777778,192.30166666666668,-59.470353363567654,-17.616666666666667,-10.926186696900983,3.9875,-4.229166666666667,-32.39375,-10.923333333333332,12.63125,0.198,0.5156,24.6,0.06939999999999999,0.0076,0.1386111111111111,-0.33777777777777773,2.1213888888888888,0.8169772256728779,0.8478121166014827,0.8402515723270441,0.6947322492072983,0.5080600385387583,0.6148449719577675,0.461020132622368,0.9606560559006212,1.0,0.8449581827326853,0.45524778193026166,0.6447547937849796,0.2520085763468868,0.7159654674010703,0.6454501396538928,0.0,0.0,0.0,0.0,0.0,0.0,0.0,0.0,Dmitriy Kushko,2850.0
20.6870270877824,167.21224906327598,-74.17188743848402,-14.964049443538233,-11.749906598941275,4.0,-10.654072706974214,-43.82154205505963,-10.619010099712584,13.636693465741923,0.18519999999999998,0.5964,23.8,0.07239999999999999,0.0058000000000000005,0.12304857741680464,-0.2608748865399818,2.268794504426476,0.667913710938921,0.9709677419354839,0.7799821746880571,0.7175757575757575,0.5703219469606025,0.32635199534359194,0.5183473389355742,0.8180213903743315,0.9536185383244206,0.9103121248499398,0.9091774891774893,0.6093280948743134,0.6220711862457593,0.7882136784332501,0.7554927425515661,0.0,0.0,0.0,0.0,0.0,0.0,0.0,0.0,Dmitriy Kushko,2850.0
20.17672747100352,219.01352216541937,-54.73094394678194,-16.041135171958125,-11.168828656594076,4.0,-6.43288181761074,-28.81700323528389,-9.75291912758253,13.481824062247421,0.22280000000000003,0.35619999999999996,13.6,0.0656,0.0154,-0.052788700351519835,-0.06374147426779002,2.4181896840043575,1.0,0.8925236925236926,0.7444323911382735,0.8594912559618443,0.7528658008658009,0.47856703762586117,0.5135877053524112,0.8978378378378379,1.0,0.927027027027027,0.43259893048128334,0.8916583596583596,0.5821773859420919,0.6874020881079705,0.7795284207048913,0.0,0.0,0.0,0.0,0.0,0.0,0.0,0.0,Dmitriy Kushko,2850.0
16.916215569017293,165.72930115460287,-70.11513235869579,-14.40840064202133,-11.520950159254962,4.0,-6.826147483690588,-43.67177630216423,-10.276865097856476,12.58900732629181,0.24359999999999998,0.49400000000000005,20.4,0.0534,0.01,0.250329424251838,-0.3275988919954437,2.1402481360671017,0.662264907814549,0.9103448275862069,0.7386453752989277,0.6243538710768519,0.45996172538408137,0.4118973726009134,0.4866666666666667,0.8012844249016432,0.8951976137211037,0.908974358974359,0.7885802787816211,0.34878840565950026,0.603963588675461,0.5509316259096402,0.7449649001002855,0.0,0.0,0.0,0.0,0.0,0.0,0.0,0.0,Dmitriy Kushko,2850.0
20.21834214565922,170.16580192165557,-59.6525487252993,-13.947808289271705,-11.164043030452149,3.990243902439025,-7.017030530445164,-34.27148596660792,-9.835028142589119,12.592603331627721,0.23759999999999998,0.343,17.4,0.0484,0.0172,0.09291830121098417,-0.5983808061856841,1.848860272518809,0.5877754975947747,0.8233549582947173,0.7855375347544022,0.816836577077541,0.628271547729379,0.6215911999646939,0.5584215984818395,0.8961075069508804,0.6421980228606735,0.7967269076305221,0.5894264971975816,0.8802286067346309,0.5198625270312017,0.9083333333333332,0.9217253629904232,0.0,0.0,0.0,0.0,0.0,0.0,0.0,0.0,Dmitriy Kushko,2850.0
19.39497386675436,173.51735973871703,-54.07561724703049,-13.99434418726447,-11.562799566202377,3.9946666666666664,-5.511659726194867,-28.938795261981397,-10.484658397476082,12.421973225422033,0.15739999999999998,0.43600000000000005,19.8,0.0218,0.0,-0.0174696763993129,-0.303698171118122,2.2334949369001307,0.6463230328129977,0.96,0.8640000000000001,0.7242859432168129,0.7175975363703939,0.543401689952821,0.515399937572604,0.8639634703196346,0.6961500721500722,0.9208343904157857,0.7412882311486962,0.7448767123287671,0.5458166942257417,0.8272876712328767,0.9619360730593607,0.0,0.0,0.0,0.0,0.0,0.0,0.0,0.0,Dmitriy Kushko,2850.0
18.666391726395396,195.05193735851657,-72.21081739091815,-15.377323463200204,-13.28128862079694,4.0,-3.4269134356716906,-42.94598555536744,-10.358062484715088,9.178756168833203,0.23020000000000002,0.43600000000000005,17.0,0.0432,0.0,0.424977691868741,-0.36313508412187795,2.2796991616030504,0.8214178624973227,0.86,0.7831448185681595,0.5596859204868359,0.6588053341750177,0.6688370100663954,0.5284419068661157,0.9586206896551724,0.6311365341042607,0.7319397993311038,0.9031055900621118,0.7259370314842578,0.6449689440993789,0.7819679633867277,0.9326315789473684,0.09030402092186987,0.0,0.0,0.0,0.0,0.0,0.0,0.0,Dmitriy Kushko,2850.0
19.89920257066037,195.73078693684835,-46.477558097802486,-13.563033641550266,-9.999047703678277,4.0,-6.299734408813692,-23.244470129188798,-10.447690340350187,13.07641812577874,0.25199999999999995,0.441,16.6,0.0658,0.017599999999999998,-0.12396681749622926,-0.7409738343497935,1.4742186372876909,0.7688088404133181,0.8973076923076924,0.8514276443867619,0.8425,0.535546265328874,0.4232418176675153,0.7461854190585535,0.9267697881828315,0.9326923076923077,0.7683333333333333,0.8486956521739131,0.522843558129087,0.6651886886637048,0.7736522238306793,0.8754417710777217,0.0,0.0,0.0,0.0,0.0,0.0,0.0,0.0,Eduardo Iturrizaga Bonelli,3010.0
20.844078674948243,220.96228230422608,-51.58367891884152,-15.135647302399224,-10.28421722111895,4.0,-1.8307514310071853,-25.85202776762879,-10.07152356594812,7.590488369260749,0.2428,0.5694,13.8,0.06739999999999999,0.0,0.06252100840336136,-0.31628303495311166,1.7020703933747412,1.0,0.9133333333333333,0.9021739130434783,0.7103030303030303,0.7669565217391304,0.49546078635323487,0.9739130434782609,0.9847826086956522,0.8699999999999999,0.8801754385964913,0.7299875182026212,0.8760869565217391,0.8195652173913043,0.8313119755911519,0.8885964912280702,0.0,0.0,0.0,0.0,0.0,0.0,0.0,0.0,Eduardo Iturrizaga Bonelli,3010.0
21.045935096774897,216.9537172171925,-58.68664781679111,-13.236217615725854,-10.750594836585853,4.0,-5.691763963785682,-33.21483698609806,-9.463942759610152,9.670708345014486,0.24539999999999998,0.3394,13.2,0.0346,0.009,0.12917072071329233,-0.23077639802767197,1.6460308822155156,0.8869565217391304,1.0,1.0,0.9530434782608695,0.8832539682539682,0.68892432123079,0.5834911377064081,0.8907104984093319,0.9206150583244963,0.8838112858464384,0.6289279097693845,0.4687093133320655,0.4702384497943036,0.8320531400966183,0.7877453752798398,0.0,0.0,0.0,0.0,0.0,0.0,0.0,0.0,Eduardo Iturrizaga Bonelli,3010.0
19.63984644802932,193.9162882997348,-50.41770156155009,-16.770100326217616,-10.639467332492519,3.9592592592592597,-1.2781449776249718,-27.45383990451158,-10.972566308937823,12.73715802897516,0.21280000000000002,0.5884,26.6,0.0802,0.0236,0.03742870217664385,-0.2704651450859742,1.4625955514732056,0.765395861448493,0.671346605790777,0.7307484832354404,0.7066330334088369,0.32871692396214713,0.334407580870575,0.6946942513900846,0.853025191183086,0.7911718398560503,0.9548354327509141,0.8537487904087266,0.45825403967205547,0.5200736292051256,0.6092652711015447,0.6660981481447876,0.01941301852762746,0.020342132590042063,0.0,0.0,0.0,0.0,0.0,0.0,Eduardo Iturrizaga Bonelli,3010.0
20.482424515899925,193.21129219863607,-58.811361800447706,-15.266952926216591,-11.718019128143752,3.9835001497454328,-4.453401740550604,-32.42351311644846,-10.139273669110333,11.2062986302766,0.2098,0.4194415094339622,18.6,0.0592566037735849,0.0092452830188679,0.1265791593859817,-0.2510930000200169,2.131023527075451,0.8021835109294653,0.8849991942467312,0.8225272540149543,0.6972948708781294,0.6883076467132332,0.5634836836511589,0.629211168496384,0.9059685666084208,0.882131627842777,0.8657147293946481,0.7863704176355567,0.5635997926263068,0.5085761075171741,0.8001441206487846,0.8426622931017295,0.0369355576253456,0.0936643807133979,,,,,,,Eduardo Iturrizaga Bonelli,3010.0
20.085027420702296,191.5202333791468,-71.19026358564857,-15.037041528552564,-12.744332056557027,4.0,-2.5322909087234216,-44.241377132347,-9.797383074622038,9.162161115153475,0.2202,0.42940000000000006,12.8,0.05800000000000001,0.0098,-0.018297760530358163,-0.2966687552213868,2.487462271269572,0.8921739130434784,0.972972972972973,0.7635058661145618,0.8081464530892448,0.8282125603864735,0.7118539408759614,0.7144649221056919,0.9017543859649123,0.9756521739130435,0.8422578184591915,0.7608267997148966,0.7011510482073561,0.3432111070765082,0.8171632216678546,0.7790752242926156,0.0,0.0,0.0,0.0,0.0,0.0,0.0,0.0,Eduardo Iturrizaga Bonelli,3010.0
21.20444267797209,187.51177707118887,-57.378188607575154,-16.586786786786785,-12.211391221954248,3.983333333333333,-3.7370340929164456,-30.496422893481718,-10.237323794382618,11.90743684861332,0.2542,0.4274,18.0,0.10640000000000001,0.0124,0.24072778661013952,-0.1306482953541777,2.185018547959724,0.7771175254822394,0.9277777777777778,0.7922168867547018,0.7043696009477236,0.7719587835134053,0.43957007796794406,0.5932803469646565,1.0,0.8687884108867427,0.7783710296666099,0.8365646258503402,0.7540849673202614,0.37937797178066773,0.9714285714285715,0.8220550906929937,0.0,0.0,0.0,0.0,0.0,0.0,0.0,0.0,Eduardo Iturrizaga Bonelli,3010.0
23.019394760614276,222.69273712737132,-67.34354218363046,-15.461246612466123,-12.526410295644906,4.0,-8.324367660343269,-35.92820686540198,-9.908211382113821,10.804900632339656,0.219,0.5134000000000001,16.4,0.0334,0.01,0.12173893405600725,-0.735483288166215,1.9051761517615176,0.9183704270019254,0.8254128440366972,1.0,0.8054233208743913,0.8248705968965908,0.6502229971076469,0.5736607949412826,0.9585365853658537,0.9536585365853659,0.835802752293578,0.828719512195122,0.7099555511355317,0.46929879084723564,0.8953675387926152,0.8390846130683529,0.0,0.0,0.0,0.0,0.0,0.0,0.0,0.0,Eduardo Iturrizaga Bonelli,3010.0
21.633301397060166,202.97305719992957,-40.22092568740823,-10.912669471715754,-10.586282541867465,4.0,-5.596684031256261,-19.46839948270523,-9.134671681754432,11.477781521890918,0.21760000000000002,0.437,15.2,0.039799999999999995,0.004399999999999999,0.06920863615113264,-0.38904476542625205,2.9145263292107613,0.8558300395256918,0.9181818181818182,0.9630434782608696,0.7623842865881717,0.8886363636363637,0.6297410512581998,0.6082841382402251,0.9442622950819672,0.9065217391304348,0.9180327868852458,0.9245901639344263,0.7688152011922503,0.5994545860894605,1.0,0.9573770491803278,0.0,0.0,0.0,0.0,0.0,0.0,0.0,0.0,Eduardo Iturrizaga Bonelli,3010.0
20.91998001998002,187.94905094905096,-63.4135953332382,-15.981518481518481,-11.207051876694733,4.0,-7.503746253746255,-32.855519480519476,-10.598526473526473,10.732767232767234,0.1994,0.38380000000000003,16.0,0.0312,0.011199999999999998,0.0138611388611389,-0.072027972027972,1.996828171828172,0.7686504506729226,0.8239180763057167,0.8903846153846153,0.8017286084701816,1.0,0.6144793162681986,0.5691474256080997,0.8541332263242374,0.7620786516853932,0.800853094274147,0.7360277855399087,0.5281361896530435,0.4645542659587603,0.7489541160593791,0.8252265278581067,0.0,0.0,0.0,0.0,0.0,0.0,0.0,0.0,Eduardo Iturrizaga Bonelli,3010.0
19.551957159250286,195.37012792723874,-59.24718774081947,-15.086752518169067,-11.238095131698818,4.0,-8.464554379701646,-29.72808661651579,-10.087629733520336,11.35793063878618,0.2358,0.5790000000000001,14.8,0.0508,0.019,0.03427642483743466,-0.15414169747970585,2.4126307960389304,0.8026690150386127,0.9695652173913043,0.8611725955204216,0.5442352966586752,0.8895500459136823,0.5906755300035933,0.6112562611798017,0.7594092941335863,0.7923045657769949,0.6839437791378439,0.7760604489788705,0.6317198813771093,0.5248515675775444,0.7804630573210888,0.9586956521739131,0.0,0.0,0.0,0.0,0.0,0.0,0.0,0.0,Eduardo Iturrizaga Bonelli,3010.0
20.3270779524718,179.8913193508167,-52.48186011588043,-14.861527386508632,-10.813248668146707,4.0,-4.0980941039455665,-30.739067604896558,-9.902931624514519,13.933009272131553,0.21260000000000004,0.4666,21.0,0.0748,0.011199999999999998,0.08843573947099828,-0.2586846944836442,1.5737518820264509,0.6644784302558324,0.8246176338281602,0.8421241275231088,0.698977231596025,0.41567980495536033,0.4104268387342331,0.6655289134718341,0.853025191183086,0.7911718398560503,1.0,0.9616992276238074,0.2879245997451946,0.554647167424726,0.707926205185983,0.8073469813088355,0.0175438596491228,0.01286549707602338,0.0,0.0,0.0,0.0,0.0,0.0,Eduardo Iturrizaga Bonelli,3010.0
18.44815350877193,195.03607163742691,-48.754305683852486,-12.695350877192983,-10.711174104905117,4.0,-7.738355263157895,-23.14062865497076,-10.613745614035087,12.144948830409357,0.20600000000000002,0.41079999999999994,21.8,0.09340000000000001,0.018,-0.042532163742690074,-0.5643333333333334,1.6689619883040934,0.8314583333333333,0.9122916666666667,0.8927083333333332,0.7053652597402598,0.5496038188002473,0.5797939857761286,0.5574702380952381,0.9989583333333332,0.978125,0.7714583333333334,0.5585223407544835,0.6988647959183674,0.6919778138528139,0.8117288961038961,0.8105654761904763,0.0,0.0,0.0,0.0,0.0,0.0,0.0,0.0,Eduardo Iturrizaga Bonelli,3010.0
22.80649906711863,217.7310411837745,-60.03848659189896,-16.235266926840545,-11.996848602411761,4.0,-4.4590716321406365,-29.92015617737394,-10.354892042962138,8.927748789830073,0.20700000000000002,0.39499999999999996,15.4,0.049,0.0,0.07607125011998217,-0.0471740147013235,2.261791084809226,0.9401904761904764,0.7802613240418118,0.9323809523809524,0.68397212543554,0.7920702026067878,0.7123572073815976,0.749691056910569,0.9318699186991871,0.9097560975609756,0.7241114982578397,0.7600952380952382,0.6448346883468835,0.35146212414505096,0.8464550264550263,0.976,0.0,0.0,0.0,0.0,0.0,0.0,0.0,0.0,Eduardo Iturrizaga Bonelli,3010.0
19.231840740828783,190.50790339749025,-51.063503480471944,-12.191295367442942,-11.257479360219333,4.0,-9.212883284073289,-27.81523257871702,-9.873343317406361,15.286730427386999,0.2178,0.4788,21.4,0.0506,0.0,0.10662422114985881,-0.08886326838403284,1.1245880249232045,0.735585166572035,0.8795136330140014,0.7081798084008843,0.6786885245901639,0.5146158075119018,0.7564234831736674,0.4147177835419738,0.7253786277186498,0.705908042088986,0.9245901639344263,0.8701639344262295,0.3210546158535334,0.7397719173200284,0.8837317934530928,0.864975845410628,0.0014492753623188402,0.0434782608695652,0.0,0.0,0.0,0.0,0.0,0.0,Eduardo Iturrizaga Bonelli,3010.0
19.009749867613618,157.50761922561756,-52.60252301248611,-13.707067875276454,-12.397096728338202,4.0,-4.634286515278946,-29.162461452200734,-10.267460984954676,13.565850543562908,0.24900000000000003,0.39299999999999996,21.8,0.048400000000000006,0.007000000000000001,0.19205370214621686,-0.13591253153910848,1.614098370868766,0.5945142034602439,0.8841463414634146,0.6197272922517489,0.6940379403794037,0.7482038616773689,0.6496075133165125,0.43939916607704654,0.821515123197209,0.8343924243840138,0.9562579821200512,0.6907232968881413,0.4977893429958412,0.38997240789104803,0.7131227283234719,0.5695993324119569,0.012195121951219499,0.0,0.0,0.0,0.0,0.0,0.0,0.0,Eduardo Iturrizaga Bonelli,3010.0
18.82419282354727,177.07717971017433,-59.0319158969063,-15.591972086789315,-11.061619155215599,4.0,-7.272155677537003,-31.49970706527065,-10.551966428507514,12.945504516413791,0.1966,0.3556,21.4,0.11099999999999999,0.0152,0.15501899587023305,-0.33197731456564566,2.2985116676533024,0.6140683862961487,0.855135224821636,0.7350693617850108,0.8557617532697066,0.6926485250622962,0.5089409302203374,0.5860942786446498,0.9804878048780488,0.7795597348165141,0.8357571483878103,0.6719202300148821,0.6040968546738453,0.5796881424892332,0.8289696366351418,0.7426678950837439,0.0,0.0,0.0,0.0,0.0,0.0,0.0,0.0,Eduardo Iturrizaga Bonelli,3010.0
19.66623996164715,203.70908802671093,-70.46530757883572,-14.494767958010806,-12.947419085804162,4.0,-2.5330000292582833,-46.10484338290648,-9.446602132970437,11.061325010114444,0.2218,0.33340000000000003,18.8,0.0338,0.0124,0.1046536098920545,-0.10078670022910667,1.9686048213120848,0.891906976744186,1.0,0.8713178294573642,0.49459891869027517,0.5532855164315358,0.5399412831931387,0.49899203183163693,1.0,0.8674418604651162,0.8680851063829789,0.8154052149400985,0.4528599182270371,0.31422950250440546,0.9787234042553191,0.8891802737918523,0.0,0.0,0.0,0.0,0.0,0.0,0.0,0.0,Eduardo Iturrizaga Bonelli,3010.0
20.11547188669816,189.50832234825984,-60.922643384293394,-15.664901511508399,-11.74837151079618,3.995,-8.803784192809257,-30.75763297596485,-10.376031229668184,12.433078036453471,0.22000000000000003,0.3414,13.8,0.047599999999999996,0.0,0.2822199749182013,-0.9249244245801627,2.7102872148831247,0.8438830259744874,0.811819469742967,0.6819268966592864,0.7028045834019473,0.734685872726043,0.372417544448176,0.8934937124111537,0.7683060109289618,0.8617283950617283,0.8943396226415095,0.7782601834945109,0.42076795655084426,0.660860146280574,0.9637083624505008,0.9773584905660379,0.0,0.0,0.0,0.0,0.0,0.0,0.0,0.0,Eduardo Iturrizaga Bonelli,3010.0
22.71276047128493,197.01015677185688,-48.505570760505734,-17.1673537368806,-10.3974091066023,4.0,3.017479753606457,-28.77520114208166,-9.760192021290658,10.577105492743023,0.21959999999999996,0.38120000000000004,16.4,0.0434,0.0104,0.10334464252667941,-0.17853115609330522,1.9276068278153282,0.8352197802197802,0.8615384615384615,0.8047802197802199,0.5877227610750542,0.6741230984437838,0.8095303237574101,0.596389251303572,1.0,0.8235714285714286,0.9211538461538462,0.7795959922430511,0.5687179790473764,0.33414116555199425,0.7985241502683363,1.0,0.0,0.0,0.0,0.0,0.0,0.0,0.0,0.0,Eduardo Iturrizaga Bonelli,3010.0
19.45841906165561,203.53533824613118,-54.29988893996639,-15.485944485384428,-10.736445314321585,4.0,-2.6074281503316135,-32.82058830754114,-10.177983050847455,13.52850036845984,0.2222,0.3742,16.8,0.0444,0.0066,0.18158904446082044,-0.6377361827560796,2.698061409972979,0.9064754454584962,1.0,0.7834174248690378,0.6217417392157687,0.7012848083815826,0.3520512325719285,0.7341410013136768,1.0,0.9948717948717949,0.9559322033898304,0.9623380204025367,0.6963531682317261,0.5199281752206848,0.7708044243338361,0.9261965811965812,0.0,0.0,0.0,0.0,0.0,0.0,0.0,0.0,Eduardo Iturrizaga Bonelli,3010.0
22.498705784068015,180.74842832571628,-70.46215288948494,-15.802853211460024,-11.823462683578025,4.0,-5.4603420315494615,-46.740944026733494,-10.627088161580422,15.99253722541648,0.213,0.22380000000000005,21.6,0.0508,0.0,0.11703395744262615,-0.24978898225957047,1.5637637230330728,0.6281316402713955,0.7816358138505789,0.868459636106695,0.49100064672508414,0.49273173686912325,0.7811379895272513,0.27147851508293663,0.7159694996055044,0.8116200867878721,0.9557046979865772,0.3161946163722713,0.20316884021976794,0.8527380321497968,0.6692624149986961,0.8363732070009211,0.0,0.0,0.0,0.0,0.0,0.0,0.0,0.0,Fabiano Caruana,3171.0
19.686989807477765,199.7903113680751,-56.480021244048466,-15.11802562183276,-10.932138529751686,3.9952941176470587,-7.999896110265081,-30.93916693194756,-10.644331879307229,15.158243711408797,0.2042,0.438,22.6,0.0288,0.0086,0.21298234519784218,-0.14139876164009554,1.8714911224106434,0.7707946632199573,0.8134319891478604,0.6540067841482584,0.529223132290891,0.8647058823529411,0.6229151856586915,0.47856702429399434,0.9444444444444444,0.9349664929262843,0.8191663583672464,0.7911209766925638,0.38770311468270136,0.4039916267438429,0.6955919583023082,0.6879601193235833,0.0,0.0,0.0,0.0,0.0,0.0,0.0,0.0,Fabiano Caruana,3171.0
17.241949149365304,181.29271285273674,-72.17136550932352,-16.765149580537617,-11.68857147216843,3.9944444444444445,-3.347375763405661,-46.00515049351499,-11.103671128347418,12.744108484206153,0.1774,0.3426,24.4,0.0478,0.013800000000000002,0.10472407353746097,-0.08580501008465105,1.5946239415306354,0.8123111111111111,0.8476838562919188,0.6617602459585212,0.5742530415064577,0.5848748741539672,0.3053743370768879,0.49361321931333385,0.870742245118112,0.9255668934240362,0.7925387314796468,0.535811003236246,0.40551397022577146,0.3081579414374445,0.7060888888888889,0.7276269731193449,0.007281632653061221,0.0,0.0,0.0,0.0,0.0,0.0,0.0,Fabiano Caruana,3171.0
20.358726935778922,189.53236697183345,-60.67558671001724,-15.636556026432908,-10.759922544421478,4.0,-6.123987161948858,-33.541823182897055,-11.02521197452798,12.411914180211033,0.24100000000000002,0.44220000000000004,19.8,0.0616,0.0092,0.29285568512654697,-0.05010289148456039,1.7973407387566074,0.6898921556611894,0.9534883720930232,0.9425287356321839,0.8235995983319262,0.682563365753021,0.38796080975995945,0.47189127732401887,0.9742574257425742,0.8347203034256914,0.9186046511627908,0.7326533566316968,0.3455801709496716,0.3619971769091041,0.6649837099094524,0.7494893023785136,0.0,0.0,0.0,0.0,0.0,0.0,0.0,0.0,Fabiano Caruana,3171.0
19.64225039872408,178.49710366826156,-65.06884315559823,-14.504433811802233,-13.313430077448311,4.0,-8.436363636363636,-34.66211323763956,-10.171760765550237,12.01925837320574,0.23620000000000002,0.5806,18.4,0.1008,0.0,0.4949218500797448,-0.7379776714513556,1.6036539074960126,0.6536306737359369,0.7368187134502924,0.7774886848571059,0.8060987654320988,0.5951848786585628,0.2555069615069615,0.4625002674125481,0.8527738264580369,0.8012679346012679,0.8857519720677616,0.8779042200094832,0.48086133980870815,0.2774387689124531,0.7610749601275917,0.9367747747747748,0.002,0.0,0.0,0.0,0.0,0.0,0.0,0.0,Fabiano Caruana,3171.0
20.465873820168902,167.8444093392946,-54.10437328464752,-17.54315946348733,-9.935024551413544,4.0,-1.7945032290114256,-31.23758569299553,-11.082992548435172,13.48889220069548,0.22360000000000002,0.46320000000000006,24.4,0.0328,0.0021999999999999997,0.2795201192250373,-0.16244808743169398,1.694358171882762,0.654907503486141,1.0,0.6309384804412106,0.8433158011456594,0.6101165253870022,0.6469092364717686,0.5279903666344549,0.9562358075528807,0.9575757575757576,0.9512195121951219,0.4499412580690966,0.5049501073778341,0.724119241192412,0.4581496999110195,0.7176665756447085,0.0,0.0,0.0,0.0,0.0,0.0,0.0,0.0,Fabiano Caruana,3171.0
25.028816594719235,215.96261541928885,-54.44987324825304,-15.829687418734073,-10.40067004442508,4.0,-8.965361210797317,-28.212290008841734,-9.987303271441201,14.945438705986373,0.19140000000000001,0.5995999999999999,17.8,0.0404,0.0056,0.2652764341810995,-0.37670498084291193,2.636539675109655,0.9353279242731574,1.0,0.8531408859840234,0.6514674579921368,0.6350956602308868,0.6116502352979702,0.8461906867079281,1.0,1.0,0.8653846153846153,0.43136604774535814,0.8238925199709513,0.9295977011494253,0.7735012395762902,0.8806288032454361,0.0,0.0,0.0,0.0,0.0,0.0,0.0,0.0,Fabiano Caruana,3171.0
18.35549665905703,179.33180671524323,-50.66456394342248,-14.38959251962348,-11.163510060944455,4.0,-4.785770501714774,-26.398442630640773,-10.322933671076084,12.39568544057708,0.219,0.46440000000000003,18.2,0.12279999999999999,0.003,-0.09841604903524406,-0.2816920494939071,0.9707362583523574,0.7826703614314234,0.9096296296296297,0.5914585381842018,0.4869172620767599,0.5629323210842042,0.6162301480885551,0.6396429410382898,0.9866666666666667,1.0,0.9185185185185185,0.7740621554780847,0.3597589117490332,0.2801382972899745,0.8460176991150442,0.8457912457912456,0.0,0.0,0.0,0.0,0.0,0.0,0.0,0.0,Fabiano Caruana,3171.0
19.34014020388214,169.69605625710696,-63.29181202797954,-13.423178726035868,-10.875745556816302,3.992,-4.330257146847009,-41.58346998623496,-10.270290023340715,13.199129411295312,0.18320000000000003,0.28959999999999997,18.6,0.0674,0.0,0.14083084964190956,-0.1414629241726016,1.620313922636503,0.6357410351249968,0.9640000000000001,0.8493333333333333,0.8386666666666667,0.5661821043519321,0.5691056671873751,0.42543433894133437,0.8626666666666667,0.7874271145105863,0.6968002938013169,0.3869147873533132,0.5714637719790379,0.621570856039599,0.6927759671876732,0.9933333333333334,0.0,0.0,0.0,0.0,0.0,0.0,0.0,0.0,Fabiano Caruana,3171.0
18.55111756938457,187.3693862898358,-67.59802105591652,-16.417782092226023,-12.257793421875515,4.0,-3.7065812419313446,-40.13468421119626,-11.044551796492032,11.963371707804663,0.211,0.5671999999999999,27.2,0.0618,0.0118,0.037907077235992945,-0.3493610931900722,2.0344235488480624,0.7872723475355055,0.9541228070175439,0.6790044879640963,0.5396499970857376,0.4330462784869149,0.3475052942433603,0.42732966136270906,0.8310233918128654,0.8740643274853801,0.6722520448407842,0.7451346389228887,0.6207976336189309,0.6641200870393037,0.6344152046783625,0.8452278953196946,0.0,0.0,0.0,0.0,0.0,0.0,0.0,0.0,Fabiano Caruana,3171.0
19.915616722713498,182.36690167004258,-62.411129155055065,-16.71856406491381,-10.523640315257222,3.998095238095239,-4.890079164782051,-35.15810351947873,-10.843756973077856,11.724919644359373,0.1584,0.6060000000000001,23.6,0.0466,0.0,0.02635190854206133,-0.15029330081961662,1.7567237841770946,0.7365201648496843,0.7391697918013708,0.8267971820374566,0.7600705052878965,0.5282512177249019,0.5813209339982796,0.392176127416402,0.8038443935926773,0.893613480341169,0.8063074682754318,0.40349500994809917,0.7597956808483124,0.7083551577373087,0.7466054571317728,1.0,0.008612440191387561,0.0,0.0,0.0,0.0,0.0,0.0,0.0,Fabiano Caruana,3171.0
20.80131489511309,202.45754834173212,-64.67963549565562,-15.655174030235557,-12.84090663905965,4.0,-6.21669596468612,-38.17053400523457,-10.031037149888666,14.234712293448961,0.1964,0.4736000000000001,20.2,0.056600000000000004,0.0066,-0.0566178366342435,-1.1499363256377202,1.7672495019336694,0.7964721967540093,0.9641509433962264,0.7367412494162678,0.5391783782273183,0.8851871047154761,0.46927441781965984,0.5322015795653783,0.8532821824381926,0.8667178175618073,0.7896636587366694,0.7143271822517104,0.6151610489592442,0.6153087533997634,0.8635470400393024,0.8410655861567278,0.0,0.0,0.0,0.0,0.0,0.0,0.0,0.0,Fabiano Caruana,3171.0
21.507536357175827,180.12136324451313,-64.26783302394179,-16.30409696975162,-13.754883269967362,4.0,-6.938794776176181,-33.792751483263814,-10.43111986019007,12.953813335407265,0.21959999999999996,0.5476,21.8,0.0404,0.0,0.3365536694189445,-0.12249952895114183,2.3674907720448517,0.725249067368883,0.6193160142468898,1.0,0.5733335953543671,0.6312913328732848,0.6151613029197457,0.5108939477424242,0.8459057071960296,0.9265745007680491,0.8578801843317972,0.7311864992654593,0.5586253721517495,0.7575578329550405,0.8912087912087913,0.7914197937239411,0.0,0.0,0.0,0.0,0.0,0.0,0.0,0.0,Fabiano Caruana,3171.0
18.679505877519578,142.4790573637149,-57.46196484809461,-18.265905471384922,-10.001362404341496,3.995600795600795,-5.303611376899047,-30.2148963453758,-11.908207093412573,14.236417047718419,0.1726,0.3,32.6,0.0654,0.0058000000000000005,0.352555474884242,-0.39892892536728153,1.830486947541742,0.4690856910311174,0.7901736972704715,0.703431799255644,0.6754140275936564,0.4052036305107591,0.4089854811416874,0.6011679930360321,0.843345497007736,0.8239658516227231,0.8571245073711866,0.6912987005196721,0.4862169984686183,0.37359131404882123,0.5489209084758386,0.7961138143350068,0.0009049773755656001,0.0,0.0,0.0,0.0,0.0,0.0,0.0,Fabiano Caruana,3171.0
20.025944839474253,177.5532794656324,-53.539617276458806,-13.322301228183582,-10.418858819229767,3.998095238095239,-9.431997414350354,-26.155537599655247,-10.45158371040724,12.242566257272141,0.1886,0.40499999999999997,20.6,0.06040000000000001,0.0,0.028519715578539117,-1.0871320836026719,1.7397328162034043,0.7788910779622854,0.8688995215311005,0.8107444413171967,0.7072398190045248,0.6938554158972493,0.7097558731384149,0.3998005358682698,0.8068111455108358,0.8628147394401264,0.7044234742830227,0.8037807623924816,0.5244972829028557,0.7415845764142978,0.6809456797072896,0.8911764705882353,0.008612440191387561,0.0,0.0,0.0,0.0,0.0,0.0,0.0,Fabiano Caruana,3171.0
20.041596991345017,187.00586832961585,-59.69149256959984,-15.589539775391858,-11.702013704372796,3.9923015403155753,-5.870093240443505,-32.61679887640096,-10.556830714318645,12.651482201012346,0.2063291925465838,0.4679385783298826,19.884748102139408,0.0564699792960662,0.0063105590062111,0.1312210662614551,-0.3136619816383684,1.7868443519927515,0.7536537586772556,0.8666148518580478,0.8050726068010461,0.6050090621220763,0.6329019447977782,0.546855811933072,0.5715545017989118,0.882478034218354,0.8621305290567638,0.8374560186905843,0.6612599035668235,0.5709248550741755,0.6185964002757917,0.7752914004386349,0.8275412566720328,0.0341416419792212,0.0527888931319575,,,,,,,Fabiano Caruana,3171.0
17.2463478958835,154.9342047930283,-71.40814371492587,-12.581126017658526,-15.078124221748478,3.989473684210526,-9.122635018919848,-39.73632610939112,-10.766288269693842,11.886882238275426,0.2278,0.354,14.6,0.06499999999999999,0.0038,-0.011271643160188045,-0.1109964453617704,2.1015021213163627,0.6480493890230469,0.8632669646485169,0.7422600576009453,0.6494825226117422,0.5885851522557872,0.5000039020583358,0.6758143907705301,0.8209546930357654,0.8360386473429952,0.8012199727513923,0.7052035779227056,0.625466589497557,0.529318165250902,0.8814833759590794,0.9607476635514018,0.00747663551401868,0.0,0.0,0.0,0.0,0.0,0.0,0.0,Fabiano Caruana,3171.0
20.572696603886996,191.84638588347917,-70.98546438563116,-14.947651884503216,-14.69138114691258,4.0,-8.759666149068321,-36.98937754624992,-10.712927853469578,11.115540194572452,0.21000000000000002,0.5893999999999999,20.4,0.0588,0.022,-0.04522663015650391,-0.3708870967741935,1.1297929884903937,0.685636589086993,0.9912408759124087,1.0,0.6591877586173785,0.5330442892186192,0.7178115278904208,0.46918689052719903,0.6566429124988735,0.7677080291970804,0.7344285482562855,0.5998898914120934,0.4785687864243326,0.6339859489051095,0.7247532846715329,0.883421897810219,0.0,0.0,0.0,0.0,0.0,0.0,0.0,0.0,Fabiano Caruana,3171.0
20.149859287054408,191.173992808005,-80.94335239419408,-15.85094746716698,-14.166432913268494,4.0,-10.684999999999999,-44.76669246404003,-11.1094765478424,11.635196998123828,0.205,0.48819999999999997,16.6,0.0506,0.0062,0.07162210756722956,-0.7729906191369607,2.1526221075672294,0.8194337698388159,0.9511219512195123,0.5767098192940991,0.6374486053321005,0.7371601677800217,0.6625961741207914,0.5325332532369822,0.6700105322775535,0.8660441531135984,0.6894636237810031,0.7088783742796482,0.5981690680848433,0.8615468607825296,0.7828772493970688,0.7959142457666616,0.0,0.0,0.0,0.0,0.0,0.0,0.0,0.0,Fabiano Caruana,3171.0
19.888690476190476,216.15241071428568,-64.20387555002159,-12.281547619047618,-14.651375550021594,4.0,-1.896875,-38.25967261904762,-9.103839285714285,7.989434523809524,0.23199999999999998,0.5636,15.6,0.0258,0.0032,0.2101488095238095,-0.46880952380952373,1.2615178571428571,0.9376041666666666,0.859046052631579,0.9203125,0.9308641975308642,0.7387554824561404,0.6431966780376868,0.4881834639126305,0.9061728395061728,0.7135817307692307,0.8477430555555555,0.6707428181386514,0.5894002099265256,0.48690241228070175,0.8505208333333334,0.8960336538461539,0.0,0.0,0.0,0.0,0.0,0.0,0.0,0.0,Fabiano Caruana,3171.0
19.141162590992298,171.68932439022745,-54.436366585261524,-16.650058515849246,-10.601822167471223,4.0,-3.741429818990156,-29.331337835079104,-10.327992581453206,12.216274333581417,0.22080000000000002,0.527,17.2,0.0854,0.0054,0.1346943520097696,-0.1537682490365882,1.6994394494299225,0.61704549499405,0.8256534954407295,0.7150946925415009,0.4114415681389324,0.729362190683245,0.7060194009384229,0.6362019688790091,0.9609545715928695,1.0,0.8467449984121943,0.5488009799029171,0.7004880670298264,0.3974030893878464,0.8421613699098615,0.9384615384615385,0.0,0.0,0.0,0.0,0.0,0.0,0.0,0.0,Fabiano Caruana,3171.0
17.659377799900447,166.31163962170234,-67.04369978549937,-16.1963726865469,-12.616291214975817,4.0,-5.653813747228382,-39.16664192949908,-10.824787637449656,13.41420743020046,0.23879999999999998,0.44000000000000006,21.0,0.0372,0.0046,0.13015014254038643,-0.46697063215530116,1.3704945925154983,0.7008249483952227,0.8292188552188552,0.649821454176069,0.5409386731776625,0.6063972742101796,0.6368439909125012,0.45342791903711444,0.9977011494252874,1.0,0.718815659343712,0.44577008045632144,0.4840675408537022,0.5553502844537327,0.7600614544213041,0.8403960396039605,0.0,0.0,0.0,0.0,0.0,0.0,0.0,0.0,Francesco Sonis,3007.0
18.529295179768756,181.40616898087043,-60.215196214980026,-17.144628837696786,-9.688399905973686,4.0,-7.944378743349231,-31.976463755873503,-10.979014014278256,13.517689042191444,0.2112,0.4476,24.6,0.07659999999999999,0.0062,0.08084136509668424,-0.32402254955446447,1.6633873216440136,0.7388936505154327,0.9723404255319149,0.7647066869521117,0.47617800632301643,0.48008913630276717,0.34005191729429673,0.48172929933616826,0.886021505376344,0.6833340088054426,0.8903225806451612,0.6092352726280595,0.4291221964369597,0.4598476517916514,0.8373540935442649,0.8723393119904553,0.00993986814460622,0.0,0.0,0.0,0.0,0.0,0.0,0.0,Francesco Sonis,3007.0
20.30245766949215,196.6154641932573,-55.18468273521334,-14.21321913046051,-11.968685397974633,4.0,-6.267091377091377,-29.68562700631666,-9.73974739271291,12.689687569342743,0.2012,0.39259999999999995,12.0,0.040799999999999996,0.0,-0.04024606872882732,-0.35425654225654224,1.9811690409621445,0.7328664799253034,0.8714285714285716,0.8543650793650794,0.7408730158730158,0.5736413959960336,0.6110442134075452,0.7568205364337516,0.8714285714285716,0.9952380952380953,0.9215686274509803,0.4830843392391804,0.9095890410958904,0.6560998083443904,0.7969501379018322,0.9361111111111111,0.0,0.0,0.0,0.0,0.0,0.0,0.0,0.0,Francesco Sonis,3007.0
19.665560768003097,201.7272847447244,-55.93523136387104,-12.07980767680676,-10.982987888834364,4.0,-7.4637949170576,-29.592267172865185,-9.438009261498284,9.621635553191147,0.2226,0.441,10.8,0.06760000000000002,0.004200000000000001,-0.03023931582595803,-0.38379487675517077,1.5480787025841918,0.7832036613272312,0.803642439431913,1.0,0.6921592115882927,0.658732707474902,0.8066434940212235,0.6642439431913116,0.908237986270023,0.8315789473684211,0.8190076640877557,0.3908759001409197,0.6780237870529924,0.8222222222222222,0.8981693363844394,1.0,0.0,0.0,0.0,0.0,0.0,0.0,0.0,0.0,Francesco Sonis,3007.0
19.391198115609882,184.77813980137512,-59.94116600067156,-14.59719887955182,-11.718452733546522,4.0,-3.9895148968678384,-37.716965877259994,-10.396420932009168,14.477387318563789,0.21939999999999998,0.37859999999999994,17.0,0.0634,0.0046,0.18498090145148968,-0.15711611917494267,1.8550496562261265,0.7543756145526057,0.9140553211439288,0.882962962962963,0.5507250765789952,0.7943864645848168,0.5731448483592116,0.7796968772251043,0.9784333005571944,0.8779285480170437,0.8315240074845764,0.49606578461512923,0.41222859289646213,0.5923107549942838,0.6602510071402196,0.8562962962962963,0.009195402298850559,0.0,0.0,0.0,0.0,0.0,0.0,0.0,Francesco Sonis,3007.0
18.698701442841287,170.59530108789482,-66.28587244948415,-17.259402953597814,-11.135757315289013,4.0,-7.641103640435301,-34.613887593137704,-11.361819073814925,11.726098126790593,0.23220000000000002,0.4506,22.8,0.07039999999999999,0.0066,0.16742438621606695,-0.2201159205820693,2.1421139867851253,0.6532587950867157,0.8579873039362494,0.7129065243816969,0.6790853375348863,0.7108931440591915,0.3365026258429723,0.503148905173226,0.8203266339805453,0.7257594825369761,0.6346221653368301,0.7466465831615665,0.7819250751982498,0.5528498355864084,0.710391950053196,0.8865229110512128,0.02886371940080378,0.0,0.0,0.0,0.0,0.0,0.0,0.0,Francesco Sonis,3007.0
20.386407358282618,207.44866897670713,-54.657915740779956,-14.257728164089027,-12.837099251491395,4.0,-5.53679511506836,-28.30570751334302,-9.411695531594878,11.691109834806724,0.17920000000000003,0.4734,14.6,0.024599999999999997,0.0,0.12870140612076097,-0.1767180925666199,2.1701207271127245,0.8196486225404354,0.7377703095123709,0.910701005371161,0.7680926478174142,0.71889699918897,0.7368351466740118,0.842795286137143,0.9503649635036495,0.9866666666666667,0.8510948905109489,0.5256055071342222,0.5746827473586873,0.8258115344042516,0.9532846715328468,0.9883211678832117,0.0,0.0,0.0,0.0,0.0,0.0,0.0,0.0,Francesco Sonis,3007.0
21.904734789848256,212.14419596962733,-58.24875680658373,-15.298396523734107,-12.442169668727843,4.0,-11.232760943211993,-25.25868954837916,-10.519692869645983,12.50295274711535,0.213,0.6182000000000001,16.2,0.039400000000000004,0.0073999999999999995,0.14131893588476485,-0.12062465021017157,1.9798226342299858,0.971875,0.98125,0.8672897196261683,0.6989832373397087,0.8551203590371277,0.7650174175829988,0.7501673992034654,0.8639894859813083,0.8174777627479914,0.871487129037547,0.8503875968992247,0.80546320790724,0.3949516058152512,0.7495979134970658,1.0,0.0,0.0,0.0,0.0,0.0,0.0,0.0,0.0,Francesco Sonis,3007.0
17.121009803921567,163.75732352941176,-64.2593356411083,-14.627843137254903,-11.574721262023328,4.0,-9.777630718954248,-36.525964052287584,-10.441068627450981,14.687892156862741,0.22799999999999998,0.46319999999999995,25.2,0.06020000000000001,0.0158,0.321702614379085,-0.5443202614379085,1.4043562091503268,0.6514191033138401,0.6401793372319687,0.7599811494548336,0.42670595291647917,0.8407368421052631,0.21955671229355436,0.4299020628494312,0.6553284493284494,0.7566991410149304,0.8588351648351648,0.5202547822547822,0.7385494505494505,0.3276711865132918,0.7801668701668701,0.7126037315511,0.0148148148148148,0.0059259259259259196,0.0,0.0,0.0,0.0,0.0,0.0,Francesco Sonis,3007.0
20.076050878750824,199.1266386478979,-65.53613057258477,-15.252739160907058,-10.666387373956137,4.0,-9.753209039354813,-36.13224223066821,-11.34490267133489,13.613349903636347,0.22280000000000003,0.48719999999999997,17.8,0.05960000000000001,0.014799999999999999,-0.01843488368162217,-0.12011297522925428,1.7174701170475415,0.7915110017070801,0.7115274089689578,1.0,0.595246540503428,0.5927169359326221,0.4848067470435303,0.7952635599694423,0.9929411764705882,0.728510124588556,0.7383785639730043,0.37740887750915053,0.5977026815329124,0.8169349875738557,0.8911392405063291,1.0,0.00941176470588234,0.0,0.0,0.0,0.0,0.0,0.0,0.0,Francesco Sonis,3007.0
18.67220898414023,167.46671203754116,-57.86346835147816,-16.407030364310447,-10.654055721640855,3.997826086956522,-6.596885672467067,-29.69374792295672,-11.15948881755252,12.649914060492929,0.21759999999999996,0.5004,19.6,0.06020000000000001,0.0021999999999999997,0.21416746802237197,-0.11312567614387632,1.8909284177231598,0.7349288734324295,0.853551912568306,0.8020461370735263,0.8207440100882725,0.7260165818729979,0.5268339119747885,0.5071479433208671,1.0,0.7744032211676732,0.8849248452696727,0.5607173399428912,0.8510102935569958,0.6558178927672026,0.6950109771648678,0.7510640827027142,0.00109289617486338,0.00109289617486338,0.0,0.0,0.0,0.0,0.0,0.0,Francesco Sonis,3007.0
18.17028005464481,188.0914849726776,-72.07908566224305,-12.020710382513661,-14.495235935467083,3.983606557377049,-7.846495901639344,-41.82978142076503,-9.735967213114755,9.865498633879783,0.189,0.4676,19.2,0.033,0.0,-0.025848360655737722,-0.20089071038251363,1.5514371584699451,0.8857540983606558,0.6689801553062985,0.861639344262295,0.5169182011405964,0.6517745901639345,0.5390021570319241,0.43757152402197014,0.705946505608283,0.9704918032786886,0.9672131147540984,0.626592962814874,0.539766793282687,0.3393811896294114,0.804266393442623,0.7692148403796375,0.0,0.0,0.0,0.0,0.0,0.0,0.0,0.0,Francesco Sonis,3007.0
19.26405802208128,182.10111933286353,-61.06311842739209,-14.28186516326051,-12.61082103486215,4.0,-5.237015503875969,-34.869033356824055,-9.704605355884425,11.64022198731501,0.19660000000000002,0.5226,18.6,0.061,0.0066,0.15232323232323233,-0.4848672774254169,2.0950023490721166,0.7336811037621791,0.8165777682952848,0.8111013652155818,0.5928236493374108,0.6345859179711679,0.3737041251478347,0.5909129006682523,0.7930269434500997,0.7350118399460551,0.8624159021406728,0.6327160493827161,0.7337037037037037,0.6599411031826934,0.8871219843696908,0.9532536803925751,0.0,0.0,0.0,0.0,0.0,0.0,0.0,0.0,Francesco Sonis,3007.0
21.46974726805893,187.64889211206804,-64.28686976805447,-11.926885879370923,-11.958992159988188,4.0,-10.180001543108423,-36.522163084950705,-10.10768851489054,12.408861414254304,0.23500000000000001,0.438,18.6,0.0852,0.0072,0.12478793672707619,-0.6625730161165043,1.5534945166387872,0.7294091555259485,0.7401895836833825,1.0,0.6329292573059104,0.43708658644083026,0.48770000649137196,0.46336029503879084,0.8053109713487071,0.8654545454545455,0.8812507211261105,0.5611945440414846,0.5198855695317959,0.8276522699219313,0.9321933962264151,0.9283018867924528,0.0,0.0,0.0,0.0,0.0,0.0,0.0,0.0,Francesco Sonis,3007.0
20.718565379403792,187.07193320399114,-69.49304233246208,-14.013910445922642,-12.785729776003194,4.0,-8.742018508253263,-40.75683614601297,-10.192421008869179,12.997873552599163,0.2434,0.44919999999999993,18.6,0.1498,0.0214,0.44597176028578467,-0.17519360269360268,1.6677602755194219,0.7723648875152417,0.9152040118532027,0.8121403232163974,0.45711625079736995,0.6936815174921832,0.7455335796565964,0.46615815884636874,1.0,1.0,0.6849663293416242,0.49339226451032137,0.5118894026937905,0.6773307694102362,0.8839100018907166,0.9038759689922481,0.0,0.0,0.0,0.0,0.0,0.0,0.0,0.0,Francesco Sonis,3007.0
19.337786715101196,166.53932883584156,-62.68805654372111,-15.328645563051372,-11.52225304951595,4.0,-4.044512195121952,-37.358091160698834,-10.108469122989103,11.673914547656116,0.27280000000000004,0.39799999999999996,12.8,0.0702,0.005,0.27485729112610274,-0.7407801418439716,2.0255621864729285,0.6254856934572627,0.9170731707317075,0.9223387096774193,0.6214771833202203,0.7037457382638342,0.5596300346273009,0.6486788617886179,0.8080376344086021,0.8625,0.7712037765538946,0.3970812941453635,0.8010882596114097,0.8891101694915253,0.9707317073170731,1.0,0.0,0.0,0.0,0.0,0.0,0.0,0.0,0.0,Francesco Sonis,3007.0
20.067138562101245,186.98707272205405,-54.76676351822687,-14.878482214303109,-9.93811929760503,3.9904761904761905,-6.641055772585624,-27.53691297301372,-10.921396762441537,11.158727311245968,0.2124,0.3378,22.6,0.0394,0.0032,-0.02191693049902006,-0.2850466283302104,1.7375053532702787,0.7900577200577201,0.7847984562607204,0.5858605881365315,0.3585824042309891,0.46107112794612803,0.4696173039923039,0.6945729532521986,0.6322390572390573,0.8541798941798942,0.7308150235508727,0.5777251229727645,0.4675997452058773,0.4955226115603475,0.7581256012506012,0.885303330928331,0.0,0.0,0.0,0.0,0.0,0.0,0.0,0.0,Francesco Sonis,3007.0
20.69809662934977,180.19526754186933,-60.52006941725767,-17.009739278536866,-11.737665127297294,3.9932203389830505,-5.353290880765977,-31.513145393008568,-11.266425496292753,12.366976419660734,0.1934,0.3876,27.2,0.057600000000000005,0.0076,0.19158170767932192,-0.14108998643867485,1.9622030861890927,0.7462628861235198,0.8672268907563024,0.6568401084764885,0.6667261280749924,0.5567444967297355,0.4571701220002036,0.4906499359763644,0.8427084107979474,0.8829529576152773,0.9529411764705882,0.7343719788800476,0.5481392132074069,0.4345861263319053,0.6624690110864287,0.6009151487994239,0.0,0.0,0.0,0.0,0.0,0.0,0.0,0.0,Francesco Sonis,3007.0
18.78324324324324,172.96846846846847,-58.795483786994,-15.397168597168596,-13.001635653145858,4.0,-5.109395109395109,-30.166409266409268,-10.770810810810811,11.649935649935651,0.2142,0.41019999999999995,20.2,0.06599999999999999,0.014000000000000002,-0.04259974259974258,-0.3467181467181467,2.2287258687258684,0.6874367421993219,1.0,0.7353498572988296,0.5872896354894938,0.47667035321766776,0.475476449240662,0.46695284351618127,0.894181240063593,0.903074300381175,0.7811739360844221,0.7068033022391632,0.3066697952381864,0.6630660583857515,0.8651987281399045,0.8037360890302067,0.0081081081081081,0.0,0.0,0.0,0.0,0.0,0.0,0.0,Francesco Sonis,3007.0
19.76036435529,185.15167513505017,-62.27322805502998,-15.143969414654537,-12.109613572681711,3.996950709493429,-6.964127986260708,-33.691997321404614,-10.38447919674327,12.024008727221432,0.2146063100137174,0.4400644718792867,18.2880658436214,0.0563964334705075,0.0071056241426611,0.086638102720475,-0.2863335144672385,1.8272663528461173,0.734788436465319,0.8752425310651989,0.8214756029107322,0.667354437328279,0.625502090965303,0.5844431039697019,0.5970750874471212,0.8815628268809617,0.8519327715633954,0.818509734647631,0.6393620273032274,0.5528221564312561,0.6225309916691271,0.7981190079978657,0.8392336478916386,0.0487713700253127,0.0637707240092674,0.0916030534351145,,,,,,Francesco Sonis,3007.0
17.559779166179734,158.4259026721001,-60.86185931883053,-16.889644491439487,-11.706875096415985,4.0,-8.388060489855482,-31.663653453450337,-11.322371270292857,15.108745482623613,0.193,0.3618,22.8,0.096,0.0314,0.09838269753243772,-0.21133647000439632,1.803814978401658,0.5323610995055212,0.9196321070234112,0.5824021567589603,0.5827766885787875,0.694170430377327,0.3823848387407625,0.37245050592086654,0.9218910006074807,0.7662295775189328,0.7841665878253872,0.5786080645362082,0.5239160835258295,0.6526295939261313,0.5659889421753699,0.7562405692593593,0.01282051282051282,0.0,0.0,0.0,0.0,0.0,0.0,0.0,Francesco Sonis,3007.0
21.824713731646504,203.82566672822975,-61.22484894349333,-15.832342167636284,-12.558260615854575,4.0,-10.470405854649552,-30.299846861821653,-10.510371225413243,14.446377781881983,0.20659999999999998,0.32700000000000007,21.8,0.06720000000000001,0.0052,0.04213254532582265,-0.04,2.3112287992119924,0.7796604629937962,0.9141025641025641,0.9227460580694411,0.6571884024264977,0.46175071210607815,0.6641403569974998,0.5616707872926778,0.8349002849002849,0.8176007427251207,0.7854197672605633,0.6916193903756093,0.4788799331443254,0.610243812624765,0.9870129870129869,0.9132034632034631,0.0,0.0,0.0,0.0,0.0,0.0,0.0,0.0,Frederick Waldhausen Gordon,2845.0
17.624624115264744,160.68952296395616,-61.23336771581004,-16.959904043731505,-11.02156399700132,4.0,-5.719104359320613,-32.609546936805394,-11.276493026667424,12.35324464771622,0.20540000000000003,0.40680000000000005,21.4,0.0502,0.0046,0.07184596419569098,-0.39323059350963085,1.9072185388020757,0.6297791936091433,0.9392990621253791,0.5041033356732307,0.628737591359935,0.4282115879935871,0.41362529593866554,0.3953092126344916,0.9680981595092024,0.8541906188106856,0.8558970383152473,0.7189349042460842,0.289795230523307,0.4021159692458511,0.5175173597749342,0.7204231471857627,0.0,0.0,0.0,0.0,0.0,0.0,0.0,0.0,Frederick Waldhausen Gordon,2845.0
16.561980580693817,160.2828770739065,-75.55934381338007,-14.4204185520362,-12.363606633892875,3.9658823529411764,-7.591647812971343,-45.562061651583704,-10.418614253393665,10.83112273755656,0.2378,0.2974,13.0,0.0568,0.0124,-0.09662707390648566,-0.44670814479638005,1.4872897812971342,0.6353196225277655,0.6832734355074311,0.8790697674418604,0.9105563155494757,0.7232026143790848,0.46185702152800856,0.5504521319761644,0.9901960784313726,0.8658002735978112,0.855531467612666,0.5897628818969448,0.2941658658821125,0.4960506078663235,0.8918832649338805,0.7701322389420884,0.0,0.0,0.0,0.0,0.0,0.0,0.0,0.0,Frederick Waldhausen Gordon,2845.0
19.91738296505638,184.82264206720373,-48.36807422641199,-16.440497952580184,-10.102912298266215,3.9633027522935778,-1.450889306980623,-24.25527343237468,-11.360504433128838,11.278700444624965,0.18839999999999998,0.4166,15.4,0.0352,0.0,-0.03146282412726522,-0.3837740752953042,1.1581145710800953,0.8136986301369863,0.8265255292652552,0.567327265117869,0.5544846361029859,0.5957564146794787,0.616387049476456,0.6025935573337331,0.794913454390995,0.8392694063926941,0.8085097550850975,0.639446069487484,0.19456846959809865,0.5626946078317107,0.7426330183380949,0.7830067550146961,0.0,0.0,0.0,0.0,0.0,0.0,0.0,0.0,Frederick Waldhausen Gordon,2845.0
20.4018537414966,180.43958810353408,-64.2505166932208,-13.789731812902545,-12.98242047468904,4.0,-8.64645176252319,-36.69278813520974,-10.643052853070275,14.503928345173989,0.20739999999999997,0.3968,21.6,0.0518,0.0,0.057571534156900014,-0.013358070500927622,1.7842515875529812,0.6934898816342115,0.9766666666666666,0.7738060010182003,0.7535375816993464,0.7194308278867102,0.6645619960469868,0.47800102381540627,0.9270833333333333,0.8817360315642102,0.9391146149181322,0.8653594771241829,0.3577812310491207,0.43156655923155823,0.6726724763979666,0.7027984131797049,0.0,0.0,0.0,0.0,0.0,0.0,0.0,0.0,Frederick Waldhausen Gordon,2845.0
20.864620776732846,203.6562473876698,-69.14206139442454,-14.57257053291536,-15.0332665494228,4.0,-7.288640717520027,-38.9219087425984,-9.634672152560084,12.308997300592129,0.21759999999999996,0.33740000000000003,19.0,0.039799999999999995,0.004399999999999999,0.0271512539184953,-0.3935658307210031,2.4355899512365027,0.782257053291536,1.0,0.8739184952978057,0.7089279960847488,0.6366661414199088,0.5782785500964909,0.6466596889952153,0.9201451534863716,0.7404177322224055,0.9695065789473685,0.5523442948469585,0.6270470441893187,0.928125,0.9254545454545454,0.8418181818181818,0.0,0.0,0.0,0.0,0.0,0.0,0.0,0.0,Frederick Waldhausen Gordon,2845.0
19.144712515852113,177.37813625399727,-46.48793253104872,-12.863513322455677,-9.72227805296907,4.0,-1.3827896777193807,-29.517656252714403,-9.6704461255367,12.66875090034651,0.2726,0.484,17.4,0.0646,0.0054,0.021862591421084192,-0.06740667866683236,1.3089856385544745,0.7223680448333047,0.9507586206896551,0.6659608852290273,0.7321791044776119,0.47885868830290734,0.5803929641851593,0.43045629862856105,0.9324137931034482,0.95484302624807,0.876,0.5344080745696804,0.5310493173079833,0.4104761587599528,0.6781513124034997,0.7894011685991947,0.0,0.0,0.0,0.0,0.0,0.0,0.0,0.0,Frederick Waldhausen Gordon,2845.0
20.07997711637956,191.6247880777759,-63.5989626106488,-16.18324805276025,-10.114694602234454,4.0,-6.754594490874979,-37.006471374154295,-11.06950025584172,13.529546165216896,0.1976,0.1036,22.4,0.052000000000000005,0.0102,0.0727818522940474,-0.00909090909090908,2.1294836261299674,0.777036676403765,0.8945903689806128,0.89375,0.48116329808402974,0.45873905925812386,0.5120475316851513,0.32088523483822956,0.7799601313320826,0.850562851782364,0.7753908692933084,0.6976722001884088,0.09179774956442135,0.6799557773450179,1.0,0.8820075757575758,0.0,0.0,0.0,0.0,0.0,0.0,0.0,0.0,Frederick Waldhausen Gordon,2845.0
20.219735809625206,204.0757093326477,-56.359729594366094,-12.240063347749937,-12.567433282690654,4.0,-13.041265643301148,-26.533476654398676,-9.416667773160011,13.439177106934332,0.21200000000000002,0.6062,15.2,0.021200000000000004,0.0,-0.03993867210337141,-0.42136052007601404,2.2749223462970094,0.8924318780807869,0.8752234208242576,0.7601281880574302,0.7390780089699287,0.6633142093774973,0.46094676326915074,0.7205629996684484,0.8236553083638413,0.8204851752021562,0.9111200229964307,0.8139309298045134,0.8738662037562044,0.6752990851513019,0.6712009788752791,0.793687676762312,0.0,0.0,0.0,0.0,0.0,0.0,0.0,0.0,Frederick Waldhausen Gordon,2845.0
17.378779572856654,161.7527334556401,-64.91596042709891,-16.73352313225683,-11.12320231401577,4.0,-3.162729433471646,-40.0630130601907,-10.870633245274295,13.037140758110345,0.21459999999999999,0.42679999999999996,22.6,0.08019999999999998,0.0346,0.3254320068842012,-0.1860377855819398,1.921955156926133,0.5906490381770921,0.9960264900662252,0.5825848803723532,0.5814648766029996,0.620749161584216,0.25546874073156134,0.43796520588470556,0.9339130434782609,0.9304347826086957,0.779642644431209,0.5002868035203418,0.40194560075412367,0.5094353677679424,0.6621621187796621,0.8726027397260274,0.033734742312993636,0.029774108681847038,0.0,0.0,0.0,0.0,0.0,0.0,Frederick Waldhausen Gordon,2845.0
20.364097902097903,181.70447086247086,-63.00172204858634,-15.48988344988345,-12.883694076558362,4.0,-3.4079720279720283,-38.327668997668994,-9.763552447552447,12.871048951048953,0.18320000000000003,0.36460000000000004,22.6,0.023799999999999998,0.0,0.10750582750582752,-0.17410722610722612,2.1830536130536133,0.7462265512265512,0.9199999999999999,0.8214850798056904,0.7140094511086877,0.438303647158609,0.738365057334523,0.5929227388387694,0.9276190476190476,0.9256072172102707,0.9665800865800867,0.7656010486544839,0.6835714285714285,0.579377636782217,0.7137662337662338,0.6529301741515482,0.0,0.0,0.0,0.0,0.0,0.0,0.0,0.0,Frederick Waldhausen Gordon,2845.0
20.668751035757158,189.25807886983455,-62.203347033535444,-14.066905775178043,-11.83419453770545,4.0,-10.011034905765584,-35.51725172706135,-10.10066433553855,15.32670424771354,0.22039999999999998,0.532,21.4,0.031,0.0032,0.30939722830785754,-0.037234855161877876,1.603520830860107,0.731957042710923,0.8775482093663911,0.9804609285762279,0.6193576563864812,0.3722016170574929,0.4415809984546127,0.5495751304620484,0.9586776859504132,0.8775022956841138,0.7356106519742882,0.6495632600954109,0.5229476584022039,0.4582033192232748,0.7412271271473045,0.7502015722636565,0.00202020202020202,0.0,0.0,0.0,0.0,0.0,0.0,0.0,Frederick Waldhausen Gordon,2845.0
21.9987078721552,199.57930694476522,-55.763353226481364,-14.074429264306143,-12.961054294223478,4.0,-1.1882344058130652,-31.672043278199226,-10.314831133298986,10.447239149359532,0.2378,0.43759999999999993,21.4,0.058199999999999995,0.0052,0.2695343507381811,-0.11542913994350376,1.6031888357880149,0.746964663243733,0.944927536231884,0.9618181818181817,0.6041316822712172,0.7004300115119124,0.684054469292083,0.4097603071010553,0.8896103896103895,1.0,0.8357142857142857,0.7202719962881743,0.3868548842461886,0.5235475512017473,0.6972290432856662,0.8114768951978254,0.0,0.0,0.0,0.0,0.0,0.0,0.0,0.0,Frederick Waldhausen Gordon,2845.0
21.333313766596785,196.63845178197064,-59.80876237426137,-17.520957372466807,-12.696504512626154,4.0,-4.586551362683439,-30.37816561844864,-9.772352201257862,11.145768693221523,0.20179999999999998,0.3012,15.6,0.04920000000000001,0.0232,0.09283717679944095,-0.3057777777777778,2.5271313766596784,0.805988455988456,0.9161904761904761,0.8466165413533835,0.8646365914786968,0.601608810476735,0.8023809523809524,0.6054310733953236,1.0,1.0,0.8175381850853549,0.4571604540224203,0.74240554215728,0.590048993266471,0.8317543859649124,0.8191228070175438,0.0,0.0,0.0,0.0,0.0,0.0,0.0,0.0,Frederick Waldhausen Gordon,2845.0
19.647873091328144,160.45818424085277,-57.329116924341044,-16.777484874675885,-10.426176849434675,3.9842696629213483,-6.11835566119274,-30.701656583117256,-11.162162921348315,13.872450302506483,0.1856,0.4952,24.6,0.0626,0.0,0.16393474503025066,-0.046545664073753934,1.61783275713051,0.5644297521692507,0.8507746895328208,0.8815615096513973,0.5692937608953605,0.5854645513186744,0.5958098360734881,0.4707822563793248,0.7510448983305281,0.7612063867534002,0.7744293317563573,0.776356137107097,0.5483176085475396,0.5117114490981794,0.8142511733750533,0.6554500399330436,0.0,0.0,0.0,0.0,0.0,0.0,0.0,0.0,Frederick Waldhausen Gordon,2845.0
16.510973147178944,148.85352478041236,-62.541540157419966,-16.055689558397425,-11.706012000810272,4.0,-5.48923931896216,-36.70121158795895,-10.518495552622664,13.929107861331499,0.2004,0.417,19.8,0.06999999999999999,0.016599999999999997,0.3171063476893359,-0.17252983880890854,1.3279333980592345,0.46228787429974527,0.9261208576998051,0.7427321156773211,0.6560261956260515,0.4281747828209156,0.5604832494673376,0.5954191033138401,1.0,0.9166666666666667,0.6684014135192855,0.4747590055809233,0.3119703727301688,0.3727186803510138,0.5066511230467234,0.810890811503645,0.0,0.0,0.0,0.0,0.0,0.0,0.0,0.0,Frederick Waldhausen Gordon,2845.0
20.690932676518884,185.3723119868637,-52.12479830254671,-13.85447728516694,-12.005345921594326,4.0,-3.9795894909688014,-28.923678160919543,-9.198360426929392,11.836652983032293,0.2514,0.15940000000000001,13.0,0.0516,0.0,-0.044886425834701704,-0.7348062397372743,1.6471442255062942,0.7901163403545436,0.9352112676056338,0.93125,0.45757377751079975,0.6024857916219014,0.6422166163952865,0.592168509046912,1.0,1.0,1.0,0.25757831213388965,0.5999524445523716,0.6967909698839059,0.8729722634049913,0.9178879310344827,0.0,0.0,0.0,0.0,0.0,0.0,0.0,0.0,Frederick Waldhausen Gordon,2845.0
17.881058434711225,141.9663034654001,-60.22660287013697,-17.174897459461484,-10.266524262464102,4.0,-7.18086020315007,-32.297637877468986,-11.667347485797997,14.360664418205662,0.25359999999999994,0.2232,18.8,0.0466,0.003,0.07231548263559258,-0.14775110931827345,1.3146836307185876,0.4264730286921557,0.8507462686567164,0.7186966950959489,0.7198694029850746,0.35969987878610854,0.660434434968017,0.4898526983477914,0.9,0.6790122430898345,0.6055063965884862,0.4627890902629709,0.17961333498846274,0.6765737384506041,0.8260733830845771,0.9098214285714284,0.0,0.0,0.0,0.0,0.0,0.0,0.0,0.0,Frederick Waldhausen Gordon,2845.0
19.075734448325743,151.96320530915165,-68.5314453155606,-18.047136657139834,-11.837570187654041,4.0,-9.042895745857004,-38.17823500699811,-11.344565823365443,15.918958105453816,0.20600000000000002,0.5778000000000001,25.0,0.07139999999999999,0.0112,0.5440142667278266,-0.17768544981946058,2.0353561977347305,0.5020047123415061,0.8513761467889909,0.845553007135576,0.3574894933562244,0.7382407407407408,0.23517074413863406,0.3745848757980578,0.7802729044834307,0.9792592592592593,0.672455916805265,0.7449122807017543,0.6286500974658868,0.4619382745855464,0.6958401291199456,0.7771024464831804,0.00138888888888888,0.0111111111111111,0.0,0.0,0.0,0.0,0.0,0.0,Frederick Waldhausen Gordon,2845.0
19.46831001232366,180.42082138792776,-63.06498842500256,-15.491403307493956,-12.099077727352396,3.996859540613341,-5.8556938784291095,-35.787858230865936,-10.394884230433515,12.56706940895902,0.2133417366946778,0.4281022408963585,19.68487394957983,0.0502100840336134,0.0064887955182072,0.1030326501142898,-0.2563490854407617,1.856547962879264,0.709133161495004,0.8737563460322126,0.7839755130126546,0.618485714228596,0.5824712877771977,0.5254067637985976,0.5547444181255305,0.8964043287589408,0.8722781900035229,0.8331761818517261,0.6772081713481297,0.5107234835380735,0.5533482586011388,0.7709579482110022,0.8165454113471984,0.0527472320607078,0.0580939962065473,,,,,,,Frederick Waldhausen Gordon,2845.0
19.099752565375702,194.92170969877526,-72.23264339232996,-15.040119165839126,-13.765873283094624,4.0,-4.8769423558897245,-44.9174191374663,-9.556275712867073,11.923986262826878,0.20400000000000001,0.45220000000000005,14.8,0.0206,0.0,0.12297087057265806,-0.4726757932567266,1.5184708232846265,0.868421052631579,1.0,0.8072306935563207,0.5649112371070306,0.6643584597085935,0.6352868399114147,0.581728505305023,0.8785458364220411,0.7276910149204788,0.8612367185569557,0.44644014672599325,0.5431951889862467,0.6027873421872437,0.8610875706214689,0.9492957746478872,0.0,0.0,0.0,0.0,0.0,0.0,0.0,0.0,Frederick Waldhausen Gordon,2845.0
17.463515279902982,163.2549728627543,-72.33192762296058,-17.488910594238575,-12.113368796843549,3.997674418604651,-9.939839947005519,-37.872301516518505,-11.8808349321957,12.965653745236619,0.19319999999999998,0.38220000000000004,28.6,0.0818,0.0158,0.12212627591286962,-0.04238172242415248,2.0692363239908707,0.6191792755695785,0.9391536408692337,0.6768156945653525,0.6548244201458975,0.36907149896990893,0.364283648793976,0.5327799021537668,0.8632599627727569,0.8202804377564981,0.8609912659160266,0.7175168871032387,0.30570950507484784,0.511558242029077,0.739611994831658,0.6734509009861659,0.0,0.0,0.0,0.0,0.0,0.0,0.0,0.0,Gabriel Gähwiler,2931.0
19.40726430084229,145.9550612244898,-62.81824999591673,-16.344714471154315,-13.078369829215907,4.0,-5.408436154949785,-36.66598122175699,-9.924104734576757,14.603356415737029,0.17120000000000002,0.4676,18.8,0.0432,0.003,-0.07104570608731295,-0.3473413365346138,2.0419426111908177,0.5119342996473979,0.9906388742569042,0.6544777112375469,0.7388081442223966,0.6036385999806173,0.5639280047361269,0.39187947763166087,0.9139917333567847,0.7230258956812826,0.7793634877560942,0.7213999899493699,0.4407871325009264,0.4421682777591215,0.8580633284241532,0.9629139072847682,0.0,0.0,0.0,0.0,0.0,0.0,0.0,0.0,Gabriel Gähwiler,2931.0
19.167367259055236,170.6695619384878,-51.577802836420084,-15.332633833912606,-10.883740930721354,4.0,-3.707357859531773,-28.285985966292873,-9.566397796576826,12.198313550615342,0.23179999999999995,0.32520000000000004,13.6,0.078,0.0118,-0.1485124707631101,-0.0993420333573786,1.7548637069097428,0.5988153870034991,0.8365915582354809,0.848800834202294,0.6379490775139445,0.49664104304021395,0.6149391272052919,0.6431152536920222,0.9306469353064694,0.8758564041294081,0.6862135269848973,0.5370755019359723,0.5622288882149086,0.44492801292827167,0.9311972698834013,0.836356674891517,0.0,0.0,0.0,0.0,0.0,0.0,0.0,0.0,Gabriel Gähwiler,2931.0
19.512220768173787,181.30784458347384,-54.265688332705665,-17.190672189813718,-10.735965040359718,3.994117647058823,-6.06789826806054,-27.049306620226595,-10.611196523034645,13.395232661730734,0.1834,0.5367999999999999,19.4,0.034800000000000005,0.0,0.15592811520090194,-0.4042602590107661,2.2599440202537764,0.759860071262492,0.732398190045249,0.7840720908570809,0.5419387869471001,0.7176653476540419,0.37472532313303103,0.5568286272634027,0.7313129973474801,0.9207403651115618,0.7918377486835905,0.6329784268019563,0.7458090185676391,0.7603964839403604,0.8041992321404086,0.7697246060227805,0.0,0.0,0.0,0.0,0.0,0.0,0.0,0.0,Gabriel Gähwiler,2931.0
20.899904126707916,211.7425260857558,-46.1965714283421,-15.55502046312896,-11.018410588425551,4.0,-2.988747357249933,-23.252811313417922,-10.035456492644634,12.653874786524906,0.196,0.5588000000000001,16.8,0.09019999999999999,0.014599999999999998,-0.1144901674457526,-0.020512820512820502,1.9279820704012913,0.8605340008343763,0.7672386181651796,0.7868840379478678,0.5535764489860335,0.5661532123924631,0.5894077553652022,0.9106382978723404,0.8709219858156029,0.8216520650813518,0.7445556946182729,0.6237099893928995,0.5859476454211808,0.491851285968933,0.9662337662337663,0.7367127496159754,0.0,0.0,0.0,0.0,0.0,0.0,0.0,0.0,Gabriel Gähwiler,2931.0
20.898169407911706,164.1874211712955,-69.70668206387143,-16.571339991905276,-13.054102635512967,4.0,-6.654316313959744,-40.29191743392511,-10.712994364761052,13.577988676192717,0.18000000000000002,0.514,16.0,0.053200000000000004,0.010199999999999999,0.3435690335321784,-0.4790241458445278,1.8706323773196398,0.6147918674000805,1.0,0.5654259889335671,0.5206560211782095,0.7973178761301248,0.7744113502705959,0.2859923427998972,0.8939739998563528,0.8565969977734683,0.748829569658885,0.8296081277213354,0.2897010265398759,0.6503770739064857,0.8786002257700372,0.9675213675213674,0.0,0.0,0.0,0.0,0.0,0.0,0.0,0.0,Gabriel Gähwiler,2931.0
17.732529765894505,173.50069352887402,-51.81323760688575,-17.669961226086432,-11.657506412254534,4.0,-1.564934516291554,-27.9096435552831,-10.88867379716898,13.877481900198848,0.2028,0.4098,22.0,0.074,0.0028,0.3396522462793775,-0.3482081547955911,1.8420652984463692,0.6336202436447211,0.8468085106382979,0.8053255963894262,0.5045460441355752,0.5507569237201589,0.5724199251030356,0.450725734779646,0.8191029101027218,0.7932607675593931,0.8506247889226612,0.6377441032157658,0.45755509659203153,0.31050477862924336,0.6928164891853159,0.8013863441725274,0.00317460317460316,0.0,0.0,0.0,0.0,0.0,0.0,0.0,Gabriel Gähwiler,2931.0
16.229272756856886,159.01175185033753,-73.81127885166248,-16.927507155194714,-10.987613814906043,4.0,-7.877638118204651,-45.52396381098604,-11.335307936216552,14.84075198384553,0.22640000000000002,0.24979999999999997,29.0,0.11200000000000002,0.0246,0.3663606885675425,-0.16909296329364248,1.8109693932895539,0.5664613590502164,0.7898356319667486,0.8695781916698241,0.3266251701244519,0.33788670510067875,0.30796147067712265,0.3947948006876668,0.962925876944392,0.8079817747994721,0.8089118184587267,0.623178339875623,0.4273951225875649,0.3608848599966314,0.32108947554820616,0.6338729916678555,0.04390243902439024,0.0,0.0,0.0,0.0,0.0,0.0,0.0,Gabriel Gähwiler,2931.0
19.62595279120561,174.08068405407576,-61.53733078493763,-16.406571508812167,-11.942471018307886,3.999127598824744,-6.037169612680168,-33.26899586563369,-10.3728456647636,12.49159528643514,0.2012610966057441,0.4217154046997389,18.911227154047,0.0532271540469973,0.006065274151436,0.0988387015173942,-0.2540590262128153,1.975949662752964,0.6555609172527055,0.8795665602244338,0.8012515336122947,0.6835763139726593,0.6179855425689181,0.5606841057304276,0.5357786537344873,0.8785893031867582,0.8562837315667484,0.8282350560454508,0.6654890776416044,0.5515251826804236,0.5259775833588558,0.7864517319462698,0.8305576626613337,0.0565735979401964,0.0629333006024527,,,,,,,Gabriel Gähwiler,2931.0
22.83427543135387,179.59588380287013,-53.521908142928396,-16.10195728550762,-9.932899790566589,4.0,-4.632562869542864,-31.574610483549826,-9.747020218058642,14.467142504297158,0.215,0.44420000000000004,14.2,0.0642,0.0,-0.008034044569452592,-0.053589196872778945,1.9295248680609114,0.6846992925656261,0.8114329659061779,0.6989627611748996,0.6838118643729146,0.5376567984651637,0.8347603178672134,0.5786971533854268,1.0,0.9659574468085106,0.9765639885677994,0.6649622943982981,0.46366367342982595,0.5060800840708021,0.710828834550651,0.7667685668045315,0.0,0.0,0.0,0.0,0.0,0.0,0.0,0.0,Gabriel Gähwiler,2931.0
17.87313391024504,155.68213655161395,-72.54894284504975,-17.51757713002025,-13.023777636402816,4.0,-6.488825244673137,-43.80253636135208,-11.111396405659736,15.395169933058266,0.18680000000000002,0.533,23.8,0.06260000000000002,0.004200000000000001,0.1204182897167938,-0.13161907018999092,1.9173091113948515,0.4764463160100997,0.840106434446057,0.7413647852570359,0.5899916622919433,0.49119686752059855,0.7501984117327364,0.31406295043991445,0.7119997117829313,0.7860342609166652,0.9364102564102564,0.6558251083209901,0.6086994219432007,0.21232754248164354,0.721997727693609,0.7817662380146035,0.0,0.0,0.0,0.0,0.0,0.0,0.0,0.0,Gabriel Gähwiler,2931.0
20.574737772031888,186.8747502693385,-60.298693132393375,-12.41209300503418,-12.212240056057944,4.0,-5.772932753520989,-33.522212297506414,-8.935756126226712,8.55654110595287,0.2234,0.5644,12.0,0.0476,0.011,0.03887485063955652,-0.32899563181916125,1.8509814499226263,0.8164974102673159,0.8942528735632184,0.9237065011797897,0.5710134508322905,0.6684571340539708,0.8854802680565896,0.6430431842902078,0.8228139095009457,0.9011494252873563,0.8689655172413794,0.8136067855871023,0.6329534785846094,0.7522175621050236,0.949367088607595,1.0,0.0,0.0,0.0,0.0,0.0,0.0,0.0,0.0,Gabriel Gähwiler,2931.0
22.758748114630468,193.6348488113194,-62.19664813992345,-16.259067729655964,-12.190945345985364,4.0,-8.772732169790993,-32.209293973999856,-10.130639948287008,13.366031027795733,0.22240000000000001,0.41339999999999993,19.2,0.0392,0.0,0.16292824822236587,-0.1631473102061337,1.8754937872584931,0.8407010465262893,1.0,0.8890735502121639,0.7202430367863416,0.4914806980004519,0.7287843566251879,0.5674534342633537,0.9262135922330097,0.941747572815534,0.6563223832785497,0.7690566282703166,0.5381480123652616,0.4976999694460664,0.8990291262135923,0.8441405715848489,0.0,0.0,0.0,0.0,0.0,0.0,0.0,0.0,Gabriel Gähwiler,2931.0
18.21254843685726,158.39799984574248,-64.57202937801286,-16.123053270259152,-11.568871624002165,4.0,-8.448784193747429,-35.390403383381326,-10.652305995475114,13.611389088852325,0.16460000000000002,0.2736,25.0,0.0748,0.0,0.09742832167832167,-0.3781430481283423,1.4055614973262032,0.5326393600180912,0.854746699196326,0.6605457198274363,0.5278067703440837,0.25203212521309537,0.5300041531851234,0.6717407281772954,0.604429013151028,0.7954474785165083,0.6876301403820061,0.45100361392339006,0.5169140094979647,0.7345771144278607,0.6587163613749435,0.7627148349163274,0.0,0.0,0.0,0.0,0.0,0.0,0.0,0.0,Gabriel Gähwiler,2931.0
21.133637907392774,201.60133666952368,-66.56736804969316,-16.232846386457414,-12.243476470290654,4.0,-5.3206486151946155,-39.41537413739991,-10.792604386922637,13.437581946572058,0.18460000000000001,0.38660000000000005,19.0,0.051000000000000004,0.010600000000000002,-0.007992487983497876,-0.029116698903932918,1.8391421743774157,0.7676375404530743,0.730033614392218,0.7853255963894261,0.693384912959381,0.5224454626830168,0.41330497705833374,0.4465630692381364,0.8709219858156029,0.6045858293740962,0.6805093488072211,0.7514184397163121,0.4414269528584752,0.34961928727473035,0.8880141843971632,0.9170419334848171,0.0,0.0,0.0,0.0,0.0,0.0,0.0,0.0,Gabriel Gähwiler,2931.0
19.038714618714618,176.34371659546127,-53.54309475280513,-17.59576310214608,-12.458881292506565,4.0,-3.803770839089988,-26.43330924394754,-10.756327587306311,13.504957312191355,0.20140000000000002,0.31920000000000004,14.0,0.0844,0.004,-0.08077831388469686,-0.07844870023593424,1.9229944523561546,0.627060728050827,0.910891089108911,0.7926706956409927,0.5837720807385859,0.51391446135495,0.471120796905503,0.7348057882711347,0.8922083393749709,0.9326732673267326,0.8633920534910633,0.6304744760190304,0.3778330159412948,0.242961160740811,0.9324675324675326,0.8087694483734088,0.0,0.0,0.0,0.0,0.0,0.0,0.0,0.0,Gabriel Gähwiler,2931.0
18.102716590422737,159.9520859307973,-60.27580064777028,-16.71623812422948,-11.702170438426531,4.0,-7.472517542659797,-29.925043307207453,-10.22489524468535,11.765064009438333,0.184,0.44420000000000004,14.8,0.0656,0.0,0.06865339244510123,-0.1363321440055166,1.7733698326745988,0.6025909304453181,0.9884615384615385,0.7859744990892532,0.7385561160151324,0.511432698951071,0.7306061617585243,0.7102790346907994,0.8655737704918032,0.8089253187613844,0.7871402550091074,0.42064105406189667,0.6691882729233509,0.5971966718591598,0.7883039092055485,0.7917087011349306,0.0,0.0,0.0,0.0,0.0,0.0,0.0,0.0,Gabriel Gähwiler,2931.0
20.118560804246698,207.35299636272003,-68.98130591169635,-16.28959197477445,-13.451630572918699,4.0,-9.717311728487164,-35.21554808702947,-10.210693429023305,11.903469880536738,0.1706,0.3062,14.6,0.0204,0.0,-0.04373884694577898,-0.15496225120109813,2.2412359374533737,0.9263157894736842,0.9957894736842106,0.8540165200969078,0.7045535186280307,0.5792341870462017,0.6060765723660364,0.8633587075506121,0.9260441426146009,0.853106960950764,0.863497453310696,0.627686054029833,0.41332557562808797,0.655459071746056,0.7446189788321799,0.9199999999999999,0.0,0.0,0.0,0.0,0.0,0.0,0.0,0.0,Gabriel Gähwiler,2931.0
20.455850353853982,170.72662422339374,-60.83525991820979,-15.95576681166518,-10.923144380322926,4.0,-6.897934491400916,-33.539395423424466,-10.095670210007778,12.576651398611471,0.209,0.5509999999999999,14.8,0.033,0.0,0.1265281978893594,-0.2841306330961503,1.7935664832579534,0.6130522088353414,0.8110970196575777,0.898661311914324,0.6773351362596214,0.5286758628717769,0.8926482213438736,0.6926294902931887,1.0,0.8698830409356724,0.6927714213068904,0.47019219517275807,0.6904964786682963,0.7402371541501976,0.7955731225296443,0.7841801990570979,0.0,0.0,0.0,0.0,0.0,0.0,0.0,0.0,Gabriel Gähwiler,2931.0
18.363567815978477,168.22788595409128,-73.9677796094431,-17.581575459057024,-16.246787359324355,4.0,-6.967274957348695,-38.104088318353774,-10.707325469010097,11.639271953650853,0.20700000000000002,0.5462,18.4,0.084,0.0,0.02314641095128902,-0.17524631835465637,1.871329795181185,0.6367778719293382,0.9308857808857809,0.8981871410877155,0.7862290008841732,0.5579538556770073,0.6621267830619255,0.4675030379400226,0.9363636363636363,0.8608326253186067,0.7778992570639985,0.6671391209499492,0.4361312309991009,0.5151148749199024,0.6853309677753764,0.6375518713387429,0.0,0.0,0.0,0.0,0.0,0.0,0.0,0.0,Gabriel Gähwiler,2931.0
19.825963608957796,181.50654045297944,-58.16927631257346,-15.730399929527838,-11.137917667988066,4.0,-2.0222904921306086,-33.585610220421266,-9.625112315010572,9.932054312504892,0.2472,0.39859999999999995,16.6,0.0726,0.0062,0.3158816850677315,-0.446698085506225,1.6667694385717642,0.6653704754962222,0.7075039221114803,0.7807104821339673,0.9875,0.67578096160945,0.5018224271964671,0.4148647178450357,0.8740575396825397,0.7612599206349207,0.9308035714285715,0.8544492894056848,0.6455052242609582,0.2394036527917475,0.8180332568807339,0.9302752293577982,0.0,0.0,0.0,0.0,0.0,0.0,0.0,0.0,Gabriel Gähwiler,2931.0
21.908508253728844,198.1524258421317,-57.52087526807969,-16.246941511647396,-11.153515204396097,3.99375,-6.952582956259427,-29.66244029663148,-10.557293237807944,13.058147938662646,0.24159999999999998,0.6290000000000001,21.2,0.15820000000000004,0.0264,0.02873407910172615,-0.11639433551198257,1.6258327048768222,0.7511006967887701,0.8830591630591631,0.8770370370370371,0.7225995807127882,0.6948509801893911,0.6125675159568182,0.42155456657793505,0.8445609436435124,0.8216835016835017,0.7136682685306539,0.5707364103209698,0.6179266989237562,0.9191534391534392,0.7716282320055905,0.8442328042328043,0.04444444444444444,0.0,0.0,0.0,0.0,0.0,0.0,0.0,Gata Kamsky,2868.0
19.605479058459345,168.55621494019556,-71.11808601453353,-13.902611250761385,-14.116201837680496,4.0,-6.457215063785869,-43.826956395777884,-9.677666261085495,12.86256479455759,0.2212,0.5534000000000001,16.4,0.0306,0.0,0.1767525805356549,-0.19410725435862905,1.4307670235486227,0.6214138565258678,0.9329528640879307,0.8131709871694162,0.49027374225890197,0.682047408986903,0.4709860467978565,0.7146480659480025,0.8329740012682307,0.7441849093151869,0.8321707884168251,0.6698914284780135,0.5678497178028691,0.5362896992526272,0.8131596298785085,0.7445218586673646,0.0,0.0,0.0,0.0,0.0,0.0,0.0,0.0,Gata Kamsky,2868.0
20.079166615549163,177.62254405382254,-67.09468347095415,-13.79174940760492,-12.135033329251376,4.0,-8.294597485624621,-40.98795777618409,-10.48559673060015,14.600251258311014,0.19480000000000003,0.4826,32.6,0.0546,0.010400000000000001,0.1478660322542617,-0.1307917710157944,2.4763878452924315,0.6276430905163524,0.9198997036699339,0.7993839330994297,0.511368463554229,0.5210784922532368,0.5094832096037296,0.512867175771767,0.8620314891399914,0.9654761904761905,0.8630952380952381,0.6717219341551008,0.39620059240770006,0.741599652249511,0.5430908508249861,0.6231886960391633,0.004761904761904761,0.0,0.0,0.0,0.0,0.0,0.0,0.0,Gata Kamsky,2868.0
21.451418439716313,164.4872340425532,-51.20830632381005,-14.120567375886523,-12.164246040122118,4.0,-9.664893617021276,-25.189420803782504,-9.527659574468085,15.45848108747045,0.19039999999999999,0.5790000000000001,26.6,0.10940000000000001,0.027800000000000002,0.1917553191489362,-0.24834515366430257,1.9095744680851063,0.525798333915319,0.8262544802867383,0.9764355982612674,0.603874971402425,0.6399193548387097,0.5797246304390582,0.664434540652707,0.9032258064516128,1.0,0.7097159508242122,0.8340425531914895,0.6761516694963214,0.8347222222222221,0.705331541218638,0.8260781285746969,0.0,0.0,0.0,0.0,0.0,0.0,0.0,0.0,Gata Kamsky,2868.0
22.7429903752009,200.46900867648236,-58.10500109767726,-13.774328450117924,-11.495564644135536,4.0,-9.31235361130098,-30.30781092781093,-8.981418743418743,11.766475279106857,0.2238,0.564,15.6,0.036199999999999996,0.008,0.18835900562216348,-0.13007792207792207,2.7037957301115196,0.7875066454013823,0.7633949739212897,0.802411023463655,0.6491759702286017,0.8712803712803712,0.7602655286865814,0.6513355460723883,1.0,0.9656565656565658,0.6709340919867236,0.7055950687529635,0.607222601959444,0.8929292929292929,0.9596491228070174,0.8848484848484848,0.0,0.0,0.0,0.0,0.0,0.0,0.0,0.0,Gata Kamsky,2868.0
18.753809523809526,164.45633333333333,-66.35563929741208,-14.446031746031746,-12.064702789475579,3.996825396825397,-6.323888888888889,-41.94960317460318,-10.445142857142857,14.876904761904763,0.21919999999999998,0.5074,20.8,0.0512,0.0048000000000000004,0.2542698412698413,-0.8751111111111112,1.6143968253968253,0.4966718169675669,0.9748031496062992,0.9405638865924892,0.6181272709887168,0.3682889395807999,0.5871999416693943,0.545160546402127,0.849807836520435,0.9070725534308212,0.9104190101237345,0.7546846416925158,0.34895976173843546,0.6071081664490733,0.8140878696981059,0.8105228837085396,0.0,0.0,0.0,0.0,0.0,0.0,0.0,0.0,Gata Kamsky,2868.0
18.87210148791214,220.71683615351304,-70.39227262295431,-16.667684967068777,-12.44195871129244,4.0,-9.495279061235065,-36.938786684607734,-11.297216100839993,12.448652902089695,0.2104,0.5314,19.0,0.08320000000000001,0.0034000000000000002,0.12188682335596605,-0.36209569042130657,1.8819132233459193,0.8876981957353746,0.9532467532467532,0.8900789893628843,0.4994653020606063,0.5560251755264132,0.34166922197112004,0.48944832874067784,0.9019489801601299,0.7863245188546393,0.7525764558022623,0.8406201301881584,0.44461527084578467,0.8147479639005063,0.8294887694639659,0.6504706634081432,0.05932203389830508,0.0,0.0,0.0,0.0,0.0,0.0,0.0,Gata Kamsky,2868.0
16.788608613608613,137.36807081807083,-77.46733063614548,-13.523143523143522,-14.446105333670172,4.0,-8.413451132201132,-49.38849691974692,-9.980998168498168,14.284864441114442,0.213,0.4998,24.2,0.0538,0.0028,0.20673007548007546,-0.1909451659451659,1.4589695027195027,0.3246560380479515,0.7393634143634144,0.8185502738900798,0.705527636920042,0.5787434998876562,0.4158769251586015,0.5171517748702213,0.9014069264069263,0.938961038961039,0.7949568012859152,0.6689971840457277,0.4682932164172179,0.43739954254640256,0.672457802053476,0.7860735184687502,0.015533980582524259,0.0,0.0,0.0,0.0,0.0,0.0,0.0,Gata Kamsky,2868.0
20.505180461947344,198.03585216510288,-56.124301470760585,-14.627926816733478,-9.92500239436161,4.0,-8.020230386326592,-28.070877934892735,-10.227704946918639,10.74744100847246,0.19639999999999996,0.6032,17.6,0.041,0.0086,0.011213162415752579,-0.5522593718338399,2.380149626301338,0.7744084616873286,0.9361702127659575,0.9089285714285715,0.6711281775440273,0.6818559342615045,0.630375072572658,0.36017845284579686,0.9573033707865168,0.8208462825723165,0.8225436289744202,0.7577495361041858,0.6115852809368229,0.6824088145896656,0.7296985815602837,0.9446428571428571,0.0,0.0,0.0,0.0,0.0,0.0,0.0,0.0,Gata Kamsky,2868.0
21.12547463502694,183.6155107937476,-54.0596830700822,-14.896384437434108,-12.29747986162801,4.0,-2.4188297638522,-29.700962453120816,-10.098285534860327,11.352258980813266,0.21519999999999997,0.5054000000000001,15.2,0.06860000000000001,0.0052,-0.030390996142628503,-0.7654699568511251,1.6361604285378935,0.6437437265675843,0.92987012987013,0.9044347603178673,0.5376861090282702,0.6167783691718117,0.651806345581275,0.6786551566864307,0.9766233766233766,0.980722891566265,0.9759036144578314,0.621763902488223,0.4462711454172408,0.6973801589336068,0.9189964078474716,1.0,0.00212765957446808,0.0,0.0,0.0,0.0,0.0,0.0,0.0,Gata Kamsky,2868.0
19.75379303623206,187.95222533563998,-55.01668785651327,-16.634862698277335,-9.798153707735215,3.975609756097561,-2.2753271119124774,-30.220963183158307,-10.860032893935333,10.797041982407837,0.2378,0.4152,17.0,0.022799999999999997,0.0048000000000000004,0.16767695718915232,-0.14027143588119195,1.9298045856582444,0.733962756121507,0.921951219512195,0.7993812082722684,0.4525449975924909,0.5866698262934081,0.4483053677060929,0.5538483686874898,0.9178768202895389,0.9631067961165047,0.9166585246702492,0.5069267046415703,0.5909296231896397,0.5460098259995789,0.7900512708628776,0.8776377089613593,0.0,0.0,0.0,0.0,0.0,0.0,0.0,0.0,Gata Kamsky,2868.0
18.616931236552684,179.3201847860218,-56.51231006209603,-15.052593555522355,-11.443593295185611,4.0,-7.588438848533334,-29.967773856383882,-11.419159076748993,14.959248570278145,0.2092,0.5298,25.8,0.049,0.007200000000000001,0.38008363510515064,-0.29526047786917353,2.152808892505548,0.6715106249191878,0.6094050207234809,0.658384956261301,0.5086491842648864,0.281467080175298,0.6495715751139338,0.5308212129805681,0.7849373586248838,0.8305702374748754,0.6096163427104387,0.5810606478987231,0.5315776438476594,0.6566706926016942,0.9162111132507125,0.7591301430666623,0.0,0.0,0.0,0.0,0.0,0.0,0.0,0.0,Gata Kamsky,2868.0
19.63731209150327,168.9740277777778,-57.0553803803929,-14.651143790849673,-10.964596066667408,4.0,-7.47953431372549,-32.03578431372549,-10.439313725490196,14.51499183006536,0.22160000000000002,0.39980000000000004,18.6,0.05800000000000001,0.003,-0.06945261437908493,-0.6069934640522876,1.597794117647059,0.5803528169518039,1.0,1.0,0.5445398419575942,0.5010006070126211,0.8062459576827127,0.5677361359664637,0.8707815520574428,0.9394733075712036,0.9443108630313439,0.8248175182481752,0.16569747879520946,0.6914412480320594,0.7291480572872224,0.9073269888201054,0.0,0.0,0.0,0.0,0.0,0.0,0.0,0.0,Gata Kamsky,2868.0
21.02197924901186,187.74016699604744,-60.04290703482809,-15.02621541501976,-12.202276105974338,4.0,-2.6273196640316208,-35.59518033596838,-10.383792984189723,11.79187747035573,0.215,0.5368,18.0,0.048799999999999996,0.0,0.16845750988142288,-0.2616274703557312,1.8389224308300396,0.7864788385826772,0.7343406593406593,0.6801805055576607,0.6681352667662231,0.41139509129483576,0.5064725895710318,0.8279031623510115,0.9248490981038084,1.0,0.8316792582417583,0.7170730053832557,0.5590902122456367,0.7671021891494332,0.8691355888206281,0.7346370165267804,0.0,0.0,0.0,0.0,0.0,0.0,0.0,0.0,Gata Kamsky,2868.0
18.998644490885873,157.7407842795774,-39.416468843042466,-14.976140717520028,-9.684151415897448,4.0,-8.5141065830721,-16.626857657030072,-10.31004876349704,16.694836293974227,0.1936,0.5182,19.6,0.0824,0.0252,0.08149889701613842,-0.45234529200046436,1.478018692673865,0.42013733881552284,1.0,0.8058665535764773,0.6197983554472104,0.6760916070076375,0.5185617650061202,0.5427324527324527,0.9055555555555556,0.923076923076923,0.9073944573944575,0.9055330634278004,0.2167297590881359,0.6018338966510923,0.611855801891961,0.5826929294386105,0.0015267175572519,0.0,0.0,0.0,0.0,0.0,0.0,0.0,Gata Kamsky,2868.0
19.159774628683117,181.59237583691612,-51.33671910823237,-12.11334061057933,-11.397983378662202,4.0,-6.819910820896991,-27.02884547937216,-9.277859662120358,11.301220843398657,0.19119999999999998,0.4638,19.0,0.0504,0.0034000000000000002,0.1545820640844266,-0.32582032558451124,2.540664488747197,0.7481443133138048,0.6479916693476016,0.7830022918258213,0.565952397552597,0.8376737967914438,0.5820646302849692,0.7485332713149264,1.0,0.8021982255033102,0.8456293706293707,0.5698389745847373,0.8264705882352942,0.815909090909091,0.9599465240641711,0.926798694824617,0.0036363636363636203,0.0,0.0,0.0,0.0,0.0,0.0,0.0,Gata Kamsky,2868.0
20.33281983671237,167.12383738948137,-64.51203354134927,-16.613168483143873,-12.678751577210047,4.0,-11.07756064690027,-35.628913889865494,-10.57902007890933,18.06538113467974,0.2528,0.5077999999999999,23.8,0.07819999999999999,0.022600000000000002,0.3086940245061656,-0.4469398544213966,1.5546442569371202,0.5504314761767954,0.7551662174303684,0.814146377685178,0.48457916258925593,0.6494355248251885,0.47329973827102617,0.5613394213876036,0.949971353047645,0.9176784249384742,0.8062443845462713,0.7521003424612941,0.3860965362735853,0.5644921520042235,0.8264150943396226,0.8843965259059597,0.0,0.0,0.0,0.0,0.0,0.0,0.0,0.0,Gata Kamsky,2868.0
17.8449773800046,156.79682065904348,-54.66993775501578,-14.251666704124682,-11.201910725199902,4.0,-5.73012607384895,-31.387990748580194,-10.153659949213488,14.055416445951442,0.22400000000000003,0.5357999999999999,17.8,0.0696,0.013799999999999998,0.018561282330713413,-0.21936342803540776,1.2600062453727727,0.6353754373888603,0.8658241087771289,0.7323671497584541,0.5234364814901727,0.6520353880143783,0.5033644208140853,0.6616344133122657,0.8365205264534123,0.7560938688455467,0.6282603011228632,0.7811157749296063,0.5568889350768544,0.36359349563318044,0.751425457465726,0.7610480123902942,0.0,0.0,0.0,0.0,0.0,0.0,0.0,0.0,Gata Kamsky,2868.0
21.666138716356105,202.43146946169773,-61.647846458353875,-15.06159420289855,-11.296085588788657,3.968,-8.824611801242236,-31.601772774327124,-10.973642857142856,12.14186076604555,0.2386,0.48500000000000004,16.8,0.041999999999999996,0.004,0.1348027950310559,-0.8703664596273292,2.4400150103519667,0.8902277432712214,0.906,0.806360248447205,0.6484609213250518,0.6850892857142856,0.5133413561076605,0.6266625258799172,0.9,0.865904761904762,0.8075776397515527,0.8557142857142856,0.7118392857142857,0.6769464285714285,1.0,0.971875,0.0,0.0,0.0,0.0,0.0,0.0,0.0,0.0,Gata Kamsky,2868.0
19.750960060054886,164.4563566892877,-67.36541470903947,-16.17100413953862,-11.996702803129297,4.0,-6.559941890006546,-38.08409266739008,-11.185517155258534,12.6318439462836,0.2016,0.49540000000000006,16.2,0.033,0.0,0.0035654862379000396,-0.04026288366805606,1.66805261548796,0.6550128325621747,0.6586983763757218,0.6661371512949426,0.6059084942960851,0.4583123449661809,0.47303096797827227,0.7370156159629844,0.8476512796414113,0.8436090225563909,0.6815925028918449,0.39871183687725253,0.48163159600072725,0.7933420507791217,0.8724696356275304,0.7851107702366285,0.0,0.0,0.0,0.0,0.0,0.0,0.0,0.0,Gata Kamsky,2868.0
19.869565163544383,179.77569527818122,-56.492767811438064,-15.020059350194362,-11.393136943327509,3.991083514936586,-5.930751678240896,-30.715444749940232,-10.33753468677202,12.913076082100366,0.2093475703324808,0.4905122762148338,19.03964194373401,0.0501695652173913,0.0066301790281329,0.1158909105173278,-0.2923903865547179,1.8868836096782031,0.6850675821863402,0.8758988856434299,0.8078512911102157,0.6387812220802391,0.5951039318948284,0.5764754367801364,0.6153576597011909,0.89932724371766,0.8858429276824547,0.8372591262925599,0.6563468954617472,0.5327838271751636,0.6874200517838872,0.8020309413131343,0.8270431932247772,0.050039784206116,0.0602213953077741,0.0625,,,,,,Gata Kamsky,2868.0
20.457555821371614,197.74510366826158,-50.31257854468875,-14.551754385964912,-10.728348082168807,4.0,-6.346271929824562,-24.46945773524721,-10.08175837320574,11.865011961722487,0.2242,0.3554,15.8,0.06839999999999999,0.012,0.2506858054226475,-0.5297886762360446,1.2678987240829347,0.783587786259542,0.9893129770992367,0.8553297801465689,0.8162905088598393,0.7043627842907464,0.6517853843227257,0.7053994396254595,0.9792085174768983,0.8504419445560465,0.8892928887103254,0.7216986456535498,0.32214323057056693,0.8792827977986862,1.0,0.8233259252101652,0.0,0.0,0.0,0.0,0.0,0.0,0.0,0.0,German Bazeev,2885.0
19.06431612453748,176.1585247279228,-56.50006786641403,-14.740739685372326,-11.524122846671002,3.991146517571519,-5.886198836330319,-30.76682475851497,-10.26894880743802,12.695620550341085,0.2084229452054794,0.4680102739726027,19.30993150684932,0.058208904109589,0.0066198630136986,0.0844757999448065,-0.3400916704226981,1.835228501939178,0.6775282464947803,0.8896539526455184,0.8204709122593138,0.6555509696192612,0.5525169059737404,0.559670722759432,0.5869903740833198,0.8709625470745782,0.8591339744118148,0.8526047443116389,0.7435140370842891,0.5542643451877218,0.595311149966614,0.7832198073479106,0.8528163213623974,0.0618863823736524,0.0212607456226032,0.0740888181174805,,,,,,German Bazeev,2885.0
19.47386764614845,174.32733125606157,-64.31869364938919,-15.983514102537649,-13.24944319740003,3.979591836734694,-8.091122441042996,-30.977803721628653,-10.894083426323785,10.897681402809239,0.205,0.5644,17.6,0.05960000000000001,0.0,0.27077650069127757,-0.3395225026309815,2.011799813648723,0.7088297806483564,1.0,0.7016136687233032,0.7524638368997751,0.45346444368241745,0.7777903087812087,0.5667203206166362,0.7336568025359012,0.8273429228578731,0.9122448979591837,0.8748230535894844,0.5245688973263725,0.6835654565815367,0.6301389233732568,0.9612244897959183,0.0,0.0,0.0,0.0,0.0,0.0,0.0,0.0,German Bazeev,2885.0
17.65043163523453,177.47217615780863,-66.29215008492024,-16.76094318483154,-11.504361106228691,4.0,-7.3074048760422965,-36.43377081834261,-11.658627625479841,13.372957526004729,0.2164,0.42540000000000006,25.6,0.0838,0.0062,0.18195054896355523,-0.11235873264286451,1.2962386255887308,0.6700456986918478,0.774061119293078,0.784766342187892,0.799834699199106,0.4551212215285716,0.5535407259585241,0.49724189417699094,0.7737124231135754,0.5403925995323196,0.8113041370394312,0.6449994767594803,0.28044466210522156,0.5862559356596575,0.6063743218627791,0.7853135266795062,0.0,0.0,0.0,0.0,0.0,0.0,0.0,0.0,German Bazeev,2885.0
20.018876132159715,200.56102308967985,-58.41235340240191,-12.18867202449292,-12.04060317915915,4.0,-3.083875494323255,-34.49135731598418,-9.586280137772675,8.978434749330273,0.18180000000000002,0.446,14.4,0.049800000000000004,0.003,-0.08185737976782756,-0.15999999999999998,1.4943232555172854,0.9064387464387466,0.9041095890410957,0.9068493150684931,0.723842595760404,0.45502110776083377,0.6164969733462884,0.5501809540519218,0.8658404558404559,0.8511246845493421,0.8052373552373553,0.6589957226943529,0.6002606627264162,0.6181971842334193,0.8427065527065526,0.8874074074074073,0.0,0.0,0.0,0.0,0.0,0.0,0.0,0.0,German Bazeev,2885.0
19.20320893624845,194.73868547879187,-75.51768239198385,-16.60989739196426,-12.276753090993752,4.0,-7.735379919650436,-44.38395688350096,-11.046336417833379,12.534641311958943,0.14479999999999998,0.4314,27.2,0.048799999999999996,0.0036,-0.08173663024726854,-0.3765287736716308,2.072133038379239,0.8367713004484305,0.8728726146216875,0.6697993748535955,0.3664652204191409,0.5335262066637736,0.5269312040985311,0.8138075131091427,0.8300131358427322,0.7393156211324878,0.8307440088721731,0.6029326296499604,0.6336757829141073,0.6984521915232171,0.5467815364145282,0.6922305202643606,0.0,0.0,0.0,0.0,0.0,0.0,0.0,0.0,German Bazeev,2885.0
17.71365049751244,143.8551883439943,-49.89561011199671,-14.760305614783226,-11.20029650147787,4.0,-5.8585865316275765,-24.69760572139304,-10.355517057569298,12.976701314854301,0.22640000000000002,0.5418,15.6,0.028399999999999998,0.0,0.03669598436389478,-0.30084399431414355,1.7099102700781805,0.5026944451511391,0.8682127004257632,0.632849432274074,0.7285832346796666,0.5804417709095748,0.5324887621882833,0.5731999434627191,0.8714618404418125,0.8349785774434016,0.8950572036043333,0.6859793981635505,0.4801977259273696,0.4562442674908359,0.7776235825655563,0.9398230088495575,0.0,0.0,0.0,0.0,0.0,0.0,0.0,0.0,German Bazeev,2885.0
16.803644479685182,172.0856056267712,-64.93120741373703,-15.699161564101434,-12.373370020376964,4.0,-6.189846262279194,-36.776978987709796,-10.075727941500375,12.183877362230739,0.19360000000000002,0.4018,20.8,0.08720000000000001,0.033600000000000005,0.035169082125603865,-0.20408557625948925,2.0609588417544016,0.694316218365635,1.0,0.8434531539116495,0.5118621651360155,0.43628961445021847,0.7157341179694655,0.5073327419715425,0.89247311827957,0.8535483870967742,0.8373192928638712,0.6264461319890671,0.3943086291715058,0.6003388131734048,0.7471820168321759,1.0,0.0,0.0,0.0,0.0,0.0,0.0,0.0,0.0,German Bazeev,2885.0
18.144402189923596,158.59462673794567,-57.81322890637491,-15.837436037836142,-11.204331601271377,4.0,-4.275151179657631,-31.715763030990026,-10.94692153067302,12.166374474053296,0.21259999999999998,0.5208,22.8,0.0622,0.0,0.12654337739437838,-0.2212340775038905,1.6714962103018312,0.5985864540508755,0.8845841562431425,0.6782697426796805,0.5852195857305054,0.4028160111760065,0.48921053353429655,0.5479495322156323,0.8219057056461028,0.8085356247762263,0.8801623875356593,0.7398528362958087,0.49440804193161725,0.345998341187069,0.7989291200351109,0.8920561773096335,0.0,0.0,0.0,0.0,0.0,0.0,0.0,0.0,German Bazeev,2885.0
21.29910156485725,193.14067299660476,-61.05545845547128,-15.313594280505503,-10.153854167120844,4.0,-8.820723877492036,-32.3700788145579,-10.459929205057598,12.06272188926261,0.2136,0.36439999999999995,18.6,0.0432,0.0114,0.10352813852813851,-0.033081882656350745,1.4976188729343534,0.7490611671624066,0.7102841850388684,0.8520396736522157,0.8040847472843163,0.48869530864645283,0.5863273890642267,0.5363119419929903,0.8901494241933948,1.0,0.6034279793070483,0.7239862246214679,0.48384693133451384,0.5207974825293775,0.7793396534815299,0.9398496240601503,0.0,0.0,0.0,0.0,0.0,0.0,0.0,0.0,German Bazeev,2885.0
16.557952857369894,153.64910638926807,-65.32998941319724,-15.044647331189045,-13.857006834230834,3.979591836734694,-4.950647668218031,-37.8504909217001,-10.37257013906923,12.765781644475307,0.20020000000000002,0.4312,19.0,0.12440000000000002,0.0222,0.20891049999054764,-0.19205460774068556,1.2917604916100498,0.447338913270086,1.0,0.7778390635533492,0.34954218127289016,0.6770977046661871,0.6945351481990358,0.2131535194156644,0.8785521755872161,0.8430410001838574,0.8113439970582828,0.5916331739499796,0.2936431618372319,0.6195734692882564,0.5037386770226988,0.8565733270052206,0.0,0.0,0.0,0.0,0.0,0.0,0.0,0.0,German Bazeev,2885.0
20.16754604872252,179.19264408793822,-62.20352523989394,-16.618538324420676,-11.903091490636658,4.0,-6.874777183600713,-32.74000297088533,-10.567397504456329,12.500282234105764,0.23440000000000003,0.5608,25.4,0.054599999999999996,0.0112,0.12752525252525254,-0.5607248960190137,1.753131313131313,0.6848736664795059,0.7571019856056352,1.0,0.558394293585514,0.546284371021186,0.44512866284532776,0.5820601296513704,0.8790510948905108,0.9674817518248175,0.8866094771887925,0.6456046143637384,0.5922255692287562,0.5139235355987696,0.8442817591578772,0.8365882292889593,0.00615384615384614,0.0,0.0,0.0,0.0,0.0,0.0,0.0,German Bazeev,2885.0
21.28843306569712,192.50817148916832,-47.77410139980852,-14.026258647679645,-10.250180781720355,3.9869565217391303,-7.172292076958037,-22.46219764682119,-10.843144978033632,12.9930162096652,0.2556,0.49160000000000004,19.8,0.028600000000000004,0.0,0.23527546331363935,-0.879848507801848,1.282583446952482,0.7097426822880067,0.9341463414634147,0.9495285489785228,0.7085646935568362,0.37122055256322967,0.4342522217334722,0.8413043478260871,0.9618012422360248,0.7952592980618125,0.9245416448402304,0.7356533237935837,0.46917661252493686,0.38187519963203825,0.8519088016967127,0.9503181336161187,0.0,0.0,0.0,0.0,0.0,0.0,0.0,0.0,German Bazeev,2885.0
18.83832283037923,180.38551425661518,-58.12348183763984,-16.728054143388224,-10.43028564432028,4.0,-7.172925181395255,-28.95962763029912,-11.26696745248636,12.434378214249396,0.21900000000000003,0.5416000000000001,19.8,0.0706,0.003,-0.05523318809292593,-0.017843137254901963,1.951544264168314,0.7407747969051437,1.0,0.7377725753403656,0.6437894619005958,0.28290305362388357,0.6359411347821586,0.5690548703993207,0.9081481481481483,0.8418266810499819,0.830949761642831,0.7687568756875688,0.40485711080459963,0.40500664848000467,0.8343321192960719,0.722358863718087,0.0116504854368932,0.0,0.0,0.0,0.0,0.0,0.0,0.0,German Bazeev,2885.0
18.131678338468255,177.67947422325574,-54.616948295302144,-12.71889891620984,-11.505017553774756,4.0,-7.066630596294461,-30.30773864790671,-9.541988498896062,12.5233259177797,0.2576,0.6302000000000001,17.4,0.059199999999999996,0.0,0.2552021423954197,-0.29438950965001387,1.9929110553312235,0.7445905423480175,0.9081632653061223,0.8744186046511627,0.8373264104796252,0.5173478905304194,0.44653322216835994,0.7624849939975991,0.8308491895701199,0.8056266269721419,0.8238019732205778,0.9453488372093023,0.72108050408324,0.6236015336367104,0.6896604942188291,0.7704380060692353,0.0,0.0,0.0,0.0,0.0,0.0,0.0,0.0,German Bazeev,2885.0
19.031877849015316,164.97290630124593,-73.14729726957495,-15.807365536529954,-13.890687724582659,4.0,-10.17671000158871,-40.73983761970285,-10.415054621927938,13.882358234757158,0.1972,0.508,18.0,0.0368,0.0038,0.09955332717596868,-0.3219713942840627,2.7721159325849354,0.711759209344115,0.6629595687331535,0.8763239946636172,0.40985107136050536,0.2569112145715919,0.5681434288981458,0.7321753382885459,0.8956132756132755,0.9555555555555555,0.8640000000000001,0.7325801410329713,0.741685534591195,0.9733333333333334,0.7620197663971249,0.8836132756132755,0.0,0.0,0.0,0.0,0.0,0.0,0.0,0.0,German Bazeev,2885.0
22.04772567434845,184.22911051480816,-44.40307204891415,-15.827068352683947,-10.272271950699547,4.0,-0.3808091304500333,-24.254420899248192,-10.127667315584551,12.459165599752126,0.2056,0.5874,18.6,0.0516,0.0102,0.09549023992423444,-0.19284439416792354,2.07157255895799,0.6955137622507992,1.0,0.8439558347610889,0.5957890541553079,0.6067737975672358,0.574182190675623,0.5237649109414997,0.8654245646478657,0.9475728155339805,0.9977777777777778,0.9048543689320387,0.3488301156864933,0.5281654927343105,0.8776699029126214,0.871264367816092,0.0,0.0,0.0,0.0,0.0,0.0,0.0,0.0,German Bazeev,2885.0
19.505873803943835,200.8676609875893,-56.83843947178555,-12.80664010122644,-11.228684973557758,4.0,-2.2149749900402815,-35.19708882149676,-9.580811932965446,10.189761347501154,0.19380000000000003,0.534,15.8,0.046400000000000004,0.0094,0.17127226129926323,-0.06595932802829355,1.4327600910443636,0.8508670520231213,1.0,0.7687575822450581,0.7603231065658811,0.5849545534449418,0.5704374049805783,0.6157597845190264,0.9502890173410405,0.8567956128649771,0.9248554913294799,0.6632151438218562,0.9384615384615385,0.3432322554561206,0.6754691241853494,0.7892528366516806,0.00115606936416184,0.0,0.0,0.0,0.0,0.0,0.0,0.0,German Bazeev,2885.0
18.452053513862026,171.32639694820543,-46.89911339029711,-13.087591338921126,-10.881789889329989,4.0,-6.722564071566731,-25.166848672899203,-10.193179803352674,15.152860385772618,0.19119999999999998,0.572,23.8,0.08380000000000001,0.012199999999999999,0.19928218353750266,-0.40377578981302387,2.629544782935741,0.6608800102084676,0.880998817966903,0.8953125,0.5827430555555555,0.41845671116159117,0.6211395202020202,0.5307543254789359,0.6771566731141199,0.9472727272727273,0.8433838383838383,0.7643771288466057,0.610345827460653,0.6556968669250646,0.8415151515151515,0.9212910353535353,0.0015625,0.0,0.0,0.0,0.0,0.0,0.0,0.0,German Bazeev,2885.0
17.62384366583604,169.45201793939654,-57.12756799005338,-13.329900432573542,-9.6108939160592,4.0,-6.030203108200918,-33.88214537419589,-10.023882104831662,11.749456945807847,0.23399999999999999,0.38380000000000003,24.4,0.07039999999999999,0.0024000000000000002,0.13021348205520972,-0.17555589116262676,1.8269834917278849,0.639855960593433,0.9868263473053892,0.723015956391311,0.39496902308214665,0.5635545215039477,0.5655915665515661,0.4649376055823223,0.9074074074074074,0.8345974717232203,0.8407882091567351,0.7980181936322287,0.5699513826377746,0.5761372679477644,0.6663894891103014,0.8773505620338271,0.0,0.0,0.0,0.0,0.0,0.0,0.0,0.0,German Bazeev,2885.0
21.051213577710854,200.25804497982355,-51.73951933827031,-14.534279997074915,-9.899031513934938,3.961904761904762,-5.013967278940055,-25.553382793854663,-9.694393809457331,8.993631293086828,0.2218,0.5508,12.8,0.021799999999999996,0.0,-0.004905499823830113,-0.08791208791208789,2.411254262978401,0.9167389060887512,0.9270588235294117,0.8470588235294118,0.8025037707390649,0.7715646582519647,0.5925267920933556,0.8025180598555212,1.0,0.9897435897435898,1.0,0.8862443438914027,0.5390394538382154,0.6040215924426451,0.8729411764705883,1.0,0.0,0.0,0.0,0.0,0.0,0.0,0.0,0.0,German Bazeev,2885.0
16.824746401670755,141.75199412911837,-66.4004566374579,-16.76298351967796,-12.768146252732473,4.0,-1.0592837047428498,-42.80698378436556,-10.931870328320006,13.928810952380934,0.2118,0.4478,23.0,0.0922,0.003,0.0733809852006034,-0.11771725904341512,2.1895852954335204,0.45806989847465307,0.9449541284403669,0.7746205284141127,0.3416784139373773,0.5577799225488088,0.7504679989881102,0.33619257890976856,0.9156647952896069,0.8628706871284642,0.8720662741339176,0.7391000292561106,0.44205953225739536,0.424189745469537,0.872739607746392,0.6591727561162681,0.00169491525423728,0.0,0.0,0.0,0.0,0.0,0.0,0.0,Gerson Príncipe,2845.0
19.80219550863824,169.4891384597317,-53.11486818988169,-14.480181637872539,-12.351479573565598,4.0,-9.471715316561406,-26.205754475703326,-8.817981431703114,14.212244245524298,0.18059999999999998,0.5725999999999999,20.0,0.040600000000000004,0.004,0.25999543295579103,-0.37573529411764706,2.4421804373923477,0.6671702697182418,0.984375,0.7604952772315776,0.7524223602484472,0.8412076583210604,0.5146224867131972,0.4948145143744254,0.912535702951444,0.8584893684544589,0.8548397334179626,0.8985173357664233,0.5117773628564979,0.6118794276684261,0.9591240875912408,0.9036496350364963,0.0,0.0,0.0,0.0,0.0,0.0,0.0,0.0,Gerson Príncipe,2845.0
20.528623028623027,163.2396226296226,-54.57869479463527,-16.701703101703103,-10.993521019461495,4.0,-3.4941472941472944,-29.174461874461876,-10.294448434448434,12.079586929586931,0.2082,0.5466,18.6,0.10419999999999999,0.0346,0.16865137865137864,-0.12829374829374826,2.4965106365106364,0.6586832986832987,0.8663201663201663,0.75754814447475,0.5396398939518205,0.37862320683421596,0.8133635223084763,0.7234819682067389,0.8745118795577511,0.8510035794439463,1.0,0.9035343035343036,0.44577385077385073,0.5815439292503513,0.6210223455636299,0.7686909916267715,0.0,0.0,0.0,0.0,0.0,0.0,0.0,0.0,Gerson Príncipe,2845.0
20.301547185234483,170.25465265842584,-53.730541438742094,-17.11910432919355,-12.607651954962467,4.0,-1.3072434661730938,-29.139786641849998,-10.753310381028736,13.19655533446576,0.20339999999999997,0.5878,18.4,0.037,0.0021999999999999997,0.0587405472423342,-0.8001064636988839,1.2524754006524508,0.6758330544328022,0.8774193548387096,0.6779511271576322,0.5768138574947008,0.43921603354026717,0.5702255919127428,0.7580862659317305,0.9106145251396647,0.7994014365522746,0.8793296089385475,0.7523084382428408,0.30400848390263063,0.4675881333076478,0.7003730070448647,0.9391175380051908,0.0,0.0,0.0,0.0,0.0,0.0,0.0,0.0,Gerson Príncipe,2845.0
19.797422296379203,172.47773232208084,-70.93089159422186,-17.555887765019094,-14.115298821994344,4.0,-2.228191197197695,-43.34431869999585,-9.512705543810194,11.825510433795317,0.2028,0.42919999999999997,17.2,0.0516,0.0,0.025311482356625996,-0.41246038819568237,2.789536006439221,0.709088693957115,0.8466838931955211,0.7011100101675376,0.45104037959451826,0.6604946884305523,0.42956367450695077,0.6385295743504699,0.7653377630121816,0.7740863787375415,0.8810620300751879,0.8388212537156846,0.6918320510578773,0.5333571180399995,0.9444444444444444,0.9130458817025981,0.0,0.0,0.0,0.0,0.0,0.0,0.0,0.0,Gerson Príncipe,2845.0
16.794133726969548,176.00804220654967,-50.064678090323845,-15.051336722978515,-10.090226174080879,3.989010989010989,-2.792520911923897,-27.288967251653823,-10.261833688699362,11.43119567000164,0.217,0.5544,22.6,0.077,0.0,0.30069433054507677,-0.057984801268383325,1.7918703187359903,0.6537165739063926,0.9256410256410256,0.6807931343270284,0.6931093534745415,0.507446549417193,0.5239752913178279,0.34615146055783497,0.8922532481707923,0.8814207650273225,0.8008977361436378,0.6675015357869294,0.629792830882262,0.2788160007122137,0.5805131780666362,0.793470442846203,0.0,0.0,0.0,0.0,0.0,0.0,0.0,0.0,Gerson Príncipe,2845.0
18.761858758026605,168.39636716309832,-56.875390420102306,-18.691890198491382,-11.492408640939676,4.0,-0.10850993582468398,-31.844014774767338,-10.724065143292357,11.985498273213137,0.17640000000000003,0.4236,24.2,0.0622,0.0,0.30857870715158014,-0.030434782608695636,2.405783150837318,0.6812320039408781,0.8636196246139225,0.6377309035633066,0.6900649867930065,0.4533623459089095,0.618283359767782,0.2262854728872575,0.9314088857210739,0.8921690305396257,0.8318663088899138,0.8320481321537881,0.49391874528882607,0.27323914742882416,0.6857696117217019,0.8630434782608696,0.00218579234972676,0.0,0.0,0.0,0.0,0.0,0.0,0.0,Gerson Príncipe,2845.0
21.56369284240252,181.85666698611672,-44.13296187137105,-15.215676052108691,-10.700351645136532,4.0,-0.2807965806068268,-22.85980743551901,-9.976950529967608,10.90062037196762,0.15900000000000003,0.4276,15.6,0.015,0.0,0.14224560596477104,-0.12707850165155668,1.907873932238259,0.800494023951078,1.0,0.712296800045246,0.766624081763015,0.70341948962579,0.6584006655982846,0.4890517341894838,0.8838709677419356,0.8507537046958813,1.0,0.829032258064516,0.6039092731465712,0.6649696505161189,0.8588043799940811,0.8188118811881189,0.03564356435643564,0.0,0.0,0.0,0.0,0.0,0.0,0.0,Gerson Príncipe,2845.0
23.219044261061065,191.32789339512027,-53.769347604739686,-15.568439963397946,-10.752624132133866,4.0,-1.483010686792199,-33.10875818859013,-10.08888800275355,13.23237336892799,0.18939999999999999,0.4726000000000001,17.2,0.053200000000000004,0.0052,0.17622447580430772,-0.04607633263095444,2.528000151109395,0.7454188137260328,0.9393939393939394,0.7965575019040365,0.6851055740376129,0.5791555346722126,0.9254763788552121,0.341173954587393,0.8846523487300185,0.7854785478547855,1.0,0.9476923076923077,0.46783309398901063,0.44916755305104816,1.0,0.8391082185141592,0.0,0.0,0.0,0.0,0.0,0.0,0.0,0.0,Gerson Príncipe,2845.0
21.507870803096843,180.71022922586755,-49.91144105528066,-16.980647080466248,-9.963851660949851,3.963265306122449,1.7274275694167194,-29.132988422066184,-10.442296892980435,10.917650125642892,0.1944,0.5654,13.8,0.045200000000000004,0.0,0.0800647550159304,-0.07820614828209764,2.101786430567624,0.7669808917197452,0.9320835310868534,0.6546632003119719,0.6173270132819829,0.7902288188002473,0.6073350710909591,0.5987811981770126,0.9106496815286624,1.0,0.8971974522292993,0.7582572110300065,0.31110446213470105,0.5013214825042067,0.8509554140127389,0.9515151515151515,0.0,0.0,0.0,0.0,0.0,0.0,0.0,0.0,Gerson Príncipe,2845.0
23.233971291866027,211.07642743221686,-62.27163218652693,-17.323125996810205,-11.395077162603478,4.0,0.6736842105263159,-37.93030303030302,-10.467942583732057,10.171132376395533,0.2202,0.4276,14.6,0.0492,0.0,0.007496012759170667,-0.1994896331738437,1.7356299840510367,0.8859946476360392,0.9868421052631579,0.7441460234680574,0.5597981576013613,0.7436559117620282,0.7396018518192043,0.5894752717837696,0.924981577008106,0.865766590389016,1.0,0.7629852832141162,0.3914226581961136,0.47890379333268057,0.7872660280029476,0.893053613053613,0.0,0.0,0.0,0.0,0.0,0.0,0.0,0.0,Gerson Príncipe,2845.0
22.01237373737374,199.11452020202017,-76.8905860117616,-15.376262626262626,-17.968868840044436,4.0,-1.8570075757575761,-45.441603535353536,-9.516098484848486,9.269255050505048,0.1874,0.4894,16.6,0.033,0.0,-0.1326388888888889,-0.3998737373737373,1.3285353535353537,0.8320634589291306,0.8819694591123163,0.9015513222409774,0.6343713429427715,0.5719253488711618,0.7750731145187435,0.6619117098375977,0.868619142051978,0.7779563719862227,0.8469930069930071,0.8408391608391608,0.5920526107718226,0.33420266472247934,0.8680170404308335,0.7577830644222822,0.0,0.0,0.0,0.0,0.0,0.0,0.0,0.0,Gerson Príncipe,2845.0
20.338007298884012,188.62876044397765,-55.93263368665432,-17.156945953501726,-10.60307018409668,4.0,-0.2598230436195211,-32.62537472893637,-10.444499013970638,11.157079237470628,0.17099999999999999,0.43620000000000003,15.2,0.026000000000000002,0.0,-0.06275952217243799,-0.18407997038134025,1.7759709858026884,0.7636413449564134,0.8342465753424658,0.7736997370969974,0.36002158572021586,0.6885152898851529,0.8945205479452054,0.35282081084820804,0.9123287671232877,0.9636363636363636,0.9343157603431574,0.6739310917393109,0.5702875328628754,0.3128783727687837,0.7442700982427011,0.665057700290577,0.02876712328767122,0.0,0.0,0.0,0.0,0.0,0.0,0.0,Gerson Príncipe,2845.0
17.3204022556391,175.06273245614034,-55.356061412388684,-16.690563909774436,-11.867149131686926,4.0,-0.27051691729323313,-31.915507518796993,-9.8505507518797,11.238226817042605,0.19660000000000002,0.5342,18.4,0.043,0.0182,0.11221553884711777,-0.22419799498746862,2.0365068922305767,0.6652534869748299,1.0,0.8617449664429531,0.7268896727795615,0.4538539907123715,0.5207007491486499,0.6036111571779074,0.9815384615384616,0.8586060918946824,0.9692307692307693,0.7231589411353238,0.355334580086651,0.5360397538904856,0.6914390146119749,0.9027107121066852,0.02416107382550334,0.00268456375838926,0.0,0.0,0.0,0.0,0.0,0.0,Gerson Príncipe,2845.0
17.87390808395669,170.6148932494138,-64.64522306464211,-15.997447381097405,-10.23831010661116,3.9972602739726026,-3.7501586429558147,-38.40955838737544,-10.060950424573933,9.81394160399905,0.21540000000000004,0.3998,17.4,0.035,0.0028,0.05407703770938414,-0.11866917735234125,1.7256198222084216,0.7161624733053304,0.7866845098695215,0.6613419683677295,0.6614852982534482,0.47949673172155605,0.5531771960343388,0.6837807697292475,0.864168618266979,0.91661587984773,0.7477760334903192,0.7167974882260596,0.42833630913256204,0.5727936367280629,0.8495948067376637,0.8585034013605443,0.0,0.0,0.0,0.0,0.0,0.0,0.0,0.0,Gerson Príncipe,2845.0
19.82923390507253,181.7810965106784,-58.47772931450693,-16.184724959898883,-11.396802888340238,3.991189431041378,-2.505433023251291,-33.781323041067694,-10.242584194960497,11.641949361970282,0.2000234604105571,0.496325513196481,18.02199413489736,0.0489736070381231,0.0054706744868035,0.0912769117643492,-0.1875410894268199,1.9974130575365985,0.7428919044977981,0.9044404278619662,0.7928157927024875,0.5984525667022479,0.5929714711110902,0.5794510737648103,0.5947691963524026,0.8988151674424728,0.8890043183224209,0.8476827274480463,0.7795522447428022,0.4954502453110768,0.5091629785008673,0.7875036174564561,0.8454410397005854,0.0683092623042682,0.0384932296948092,,,,,,,Gerson Príncipe,2845.0
21.84863657889961,195.1134214987231,-60.782353827203416,-17.651304998251742,-12.34539801169569,4.0,0.31223228393504454,-33.62378407446257,-9.663399014778324,8.189299988049873,0.17639999999999997,0.4922000000000001,14.0,0.007400000000000001,0.0,-0.01291260030362178,-0.06505764830330307,3.0901963361792344,0.8561006289308176,0.9258295380611582,0.8259530227185212,0.5668591965087921,0.8428956488255679,0.7842266718007959,0.6961224489795919,0.9811320754716981,0.9552873563218391,0.8566037735849056,1.0,0.6967171193586288,0.7881556866778541,0.6440509163977888,0.8110897189064306,0.0,0.0,0.0,0.0,0.0,0.0,0.0,0.0,Gerson Príncipe,2845.0
20.040206573585504,172.83229087500632,-82.80767045854887,-15.745590225754384,-15.013454012280443,4.0,-9.141334440753045,-49.45946699093074,-10.227450980392158,12.779626191561896,0.1528,0.43220000000000003,19.0,0.055799999999999995,0.0058000000000000005,-0.13995306132789026,-0.03409224154778188,1.790358391418583,0.6710624289046986,0.9191176470588236,0.7314916035243989,0.5322737000404881,0.6699013823818614,0.4917387450280929,0.578159234195153,0.8321294850290165,0.7124833709294927,0.8047501301405517,0.66505803304606,0.6502395550157134,0.32599149838069724,0.7889433551198257,0.8073529411764706,0.0,0.0,0.0,0.0,0.0,0.0,0.0,0.0,Gerson Príncipe,2845.0
19.47337949632067,160.96306804728056,-45.62651002207785,-16.92640284025483,-9.388183846882615,4.0,-4.587847162325341,-21.399493843706363,-9.924734854013792,12.600152525105086,0.21600000000000003,0.5568000000000001,20.4,0.0758,0.0032,0.3467899104901003,-0.1319077506933294,1.7756635100088611,0.4724947059939103,0.8467970847717684,0.700388044040692,0.6528505099536156,0.646120858707973,0.6373194996102305,0.42077296826734345,0.9299270072992701,0.7784373346324747,0.8486683062599727,0.707819396494413,0.3291248107278193,0.4817835762855777,0.7634191220240064,0.9036496350364963,0.0173976078289235,0.0,0.0,0.0,0.0,0.0,0.0,0.0,Gerson Príncipe,2845.0
20.04816151145521,177.12628739896493,-56.076042852889714,-16.12218307778426,-12.162851599898811,4.0,-4.411949618637193,-31.772050978736296,-10.071968506813388,14.464960928980242,0.18000000000000002,0.4838000000000001,19.2,0.0186,0.004399999999999999,0.1372460867201509,-0.0322349898271019,2.704625067553702,0.7719750246467302,0.9529411764705882,0.6911020092993506,0.2350862766703632,0.5808346942607241,0.7849104859335039,0.6217888967478202,0.9308439897698211,0.8311497521039021,0.7504859335038363,0.8025322105829964,0.655901205527786,0.5821613062068917,0.7836048221111438,0.7533548956189355,0.0,0.0,0.0,0.0,0.0,0.0,0.0,0.0,Gerson Príncipe,2845.0
16.64215224671365,145.7664252511621,-66.31637607050118,-17.61317538861399,-10.746681463613587,4.0,-0.8401709401709402,-42.11634677862748,-11.422890988154148,12.422889488678962,0.1936,0.43100000000000005,19.6,0.0396,0.005,0.3398885390113461,-0.23521367521367514,1.641198580496826,0.5124731348306084,0.7332617190184608,0.7754475703324808,0.2321204331188468,0.27717148057463376,0.6226351624713502,0.67985055013188,1.0,0.9490683229813663,0.6662136542598842,0.5218847923059778,0.5205826479160028,0.46236364374471783,0.5915129485461966,0.8217504474942399,0.02236024844720496,0.0,0.0,0.0,0.0,0.0,0.0,0.0,Gerson Príncipe,2845.0
19.364946046860943,165.81302137578732,-66.35680823486511,-16.679171891937848,-12.347874615293199,4.0,-9.194167534593067,-34.1514053322564,-10.777075052606968,12.792886191822362,0.21760000000000002,0.47000000000000003,19.6,0.0206,0.0,0.12972275950999354,-0.38079721696742974,2.3655344655344654,0.624135222575743,0.8431372549019608,0.7023036732423465,0.888917748917749,0.47554562054599747,0.6245285535621348,0.6008367363009461,0.8216280451574569,0.7382251082251081,0.5957015533486121,0.42080479800536497,0.5573675595163298,0.8397365754812564,0.8596078431372549,0.7633935276238155,0.0,0.0,0.0,0.0,0.0,0.0,0.0,0.0,Hikaru Nakamura,3319.0
18.65522079049287,165.9335417000002,-47.0255193399565,-14.893143031234022,-11.085962264199605,4.0,-2.3986185114641847,-24.968095226614405,-9.606260434119488,11.926560127675204,0.26799999999999996,0.6476000000000001,16.2,0.059800000000000006,0.014799999999999999,0.2417598738026927,-0.4483244320354043,1.7317575598931534,0.6624903286855361,0.8941596769182976,0.7551969051793715,0.7337311337311337,0.813121771684016,0.43300442145561957,0.7679749823525392,0.9896103896103895,0.7278462329894241,0.6217019352612573,0.7705830619799059,0.8413013832067018,0.7484628872004675,0.646111612914652,0.8904734073641146,0.00169491525423728,0.0,0.0,0.0,0.0,0.0,0.0,0.0,Hikaru Nakamura,3319.0
19.228822520732116,164.0497656834402,-59.99630591568613,-16.282223285550263,-11.130073078523148,4.0,-4.8791668472842336,-35.8327853674206,-10.402694591809857,14.530637254901961,0.196,0.4638,19.0,0.0484,0.0058000000000000005,0.3241596698199715,-0.5979134502845975,2.0863244991891663,0.575832919854159,0.7832187839363863,0.6045541063456618,0.5840036161420353,0.5133055110745008,0.43582939821355166,0.6068690763459504,0.947008547008547,1.0,0.9222305202887728,0.7271080494961091,0.4558803529731499,0.5396061946604318,0.8914979757085021,0.9376811594202898,0.0028985507246376803,0.0,0.0,0.0,0.0,0.0,0.0,0.0,Hikaru Nakamura,3319.0
20.005960061443933,192.75344086021505,-47.46970173742821,-12.056835637480798,-10.9428507389643,4.0,-4.691013824884793,-27.835407066052227,-9.117096774193548,13.173502304147465,0.1748,0.4788,18.0,0.0748,0.0064,0.1395084485407066,-0.8056221198156683,1.6236251920122888,0.7427927927927928,1.0,0.8068526591107237,0.5059922753548871,0.7758344975367906,0.49360783070460484,0.7381050619216184,0.9099999999999999,1.0,1.0,0.6863018245606664,0.4200646701890386,0.646559384880411,0.777698343504795,0.8627027027027026,0.0,0.0,0.0,0.0,0.0,0.0,0.0,0.0,Hikaru Nakamura,3319.0
18.905765405051497,190.2714827125985,-59.627113391985986,-16.369254110951626,-11.840167646474663,4.0,-5.8292277328699855,-30.770757787514793,-10.967477902848078,12.149771788673164,0.1998,0.40379999999999994,23.4,0.08360000000000001,0.021,-0.024462050817153944,-0.05514832162373144,1.6483743169398906,0.717943858492639,0.8185975609756099,0.9114862163242812,0.6309924678777137,0.537602391475842,0.34779109146362236,0.6653007265562243,0.7625635781723348,0.8383437615944613,0.7042600527356624,0.5961899024174114,0.5051421496543448,0.519267698326075,0.6574241924851681,1.0,0.0,0.0,0.0,0.0,0.0,0.0,0.0,0.0,Hikaru Nakamura,3319.0
18.084949023845045,174.88381973991733,-53.66915525420759,-15.010333107894084,-11.934874745601018,4.0,-2.0533455199693966,-30.074974395898654,-10.496209376440444,11.900581891596014,0.2262,0.3414,20.2,0.062,0.019,0.07072171950220729,-0.035866828934864856,1.938625042861243,0.6877474289946095,0.95,0.743490709248477,0.6660155774613605,0.6790839986826528,0.5100418794216335,0.5603097130681151,0.8710526315789474,0.956060606060606,0.8670151405912041,0.5680073903795032,0.3649943258355277,0.5747973013043388,0.6361697565254403,0.9815789473684211,0.00543994158451988,0.0,0.0,0.0,0.0,0.0,0.0,0.0,Hikaru Nakamura,3319.0
17.85615692153923,160.2565006782323,-57.918416905108344,-12.706054115799244,-11.61199440207415,4.0,-5.479463839508818,-34.69745484400657,-10.74751981152281,13.324070107803243,0.23020000000000002,0.5196,18.6,0.12240000000000002,0.013000000000000001,0.1822063968015992,-0.3049082601556365,1.5679813664596274,0.6881184407796102,0.9241379310344827,0.5293043251101721,0.6899882201756264,0.4267824691550328,0.32009182097263056,0.8780194805194805,0.7853369743699579,0.6511247947454845,0.926224387806097,0.9249651959734418,0.46073622279769194,0.5409141857642608,0.4380994729907773,0.5815149892586174,0.0,0.0,0.0,0.0,0.0,0.0,0.0,0.0,Hikaru Nakamura,3319.0
17.081100803957945,141.1194247264123,-62.175928245088734,-14.508859670350352,-11.77931656484352,4.0,-6.460163749294185,-37.458548439138504,-10.011673792046462,14.042633970584282,0.20600000000000002,0.2544,24.6,0.099,0.0142,0.35664058508779006,-0.37242424242424244,2.2273222016079157,0.5086413111382512,0.7070964749536177,0.7290526691025755,0.6826029179014483,0.4456407112369824,0.6263080168776372,0.6158747937444132,0.8298167022850567,0.6977589770085248,0.7826700875977549,0.46142413429912343,0.47201169074219596,0.616806879957223,0.6366541225461999,0.862882096069869,0.0,0.0,0.0,0.0,0.0,0.0,0.0,0.0,Hikaru Nakamura,3319.0
20.848564538575893,217.39588016458987,-58.14056693493702,-13.847461782007873,-12.252497718356008,4.0,-6.524987306484526,-28.98933529099143,-9.742374285686564,9.216089448589376,0.19380000000000003,0.5014,16.8,0.0252,0.0,0.30004889833221754,-0.2922776209279687,1.8786100196304811,0.9324899156582325,0.6995329447265413,0.8445231891610213,0.8627906976744185,0.7278071103170729,0.5772939782896683,0.6752070482446041,1.0,0.8729546638874414,0.8753489193700815,0.8546396500115128,0.42527393328092844,0.605417248458175,0.8821052631578947,0.8712871287128714,0.0,0.0,0.0,0.0,0.0,0.0,0.0,0.0,Hikaru Nakamura,3319.0
17.785881612477358,141.89717671723753,-63.47917460635224,-15.259077093119647,-10.749769482600604,3.982222222222222,-9.56229160910012,-35.58153659916578,-10.715425860866592,14.406703816278286,0.21080000000000002,0.31120000000000003,20.2,0.051000000000000004,0.0,0.1720034035535555,-0.06511033039908418,2.480805887796769,0.43656356158545595,0.8822222222222222,0.7724112256586484,0.5770567375886524,0.6419412654875627,0.43505078505198236,0.6805731580440746,0.9936170212765958,0.7394444444444443,0.8923404255319148,0.5726044852191642,0.5275994934686885,0.44754221075628875,0.7427319587628866,0.9416666666666668,0.0,0.0,0.0,0.0,0.0,0.0,0.0,0.0,Hikaru Nakamura,3319.0
21.766047979797982,210.53258021390374,-71.1819214054449,-15.953842345018817,-11.007748797007581,3.99375,-12.760580065359477,-36.03774757377699,-10.849770499108734,11.434017874826699,0.2234,0.41559999999999997,19.0,0.1116,0.020200000000000003,0.07395449593979006,-0.06137849079025548,2.1487049415725883,0.9277777777777778,0.8752567693744165,0.7553454715219421,0.8387640449438202,0.7825019861536715,0.5173394553599444,0.5707702556678103,0.7279931947810335,0.7364662821206112,0.907843137254902,0.5323609843438,0.6447089947089947,0.6491285403050109,0.7111328642227519,0.84045038398971,0.0,0.0,0.0,0.0,0.0,0.0,0.0,0.0,Hikaru Nakamura,3319.0
19.74987625089866,184.34609103295705,-60.22311479677307,-14.697143964905129,-11.818329324209904,3.9949814379325135,-6.702591963348484,-33.37609603904985,-10.23932103816794,12.615386094975724,0.2052368692070031,0.4272139546858908,19.72399588053553,0.0564969104016477,0.0073341915550978,0.1017571550233608,-0.2483630851354009,2.0755624244916304,0.7395253004894473,0.8795916287378507,0.8207469023120965,0.6341799655905865,0.5931810678888395,0.5855181506310709,0.6342004115203518,0.8862994431294946,0.8595001012022002,0.8271903126712695,0.6874876586730966,0.5561181631499392,0.6156228543446942,0.7758577956038927,0.8478635234626299,0.0453176583173033,0.0463828320989255,,,,,,,Hikaru Nakamura,3319.0
20.23492090556029,194.96212749834234,-61.82132945137259,-11.353225348110257,-11.93880979616753,4.0,-5.394117647058823,-39.011385810362796,-8.954651889741404,10.830861040068202,0.2138,0.5308,17.6,0.04820000000000001,0.0,0.1453386378706072,-0.45479965899403246,2.0211006914843233,0.8255072463768116,1.0,0.8367149758454107,0.5892276908850305,0.6744726646577701,0.5849720189410246,1.0,0.8947826086956521,0.7525685177213374,1.0,0.8477615152819629,0.4915210216673841,0.6956521739130435,0.7885221855518886,0.8800043047783038,0.0,0.0,0.0,0.0,0.0,0.0,0.0,0.0,Hikaru Nakamura,3319.0
21.113353207182918,213.17087007765926,-57.52560358869697,-8.959998740943977,-11.60788145711513,4.0,-9.53961239435733,-33.50702798077142,-9.021831637979425,11.110748622470302,0.2326,0.4596,14.6,0.0762,0.0064,0.14809471598668894,-0.05955710955710954,1.8770020739450597,1.0,0.8333333333333333,0.7591607473383949,0.7047750582470637,0.9565982404692083,0.5845982557988487,0.7930366236847016,0.929620253164557,0.5666846439381276,0.9552941176470588,0.5777666843863645,0.6332610228842269,0.7964809384164223,0.7728689129610788,0.9189873417721518,0.0,0.0,0.0,0.0,0.0,0.0,0.0,0.0,Hikaru Nakamura,3319.0
20.327731968104388,181.76821674519755,-52.2138851239481,-16.163899963754982,-10.545993677771943,4.0,-2.5806270387821675,-30.49053552011598,-10.44434124682856,14.011512323305547,0.20180000000000003,0.542,20.6,0.06600000000000002,0.016,0.10233417905038059,-0.8810855382384922,2.0226205146792315,0.7484033937652368,1.0,0.7017040862935244,0.254563427838973,0.8202538339502908,0.746387031779467,0.6639822915568673,0.8133161281255278,0.8618345057003329,0.8300165138259373,0.7901639344262295,0.8301886792452831,0.5984388184924898,0.8256983240223462,0.7564737711253996,0.0012578616352201199,0.0,0.0,0.0,0.0,0.0,0.0,0.0,Hikaru Nakamura,3319.0
20.476390562094245,195.86897650182595,-79.40713090849542,-16.124368309319326,-15.164557761848641,4.0,-9.231808284575752,-42.42517283509149,-11.575028792147819,11.11380507448761,0.2218,0.6002,20.2,0.07780000000000001,0.015,0.1937244112612029,-0.2029760106537112,1.697613108339447,0.7839230224063676,0.8957446808510638,0.8972722313147845,0.6831299342265371,0.3851768902447051,0.6688590912826904,0.5950047492770467,0.7600207280630593,0.6306996349700332,0.7823822973567116,0.7432301710038122,0.5067765419890226,0.6419002797880008,0.7255404725992961,1.0,0.00196078431372548,0.0,0.0,0.0,0.0,0.0,0.0,0.0,Hikaru Nakamura,3319.0
17.477367699599437,163.21180524841515,-69.3220426516738,-15.219472335406726,-10.724243397593664,4.0,-10.297908805179407,-40.3854606792325,-10.667269707435047,13.972312273173547,0.21439999999999998,0.27159999999999995,23.6,0.0642,0.004200000000000001,0.1782735154532137,-0.4133798200131116,2.375163346413594,0.6825867443751694,0.6982278395229059,0.7187714304737175,0.49438771264023434,0.5803534571723425,0.44135379958434984,0.6880030959752321,0.8588867805186592,0.8240196078431372,0.5775221378874129,0.6024293418555877,0.7028361344537816,0.6744747899159664,0.9553571428571429,0.9166858678955453,0.0,0.0,0.0,0.0,0.0,0.0,0.0,0.0,Hikaru Nakamura,3319.0
20.95529615764077,186.21316009718055,-46.75224352889351,-14.882113148674913,-10.981662760767497,4.0,-7.827206424137974,-20.07061152851869,-10.180989010989013,13.190339344194575,0.22479999999999997,0.4842000000000001,19.4,0.0566,0.011600000000000001,0.010319227935278282,-0.2712771326933404,1.682404796008258,0.7861213003919876,0.9542857142857143,0.7908426002512025,0.6668335054379935,0.7439826302729529,0.6794364661709216,0.6900197325746646,0.892741935483871,0.8272332506203475,0.9358422939068101,0.7264688909172313,0.6401083431658467,0.5500473834859061,0.7886355220974203,0.9763770180436847,0.0,0.0,0.0,0.0,0.0,0.0,0.0,0.0,Hikaru Nakamura,3319.0
20.40812456298072,179.48023981953185,-61.390850025270765,-16.32756051676489,-10.962432326406184,4.0,-12.634573843771852,-31.489544417807075,-10.700956447907302,16.72421752738654,0.1956,0.4908,19.8,0.0456,0.0154,0.0764011670495788,-0.2758337495421702,2.217371724436453,0.6855277312933301,0.9291666666666668,0.7699316180572157,0.3250699756952745,0.5450640987329668,0.55533234719898,0.823404255319149,0.8326689377639653,0.7294326241134752,0.7870318352059925,0.486749691210455,0.6330252908598295,0.9175531914893618,0.7688829787234043,0.8858156028368794,0.01702127659574468,0.0,0.0,0.0,0.0,0.0,0.0,0.0,Hikaru Nakamura,3319.0
19.385039904216313,176.4342997626889,-60.40450407433021,-11.315465470048943,-11.887367929668809,4.0,-11.682889519758778,-32.642702655645664,-9.301737605611349,12.42565910640333,0.2524,0.5105999999999999,17.8,0.046599999999999996,0.0073999999999999995,0.2666446201383165,-0.19653993869934527,1.4481577581733263,0.722946532674371,0.9170212765957446,0.6654512431701541,0.6090372051918858,0.5978723864377701,0.5438052350469436,0.8823737851714671,0.9065905552672548,0.743310023789094,0.6835305481767688,0.908452064718667,0.47218498341015974,0.5634308094362455,0.5645068496501804,0.6988343182891975,0.00597014925373134,0.0,0.0,0.0,0.0,0.0,0.0,0.0,Hikaru Nakamura,3319.0
18.06311402609824,146.86959281273485,-65.4476935526824,-17.60886793741887,-11.753573172823135,4.0,-7.647048575527772,-36.54166837466694,-10.399626972740316,14.503091480494637,0.21260000000000004,0.2964,18.8,0.04,0.0,0.32166974106715857,-0.16280112044817924,2.3320004099200657,0.5269857820494238,1.0,0.5389813249373167,0.9048780487804878,0.4157340810634384,0.481651067761981,0.8086701085988961,0.9148121773188536,0.9300970873786408,0.633893325533881,0.4683569415743157,0.5558996527531712,0.6696784845324991,0.6680230931610671,0.8277372262773722,0.0,0.0,0.0,0.0,0.0,0.0,0.0,0.0,Hikaru Nakamura,3319.0
20.94350150341654,179.76777401780788,-53.68259295374422,-16.48328756227093,-10.870640569363298,4.0,-4.4907977879034116,-26.722418563508636,-10.627425403453916,11.511976932755966,0.2394,0.5794,16.0,0.11280000000000001,0.0248,0.12309199812115787,-0.5244044447644419,2.0679601191761896,0.6606039102314515,0.893069306930693,0.6512522495698863,0.4686927804588755,0.6370601069951751,0.5733890332481586,0.5069660946506959,0.7939015962535738,0.8155018842069202,0.8400455872925422,0.8277227722772278,0.447143415390607,0.6276880319610909,0.7282275870223025,1.0,0.02772277227722772,0.0,0.0,0.0,0.0,0.0,0.0,0.0,Igor Janik,2949.0
19.611847532196453,177.8666718247679,-63.49071017146605,-15.89912463594078,-12.55279560168968,3.998906964034082,-5.161730784826357,-36.161847679034274,-10.36547232696558,12.65135389295654,0.1982745762711864,0.4818610169491525,19.90508474576271,0.0599796610169491,0.0073322033898305,0.1276777633641744,-0.2661648536494063,1.9881650982615893,0.6950369864382208,0.862402158348463,0.7877800602062499,0.5875521707690691,0.5470038769750952,0.5741658931092131,0.6000193599361632,0.8824386548532605,0.8463175440576383,0.85113851349162,0.6728753176735948,0.546790373212174,0.6215461014608848,0.7840915788388899,0.8333501694605979,0.054279432589189,0.0557670001449905,,,,,,,Igor Janik,2949.0
23.013214170958538,189.75715938197146,-65.84910749350493,-15.728550313512718,-12.81666374677547,4.0,-11.022713376848715,-35.06226555399488,-10.978045388195763,15.759130885822618,0.18880000000000002,0.2802,23.4,0.03319999999999999,0.0026,0.29672532980803656,-0.35505173189383715,1.6405526637105585,0.7205094243504839,0.7514416709118696,0.8933954933954935,0.46327644761419595,0.6082907783901162,0.5163201809228299,0.6086095802652094,0.6167739287937963,0.8417727967396843,0.8811614875191035,0.5801887700232071,0.47218710281624193,0.6081956601161899,0.8581818181818182,0.6455750834889907,0.004615384615384599,0.0,0.0,0.0,0.0,0.0,0.0,0.0,Igor Janik,2949.0
19.43754000385579,209.81889323039263,-63.73400280940132,-17.407334077591116,-12.687845331628166,4.0,-2.7801744970655626,-34.935270084872286,-10.88679462520344,10.963415806959258,0.2392,0.5860000000000001,18.2,0.0438,0.0,0.37815406136091567,-0.25214278989064787,2.591764115117848,0.9144806696014982,0.7558344776219258,0.7408388784710138,0.7012714929084989,0.5087811492405752,0.4974021078950421,0.4927113811307999,0.8700151652304763,0.9297297297297298,0.912690530238099,0.8222008314528735,0.7529244069844909,0.5420516503636567,0.884297520661157,0.8489017943563398,0.02148760330578512,0.0,0.0,0.0,0.0,0.0,0.0,0.0,Igor Janik,2949.0
20.393253784266737,193.3711005343975,-70.75586384293788,-14.463976688972844,-11.500710910929325,4.0,-3.06315509830844,-47.914849128027015,-9.781353695060668,11.968181678360398,0.21820000000000003,0.4816,15.2,0.053000000000000005,0.027200000000000002,-0.023878180121681903,-0.15152726937155864,2.307175355635782,0.8450239234449761,1.0,0.8117412996360365,0.6400813806076964,0.3808302909028861,0.6218959806074144,0.4684989360306965,0.9767206477732794,1.0,0.9800000000000001,0.5840865869359517,0.4988831636200056,0.553281354660665,0.8825019425019425,0.8649572649572651,0.0,0.0,0.0,0.0,0.0,0.0,0.0,0.0,Igor Janik,2949.0
16.603741743036757,135.07896002356708,-60.450075831216296,-17.14433317176742,-11.701750719437642,4.0,-4.018110682994843,-33.87038080863441,-11.467041837555252,13.751541389173287,0.1904,0.4518000000000001,25.2,0.085,0.0086,0.12721783336699516,-0.05041639646487498,1.9571531750464022,0.3979047800917331,1.0,0.49462959804423223,0.5024361300192786,0.38667218338125087,0.39668904635645214,0.5852317441767786,0.9707317073170731,0.7829130810062075,0.929086877645636,0.5510305511192429,0.43578492538697927,0.37539218862593815,0.6230892241535256,0.7243527204502815,0.04132231404958678,0.0,0.0,0.0,0.0,0.0,0.0,0.0,Igor Janik,2949.0
17.324905201374676,158.3133736885623,-68.67500421585044,-16.95841094543647,-11.218247191227244,4.0,-4.493153279383344,-42.72783291071896,-10.597416542088897,13.320056653004482,0.1988,0.4486,21.8,0.078,0.008400000000000001,0.036079977395187646,-0.7125796761407064,1.5726982472076496,0.6037606292229292,0.6486288121671391,0.6620212524957456,0.4212890772749362,0.5101855537452267,0.5706120493696154,0.6358840200566819,0.8304913515995714,0.5810942487063089,0.7096846059889323,0.5049387491940683,0.45133410923530215,0.8034632034632034,0.6621475545730865,0.845021645021645,0.0,0.0,0.0,0.0,0.0,0.0,0.0,0.0,Igor Janik,2949.0
20.681918121094593,178.6119013143719,-62.79523657604678,-13.481870286576168,-14.019264587251262,4.0,-7.780219780219781,-35.012885154061635,-9.455857789269553,12.95486102133161,0.21599999999999997,0.45100000000000007,24.8,0.0432,0.0028,-0.04189097177332468,-0.27709286791639737,1.912008618832148,0.7152941176470587,1.0,0.7352100840336135,0.5189019607843137,0.659047619047619,0.7669355742296918,0.47636974789915965,0.8619047619047621,0.8333333333333333,0.8624817927170868,0.752,0.43585434173669463,0.46498599439775906,0.7281904761904763,0.8814285714285715,0.0,0.0,0.0,0.0,0.0,0.0,0.0,0.0,Igor Janik,2949.0
19.262117815707427,170.00341317632365,-54.58135997385656,-17.011878163688127,-10.635724452262341,3.986666666666667,-4.531063091497206,-27.24429340260955,-11.319329817227075,12.174262286761074,0.21459999999999999,0.36719999999999997,19.2,0.056600000000000004,0.0021999999999999997,0.42321571450324613,-0.5157790113373661,2.4046901104512646,0.6889098152016345,0.9186813186813186,0.7455446037791201,0.5257490852869365,0.5703224146697143,0.6384143507760944,0.4105963398675261,0.9387467556544309,0.8850574712643677,0.9164835164835164,0.6000142916108244,0.44193574120978835,0.767548845588773,0.7931321314388453,0.8589243114291911,0.00219780219780218,0.0,0.0,0.0,0.0,0.0,0.0,0.0,Igor Janik,2949.0
19.843349970780263,179.5975985113132,-67.34710044904317,-16.70730597532691,-11.310048828672194,4.0,-3.5715236549588014,-42.45691739194994,-10.623574593680722,13.322269995545401,0.1704,0.258,20.0,0.05720000000000001,0.0068000000000000005,-0.0968348472889037,-0.042777515827717306,2.224302221481236,0.7175549213512975,0.7847083029136523,0.8201534732164586,0.6832282471626734,0.42070400039382055,0.4199050949276118,0.6409075003531364,0.9214574898785426,0.8322213671495968,0.8296317717370348,0.45404442883433804,0.5327232576036404,0.36341266938528116,0.7465386288352794,0.8777327935222672,0.0,0.0,0.0,0.0,0.0,0.0,0.0,0.0,Igor Janik,2949.0
16.564208554584336,136.47305336776125,-70.02490015689365,-16.848543719172923,-13.789549257489696,4.0,-6.160818947544536,-41.933469356366786,-11.23196947889239,15.939450602572672,0.22599999999999998,0.38780000000000003,26.8,0.059800000000000006,0.006,0.17359654803312005,-0.36902330687937884,1.974018925273943,0.40652495756729934,0.7658694846125325,0.8819920396944385,0.6372515067351118,0.40006543387292526,0.3110705534329609,0.4716553071390572,0.8317461269365317,0.6563414744240783,0.8943188405797102,0.5960424177312266,0.43045132272573383,0.556483008495752,0.5209218950432618,0.845363296462368,0.0,0.0,0.0,0.0,0.0,0.0,0.0,0.0,Igor Janik,2949.0
18.78954184245233,147.99595925415875,-53.25545736073364,-16.297976260738412,-11.856095391642764,4.0,-5.579338535860275,-28.911339905713312,-10.809391042035545,16.198683775256665,0.18259999999999998,0.4524,24.2,0.0494,0.0108,0.20429102090483164,-0.05179799039645585,1.6826227730780157,0.5153948788738498,0.8788321167883211,0.6753238925695116,0.44706260358021366,0.6706001638885143,0.462565033326244,0.4666005745562135,0.8953971661657363,0.8015371404036067,0.8367977672820954,0.47501236341456565,0.6630119818206859,0.5873121511378273,0.653504676909989,0.8388235294117647,0.0188235294117647,0.0,0.0,0.0,0.0,0.0,0.0,0.0,Igor Janik,2949.0
16.643354275064905,165.57245992092984,-72.11399643209813,-17.49672753126717,-13.500638085029873,3.9939393939393937,-9.666265606653093,-37.77434271617706,-11.83808758038975,14.168125693479407,0.1502,0.5439999999999999,32.6,0.0712,0.01,0.6335126738411488,-0.2640274914089347,1.5502950371112476,0.5824391976021396,0.5188978276503358,0.7837662337662338,0.42509444106482785,0.4659057437407953,0.4126417379755787,0.6107890990441326,0.8805369127516778,0.775974025974026,0.5009251513264521,0.4577238446877968,0.4172790681723083,0.6958874458874458,0.6660485562547418,0.845021645021645,0.01816923822043864,0.0,0.0,0.0,0.0,0.0,0.0,0.0,Igor Janik,2949.0
20.51119788510606,180.40811361091318,-47.17949510699054,-13.081782470360299,-10.419867152513758,4.0,-6.705111424596306,-23.989866671837557,-9.839174822937421,12.856307435254802,0.193,0.4742,15.2,0.0622,0.0052,-0.032895100420296364,-0.23917756997264275,3.020337594469733,0.7892327530625403,0.7560283687943261,0.7896717939271131,0.7370447330447331,0.6448484848484849,0.39450578735685116,0.7457831813576494,0.6292552270424612,0.7004329004329005,0.869119769119769,0.7399018759018758,0.8383838383838385,0.7168831168831169,0.8650793650793652,1.0,0.0,0.0,0.0,0.0,0.0,0.0,0.0,0.0,Igor Janik,2949.0
18.99824835263259,177.9413524406628,-49.047909133414315,-14.423683705457103,-11.007190049542519,4.0,-6.118133836606743,-23.47472970379375,-9.183166783954961,11.158994945940758,0.19419999999999998,0.46799999999999997,17.8,0.0396,0.0,0.11052971658882986,-0.5302949267481287,2.3420753630605846,0.6741201488569909,1.0,0.9595959595959596,0.4938383838383838,0.5123710792131845,0.8844444444444445,0.6493460925039873,1.0,0.990909090909091,0.9400000000000001,0.7186868686868687,0.8491228070175438,0.3881871345029239,0.8636363636363636,0.9181818181818182,0.0,0.0,0.0,0.0,0.0,0.0,0.0,0.0,Igor Janik,2949.0
18.695712174990778,163.72159309888463,-65.52382018372795,-17.87475469803953,-13.163774893304355,4.0,-2.956696696406346,-37.154537449200475,-11.357347399033099,12.983290952255862,0.21080000000000002,0.5628,26.8,0.11639999999999999,0.02,0.21676644123331146,-0.12158044355674609,2.1615545683480293,0.557405234140909,0.7199925194680649,0.8154824826336455,0.5598230826952956,0.3264539668355301,0.5047479789849725,0.6430814456860968,0.9066666666666666,0.6929211215141449,0.7019932387200428,0.7173713794796269,0.5584390815370197,0.7615637269707036,0.6952152229214085,0.9129568106312291,0.0033605569688043594,0.02727272727272726,0.0,0.0,0.0,0.0,0.0,0.0,Igor Janik,2949.0
21.16258403361345,195.95238453918154,-62.74475371946107,-16.102083760333404,-13.198965477334951,4.0,-4.941056910569106,-35.11937982510077,-10.797367288378766,13.414099542255926,0.18,0.46419999999999995,20.6,0.062,0.004,0.13466352394616382,-0.07041436086629771,2.5559317141490743,0.7530266878755744,0.9349999999999999,0.9140594059405942,0.6209576957118567,0.6462366966972883,0.8587740125188862,0.41323166929911964,0.9675,0.8477722772277227,0.8137225570383124,0.7984057971014493,0.4258360631927456,0.6444803817603393,0.7809842434707532,0.851953377940859,0.0,0.0,0.0,0.0,0.0,0.0,0.0,0.0,Igor Janik,2949.0
20.189862533108318,192.54171813991405,-75.96128588158953,-16.39426807929565,-13.987797700744826,4.0,-2.2862428451296632,-49.1501225094762,-9.959421143751294,11.816566396808094,0.1432,0.5156,27.0,0.06820000000000001,0.004399999999999999,-0.08100822044797912,-0.2816689007547621,2.054924958669507,0.7554123354123354,0.75142829832485,0.8351097178683385,0.6859662060861461,0.7235553325208498,0.29333833555722605,0.5709356132744439,0.823477658260267,0.7379324474976648,0.7615676776996116,0.8276792373044248,0.40167314943926635,0.43043478638681043,0.872016632016632,0.7767193949802645,0.0,0.0,0.0,0.0,0.0,0.0,0.0,0.0,Igor Janik,2949.0
18.021799304196566,166.12159273755165,-73.26333255165153,-16.138660578386606,-13.530417787572372,4.0,-2.3722167862578822,-47.23183300717547,-10.598026744944551,12.607822352685366,0.2004,0.47620000000000007,22.6,0.0942,0.0066,0.35296803652968034,-0.3018286584040008,1.6885594694498802,0.660778580956069,0.5945288350403344,0.7696551724137931,0.5895101626287669,0.38600174483559824,0.42755271970314046,0.666534075481944,0.7999606299212598,0.740502344993761,0.8781034705314182,0.7416010647058038,0.5441379310344827,0.440327943037646,0.7711109676864162,0.7664698162729658,0.03,0.0,0.0,0.0,0.0,0.0,0.0,0.0,Igor Janik,2949.0
17.244612996828398,155.7499578244146,-60.42410243338399,-16.251676901275392,-12.806377890567344,4.0,-7.031705918078143,-29.619701059450705,-10.469905864093395,11.755265200080977,0.2052,0.49460000000000004,18.2,0.0422,0.0028,0.060221674876847264,-0.6497159052567649,1.2684678453336933,0.6218758639885574,0.7047809453288906,0.7950921454617128,0.3546736028555527,0.5065434734836896,0.7553175260982236,0.7194583853120315,0.8324827535232089,0.814568367519979,0.5306301312152796,0.7223154167634084,0.48666247029861226,0.6430558257351848,0.7706457484882142,0.9205479452054794,0.0,0.0,0.0,0.0,0.0,0.0,0.0,0.0,Igor Janik,2949.0
19.22853089694469,152.66845918066605,-56.81901684668694,-16.469433146674525,-11.06805270482624,4.0,-5.374470969643383,-31.074018076431873,-10.522855290303568,13.68981334119265,0.1894,0.5156,19.0,0.0698,0.0038,0.24573042538559778,-0.07832714412024756,2.341233519992141,0.49206748935763145,1.0,0.885,0.8608177484415108,0.521536789309229,0.6723970440522313,0.5048660013663384,1.0,0.81749461902712,0.9442427576090943,0.7474959742351047,0.5145856628320747,0.539041070773744,0.8518115942028984,0.8483333333333334,0.025742574257425738,0.0,0.0,0.0,0.0,0.0,0.0,0.0,Igor Janik,2949.0
21.10202359655848,199.3825100093705,-54.01672278001271,-14.300204446716076,-10.995747398804768,3.9899999999999998,-5.86072706363404,-26.92995783286481,-10.486188346537185,10.56610230854417,0.21400000000000002,0.5462,19.8,0.0462,0.0132,0.19941051196865148,-0.32760201039270803,1.9800413152738734,0.7273394241417497,0.8479638897066039,0.8594838583063487,0.741860465116279,0.865581675708258,0.7249721392825602,0.32302591922845086,0.9116279069767442,0.7243493909191584,0.837153931339978,0.8089196349720341,0.8302325581395348,0.5457779623477298,0.6394919536846236,0.8589147286821704,0.017857142857142842,0.0,0.0,0.0,0.0,0.0,0.0,0.0,Jaime Santos Latasa,2985.0
19.260328556420106,173.42384136188534,-55.12722832635243,-17.145096960942034,-11.274741629754804,4.0,-5.936197224137365,-28.331476739223216,-10.850686824912177,14.41097105261718,0.17880000000000001,0.3482,28.0,0.038799999999999994,0.002,0.08610525487814219,-0.0590820255644199,1.709140907996542,0.6380442042961285,0.7869765862764527,0.7584092336683417,0.697425176056338,0.6590101696864605,0.48979364279555815,0.6960081167107717,0.878712902414487,0.7202703659140773,0.9029814335993118,0.7083743768573065,0.4039207995230405,0.42817142589105084,0.9006058673469388,0.7421089824120604,0.00100502512562814,0.0,0.0,0.0,0.0,0.0,0.0,0.0,Jaime Santos Latasa,2985.0
18.03333795445881,181.50579900703565,-58.50230736190739,-12.900055164685359,-12.444536072959975,3.9871926229508197,-1.2069498838942225,-35.588890597742584,-9.761984239073929,9.412915973497846,0.2292,0.4476,14.8,0.1196,0.0066,-0.03540930174794072,-0.4151021268729999,1.5156440260400421,0.7334219106526081,0.8390416141235812,0.775296049737529,0.7257138017353334,0.6483867562098594,0.7885360755972622,0.45797956425970093,1.0,1.0,0.7523076923076923,0.6790404655072975,0.41932865694402555,0.39006670327356735,0.8007583366051936,0.8825789087350134,0.0,0.0,0.0,0.0,0.0,0.0,0.0,0.0,Jaime Santos Latasa,2985.0
18.29226360501297,178.6314100625911,-66.22307978833433,-16.44052631032682,-12.208650221883328,4.0,-5.565373765713324,-39.06512221049572,-11.046624673879556,14.103217393964423,0.2274,0.4516000000000001,22.2,0.032799999999999996,0.0,0.15484609108866323,-0.09742703533026112,1.180635191946737,0.6766706673779043,0.8469111969111969,0.8209408656777079,0.46526341896407686,0.5583150937591727,0.5224675921221974,0.49597611003861,0.8595861486486486,0.8127778271692746,0.6376884285601392,0.50044978013728,0.35668235199485193,0.4872471508162298,0.5281974996613154,0.7179666861410283,0.0,0.0,0.0,0.0,0.0,0.0,0.0,0.0,Jaime Santos Latasa,2985.0
19.295102813852814,174.62594155844155,-52.13575378603823,-9.648160173160173,-12.64800486828931,4.0,-6.177516233766234,-29.58141233766234,-8.963506493506493,10.88284632034632,0.25120000000000003,0.45459999999999995,17.0,0.0432,0.0,0.19961580086580089,-0.8686147186147185,1.9977489177489178,0.7061607142857144,1.0,0.77625,0.8630654761904761,0.7980357142857143,0.6723511904761904,0.42409722222222224,1.0,0.7629166666666667,0.9037499999999999,0.7754166666666666,0.7987500000000001,0.27735119047619045,0.9237500000000001,1.0,0.00125,0.0,0.0,0.0,0.0,0.0,0.0,0.0,Jaime Santos Latasa,2985.0
21.44392362582018,191.20608512117127,-54.857411930061765,-15.085683646028471,-11.604922332313546,4.0,-1.8890018545190959,-31.686533712395782,-10.123508736008738,11.532238351203869,0.22640000000000002,0.41600000000000004,19.2,0.0776,0.0204,0.3153394774084429,-0.3014251712527575,1.8055050348153798,0.7641062801932367,0.9462962962962962,0.5695709003317699,0.6914625495060277,0.5036939615200484,0.6393304843304843,0.6043684068684069,0.9203703703703704,1.0,0.7875375375375375,0.7169476332519811,0.4818151177933786,0.455869874891614,0.8676923076923078,0.902952952952953,0.051851851851851836,0.0,0.0,0.0,0.0,0.0,0.0,0.0,Jaime Santos Latasa,2985.0
19.462272727272726,171.07780303030302,-74.07982315072495,-17.2,-14.037247393149181,4.0,-4.463636363636364,-41.77878787878788,-11.654318181818184,11.054166666666669,0.1856,0.3476,22.2,0.0766,0.012199999999999999,0.3566666666666667,-0.06984848484848483,1.6690151515151517,0.5889613431329254,0.8537095088819227,0.5693154217399533,0.6649630140453084,0.39475440017200414,0.5679164563749921,0.5390855747525267,0.771146386935231,0.7880479938174247,0.7107148602611822,0.7011191460055096,0.25308662040974966,0.6581774809160306,0.8873863636363637,0.8578512396694216,0.00125,0.0,0.0,0.0,0.0,0.0,0.0,0.0,Jaime Santos Latasa,2985.0
22.430211925825965,198.76936947068526,-39.66671832715692,-15.60848702953966,-10.965761162164672,4.0,-1.46841730394362,-18.340305892937472,-10.464664867296447,13.180917928724947,0.24020000000000002,0.3658,17.4,0.0354,0.0024000000000000002,-0.06091368021192582,-0.38076923076923075,1.7723296846103866,0.7321368446368446,0.6776486229819563,0.8102857142857143,0.9271604938271605,0.775534632034632,0.539564935064935,0.549440682774016,0.9239126305792972,0.9814814814814815,0.9790123456790123,0.8310930735930736,0.2601508429841763,0.4040383752050419,0.8551638176638177,0.8574038800705466,0.0,0.0,0.0,0.0,0.0,0.0,0.0,0.0,Jaime Santos Latasa,2985.0
19.96886981743052,181.1688702147526,-65.5918892210267,-12.991795299680154,-14.096288370757511,4.0,-4.539334882889325,-39.775906390925165,-9.605865665415104,11.417301388640563,0.225,0.5416000000000001,14.0,0.032,0.0,-0.0682305262530544,-0.2624860440630153,1.383892961439895,0.7614591122615282,0.8284544695071011,0.9095238095238095,0.8058255088057656,0.7166857973577612,0.6224068653813802,0.5105351614329943,0.8355388471177945,0.6188052097456757,0.8731328320802005,0.8779732005354136,0.7020709923313587,0.6728064234334739,0.8194029850746268,0.8977730395640844,0.00317460317460316,0.0,0.0,0.0,0.0,0.0,0.0,0.0,Jaime Santos Latasa,2985.0
22.30447107072494,201.2249302400386,-47.27453315947021,-13.028939997051452,-9.888223870204266,4.0,-4.343998364896198,-26.042791805717503,-9.998710948494232,12.028131826893437,0.24780000000000002,0.44960000000000006,13.8,0.045399999999999996,0.0036,-0.017780011526141563,-0.6630297669306957,1.5461457788857171,0.8691498992825295,0.9029411764705882,0.8578257851813291,0.773726320077858,0.8575862511222265,0.5213932206202989,0.8362960112863922,0.8676470588235293,0.8963235294117646,0.9852941176470589,0.8620238553289727,0.7629344619725535,0.41867073685957645,1.0,0.9097345132743364,0.0,0.0,0.0,0.0,0.0,0.0,0.0,0.0,Jaime Santos Latasa,2985.0
20.053885213885213,173.12445045045044,-48.12776276051276,-15.876338436338438,-12.15140492015492,4.0,-1.5497933597933593,-25.54982674982675,-10.359689283689283,13.359289989289987,0.17739999999999997,0.183,19.8,0.0496,0.0,0.052343980343980315,-0.18436691236691236,1.8959054999054998,0.62184577936096,1.0,0.605277840973607,0.7618522778765381,0.6437903110254699,0.4468238191380724,0.51189462063351,0.92275799086758,0.7103944631145588,0.9532602739726027,0.8915521628498727,0.4966318310706355,0.4737012914188212,0.6742011812218409,0.7631864976538973,0.0015267175572519,0.0,0.0,0.0,0.0,0.0,0.0,0.0,Jaime Santos Latasa,2985.0
23.273503922641854,180.29274767378215,-53.54063112557253,-14.532658274037583,-10.848695347429857,3.996296296296296,-8.142606276226967,-29.0673006750593,-9.504871373836892,14.559204524721768,0.2068,0.3444,18.8,0.038400000000000004,0.0,0.11986407589855866,-0.3204068600620324,1.9456987775953294,0.634821203045502,0.9714285714285715,0.822181326854224,0.6949705344442186,0.7121932557249823,0.5876693501877958,0.5563238313853168,0.8222222222222222,0.8958715725070865,0.9333333333333333,0.46364779507917725,0.6110682110682111,0.625898795992254,0.8634920634920634,1.0,0.0,0.0,0.0,0.0,0.0,0.0,0.0,0.0,Jaime Santos Latasa,2985.0
19.34254759799587,175.52468611847922,-45.22344458124737,-15.348022399056884,-10.285461675264466,4.0,-3.3729796640141467,-23.992696728558798,-9.958083112290009,13.733798997936926,0.209,0.374,18.2,0.048,0.0114,-0.003313881520778063,-0.3445092838196286,1.92327969348659,0.6769871987083381,0.9739130434782609,0.8460654288240494,0.57955979390762,0.6685361892858145,0.777468957828778,0.41933064237112216,0.8728251258985893,0.8961391611886365,0.9354403567447045,0.7371602036819429,0.3627224849113905,0.5827363241456195,0.7977814938684504,0.8800000000000001,0.00656410256410256,0.0,0.0,0.0,0.0,0.0,0.0,0.0,Jaime Santos Latasa,2985.0
21.201712891077612,218.85141255833258,-66.69771408324273,-17.322349129779646,-12.198158415833955,4.0,-7.1506301597765,-35.44068906845423,-10.400243244216586,11.814355934818213,0.2032,0.4648,14.2,0.045,0.019,0.20481108691545452,-0.055494859578807364,2.395838107777983,1.0,0.8702702702702702,0.6823882724863427,0.8543209876543209,0.5595902028781918,0.5171689880326388,0.8369369369369369,0.9394495412844037,0.9876543209876543,0.6909978944461702,0.9133895363253162,0.3682029493376113,0.5926742834788812,0.8453867660764212,0.6030568056192858,0.0,0.0,0.0,0.0,0.0,0.0,0.0,0.0,Jaime Santos Latasa,2985.0
21.271859963935434,192.06980723678834,-66.17000079011001,-14.758394749904184,-13.52456727708215,4.0,-6.7568174749778525,-38.74161742345705,-10.490085244943733,14.101481380254963,0.24220000000000003,0.5708,17.4,0.0864,0.032,-0.006222393958243036,-0.16857661206717806,2.1337039061567364,0.7951028138528138,0.8047619047619048,0.7933333333333333,0.6347997835497835,0.5806980519480519,0.4287608225108224,0.5836417748917749,0.7730735930735931,0.6878787878787879,0.8214718614718615,0.6617261904761904,0.7548051948051947,0.5816287878787878,0.7674945887445888,1.0,0.0,0.0,0.0,0.0,0.0,0.0,0.0,0.0,Jaime Santos Latasa,2985.0
21.462703634085212,211.36235475051262,-57.6705557165241,-15.855847003873318,-12.322372759130612,4.0,-5.404637303485988,-28.92235204488494,-9.801567840054682,10.636221234905445,0.1778,0.1914,15.2,0.0294,0.0032,-0.01493577694235588,-0.06899777853725221,1.7914637445887442,0.9342105263157894,1.0,0.8953125,0.6704870951417004,0.8166940789473685,0.5500650062656641,0.8359375,0.8472028026797764,0.7756461466165414,0.923076923076923,1.0,0.6047912449392713,0.3661733058608058,0.9015625,0.9109375,0.0,0.0,0.0,0.0,0.0,0.0,0.0,0.0,Jaime Santos Latasa,2985.0
20.384719548771393,189.25610845774548,-65.45358758796051,-12.91348201483263,-11.606938680872275,4.0,-3.4355351404972936,-42.55159094109275,-10.062073862086725,11.11603305142117,0.2468,0.4852,15.2,0.029599999999999998,0.003,0.2223510848776767,-0.11613844183378637,1.8160897636749809,0.8424358974358974,1.0,0.7572659995830727,0.720262099441666,0.6900691770075595,0.449574569632336,0.46357018802386163,0.9738461538461539,0.7509943714821763,0.9194444444444445,0.6907654358277328,0.6458164416485793,0.5634917043740575,0.9184615384615384,0.9056837606837608,0.0,0.0,0.0,0.0,0.0,0.0,0.0,0.0,Jaime Santos Latasa,2985.0
19.070263127106397,191.751719012663,-56.16966915707663,-13.520457518004104,-11.146777446644759,3.996296296296296,-3.0098754836473165,-34.11772103404208,-9.41175277332179,11.040618802287124,0.267,0.3822,13.8,0.0498,0.0202,0.21617532642709342,-0.3069246629384487,1.8142957234668198,0.7981065663308653,0.8658008658008658,0.7946660193389166,0.7889271089271089,0.7585592236389378,0.47857782530679727,0.6576899918846043,0.8298599439775911,0.8413885180240321,1.0,0.6717400979083222,0.7291740479975773,0.6053226048278276,0.8725541125541125,1.0,0.0,0.0,0.0,0.0,0.0,0.0,0.0,0.0,Jaime Santos Latasa,2985.0
20.028592833662128,184.0927283505848,-57.23375190012575,-14.63598467835476,-11.33488648273207,3.996363554449748,-4.744975871312089,-32.57917010754346,-10.168937117807172,12.233838803174054,0.2216672727272727,0.4283781818181818,18.349090909090908,0.0544872727272727,0.0072618181818181,0.1101740922501996,-0.2724145288990989,1.8724648758461595,0.7285559191871854,0.8647473904115658,0.7788110000783097,0.68638140773719,0.6517855787925753,0.5374302012137884,0.5653695865609807,0.8850527972656973,0.8716624054906488,0.8573108944478496,0.7414317380994274,0.5474955858878588,0.5000409063428325,0.7660890066083353,0.8351640353844518,0.0448362779905074,0.0388640834552655,,,,,,,Jaime Santos Latasa,2985.0
19.281243442381374,168.66051311523725,-59.76364711449075,-14.390533451223106,-11.788390998958775,4.0,-6.176052166224579,-34.480138520483344,-10.872734748010611,13.94420277040967,0.21300000000000002,0.4316,17.2,0.0446,0.0,-0.004319481284998544,-0.07120070733863836,1.827747126436782,0.597165130306134,0.863708523096942,0.9920792079207921,0.856827946945638,0.5857921973069136,0.4698569499109963,0.6582758620689655,0.7715431888016389,0.75136565380676,0.8507111706616335,0.6312067999252755,0.46944703904352697,0.5106864772358823,0.841430522362581,0.7998178269355888,0.00689655172413792,0.0,0.0,0.0,0.0,0.0,0.0,0.0,Jaime Santos Latasa,2985.0
18.582560646593247,156.91369389335833,-64.89523469691153,-14.072515556249837,-12.233743249594493,4.0,-3.8887126064203708,-41.50486865057669,-10.127325870889635,12.931931236819498,0.22679999999999997,0.4528,19.4,0.0656,0.0124,0.15287009555052203,-0.15674923195084484,1.3014696262594705,0.5605212995434395,0.7533249520280553,0.826527731092437,0.8108235294117646,0.6471777145503872,0.46075788835219117,0.46608732658417695,0.7553779836343986,0.7935932773109243,0.9222319327731092,0.6890898167140872,0.5306165442554975,0.2574452303756148,0.8331338582677166,0.8004412624892476,0.0015748031496062801,0.0,0.0,0.0,0.0,0.0,0.0,0.0,Jaime Santos Latasa,2985.0
18.609784708378037,180.44358429294806,-60.80143278884994,-14.771200036300872,-10.009297849919584,4.0,-9.443060951429079,-35.05108344363902,-10.445910438350912,14.919119930789526,0.21600000000000003,0.4242,20.6,0.0518,0.0,0.3984875194863427,-0.14706093709978735,1.2156140787669167,0.6686440677966102,0.8293452974410103,0.9314814814814815,0.7051998326009625,0.4678138424233472,0.37655982669276117,0.4665429637014881,0.7648566645741787,0.7422344078874488,0.7838773802050638,0.6822883202245116,0.4972693032015066,0.6438683948155532,0.7066516499883068,0.9462962962962962,0.00112994350282484,0.0,0.0,0.0,0.0,0.0,0.0,0.0,Jose Fernando Cuenca,2810.0
19.317590632780604,191.57111388581887,-49.85151319094595,-17.124481706696734,-9.929291826170193,3.9966101694915253,-1.3399430876112326,-25.77648314389832,-11.173806157436104,11.495882561375108,0.20579999999999998,0.5138,20.2,0.06559999999999999,0.004,0.2780025031922649,-0.03895387009702596,1.3787895646063302,0.7769419963107194,0.7486370157819225,0.7352047381688406,0.5841210912325704,0.43506348478541523,0.6370592038676169,0.5989971749323314,0.9617647058823529,0.9327731092436975,0.7423447427751588,0.7491596638655462,0.5765659897350945,0.38958866423109345,0.6311641729862677,0.6843443286291133,0.025,0.0,0.0,0.0,0.0,0.0,0.0,0.0,Jose Fernando Cuenca,2810.0
18.823972628455234,153.4433164983165,-57.65265466585178,-14.25242973895962,-11.935727709700917,4.0,-11.426809801854404,-29.16787350159339,-10.114815370475494,15.245001456732052,0.2222,0.4208,17.2,0.0524,0.0,-0.03860038085283404,-0.20068235131571432,2.093446147469341,0.5224811560763922,0.7798865724099369,0.7146868755558414,0.4221929349787536,0.4767128006727709,0.6519448660258629,0.5449323887081998,0.7406395612003089,0.6952770455574193,0.7396767768449185,0.7608736942070276,0.44003808409840445,0.8297072838665759,0.7208773291931563,0.8397788564921143,0.0,0.0,0.0,0.0,0.0,0.0,0.0,0.0,Jose Fernando Cuenca,2810.0
19.81812403605952,182.84633474530247,-81.92626377485139,-17.188521776908875,-11.170655433372076,4.0,-3.7276344086021505,-54.79450852612143,-10.311613554903877,11.266669925057021,0.1684,0.29860000000000003,34.4,0.048,0.0042,-9.449332029978219e-05,-0.4213511458672749,1.6979035516454872,0.6461258550290808,0.8263763440860215,0.8159259259259259,0.6777845117845118,0.4433773323450743,0.5816346735701574,0.45861903449000224,0.9067096774193548,0.8577037037037037,0.8586666666666666,0.4321335701335701,0.24165085571537176,0.578368649271875,0.7111754171754171,0.7191648089067445,0.0008064516129032201,0.0,0.0,0.0,0.0,0.0,0.0,0.0,Jose Fernando Cuenca,2810.0
24.440740265297393,206.69694969130143,-58.93768336713417,-17.50932208570206,-11.632041824252573,4.0,-10.761305703282597,-24.782651751329546,-10.100335595085275,11.84797359251788,0.1792,0.6322,18.0,0.0312,0.0,-0.001870529983495297,-0.37897915520508585,1.5740503698270063,0.8049093973872734,1.0,0.9552631578947368,0.9404761904761905,0.6873564704235975,0.7784129461444376,0.6759181841934861,1.0,0.8599395639974098,0.8690032603632976,0.8552631578947368,0.62153665098841,0.5386290028979204,0.9203539823008849,0.8580930796665742,0.0,0.0,0.0,0.0,0.0,0.0,0.0,0.0,Jose Fernando Cuenca,2810.0
20.013589743589744,193.28458689458688,-51.024299788101374,-12.675783475783476,-10.57703483083642,3.9955555555555557,-6.637606837606837,-29.13575498575499,-9.698803418803418,13.705128205128204,0.2776,0.4824,15.4,0.101,0.0056,0.16048433048433047,-0.4723646723646723,1.7484330484330486,0.6900931663156697,1.0,0.8487640449438203,0.6362823060196062,0.5714253986417304,0.5476056112596703,0.5755395409043139,0.8154415954415954,1.0,0.9168539325842696,0.6650627984430801,0.5852119258655103,0.5101158807900381,0.8720797720797722,0.7466847237269774,0.0246153846153846,0.0,0.0,0.0,0.0,0.0,0.0,0.0,Jose Fernando Cuenca,2810.0
23.900707011359184,201.5512338425382,-45.51781903287493,-15.074892283587937,-12.859660004281121,4.0,-2.190951821386604,-20.34996083039561,-9.50756169212691,10.465207598903252,0.22760000000000002,0.5506,15.6,0.0478,0.0,0.07176850763807285,-0.08637681159420288,2.004847238542891,0.6810484315939427,0.9605839416058395,0.9620253164556962,0.8171046228710462,0.7384608853517658,0.8528934043532583,0.7199532527075723,1.0,0.9927007299270073,0.9956204379562044,0.8434863763140956,0.2630650177800236,0.7584514980545876,0.7589792678246803,0.8321621621621622,0.0,0.0,0.0,0.0,0.0,0.0,0.0,0.0,Jose Fernando Cuenca,2810.0
22.28241926991927,220.17293933543934,-49.55441848263915,-14.712530712530713,-9.498483651704316,4.0,-3.4023560898560903,-26.54364104364105,-9.77670673920674,10.379299754299756,0.2716,0.34919999999999995,12.8,0.0626,0.0048000000000000004,0.15445331695331693,-0.15537615537615534,1.5906604656604657,0.9151378446115288,1.0,0.8340519974635384,0.7220382775119617,0.6574593109279222,0.860977729098211,0.42775602203756924,0.968,0.8933333333333333,1.0,0.7794235039954761,0.38100530076560507,0.31941339108999217,0.810516290726817,0.9285714285714285,0.0,0.0,0.0,0.0,0.0,0.0,0.0,0.0,Jose Fernando Cuenca,2810.0
22.975785693065106,194.60869037008743,-73.6158375046327,-14.76621254562431,-12.555364921660104,4.0,-13.088113275613276,-38.95318945760122,-10.286118220015279,12.033160915881504,0.2596,0.40679999999999994,13.6,0.013000000000000001,0.0072,0.18615991851285968,-0.07101795263559968,1.8443469357439946,0.7348756506651244,0.8782726045883941,0.9252747252747252,0.671718632244948,0.726828777629693,0.6525354508192037,0.7392848570194108,0.8920847268673355,0.8725274725274726,0.9403123192596876,0.5544322572926691,0.7379164313946923,0.6096586987891335,0.8654456654456654,0.8761904761904763,0.0,0.0,0.0,0.0,0.0,0.0,0.0,0.0,Jose Fernando Cuenca,2810.0
21.158530448120054,182.59421575536487,-64.71900510739101,-15.347654382401306,-13.533286360413715,4.0,-8.272993961502854,-34.70051541405851,-9.545558595531237,12.681003606516603,0.22299999999999995,0.5336000000000001,18.6,0.1264,0.011399999999999999,0.16827094474153295,-0.3166596194503171,2.44049289060233,0.7045360349988486,0.7295229522952296,0.8825742574257426,0.447298914723128,0.7496002507227467,0.42486711965191654,0.6696120115308997,0.8379281183932346,0.9124107759613171,0.8053617571059432,0.7620964942728219,0.4820655081821963,0.9128629579375847,0.9188118811881187,0.9627906976744185,0.0,0.0,0.0,0.0,0.0,0.0,0.0,0.0,Jose Fernando Cuenca,2810.0
19.30893893021326,161.2000079038306,-62.09227843660341,-16.807714973599897,-10.57504881490311,4.0,-11.89357432903114,-32.46322428934064,-10.28590440757721,15.93318837784859,0.19039999999999999,0.4356000000000001,25.4,0.0676,0.0072,0.2670530893167128,-0.7017322754184325,1.6070093238408443,0.566907894736842,0.8152136752136752,0.6902230737099158,0.6557755767624188,0.33545956236745705,0.5768770483902064,0.5876175213675213,0.6670889563652722,0.7903853383458647,0.5275227331148382,0.8032388663967611,0.6234567990489043,0.4694371345029239,0.7422542735042735,0.8706009414562047,0.0,0.0,0.0,0.0,0.0,0.0,0.0,0.0,Jose Fernando Cuenca,2810.0
20.632756863102863,203.30001537033584,-55.63897516320274,-16.274390574447295,-11.865887332145537,4.0,-5.4055750687202755,-27.905127676256434,-10.627429603861822,12.439435092228624,0.19959999999999997,0.6324,18.8,0.11400000000000002,0.014599999999999998,-0.004475709580644372,-0.029010137149672,2.2035741154289084,0.9023115773115773,0.9185185185185185,0.8379695885509839,0.6715474406840067,0.43240210181081035,0.6100929021925229,0.7503130590339893,0.9135802469135802,0.9037037037037038,0.7692597310814365,0.7757575757575758,0.7375799337039647,0.9150810429880197,0.8285007422068282,0.9418604651162792,0.01538461538461538,0.0,0.0,0.0,0.0,0.0,0.0,0.0,Jose Fernando Cuenca,2810.0
20.461617126043354,180.24468919514,-57.068531104153365,-16.00157028763586,-10.74213375832979,4.0,-2.4062075902239846,-31.990105386416865,-9.942286374827358,10.013772293280491,0.217,0.5464,17.2,0.032200000000000006,0.013800000000000002,0.46072684601373126,-0.38726005324365975,1.5896174863387977,0.7197910181918793,0.9672131147540984,0.8107644201789771,0.5851660085954027,0.6538735513120759,0.6435988982484625,0.7161243469645109,0.8903346994535519,0.839344262295082,0.7699937746420419,0.6212964250938934,0.6858256380991907,0.6245165608583848,0.9285714285714286,0.9520833333333332,0.0041666666666666605,0.0,0.0,0.0,0.0,0.0,0.0,0.0,Jose Fernando Cuenca,2810.0
19.37855538241983,185.6005412054617,-72.2847874251177,-14.298129764384134,-12.312260191540792,4.0,-12.677730039384173,-37.67527890820277,-10.657346323555368,11.335957801949542,0.2024,0.5732,18.4,0.019200000000000002,0.0,-0.028705412088235304,-0.12562486027274758,2.2940716781894372,0.7499928642785785,0.9395176252319108,0.9844155844155844,0.6903096903096902,0.6425288996717569,0.49130869130869126,0.5836449265020693,0.9096903096903096,0.904895104895105,0.8501498501498501,0.6867132867132867,0.602540316826031,0.6233195376052519,0.9040959040959041,0.8273155416012559,0.00139860139860138,0.0,0.0,0.0,0.0,0.0,0.0,0.0,Jose Fernando Cuenca,2810.0
19.59084529505582,194.52692185007976,-59.39455146287853,-16.55610354557723,-11.741326091758424,4.0,-6.905925653294074,-28.4472334682861,-10.61938903202061,10.875426328057907,0.20260000000000003,0.5082000000000001,14.8,0.034199999999999994,0.0,0.002039013617960994,-0.32447552447552447,2.7692553060974108,0.8157937521774474,0.9558441558441558,0.9844155844155844,0.6863755386737964,0.4257911366699469,0.8402791238612135,0.8048448964098333,0.9376623376623376,0.9392405063291139,0.8639271176584609,0.8654778057763132,0.8958510201287142,0.8417664437879024,0.7048176837332325,0.8316606198785091,0.0018348623853211,0.0,0.0,0.0,0.0,0.0,0.0,0.0,Jose Fernando Cuenca,2810.0
18.501269933682174,183.30829507120544,-58.55608215116992,-16.87079092634121,-12.014900217986074,3.9970588235294118,-3.951548573975045,-28.339333802924887,-11.235411347823584,9.858843894351484,0.18160000000000004,0.609,19.8,0.0438,0.0036,-0.08699756099898413,-0.19085087114024493,2.1534204473578287,0.7901426371124355,0.8279226045649402,0.6600410723453648,0.6768633228420278,0.6332314815700605,0.5092011407567558,0.6610129575923456,0.9824817518248175,0.9795620437956204,0.8882632371683468,0.9002641640597846,0.701959865175562,0.6101029384241063,0.5249355611761023,0.7081775863815641,0.0146788990825688,0.0,0.0,0.0,0.0,0.0,0.0,0.0,Jose Fernando Cuenca,2810.0
20.151937925622132,161.15290625553786,-52.03970721377586,-14.585807954229008,-9.744441271141504,4.0,-8.01921470342523,-27.290391382496644,-10.055107465633782,13.6552555631503,0.23820000000000002,0.2752,15.8,0.029400000000000003,0.0,0.4829054960633908,-0.6888964836333258,1.8114300903774587,0.5860025504834775,0.8964912280701756,0.7372806544153151,0.4614970801127763,0.6533086050029263,0.5601450821993472,0.6269483996845032,0.9063576372122968,1.0,0.7683335486927683,0.6740159627346834,0.7451035742455063,0.5428912810899348,0.5562463343890612,0.7190677844513729,0.0017543859649122799,0.0,0.0,0.0,0.0,0.0,0.0,0.0,Jose Fernando Cuenca,2810.0
19.33996353287836,178.05403872429494,-59.32722801603027,-15.11744704879892,-11.507840659155478,3.9798895097057247,-6.797473417009152,-31.84859328240128,-10.367348855112468,12.33158573674131,0.2076497093023255,0.4520029069767442,18.920058139534884,0.0552747093023255,0.0067761627906976,0.1191723178979528,-0.3018121391731321,1.82553710590776,0.6913289970016837,0.8721435946065855,0.7997293838986921,0.6341372200177509,0.5697211934758452,0.5660510217266134,0.602604730376644,0.8722576599222951,0.8580561530916593,0.8372774711372003,0.6862172449794078,0.5773586705621122,0.6223659942020084,0.7709556661775451,0.8420230855893174,0.0660943908481753,0.0351379424619933,0.0167628585978611,,,,,,Jose Fernando Cuenca,2810.0
17.680003501612468,183.32360300072338,-69.43464120374496,-17.571006936939273,-11.91329557586117,4.0,-4.059097924105791,-40.64394228247494,-11.659685330405235,12.412386846041446,0.187,0.64,23.6,0.0736,0.0154,0.036071003478556615,-0.15856384894937212,1.8937476475792763,0.7600460829493088,0.828048780487805,0.857741935483871,0.5736272598369372,0.5257934538579699,0.32629805350694413,0.549638101866662,0.8814285714285713,0.8355299539170506,0.7953721075672295,0.8300000000000001,0.6453917050691244,0.6625381935138032,0.6560526668453497,0.8886759581881533,0.0,0.0,0.0,0.0,0.0,0.0,0.0,0.0,Jose Fernando Cuenca,2810.0
22.071295075295076,207.2203085063085,-51.91238235750141,-13.45934065934066,-11.260583415702465,4.0,-3.0564997964997964,-29.924074074074078,-9.292503052503053,11.08061864061864,0.1938,0.5317999999999999,19.6,0.0304,0.009,0.04941147741147742,-0.1999820919820919,1.6431086691086692,0.8942307692307692,0.9557692307692308,0.9311045390253311,0.6774032943609923,0.5935601480965598,0.4064046394936948,0.4295099684641307,0.9596153846153846,0.9920792079207921,1.0,0.7850533130236099,0.2542819943226843,0.5658628023010515,0.8783653262625226,0.9169612288331637,0.0,0.0,0.0,0.0,0.0,0.0,0.0,0.0,Jose Fernando Cuenca,2810.0
17.756475306302892,141.93543829733485,-53.083250991902375,-17.104926108374382,-9.836032348476843,4.0,-6.937334217506631,-27.8739895162309,-11.34536187949981,16.01439307818618,0.207,0.5092,29.8,0.043,0.0068000000000000005,0.3163711001642036,-0.5308803839838323,1.7307458633320703,0.42963525559017607,0.6677558662042282,0.8395679062486966,0.6460072188118986,0.5349137115381033,0.38471887904112717,0.46802700996423974,0.7454872794098166,0.8330553256509836,0.8436493283249507,0.5933438347579578,0.7123875775930276,0.37030391485572034,0.7563320109856575,0.8279281993124712,0.025322482325399943,0.0,0.0,0.0,0.0,0.0,0.0,0.0,Jose Fernando Cuenca,2810.0
19.273171590314448,181.01031290138434,-62.894648819373856,-13.39312592169735,-11.860575392800431,4.0,-8.702613457970601,-37.34113029827316,-10.037207792207791,14.440004043575474,0.22879999999999998,0.36719999999999997,21.2,0.040600000000000004,0.0078,0.186885495456924,-0.6195280909566624,1.3207507968222254,0.7565003417634996,0.8371915930551325,0.9775510204081632,0.4742931179470288,0.7395547309833025,0.3568025510568435,0.3584798009755927,0.7633057056286773,0.9857142857142858,0.5737816823508665,0.6097839967237341,0.45415072863395156,0.7973477695012876,0.8979591836734695,0.679427790254858,0.0010204081632653,0.0,0.0,0.0,0.0,0.0,0.0,0.0,Julian Antonio Rojas Alarcon,2802.0
16.71851700680272,153.9098231292517,-38.82350886513335,-9.06421768707483,-9.01305988554152,3.2,-7.253265306122449,-18.84401360544218,-7.778408163265306,9.929455782312925,0.1698,0.35679999999999995,13.6,0.037,0.0,-0.009414965986394516,-0.4624761904761904,1.1746666666666667,0.8058571428571429,1.0,0.7915151515151516,0.7840808080808082,0.8412929292929293,0.8487844281322541,0.8290923520923521,0.8382222222222222,1.0,0.9565217391304348,0.7318819875776398,0.5005990338164251,0.5823311374615723,0.9021414141414141,0.9146666666666666,0.0,0.0,0.0,0.0,0.0,0.0,0.0,0.0,Julian Antonio Rojas Alarcon,2802.0
20.48061215599922,199.6150919996307,-72.46379410435216,-12.936319208853675,-12.613983495103593,3.990243902439025,-6.601646827309605,-45.338070473966546,-9.717112880050314,10.753094878492545,0.23440000000000003,0.49539999999999995,14.6,0.019,0.0,0.04464885689700113,-0.8038077283464347,1.6844504888301284,0.9345794392523364,0.8602666167300074,0.8481756527029687,0.7377509596584367,0.8185862840594972,0.638924805235326,0.2704814057091376,0.9906542056074766,0.9234042553191489,0.9211267605633804,0.8841871170201336,0.6773445053174348,0.319444679644983,0.8919540229885058,0.9624089363768821,0.0,0.0,0.0,0.0,0.0,0.0,0.0,0.0,Julian Antonio Rojas Alarcon,2802.0
20.11869796869797,205.4060023310023,-48.782826607915894,-15.514319014319017,-10.434832934922222,4.0,-1.8361638361638364,-24.338536463536464,-10.426373626373627,9.767399267399266,0.2468,0.3754,15.4,0.06,0.011399999999999999,0.055669330669330684,-0.30674325674325675,2.3926323676323675,0.8328012954820432,0.8403174603174604,0.8830921414178421,0.7369923193677544,0.6879584681769148,0.6172190830122977,0.49941205275345074,0.974757281553398,0.9708737864077669,0.8245983842031654,0.5879316491751256,0.37334370152645063,0.7591489361702128,0.8487915719892584,0.8771324549237172,0.0058252427184466,0.0,0.0,0.0,0.0,0.0,0.0,0.0,Julian Antonio Rojas Alarcon,2802.0
18.738372781523676,189.91988917306054,-73.03976615173079,-12.808580950166629,-12.099330904113952,3.995454545454545,-10.90164767883438,-42.52389521816632,-10.559458730527783,11.857692784623731,0.18939999999999996,0.3888,15.2,0.0864,0.0076,0.22729938773928543,-0.3003806866620166,1.9446266759668291,0.7925743925743925,0.817520806310436,0.9149294701178375,0.6280507998777619,0.49107621575907184,0.614082880573297,0.36845103656608247,0.8212381581846222,0.52653080888375,0.8480400704309623,0.6437040813008235,0.29644751170026734,0.9247553461399057,0.9440860215053763,0.8752688172043012,0.0,0.0,0.0,0.0,0.0,0.0,0.0,0.0,Julian Antonio Rojas Alarcon,2802.0
14.97882394422387,125.59649273592045,-64.32287871720305,-17.263095802184516,-10.763765211254377,3.967213114754098,-5.73044812971451,-39.76193143276744,-11.899236202954715,17.128384946918402,0.1746,0.18780000000000002,23.8,0.0472,0.008799999999999999,0.17340685958456242,-0.3423420354213254,1.7244979631972661,0.3405088765673227,0.7968951813214108,0.6413048517966551,0.3406595226267357,0.36031035330393846,0.7615797317436661,0.36704811067605075,0.797988787169115,0.7817798594847776,0.6667740638232441,0.27930017001292834,0.3309923900444214,0.3923255978993684,0.686563105857475,0.547837493147543,0.0,0.0,0.0,0.0,0.0,0.0,0.0,0.0,Julian Antonio Rojas Alarcon,2802.0
17.852143681506675,159.0144229453279,-72.53277406303103,-16.51387893086579,-12.632603091434373,4.0,-7.317563910081605,-41.37394879022786,-11.30326178876735,12.608482448345947,0.24180000000000001,0.3744,17.0,0.0514,0.0094,0.1403604804363146,-0.232692036645525,1.6300787960494734,0.5086162070008677,0.9294792007861121,0.6990678524374176,0.7782011635027557,0.580945493255516,0.4793025963792067,0.4613856206146399,0.8658562367864693,0.881430584918957,0.6919569813401967,0.5190184118776451,0.44930757862738524,0.537032203793586,0.8742424242424243,0.8515169133192388,0.0,0.0,0.0,0.0,0.0,0.0,0.0,0.0,Julian Antonio Rojas Alarcon,2802.0
19.830183854152647,199.13055504660596,-70.51794015898538,-13.12501130040585,-10.96041669813517,3.996638655462185,-12.362975872167048,-40.79927177510571,-10.61678008047269,13.34987691183889,0.21100000000000002,0.5115999999999999,29.6,0.08700000000000001,0.0054,0.12657576827232492,-0.5333017784595977,1.3968124142980671,0.824754574727087,0.7751904963201423,0.9046728971962616,0.6307243737738324,0.481722125506485,0.4417609219103397,0.4393114970088199,0.8017610838448924,0.6308234751152104,0.8868681801078641,0.6568688968744765,0.6280077082004771,0.46589928790908497,0.8554621848739495,0.7737394957983194,0.0,0.0,0.0,0.0,0.0,0.0,0.0,0.0,Julian Antonio Rojas Alarcon,2802.0
19.443468474120507,183.0181994347353,-61.590073659731125,-14.845320917387603,-12.018720704917168,3.9886194897525487,-5.934715251398065,-34.246004655919826,-10.37812390846297,11.84419228860196,0.217920245398773,0.4370777096114519,18.613496932515336,0.0498241308793456,0.0059550102249488,0.0871042080881203,-0.2784963295949209,1.717986916785674,0.7319907804860222,0.8927153615001755,0.7938581267378537,0.6680647353291317,0.6028778570562028,0.5831855776540854,0.5670251814350826,0.8675211081187569,0.8351557987737348,0.8426654326673415,0.683769521915773,0.5202253286906915,0.5304953374759386,0.7690231510456181,0.8060650346111129,0.0255828071826899,0.0217362622864304,,,,,,,Julian Antonio Rojas Alarcon,2802.0
17.634763772757697,173.87120639126718,-78.94577805283527,-15.220335670183696,-13.467648695982495,4.0,-12.119569049660235,-43.45314979965436,-11.035390850284466,12.350316012929994,0.21799999999999997,0.3156,23.0,0.0776,0.0094,0.020967819752014276,-0.14781091923949066,1.615954787079407,0.7060249189281447,0.7279992370780087,0.6956975452173351,0.6561895008899616,0.5376872595831207,0.5832948340291464,0.4679812592254988,0.7981859410430838,0.8375562478366216,0.5405825699249188,0.5004563403762334,0.28308348970306846,0.8661400043888523,0.6267873648380992,0.70559916274202,0.0031709457976738997,0.0,0.0,0.0,0.0,0.0,0.0,0.0,Julian Antonio Rojas Alarcon,2802.0
18.800036991765314,172.89572343026248,-49.61365151184101,-16.051917138445702,-11.176145078490524,4.0,-1.4236361296963458,-26.179434186824494,-10.472656652084407,11.690137673700463,0.21459999999999999,0.399,16.2,0.047599999999999996,0.013800000000000002,0.06590485074626866,-0.045043103448275855,1.7804940813175503,0.7345272435897435,0.8533333333333333,0.8029745370370371,0.6765811965811965,0.5362737928578445,0.3992845257392671,0.8077611074270556,0.923761574074074,0.785150462962963,0.7670949074074074,0.7521544356027114,0.4678463319088319,0.5594620358090185,0.7693830128205128,0.9117948717948717,0.0,0.0,0.0,0.0,0.0,0.0,0.0,0.0,Julian Antonio Rojas Alarcon,2802.0
23.088945446233016,207.87115194462757,-34.371627649889525,-13.667664320496737,-9.734947657544705,4.0,-1.7348491292236374,-13.023210070810388,-9.36903454398537,9.158078072171307,0.22279999999999997,0.3836,10.0,0.0726,0.0054,0.13829502200863336,-0.21290056775894697,1.9822583303208794,0.9517294986397202,0.7981845188975079,0.9032984396602804,0.8784948011222975,0.5990972605096246,0.6830376299719425,0.8097025086647962,1.0,1.0,0.905169063350175,0.8693183693678824,0.6819607195906915,0.7205689531522786,1.0,0.8900516505726476,0.0,0.0,0.0,0.0,0.0,0.0,0.0,0.0,Julian Antonio Rojas Alarcon,2802.0
17.434577842230883,167.373390253482,-61.08739020053607,-16.764630552786087,-11.646810746977556,4.0,-2.242437636585194,-36.59840861254621,-10.780343091936311,12.945240440295276,0.2,0.5164,24.6,0.046,0.0068000000000000005,0.14812405208616578,-0.09902683867589147,2.011049477829139,0.6480277349768875,1.0,0.47413873530922385,0.41030881094091465,0.46811744564286933,0.576837789661319,0.5419101282012548,0.7744551396316103,0.8732798573975045,1.0,0.7966131907308378,0.3289241366808665,0.4890573733345418,0.603593220338983,0.6842918517175745,0.02113507960965586,0.0,0.0,0.0,0.0,0.0,0.0,0.0,Julian Antonio Rojas Alarcon,2802.0
17.837699735449736,160.99648412698411,-61.57827419750087,-16.413915343915342,-12.429771551998225,3.9971428571428573,-4.818075396825398,-31.333544973544974,-10.677186507936508,10.09707671957672,0.221,0.42800000000000005,15.0,0.0474,0.0,0.062093915343915354,-0.04926190476190474,1.3336481481481481,0.603684351109883,0.7711246200607903,0.7100354609929078,0.6962296521445458,0.6911262165730252,0.5935071075496607,0.7468934635104848,0.8405440729483283,0.9008358662613982,0.7789513677811549,0.640597095575819,0.25743689171348744,0.44338979460256056,0.8821457124435848,0.7933140830800405,0.0,0.0,0.0,0.0,0.0,0.0,0.0,0.0,Julian Antonio Rojas Alarcon,2802.0
19.379669313328908,190.21808751518492,-52.123658453782014,-15.924172709322182,-10.364294738101993,4.0,-1.6587533970369073,-29.06243732962634,-10.717003343811443,11.603003064116853,0.20600000000000002,0.36819999999999997,19.8,0.0508,0.0,0.029822289571566362,-0.23019394941285007,1.719049831557064,0.7761753956426087,0.8714285714285716,0.7813431602149057,0.6947294372294371,0.4446614547458328,0.6954625292740046,0.43372871503295807,0.9724686595949855,0.95288056206089,0.7781376410474771,0.567025938542332,0.5133128884936985,0.6347540983606558,0.8785011709601873,0.8779800936768151,0.0,0.0,0.0,0.0,0.0,0.0,0.0,0.0,Julian Antonio Rojas Alarcon,2802.0
19.60065579613294,179.19372438296358,-58.88094003701603,-12.829475184888176,-12.39697385150413,3.995348837209302,-6.354726343223737,-32.24331339659628,-10.747824445335471,11.696024347322464,0.2472,0.49400000000000005,18.4,0.06639999999999999,0.020800000000000003,0.10559932727434733,-0.43115098458522666,2.2492311547714516,0.7143274853801169,0.8943240454076367,0.845812908496732,0.7741830065359477,0.5995689284485723,0.5310334967320262,0.7188888888888888,0.934375,0.959375,0.9162573099415205,0.7950739594083247,0.7185416666666666,0.31958741830065357,0.8930811403508774,0.8842105263157893,0.0,0.0,0.0,0.0,0.0,0.0,0.0,0.0,Julian Antonio Rojas Alarcon,2802.0
19.756044487301537,192.27346750677586,-62.56877783861594,-13.18194405482662,-12.714276394168238,3.990243902439025,-11.789192668687042,-29.967630241181563,-9.990778967366513,11.084800585175017,0.1848,0.48580000000000007,15.0,0.0616,0.0048000000000000004,0.10137105602444536,-0.5526426262541455,1.7979959557756189,0.8396927803379416,0.878048780487805,0.7494395701271988,0.8099545982472811,0.6900893898173338,0.5761350883419646,0.540605449991286,1.0,0.8915662650602411,0.7779547515575499,0.658267355134825,0.909090909090909,0.7766228316661047,0.7044406196213424,0.8742168674698796,0.0,0.0,0.0,0.0,0.0,0.0,0.0,0.0,Julian Antonio Rojas Alarcon,2802.0
18.246360262544478,177.23868359710463,-75.84496512741296,-16.331266102318732,-13.884805637779792,4.0,-8.353570114096431,-44.13209115445957,-10.504345785793154,13.36111366703472,0.20939999999999998,0.49280000000000007,26.4,0.036599999999999994,0.0,0.21169611090663726,-0.08446939025886392,1.8484581646423752,0.6420757427164749,0.7059401468097121,0.8044927536231883,0.690600414078675,0.5327272727272727,0.4314293639236431,0.49782048996007805,0.6146677959721438,0.5978881987577639,0.7534886128364389,0.6692207792207793,0.6751743984467098,0.43423449929170754,0.5296707678286625,0.8377853725222145,0.0012422360248447201,0.0,0.0,0.0,0.0,0.0,0.0,0.0,Julian Antonio Rojas Alarcon,2802.0
20.341804056705126,188.04038535173532,-68.05114007342345,-14.179351577163061,-14.964891520777039,4.0,-8.849187639805123,-32.71888501679523,-10.395431744061492,9.056607425178495,0.20299999999999999,0.507,13.4,0.0364,0.0038,0.0930302735366625,-0.27700352289832414,2.285512999977482,0.8430508474576272,0.9123809523809523,0.9,0.8709030100334448,0.7041126356380594,0.5644678987051869,0.8054391810324013,0.8409109730848862,0.8312446924237639,0.7947538337368846,0.8457627118644068,0.8129315756434401,0.7005128205128205,0.9391304347826086,0.9915254237288135,0.0,0.0,0.0,0.0,0.0,0.0,0.0,0.0,Julian Antonio Rojas Alarcon,2802.0
19.787186247310302,197.60027449947023,-55.44240256949358,-10.511190239533386,-12.194461031076855,3.9870129870129873,-13.674364166111435,-26.654910384331117,-10.082904164800718,13.688414429346935,0.20980000000000004,0.5398,12.4,0.0354,0.0,0.0592311284174194,-0.21879653497609758,1.4388787323553935,0.8620132141469101,0.864516129032258,0.8220828698553948,0.7260409379453298,0.6517673921492422,0.5569097859737058,0.5205232275040093,0.8043373493975905,0.8482758620689654,0.7706335017489312,0.8604586086280606,0.3811653789797678,0.693364849833148,0.7328735576343192,0.7989516129032258,0.0,0.0,0.0,0.0,0.0,0.0,0.0,0.0,Julian Antonio Rojas Alarcon,2802.0
19.038653536479625,185.1937941285767,-70.96899213890933,-14.328997894215286,-12.55121683852533,4.0,-6.032887402452619,-45.40793385358603,-9.448030471943515,12.800074321813455,0.24180000000000001,0.5176000000000001,14.4,0.0,0.0,0.01892728849250592,-0.5331103678929766,1.7788926049795613,0.8118253968253967,0.8591691995947315,0.7434393691194249,0.6274315563140378,0.9352380952380953,0.46921546726179847,0.6869620802519988,0.900952380952381,0.782341984256878,0.9562260792167333,0.7830825024382392,0.7952647975077881,0.23520260268222085,0.9563684913217625,0.7343532116896603,0.0,0.0,0.0,0.0,0.0,0.0,0.0,0.0,Julian Antonio Rojas Alarcon,2802.0
21.16217248290419,224.7700021870754,-61.65069394665649,-13.826458899629632,-11.763457708200738,4.0,-1.91640736762688,-39.098734415807584,-8.91155643960522,9.865920884213567,0.202,0.5038,12.4,0.036199999999999996,0.0054,0.140519412470632,-0.28659727440215244,2.499049108805207,1.0,0.9878048780487806,1.0,0.7423648400940243,0.37793693192554906,0.7130318518039293,0.7861754054479609,1.0,0.9341463414634147,1.0,0.7350467329752328,0.6398689485604931,0.49543615818775094,0.8595496772161864,0.9885057471264368,0.0,0.0,0.0,0.0,0.0,0.0,0.0,0.0,Leon Luke Mendonca,3039.0
19.747899847184847,181.66196105372973,-61.76382560713956,-15.627855271926686,-11.959134422875612,3.979079076487941,-4.444128245245986,-35.293737962569985,-10.341047839950816,11.922999058941585,0.2028508158508158,0.4437202797202797,19.75524475524476,0.0501142191142191,0.0064895104895104,0.0962718209375542,-0.2099300119625844,1.9900470746985968,0.7292502501999686,0.8822219650100435,0.7817521415274504,0.6562707216937944,0.6116739181759373,0.5546517275778385,0.5814061439271242,0.8811725647968706,0.8755798285131786,0.845710931542637,0.6664899093542964,0.5661088266822997,0.5382042289667693,0.7557624588268018,0.8456560947550396,0.0485053569550085,0.0537028941183053,0.0148148148148148,,,,,,Leon Luke Mendonca,3039.0
16.318797619047622,147.50301785714288,-60.49922546532501,-17.704761904761906,-11.492963560563116,3.9973333333333327,-1.5785416666666667,-33.98032738095238,-11.20282142857143,11.462857142857143,0.19580000000000003,0.43879999999999997,22.2,0.0648,0.0032,0.01468452380952382,-0.33166666666666667,1.7855833333333337,0.5490117551246837,0.983011744966443,0.7158275028290062,0.5475690001689923,0.6377648803775771,0.7133721965380715,0.6068875422395801,0.7344693791946308,0.7768888664236396,0.8789520816232919,0.6121260290425378,0.5960729654531408,0.5072154525883027,0.41732336753246047,0.671576690934803,0.0,0.0,0.0,0.0,0.0,0.0,0.0,0.0,Leon Luke Mendonca,3039.0
23.16933621933622,213.73733044733044,-69.77867539543476,-14.197113997113997,-14.001482033241388,4.0,-2.1660173160173164,-43.68787878787879,-9.242380952380952,9.516197691197693,0.25680000000000003,0.23759999999999998,12.2,0.07139999999999999,0.015999999999999997,-0.010721500721500698,-0.4502308802308802,2.182265512265512,0.912046650547575,0.8021049637320438,0.9305383196377661,0.832891360937519,0.7927347258061239,0.6790240899763016,0.7445312762032533,0.766974825771583,0.778547456148358,0.899778592459407,0.7967460051268537,0.7401709038991585,0.44482662469854584,0.7673544433094995,1.0,0.0,0.0,0.0,0.0,0.0,0.0,0.0,0.0,Leon Luke Mendonca,3039.0
20.60691835012518,193.14374851390983,-53.473346202557266,-15.671998564028925,-11.137878626131437,3.9976470588235293,-6.71451647870054,-24.025198145359433,-10.909380434427874,10.987978987267413,0.1782,0.4699999999999999,14.8,0.059800000000000006,0.02,-0.09372886255239196,-0.1344356120826709,2.4970232972320257,0.7903809708381357,0.8236340754556402,0.8916422964445129,0.5033813408597545,0.7538906285717062,0.6388718541530919,0.6810799783759525,0.7652875082617316,0.7592861863846663,0.8313813615333775,0.774497913063948,0.6457558461184613,0.649813342879677,0.8546655922643029,0.8781305398871877,0.0,0.0,0.0,0.0,0.0,0.0,0.0,0.0,Leon Luke Mendonca,3039.0
18.02090714591356,177.2253943802596,-63.35522441047451,-15.248076831645509,-11.42537227335664,4.0,-3.577014691199543,-39.88664717348928,-9.476238767650834,12.258125326867304,0.1974,0.4684000000000001,16.8,0.036199999999999996,0.01,0.04821043122711929,-0.335729567821994,2.1776479817429752,0.7712423534712475,0.8980994152046783,0.8079717586649551,0.5952730155683258,0.5341990156989618,0.6632862644415918,0.44988824637385577,0.8226608187134502,0.9097953216374268,0.8942083868207102,0.8842105263157893,0.8170731707317073,0.4868677792041078,0.7872807017543859,0.8947368421052632,0.02222222222222222,0.0,0.0,0.0,0.0,0.0,0.0,0.0,Leon Luke Mendonca,3039.0
18.554061066840138,185.31193250935112,-42.406179277556156,-13.413231419743047,-10.20351807248215,4.0,-2.303419051878354,-23.232536997885834,-9.15071779964222,11.89724406407546,0.20600000000000002,0.38099999999999995,17.6,0.066,0.0,0.07421035940803382,-0.7196530330134981,1.9533662790697677,0.7191303491600858,1.0,0.9103448275862069,0.4859394881711193,0.6516772681620355,0.6445337902151151,0.6604471227169586,1.0,0.9977011494252874,0.944,0.9228737864077671,0.5327878059827881,0.6346042261564819,0.8059517917199243,0.9411764705882353,0.0,0.0,0.0,0.0,0.0,0.0,0.0,0.0,Leon Luke Mendonca,3039.0
18.645312525499797,176.56448796409626,-82.67013348091992,-12.753492452060382,-20.333029441752224,4.0,-6.005526315789474,-47.380840473276216,-9.631767441860465,9.434522643818848,0.2004,0.5504,17.2,0.027599999999999996,0.0106,0.045816605467156234,-0.5075952672378621,1.7118635250917993,0.6876453488372093,0.962,0.9232558139534884,0.8906976744186046,0.6740094619243047,0.7191608527131783,0.5691298449612403,0.9015019379844962,0.9550697674418605,0.8271317829457365,0.6632401960784314,0.7297107843137255,0.30823586411308707,0.85625,0.93125,0.0,0.0,0.0,0.0,0.0,0.0,0.0,0.0,Leon Luke Mendonca,3039.0
20.16259018759019,180.04743867243866,-71.51574724610865,-15.756132756132757,-11.789953595314989,3.9904761904761905,-6.909271284271284,-41.628607503607505,-11.113095238095237,11.690836940836942,0.18839999999999998,0.4628,22.8,0.05319999999999999,0.0,0.0166305916305916,-0.14307359307359307,1.2685786435786437,0.7158982989721705,0.9165354330708662,0.7554607200817454,0.5588611364592612,0.46603180741022693,0.42795077752906946,0.5784392582433094,0.9239406142934422,0.7956722966881048,0.6984084436253979,0.3325992568512765,0.656536635210675,0.5157660635931959,0.6024163010158081,0.6490833683957444,0.0,0.0,0.0,0.0,0.0,0.0,0.0,0.0,Leon Luke Mendonca,3039.0
20.487196130339576,168.7043124779844,-76.31683499754895,-17.18711129994589,-12.169151237703208,4.0,-4.729254138931558,-47.69850239493341,-11.478637774945257,12.945821848910388,0.2082,0.3236,21.0,0.0502,0.0248,0.08252857033914,-0.0655442617831087,1.5537065725397912,0.6169160346371377,1.0,0.8227649769585254,0.57281798952911,0.6199951673311587,0.5420991429432791,0.40901437589937073,0.792583659933675,0.9218424566088117,0.8869661340568786,0.49164264446348904,0.5827035330261137,0.554988586933115,0.6141506286098835,0.9383177570093458,0.0,0.0,0.0,0.0,0.0,0.0,0.0,0.0,Leon Luke Mendonca,3039.0
20.63329264720242,194.98790319955737,-47.25501598448297,-14.26009829769228,-11.094722393362298,4.0,0.9876232789766626,-28.04713081404811,-9.883400058588027,11.042712300231099,0.1848,0.6639999999999999,17.6,0.0492,0.018000000000000002,0.12152459069752305,-0.20479119877616117,1.577949744491098,0.9081632653061223,0.9340111642743221,0.7010254245238765,0.608996517267194,0.557631109860212,0.7137741412354416,0.8196172248803828,0.9526315789473685,0.9421052631578947,0.9589304812834225,0.959090909090909,0.5706246134817563,0.5126505338977696,0.7559903961584634,0.8151085888901015,0.0017543859649122799,0.014035087719298239,0.0,0.0,0.0,0.0,0.0,0.0,Leon Luke Mendonca,3039.0
19.19623077063118,175.8725644377287,-59.68688831317145,-16.725687341841287,-10.939540573361885,4.0,-6.665367656429209,-31.826556827905115,-10.682220029492617,13.152484115858652,0.18519999999999998,0.4233999999999999,19.2,0.0382,0.004,0.08029194050501555,-0.08285270075916178,2.340053669282164,0.6294915254237288,0.8222886597938144,0.8504987502753952,0.6848135593220339,0.6822994932727591,0.5517505007761714,0.4805563819523053,0.9653333333333333,0.9422500614099729,0.6866440677966101,0.5553220338983051,0.7621009959811287,0.7168852861704741,0.913319587628866,0.9719999999999999,0.0,0.0,0.0,0.0,0.0,0.0,0.0,0.0,Leon Luke Mendonca,3039.0
17.189747554607973,141.4813479957206,-59.7091098601505,-15.718406855168535,-12.514764203847749,3.975873015873016,-4.8550619046064245,-32.60167179823365,-11.218075774749298,13.222997660582143,0.1966,0.30779999999999996,25.4,0.0368,0.0024000000000000002,0.08698314462933913,-0.5081849235537157,1.4688554987203237,0.5175353199418946,0.7867254695453748,0.7442761915770817,0.3736257151100898,0.5810987162782972,0.3449589047755845,0.2509662091208482,0.8350364119754943,0.6471428509933007,0.9203791469194312,0.6442360967709385,0.4873711995764186,0.39426699557870404,0.8625649517501286,0.7966252247459378,0.0,0.0,0.0,0.0,0.0,0.0,0.0,0.0,Leon Luke Mendonca,3039.0
20.718757948026816,205.72508146727486,-50.165222938356635,-16.316414403206856,-10.779296042925026,3.99375,-2.790490877047481,-26.125715322413434,-10.731754613311216,12.584698320547378,0.19240000000000002,0.6319999999999999,16.0,0.0246,0.0,-0.019762423111479722,-0.3598928744211763,2.391610252954593,0.9154929577464788,0.9553846153846154,0.9015137554297749,0.6353798226695423,0.7250986388014162,0.6955108460492164,0.5724017915303949,0.9692307692307691,0.9794871794871796,1.0,0.7825449317038102,0.805055976886963,0.5889201877934271,0.6970770513326785,0.7670639219934994,0.0,0.0,0.0,0.0,0.0,0.0,0.0,0.0,Leon Luke Mendonca,3039.0
20.12008534636387,180.9246808120923,-58.75208776439251,-16.807656195539753,-10.312443788005806,4.0,-8.956845060700292,-27.8071975231692,-11.126072913012331,12.258127716034876,0.20939999999999998,0.49820000000000003,21.4,0.06699999999999999,0.007000000000000001,0.1209159899167767,-0.07090567735729023,1.6712455187671555,0.7003139129008831,0.902803738317757,0.729744418675475,0.7315904139433551,0.6667918118034275,0.5779028905791218,0.4684406162679112,0.8886218286597793,0.8869708631115998,0.6519975572613499,0.4548504949263962,0.39215957892011727,0.6650128768219175,0.9340595497458242,0.8046805819101834,0.0,0.0,0.0,0.0,0.0,0.0,0.0,0.0,Leon Luke Mendonca,3039.0
18.173917410502778,171.20173593344325,-46.107250240510986,-15.959463300926714,-10.070037588664187,4.0,-4.474415828074365,-21.474358974358974,-9.978691227471716,11.84971667898497,0.23200000000000004,0.41200000000000003,16.8,0.0216,0.0,0.1282458733678246,-0.14361817044743871,2.146176587640002,0.6818330385732907,0.968939393939394,0.8594127397584655,0.5817381726332709,0.4259413396689814,0.40385840542144213,0.7210721089285156,0.990909090909091,0.9185872812633376,0.845380635624538,0.940909090909091,0.5343282457537726,0.43824815510937454,0.6710163304037227,0.9313551210173664,0.0,0.0,0.0,0.0,0.0,0.0,0.0,0.0,Leon Luke Mendonca,3039.0
21.588558673469386,203.72876275510205,-57.79767125098338,-15.002295918367347,-11.322773291799713,4.0,-3.216772959183673,-31.85242346938775,-9.601683673469388,9.19827806122449,0.18939999999999996,0.4554,13.2,0.049199999999999994,0.0278,-0.10176020408163264,-0.5672704081632652,2.0660714285714286,0.8336805555555555,0.8609375,0.8882154882154882,0.8336700336700338,0.8240324875741543,0.5738289642456309,0.7692536475869809,1.0,0.98125,0.853125,0.8754464285714285,0.6804123577040244,0.5270698051948053,0.7059034792368125,0.9901234567901234,0.0,0.0,0.0,0.0,0.0,0.0,0.0,0.0,Leon Luke Mendonca,3039.0
20.02239415514063,204.9193298485552,-62.52660262774789,-15.919603870308094,-10.558667159460313,4.0,-0.5173154310478252,-40.86372430386515,-10.801548451548452,12.134256588481941,0.193,0.3794,21.8,0.0388,0.0078,-0.005445141712747359,-0.08191362627982342,1.5732503412080878,0.8802816901408452,0.8985915492957746,0.5713958576634633,0.608543451853311,0.8270212182184012,0.5502359612218767,0.39899802075858415,0.8357226107226108,1.0,0.9197183098591548,0.4412014042295732,0.7100830624774287,0.1417356118060343,0.6535339308578745,0.8243048031780427,0.00985915492957746,0.0056338028169014,0.0,0.0,0.0,0.0,0.0,0.0,Leon Luke Mendonca,3039.0
16.949683471101924,148.06330085873304,-72.48212331086089,-17.497106809141798,-11.63299935548413,4.0,-3.0601267680249435,-47.26862021012036,-10.947187297476242,13.923917129386577,0.19380000000000003,0.5126000000000001,28.6,0.08600000000000001,0.014000000000000002,0.1954324529110331,-0.23133539114065288,1.5865530534434307,0.4971333561357504,0.7378004812696192,0.5161473679000672,0.5127956586653999,0.5312523643785312,0.40178934315874687,0.6196257175353611,0.80872552490564,0.7783960169545414,0.8014105062578494,0.5423151612210428,0.5106103446965378,0.42154624808834384,0.6628955269258541,0.757023144453312,0.00447547440028642,0.014035087719298239,0.0,0.0,0.0,0.0,0.0,0.0,Leon Luke Mendonca,3039.0
18.913154456445596,155.11389407490674,-61.354517572504776,-15.139113435315968,-12.80945102313444,4.0,-5.673188016225991,-34.45614502386655,-10.641776550510727,13.365156476548881,0.1728,0.541,18.6,0.04820000000000001,0.0158,-0.011874786178583636,-0.5727338188097681,1.6731904598993208,0.5712185631394664,0.7562583512220841,0.7916565487149538,0.720003992015968,0.5624499679885512,0.5975905547395775,0.5241680805277567,0.8173453093812375,0.7084186344292547,0.89937106918239,0.5736188754566339,0.6428200203366851,0.2810568955100694,0.7276654769122398,0.7891410376165023,0.0,0.0,0.0,0.0,0.0,0.0,0.0,0.0,Leon Luke Mendonca,3039.0
20.422976352240944,180.99394675310285,-67.25739767484613,-17.403037815028306,-12.046147644790148,4.0,-6.370035996812013,-37.736155820413174,-11.346018886303913,13.64399848850141,0.1694,0.5274,32.8,0.047,0.008,0.43739800756648534,-0.082478619195602,1.841360726019768,0.709127071552716,0.9008933685833884,0.6162624733885402,0.8413213981244672,0.6206953719692592,0.45386200965757856,0.39713323934479716,0.7859709676629703,0.9515345268542198,0.9264705882352942,0.955072463768116,0.4133850357362527,0.1799761332589862,0.5567347188563315,0.8788830138797092,0.0237037037037037,0.00888888888888888,0.0029629629629629598,0.0,0.0,0.0,0.0,0.0,Leon Luke Mendonca,3039.0
18.41203425229741,144.74309941520468,-61.775616996715144,-15.922055137844612,-13.441297865553906,4.0,-5.603467000835423,-34.91146616541353,-10.07890977443609,14.181578947368422,0.21139999999999998,0.3976,20.4,0.055999999999999994,0.0102,0.23167084377610694,-0.04746031746031742,2.0042564745196323,0.42973889965040407,0.9476190476190476,0.7196288868855241,0.6575804726247204,0.7062951797465071,0.7351568432864368,0.48626794825984865,0.9302808302808302,0.8111111111111111,0.8015289528563866,0.4107417849580742,0.5861314334540674,0.5068668688137714,0.8593406593406593,0.974501274936253,0.0,0.0,0.0,0.0,0.0,0.0,0.0,0.0,Marcos Lianes,2916.0
22.05590266905123,206.20281173758818,-60.34320053221224,-14.858584518187564,-10.926900815007345,4.0,-7.130160559947048,-34.76768241133217,-9.513294860045061,12.853422632306955,0.23279999999999998,0.4316000000000001,16.8,0.0316,0.0,0.15310191019292863,-0.21883597883597883,2.0200319549988754,0.8288888888888888,0.8432816537467701,0.8228663817824243,0.9447089947089946,0.6527587055494032,0.5539662309981584,0.5322112105911869,0.9587301587301587,1.0,0.9525423728813559,0.49740788708072897,0.5653808293343177,0.5013353062505604,0.8925495262704566,0.8066137566137567,0.0,0.0,0.0,0.0,0.0,0.0,0.0,0.0,Marcos Lianes,2916.0
18.922626805108013,175.16695369375822,-71.02555149471372,-16.20083542188805,-11.636880412245656,3.995918367346939,-9.602571905955363,-38.9233440744719,-10.681158252774795,12.023320205275093,0.2158,0.3646,20.8,0.0898,0.0084,0.2264011218522497,-0.29165652225802596,1.749640171858217,0.5964351807789516,0.845578231292517,0.8900226757369614,0.7872846673646141,0.6150017901897601,0.6889434254714544,0.5269697752518729,0.8469789603605153,0.6692519423936574,0.6587070448876864,0.4683107708995212,0.6021547237593683,0.5618071701254341,0.9,0.9204081632653061,0.0,0.0,0.0,0.0,0.0,0.0,0.0,0.0,Marcos Lianes,2916.0
16.18041152386296,147.5312079846829,-70.74785046449773,-17.319594253676218,-11.989417773367343,4.0,-8.917967514460667,-39.964993104357646,-10.783184212544551,14.227306393908691,0.196,0.21680000000000002,22.6,0.0498,0.0,0.2117691110205147,-0.09498161386286483,1.6341974535233703,0.4813439680957129,0.8949920508744038,0.8347438330170778,0.5820418743768694,0.651221175184125,0.4094645740198758,0.439332132634355,0.8259572285758244,0.7655274629468177,0.8382352941176471,0.30646125442330374,0.3589003955874312,0.6895481298041359,0.8484658926446468,0.9237288135593221,0.037823947512301774,0.01016949152542372,0.0,0.0,0.0,0.0,0.0,0.0,Marcos Lianes,2916.0
17.956477161155682,163.2669513973618,-53.7883245229861,-15.365443692666673,-9.83814380875613,4.0,-8.742600945678921,-26.217480887179924,-10.563260620401524,12.93860543169709,0.2566,0.46440000000000003,17.8,0.0636,0.0,0.17572756066600112,-0.2342238818846206,2.09642227727043,0.5428609131816493,0.8786682088565764,0.6371262302057964,0.6902941176470588,0.6975543916196616,0.4712592689838749,0.5129457487166021,0.863995373430271,0.75031304040779,0.8426470588235293,0.7194481163251817,0.5050082390967777,0.39460343688037014,0.7564423851732474,0.6305804036252026,0.0,0.0,0.0,0.0,0.0,0.0,0.0,0.0,Marcos Lianes,2916.0
18.170177028974017,165.66430536119287,-43.31051101353859,-16.58281688393159,-9.507858336388972,4.0,-3.362564714154735,-18.735992099875226,-10.497780933538305,11.376501954350239,0.24939999999999998,0.5332,15.2,0.0854,0.0038,-0.12855798595073792,-0.27382963029346274,2.1594367197248054,0.6500195654367348,0.9441176470588235,0.6769386671813927,0.7207305892004052,0.5167551205731005,0.5174523256987186,0.6133736340385957,0.9383631713554987,1.0,0.8323529411764705,0.6765304251314964,0.6846524064171123,0.4523483788324786,0.7960213289581624,0.7523210925059113,0.0,0.0,0.0,0.0,0.0,0.0,0.0,0.0,Marcos Lianes,2916.0
20.65719524078158,193.09570234370995,-70.19101705619767,-16.995025385917227,-14.319869817877748,4.0,-8.502346274167907,-35.84754346376737,-10.151828298887123,11.625596184419715,0.2184,0.3806,19.0,0.0314,0.0,-0.0009667162418585229,-0.45744909995384375,2.1090389250730808,0.7550150492466878,0.8992109038737446,0.7453505892834916,0.6528165088307635,0.742472848976449,0.5978449361883257,0.6303277223071417,0.9308603693247559,0.9150684931506848,0.7166136724960255,0.5306425970562593,0.4439557253446524,0.9823529411764707,0.943795326349718,0.9753424657534246,0.0016260162601626,0.0,0.0,0.0,0.0,0.0,0.0,0.0,Marcos Lianes,2916.0
18.200504483376232,176.122103283379,-80.97645813985844,-17.092187406493537,-13.362029387474744,4.0,-8.899292567131589,-46.54610499758314,-11.126523402272394,12.049679621096967,0.17239999999999997,0.26560000000000006,16.2,0.019200000000000002,0.0,-0.011763900114065983,-0.04816053511705684,1.5108120478474265,0.5817595695790635,0.7935843054082714,0.9186895970220931,0.7577997827806755,0.771333219729076,0.7666289258056753,0.4634936302724558,0.8585365853658538,0.7585129055174047,0.8373668008524746,0.5715215904698665,0.3761732243655424,0.3613411712724209,0.846728971962617,0.8662821569888315,0.00194174757281552,0.0,0.0,0.0,0.0,0.0,0.0,0.0,Marcos Lianes,2916.0
18.845311702680124,169.17508049402787,-68.19203058733635,-17.421702905913428,-13.906098188772372,4.0,-4.630671272776537,-37.57077265235159,-11.294751744225428,12.631966176703019,0.18319999999999997,0.4168,22.4,0.0558,0.0076,0.0735993135993136,-0.17112827112827111,2.358714805030595,0.6131868765770296,0.8213033852594291,0.8996607495069033,0.6995125609298837,0.45827356808632225,0.4232370302824572,0.5997600116130877,0.8976190476190476,0.8037515597955158,0.7790141946542396,0.5638922277572446,0.6796173411544182,0.5729927884120147,0.8022229573374334,0.8243877148492533,0.00934669725878516,0.00828402366863904,0.0,0.0,0.0,0.0,0.0,0.0,Marcos Lianes,2916.0
21.392476414068955,189.7860131081257,-70.21046064302168,-15.864658058345288,-12.375753456377625,4.0,-6.65996043650276,-43.88108125733664,-10.321305595408896,14.892298160949522,0.22679999999999997,0.5162,19.6,0.024399999999999998,0.0,0.05964142863353768,-0.00909090909090908,1.882432285552802,0.7148251331651247,0.7283301361530904,0.8850733525582577,0.6737481522542498,0.5186850340962821,0.42158203886523493,0.6904097216912608,0.8924242424242423,0.7447829854474093,0.8797348484848484,0.5337100504625736,0.4128481593295089,0.5848908864767074,0.7899359979101359,0.9432835820895523,0.0,0.0,0.0,0.0,0.0,0.0,0.0,0.0,Marcos Lianes,2916.0
19.100257124292213,188.33678362573102,-71.99287282619815,-17.91021999443052,-10.246013548373957,3.9746031746031747,-5.848275782047712,-41.41165877657106,-11.61278334725703,11.061475447878957,0.2172,0.3704,25.6,0.11499999999999999,0.0052,0.08658730158730159,-0.1439153439153439,1.6641924255082148,0.784701501480772,0.8206349206349206,0.6869897966912282,0.5988022202746128,0.39668756689770895,0.6764623624500926,0.3447231645939419,0.8312428993410588,0.8370424470628969,0.6614410577682561,0.3393580263349102,0.40896383651093593,0.5296681435352452,0.7566345316609094,0.9099305930662094,0.0,0.0,0.0,0.0,0.0,0.0,0.0,0.0,Marcos Lianes,2916.0
20.273438344966358,202.3079621769477,-57.41377696038434,-15.028133056655975,-10.514808841161548,4.0,-9.981333710620637,-26.960752688172043,-9.880433880399924,10.951685216625794,0.25739999999999996,0.4064,13.4,0.05740000000000001,0.0073999999999999995,-0.07022464314909134,-0.48460542036093807,1.6598676350374144,0.7816713483146067,0.9595505617977528,0.938936329588015,0.7848004159058632,0.5662366098600121,0.5526176771959579,0.7100455803875709,0.9019934758970642,0.9573033707865168,0.88125,0.3508150712020808,0.4236547417143665,0.5235511801286128,0.9490959119496856,0.844943820224719,0.0,0.0,0.0,0.0,0.0,0.0,0.0,0.0,Marcos Lianes,2916.0
17.265810122791255,169.32422608837703,-65.82914065309754,-17.035051321843774,-11.780065807607588,4.0,-2.5864085599934645,-38.34973862615372,-11.136595605652209,11.05871926815323,0.1982,0.40119999999999995,21.4,0.06420000000000001,0.0128,0.31082196629366443,-0.43521631408423855,2.016731737863813,0.7034734133790738,0.847979797979798,0.6738334830787661,0.5219496855345912,0.7321383647798742,0.5750522747692559,0.48130591630591635,0.9366666666666668,0.8821717171717172,0.89,0.5305103596613031,0.7173953823953825,0.535779493043644,0.7377328541479484,0.8414884696016772,0.0,0.0,0.0,0.0,0.0,0.0,0.0,0.0,Marcos Lianes,2916.0
19.13102969682547,178.46953313195297,-64.44232022196344,-16.080877634311015,-11.983118555395018,3.998723749775185,-6.928244750071955,-35.77946342533429,-10.491783970776382,12.822444364150032,0.2105493827160494,0.4620308641975308,19.25925925925926,0.0557191358024691,0.005787037037037,0.084317217070953,-0.2087688170019735,2.0314476941787545,0.6936158768952987,0.8803803620328816,0.8065045159839974,0.672689181828489,0.6074123459753047,0.5923690864551251,0.5584157423960715,0.8844165309899689,0.8492034583173541,0.828639304918274,0.5392237788302954,0.6001514677654456,0.543604445163584,0.7916475436948929,0.8511272178634252,0.0483396646338428,0.0592036697234433,,,,,,,Marcos Lianes,2916.0
20.58992067046254,216.6416036242083,-54.503497600232166,-15.619010300044781,-10.08383595030574,4.0,-9.813113764314505,-23.520574099545776,-10.17057529908515,10.703611813063784,0.23219999999999996,0.40680000000000005,16.8,0.07619999999999999,0.0,0.29287953425884455,-0.3387795086686712,1.4908739044207022,0.9052631578947368,0.9775280898876405,0.7050577611904894,0.9595505617977528,0.7863643791495676,0.7208734785063247,0.5475380047136346,0.8065759637188208,0.7680272108843538,0.9101123595505618,0.44034006854371405,0.7131410771721836,0.4416328431084907,0.746551724137931,0.8048909218859958,0.0,0.0,0.0,0.0,0.0,0.0,0.0,0.0,Marcos Lianes,2916.0
17.25256394550247,155.7610946456765,-71.9327516967343,-16.366347184825592,-13.540425331730125,4.0,-5.49460735179471,-42.75691646521623,-10.96194201502853,13.187486651860876,0.21539999999999998,0.24580000000000002,22.4,0.1242,0.012199999999999999,0.4150833862891409,-0.04301332739354788,1.9744193422997889,0.4890657500909916,0.8836377473363776,0.6559333757200931,0.5369173740962718,0.6389252700746185,0.5413478989653777,0.350595339927634,0.8390769319692503,0.7762975165212029,0.7016912284036293,0.395006853779306,0.5428972613658448,0.5207413594683892,0.8944444444444445,0.9783713850837138,0.0,0.0,0.0,0.0,0.0,0.0,0.0,0.0,Marcos Lianes,2916.0
20.23132770349519,206.4554455747816,-57.37708188704367,-12.885150611968925,-11.830049539621932,4.0,-3.7850165066026404,-34.29754237902058,-8.368528273378317,9.78920542354873,0.2412,0.516,13.8,0.082,0.0,-0.0064483724524291965,-0.26830459770114945,1.9222564888024174,0.7950980392156863,0.9428571428571428,1.0,0.681920768307323,0.8253848907984246,0.4797541472729442,0.737279473192786,0.7861678004535148,0.6917687074829932,0.9221488595438174,0.6973302303377491,0.7488800432453683,0.5218295739348371,1.0,0.9571428571428571,0.0,0.0,0.0,0.0,0.0,0.0,0.0,0.0,Marcos Lianes,2916.0
20.425255968980245,190.1957483329439,-75.99848883337164,-16.795143934376817,-12.597938528580013,4.0,-11.480980248340549,-39.78434885611539,-10.696504176799888,11.356426910841014,0.18880000000000002,0.42940000000000006,15.6,0.1062,0.0176,0.22218776312387578,-0.252163716453218,2.319187839857538,0.8737864077669902,0.8487804878048781,0.7109146912955705,0.9966101694915255,0.7097216968492933,0.6089926477524006,0.6448195314600833,0.8804347826086957,0.799976320151551,0.854439971584182,0.4945313428578221,0.6678624321211124,0.8248477867368766,0.978048780487805,0.9708737864077669,0.00194174757281552,0.0,0.0,0.0,0.0,0.0,0.0,0.0,Marcos Lianes,2916.0
16.21238181426417,170.54919887955185,-62.01984598352162,-16.08009480715363,-11.678323897764233,4.0,-7.738442146089204,-33.43009911656971,-10.35100064641241,13.25811463046757,0.2552,0.4462,18.8,0.06639999999999999,0.008,0.09841413488472314,-0.12676923076923075,2.1827907778496014,0.7245707214924805,0.8616666666666667,0.6293797130502687,0.734625850340136,0.5334290997952579,0.4012495095125429,0.43198797965788255,0.8894117647058823,0.7070112316771369,0.9398058252427184,0.44868747498999595,0.6161360466516703,0.6280823008815176,0.7410324129651861,0.7815580601172508,0.00194174757281552,0.0,0.0,0.0,0.0,0.0,0.0,0.0,Marcos Lianes,2916.0
21.831231501417836,219.64626357079774,-48.01801783645609,-14.991106202286327,-10.740933843844147,4.0,-5.171441136503249,-22.086478997193286,-9.338041927017082,10.309984270387996,0.1528,0.5646000000000001,13.6,0.0182,0.0,0.060108525015357316,-0.19583904708128305,2.4697929399792753,0.9821036106750393,0.9653846153846153,0.9081632653061223,0.7645211930926217,0.6430559916274202,0.9448979591836736,0.8959183673469386,0.9122448979591837,0.8861538461538462,1.0,0.559260422117565,0.7736752136752136,0.7000976800976801,1.0,1.0,0.0,0.0,0.0,0.0,0.0,0.0,0.0,0.0,Marcos Lianes,2916.0
20.82847366271095,195.47856306110543,-63.486818606130484,-16.032465320600917,-12.4287988915006,3.996296296296296,-15.541188385256183,-25.838210178888147,-11.319668260176735,13.677216133995794,0.2088,0.5782,21.6,0.0326,0.0054,0.12339702153261478,-0.33400453908928485,2.051017379830939,0.7882178481181008,0.9457379531486595,0.8899082568807339,0.8789915966386556,0.6819804999641697,0.5256446781081721,0.5659736720837625,0.7999020967610345,0.8757118381333114,0.9290203752733971,0.5443248532289628,0.5772456443676021,0.6592382349983079,0.6466964239510056,0.843188651607432,0.0,0.0,0.0,0.0,0.0,0.0,0.0,0.0,Marcos Lianes,2916.0
21.08111848248071,203.0568915404908,-63.408911026268456,-16.789322910948624,-11.646411368697333,4.0,-10.14836998629239,-31.727905182229666,-10.352184654376867,13.255283076276424,0.19599999999999998,0.5008,15.4,0.06420000000000001,0.0086,0.13054503174916848,-0.24914781739496844,2.348005265562739,0.8893258426966293,0.9098039215686274,0.9038381309970797,0.6188626299192878,0.6261286345759915,0.824025974025974,0.5982048764564831,1.0,0.9166666666666667,0.7601858925388336,0.6864047220609496,0.7132412372072903,0.4491759179493847,0.8724360506813292,0.8594224924012158,0.0,0.0,0.0,0.0,0.0,0.0,0.0,0.0,Marko Nenezic,2873.0
20.022107152191467,189.6427011058161,-59.60053054457959,-15.117808034293496,-11.818276912070102,3.98529469766644,-6.394364055798842,-31.83551672892388,-10.244370229997786,11.824510718838075,0.2097939393939394,0.5052484848484848,18.01212121212121,0.0502878787878787,0.0052818181818181,0.0918593320687882,-0.219356837099324,1.776376984023264,0.7762367056462595,0.8560419459836702,0.8185634546197255,0.7182630295434898,0.6680258110277695,0.6099059056088516,0.6134044337406684,0.8792961887609843,0.8701671785051264,0.8504027432570644,0.7059865937573686,0.6310605570895191,0.5256018469159877,0.8046868077639403,0.8403884622497413,0.0340545109734131,0.0490457760576537,,,,,,,Marko Nenezic,2873.0
19.594314673015084,193.83936515832548,-53.09580976415869,-17.556706403491624,-10.875368809764248,3.9581395348837205,-6.86789963342631,-22.83534860032808,-11.511663616820934,12.593037764788791,0.2052,0.5112,21.6,0.0842,0.004,0.12733058551116005,-0.04184637068357996,2.2652828065687163,0.8344495412844036,0.5635186184565569,0.7852017320689744,0.6311110682805232,0.44733135456017264,0.9131345565749236,0.5625712486829594,0.9416666666666668,0.8716666666666667,0.7408355819391977,0.5774734664508004,0.6141887030041374,0.7501376146788991,0.7401820728291317,0.6850035977693829,0.0,0.0,0.0,0.0,0.0,0.0,0.0,0.0,Marko Nenezic,2873.0
20.98117214527391,184.47257169287695,-90.83817372767268,-16.682857492850776,-15.876593728179577,4.0,-5.963297397133552,-55.83096310705038,-11.030752696006996,10.546290693548592,0.1742,0.5744,19.2,0.046,0.004399999999999999,0.09651646961421649,-0.3422694401851828,2.118672039672382,0.6878765396554715,0.49594830708711324,0.9591836734693878,0.7418122626153011,0.5874140448129994,0.40754538102957333,0.723480974639968,0.8862753348762185,0.8327075420510038,0.6196329091923637,0.9032944867772299,0.5967077631968118,0.3680094197201398,0.9131107126848947,0.8357142857142857,0.0,0.0,0.0,0.0,0.0,0.0,0.0,0.0,Marko Nenezic,2873.0
19.330775365925795,177.09952774832098,-70.61741328427249,-15.347706913093976,-12.966900649101783,4.0,-6.584262124786288,-42.980296780430095,-10.282964572467375,13.544717755607016,0.24180000000000001,0.4144,19.2,0.06799999999999999,0.0126,0.11370923597434732,-0.42227310436369675,1.2586056080968973,0.6701519804012752,0.851115221412251,0.8559466934875534,0.6250018551492694,0.47889588262654603,0.33991214608472237,0.5080457530209206,0.7474702064342497,0.8113712764728381,0.6308193018273865,0.48972864899550095,0.5991811134084353,0.5824019255316044,0.8443432265647957,0.9938144329896907,0.0,0.0,0.0,0.0,0.0,0.0,0.0,0.0,Marko Nenezic,2873.0
19.168529325081046,163.59900383141763,-64.34304865570684,-14.590667059632576,-12.797712178646226,3.9931034482758627,-10.165281461833185,-35.06850378229689,-10.253863837312114,14.539876215738285,0.2,0.4086,19.8,0.0498,0.0,0.05185381668140289,-0.12392965910207285,1.586373907063562,0.5673168819484609,0.8065751986804619,0.7273561253561254,0.6989325878799563,0.47615932994880356,0.5990495469442838,0.8123076923076923,0.876923076923077,0.7187049247049246,0.8438681318681318,0.7466560846560848,0.5230622282201229,0.326571599940021,0.6999103313840156,0.8002637362637361,0.01076923076923076,0.0,0.0,0.0,0.0,0.0,0.0,0.0,Marko Nenezic,2873.0
20.55433643007556,223.62729542920846,-50.80115970356103,-14.807833519137867,-11.750884465111863,3.9913043478260866,-1.9586845039018954,-27.074937445807013,-9.82567967298402,10.625555555555556,0.22399999999999998,0.33899999999999997,15.4,0.0518,0.0028,-0.03225517155951936,-0.04922383252818034,2.4972198686981293,1.0,0.7434782608695653,0.8504057971014494,0.6884927536231884,0.6276167471819646,0.7817725752508361,0.6239726247987117,0.9825925925925926,1.0,0.9173913043478261,0.5862225938312895,0.6564202898550724,0.4870936454849499,0.6732581444320576,0.8073719806763284,0.0,0.0,0.0,0.0,0.0,0.0,0.0,0.0,Marko Nenezic,2873.0
19.49607980505635,175.6500946796629,-59.05418206827862,-14.662539344095848,-11.549355943798982,4.0,-5.213852929231395,-33.21360417301249,-10.542766524520257,12.127936846380344,0.2192,0.5288,19.0,0.031,0.006,0.2725659965478729,-0.45955934612651034,1.1588597827190577,0.6697079398833784,0.9254237288135594,0.7634912196315704,0.7418532305013754,0.6159519385780915,0.6707199688116947,0.6115497898429805,0.8772050400916381,0.8473912052859423,0.6003561448111141,0.7289747223734735,0.5327007812288811,0.40881929910687365,0.7745987407599064,0.9308456326000185,0.0,0.0,0.0,0.0,0.0,0.0,0.0,0.0,Marko Nenezic,2873.0
17.293084476728545,150.45680790960452,-40.41650722815806,-13.453753026634383,-8.624976423745895,3.1904761904761907,-2.825887812752219,-20.53912429378531,-7.787784503631963,9.624542641915523,0.1814,0.323,13.0,0.0268,0.0,-0.005353779930051103,-0.0445574387947269,1.663114070486952,0.7775601590290856,0.9738095238095237,0.8290616686096912,0.7301665022568977,0.8570244821092279,0.7071957671957672,0.7108809374346097,0.9555555555555555,0.9169491525423729,1.0,0.8863492063492064,0.5932741458165186,0.44651062684960985,0.8496200639703464,0.7854697635488597,0.00677966101694914,0.0,0.0,0.0,0.0,0.0,0.0,0.0,Marko Nenezic,2873.0
19.473244631185807,181.86753657018363,-56.09137486943631,-15.318892001244942,-11.903519282757193,4.0,-1.4184640522875818,-34.68818082788671,-10.232385620915034,13.47006691565515,0.21459999999999999,0.48640000000000005,20.6,0.045399999999999996,0.013000000000000001,0.14428260192966075,-0.04636788048552752,1.4299828820417058,0.6532684963140598,0.8362962962962962,0.8298508905294065,0.5463882488780218,0.7359259259259259,0.7011852478801273,0.5983616766717346,0.9351851851851851,0.7307780442312817,1.0,0.8271895424836602,0.3693975016065579,0.21741116910393252,0.7516194625998548,0.9654320987654321,0.0014388489208633,0.0,0.0,0.0,0.0,0.0,0.0,0.0,Marko Nenezic,2873.0
19.60186706910111,205.1900890598763,-61.564938985476985,-15.261249388908961,-12.391969543571367,4.0,-8.833458739841719,-29.49786808935745,-10.659165515335726,11.078772291538248,0.187,0.5286000000000001,18.8,0.04479999999999999,0.012199999999999999,0.07081004102280697,-0.14904924862371668,2.613159039542018,0.8774774774774775,0.8345618345618344,0.9631578947368421,0.9073593073593074,0.5557326339205086,0.2870711908686592,0.6166211597790545,0.9387387387387388,1.0,0.7106152764114123,0.8738738738738739,0.7642241781482288,0.39501530238372345,0.8248480592517901,0.8905263157894737,0.0,0.0,0.0,0.0,0.0,0.0,0.0,0.0,Marko Nenezic,2873.0
18.580649403157487,162.33051076686118,-73.88799870397801,-16.762446017594264,-12.872152118173886,4.0,-10.48190934065934,-39.03874012667476,-10.562391687153816,11.829640586278051,0.2424,0.553,19.2,0.06820000000000001,0.022,0.1536716724425619,-0.07492427159543061,1.9229936786035169,0.6075048636276941,0.925,0.8775891665077247,0.6893268931224539,0.7747671895861148,0.5800879347065928,0.6300481912391124,0.7575821651090342,0.6788925948884227,0.9586666666666666,0.6961156542056075,0.5600867187996694,0.5769134719308284,0.7901306106554771,0.9214571810032425,0.0,0.0,0.0,0.0,0.0,0.0,0.0,0.0,Marko Nenezic,2873.0
16.5283608448856,154.3288149169854,-64.13331086901198,-16.375240523372547,-11.186854941624592,4.0,-5.839955511229684,-37.24315831480457,-11.46117117821937,13.973069600238784,0.21900000000000003,0.42519999999999997,22.6,0.0496,0.0104,0.10283760382575813,-0.3313728865039992,1.5465606899934126,0.5938014685002637,0.6982944766077296,0.6265934074361815,0.45799744821503496,0.5710718589577308,0.7539361872695206,0.36296344733676145,0.6726020966984823,0.6460752099306316,0.6484709400372051,0.9220815923627168,0.39169139784137086,0.4603654940524808,0.7540908610860059,0.6476957170717286,0.01428571428571428,0.0,0.0,0.0,0.0,0.0,0.0,0.0,Marko Nenezic,2873.0
18.505068946876996,165.7636714334857,-57.95433586884675,-13.465179288089507,-11.81735475593375,4.0,-7.67360361688535,-34.10529624715383,-9.927100692908743,15.034198732124429,0.2398,0.5168,19.0,0.05620000000000001,0.0,0.46475522138680037,-0.09821540780054708,1.2941306534309631,0.6089045846940584,0.9018518518518519,0.562044252044252,0.5502982202982203,0.7771957671957671,0.4264489506594769,0.7659454191033139,0.8573684210526317,0.772000962000962,0.8447619047619048,0.7095286195286195,0.42182932077668917,0.14824789245841874,0.6702220196957039,0.7480010632642211,0.0,0.0,0.0,0.0,0.0,0.0,0.0,0.0,Marko Nenezic,2873.0
19.765828451604314,175.39298417876006,-53.50117425085058,-14.387744641192915,-11.110741995935564,4.0,-12.346353126525539,-24.038304375804376,-11.403733857009719,15.785703745617539,0.1956,0.5294000000000001,19.2,0.1022,0.0066,0.20234833355523008,-0.16903985266054228,1.3914190298673057,0.6186107985431575,0.7444371610750252,0.872785502265271,0.8256504663721159,0.7236014499853043,0.6118992015929028,0.611071995914973,0.8534135291360725,0.8434052400532348,0.6000324913947463,0.6569894807335961,0.8002017756255044,0.40831868702993124,0.8284863673040779,0.836374896779521,0.00338983050847456,0.01016949152542372,0.0,0.0,0.0,0.0,0.0,0.0,Marko Nenezic,2873.0
19.056669501133786,209.06111678004535,-50.11113092924245,-10.371655328798187,-11.55273807209959,4.0,-6.9840561224489806,-26.793509070294782,-9.266598639455783,10.857426303854876,0.2044,0.4904,16.4,0.023600000000000003,0.004399999999999999,-0.01687358276643992,-0.05249999999999998,2.071950113378685,0.9146344846719379,1.0,0.9507692307692308,0.7223473492601368,0.4882056377722509,0.7903525398763493,0.6265349152561567,0.9555555555555555,0.8470333546524025,0.9081632653061223,0.6804631965145609,0.6780509057555607,0.6338775510204082,0.8125041892297109,0.8936577708006279,0.0,0.0,0.0,0.0,0.0,0.0,0.0,0.0,Marko Nenezic,2873.0
18.42567309859399,194.4196667880238,-53.89762559462663,-14.535814797478082,-10.701137149558058,3.9925925925925925,-8.165312956895107,-25.788996087677635,-10.2201600180302,11.521202822419863,0.23280000000000003,0.502,24.0,0.07300000000000001,0.011399999999999999,0.11749796293406845,-0.3403558653051554,1.96426928566888,0.7805275549769886,0.77191443000746,0.9227722772277229,0.7560206991572944,0.603104005062788,0.44241925089783346,0.33925335116548416,0.8776699029126214,0.8048174966750408,0.9186053669269072,0.7581667977011074,0.6496208660414065,0.5527637073399622,0.7556076646005888,0.7623227571754906,0.0,0.0,0.0,0.0,0.0,0.0,0.0,0.0,Marko Nenezic,2873.0
19.072890482729797,186.16805136778416,-69.7315601220781,-16.449776596909174,-12.795655973945422,3.9581395348837205,-4.897260388990058,-40.26619205948791,-10.627902312147357,11.347087674518116,0.2298,0.5956,21.2,0.0304,0.0036,0.19799982087948173,-0.09073324974375811,1.6039388477575105,0.8378262729995722,0.6990970072239422,0.6148123536962923,0.8726425438596491,0.33413005927659895,0.5817942340607616,0.5264245261647662,0.9033255776636715,0.7840460526315789,0.8569961489088576,0.5764892930856553,0.7500661984948023,0.5500425381962797,0.4639649720607114,0.68546955624355,0.0,0.0,0.0,0.0,0.0,0.0,0.0,0.0,Marko Nenezic,2873.0
19.7258854230813,185.41433416438537,-55.43201566278913,-17.425714843033962,-11.22277485768338,3.968181818181818,-3.930300164292138,-27.776452836282296,-10.646330232528259,11.601375452849087,0.2084,0.3944,20.8,0.0746,0.0086,0.119218118055135,-0.18023820332374335,1.5469380432691096,0.7692126171498226,0.7890199637023594,0.6272062204192022,0.7594446054283782,0.7296683087027914,0.601251964296365,0.7959229058561899,0.9230541141586361,0.7343904699325092,0.7005031544378186,0.5233797728902149,0.8820845070422536,0.5859099716264923,0.588861429922548,0.7813038229376257,0.01176470588235294,0.0,0.0,0.0,0.0,0.0,0.0,0.0,Marko Nenezic,2873.0
19.019518414298243,195.03638288075135,-45.81337779216587,-14.895599212834156,-10.892624137527335,3.991666666666667,-4.896812203999546,-21.050308883608785,-10.742382427485214,12.672682406622489,0.20620000000000002,0.547,24.8,0.009600000000000001,0.006,0.07322759643529846,-0.1182019937789538,1.409769072330445,0.7905060025956325,0.8685314685314685,0.7948943954272988,0.7403228566688309,0.5540625109358824,0.6445141042799021,0.36484971761796364,0.9849056603773585,0.7571761460441688,0.7311064308085162,0.7375389258209516,0.48063625795777953,0.5720309462333117,0.7865923550134076,0.7713421266938724,0.0,0.0,0.0,0.0,0.0,0.0,0.0,0.0,Marko Nenezic,2873.0
19.936248196248194,186.14190476190475,-51.60668417901071,-16.074170274170275,-10.894360946687476,4.0,-5.122510822510823,-27.36341991341991,-10.68,14.52777777777778,0.188,0.5454,16.2,0.0444,0.006,0.10443001443001443,-0.202020202020202,1.7651803751803752,0.8136759051186019,0.9373134328358208,0.7431474747474749,0.8148927477017365,0.5533086891046979,0.7238076380101535,0.6180774032459426,0.8326545454545453,0.9166921348314606,0.7274713704206242,0.37462716583917316,0.6417543071161049,0.5581574985135609,0.9797752808988764,0.7734343434343435,0.009600000000000001,0.0,0.0,0.0,0.0,0.0,0.0,0.0,Marko Nenezic,2873.0
16.899186383315005,138.81910759178407,-60.07090000413293,-17.99547914000074,-9.922829649018578,4.0,-6.218516790414588,-33.97902087666312,-11.08761312283426,15.132559574798359,0.1992,0.3816,28.0,0.05740000000000001,0.005,0.4234308574441362,-0.34032071473844794,1.6631517032716112,0.48856918222328705,1.0,0.4243733612398236,0.7486333951463355,0.46742908844090403,0.3703055140514505,0.6021090716159451,0.6395069076823929,0.5929007703372469,0.9,0.5110345892513198,0.35253803620318147,0.3913123482379913,0.7383939369507377,0.8815286624203822,0.01265822784810126,0.0,0.0,0.0,0.0,0.0,0.0,0.0,Mikhail Demidov,3036.0
17.323120378586218,168.23329815552492,-60.23142440617979,-16.629292605108652,-9.716723480481111,4.0,-4.586611980592422,-34.43277388661293,-10.032906228171194,11.166883774786509,0.263,0.2834,22.0,0.11540000000000002,0.008,0.22251537062558607,-0.30761791488103096,1.6891746115652555,0.629066330089348,1.0,0.8992666157372039,0.6792407081409639,0.5330964371405218,0.5626133114914195,0.43279457905977275,0.9074102368220014,0.944936325045482,0.8598930481283421,0.609264489300875,0.47261250680134326,0.42023683912259335,0.6103152090875875,0.7857355500775756,0.04782608695652174,0.0,0.0,0.0,0.0,0.0,0.0,0.0,Mikhail Demidov,3036.0
19.51695547608591,181.9157694962043,-69.97353316392328,-13.918242466068554,-13.523683110594973,4.0,-3.1865236213062302,-44.02937344459083,-9.640006273919317,10.324295752556623,0.2254,0.46099999999999997,9.8,0.0058000000000000005,0.0,-0.06319175188740403,-0.5473049333918899,1.4491791622226404,0.7991431040869242,0.7482795855829564,0.798441782936165,0.5266024986249704,0.8331324854920361,0.7680898876404495,0.6327872127872128,0.8611133810010216,0.9263636363636364,0.9595505617977528,0.41698784361705715,0.42270976214796435,0.8327941721200147,0.8809803679466601,0.8488282504012841,0.0,0.0,0.0,0.0,0.0,0.0,0.0,0.0,Mikhail Demidov,3036.0
17.08718342537199,162.39925007669888,-60.633027721895,-17.65990949532137,-11.301738221971693,4.0,-6.060339009050468,-32.7967959042798,-11.030057524160148,14.21581243288848,0.20340000000000003,0.3376,23.8,0.0518,0.0,0.22611136677404514,-0.0640918852584752,2.1106120570639666,0.6615195110252334,0.9966942148760332,0.7322522469506326,0.7185560667973582,0.6309262217283608,0.45822493009458876,0.31236615096078335,0.9191184573002754,0.8604078986966688,0.902402100872789,0.644255799176085,0.35456718069942117,0.5475504594361109,0.6768645970785008,0.6884508637779666,0.0,0.0,0.0,0.0,0.0,0.0,0.0,0.0,Mikhail Demidov,3036.0
16.33927326738302,150.61121439536072,-77.40745016155446,-17.417547899255215,-11.854524753629065,4.0,-8.65153505031554,-46.0008485417022,-10.973995394849053,13.491001478196603,0.22160000000000002,0.39960000000000007,26.4,0.0682,0.0048000000000000004,0.2923054181590767,-0.441383250895446,1.9000336858263687,0.5050166297117518,0.9139192558496356,0.7705041125386912,0.47848124655009494,0.5265863715886872,0.4996929899368924,0.3569086080123437,0.7916049192137491,0.7440361082264447,0.8635965660355904,0.6730769230769231,0.7458053832552134,0.3225372265894032,0.6295173695297189,0.8533145716072544,0.0,0.0,0.0,0.0,0.0,0.0,0.0,0.0,Mikhail Demidov,3036.0
18.937813852813854,182.02426406926406,-51.22332504711842,-15.301298701298702,-11.81196141075478,4.0,-4.998376623376624,-25.490584415584415,-9.93538961038961,12.314285714285713,0.2564000000000001,0.44980000000000003,16.4,0.0092,0.0,0.16831168831168833,-0.10285714285714284,1.9978571428571428,0.7492026041185705,1.0,0.8235714285714286,0.8800000000000001,0.7952881152460984,0.5617937944408533,0.5893822144242312,0.9550000000000001,0.961344537815126,0.9342857142857142,0.5844117647058823,0.563813833225598,0.5427666451195863,0.7468099547511312,0.9152276295133438,0.0,0.0,0.0,0.0,0.0,0.0,0.0,0.0,Mikhail Demidov,3036.0
19.108153526161924,173.58833669854198,-60.65095189770817,-16.018063330319702,-11.644449763213114,3.992286334870008,-5.95803937674147,-32.97461761691066,-10.481630390856802,12.433562245463582,0.2118975609756097,0.3991349593495935,18.663414634146346,0.0544617886178861,0.0053186991869918,0.118363419079451,-0.2925448050900821,2.073026074674868,0.6763985749971743,0.8955092462609964,0.786424747072718,0.6664466750441879,0.58880530220864,0.5646941343855318,0.5987215543599265,0.8911537347177326,0.8645220542940806,0.8529348240746144,0.6677204012114716,0.5277959941360528,0.5630120580150355,0.7822323925271815,0.8229024127601904,0.0440030289537643,0.0177700972122285,,,,,,,Mikhail Demidov,3036.0
18.52782637207425,170.23463781275223,-75.75579140346615,-16.051614205004036,-12.429339627840644,3.967857142857143,-10.226513317191284,-41.79625201775626,-10.7283156779661,11.50838629943503,0.17920000000000003,0.43479999999999996,20.4,0.06740000000000002,0.0036,0.25392050040355124,-0.3195591202582727,2.3187570621468927,0.6373553840140708,0.9155555555555555,0.7942460317460318,0.5178844734077293,0.2970798569875177,0.5610435301132976,0.6511321696239618,0.8946428571428571,0.8105897009966776,0.7876377175795779,0.8679069767441862,0.5026433757760707,0.5836446176562455,0.6884319571597273,0.9280255357957137,0.00166666666666666,0.0,0.0,0.0,0.0,0.0,0.0,0.0,Mikhail Demidov,3036.0
19.528809145210946,179.47218568205076,-69.89701909572989,-17.196217475677745,-11.701537788764323,4.0,-7.707251785362731,-40.78331440340436,-10.859490644288247,14.350793001767517,0.22240000000000001,0.4298,21.2,0.06140000000000001,0.0092,0.0817421159550095,-0.2774583271134995,1.6659757134419801,0.6920994246606249,0.772262980282846,0.6850970485453244,0.5929988927591341,0.44561791360124464,0.4404878987935404,0.7422052586938084,0.6647427512943803,0.7060196564092643,0.7495564676287568,0.481280908915575,0.6355160672599949,0.5778331422606231,0.6780205317188733,0.6646766692989383,0.0,0.0,0.0,0.0,0.0,0.0,0.0,0.0,Mikhail Demidov,3036.0
18.028358021906406,173.9304972804973,-60.87594581945797,-16.56491716169136,-11.680488767549301,4.0,-12.236862264080006,-28.15534141038173,-10.901831434694337,14.663495218938769,0.2076,0.4368,17.4,0.0446,0.012199999999999999,0.18269716394716395,-0.12726301476301474,2.5773930370704567,0.7190493598119075,0.8412621359223301,0.7411143103805845,0.8159028820975932,0.5425817569492936,0.6102082822952182,0.9170298631445147,0.7872541077754536,0.8118132171226831,0.8485819761654314,0.859983395599834,0.7590325342465754,0.550582861883196,0.8410128684101288,0.8187490806119447,0.0,0.0,0.0,0.0,0.0,0.0,0.0,0.0,Mikhail Demidov,3036.0
18.425864630889826,185.04301583541505,-65.76250022816862,-15.670085948641377,-11.824988862465766,4.0,-5.084582962452503,-38.01810436825835,-10.26580670169696,11.10106861534633,0.217,0.399,20.4,0.027000000000000003,0.0052,0.17887965275983198,-0.3594222873058259,1.9208504417071044,0.8006438969764839,0.8783505154639176,0.6152463311550362,0.6639393359079933,0.5724249949803868,0.5938152026259991,0.7905181768855127,0.8891097424412093,0.6868607689436358,0.806673546611627,0.7659323374239502,0.45088173723212976,0.3981007413182195,0.7724226804123712,0.9298969072164949,0.04736842105263156,0.0,0.0,0.0,0.0,0.0,0.0,0.0,Mikhail Demidov,3036.0
21.1466572044612,198.15297283881677,-52.59894363349499,-16.223183954581415,-11.077982521608288,4.0,-3.6968099958118104,-25.58605565638234,-10.535325050025595,10.520413544914453,0.20600000000000002,0.29240000000000005,16.2,0.0578,0.0,-0.08376301053252047,-0.553025578978392,2.3886523337521526,0.8658119658119657,1.0,0.7396178984414279,0.6844100298118525,0.3641255780029599,0.5676838810641627,0.6660010897594292,0.9310616284300494,0.9726495726495727,0.848868778280543,0.8264282501124607,0.3264246349734511,0.7573271413828688,0.8634163958107621,0.8211869507644156,0.0,0.0,0.0,0.0,0.0,0.0,0.0,0.0,Mikhail Demidov,3036.0
19.571825465472394,180.8368258178603,-68.24626320964019,-16.8278243356954,-13.100988945063074,4.0,-7.50578770443838,-36.48579236023014,-11.350037801612014,13.024167937398824,0.1862,0.31079999999999997,20.8,0.055400000000000005,0.0,0.19584086162047182,-0.30288829944002355,2.035594862824998,0.7711324433434261,0.8217592592592592,0.6764067039789583,0.5704965287335229,0.4236582102333547,0.6082958681224577,0.5381913976950419,0.8798704774138301,0.7610228002569043,0.6754170107349298,0.8656497538000428,0.49530200217810166,0.6301637764932562,1.0,0.8578034682080926,0.0,0.0,0.0,0.0,0.0,0.0,0.0,0.0,Mikhail Demidov,3036.0
19.51470069757783,189.17323422662312,-59.898885624024935,-15.138895863618341,-12.91580816362357,4.0,-5.698131454246824,-30.68119879080217,-10.00195760727973,10.537106255545698,0.2286,0.441,17.4,0.0398,0.0,0.1956322566029187,-0.0950758462496932,2.1690637920293003,0.7917888563049853,1.0,0.7559869829367584,0.6826950826950827,0.7781671348024961,0.4503032052562473,0.6637596331348884,0.850818858560794,0.7283871266884742,0.8892307692307693,0.720753957715983,0.5585134506163497,0.5517324107769187,0.7779510811768876,0.9010989010989011,0.0,0.0,0.0,0.0,0.0,0.0,0.0,0.0,Mikhail Demidov,3036.0
18.912375010610305,177.0680154486037,-62.26928540336288,-15.847084288260756,-11.977100529413304,4.0,-4.0298128342245985,-36.988610898905016,-10.894425770308123,13.46774891774892,0.2062,0.3854,22.0,0.07999999999999999,0.004,0.28409175791528735,-0.29150411679823446,1.8493616840675664,0.6857182968929804,0.9583999999999999,0.8613322532253225,0.5291154781300915,0.44696953695369535,0.5608027405272173,0.4642207253636756,0.8490545454545455,0.8189298043728425,0.8834060606060605,0.6400535481396241,0.6617993399339934,0.28386400007089313,0.8312121212121213,0.9443434343434344,0.0,0.0,0.0,0.0,0.0,0.0,0.0,0.0,Mikhail Demidov,3036.0
16.384701699604086,151.1158788408586,-66.4789195398175,-17.8809325781378,-12.651607679538786,4.0,-3.8036459109833736,-38.793277674934615,-10.77793744926864,13.428481753045725,0.18319999999999997,0.3802,23.0,0.09079999999999999,0.006,0.14518488647218955,-0.1579300937966475,1.6158604579304736,0.5614700214696727,0.9509358288770053,0.7152404295865369,0.6152506377511864,0.5257485640144484,0.5337620019541722,0.28583485235891837,0.7387397639345876,0.6930087122390791,0.8826026119402985,0.5286826677492831,0.30314594780655246,0.46309851529067947,0.937062937062937,0.5672403908625734,0.0,0.0,0.0,0.0,0.0,0.0,0.0,0.0,Mikhail Demidov,3036.0
19.3377155760488,166.71473393209786,-51.86726596563619,-15.771332682770412,-10.009232808509832,4.0,-6.284202382108594,-26.385315469060494,-10.067637323503977,12.650454700317113,0.2024,0.5642,20.8,0.07120000000000001,0.0078,0.32738750425872054,-0.4508499250002698,2.276135949151262,0.5387919306445806,0.8155754475703324,0.679240538418963,0.5250079146530618,0.5762272140398278,0.5265335347263121,0.5460039518009004,0.9521739130434783,0.9431372549019608,0.8105392156862745,0.6792391304347827,0.5386656546923768,0.7614604826410692,0.7586668538880286,0.7207165605095541,0.02328071632973322,0.01019108280254776,0.0,0.0,0.0,0.0,0.0,0.0,Mikhail Demidov,3036.0
19.645044053533173,173.77415232909522,-75.78086530577744,-15.950064320263454,-17.448107685580414,4.0,-6.728349974739679,-41.877279217772035,-10.384687929776305,12.607623822354448,0.24379999999999996,0.304,17.4,0.0776,0.0098,0.2314746765275478,-0.6720150719919167,2.035949343699421,0.631207389300696,1.0,0.7318812296240487,0.5745131846644659,0.6562987323663826,0.5094993776023995,0.6279781788038669,1.0,0.8746013726933765,1.0,0.4331545998039508,0.6184241980293542,0.45781420221090413,0.6181645579130928,0.8821912504839334,0.04568575078388108,0.0,0.0,0.0,0.0,0.0,0.0,0.0,Mikhail Demidov,3036.0
18.565437623993468,181.26556671612516,-75.12199511499126,-17.914360735541734,-12.058023850910882,4.0,-8.40581136877671,-42.623074037643995,-10.597789040228065,12.47706391811013,0.2048,0.3816,19.6,0.049,0.011800000000000001,0.1387033548394267,-0.05997004706889173,2.0864666377695897,0.7053933466012976,0.9759036144578314,0.695900555561999,0.7036962665476721,0.6140379073910552,0.4419005122997108,0.69739924773821,0.9108433734939758,0.781341294381064,0.9012048192771085,0.6071415005491492,0.5020124183935393,0.5391366680513118,0.7594770294250688,0.8026232616940583,0.03302752293577982,0.0,0.0,0.0,0.0,0.0,0.0,0.0,Mikhail Demidov,3036.0
21.324453093525108,180.06892430026213,-57.94274426303197,-15.620890587810962,-11.686757973966053,4.0,-6.050521770515916,-31.842997459654374,-10.144055323724526,13.40247885263986,0.21319999999999997,0.29079999999999995,18.0,0.0514,0.0094,0.20088867514218797,-0.45902112801995704,2.2429944644376727,0.6254953017094984,1.0,0.8328254132231404,0.8164626288659793,0.40729685554171857,0.568699444941124,0.8154497952266629,0.9100127100691993,0.8407788973168799,0.7526891344956412,0.9520661157024793,0.25640658172084296,0.6316640218965663,0.9123287671232877,0.9402061855670103,0.0,0.0,0.0,0.0,0.0,0.0,0.0,0.0,Mikhail Demidov,3036.0
19.730207352899235,208.2503893214683,-62.44865813330457,-16.573457688029436,-11.859504943150261,4.0,-10.540786058583612,-29.53469667151536,-9.758115855223753,11.817903083197855,0.1944,0.4992,13.8,0.057800000000000004,0.020200000000000003,0.21468868543395794,-0.4885884601123756,2.0960440375345826,0.8336581709145428,0.6637304424710722,0.8834782608695653,0.5883413854896405,0.8167410470778416,0.7228267014033966,0.7460508701645725,0.9356275303643725,0.875552608311229,0.8297601199400301,0.7588324258923169,0.608583331285177,0.6614188807235726,0.7949160035366931,1.0,0.0,0.0,0.0,0.0,0.0,0.0,0.0,0.0,Mikhail Demidov,3036.0
17.787808491761247,177.90070669479138,-53.9371013727236,-16.738422098659967,-10.378697196465165,4.0,-4.106269193990327,-30.4254875346683,-10.461525244119972,14.173299895180126,0.2266,0.37140000000000006,20.0,0.0314,0.004399999999999999,0.5032190683151417,-0.37633051166699266,2.43029060175023,0.6683082830693803,0.9607843137254901,0.848314606741573,0.5162960712303277,0.5834852892682412,0.4452749612440954,0.5167502876701769,1.0,0.8101524543474617,1.0,0.5568377181038523,0.7806365568509193,0.44369779521499186,0.6882649733873566,0.8078568860460695,0.06472617889056001,0.0,0.0,0.0,0.0,0.0,0.0,0.0,Miras Assylov,2805.0
21.06941584270777,205.8353722161176,-55.82663274635704,-14.835551953564373,-11.417174567954769,4.0,-6.784763604639382,-28.024003014686247,-10.235509265322928,11.470369659810654,0.1792,0.39980000000000004,23.2,0.1028,0.004,0.11511322939894368,-0.09433639495751293,2.181362947822575,0.8015137103290273,0.7507994939187599,0.8214674578370517,0.8146042363433669,0.5543933396745523,0.5747553109795972,0.6705523167515304,0.914042303172738,0.9115384615384615,0.7696649381731153,0.6753779422848886,0.5343316578572149,0.7039840273785227,0.6106983230836441,0.6717687074829932,0.0,0.0,0.0,0.0,0.0,0.0,0.0,0.0,Miras Assylov,2805.0
19.046216521951816,188.03883071419835,-56.69929026335933,-16.73023419346949,-11.618797723307967,4.0,-3.3311001895560723,-29.19023251192369,-9.900926378867556,10.07200073376544,0.22480000000000003,0.4666,13.8,0.038799999999999994,0.0054,0.11142916106151401,-0.03100311850311848,2.303794178794179,0.8276748524652578,0.7966019417475728,0.8312491909385115,0.916116504854369,0.6867034313725491,0.7652083333333334,0.433550375975633,0.9650485436893204,0.8912621359223302,0.7537722491909385,0.6811740196078432,0.7260416666666666,0.6352083333333333,0.7175416666666667,0.930125,0.0,0.0,0.0,0.0,0.0,0.0,0.0,0.0,Miras Assylov,2805.0
17.337494975636613,175.45920043538462,-79.40917245085534,-16.59255639357221,-14.53006532609604,4.0,-8.127745472950977,-44.98679202238152,-11.514818569996697,12.342805334142103,0.1648,0.5067999999999999,20.4,0.1068,0.008400000000000001,0.2030624329262707,-0.3338303496150835,1.7236126732434502,0.6496081631489397,0.6916999809632591,0.8749487214549433,0.4900397333725561,0.5520725063392835,0.6620641906298717,0.5008635801761498,0.9493622691795165,0.7406562035559239,0.6820705612455202,0.6580808502252954,0.5785393286636037,0.5835577888521449,0.7374241783044153,0.7891434837367735,0.05070422535211268,0.0,0.0,0.0,0.0,0.0,0.0,0.0,Miras Assylov,2805.0
19.16528891105915,179.5329461175638,-61.57313880450045,-15.533632153268233,-11.950655178555762,3.9968582762689566,-4.834576662887702,-34.15757695199638,-10.35501545157252,11.261459317511186,0.206,0.4118906605922551,17.649202733485193,0.0560227790432801,0.0072164009111617,0.115548146415579,-0.2437868468179547,2.0990137802420024,0.7315281137348862,0.8677584692295912,0.809834301677164,0.7087369496291492,0.5988199239814264,0.5356999915010318,0.5738346629582165,0.8623360641326888,0.8626195722692259,0.8316224723246064,0.6704631152390691,0.5840862115717197,0.5901420773079868,0.7712359361367959,0.8515373687867501,0.0814487796681846,0.0466609259550485,0.0924855491329479,0.0693641618497109,0.0115606936416184,,,,Miras Assylov,2805.0
19.228310903220688,187.9487783906828,-51.193047177121024,-17.28603422980705,-9.310868546247306,3.985840707964601,-3.566012188002582,-26.977860749785226,-11.348294864171866,13.310182692928402,0.18339999999999998,0.3644,30.0,0.1106,0.0092,0.2858316111768233,-0.1009669518362486,1.736512675542129,0.626048737184443,0.7930644165466145,0.8875912408759123,0.7003260105740565,0.5846845406761313,0.20758600249010845,0.5428272360312085,0.8690265486725665,0.8339367122552964,0.8305643847867898,0.6370757701136174,0.15572457135250534,0.3969781025539547,0.8145856210839092,0.794798217952407,0.04239106392391062,0.007354567573545659,0.0,0.0,0.0,0.0,0.0,0.0,Miras Assylov,2805.0
22.724387892808945,196.89742818584924,-57.33043608629108,-14.834008097165992,-11.739944472641572,4.0,-5.599171004434163,-29.33767110082899,-10.615997686524002,10.796356275303642,0.207,0.4864,14.0,0.0398,0.0,0.059583574320416444,-0.04644688644688642,2.5169539232697127,0.7786774628879891,1.0,0.7720233159358081,0.7045835695606478,0.7217765200311433,0.7002780352177942,0.91889338731444,0.9540983606557377,0.9947368421052631,0.9631578947368421,0.7407477124266629,0.5048523555961417,0.6820512820512821,0.6818613406303251,0.8498414711477489,0.0,0.0,0.0,0.0,0.0,0.0,0.0,0.0,Miras Assylov,2805.0
19.64757199925678,176.1086761426979,-61.394889154429265,-15.648104793756966,-13.540917582522914,4.0,-4.169483927907841,-32.82986111111111,-9.858646878483835,10.652125139353398,0.207,0.48660000000000003,18.2,0.06,0.0,0.09097686733556298,-0.10971293199554066,2.853979933110368,0.7722649572649573,0.9525641025641025,0.8761538461538461,0.6788461538461539,0.7223522853957637,0.5329445549863822,0.7212339067402359,0.9638888888888889,0.8476495726495725,0.9083333333333332,0.9265822784810126,0.8950390189520624,0.7238461538461538,0.6912658227848101,0.9038461538461539,0.0,0.0,0.0,0.0,0.0,0.0,0.0,0.0,Miras Assylov,2805.0
21.00041765267572,197.10372067920454,-66.60273055864101,-16.93612321999419,-11.98727657931608,4.0,-2.2105990783410143,-38.63719433719434,-10.072908207746917,9.241370863951508,0.219,0.4046,14.6,0.0392,0.0054,0.03496574915929755,-0.22057375347697925,1.5690920413501057,0.8222369511184755,0.9317647058823528,0.8470990990990991,0.8783783783783784,0.6546944525304095,0.771705053852527,0.6007858278446514,0.9281019450033534,0.9032311516155758,0.7546445733222866,0.6607133761765078,0.716462855564761,0.5432634499809315,0.6277929196802436,1.0,0.0,0.0,0.0,0.0,0.0,0.0,0.0,0.0,Miras Assylov,2805.0
19.474521573699207,166.75105038236615,-52.53086935905342,-13.773929749587642,-10.958895112539693,4.0,-4.922648166891588,-28.53685241415505,-9.809794759334233,11.471250843454792,0.2182,0.14100000000000001,14.6,0.098,0.0021999999999999997,0.06375402983955616,-0.26541310541310537,1.8607663255360625,0.6040590239953628,0.8236864771748493,0.9364632574129781,0.6976690995269662,0.7776416015859955,0.5619490534197563,0.5431560666912103,0.7609126210789195,0.8862500541336452,0.9149803434719637,0.5321414307642709,0.40751088632730836,0.43666689895740174,0.8346628556580485,0.847706898791737,0.0,0.0,0.0,0.0,0.0,0.0,0.0,0.0,Miras Assylov,2805.0
14.775218804308324,142.57090180550327,-64.70439384445777,-17.39020037488475,-11.40796542331913,3.983898960391786,-7.703110381376149,-34.42315011050706,-11.753798462224813,13.989931947462358,0.1542,0.40099999999999997,27.0,0.0732,0.0018,0.09050106214129557,-0.18022479447256706,2.071975122236254,0.5056400423029455,0.7053439357017657,0.7434228241070722,0.6729784895334066,0.46542909472031013,0.32976505605700945,0.3274874901074133,0.5897497155824759,0.7419768427116777,0.7669427291286897,0.5966524131165007,0.49157418894959815,0.47514998774562667,0.8862974911455097,0.8939217900117111,0.0,0.0,0.0,0.0,0.0,0.0,0.0,0.0,Miras Assylov,2805.0
19.05442419882933,200.1969257338563,-49.47082329055632,-12.289926496914557,-10.843678829533044,4.0,-4.133512109297161,-27.303199417418785,-9.499852248591745,10.599345811198976,0.23959999999999998,0.47759999999999997,13.6,0.10640000000000001,0.008,0.09851673462907433,-0.23282900204616253,1.680426259572655,0.8898154477101846,0.9488084730803177,0.8666336437487617,0.863999107688428,0.8929824561403509,0.33518236392898776,0.6270431784921893,0.9688311688311689,0.765088309748504,1.0,0.6870654444710945,0.583797573329656,0.483103831954113,0.6525415480448694,0.7308301961561323,0.0,0.0,0.0,0.0,0.0,0.0,0.0,0.0,Miras Assylov,2805.0
17.482188434890578,166.06460173330368,-79.00631586853665,-16.87162526011469,-15.63108430358609,3.996875,-5.912268047855808,-45.45836224048099,-11.680973067208871,12.551122050709788,0.1936,0.479,19.6,0.0954,0.002,0.2968756618694369,-0.08572139797414999,1.0647847600590918,0.6944316576784797,0.6442674380704042,0.6095053904428905,0.4690334365493264,0.5720603813559322,0.3258859660819406,0.5438603769112244,0.7384535256410256,0.6080486744893524,0.6361996142981312,0.5703911342894393,0.4080075856347042,0.3966828281182095,0.8538461538461538,0.6939160839160838,0.0,0.0,0.0,0.0,0.0,0.0,0.0,0.0,Miras Assylov,2805.0
19.457691872085277,192.51138718632023,-60.4963609836797,-16.566189762380635,-10.167848714081643,4.0,-2.1811271652231845,-37.82310723406618,-10.492731262491672,12.734643154563624,0.201,0.217,26.0,0.1026,0.0062,0.15040139906728844,-0.26036281367976905,1.362351654452587,0.7787284032866978,0.8517009493670887,0.612171262147986,0.48330708694203856,0.3807344448938802,0.5694464662447258,0.2766930399574886,0.9354430379746835,0.7848081140350878,0.7393435626249167,0.5475982817010883,0.2588662776403033,0.5471466383522097,0.6074768058067109,0.7352236286919831,0.010666666666666661,0.0,0.0,0.0,0.0,0.0,0.0,0.0,Miras Assylov,2805.0
20.866092764378475,191.29050834879405,-49.224208690683035,-13.361682127396415,-10.694689828592743,4.0,-2.911811997526283,-27.561471861471865,-9.563458256029685,10.868905380333953,0.2394,0.211,14.2,0.0818,0.0,-0.09339764996907853,-0.12550154607297465,2.22669635126778,0.8603782976605275,0.8761904761904763,0.88465737514518,0.7302140368342458,0.694299319727891,0.5504831591173056,0.40473403791465534,0.8833333333333334,0.8976190476190476,0.8595238095238095,0.7627891156462585,0.6929204239835469,0.5433381334382874,0.9244897959183673,0.9979591836734694,0.0,0.0,0.0,0.0,0.0,0.0,0.0,0.0,Miras Assylov,2805.0
18.18999506111866,151.53671350946763,-70.00473381576955,-15.83400821806884,-11.213393751774671,4.0,-7.447430345980125,-43.08462227607772,-10.641125375800055,14.21584615193186,0.18119999999999997,0.361,19.4,0.0442,0.004399999999999999,0.08914436752168656,-0.1301814464605162,2.5917412715322303,0.5368623338276141,0.8977099236641222,0.886011006568436,0.8065282300396804,0.5105994252377399,0.39712459166674186,0.4337592111281056,0.8992366412213741,0.83058986814712,0.7884745762711864,0.6028025590659826,0.6869579861635755,0.557153131500726,0.9000978665100803,0.865648854961832,0.0022598870056497002,0.0,0.0,0.0,0.0,0.0,0.0,0.0,Miras Assylov,2805.0
19.68424326422753,203.11342431280136,-52.073809316193525,-17.32908641403547,-10.775387693614714,3.9943661971830986,-5.706974657422291,-23.591735738415018,-11.050948729125235,12.385957719236114,0.19340000000000002,0.426,19.8,0.039400000000000004,0.0,0.2830729493012232,-0.244980998174735,1.9456829759991283,0.8933492039875018,0.95,0.8567832167832169,0.6525933640827257,0.6847508741258741,0.5347614752269008,0.48219247507811336,0.9272727272727274,0.7792114268710014,0.8264117132867133,0.5598022057729505,0.6318567735456033,0.5051066619550661,0.6033621298913852,0.8450793222734714,0.0,0.0,0.0,0.0,0.0,0.0,0.0,0.0,Miras Assylov,2805.0
19.01322533788051,156.5196511725822,-70.85140467829449,-16.491082480737653,-13.513072397548417,4.0,-2.806312365795124,-43.21748031661825,-10.140240621447518,11.316783503852468,0.22719999999999999,0.496,22.8,0.101,0.009600000000000001,0.15667719253926152,-0.17587385794282345,2.287114016251947,0.5758489099751095,0.7856006172541833,0.9329515989628347,0.6982968897556183,0.6367856970632203,0.48128420674198014,0.46089701164452856,0.6307236971448285,0.790137008913833,0.6453557320606838,0.5073592516701555,0.7369041517745497,0.6965912842522284,0.7623354085493855,0.9141630901287554,0.0,0.0,0.0,0.0,0.0,0.0,0.0,0.0,Miras Assylov,2805.0
21.400722077537758,183.7371715607919,-46.03751685199459,-14.706922987774345,-11.227634953880152,4.0,-3.559471657515465,-23.72307824769252,-9.356367268218763,12.535958263086654,0.22319999999999998,0.37720000000000004,16.8,0.0576,0.0156,0.1149347607895617,-0.21654891464782633,1.764415598662051,0.7710449735449736,0.8694214876033058,0.8094069951212809,0.5491022313424911,0.7517207792207792,0.5549977199327849,0.38990962034526677,0.6620429246078596,0.9387755102040817,0.9795918367346939,0.6976284958427815,0.6941950959488273,0.6365504300893912,0.8404491431730238,0.9587962962962964,0.0,0.0,0.0,0.0,0.0,0.0,0.0,0.0,Miras Assylov,2805.0
18.177331874514973,169.19081097592166,-61.62395626178452,-17.612488381100054,-11.458473565919522,3.9888888888888885,-5.115893902614224,-32.19916979574927,-12.188831387825351,12.962011882535023,0.19779999999999998,0.36839999999999995,20.8,0.07039999999999999,0.0256,0.1616242704773892,-0.45251385331868227,1.7690093967759968,0.6800660726192641,0.7933048433048433,0.5433351568609928,0.6254748201556712,0.5454117215515392,0.574555732458468,0.37262668493671525,0.7846335697399527,0.9115384615384615,0.8568405139833711,0.5327383848660444,0.5601057335099888,0.6811080678861835,0.5658005796303669,0.7610323089046493,0.0,0.0,0.0,0.0,0.0,0.0,0.0,0.0,Miras Assylov,2805.0
17.803276400020632,157.9412147724442,-67.5587048858321,-15.152342979767326,-14.005381166374354,4.0,-7.32491369278546,-36.03012073315678,-9.676495281408894,10.630548967660722,0.205,0.3186,12.6,0.0248,0.0,0.04725625917077034,-0.3102937609678845,2.7669200369190383,0.46418609132032174,0.9842105263157894,0.8338991041961339,0.7541495866782895,0.7673788431474726,0.5289980168637914,0.9188854489164087,0.9259336459961786,0.9263157894736842,0.8807017543859649,0.7474250141482739,0.3897059423880497,0.748818582047958,0.7881312191369513,0.8217155792707574,0.0,0.0,0.0,0.0,0.0,0.0,0.0,0.0,Miras Assylov,2805.0
24.53346116825538,221.13659754327165,-50.33120251170731,-16.432490214025254,-9.649524593366428,4.0,-1.385438884437772,-28.605174473695048,-9.374882978842937,11.116308632660132,0.1976,0.5149999999999999,16.4,0.0312,0.0036,0.03656135237892748,-0.14072395037912275,1.904301807038181,0.9435897435897436,1.0,0.9271407837445572,0.5777977111544181,0.937704918032787,0.4670748310308238,0.5500176794766077,0.9614678899082569,0.9109856504351918,0.864228667507356,0.5651916039041922,0.6870506843134305,0.6851540461909762,0.8623853211009174,0.8826891261843887,0.0,0.0,0.0,0.0,0.0,0.0,0.0,0.0,Mohamed Haddouche,2821.0
21.07909345253552,195.7989216232584,-57.29039507451432,-15.986701516013415,-11.338125855091336,3.9838585656008414,-5.17124307215337,-30.106172952988096,-10.55808152151204,11.8860712776431,0.2076086956521739,0.4463411371237458,17.71571906354515,0.0590200668896321,0.0063076923076923,0.0637324037513041,-0.29449163098622,1.64940533761679,0.7937344983244958,0.8828469720419686,0.8627641450967707,0.6883564518309316,0.710954553574365,0.5709383001232309,0.593310641080216,0.901136141219514,0.9051569284363404,0.8608803170727505,0.5120422777853849,0.5867464189588862,0.7207518363783463,0.8291976231777958,0.8429814695330856,0.0604613516730473,0.0204788767125176,,,,,,,Mohamed Haddouche,2821.0
20.518376068376067,201.10716727716726,-64.12675006298817,-16.393406593406596,-11.26761697385507,4.0,-6.734065934065933,-34.30927960927961,-10.622564102564104,11.20018315018315,0.23620000000000002,0.40180000000000005,15.2,0.07880000000000001,0.022,-0.06898656898656899,-0.3477411477411477,2.048803418803419,0.8390935169248422,0.96,0.9148490945674045,0.7888095238095237,0.7303420523138833,0.5895050625035353,0.4676974968956982,0.9916666666666668,1.0,1.0,0.2916584244422357,0.5261378848728245,0.699071578062754,0.8319462154452821,0.904225352112676,0.0,0.0,0.0,0.0,0.0,0.0,0.0,0.0,Mohamed Haddouche,2821.0
22.47372554788317,185.302400071532,-54.80554083108841,-17.256834478422142,-9.989370561862742,4.0,-1.0202640338277114,-33.42689891490577,-10.794504439021859,13.682331596951816,0.1822,0.389,25.4,0.0504,0.0058000000000000005,0.05502021932633011,-0.0532976827094474,1.7369716583308814,0.6881587757054041,1.0,0.8507046070460704,0.6765991182299883,0.5563219970227871,0.5476516890828926,0.6600936232612273,0.7730012595900607,0.8292682926829269,0.8622955523672884,0.41088079315669307,0.4631076399413538,0.7020473323295352,0.8702439024390245,0.873500515286843,0.0,0.0,0.0,0.0,0.0,0.0,0.0,0.0,Mohamed Haddouche,2821.0
19.28674054193392,182.5998906933135,-59.153302282068736,-17.889428497778585,-11.337699760928665,4.0,-5.941257537390004,-30.709620615930493,-11.170476792673126,13.895180922632132,0.21020000000000003,0.3778,23.0,0.0426,0.0106,0.245449685868373,-0.08843364822312186,1.8334873816636086,0.7326177433060332,0.8759075907590759,0.9608640595903164,0.6212945948063375,0.4877995099179061,0.30998738355150257,0.639915189913524,0.777859416358732,0.9798882681564246,0.996039603960396,0.45638334093212973,0.48748650609487915,0.5867280167296438,0.5612285199447969,0.6107975869778766,0.0,0.0,0.0,0.0,0.0,0.0,0.0,0.0,Mohamed Haddouche,2821.0
21.821890025683125,210.95075238937306,-57.97839600934334,-15.237632099701068,-11.298502110139102,4.0,-6.036583722790619,-30.86272788514168,-10.089986105848174,11.547035914277293,0.17440000000000003,0.5004000000000001,16.0,0.014199999999999999,0.0,0.1052663045766494,-0.5925030525030524,2.229618963412067,0.8780952380952382,0.8690821256038648,0.8920634920634921,0.692360248447205,0.8144927536231885,0.4062908588995546,0.47453416149068317,0.9495652173913044,0.9808695652173913,0.8977777777777778,0.41329192546583843,0.5834632034632035,0.752958152958153,0.9276190476190476,0.8642857142857142,0.0,0.0,0.0,0.0,0.0,0.0,0.0,0.0,Mohamed Haddouche,2821.0
19.15427761218745,184.94757596456367,-76.39319037504332,-16.479193575095216,-10.784464799616925,3.9878787878787874,-1.1482933846663355,-53.44866182314953,-11.011919398907104,12.491463818512997,0.2232,0.3416,25.2,0.0824,0.005200000000000001,0.3316093310150687,-0.11833333333333333,0.9208585858585859,0.7077554020692907,0.8172588832487311,0.8943749999999999,0.42700081135058665,0.46028931236304127,0.4419708017808105,0.3426391084852015,0.7320662568306011,0.7433289818590331,0.6044855031760561,0.21502846661673738,0.550302436132146,0.8482987989237468,0.7570566697178996,0.7491220770575019,0.0,0.0,0.0,0.0,0.0,0.0,0.0,0.0,Mohamed Haddouche,2821.0
23.290604819170962,225.1789727324787,-47.87351183611339,-15.122681820184132,-10.778550380670893,3.9957446808510637,-0.013135985198890055,-24.354231091141358,-9.860663406898375,8.260006167129202,0.22679999999999997,0.5254,11.6,0.041800000000000004,0.0,0.29529007532707807,-0.6294824016563147,1.1085194484824457,1.0,0.7417434370579459,0.9978494623655914,0.8504065040650406,0.6529895084219833,0.5319388540529216,0.6958843843955679,1.0,1.0,0.8602150537634408,0.40657165884600754,0.7621990004543389,0.904225352112676,0.8459334545751591,0.9409836065573771,0.0,0.0,0.0,0.0,0.0,0.0,0.0,0.0,Mohamed Haddouche,2821.0
20.516983042598053,183.83140060273155,-59.20774213091131,-17.546553754810432,-11.357918671928287,4.0,-2.1925128775087095,-34.27420167320432,-10.548152129527658,12.7115969760681,0.21680000000000002,0.4699999999999999,22.0,0.06659999999999999,0.0166,0.11680465296440497,-0.4648331389098561,1.5196989867105835,0.7065117803378431,1.0,0.8520643198609299,0.6935965118515827,0.6011092824930002,0.5410341904090167,0.5338581079839617,0.8224228952486803,0.783571459908454,0.9049180327868853,0.5038956690248716,0.5157899986463476,0.8539380597174429,0.8561174400296379,0.6821068530432243,0.00338983050847456,0.0,0.0,0.0,0.0,0.0,0.0,0.0,Mohamed Haddouche,2821.0
19.538507326007327,187.4957848524025,-55.0854245008443,-17.398890325360913,-11.702734886537034,4.0,-3.0869424692954106,-27.963396897220427,-10.18717679379444,11.253716871363931,0.221,0.3036,14.4,0.029600000000000005,0.0,-0.004541047188106007,-0.5973227752639517,1.7241623572505926,0.7182458922882147,0.9709090909090909,0.8488529014844804,0.803076923076923,0.8196084978504945,0.3785451595751438,0.6091714408249358,0.9917525773195877,0.8329166872194544,0.8668821313705599,0.476776260455045,0.48433641770875485,0.9321457489878544,0.8753623188405797,0.8820512820512821,0.00618556701030926,0.0,0.0,0.0,0.0,0.0,0.0,0.0,Mohamed Haddouche,2821.0
22.592789066463336,206.71701360616544,-45.38514549131943,-16.34578263550726,-10.314971263140475,4.0,-1.2944160345576559,-22.387824623544528,-10.156378323698544,11.114227389129042,0.23200000000000004,0.497,12.4,0.0216,0.0,-0.01931384098496608,-0.3648780487804878,1.709079683707536,0.8031320392744361,0.9690140845070422,0.907651186100902,0.8390243902439025,0.6318913818749883,0.5602907265218116,0.5810611450950295,1.0,1.0,0.9853658536585366,0.6517532883406731,0.6041355621089524,0.5706416137123226,0.9126451612903226,0.9414634146341463,0.0,0.0,0.0,0.0,0.0,0.0,0.0,0.0,Mohamed Haddouche,2821.0
19.776716998398534,180.00708810826177,-62.84722403785874,-17.4020312944129,-11.887373993142521,4.0,-4.974289220274121,-34.042858232288566,-11.407222187558496,12.866550889817876,0.24000000000000005,0.4646,13.8,0.051000000000000004,0.004200000000000001,0.023043336591723706,-0.33180313776058457,1.369862523657994,0.7136196689621844,0.8314606741573034,0.7721324408319388,0.9127659574468086,0.5917829698676147,0.3437683053896241,0.5786990175250863,0.7367393283118907,0.9370786516853933,0.9433333333333334,0.43939040524071576,0.7184915947296683,0.6813535006382432,0.8519217570350033,0.7321421717010165,0.0,0.0,0.0,0.0,0.0,0.0,0.0,0.0,Mohamed Haddouche,2821.0
24.36730951813924,208.4175269508613,-46.2618109654568,-15.681308247995554,-11.413322515825943,4.0,-4.8956108597285075,-20.146314995633883,-11.165977137413671,13.040722791140746,0.1972,0.5311999999999999,19.8,0.0448,0.008,0.03385067873303168,-0.4781098674287529,1.5573874732079067,0.8222517861542251,1.0,0.7294676597115621,0.7208960145545511,0.7509703396989333,0.5992736489013768,0.5257736843102696,0.8374279379157429,0.7408380237648531,0.8712195121951218,0.7450859334676558,0.5255876315346996,0.8189868667917448,0.7589849716678985,0.736279871889628,0.00404040404040404,0.0,0.0,0.0,0.0,0.0,0.0,0.0,Mohamed Haddouche,2821.0
19.364210446254823,193.3696609718301,-65.97079689655327,-15.434760570174186,-12.00398732106154,4.0,-3.586746557503539,-40.3003233212091,-10.491195270198256,11.846216143593347,0.199,0.30340000000000006,17.8,0.06939999999999999,0.0,0.24734155059077487,-0.54063964709126,1.0935321997701248,0.7716642323223645,0.8313436791928519,0.9044247787610619,0.5029163426951971,0.5284393235161454,0.4400225989926659,0.46227612644976307,0.7980745394980147,0.8658253174297806,0.9876106194690266,0.4014189123203792,0.5538464685642278,0.729488023980678,0.8893203883495145,0.8890626342469284,0.0,0.0,0.0,0.0,0.0,0.0,0.0,0.0,Mohamed Haddouche,2821.0
23.03402737047898,215.38851609069826,-71.96833177030996,-16.803135721541793,-13.847287168696088,4.0,-2.0295756425737452,-44.535171448833694,-10.50033753090679,11.747175742242158,0.2182,0.3934,19.6,0.0402,0.0036,-0.03677170183811552,-0.4391551185479079,1.6134830276196503,0.8328061459667093,0.7824727272727273,0.9545454545454545,0.5816573623559538,0.6031108834827144,0.4260689491361873,0.5245625786338585,0.7537669654289372,0.9800000000000001,0.9168115942028985,0.5235329065300897,0.3771515819555011,0.7977464788732395,0.8428289855072464,0.9307492957746479,0.0218181818181818,0.0,0.0,0.0,0.0,0.0,0.0,0.0,Mohamed Haddouche,2821.0
20.899560606060607,172.69119696969693,-50.33021915326737,-15.190909090909091,-10.975658547206763,3.9877272727272723,-2.618636363636363,-25.9530303030303,-10.544181818181817,10.964469696969697,0.22240000000000001,0.4144,13.6,0.03319999999999999,0.0,-0.013666666666666678,-0.4995151515151515,1.6547121212121212,0.6843501683501685,0.7525252525252526,0.8586666666666666,0.747317620650954,0.7400493827160494,0.5481792929292929,0.8092825476992143,0.9401136363636363,0.976,0.9061728395061728,0.6609158249158249,0.5997351290684623,0.8664242424242424,0.8459438832772166,0.7091447811447811,0.0,0.0,0.0,0.0,0.0,0.0,0.0,0.0,Mohamed Haddouche,2821.0
19.531527068889382,205.7287131602189,-57.45647246261308,-17.333138739265806,-10.771490494436284,3.995121951219512,1.7113764399120417,-34.23685971687053,-10.273994856496332,9.452512953324321,0.2,0.4396,17.4,0.0264,0.0032,0.09296828242786151,-0.3113465993530903,1.246881108208311,0.8944881889763779,0.8278298309805534,0.9549443055239827,0.5175626461104728,0.7527372331470614,0.31658482615859446,0.5715198605135379,0.9921259842519685,1.0,0.8327899834632648,0.5764298775197395,0.6055140166302742,0.616905295273163,0.8735834491276826,0.9070866141732283,0.0,0.0,0.0,0.0,0.0,0.0,0.0,0.0,Mohamed Haddouche,2821.0
21.271219915665736,203.69785590149678,-62.69424008125543,-17.167986652568697,-12.371231655435858,3.989473684210526,-5.166095293154117,-32.57141930559887,-11.040089638752178,11.633108780043765,0.2024,0.4506,19.4,0.045,0.0036,0.10229882119665398,-0.14020677361853834,2.0528762446657183,0.8189605028614316,0.8183253588516746,0.8801594896331739,0.7959808612440191,0.49825913117627546,0.5031275387600679,0.657764681731331,0.8557575757575758,0.9601980198019803,0.8369040247678019,0.42808142981480807,0.6129384789872175,0.8933333333333333,0.8619669966996699,0.9137689768976898,0.0218181818181818,0.0,0.0,0.0,0.0,0.0,0.0,0.0,Mohamed Haddouche,2821.0
21.93440784366269,192.306055906355,-54.76527414417793,-17.54641856891629,-11.135690212617323,4.0,-5.7678276107120015,-25.505243455696444,-10.718894173868382,11.908799877632509,0.2122,0.4838,19.2,0.063,0.0068000000000000005,0.09323770746025722,-0.33078863249221735,2.2002036052580074,0.8019275506812894,0.7606008670228854,0.8688041765753585,0.797712498154292,0.7448014929570264,0.6770527547645735,0.5499361153632285,0.8680411365292502,0.8828020525579227,0.8803921568627452,0.5388648760418772,0.6229170203540669,0.9412844036697248,0.8919740777666998,0.8797257788083476,0.00338983050847456,0.0,0.0,0.0,0.0,0.0,0.0,0.0,Mohamed Haddouche,2821.0
20.427714616508815,179.83718058218034,-48.37891911194308,-16.102694529327284,-10.232614837011244,4.0,-3.6803386034505663,-26.487141040484367,-9.895363182568754,14.019233080899147,0.23899999999999996,0.5307999999999999,16.0,0.041,0.0068000000000000005,0.26527226830147854,-0.6444891529219732,1.4660808168998045,0.6949673571247331,1.0,0.8013131601484442,0.6847207290899622,0.6761253872790232,0.5779927981529617,0.6062575772693493,0.9338983050847457,0.8437828108594569,0.9380530973451326,0.4259115626791046,0.5983622222550599,0.9497727816311887,0.9368507381082558,1.0,0.007690905777291759,0.0,0.0,0.0,0.0,0.0,0.0,0.0,Mohamed Haddouche,2821.0
22.748849447956594,203.98369689351833,-68.93215906214094,-17.36242757671329,-12.653899650845815,4.0,-1.9120993049564483,-40.56782508568223,-10.97651776580348,10.540610321860322,0.2032,0.4868,18.0,0.07239999999999999,0.0108,0.014204923133494557,-0.26525324382467236,1.651667336488765,0.8423170619599191,0.8979591836734695,0.7223116169544741,0.7132786632786633,0.7367213367213367,0.6017566330066331,0.4138403611617897,0.9796296296296296,0.8871794871794872,1.0,0.4496270308770309,0.5205142347999491,0.8055828100470958,0.9648648648648649,0.8488425925925925,0.00185185185185184,0.0111111111111111,0.0,0.0,0.0,0.0,0.0,0.0,Mohamed Haddouche,2821.0
18.16183587922166,161.25124475802798,-66.08333331373456,-16.220052233015327,-12.86791531959885,3.9955555555555557,-5.411452123381022,-36.91481968190733,-10.59071123213416,11.926061720746572,0.2048,0.5662,25.4,0.0902,0.004399999999999999,0.14036188693153664,-0.1523402811729842,1.9835297120754052,0.6976689709221165,0.7508176100628932,0.692572445769167,0.6638207569846515,0.2968038909595239,0.3239358296655025,0.6472156646234452,0.7820506956356013,0.8225487163625116,0.607139072293029,0.8637041443036575,0.523743890518084,0.7798536763018469,0.7806849815819813,0.7003894497089671,0.0,0.0,0.0,0.0,0.0,0.0,0.0,0.0,Nikoloz Petriashvili,2894.0
17.420812237659213,136.81807912772956,-71.50201976675206,-15.726097118737442,-14.989000944907279,4.0,-6.688499306812039,-42.08451545486848,-10.29559728580758,14.281690344380774,0.22480000000000003,0.5218,21.8,0.07680000000000001,0.0086,0.13003226993517053,-0.17292309466090372,2.0304534421444123,0.3674169539076307,0.7168141862428883,0.7636825396825397,0.6715522086407619,0.28821532316558546,0.5001271880356585,0.44682690021241217,0.7163284485340438,0.7909796656029577,0.8632760477401185,0.5535057187813732,0.4755947315096251,0.5207977742313489,0.923989218328841,0.6917820673307322,0.0,0.0,0.0,0.0,0.0,0.0,0.0,0.0,Nikoloz Petriashvili,2894.0
17.272381568053653,133.93540383776977,-45.80818328724298,-16.282410073684947,-10.787878375423807,4.0,-1.416972540070874,-25.27510616768304,-10.300122475295854,14.254306344915552,0.22679999999999997,0.3974,23.2,0.046,0.006,0.21132543439699059,-0.5529149413684993,1.825871545556635,0.5078655265854352,0.908955223880597,0.42209201892920056,0.44591710429431675,0.38454091703446014,0.46336464547138556,0.5943023139758162,0.8342526665679049,0.9402243589743591,0.9452567670123957,0.5456042431573469,0.5709947654167233,0.4272880351575177,0.596837231337111,0.5954769422120167,0.035820895522388055,0.0,0.0,0.0,0.0,0.0,0.0,0.0,Nikoloz Petriashvili,2894.0
18.796455881014705,183.46715164362223,-55.86609922435698,-14.03016653016653,-11.45995966233507,4.0,-5.557107240930771,-30.289804844951902,-10.441581755552345,11.912520809579634,0.23659999999999998,0.5218,17.2,0.06439999999999999,0.0,0.08660980499215795,-0.12011463334992742,2.2488907356554417,0.7527631206940166,0.7998575063613231,0.8824427480916031,0.4832419666138854,0.8215551091469131,0.5879970274436277,0.8422222222222222,0.9069827239855364,0.8760305343511451,0.8678491243825774,0.5200739847923456,0.6333006562207044,0.8777013526181868,0.8990877192982456,0.9862595419847328,0.0,0.0,0.0,0.0,0.0,0.0,0.0,0.0,Nikoloz Petriashvili,2894.0
17.95458288896962,169.50303426892918,-76.65097654810651,-17.731895452170797,-14.880743283943342,3.994117647058823,-5.850158415083322,-43.70903407104909,-11.244314537462222,12.77105156454343,0.20800000000000002,0.4086,20.0,0.0634,0.0032,-0.0316955208381992,-0.28179753229815807,1.7370972971411018,0.681304964539007,0.9501680672268907,0.7820698094840773,0.7321904761904763,0.5449508711285933,0.2145806861751792,0.6717226692095277,0.8360634920634921,0.8523174603174603,0.8316248485209687,0.6236762619941594,0.3299715120090589,0.5179010270774977,0.7158812801716431,0.7010010131712259,0.0,0.0,0.0,0.0,0.0,0.0,0.0,0.0,Nikoloz Petriashvili,2894.0
18.457549912773793,153.02859791949345,-60.16365985820412,-17.559223363700976,-11.251350786678632,4.0,-5.17906328745881,-34.998629417845834,-11.347994281837567,16.172601279317696,0.1738,0.5164000000000001,26.0,0.11560000000000001,0.006,0.19484153905795695,-0.3604067325709116,1.989515409963171,0.5229722442141981,0.8796992481203008,0.5180833665261912,0.4116646259205895,0.5059407839415412,0.4195420287146905,0.5405673274094326,0.7156393067364291,0.9287878787878787,0.8390396773490298,0.6309066485704122,0.5688589524825799,0.24409201961738874,0.733239655712204,0.7341421736158578,0.06363636363636363,0.0,0.0,0.0,0.0,0.0,0.0,0.0,Nikoloz Petriashvili,2894.0
17.229866601221286,175.63409953940663,-70.57973014668468,-15.852749620836605,-12.31774605378669,4.0,-4.682481628470461,-41.76771648373177,-11.056267094644996,11.097230734785832,0.22440000000000002,0.13540000000000002,25.8,0.11760000000000001,0.0126,0.07520784827866814,-0.4561513596600285,1.6361945665266266,0.6584718578330234,0.9333615221987316,0.7346754805613497,0.4472956248008356,0.5425201612966626,0.461319471667933,0.5893913387478344,0.7210613277634852,0.7522453450164294,0.844016064257028,0.638613525435231,0.4173578001615733,0.6013937827891317,0.8610904914780886,0.6617756406567465,0.0,0.0,0.0,0.0,0.0,0.0,0.0,0.0,Nikoloz Petriashvili,2894.0
18.049238095238096,147.61797402597404,-53.8788743754356,-14.907705627705628,-11.21326398582521,4.0,-1.3857142857142857,-32.22878787878788,-10.551844155844154,12.408441558441558,0.1532,0.5873999999999999,17.0,0.0486,0.0086,0.03230303030303029,-0.09800865800865798,1.9233160173160173,0.6216582849774339,0.9460992907801419,0.5582359767891683,0.5733333333333334,0.5978104448742746,0.5206963249516441,0.626407479045777,1.0,0.7921985815602837,0.9690909090909091,0.7321560283687943,0.7135564152159897,0.5839187620889749,0.6557034171502256,0.679825918762089,0.001,0.0,0.0,0.0,0.0,0.0,0.0,0.0,Nikoloz Petriashvili,2894.0
16.93046199192064,126.28730374276238,-74.08488390009268,-17.786754476378537,-14.603649920482757,3.9973333333333327,-7.3068368974384015,-41.77877366576614,-10.961469192461674,14.355266919101506,0.1854,0.41479999999999995,22.0,0.053000000000000005,0.0134,0.33958615875909104,-0.5536334920996575,1.6193717338078237,0.37018130096171875,0.9510459299937544,0.8008278145695364,0.4928492801085258,0.44804345991323774,0.35188141912375825,0.2968826647097919,0.8965445154943433,0.848335657023353,0.6995890326174414,0.4823665550591308,0.5969186486719217,0.5884376600066393,0.734661204218297,0.8620007089524945,0.0,0.0,0.0,0.0,0.0,0.0,0.0,0.0,Nikoloz Petriashvili,2894.0
17.55886771620814,177.9959814771517,-67.55264928568306,-15.99131530408126,-11.490715557472742,3.9955555555555557,-5.336935286935287,-40.35135933806147,-10.160741173719897,11.782861819032032,0.23279999999999998,0.5311999999999999,21.2,0.07339999999999999,0.0252,0.2632049983113813,-0.15982905982905982,2.1059745927831033,0.6989270944109653,0.7885897435897437,0.5841174775045742,0.6159865403413791,0.41832806977968273,0.46921646453904514,0.5051736077542529,0.787991452991453,0.8508741258741258,0.6894108579592451,0.8363440860215053,0.4777572964669739,0.7484322129483421,0.7692758854049176,0.8617818740399386,0.02237762237762236,0.019580419580419582,0.0,0.0,0.0,0.0,0.0,0.0,Nikoloz Petriashvili,2894.0
18.967854383333705,172.5156459285881,-62.88542836062566,-15.660484546506297,-12.27442843007212,3.997954436644441,-5.355915061871705,-35.551107709221505,-10.455037930315584,12.41359088071711,0.2086029055690073,0.4225762711864407,19.515738498789347,0.0595254237288135,0.00618401937046,0.1108608016086294,-0.3223241925844877,1.9888349418647269,0.6798575722964828,0.8595222007801051,0.7673386542993549,0.6309394184760484,0.582010391918858,0.5179934681392894,0.5544869136568531,0.8661259681447349,0.8311601627659282,0.8433391117836003,0.6769388706245881,0.5216304583824865,0.5815175481635746,0.7434134402568757,0.8095864272450467,0.057302462198623,0.0614249776236178,,,,,,,Nikoloz Petriashvili,2894.0
19.91459942084942,173.15571720686853,-54.85314871864633,-15.541073968705547,-11.480173840572775,4.0,-5.620141993497256,-29.663851351351354,-9.840334154643367,13.292426590123958,0.22039999999999998,0.42540000000000006,16.6,0.049199999999999994,0.0,0.08204125177809389,-0.19870199146514936,2.0795690662466977,0.6539313063063064,0.8847239509246089,0.7931501842751842,0.5314735548946075,0.5766625177809389,0.7958881578947368,0.6605731119875857,0.8760135135135135,0.9375,1.0,0.7881228070175439,0.4905584400189663,0.5085152916073967,0.8342105263157894,0.9386666666666666,0.0,0.0,0.0,0.0,0.0,0.0,0.0,0.0,Nikoloz Petriashvili,2894.0
19.682897924040198,160.89594423736008,-76.09161569831603,-17.219264781508286,-13.034805527244577,4.0,-8.142054907786783,-44.430930977613606,-11.154101950476779,13.88954244631399,0.18280000000000002,0.5166,21.2,0.07120000000000001,0.0046,0.1380753032599818,-0.16204407367198062,1.880520468858362,0.5437967914438502,0.8641176470588234,0.6839454160042395,0.4424866310160428,0.39840728428963723,0.46493351640410463,0.8740376740376741,0.6055778773425833,0.8159141494435612,0.8501433251433251,0.7092568771980536,0.5506595365418895,0.5296220552102906,0.9454545454545455,0.840909090909091,0.015151515151515142,0.0,0.0,0.0,0.0,0.0,0.0,0.0,Nikoloz Petriashvili,2894.0
18.28018680206047,167.9377817883511,-61.77983122471553,-13.809278022895743,-11.04398349840021,3.9973333333333327,-6.241906155540281,-37.72960778662173,-10.002880783983326,13.050491689392427,0.23499999999999996,0.43679999999999997,15.4,0.0324,0.0092,0.35484462969942876,-0.4521761006289308,1.8217275125823118,0.7321382006999901,0.8481400555872629,0.6989213197385132,0.5419143594846323,0.48788844309486834,0.6201148054328112,0.5392216561687585,1.0,0.7626437246829599,0.8268794753224794,0.7981002073717305,0.5928162074357252,0.6667416317297612,0.5501869777266503,0.9040984630763464,0.00202020202020202,0.0,0.0,0.0,0.0,0.0,0.0,0.0,Nikoloz Petriashvili,2894.0
16.11667996453901,140.30258569739954,-58.99955859825216,-16.119799054373523,-11.557693941041745,4.0,-6.803538711583924,-33.187086288416076,-11.171666666666665,15.840226063829789,0.1842,0.47079999999999994,26.6,0.0506,0.0,0.36052600472813234,-0.5316105200945626,1.9114686761229316,0.5940619700260638,0.5351362939681131,0.4229152949478669,0.50249848853954,0.5039882683390269,0.24869684093535716,0.5364891678177733,0.9634408602150538,0.8393351800554016,0.8264881017296661,0.5100307911227635,0.6613441863934444,0.293568536520735,0.5487719204431946,0.747806593427899,0.00629921259842518,0.0,0.0,0.0,0.0,0.0,0.0,0.0,Nikoloz Petriashvili,2894.0
20.303174279283702,186.6864652335169,-61.91448394368848,-16.64892608236073,-10.434341121296407,3.9914739229024945,-6.116359054656927,-33.297490537156186,-10.98389151881553,11.575050447694824,0.2118,0.36140000000000005,17.4,0.0556,0.004399999999999999,0.22322034601669855,-0.0412730127015841,1.703167157057734,0.801764623760994,0.870171821305842,0.5488063052798211,0.7050607287449393,0.7427279936558286,0.49527203480914633,0.44253353150073266,0.9783760683760685,0.8548980466150746,0.6908650937689049,0.6146697591143491,0.37448486470901193,0.5086529862077601,0.7050240089271278,0.7461409073834467,0.0,0.0,0.0,0.0,0.0,0.0,0.0,0.0,Nikoloz Petriashvili,2894.0
19.357353155119114,177.7894026186579,-72.36694382306781,-13.082505910165484,-14.156031839070721,4.0,-8.899699945444628,-43.28447444989998,-10.07392798690671,13.129696308419714,0.23080000000000003,0.5138,21.6,0.1302,0.0228,0.043767957810510974,-0.5851900345517367,1.4986833969812694,0.6023141146491537,0.7300727581537332,0.8867132867132866,0.5382605938813857,0.41866739373845074,0.6381345996780616,0.3440758117926503,0.8015484192183221,0.8111862539710641,0.7232631140307919,0.6810453431789121,0.6489665018473535,0.6596716597508359,0.5129644217293228,0.9808510638297872,0.02237762237762236,0.019580419580419582,0.0,0.0,0.0,0.0,0.0,0.0,Nikoloz Petriashvili,2894.0
20.247170897323677,171.54652181951798,-74.34093741384825,-16.915769280577674,-12.91272543008123,4.0,-7.4158215494362,-41.3634528339863,-10.95697534158089,11.223807021814055,0.1996,0.4231999999999999,19.4,0.05639999999999999,0.0056,0.20472001834870976,-0.17962073092147654,1.9722353362447869,0.61696558273615,0.8180594679186228,0.8715989892460481,0.7408889676317244,0.35805475938036,0.7469909848635937,0.40319517689535866,0.8333707606947044,0.9005905205905206,0.758658305892722,0.7018193902203844,0.6756270241771485,0.580147624286664,0.5556463347018442,0.8274943780329032,0.00139860139860138,0.0,0.0,0.0,0.0,0.0,0.0,0.0,Nikoloz Petriashvili,2894.0
18.466204173486087,176.34507815057282,-50.56655334082079,-12.586292962356792,-12.18300178599263,3.9884615384615385,-4.987056055646481,-28.631691898527002,-9.044662438625206,12.877690261865794,0.21660000000000004,0.521,18.2,0.06799999999999999,0.0204,0.05808469721767594,-0.7539500818330606,1.5566497545008182,0.6091087620920973,0.8716465226867445,0.832258064516129,0.5860488678633633,0.8731182795698924,0.4317163630744796,0.3597211288403252,0.9158218125960061,0.9142857142857143,0.9368421052631579,0.7037819415434923,0.5912421831277223,0.5235953170175823,0.6417021047241761,0.8879866332497912,0.0,0.0,0.0,0.0,0.0,0.0,0.0,0.0,Nikoloz Petriashvili,2894.0
19.924650299369887,173.19308587746897,-62.209612596723886,-14.230859065199013,-12.271148577759437,4.0,-3.7035192302664255,-39.408172173271396,-10.177212591837272,13.581299041609654,0.21680000000000002,0.32,15.8,0.028000000000000004,0.003,-0.02954247682461656,-0.051835292818899335,1.8508373932014996,0.7197845328206977,0.8339262791124152,0.7204074104521185,0.5708403800829989,0.6733500417710945,0.6776910737735845,0.414119871213404,0.815147625160462,0.7425907072137872,0.7520179759744188,0.7289131154210169,0.4894707331828309,0.397374990602382,0.6024187653509065,0.744263096766306,0.0,0.0,0.0,0.0,0.0,0.0,0.0,0.0,Nikoloz Petriashvili,2894.0
20.5683315018315,211.753684981685,-48.634950337384645,-15.2703663003663,-10.691318469252781,4.0,0.12740384615384617,-26.487023809523805,-9.09251923076923,8.778873626373628,0.21480000000000002,0.4102,9.4,0.0356,0.0124,-0.06741941391941392,-0.009523809523809521,2.9717499999999997,1.0,0.9551020408163264,1.0,0.7450842490842491,0.6482595499738357,0.5982825745682888,0.8210151753008897,1.0,1.0,0.9510204081632653,0.6352820512820513,0.41978021978021973,0.7840136054421769,0.8928571428571429,0.96,0.0,0.0,0.0,0.0,0.0,0.0,0.0,0.0,Nikoloz Petriashvili,2894.0
18.805220174091144,185.7659088581669,-74.06787010317868,-13.803840245775728,-15.086072868155622,4.0,-9.54573732718894,-39.92269585253457,-10.261290322580646,10.551766513056837,0.22240000000000001,0.6442,14.8,0.014800000000000002,0.0,0.02851766513056836,-0.1355248335893497,2.13810547875064,0.7781394522212313,0.7688045769346582,1.0,0.7480879253236976,0.7969392635102821,0.4871885228126261,0.7567675398976212,0.9073170731707318,0.8500109865963525,0.708275755430227,0.6946351803740612,0.8973449920508745,0.549588938532028,0.9661292665214234,0.9294117647058823,0.02601626016260162,0.0,0.0,0.0,0.0,0.0,0.0,0.0,Nitin Senthilvel,2811.0
24.55942346287174,220.5736792034822,-59.00424839738503,-15.383298146844945,-11.597766264301917,4.0,-4.838005317069357,-31.815557640680794,-9.699096880131362,10.32947585164334,0.23199999999999998,0.4646,15.6,0.0972,0.0166,0.12607318789584798,-0.24837490551776265,0.901183308572471,0.8651502927781392,0.9500398618123838,0.867934693877551,0.7578436134045653,0.9612244897959183,0.5925327967806842,0.5478096004599022,0.9299154929577466,0.8103547169811322,0.7758494283855376,0.7155112663152443,0.15892645060810068,0.7445669088422159,0.8672000000000001,0.8886864041391205,0.0,0.0,0.0,0.0,0.0,0.0,0.0,0.0,Nitin Senthilvel,2811.0
22.030670899053348,208.99158267070175,-42.858417161930234,-16.29984251857541,-10.162393973054694,3.9853658536585366,-1.8782377934280567,-17.51497729378565,-9.986537839580333,8.99820640283537,0.2022,0.3982,15.0,0.022199999999999998,0.0086,0.11880599486335756,-0.33327748086089837,1.2651571467325247,0.8481512605042016,0.8285008818342152,0.9129411764705881,0.821344537815126,0.7374706919804959,0.7084386347131445,0.7075070028011204,0.9285714285714286,0.9542857142857143,0.9037037037037038,0.6243697478991597,0.3978120136943666,0.7750171179582944,0.8642452536570182,0.9827160493827162,0.0,0.0,0.0,0.0,0.0,0.0,0.0,0.0,Nitin Senthilvel,2811.0
19.378678045707083,170.81956498949052,-63.755054238283286,-15.900984297410208,-11.543913765452578,4.0,-5.573267499440247,-35.59483794934279,-11.006332628652064,11.864281902014588,0.19480000000000003,0.38520000000000004,21.4,0.0994,0.005,0.0885375520483488,-0.17061930375407663,1.565397008055236,0.6262306760619583,0.8775000000000001,0.61410375096281,0.8530834144758195,0.5153033377078737,0.40769276790342346,0.6964915926695635,0.9910256410256411,0.8166342096721844,0.6872712387429939,0.30616329090265704,0.45782321888440547,0.7844044141512496,0.7996267445634534,0.7401006166828952,0.0,0.0,0.0,0.0,0.0,0.0,0.0,0.0,Nitin Senthilvel,2811.0
20.613627450980392,206.6956862745098,-56.14191867302477,-13.79019607843137,-10.588095143613002,3.9850000000000003,-4.761764705882353,-30.113725490196078,-10.246176470588235,9.373039215686273,0.2096,0.5835999999999999,13.8,0.02,0.0,-0.1294117647058823,-0.5333333333333333,1.535294117647059,0.9537190082644628,0.8303615542974783,0.8628305785123966,0.6717261583220971,0.7083184285185642,0.6240976933514247,0.5531925049871759,0.9925,0.8776119402985074,0.9434183528070677,0.70284383865795,0.838697730356482,0.5840702479338843,0.7134090909090909,0.9324999999999999,0.0,0.0,0.0,0.0,0.0,0.0,0.0,0.0,Nitin Senthilvel,2811.0
18.549863508631073,180.185340559347,-43.98259669928901,-16.8155493108524,-10.23348523133773,4.0,2.8516559614612604,-23.868747490967486,-10.076553592934564,10.160082965341896,0.2354,0.45899999999999996,9.0,0.039,0.0066,0.207454168339355,-0.5454195102368526,1.2258115883848522,0.7173782508869733,0.8838709677419356,0.728102954476937,0.8529038442212997,0.615259479074584,0.49042009660897723,0.7401353198469109,1.0,1.0,0.8915887850467289,0.5645875218819936,0.3843194102209038,0.7331959099587981,0.8710483870967742,0.9439252336448598,0.0,0.0,0.0,0.0,0.0,0.0,0.0,0.0,Nitin Senthilvel,2811.0
21.19987369956944,223.19868062788956,-53.97032243866115,-16.27311484131971,-10.852345712520119,4.0,-4.210012946321262,-27.02886003494523,-9.701466133983883,10.095477230429058,0.18239999999999998,0.595,15.6,0.012,0.0,-0.014539370662595818,-0.060418133846125696,2.1254323347376087,1.0,0.937075537075537,0.9102193419740778,0.6526637214137214,0.5657614129199373,0.7142918913046031,0.7213351499555387,1.0,0.8825716198597554,0.908108108108108,0.7011406485671191,0.7383201357466064,0.8684695912263211,0.94375,0.8598205383848455,0.0,0.0,0.0,0.0,0.0,0.0,0.0,0.0,Nitin Senthilvel,2811.0
20.407518386006757,205.78335817928837,-60.139191635020474,-16.925462134764462,-10.40528436012482,4.0,-9.523889385807992,-25.798710494931424,-11.46027877161598,9.97443351222421,0.2312,0.41220000000000007,18.8,0.09260000000000002,0.0256,0.3479750546611011,-0.2801778970383621,1.0532125819916518,0.8166960705693664,0.6263337893296853,0.7537446538358727,0.8511627906976745,0.6915458079783637,0.5163627804770665,0.6433428660156926,0.7153969526864475,0.9253568564554933,0.744382183908046,0.6758853405034828,0.4394258966617922,0.45360388461719897,0.6592712510024057,0.7063474888752614,0.0,0.0,0.0,0.0,0.0,0.0,0.0,0.0,Nitin Senthilvel,2811.0
16.88705935641419,165.09030406869118,-60.47189864076646,-17.19025168380007,-8.511286761606188,4.0,-9.96911851589271,-31.86678187403994,-11.703140139430463,14.768680334002914,0.22360000000000002,0.3486,26.2,0.08120000000000001,0.0134,0.09096439402891013,-0.11905077001851191,1.3857836070739296,0.5814842073410202,0.9629293245641508,0.9316056542225443,0.6991394706593457,0.43651219012213793,0.41243119533855443,0.5457692229560324,0.9361629005928345,0.8304503675536548,0.7301621396045317,0.22561621106196697,0.514558354975257,0.4390770457852605,0.7616131674646527,0.6590595365028201,0.0,0.0,0.0,0.0,0.0,0.0,0.0,0.0,Nitin Senthilvel,2811.0
21.60423829400574,209.50880994974017,-52.76287277303137,-14.688292585967002,-10.538108028731743,4.0,-5.596848113127183,-26.856782235852005,-10.197655677655678,11.11481386830224,0.2326,0.4226,17.4,0.07060000000000001,0.0186,0.48803475594173273,-0.3749836726580912,1.559267399267399,0.9149581395348838,0.7701669648181276,0.8199111111111111,0.7512752136752137,0.7044376068376069,0.6851297952693302,0.559522480620155,0.8627906976744185,1.0,0.9123514211886306,0.7543384615384616,0.5809766646789902,0.44370645994832036,0.6878718346253231,0.8526697674418605,0.0,0.0,0.0,0.0,0.0,0.0,0.0,0.0,Nitin Senthilvel,2811.0
19.62917277167277,191.8648656898657,-57.79705720259208,-15.464713064713063,-11.058088948623814,4.0,-1.3297771672771674,-35.5004884004884,-10.007252747252746,11.563263125763125,0.1802,0.5254,21.8,0.054400000000000004,0.010400000000000001,0.39484432234432243,-0.18356532356532357,1.2593467643467644,0.8061111111111112,0.9678571428571429,0.6827380952380953,0.7265873015873016,0.6263095238095239,0.6598015873015872,0.5893650793650792,0.9724999999999999,1.0,0.8489285714285714,0.6208333333333333,0.5567857142857142,0.515,0.7147222222222223,0.6807936507936508,0.01444444444444444,0.0,0.0,0.0,0.0,0.0,0.0,0.0,Nitin Senthilvel,2811.0
19.878455284552846,181.50838777584204,-58.08308652420753,-16.44795296167247,-11.247760595055386,3.9853658536585366,-3.2222524680603954,-30.275969076655052,-10.210191637630661,9.335674361207897,0.21880000000000002,0.4596,18.2,0.03319999999999999,0.0,0.3587579849012776,-0.04107142857142856,1.4545187282229965,0.6274696580439405,0.8325344952795934,1.0,0.7678652108433734,0.6057597410338522,0.6572785778189008,0.4079559168044728,0.9482352941176471,0.901268382352941,0.8112019319106493,0.7172218284904324,0.288854724453369,0.6993457244008715,0.7244847445336903,0.8984373906300582,0.0,0.0,0.0,0.0,0.0,0.0,0.0,0.0,Nitin Senthilvel,2811.0
19.26595238095238,194.53293284493284,-70.27597961710123,-16.648327228327226,-11.849731753853352,4.0,-6.654194139194139,-40.06713064713065,-10.101241758241759,11.044645909645908,0.2182,0.492,18.2,0.078,0.0048000000000000004,0.059161172161172206,-0.052393162393162364,1.0912942612942613,0.7137794652744819,0.9218346253229974,1.0,0.6887873754152823,0.5476731002478511,0.6482413120286875,0.5760981912144703,0.8805555555555555,0.6766136687233033,0.5823564309444708,0.5684899541211834,0.3933726203659758,0.7228682170542635,0.7050941306755261,0.8642857142857142,0.03899501661129566,0.0,0.0,0.0,0.0,0.0,0.0,0.0,Nitin Senthilvel,2811.0
18.644250018731842,177.39100904031,-67.34441173153017,-17.51548637570799,-12.919348251403951,4.0,-1.7921792484508074,-40.94057520163323,-10.679966365939688,12.503143711605507,0.2222,0.33199999999999996,21.0,0.043,0.012199999999999999,0.16682313534934184,-0.20169150832479993,1.1817065307983836,0.6970723396770808,0.9042553191489361,0.7803604455802002,0.7750431105756739,0.6288811639563864,0.4305847314761559,0.41921767391831244,0.9090774965056685,0.8506367448361548,0.8845583494519665,0.6313293241298787,0.33862755145778944,0.5411752705282575,0.545108795170357,0.7857664233576642,0.0,0.0,0.0,0.0,0.0,0.0,0.0,0.0,Nitin Senthilvel,2811.0
21.305210591185343,210.84061492504694,-65.68067655529008,-15.51141144970037,-11.62287493661889,4.0,-12.353536365457824,-30.73080939630729,-10.333166973279175,10.871122566073478,0.22679999999999997,0.48199999999999993,16.4,0.0398,0.0064,-0.08379628786360903,-0.1410417539449797,1.8120131388013576,0.8721872006427489,0.9088841506751955,0.9516129032258064,0.8916133617626155,0.752534811416769,0.7795217461081688,0.6970597323939309,0.9185300207039336,0.8600981767180926,0.7802875025792695,0.5348098218584496,0.7899493217144095,0.45155533691988864,0.8849896480331264,0.8523809523809524,0.0,0.0,0.0,0.0,0.0,0.0,0.0,0.0,Nitin Senthilvel,2811.0
18.767587644469085,168.72306772885037,-70.66810016339042,-14.645898385902445,-14.153176411052835,4.0,-9.272175752228282,-38.94286067981317,-10.379817520955418,12.725828586561724,0.1946,0.4976000000000001,20.8,0.09159999999999999,0.0058000000000000005,-0.07798921679244472,-0.033641069887834316,1.443350550547424,0.614381411814567,0.7386408412864929,0.8942148760330578,0.7984773693329843,0.46251924405456624,0.5682803002420227,0.653663101604278,0.8683558068725532,0.6689482016248129,0.555957705396208,0.6964049586776859,0.3824563404509928,0.8915484993475424,0.7919347319347321,0.9358974358974359,0.0,0.0,0.0,0.0,0.0,0.0,0.0,0.0,Nitin Senthilvel,2811.0
17.78375350140056,147.65873949579833,-53.337629169127965,-16.281792717086837,-9.141186592097158,4.0,-9.703781512605044,-27.71596638655462,-10.809327731092436,16.314425770308123,0.258,0.5376000000000001,19.4,0.0416,0.0,0.3964985994397759,-0.20112044817927172,1.2558543417366947,0.4778195133475077,0.7784313725490197,0.85921568627451,0.3962414363335695,0.5041176470588236,0.706673753838885,0.5459508622726199,0.9209803921568629,0.8739215686274511,0.7196550909520434,0.44296716276872194,0.3842617528939286,0.867450980392157,0.6885613040396882,0.8349799196787149,0.0,0.0,0.0,0.0,0.0,0.0,0.0,0.0,Nitin Senthilvel,2811.0
20.342807445863414,201.02415432502625,-49.40697121377534,-15.191659515171082,-10.83668034852462,4.0,-6.615011626490839,-24.65615495945598,-9.271768274549455,13.164303510416635,0.2172,0.595,14.8,0.020200000000000003,0.0,0.0985333911117531,-0.42757699776911107,1.9556109548639136,0.8882352941176471,1.0,0.6989203743512908,0.5698803552428723,0.8050793650793651,0.7810188261351052,0.6617314832909907,0.9616246498599439,0.8666106442577031,0.9542857142857143,0.746797385620915,0.9005471956224351,0.5803100775193798,0.9418087855297157,0.8175558595531236,0.0,0.0,0.0,0.0,0.0,0.0,0.0,0.0,Nitin Senthilvel,2811.0
18.389994556712253,181.1897130531357,-71.26658085827063,-16.823429402972298,-12.024990836607218,3.997183098591549,-5.955610427407832,-39.331766193232326,-10.822383172339318,9.694416075696818,0.20579999999999998,0.5476,21.2,0.046,0.0028,0.19296289345861678,-0.08037277741562351,1.7416860913023722,0.7503036890232757,0.8082083901257004,0.7617565291638596,0.7492957746478873,0.6293093134259766,0.5489194436175825,0.6131739622010893,0.8744536182612919,0.7554393770856507,0.6984702878002162,0.5689037898134077,0.7201334816462736,0.2816676458454099,0.6980245264691598,0.8065565808644972,0.0,0.0,0.0,0.0,0.0,0.0,0.0,0.0,Nitin Senthilvel,2811.0
19.491076608523418,205.39602697475038,-59.978777871774334,-15.671368079878718,-11.641619746531095,4.0,-3.8323795749327667,-32.232310453587054,-10.566995312527228,9.965895295682529,0.1892,0.5666,17.4,0.028399999999999998,0.0054,-0.041480126160977196,-0.40454992710311855,1.0434364345002642,0.9043760940235058,0.7772043010752687,0.880953211275792,0.6501253352335986,0.6160061081542137,0.7108027161054116,0.6894810232238424,0.9424657534246575,0.8891891891891891,0.879039039039039,0.6481682064351704,0.6310211342790035,0.7801453331369371,0.7532135316934256,0.9643835616438355,0.0,0.0,0.0,0.0,0.0,0.0,0.0,0.0,Nitin Senthilvel,2811.0
20.461586360229123,197.7525607912644,-60.676545822472505,-15.67413507553098,-11.821622103208956,3.998079684138096,-5.597587562776159,-32.22347671817963,-10.304145951991496,10.946341905076627,0.2098318318318318,0.5141591591591592,17.35735735735736,0.0537117117117117,0.0068618618618618,0.0701486687610628,-0.270548579542178,1.5397091563277128,0.8090566491566813,0.8527735486690179,0.8718253200097285,0.6999789282267848,0.6728715467912258,0.6155710273449689,0.6262032870829232,0.886389552445158,0.8552762517619747,0.8048473070413182,0.6262922595252951,0.5744366924381715,0.6686569730186676,0.8078353987075569,0.8619103622000248,0.0674063184801553,0.0224719101123595,,,,,,,Nitin Senthilvel,2811.0
19.076058106704707,175.024022921117,-60.93464986368568,-16.458235828271594,-11.456375218823537,3.998363594817501,-7.430155275845633,-31.82426798420912,-10.607097330942448,12.843118179589156,0.2183523809523809,0.3855452380952381,19.976190476190474,0.059097619047619,0.0067523809523809,0.1316799571722979,-0.3096632395593525,1.972942929475742,0.6823481609552015,0.8869708508475647,0.7925698475954636,0.6322956401273929,0.6401244540316301,0.5218589661289749,0.586386202706036,0.8538256922075947,0.817721472667203,0.8026545323867752,0.6721749096391855,0.5940273558058325,0.5935514993239672,0.785147411977275,0.8248274722307994,0.0538735908770027,0.0278836392469575,,,,,,,Oleg Vastrukhin,2987.0
19.793270035286845,173.2480764637871,-46.57816928873312,-14.951615428780206,-10.606397971510582,4.0,-7.771880293619423,-19.73271363881521,-10.120102586489141,12.604540630481441,0.23819999999999997,0.3108,16.0,0.0752,0.009,0.09304037820661859,-0.048128342245989296,1.695379021173687,0.5788045653043825,0.901048951048951,0.847589470570837,0.6992630095516468,0.8145996860282574,0.5405464015949949,0.7126635269492413,0.9054945054945055,0.865149136577708,0.7491007312015715,0.9487165775401071,0.600231548989313,0.6180806770868883,0.6670189948889255,0.8039615846338535,0.0,0.0,0.0,0.0,0.0,0.0,0.0,0.0,Oleg Vastrukhin,2987.0
20.22078913148634,185.02937657121234,-66.41720821180007,-16.86768782129378,-11.069514840933664,3.976,-6.577069565084817,-35.69524943277658,-11.45958424775155,11.275897696040316,0.21539999999999998,0.1666,19.4,0.053000000000000005,0.004,0.21939513539210836,-0.2668716848441504,1.3201948836932103,0.7701582628666875,0.8021359223300971,0.8493023255813954,0.44533600459754324,0.42856020454489485,0.6457728509797352,0.6595652345818771,0.802160380594455,0.9728155339805825,0.771177993527508,0.7601490178369834,0.2144254170338701,0.49948074882798366,0.8413821902077461,0.8359534883720929,0.0,0.0,0.0,0.0,0.0,0.0,0.0,0.0,Oleg Vastrukhin,2987.0
21.468647342995165,184.01652777777775,-61.59397941759232,-17.13079710144928,-11.858345359621303,4.0,-7.861322463768116,-31.894414251207728,-10.31715579710145,13.468055555555555,0.21139999999999998,0.46820000000000006,18.4,0.0408,0.0034000000000000002,0.2051388888888889,-0.13506038647342994,2.7934903381642515,0.7107452596423184,0.8941176470588236,0.8219749682104694,0.6013264921353156,0.8037137859838772,0.6812804428380236,0.6535051434802884,0.8277957336780866,0.5864482331394096,0.6588760504201681,0.6192161516105178,0.8750147946502544,0.7352749984067299,1.0,0.9680672268907562,0.00219780219780218,0.0,0.0,0.0,0.0,0.0,0.0,0.0,Oleg Vastrukhin,2987.0
17.703235390888675,151.51582240850138,-58.13877473454588,-16.374230283568927,-12.050254104027562,4.0,-7.057516951133972,-29.395636325151052,-11.01254769755975,13.751410626895378,0.2464,0.31,21.2,0.0428,0.0,0.22841012357310442,-0.07647288951135504,0.9859435129847036,0.463413469061547,0.969620253164557,0.8456093189964158,0.7072442790184726,0.5949151687980947,0.439509230941594,0.5559598132266277,0.8721786150357579,0.6927668337806586,0.8890836308557827,0.60600785591744,0.3190764631804706,0.5189613893530944,0.7383536102298863,0.6157897829483899,0.0,0.0,0.0,0.0,0.0,0.0,0.0,0.0,Oleg Vastrukhin,2987.0
21.997803531109987,198.89186103819168,-57.802563319961564,-15.393539365313558,-10.437716131404702,4.0,-3.0242485772727705,-34.97851735775123,-8.884270229552488,10.915728341333182,0.24500000000000002,0.32499999999999996,13.2,0.045599999999999995,0.0052,0.08760132739971449,-0.3191231784780172,1.9275078521449491,0.861985759493671,0.8783783783783784,0.971875,0.5245082412883045,0.6135262393365191,0.7476497695852534,0.6239456465959631,0.8729729729729729,1.0,0.8771428571428572,0.8534795543370471,0.4692671660168597,0.6497231012658228,0.959493670886076,0.9139240506329113,0.0,0.0,0.0,0.0,0.0,0.0,0.0,0.0,Oleg Vastrukhin,2987.0
20.055149959421374,165.81376193698776,-49.960180784353284,-17.823272167209876,-10.689085887407435,4.0,-6.339355305428719,-20.309824435853354,-10.624199226802121,11.825556238348229,0.19119999999999998,0.3514,16.6,0.05740000000000001,0.0094,0.11233678446136733,-0.3286198858612651,2.3509244926375077,0.6285571990329499,0.9247863247863247,0.7206201550387596,0.6499304313257801,0.8650346797225621,0.7887179487179486,0.80105660693176,0.8804611409262572,0.737666467899026,0.9418803418803419,0.8704738816061729,0.8653548002385211,0.6826651602171798,0.8265599186681916,0.7928072181979922,0.00310077519379844,0.0,0.0,0.0,0.0,0.0,0.0,0.0,Oleg Vastrukhin,2987.0
18.622194149791063,138.8638491298159,-49.86358110309177,-16.571486889837903,-9.75147828819532,4.0,-5.623642374982779,-24.331640033062406,-10.700227786196447,13.114894269183083,0.18040000000000003,0.314,15.6,0.0306,0.0,0.01022546723607474,-0.2614773384763741,1.7374012260641962,0.43678475871745925,0.9049180327868853,0.7801594896331738,0.6948535418368537,0.8450147724004496,0.48328984408363185,0.6267663694756015,0.85955783768364,0.8148394443392235,0.8446570972886762,0.848654970760234,0.5410446135208862,0.6698777246145667,0.6782705397373214,0.7372140734349535,0.0,0.0,0.0,0.0,0.0,0.0,0.0,0.0,Oleg Vastrukhin,2987.0
17.14406073118415,161.3036690809787,-64.99352255282149,-16.432084204488117,-10.320577135860798,4.0,-8.300101652942427,-36.615641174294794,-10.666338238033152,13.341219852797796,0.2142,0.2582,22.4,0.08360000000000001,0.0,0.013542795232936078,-0.4367830275875155,1.345520624835497,0.5883339454370726,0.6814493086288265,0.9873239436619718,0.41873915811251694,0.37779970129337515,0.48050868881257996,0.6194037191423203,0.49783244884343,0.5194733153374834,0.5783906874537097,0.6649217731421121,0.31707270568215895,0.5048266522210183,0.7814319248826291,0.9423708920187794,0.00985915492957746,0.0,0.0,0.0,0.0,0.0,0.0,0.0,Oleg Vastrukhin,2987.0
19.678497431375387,190.89571173495128,-62.43554323511955,-18.10771640278491,-11.489208669021892,4.0,-3.6651254918992904,-35.67552238936927,-10.774160382200813,13.276190100156617,0.22920000000000001,0.1062,20.0,0.0368,0.0,-0.02528719899273063,-0.0287175302597579,2.193913390628359,0.7557126110795991,1.0,0.7561757105943153,0.6292556879057163,0.4572125795676561,0.4587846473813575,0.5292559400012605,0.9983739837398374,0.9463414634146341,0.9883720930232558,0.584950904392765,0.5318237852145963,0.5003788996029496,0.6805503245730131,0.8111892607298167,0.0,0.0,0.0,0.0,0.0,0.0,0.0,0.0,Oleg Vastrukhin,2987.0
21.729302325581394,195.31884307211257,-59.787494162449036,-16.39093218682822,-11.468256327780281,4.0,-8.2828024232949,-29.695641977721323,-10.276615204221224,12.326753957396914,0.22200000000000003,0.404,20.2,0.0624,0.0172,0.046542896228258746,-0.21579831932773108,2.8700723079929644,0.809712140175219,0.8823529411764707,0.7994367959949937,0.7823351653334785,0.6937338339591156,0.8060622102680111,0.678793289748832,0.8402228976697061,0.8626501035196688,0.9201823708206687,0.9858156028368794,0.6367334167709637,0.4239272434228085,0.7525227963525836,0.7963913224864413,0.0,0.0,0.0,0.0,0.0,0.0,0.0,0.0,Oleg Vastrukhin,2987.0
18.29104081632653,178.64943042671615,-58.61072493289832,-17.216920222634513,-10.966422521024489,4.0,-12.896883116883117,-23.260816326530612,-11.483755102040815,13.214072356215212,0.16760000000000003,0.2874,18.2,0.022,0.0,0.0724508348794063,-0.08269016697588123,1.8894638218923934,0.6370510204081632,1.0,0.9,0.7463544551868304,0.9281357486814951,0.6721390762733106,0.6374837193304288,0.9293367346938777,0.8563173584040357,0.8831460674157302,0.6991607429488649,0.5523064290780331,0.7947033697199811,0.9125,0.6218914239853245,0.0,0.0,0.0,0.0,0.0,0.0,0.0,0.0,Oleg Vastrukhin,2987.0
18.727598285448327,163.51444765535487,-53.44069291489169,-15.97455802965331,-10.170257902513844,4.0,-6.007896618708548,-26.881248929198385,-11.094404125286477,12.687672690468878,0.1858,0.24219999999999997,27.2,0.048,0.0,0.08381965314442527,-0.15065468913853336,1.201458366267811,0.5464575041922786,0.9038461538461539,0.764710764052632,0.7182083916042911,0.5496502445745143,0.5357552682922319,0.5656894700513843,0.79302999846415,0.7793178469594344,0.8824858757062147,0.7109408952629291,0.31961294240573423,0.38094952730461096,0.6732195802119011,0.7100086266024622,0.00425531914893616,0.0,0.0,0.0,0.0,0.0,0.0,0.0,Oleg Vastrukhin,2987.0
15.40554228136294,133.76071868767164,-61.39091573396697,-17.834788553920497,-9.955607050231029,4.0,-7.678416969678514,-33.82798307260345,-11.674269302912359,15.580149215378878,0.1898,0.39239999999999997,38.0,0.0876,0.0073999999999999995,0.6282535928105741,-0.08955110517486693,1.8068862378061077,0.39806119116908106,0.8743243243243242,0.654939589838067,0.42070606833774143,0.37618214371073266,0.3268803323699344,0.38599123299743254,0.7799939162842389,0.8506959227116424,0.5244209769687586,0.4943898105311238,0.3989150615093585,0.5569413971288869,0.8874352108223075,0.6710269511112805,0.0010152284263959198,0.0010152284263959198,0.0,0.0,0.0,0.0,0.0,0.0,Oleg Vastrukhin,2987.0
18.669591496258164,176.13783151116482,-58.67609831275062,-14.794950794950797,-11.748089438075077,4.0,-10.160988694322027,-27.273661973661973,-9.941567021567021,11.243159609826277,0.1906,0.4686,16.8,0.052000000000000005,0.006,0.07036075036075036,-0.35148100481433814,2.4958537758537758,0.7717961608655465,0.9363636363636363,0.8240258663571547,0.6947348713960655,0.6908918541926405,0.7698085145937906,0.7825439454835463,0.805289840872663,0.8764640267707751,0.8302844394868935,0.7625183033201697,0.7201762723580748,0.6787611558924096,0.7721593363864167,0.7885756922566739,0.0,0.0,0.0,0.0,0.0,0.0,0.0,0.0,Oleg Vastrukhin,2987.0
19.82471442921292,164.8663602533988,-66.90175784211094,-18.180720486850042,-11.679147196816299,4.0,-6.457116107713972,-37.31838478254197,-11.29477911222745,14.02838984403879,0.22139999999999999,0.361,27.6,0.08460000000000001,0.0054,0.036513030348646815,-0.37183262523406474,1.6445406365942703,0.5795353532003171,0.8779661016949152,0.8681195516811956,0.48381606204336647,0.42357329807411076,0.6059234589418011,0.41517424066530173,0.7824191063174114,0.6693539511336122,0.7405238828967643,0.5921119801953328,0.4258117260032746,0.5617238925458103,0.812640099626401,0.8828144458281445,0.0,0.0,0.0,0.0,0.0,0.0,0.0,0.0,Oleg Vastrukhin,2987.0
19.465896649043025,184.96428644787062,-60.99043979326024,-16.82235450224506,-12.209399382124058,4.0,-9.076803342330019,-28.546641032277147,-10.242169803182115,11.906928268898174,0.2008,0.4002,16.8,0.0658,0.0,-0.09568487776422112,-0.27551365318807175,2.3389756103572794,0.7884291187739464,0.8192337164750958,0.9380324543610549,0.7198129366689204,0.7495417062897467,0.547357499184268,0.5423010785449598,0.8053419409016952,1.0,0.7971227319458724,0.6649007498006922,0.5120910608995277,0.7054428668018932,0.9666666666666668,1.0,0.0,0.0,0.0,0.0,0.0,0.0,0.0,0.0,Oleg Vastrukhin,2987.0
18.80792255363684,175.35740101168673,-68.27427689159273,-15.758346415489275,-12.174079787109914,4.0,-8.021036106750392,-39.50036630036631,-10.022925170068026,13.202476888191175,0.22479999999999997,0.4344,14.6,0.08940000000000001,0.024,-0.05131693703122274,-0.2527960927960927,2.246560265131694,0.6899798792756539,0.8084353741496599,0.9,0.3844605350422864,0.5385872190193772,0.4499215348362404,0.8013079592381491,0.6911109594339407,0.8897435897435898,0.8817373103087389,0.7028781383955909,0.4322016678293469,0.6687528344671202,0.9775510204081632,0.897433489827856,0.0,0.0,0.0,0.0,0.0,0.0,0.0,0.0,Oleg Vastrukhin,2987.0
19.347512274959087,185.8630114566285,-56.1761999510115,-14.840261865793781,-12.048409443646525,4.0,-8.417266775777414,-27.83887070376432,-11.099803600654663,14.068412438625206,0.2202,0.5068,15.0,0.09419999999999999,0.0128,0.04018003273322426,-0.34556464811783966,2.3581833060556465,0.8268130862502859,1.0,0.7989260385005066,0.752253488904141,0.6028244599143707,0.5268717144214742,0.48648655851126676,0.8781566820276497,1.0,0.704029304029304,0.8948717948717949,0.7259929957939566,0.5637650750073535,0.6051018073667354,0.8323201621073961,0.0,0.0,0.0,0.0,0.0,0.0,0.0,0.0,Oleg Vastrukhin,2987.0
16.917335898470224,172.75719927833362,-69.62393453349947,-17.425190146682684,-11.014839613091098,4.0,-10.731613819822774,-37.52434912606554,-12.387522525477749,15.4595806976404,0.1944,0.34059999999999996,27.6,0.052000000000000005,0.0124,0.2933502209770867,-0.287591770875353,0.9592311504550312,0.5801913075594824,0.9038972089857046,0.9970149253731343,0.5867652886012417,0.5850107021055376,0.29052587501241606,0.3260559375228634,0.5212620827249376,0.5883450240892482,0.7716482130967922,0.6429621802491964,0.31122315003495526,0.16944277581663747,0.6980842741633737,0.6186236956808876,0.0,0.0,0.0,0.0,0.0,0.0,0.0,0.0,Oleg Vastrukhin,2987.0
21.506924186924188,216.49634032634032,-74.24869520030235,-16.858075258075257,-12.19650294811009,4.0,-9.776007326007326,-38.27825507825507,-10.85074925074925,9.710894660894661,0.23079999999999998,0.37639999999999996,16.8,0.031999999999999994,0.0,0.34154068154068157,-0.32583860583860585,1.6109645909645909,0.9101298701298701,0.9077044025157234,0.9815151515151515,0.8101635177297675,0.5482946733148132,0.5541096295643677,0.7250839048591857,0.8898701298701299,0.7862038630344756,0.7848632391329021,0.8269048766229178,0.7907508471553415,0.6893506493506493,0.9924528301886791,0.9235955056179777,0.014545454545454539,0.0,0.0,0.0,0.0,0.0,0.0,0.0,Oleg Vastrukhin,2987.0
19.326851769947744,188.1222179632087,-51.7828868855906,-12.56851769947745,-9.965574814563345,4.0,-7.122857388569463,-27.784820302389953,-9.980537127131555,11.63942044654119,0.203,0.3984,16.0,0.08059999999999999,0.0048000000000000004,-0.04122872540829196,-0.19681114551083587,1.456879289727587,0.7643831337844873,0.7477069922308546,0.7562005899705015,0.9185840707964601,0.7925534591194968,0.5155156872567026,0.7578988621997471,0.8764705882352942,0.86,0.871764705882353,0.7510289779628665,0.7373577749683944,0.5003525941349991,0.5380190377035771,0.7606336977268783,0.00941176470588234,0.0,0.0,0.0,0.0,0.0,0.0,0.0,Owen McCoy,2905.0
20.810291669546785,199.81385239230826,-72.33453101899671,-14.494786657318627,-14.015272361362102,3.995238095238095,-8.896800188935739,-39.992814475966654,-10.117888482655106,11.18779305200341,0.1704,0.4466,22.0,0.08,0.012199999999999999,-0.05226421297073467,-0.6354252782193959,1.3266400502621734,0.8030596493807195,0.8247412008281574,0.8889821995173165,0.9215264187866927,0.6585048242330507,0.42993604721510525,0.24320603768377738,0.8491687799380108,0.9136094674556213,0.7289373429520953,0.3405956892159473,0.5356055326887038,0.8174128581841792,0.991715976331361,0.8584108199492814,0.0,0.0,0.0,0.0,0.0,0.0,0.0,0.0,Owen McCoy,2905.0
19.43637095881631,184.94275715469607,-64.19098399118907,-14.69692868407571,-12.348627695422426,3.997017015884148,-7.078603835538239,-35.147760880341544,-10.284797958798512,11.36871804710322,0.1989429657794676,0.4441977186311787,17.35361216730038,0.063148288973384,0.0077338403041825,0.0532886229244747,-0.2786817068792691,1.799324619744321,0.7552770861271829,0.8421048541032543,0.7999647588040034,0.7103803472845451,0.6333931521053643,0.6193087294659854,0.6147789104262956,0.8792371066447939,0.8535902165888162,0.8172321755299541,0.6285564278284584,0.5599929140307139,0.5979115028012901,0.798881492967944,0.8401483584729269,0.0432240907271038,,,,,,,,Owen McCoy,2905.0
23.80844823752931,210.6112615207373,-71.96228107599387,-13.676053035815347,-13.276868754868483,3.995238095238095,-8.793592853100494,-41.6289549478535,-9.367423296143585,10.785373716549437,0.196,0.47780000000000006,15.2,0.0438,0.01,0.054901770555420816,-0.2997954563828927,1.6739489853666423,0.8784461152882205,0.8654772176342496,0.935461060678452,0.7710367975424057,0.7491035280508964,0.8,0.6279930595720069,0.7861128230412096,1.0,0.7996548748921485,0.7132728141423793,0.39875746991251354,0.7693106608288361,0.944642375168691,0.7421978021978022,0.0,0.0,0.0,0.0,0.0,0.0,0.0,0.0,Owen McCoy,2905.0
17.854485019895797,152.81973480215206,-74.53528206883402,-15.835171863426257,-12.79096104638057,3.995698442925955,-5.481631742277079,-46.63992919890852,-11.457139968200295,13.673853307432754,0.18760000000000002,0.4772,22.0,0.0902,0.0,0.26107360042654326,-0.2879377228273313,1.609236070116816,0.6176393699718634,0.7715127743546962,0.7436962025316455,0.5349749407462834,0.5518200571723257,0.5557264559067809,0.4946398536844939,0.7869589518608671,0.7514860871019907,0.6124202997758544,0.5386871015337698,0.5197873151441822,0.4811947209185612,0.6512652150100482,0.8417576569461609,0.0,0.0,0.0,0.0,0.0,0.0,0.0,0.0,Owen McCoy,2905.0
20.620748600058945,218.12820028630375,-72.85037914669256,-16.07436739505705,-12.840824601620785,4.0,-7.822147488526798,-41.02661361626879,-10.67269609700644,11.586270051787292,0.183,0.4572000000000001,16.6,0.0522,0.0052,0.16909561702665146,-0.18263736263736263,1.8974952633573328,0.9146248196248197,0.774402621860249,1.0,0.6321751412429377,0.8318181818181818,0.7072871572871573,0.579076479076479,0.8796830288355713,0.7933407929170642,0.7998556998556998,0.4915007215007215,0.5545454545454546,0.6261111111111112,0.9050847457627118,1.0,0.012698412698412681,0.0,0.0,0.0,0.0,0.0,0.0,0.0,Owen McCoy,2905.0
18.992651311536758,191.56143129316507,-60.07493751899578,-10.68898490570317,-12.587015791600361,4.0,-8.534132276392338,-35.70970979484911,-8.866027625625147,12.310932875174363,0.2232,0.42560000000000003,14.4,0.0586,0.0052,0.09114018076866372,-0.2522732169790993,1.0669433765408995,0.8340156532209513,0.9164690382081687,1.0,0.728294462040503,0.6614467928498422,0.5853220203349774,0.5897981172966273,0.8376681960903095,0.7518795581997425,0.7484754376058724,0.5509048778268473,0.41008429092251797,0.5205378686204191,0.7520362588281886,0.9059602649006623,0.0,0.0,0.0,0.0,0.0,0.0,0.0,0.0,Owen McCoy,2905.0
21.006372006166806,214.4064534340868,-59.7737063241071,-13.017957570625148,-12.695788490306914,4.0,-10.136190910472717,-28.761123053872712,-9.005875838707576,9.843229539877967,0.178,0.45360000000000006,13.0,0.010400000000000001,0.0,-0.19349336633878353,-0.4125702994376044,2.2106312292358803,0.9492063492063492,0.8941176470588236,0.9098319327731094,0.754267040149393,0.8013818860877684,0.8785714285714284,0.6588515406162465,0.9794117647058824,0.9928571428571429,0.9666666666666668,0.7682539682539683,0.40274509803921565,0.6402521008403361,0.9071428571428571,0.9428571428571428,0.0,0.0,0.0,0.0,0.0,0.0,0.0,0.0,Owen McCoy,2905.0
18.980397869674185,173.64841165413532,-64.61483253041192,-15.00375939849624,-13.599879522893115,4.0,-10.14375,-32.166290726817046,-10.482998120300753,12.78184523809524,0.2366,0.42119999999999996,14.8,0.047799999999999995,0.0,0.12733082706766916,-0.3428383458646616,1.7426127819548871,0.7532316687737042,1.0,0.7650284450063211,0.7577275600505688,0.6050263379688158,0.7786778339654447,0.6366224188790561,0.9446428571428571,0.8222661188369154,0.721354825115887,0.6191203118415508,0.45456700379266746,0.6344184576485461,0.7231257901390645,0.9111725663716814,0.027903761061946898,0.0,0.0,0.0,0.0,0.0,0.0,0.0,Owen McCoy,2905.0
19.799591638981173,179.49762033121917,-75.86027992951871,-15.190409745293465,-14.460740792299339,4.0,-7.650021645021644,-42.26192464512232,-10.263734370280883,9.966551268498943,0.1752,0.4194,12.8,0.0236,0.0046,-0.05155554716601231,-0.1860750528541226,2.5233244236383774,0.7262770562770562,0.7642857142857142,0.7565936147186146,0.8463845350052246,0.8135416666666666,0.5039717242696451,0.7862329375323797,0.9529411764705882,0.9107230392156863,0.8613688610240334,0.7739583333333333,0.7091477272727273,0.6776683087027915,0.8930264778325124,0.8300000000000001,0.0,0.0,0.0,0.0,0.0,0.0,0.0,0.0,Owen McCoy,2905.0
19.856529432223283,199.62067109098265,-76.97863257031784,-15.541702385047804,-16.364023591136448,4.0,-9.012219031993435,-38.760618112602685,-10.093223485292395,8.793154035754926,0.19499999999999998,0.5206,13.4,0.05,0.014000000000000002,0.17508337649278133,-0.1062587601078167,1.7870249619125744,0.8027214768293843,0.8911028642116282,0.7815456674473068,0.7779215094544812,0.6098854934869029,0.7202746454272149,0.7613098336679804,0.694433502775932,0.8289690069576217,0.8497668664953849,0.8803692073460845,0.4341876161461247,0.6108119749259194,0.7656830601092895,0.7660898219726017,0.0,0.0,0.0,0.0,0.0,0.0,0.0,0.0,Owen McCoy,2905.0
22.07586103277105,224.30024965505444,-57.43270310078983,-16.61957139512318,-10.431184166978872,4.0,-5.036356466916738,-28.488197877162225,-9.845445059231137,8.988051864622324,0.21280000000000002,0.4932,15.8,0.0538,0.027200000000000002,0.01751162158632446,-0.06581929977515712,2.0316250622532452,0.9297297297297298,0.8930045141363745,0.8404637681159421,0.8304138927089747,0.676088452088452,0.6764402663533098,0.7678736398736399,0.9836065573770492,0.8987012987012987,0.8088141366829891,0.7531262939958593,0.47309438456979436,0.6051667405110028,0.8419459459459461,0.9811171171171171,0.00259740259740258,0.0,0.0,0.0,0.0,0.0,0.0,0.0,Owen McCoy,2905.0
20.16479713001452,195.5791779606997,-55.28421342779761,-16.287281461194503,-10.458808398044756,4.0,-3.5117400226095876,-28.922238748325707,-10.199708311664835,10.095563514041775,0.2136,0.4932,24.6,0.0876,0.0106,0.07677043872696046,-0.22244265722526588,2.4338523110262242,0.8604989604989605,0.8545454545454545,0.7344834513312775,0.6658426033426034,0.5552738536434189,0.6973360951621821,0.48760688488949355,0.9461538461538461,0.8369005994005994,1.0,0.9267857142857142,0.6926330426330427,0.3824165699165699,0.4724493338623773,0.705796010687315,0.00129870129870128,0.0,0.0,0.0,0.0,0.0,0.0,0.0,Owen McCoy,2905.0
18.84263722165366,173.6279113554523,-70.61213686047175,-17.994567721402525,-13.588960429030632,3.9974025974025977,-6.974878761197992,-36.025489993560406,-11.426096803483166,11.400454250800369,0.1914,0.44600000000000006,21.4,0.040600000000000004,0.0032,0.2874942071007997,-0.0448297611016155,1.8218461296880168,0.7574531457829623,0.809921226314669,0.6155928959856893,0.7655803861776918,0.49748467730938106,0.6530534714433432,0.540144500848932,0.9064935064935066,0.6541775056626542,0.770965667995371,0.4792494634078793,0.650379469580898,0.6401859623901499,0.8902916755375772,0.7925271449861613,0.0,0.0,0.0,0.0,0.0,0.0,0.0,0.0,Owen McCoy,2905.0
18.13616962604251,171.69160008071026,-62.58959684780109,-13.378019908528382,-12.328682804217554,3.993435566316922,-5.271670702179177,-35.96007532956686,-10.720306698950766,11.075723029324724,0.15999999999999998,0.41,18.6,0.0676,0.0032,0.0065173527037933835,-0.02705138552596178,1.315875706214689,0.7772869619824331,1.0,0.6457169298397825,0.7331498971269925,0.7635854341736694,0.5907736545945812,0.5267067520223429,0.868720821661998,0.8959850606909431,0.8756302521008402,0.5636713682523157,0.31172797176506173,0.813850259867959,0.8934828026967538,0.8515356585111921,0.0016806722689075599,0.0,0.0,0.0,0.0,0.0,0.0,0.0,Owen McCoy,2905.0
19.466973886328727,178.2593164362519,-61.93908649130416,-13.252688172043008,-10.736628734007684,4.0,-7.47684331797235,-35.49458525345622,-10.288248847926269,11.309907834101383,0.198,0.3356,21.0,0.08180000000000001,0.0064,0.10642857142857146,-0.41230414746543775,1.415937019969278,0.7278792170813296,0.7070660522273425,0.7316529709228824,0.7371324578932343,0.8084101382488479,0.7600663716814159,0.5508931904521399,0.7886712749615976,0.7835253456221197,0.7524193548387097,0.584145902151897,0.6589015537702377,0.6557153392330384,0.7254454057694139,0.7553228185364925,0.0008064516129032201,0.0,0.0,0.0,0.0,0.0,0.0,0.0,Owen McCoy,2905.0
18.24134070056612,193.77763382816016,-68.05769331920293,-15.810758875902868,-14.092014014506745,3.996923076923077,-4.735246012952071,-37.37451090231626,-11.284074300409952,11.241987709961888,0.17880000000000001,0.2582,19.0,0.13,0.034600000000000006,0.14190470127908056,-0.0470343492985002,1.0636500055169371,0.8191267537493954,0.8164642375168691,0.8431359967407633,0.5516004634227076,0.27121003403525745,0.601968230930495,0.5930656770130455,0.7162321442212207,0.6560600157869273,0.7487875894380362,0.6402965141445777,0.33674063606039767,0.7100202429149797,0.8282433648223122,0.7746089340428963,0.03,0.0,0.0,0.0,0.0,0.0,0.0,0.0,Owen McCoy,2905.0
19.62843131868132,160.36141575091577,-54.30314445648834,-11.963168498168496,-10.588942991286867,4.0,-5.236314102564103,-33.62060897435897,-9.57764010989011,12.68353021978022,0.17520000000000002,0.46399999999999997,13.8,0.0344,0.0026,-0.019569597069597072,-0.030309523809523797,1.7348937728937728,0.6459528649460577,0.7962416107382551,0.6157605568853072,0.600454605544241,0.9825503355704697,0.7216267743659797,0.6822951755638024,0.8644295302013422,1.0,0.8785364797575232,0.6232354684995278,0.6598001712817585,0.5207522131262665,0.7924636026263203,0.8072851841278904,0.0,0.0,0.0,0.0,0.0,0.0,0.0,0.0,Owen McCoy,2905.0
21.686316864707113,204.86292242175168,-68.95414932003176,-14.24412162363382,-12.48472509655877,3.995238095238095,-7.91854909318324,-40.04480657553829,-9.442100598588404,11.184915572232645,0.18860000000000002,0.4958,17.0,0.0426,0.0078,0.027649423746984723,-0.4274271419637274,1.4202962565889394,0.7990884395246811,0.6485370388873417,0.9619047619047618,0.7197507190795781,0.7131780411981754,0.3827141879237148,0.6299959525569282,0.7349923007641129,0.9558441558441558,0.6035986162398013,0.706024531024531,0.4874819624819624,0.6148409060792429,0.9585365853658537,0.8202090592334497,0.0,0.0,0.0,0.0,0.0,0.0,0.0,0.0,Owen McCoy,2905.0
16.37962024626784,177.94577476299443,-54.91035476721108,-15.253677672441972,-10.583477792164775,4.0,-3.7066307072027898,-30.29020921869892,-9.638239620791108,10.561880244088481,0.21719999999999998,0.4378,19.8,0.058199999999999995,0.0028,0.2671542987904544,-0.4645962732919255,1.7589953143728885,0.7524628994054237,0.919047619047619,0.8988225582203684,0.7447865809445545,0.5015482463106575,0.41043469328563836,0.5874778731524514,0.9403973509933774,0.8588098806013438,0.869117135905457,0.641777905148621,0.6282693640128261,0.564968941847537,0.6097051403342795,0.704174550614948,0.0,0.0,0.0,0.0,0.0,0.0,0.0,0.0,Owen McCoy,2905.0
18.26140612076096,181.34522302965854,-65.01522809214472,-15.925581944936784,-11.681405865983795,3.996923076923077,-9.877484343613375,-33.99609624246721,-11.005226869904291,13.473644097837646,0.1668,0.3572,25.8,0.16560000000000002,0.034,0.052701465201465195,-0.2901246602859506,1.4670084485407067,0.7652098842018196,0.5134961682960129,0.6532943311708371,0.7070065676450543,0.6035246071133168,0.7836217948717948,0.6918734491315137,0.8847518610421836,0.6333119358434927,0.5550015061865761,0.6062210504549214,0.6044143149358682,0.7121173154155083,0.7496473736135609,0.6831849893911606,0.0008064516129032201,0.0,0.0,0.0,0.0,0.0,0.0,0.0,Owen McCoy,2905.0
18.93633777972255,176.08932220552327,-55.696056674790896,-17.054432301297247,-12.508369328464545,4.0,-2.0603750539784658,-29.05633774445888,-9.84982514103977,10.833282894448015,0.22680000000000003,0.36460000000000004,17.0,0.057800000000000004,0.004,0.16464736033237345,-0.2490961928062141,2.0458321939764605,0.685169906346377,1.0,0.8696296296296296,0.5750468268115326,0.6221214874156051,0.6436049571343689,0.5815515515515515,0.908956228956229,0.7819056795527384,0.9762962962962962,0.5821834821834821,0.4370334429157959,0.5303994215758921,0.9529072234954586,0.8342483660130717,0.0014814814814814799,0.0,0.0,0.0,0.0,0.0,0.0,0.0,Praggnanandhaa Rameshbabu,3189.0
16.241127994812206,146.0731047899469,-67.63953376748168,-16.110016299489985,-12.825688314688852,4.0,-6.440052929526614,-39.961243142822084,-11.24027866869972,14.937745587745587,0.1786,0.43220000000000003,17.2,0.0484,0.0,0.09129957761536708,-0.38542194647457806,1.7330066424803268,0.5085577832122212,0.8002294792586054,0.6950988142292489,0.38424198235472645,0.6863516007381849,0.4139728843754324,0.3597192617684578,0.8112188076707053,0.7256524181141397,0.6638849603522078,0.6155355853325843,0.7330578512396694,0.4508586459398079,0.8947610492274525,0.7602066638990543,0.0,0.0,0.0,0.0,0.0,0.0,0.0,0.0,Praggnanandhaa Rameshbabu,3189.0
15.126989406779662,158.12394067796612,-56.945756438684235,-13.249237288135594,-10.195925930209654,3.9932203389830505,-6.776631355932205,-32.36358050847458,-10.973834745762712,12.620233050847457,0.1422,0.4182,23.8,0.049400000000000006,0.004,0.2011779661016949,-1.0370127118644068,1.3203940677966102,0.6276251100353596,0.8423728813559321,0.9133858267716535,0.6193871182126887,0.6986907645789269,0.538542639797144,0.3353995041837027,0.9033898305084745,0.7813559322033898,0.814175654853621,0.5873480568395822,0.8152542372881356,0.7196183104230615,0.8346139898922497,0.7414145458320022,0.0,0.0,0.0,0.0,0.0,0.0,0.0,0.0,Praggnanandhaa Rameshbabu,3189.0
20.9580187980188,178.84277524277528,-48.845077740166175,-13.026215826215827,-11.35870123378967,4.0,-2.7221715221715224,-27.47707967707968,-9.306559026559027,11.045649545649548,0.229,0.5464,12.0,0.091,0.0,0.10573924573924573,-0.02793650793650792,0.9043531843531843,0.7674517374517374,0.8957142857142857,0.9054054054054055,0.4970913770913771,0.696074646074646,0.9116279069767442,0.5821535821535821,0.8723423423423423,0.9385714285714286,0.9702702702702701,0.8837837837837839,0.6400272365388644,0.7143889736912994,0.8242857142857142,0.89,0.0,0.0,0.0,0.0,0.0,0.0,0.0,0.0,Praggnanandhaa Rameshbabu,3189.0
19.8933305514144,183.46090529169473,-52.563290366288015,-16.225624967083668,-12.977585313441978,4.0,-6.138207824987837,-22.15395180449289,-11.500418558866917,12.432498102585281,0.20839999999999997,0.41859999999999997,18.2,0.08259999999999999,0.0216,0.08232033483666458,-0.30904430003843064,1.5680877820571184,0.780952380952381,0.9037292464878671,0.8268649064342476,0.839146009324655,0.7016572877121454,0.5105106774908506,0.4665830060275339,0.9957446808510639,0.9026466672101302,0.8026113420830956,0.7630455357397168,0.48009553265058036,0.6575571315996849,0.7632003190065225,0.8601058201058202,0.0,0.0,0.0,0.0,0.0,0.0,0.0,0.0,Praggnanandhaa Rameshbabu,3189.0
20.590344336637575,221.2928017729352,-51.23227825464214,-15.467351828089317,-11.201135446811005,3.997014925373134,-8.287879756571591,-20.35618673850456,-10.96483077823552,11.048091368196726,0.18080000000000002,0.5016,15.6,0.0134,0.0,0.09249529126614287,-0.44111544839903044,2.1359637908996993,0.953731343283582,0.7743095489364146,0.9447761194029851,0.7453289110005528,0.7631288004422333,0.5499701492537314,0.7508126036484245,0.9895522388059701,0.9194805194805195,0.7586677004587452,0.8074626865671641,0.4889997918057619,0.9555555555555555,0.8104477611940298,0.935064935064935,0.0,0.0,0.0,0.0,0.0,0.0,0.0,0.0,Praggnanandhaa Rameshbabu,3189.0
18.62104142469996,180.2739934185056,-49.31296289767036,-17.223190089043747,-11.159778615827543,4.0,0.46089818041037534,-25.072590011614402,-10.504761904761903,10.186459543166858,0.23279999999999998,0.4596,15.8,0.07880000000000001,0.0,0.31215640727835847,-0.051819589624467643,1.6335656213704994,0.7680206359340217,0.7504155730533684,0.789356022689356,0.41163539805272087,0.6423756058270493,0.5094095313911586,0.5116256676624131,0.8834645669291339,0.9333900829963822,0.7716097987751531,0.429421125287267,0.5337513366384756,0.776941771167493,0.7911971495304828,0.8225225225225226,0.0,0.0,0.0,0.0,0.0,0.0,0.0,0.0,Praggnanandhaa Rameshbabu,3189.0
21.892071812596008,215.6930248335894,-49.87581046562036,-14.804185867895544,-9.714863204995686,4.0,-8.513431259600615,-22.91270481310804,-10.329844470046083,12.399219150025601,0.2344,0.41259999999999997,15.4,0.1,0.0134,-0.007208141321044514,-0.10253968253968253,1.7044572452636966,0.9192818110850898,0.9405405405405405,0.8893827160493826,0.6883749323093584,0.5190314123647457,0.6196596596596596,0.5119706122984812,0.8268382668382669,0.835652045488111,0.8401201201201202,0.6739768339768339,0.5155544303085287,0.5582784345625875,0.6912458438141498,0.9508196721311475,0.0,0.0,0.0,0.0,0.0,0.0,0.0,0.0,Praggnanandhaa Rameshbabu,3189.0
18.99327975376197,187.12099578203373,-62.60914293769834,-15.243445052439583,-12.432709399166644,3.9875,-4.184179776561787,-35.340216028271776,-9.993390902872777,10.597298221614226,0.203,0.418,13.8,0.0518,0.004200000000000001,0.11351744186046511,-0.49533173734610114,1.7950267897856818,0.7900558419243986,0.7605275513465996,0.78213108367298,0.6536896912924843,0.8196355789978422,0.6134220410772795,0.4774841165188204,0.8895434462444772,0.9689647766323024,0.7193951433366441,0.5225085910652921,0.7823303764085351,0.5775548429633182,0.783024154878926,1.0,0.02325581395348836,0.0,0.0,0.0,0.0,0.0,0.0,0.0,Praggnanandhaa Rameshbabu,3189.0
20.14142414339318,189.3886127992612,-58.64514144453482,-15.629772688708265,-11.738691050029823,3.997391241071708,-5.364774331837069,-31.42757240457029,-10.361000175959182,11.87927796549809,0.208829457364341,0.4414403100775194,18.165891472868218,0.0606062015503876,0.0075426356589147,0.1053376964173001,-0.3123056551773138,1.896551300005184,0.7685453306950302,0.8806156897984788,0.8262566485972641,0.6265754322664192,0.6205155613242854,0.59560414606405,0.615272048499845,0.8866525512392623,0.8666925707523355,0.844775103605429,0.6510029299127044,0.6041111012149663,0.6245561628855952,0.7854522959042112,0.8342845429727161,0.0466901305263286,0.1202224161070837,,,,,,,Praggnanandhaa Rameshbabu,3189.0
18.903958599539994,186.261005196354,-75.76207783197044,-17.170491523979894,-12.046153136510872,4.0,-6.999169435215947,-45.58355481727575,-11.501298236647074,13.538589317659085,0.18660000000000002,0.41859999999999997,22.2,0.0762,0.0128,0.10338188942840106,-0.11820257262117724,1.681175568617429,0.6993611479679591,0.9354523563811489,0.8010989010989011,0.5429151309646666,0.5426144546887581,0.5353329023917259,0.4495452810003894,0.7870839239879488,0.8012875325568825,0.6572951987812669,0.37686886900509187,0.7295202561456431,0.47157917417979334,0.8145054945054945,0.7023647353678314,0.0,0.0,0.0,0.0,0.0,0.0,0.0,0.0,Praggnanandhaa Rameshbabu,3189.0
16.3304599858693,143.45544137341952,-69.41489319635215,-16.071206768674845,-12.172888097896163,4.0,-9.378263173907964,-41.419992790141166,-10.355778858084904,15.983236492352901,0.1794,0.3428,24.0,0.0772,0.0086,0.2144615395431074,-0.07004177109440264,1.9471255706665762,0.5006452160336693,0.8327513227513228,0.6785486127610147,0.47276504994965435,0.5632795559025067,0.7220120904939151,0.46443776940569526,0.767080405932865,0.7281271425177341,0.6485610200364299,0.7139647844565877,0.7530054644808744,0.4903380511149577,0.6275892173611346,0.6534043451862411,0.00109289617486338,0.0,0.0,0.0,0.0,0.0,0.0,0.0,Praggnanandhaa Rameshbabu,3189.0
18.80599518839794,162.66067972350228,-50.46704132313448,-16.427277039848196,-13.64895658924092,4.0,-1.4329984413120087,-25.7285358498238,-10.93790492003253,13.708631517122978,0.18819999999999998,0.44220000000000004,20.4,0.0834,0.011800000000000001,0.11792558959067496,-0.43255240805999823,1.166791474654378,0.6294401876039593,0.9266272189349113,0.7960970487353938,0.5972587407410571,0.5848269581475357,0.39073539652570416,0.5573854439381061,0.7949308755760368,0.8781065088757396,0.8875739644970414,0.706628644756541,0.3535534136108144,0.6767331097355911,0.6094627795396129,0.7663848971541279,0.007100591715976321,0.0,0.0,0.0,0.0,0.0,0.0,0.0,Praggnanandhaa Rameshbabu,3189.0
17.874507952150232,163.41794777038677,-50.919924183377695,-16.421696641208836,-9.906906472392503,4.0,-2.2675535846267545,-28.29663162793244,-10.107423831814078,12.080287974596917,0.20539999999999997,0.4168000000000001,14.8,0.0402,0.0076,0.05725958774739265,-0.29136349949358076,1.902142016369659,0.6425645342312009,0.8168350168350169,0.8164807377658784,0.52831088664422,0.6535059429637743,0.6851550985085122,0.6408810325476992,0.9742424242424242,0.8715488215488214,0.9802469135802468,0.42702020202020197,0.5487556285749056,0.7107963841899585,0.614955782726867,0.6950664611307181,0.0,0.0,0.0,0.0,0.0,0.0,0.0,0.0,Praggnanandhaa Rameshbabu,3189.0
21.7915119185326,205.69829794265883,-63.76814567737675,-15.158948194662482,-10.70932296813111,4.0,-3.5304237585722547,-38.58545401966454,-10.393427249442286,10.609430513095926,0.18780000000000002,0.4976000000000001,16.2,0.0422,0.0106,-0.1771244732710898,-0.3872583243823845,1.640885007849294,0.9191919191919192,1.0,0.7930777701830334,0.6894390331890332,0.5682813093339408,0.46579849244322935,0.9184210526315789,0.9166035353535353,0.9657894736842106,0.9397095959595958,0.5243290043290043,0.710337776258829,0.6069823232323233,0.8242811574390523,0.849119769119769,0.0,0.0,0.0,0.0,0.0,0.0,0.0,0.0,Praggnanandhaa Rameshbabu,3189.0
19.023897435897435,198.96906593406592,-63.495221062940175,-16.8314652014652,-11.730748942468047,3.996,-3.5374308099308096,-37.295339845339846,-10.336227106227108,12.239990842490844,0.1802,0.6060000000000001,23.8,0.0388,0.0026,0.11005311355311354,-0.35165079365079366,2.463704924704925,0.8782608695652174,0.9138941798941799,0.7077083045778697,0.6229206349206349,0.3360460087416609,0.5069997699562917,0.7020869565217391,0.9701863354037267,1.0,0.928888888888889,0.6184550264550265,0.728952380952381,0.6586335403726709,0.6555785599263859,0.7186933517368301,0.0,0.0,0.0,0.0,0.0,0.0,0.0,0.0,Praggnanandhaa Rameshbabu,3189.0
20.149373003366588,181.45220140458312,-67.7966663080696,-16.36622308458716,-14.131989704267085,4.0,-4.9325982357658384,-38.43963199324065,-10.390614285473948,12.464390995265093,0.1918,0.5367999999999999,19.6,0.017,0.0046,0.013464725597845072,-0.11914719335729758,2.3942691176772977,0.6674210228539077,1.0,0.9469271574589209,0.5425005681614297,0.4402723499519623,0.94477729601892,0.5671162744555494,1.0,0.8499023610864548,0.8288167938931299,0.8962449327928311,0.5363140482051245,0.5428813918075894,0.8592916577768296,0.8071293507948736,0.0,0.0,0.0,0.0,0.0,0.0,0.0,0.0,Praggnanandhaa Rameshbabu,3189.0
19.71583995760466,168.48592474827768,-47.73017092452597,-17.275569687334393,-11.40202572049841,4.0,-4.537678855325914,-20.609406465288817,-10.626740858505565,12.721250662427133,0.1978,0.288,23.2,0.10500000000000001,0.0214,0.11410704822469528,-0.46855325914149437,2.3569104398516165,0.554866293044477,0.8389140271493213,0.6900347665053548,0.7370870682406947,0.8144796380090498,0.37411433782079123,0.40833726987353475,0.8524886877828054,1.0,0.9,0.7796402055968018,0.6407889369339969,0.4677379398967063,0.6221359443803761,0.9072815533980583,0.0162162162162162,0.0,0.0,0.0,0.0,0.0,0.0,0.0,Praggnanandhaa Rameshbabu,3189.0
17.14457207970702,158.43633045227045,-68.52658733277987,-17.20778627467171,-11.59508893113248,4.0,-11.492811986960357,-34.09385802246136,-11.97310145903314,13.836059341479189,0.2056,0.4306,26.6,0.101,0.0,-0.0002551092891865503,-0.15140277708837718,1.738585330365638,0.6606530141017813,0.759128069662546,0.7150249278766544,0.5275261127981833,0.4226285768480282,0.4926864018990439,0.6114394502026468,0.7308946938901207,0.806685213868592,0.6187963191470334,0.3914934428411572,0.6001602898803841,0.7888192134762256,0.8174046101256467,0.8083764474008376,0.0050407608695652,0.0,0.0,0.0,0.0,0.0,0.0,0.0,Praggnanandhaa Rameshbabu,3189.0
17.863649027589325,156.83346901854364,-63.46078692929909,-15.664513794663048,-14.13677607448226,3.997014925373134,-3.143717774762551,-38.08293080054274,-10.896222523744912,14.466359113523293,0.20599999999999996,0.4524,21.2,0.0464,0.0026,0.05566892808683852,-0.28524287652645863,1.33522749886929,0.4982767978290366,0.5723518769787427,0.7435033921302578,0.39243328810492983,0.6913700986592461,0.3908522411057195,0.47368977914740623,0.7488855721393034,0.7758181818181819,0.8569051353402479,0.35720759837177746,0.5356022813513327,0.6163728813559322,0.581860696517413,0.898,0.0,0.0,0.0,0.0,0.0,0.0,0.0,0.0,Praggnanandhaa Rameshbabu,3189.0
19.67437919695984,183.32570213699245,-62.3265443311134,-16.838036612230162,-11.608738297178336,4.0,-8.727614921163308,-30.011362640394896,-11.458565226307162,12.317773366160463,0.1728,0.45380000000000004,22.6,0.0852,0.0064,0.16844410392797488,-0.5103197458036167,1.9429629461887525,0.8040106951871657,0.7904174573055028,0.6557846998526798,0.7352789641380245,0.5139240401844989,0.2783846213580176,0.585415963179803,1.0,0.6398756250232888,0.8676543697270109,0.803766045771573,0.658850579754646,0.24622571713424074,0.6049565545808684,0.8124759238655803,0.00488710635769458,0.0,0.0,0.0,0.0,0.0,0.0,0.0,Praggnanandhaa Rameshbabu,3189.0
19.040345765345766,174.630439005439,-68.70682881206095,-15.442618492618493,-13.506613194345338,3.991111111111111,-5.4393162393162395,-40.34383255633256,-10.568764568764568,12.603205128205127,0.19319999999999998,0.37079999999999996,18.4,0.0676,0.0094,0.27595376845376846,-0.41274281274281266,1.5930555555555554,0.6571649484536082,0.8269191919191918,0.7574747474747474,0.6373112568988858,0.47293568973981337,0.472092352092352,0.6509450171821305,0.8802891953407416,0.8749854956040523,0.742704883890451,0.5828746968953155,0.3691411166153434,0.5360059356451108,0.836111111111111,0.8444227994227994,0.0,0.0,0.0,0.0,0.0,0.0,0.0,0.0,Pranav Anand,3142.0
18.873877388228962,166.9209258191417,-63.779392904210546,-16.309437268545217,-11.187853289402563,4.0,-7.162084262356002,-35.26480645895001,-10.962363097297505,13.107151472340751,0.18760000000000002,0.325,20.6,0.0758,0.0186,0.06663791501685054,-0.18448759594561687,2.225465216109894,0.6333376301118236,0.9006944444444445,0.6541916148367761,0.6623562817111205,0.5360705266955266,0.5079801560446722,0.6335528382907415,0.7715950715950716,0.7615917415917416,0.8133173076923077,0.4576809547978902,0.5787095543345543,0.7093221115801761,0.7628554241457467,0.7330405078792175,0.0,0.0,0.0,0.0,0.0,0.0,0.0,0.0,Pranav Anand,3142.0
19.57408641625104,212.81263408729757,-77.7359497383443,-15.247811686123956,-13.456850694822199,4.0,-4.642779964179127,-46.70144226752923,-10.923183160150149,9.236118034460379,0.21760000000000002,0.4732,21.4,0.0348,0.014799999999999999,0.2902985631257981,-0.6047641211079684,1.7755287870567489,0.9557894736842105,0.6590851402127403,0.705124131082423,0.64931731178109,0.684867241526509,0.5974771621275505,0.3427346727918437,0.7931372549019609,0.7942147771998965,0.44011832126701667,0.699154560609669,0.7966966905287277,0.5026425835093623,0.8885998013902683,0.8642105263157894,0.0,0.0,0.0,0.0,0.0,0.0,0.0,0.0,Pranav Anand,3142.0
19.805080481023584,189.7298396132877,-63.696517103769416,-15.778236663608975,-12.297518441040935,3.9989101024225824,-5.9046118864020265,-34.85922965340428,-10.492809541925595,11.636978980189816,0.2037298387096774,0.4609919354838709,19.65322580645161,0.0582862903225806,0.0066532258064516,0.1039160463699539,-0.2426101601293898,1.740889576745561,0.7695749452869811,0.8460669084587634,0.8080280901854681,0.6494735183061934,0.6378903727827252,0.5773631248213148,0.57352458532022,0.845893752405477,0.8441608062364333,0.8189865509209987,0.6636941934226577,0.5815234702273728,0.5483690933316365,0.7565277081671967,0.820288210351845,0.0462559402255614,,,,,,,,Pranav Anand,3142.0
18.602170849981746,180.9823379548515,-63.17570198607378,-16.84935804901557,-13.121262324030102,4.0,-7.604570939311995,-31.719249383466995,-11.362855291605232,13.481594001356118,0.195,0.4708,23.4,0.0518,0.009,0.19189012085295695,-0.5756666159776263,1.7344467291243795,0.7514562088600176,0.8134124734231042,0.6385159686364505,0.5929119931428978,0.5345976115540141,0.5235580979379704,0.48179647296151257,0.5929595856998066,0.9218592813469474,0.6642916111904018,0.5210024701680128,0.6279343269889897,0.49920239374412806,0.8118279569892473,0.768347121203709,0.0,0.0,0.0,0.0,0.0,0.0,0.0,0.0,Pranav Anand,3142.0
20.336786049076373,189.31253984008822,-75.50094218588916,-17.244764267990075,-11.956246018257499,4.0,-9.044462365591396,-43.34435208161015,-11.81522828784119,13.904110835401159,0.1976,0.4454000000000001,29.8,0.0964,0.006,0.1545599669148056,-0.27511662531017367,1.5957165701681832,0.7451819685690653,0.7494304235090752,0.8064990515102874,0.6216171318110427,0.362225947183178,0.34318758696902946,0.48168155102116683,0.8307692307692307,0.8461538461538461,0.7933076923076923,0.4622670883544388,0.3625364715024012,0.5126972352282247,0.5620352197035778,0.7335004135649297,0.0,0.0,0.0,0.0,0.0,0.0,0.0,0.0,Pranav Anand,3142.0
19.946390251198324,208.6702401832293,-72.82306808961657,-16.880633603729834,-11.224283266884706,3.9975903614457833,-6.066141236302164,-44.50250664178204,-11.055214775113663,12.908121072750067,0.1842,0.41,26.0,0.08059999999999999,0.0134,0.03257500094490119,-0.0893240093240093,1.3182190809381473,0.9630069930069929,0.674291754756871,0.838997668997669,0.3966727004037418,0.7849184149184149,0.3508678682288389,0.4783829348945628,0.8549493142516399,0.8318799804846316,0.6748484848484848,0.39762188266738313,0.33822421932634267,0.6735441370223979,0.7137640620249315,0.7454545454545454,0.0,0.0,0.0,0.0,0.0,0.0,0.0,0.0,Pranav Anand,3142.0
22.6339247961341,203.35045504882714,-60.68987694871398,-16.525785620802232,-13.589941308495947,4.0,-2.604271835584128,-32.79859055673009,-10.763113215687966,11.591825588586385,0.18360000000000004,0.5526,20.8,0.0716,0.005,0.10556392112870516,-0.3102800189843379,1.7090297852756327,0.8565302144249513,0.8496087935574979,0.7388496622266326,0.5590319383608817,0.4281424062683721,0.7755041674500219,0.6549654761402703,0.8120835082630433,0.9269035532994924,0.8846318598881553,0.6528332671990114,0.5062396718461635,0.43215224376167943,0.7138800392767798,0.8006488301973208,0.0,0.0,0.0,0.0,0.0,0.0,0.0,0.0,Pranav Anand,3142.0
17.87889415854383,170.3009769241519,-57.6069323135629,-16.537123408913576,-10.640978506018858,3.9944444444444445,-4.787535373650561,-30.51255982950774,-10.822306362016562,11.699126722099944,0.22719999999999999,0.35,19.6,0.0396,0.011399999999999999,0.08051668821111227,-0.12807881773399013,1.3790602545738277,0.575649661871192,0.7951283932501834,0.6719371564217891,0.5634998035315031,0.6720239880059969,0.5688961164968773,0.570620882740448,0.7766990972598807,0.7933235509904623,0.6634615537975692,0.6873445663531871,0.43992765585292454,0.5234813843078461,0.696133808095952,0.9405697151424288,0.0,0.0,0.0,0.0,0.0,0.0,0.0,0.0,Pranav Anand,3142.0
20.355394940752927,207.45286436354098,-52.99404974763153,-12.521071454116301,-12.121801935124083,4.0,-6.301266003862385,-23.795280499725816,-9.988450754595522,7.733820899792576,0.19720000000000001,0.564,17.6,0.056400000000000006,0.0036,0.007138974322294539,-0.12087094390005482,1.8628846291395464,0.9564222873900293,0.7912744481583214,0.9097560975609756,0.9247450110864743,0.7794642622663807,0.6963111130564187,0.5547183522618476,0.9183673469387756,0.9510204081632653,0.78450518122992,0.8690909090909091,0.8800000000000001,0.41482646164653686,0.7921407624633431,0.5792393301356745,0.0,0.0,0.0,0.0,0.0,0.0,0.0,0.0,Pranav Anand,3142.0
19.38866995073892,174.7748768472906,-74.72919992627592,-16.669950738916256,-11.868937200495964,3.997701149425288,-10.49014778325123,-41.346469622331696,-10.692118226600986,12.34072249589491,0.2164,0.472,22.2,0.0314,0.0,-0.027586206896551706,-0.15041050903119865,1.755008210180624,0.7097701149425287,0.8349969751966121,0.8014333194848359,0.5883603379033374,0.808412962193602,0.41813169192195276,0.6537529428057056,0.6910826609523394,0.7030258966902091,0.6754535382910953,0.5660755544865486,0.7865800771142647,0.8137931034482758,0.6836103032820938,0.7933454325468845,0.00344827586206896,0.0,0.0,0.0,0.0,0.0,0.0,0.0,Pranav Anand,3142.0
20.82128336915553,198.60568794193688,-48.790020164969285,-16.926742049029684,-9.963847533128027,4.0,-4.957536678815065,-20.056826464816375,-10.879893467900198,9.994826028720057,0.2262,0.41480000000000006,14.8,0.022600000000000002,0.0,0.030827648506370143,-0.15846494097124877,2.500404323583466,0.8138941911158242,0.9317073170731707,0.7840376303076533,0.7625476735316552,0.6128855897254625,0.8179066022544283,0.6615991020322103,0.9634782608695651,0.8404878048780487,0.9749522799575822,0.7141824751580849,0.7150826341215357,0.6942791762013729,0.6794847020933977,0.617957826107628,0.0,0.0,0.0,0.0,0.0,0.0,0.0,0.0,Pranav Anand,3142.0
19.30031833655683,182.47125083872643,-62.19613415930172,-16.076700381992605,-10.896654214583918,4.0,-1.968564464470182,-38.22961803354262,-10.707727135956542,11.683130071244141,0.2052,0.5347999999999999,16.2,0.0476,0.0156,-0.015226118891845997,-0.02970711352614248,1.7750193684785842,0.7605843768634466,1.0,0.7616849816849818,0.6721939214962471,0.7879725270422944,0.5136068525215812,0.562508510725565,0.7572053269727688,0.8507692307692307,0.7883208149874816,0.7236590569923903,0.6585279836442627,0.31738765971324107,0.6361266640336408,0.6646852372433767,0.0,0.0,0.0,0.0,0.0,0.0,0.0,0.0,Pranav Anand,3142.0
22.054115394137227,189.56922265787074,-64.37740329078788,-15.171824402109104,-11.503350923011125,4.0,-6.152610255693483,-35.7450383010106,-9.919239505059881,10.114660096096312,0.23479999999999998,0.5788,13.4,0.0366,0.0,0.09659802636772377,-0.08755817213344545,1.4156537476223248,0.6637549238214621,0.7417782390589863,1.0,0.9281921114843847,0.8108082602094946,0.5368549908726932,0.6369105691056911,0.8726763717805153,0.7634665282823041,0.7161801018767984,0.6833752439903634,0.5124194436348326,0.643625730994152,1.0,0.8113250606190272,0.0,0.0,0.0,0.0,0.0,0.0,0.0,0.0,Pranav Anand,3142.0
19.724980272024244,212.13547331152336,-53.990992612026524,-13.239822643645194,-11.017560309718707,4.0,-7.1868537013113905,-28.888237172247337,-9.068593783390735,11.410074998286841,0.178,0.6222000000000001,23.4,0.0372,0.0036,0.007884496716234058,-0.10955363963767321,1.370864442182793,0.8708992548739409,0.8894146038816741,0.9376146788990827,0.6046663398895179,0.6144953757686197,0.5085124942672936,0.6291101291354239,0.6498190225654227,0.631164088212824,1.0,0.7460280911812112,0.6953317121622085,0.4719900709740058,0.9663366336633663,0.9525773195876288,0.0,0.0,0.0,0.0,0.0,0.0,0.0,0.0,Pranav Anand,3142.0
19.03860445712179,191.74505332541986,-55.501604853966526,-16.11723619809561,-11.72200598733471,4.0,-3.35260666665823,-27.239445329580747,-10.594690025828545,9.524379353531312,0.2184,0.6346,17.0,0.040999999999999995,0.0046,0.13027389730928407,-0.3398084815321477,2.3203958605148918,0.8579112347123564,0.9366336633663366,0.6274670846459788,0.5511417261015344,0.7507449774103623,0.8250107619457598,0.5648131148957309,1.0,0.8826306735126142,0.7157342985721404,0.877443536296368,0.7725911003932813,0.6667446890397581,0.7669644194501559,0.9533980582524272,0.0,0.0,0.0,0.0,0.0,0.0,0.0,0.0,Pranav Anand,3142.0
19.85506900111466,194.72368220220906,-61.87198169713442,-15.761238410092716,-12.810273515799874,4.0,-6.276678161574707,-34.08936341009272,-10.29953165374677,13.365103454172367,0.21280000000000002,0.3968,21.8,0.1002,0.0206,-0.16030535922379285,-0.43365759740588744,1.398135481582814,0.8124823870700373,0.9482352941176471,0.5799362205627289,0.5360554711362834,0.6729586742833618,0.5121554903676255,0.3420742402039786,0.7663733209819361,0.7720689402988713,0.7192026216021243,0.6914505217291594,0.5138398309086493,0.4825141955294804,0.8034935764608372,0.7164800955608104,0.0,0.0,0.0,0.0,0.0,0.0,0.0,0.0,Pranav Anand,3142.0
21.03079822616408,204.61083764474012,-67.94944535602696,-16.952007883715204,-12.182039591060208,4.0,-2.9731091401823107,-39.10492732200049,-10.558240946045824,9.820879526977087,0.20820000000000002,0.5628,18.6,0.0668,0.0,-0.06955407735895539,-0.1117762995811776,1.7240034491254004,0.8768268113134443,0.8652180464075079,1.0,0.6331797896307776,0.6541399400175069,0.4550694773295832,0.3873835387757639,0.8244069912609238,0.8516853932584268,0.8387264960944414,0.8407833120476799,0.46331439149339193,0.6489399744572159,0.9741947565543072,1.0,0.0,0.0,0.0,0.0,0.0,0.0,0.0,0.0,Pranav Anand,3142.0
17.11737856506239,154.485734922757,-72.59230031097036,-18.25553698752228,-12.19926833681705,4.0,-6.163621509209745,-42.124654634581105,-12.008991198752227,14.159772355912063,0.1452,0.42479999999999996,32.4,0.045399999999999996,0.0066,-0.020375445632798573,-0.19557746583481875,1.3488892602495544,0.5677063490551661,0.7173413212435233,0.6312167311189343,0.3939466224755418,0.522731978792967,0.18719980941803124,0.5260104774062102,0.7146996575691724,0.4792877993849771,0.7429547383504351,0.5916945047665008,0.35558854748721597,0.4322489837874352,0.7001943904720782,0.6601611075129534,0.0,0.0,0.0,0.0,0.0,0.0,0.0,0.0,Pranav Anand,3142.0
20.989144467935166,215.11101057082456,-65.01003180931288,-16.8092459478506,-12.997265072174041,4.0,-8.142198731501058,-32.38321353065539,-10.730553911205075,12.05244538407329,0.16560000000000002,0.458,22.0,0.04920000000000001,0.0086,-0.06460324171952078,-0.35482452431289635,1.6803157152924597,0.9770114942528736,0.8368372093023255,0.8287586206896552,0.7428179145099755,0.752909090909091,0.6334052149400986,0.5499340963767587,0.9767441860465116,0.8224747879759908,0.7696781609195402,0.6786372141624748,0.7018731501057082,0.6764743991640543,0.9019999999999999,0.8780000000000001,0.0,0.0,0.0,0.0,0.0,0.0,0.0,0.0,Pranav Anand,3142.0
21.847071702244115,203.10435388366423,-63.89726732179993,-15.921082748668955,-12.128470984038074,4.0,-2.097750908095736,-37.132706374085686,-9.79899985072399,9.18174354381251,0.1978,0.473,15.0,0.028000000000000004,0.0,0.06193461710703092,-0.1536348708762502,2.080628949594467,0.9159055118110236,0.8138696518356893,0.8319797216216711,0.7948809592436733,0.8028950248436064,0.7717409365450347,0.7193896342108586,0.8434114410397495,0.8448913765297409,0.9129012719563901,0.9401574803149607,0.6092923704765185,0.4443658024794338,0.8531138153185397,0.7872408293460925,0.0,0.0,0.0,0.0,0.0,0.0,0.0,0.0,Pranav Anand,3142.0
18.80604840134252,174.26259343835812,-67.2081008638618,-16.711993062581296,-11.537818196167354,4.0,-10.555331855920091,-33.973260265613206,-11.200028135086958,12.770330651507122,0.22599999999999998,0.4426,26.0,0.0786,0.0216,0.42255056125644364,-0.12863220439691023,1.8815456311926901,0.6066186186186187,1.0,0.752618135376756,0.6433103448275862,0.5252292292292292,0.44620620620620616,0.5209834662248456,0.9359999999999999,0.6519888164026095,0.7183303303303303,0.6447687687687688,0.5258187843015429,0.6851851851851851,0.8684291187739464,0.8102222222222222,0.0059259259259259196,0.011851851851851839,0.0,0.0,0.0,0.0,0.0,0.0,Reinis Paikens,2808.0
16.750755152807393,180.27832925320484,-58.09379289634781,-17.205724025375766,-10.533985287566313,3.9925925925925925,-1.4681124799284007,-32.12514724657138,-10.596818486930427,9.84340203743189,0.21999999999999997,0.264,18.0,0.0248,0.003,-0.0726404353891916,-0.04384065124114874,1.444605181763142,0.7729425961417705,0.8267195767195767,0.6947437493515924,0.48533930141257275,0.6540881615804216,0.28197397087489956,0.5854493805319398,0.8814814814814815,0.9135361552028218,0.9287192654839714,0.458367350838971,0.4692507685335342,0.39875847024969835,0.669509722017462,0.7428501537067068,0.0,0.0,0.0,0.0,0.0,0.0,0.0,0.0,Reinis Paikens,2808.0
17.026430208447017,155.9655172371979,-72.55635169241887,-15.50779342039846,-11.46167345748854,4.0,-10.654301720688276,-42.29696848436344,-10.909711520972026,14.27409691149187,0.194,0.2286,24.2,0.047799999999999995,0.008799999999999999,0.23033007142250841,-0.7627870542156258,1.1746186959632336,0.5916073798381544,0.6486348820325911,0.7000453514739229,0.5887727305771788,0.6248401949226143,0.34324644742300076,0.47154587643536844,0.7905450333610663,0.7619233592717662,0.5661833571491421,0.32450761331961503,0.715814455231931,0.5957579760353685,0.7880761586670646,0.8460431654676259,0.0,0.0,0.0,0.0,0.0,0.0,0.0,0.0,Reinis Paikens,2808.0
20.719146311578676,206.09515850909983,-73.4945315085418,-15.714210537820714,-13.760454646440973,4.0,-8.02450140532655,-40.874138079805064,-9.762585432694465,10.641358593545966,0.18439999999999998,0.3638,17.8,0.0232,0.0,0.0862251306671821,-0.08916408668730648,1.8972848952994326,0.8369817015657421,1.0,0.9189263481283854,0.6349400382677122,0.792442396313364,0.7067011615059153,0.5517532835020101,0.8151971326164876,1.0,0.9043425768722884,0.8768458781362007,0.4990681003584229,0.37770839611247076,0.834295415959253,0.9543859649122807,0.0,0.0,0.0,0.0,0.0,0.0,0.0,0.0,Reinis Paikens,2808.0
17.95850652870165,160.10071182664393,-44.79233146704515,-15.53462814786251,-9.733361684382897,4.0,0.467642276422764,-25.08797551335197,-10.521546772068511,11.617538374197972,0.2448,0.5509999999999999,16.4,0.0842,0.014400000000000001,0.2224404168942875,-0.08273136454684701,2.0153682744732584,0.6056590846807344,0.8113729788983282,0.9073581803233763,0.5483287963216711,0.5845827471757863,0.7162140352131416,0.6026982576127666,0.9595505617977528,0.9505617977528089,0.768964099753357,0.6155257280467283,0.5110142570990927,0.6048132437846118,0.7208943089430895,0.7963140586462043,0.017073170731707298,0.0,0.0,0.0,0.0,0.0,0.0,0.0,Reinis Paikens,2808.0
17.08861061419201,155.74108465445275,-65.29883909209691,-17.234474533752802,-14.005946200438975,4.0,-6.050369090946477,-33.32097718284567,-10.611645590442702,11.924573506329722,0.22640000000000002,0.3724,20.0,0.033600000000000005,0.0078,-0.027390455040815897,-0.12725693801876634,1.7236534177753104,0.6796551724137931,0.8388505747126438,0.6851035374361947,0.5050075662448887,0.9134695257413311,0.6857077472898974,0.4235871183132847,0.9017241379310346,0.7798084291187739,0.7275408094272191,0.563775717183425,0.48402041276280616,0.33799297614713436,0.6212308088575836,0.803713527851459,0.0016806722689075599,0.0,0.0,0.0,0.0,0.0,0.0,0.0,Reinis Paikens,2808.0
22.004961240310074,210.5653834440753,-57.22397626738034,-16.20614617940199,-12.05323844899717,4.0,-2.541777408637874,-30.00988372093023,-10.769007475083056,10.356076965669988,0.23960000000000004,0.5108,15.6,0.043,0.0108,-0.09777270210409743,-0.4478571428571428,2.115278239202658,0.9580392156862747,0.936283185840708,0.6968592746833246,0.7036196425472843,0.6008590102707749,0.5337008667773894,0.7145547540550143,1.0,1.0,0.7588235294117647,0.7623529411764707,0.5329952157854292,0.82,0.8955738991761896,0.8448552754435108,0.0,0.0,0.0,0.0,0.0,0.0,0.0,0.0,Reinis Paikens,2808.0
18.892262737262737,175.75313186813187,-55.66726985995863,-15.436763236763236,-10.160206922895698,4.0,-1.8659840159840164,-35.115309690309694,-9.297122877122877,12.208116883116883,0.2408,0.4192,22.2,0.0788,0.0144,0.2251998001998002,-0.25694305694305697,2.218016983016983,0.6694235810061497,0.8744757536041939,0.7453021978021978,0.6687733138421212,0.6828276539973788,0.6596428571428572,0.5236689686460329,0.9535714285714285,0.8125,0.9062667607621737,0.8418489767113619,0.5487763383405585,0.34570798467587455,0.99,0.8433650065530799,0.0,0.0,0.0,0.0,0.0,0.0,0.0,0.0,Reinis Paikens,2808.0
19.743035512167516,186.26147307111864,-60.30252592829824,-16.51592466830158,-14.061362704378215,4.0,-2.9232338238068287,-33.204145837263404,-10.365096208262592,12.767237313714393,0.21600000000000003,0.5384,14.6,0.046599999999999996,0.0064,0.004884691567628763,-0.41045557441992075,1.9436658963717537,0.7819131559497412,0.933429487179487,0.8374634146341464,0.5203331343453295,0.4838658536585366,0.7997610722610723,0.4828235829211439,0.9416666666666668,0.9691056910569106,0.8041666666666668,0.6649759793052475,0.6436441810222299,0.30398487691170617,0.8101626016260163,0.9380081300813009,0.0,0.0,0.0,0.0,0.0,0.0,0.0,0.0,Reinis Paikens,2808.0
16.788808446455505,168.18238813474107,-69.18066065999048,-16.527802916038212,-11.967553571001051,4.0,-6.852564102564102,-39.04660633484163,-10.029170437405732,11.24303670186023,0.23339999999999997,0.5337999999999999,22.8,0.025799999999999997,0.0,0.08413273001508294,-0.31869281045751635,2.148934137757667,0.7092233009708738,0.876923076923077,0.9016548366919583,0.47674888028400303,0.5562065632825198,0.40953571271675215,0.3559438562579625,0.8857142857142858,0.9210924997332764,0.9021109235329682,0.91848457082609,0.6075080906148868,0.448175945508898,0.7200780087987397,0.8205725456724885,0.0,0.0,0.0,0.0,0.0,0.0,0.0,0.0,Reinis Paikens,2808.0
17.92710195959549,189.9766971923719,-82.57060665785818,-12.366425982571837,-13.517480926807702,4.0,-6.071065626154345,-54.91233109164234,-9.351282191145641,9.647979160463684,0.22820000000000001,0.554,17.4,0.034600000000000006,0.0054,0.14341584635241084,-0.06681617131255121,1.9229357714243485,0.8346683619410893,0.8747491638795987,0.8233254869618506,0.4653058404046546,0.7576747363308628,0.45101616326912775,0.4389592033860808,0.8552795031055901,0.8353827990191626,0.8000015794482198,0.6681580357469685,0.7450971632789815,0.18623777319429488,0.900461856983596,0.7597009336139771,0.0,0.0,0.0,0.0,0.0,0.0,0.0,0.0,Reinis Paikens,2808.0
17.118418367346937,171.97118480725624,-81.0193608064541,-13.621201814058958,-13.040721350671792,4.0,-4.179421768707483,-54.75493197278912,-9.622006802721089,10.198922902494331,0.22799999999999998,0.3416,22.0,0.0536,0.0036,0.07411564625850338,-0.5730045351473922,1.4372902494331066,0.724702380952381,0.7269230769230769,0.8660714285714285,0.6344616692830979,0.522013997906855,0.3873117953475097,0.35425734979306406,0.8857142857142858,0.8920558608058607,0.9143871009942439,0.7929840992340992,0.492049319727891,0.39763183245326095,0.9912087912087912,0.7943681318681318,0.0,0.0,0.0,0.0,0.0,0.0,0.0,0.0,Reinis Paikens,2808.0
19.1333653021153,191.38204488829487,-88.61992439449709,-16.367071742071744,-14.595701545274249,4.0,-2.559415528165528,-57.938417813417814,-9.730112117612117,8.570794352044352,0.2204,0.6108,14.6,0.047200000000000006,0.0124,0.07638393888393888,-0.1712247962247962,2.301638864138864,0.906984126984127,0.9031746031746032,0.7458647658647658,0.4888888888888888,0.6377777777777778,0.4832551232551232,0.706350809207952,0.8492063492063492,0.929157509157509,0.847936507936508,0.7537201880059022,0.7829772629772631,0.16619420047991473,0.8376556776556777,0.8950282150282151,0.0,0.0,0.0,0.0,0.0,0.0,0.0,0.0,Reinis Paikens,2808.0
22.329250368380805,204.71716337455467,-62.59474107216081,-14.657808740417437,-10.724435642507554,4.0,-1.1812862551992986,-40.738126014212966,-9.490405964971183,10.197321545147632,0.20460000000000003,0.45779999999999993,15.8,0.09,0.0232,0.016057486057486046,-0.41842985842985847,1.4161775129166432,0.820228337236534,1.0,0.723475311327424,0.6772182743937185,0.451948544244605,0.7297356304613138,0.5956135461417151,0.9672131147540984,0.8855217369792527,0.9459459459459459,0.6813344399583143,0.49862976330367637,0.4602282614606558,1.0,0.8910714285714285,0.0,0.0,0.0,0.0,0.0,0.0,0.0,0.0,Reinis Paikens,2808.0
18.873179265736887,181.90985650161642,-66.90056171738455,-16.666051636677494,-12.729627569524105,4.0,-2.8834298516950794,-39.446301163130244,-10.936162600491507,11.761011104133882,0.1894,0.502,22.0,0.09280000000000001,0.013600000000000001,0.13809529347008706,-0.31816638370118844,1.9078130773981647,0.7761753063865419,0.9062068965517242,0.7285496660935007,0.4774724126841985,0.6780714931475567,0.38869262422310363,0.5547252926496886,0.9180200222469411,0.9299574870099196,0.6986081297099794,0.47388787394382276,0.790279854731895,0.453484302319395,0.851637360127883,0.862891071020781,0.02880109614067136,0.0,0.0,0.0,0.0,0.0,0.0,0.0,Reinis Paikens,2808.0
17.8589354005168,183.58455297157622,-78.18538355598915,-17.11364341085271,-13.806334460381914,4.0,-4.434418604651163,-46.98082687338502,-10.355127906976744,10.5049677002584,0.22800000000000004,0.4548,15.8,0.016999999999999998,0.0,0.19462015503875968,-0.6167467700258398,1.7633217054263568,0.7858851175544797,0.8796724925208629,0.9448275862068964,0.6023549282422822,0.7773233206903125,0.636417630198647,0.6090485452815294,1.0,1.0,0.8192202867638345,0.7807920819650284,0.30488078350830683,0.5732639705992799,0.7403293208843759,0.9449697831496623,0.0,0.0,0.0,0.0,0.0,0.0,0.0,0.0,Reinis Paikens,2808.0
20.799905341446923,196.267322965968,-56.14191528694918,-17.03126136278266,-11.33559570164379,4.0,0.057858913680414695,-31.5084636766584,-10.620662609871534,10.296209150326797,0.227,0.36819999999999997,19.0,0.0696,0.004,0.39290331304935766,-0.2837592968221771,1.6936954398617687,0.8615073815073815,0.9704918032786886,0.6771192130415431,0.728049728049728,0.6954985276806064,0.39042068229399124,0.5629197915812589,1.0,0.9760683760683762,0.7457067522641294,0.6825204999962281,0.5206860064794172,0.44216636671196585,0.8982325118247448,0.8176084972201478,0.00202020202020202,0.0,0.0,0.0,0.0,0.0,0.0,0.0,Reinis Paikens,2808.0
19.30878454878455,203.26229503829504,-72.94361357474725,-14.927659007659008,-14.929002852136525,4.0,-5.2284815184815185,-41.69985347985347,-9.969982017982018,9.811365301365303,0.21879999999999997,0.6274,15.8,0.046200000000000005,0.0,-0.007079587079587063,-0.1981431901431901,2.4012607392607395,0.8565501165501166,0.8862745098039216,0.8841025641025642,0.621107911696147,0.5579368344074227,0.5295534530828648,0.6936907536907537,0.8745098039215687,0.8666666666666668,0.9430778371954844,0.9745454545454546,0.8242890442890444,0.42170940170940174,0.8441336441336441,0.802097902097902,0.0,0.0,0.0,0.0,0.0,0.0,0.0,0.0,Reinis Paikens,2808.0
19.29796616094128,184.7117355025692,-62.530160298391294,-15.546733470921865,-12.053711679867456,3.997791841621374,-4.370397373632828,-35.71123640596026,-10.310326697134954,11.4644534875047,0.2199531531531531,0.4491837837837837,18.55315315315316,0.0600972972972973,0.007272072072072,0.1164178730231835,-0.2763175652926521,1.9046527630344603,0.759138698838649,0.9044855526164572,0.7929696553289123,0.6616217612057063,0.6116845187874449,0.5763470498922287,0.5468531076523926,0.8927412167177092,0.8669475554896465,0.813865233948847,0.681874843276363,0.6214725364892211,0.4812823707648621,0.7791815390848232,0.8322931460932563,0.0549861570925202,0.0571007065765975,0.0246913580246913,,,,,,Reinis Paikens,2808.0
17.63190476190476,156.2540634920635,-50.26992310585611,-14.784761904761904,-10.371542153475147,4.0,-6.794761904761904,-24.963968253968254,-9.841714285714286,12.486825396825397,0.2426,0.5002,16.2,0.0432,0.0106,0.05466666666666666,-0.42393650793650794,2.5266666666666664,0.5113176534696701,0.9607142857142857,0.8246032822460329,0.5830200966191621,0.7539967815497082,0.5679432623034587,0.5920164370110734,0.9456506364922207,0.7973730814639906,0.8484946470985829,0.7578580323785803,0.5918112209726576,0.7744659596719323,0.8959402241594022,0.8964329309643293,0.0,0.0,0.0,0.0,0.0,0.0,0.0,0.0,Reinis Paikens,2808.0
17.59596429116353,165.9994091285321,-59.516455559024884,-13.095138947962534,-12.656620978731313,4.0,-2.287574888502716,-37.60835659147098,-10.06776604406421,12.19900189170687,0.2294,0.40259999999999996,19.6,0.06999999999999999,0.0,0.32840996704028214,-0.19326357917421116,1.9452169251729337,0.613084213229281,1.0,0.7864456250819887,0.5697787773706535,0.5634855534275264,0.7286926323193248,0.36512568045450056,0.975886524822695,0.8580622472305258,0.9223140495867769,0.6045487340941886,0.5068512564160532,0.3665474261218942,0.9333333333333332,0.9219858156028369,0.0,0.0,0.0,0.0,0.0,0.0,0.0,0.0,Reinis Paikens,2808.0
20.22777525252525,196.41718434343434,-81.2366944998454,-17.279393939393938,-12.659613691764585,4.0,-4.258472222222222,-51.11650252525252,-11.428848484848485,11.506136363636363,0.19860000000000003,0.5035999999999999,19.2,0.0514,0.0,0.15385606060606055,-0.03767676767676766,1.675,0.8755244755244755,0.9433333333333334,0.7166247086247086,0.7969044289044289,0.5378648018648018,0.4684102564102563,0.582041958041958,0.9071794871794872,0.9866666666666667,0.8748205128205129,0.4639067599067599,0.38536596736596734,0.44994871794871794,0.937062937062937,0.8651048951048951,0.0,0.0,0.0,0.0,0.0,0.0,0.0,0.0,Seo Jungmin,2942.0
19.320810738253943,182.7186898452645,-60.8726447835986,-15.168781372015298,-11.647048550344945,3.9975612471427926,-5.515604477202023,-34.38156624718363,-10.409597220876655,12.252391836881156,0.2093611584327087,0.4799829642248722,20.12095400340716,0.0515809199318569,0.0050749574105621,0.1355130917638929,-0.2153528551367272,1.8351228111872864,0.7343005749868443,0.882163514641883,0.7890508029999008,0.6251076413984216,0.615944141346755,0.526823995620427,0.5370720556802826,0.8785530463641583,0.8665859321035018,0.8531071410938877,0.6749679363000667,0.534857906757685,0.5386156443324679,0.7506386522647801,0.8231897316946893,0.0724069354315695,0.1930529769921339,0.0304878048780487,,,,,,Seo Jungmin,2942.0
20.014355235749314,185.94179559097887,-54.40292147075422,-16.72708328717434,-9.598326166287348,4.0,-5.396355033044104,-29.87025184383224,-10.59337815434435,13.78247301392815,0.1974,0.33819999999999995,21.0,0.0632,0.0068000000000000005,0.19651201126946305,-0.4751911018221886,1.6352513999888572,0.7948958837772397,0.9268571428571428,0.8722184625795932,0.3910146113383986,0.6009432201192636,0.29286623844026405,0.7868624257098833,0.8325194805194804,0.7436113164266598,1.0,0.642632088696317,0.4943647749094856,0.7671330049261084,0.7803099273607748,0.6366753246753246,0.00169491525423728,0.0,0.0,0.0,0.0,0.0,0.0,0.0,Seo Jungmin,2942.0
22.328224362915897,209.53270786363328,-76.40233823114998,-15.232923413267747,-13.438017332058646,4.0,-9.070106579217054,-44.27897793263647,-10.26141217462595,11.879099200655872,0.20660000000000003,0.5067999999999999,17.6,0.044,0.0036,0.03941518070642892,-0.2881642413062786,2.03055100088816,0.9634146341463413,0.898360655737705,0.8528981264637002,0.6719100167853741,0.6305989224779172,0.7727541819093259,0.5307847529681136,0.7452578137188621,0.9048780487804878,0.8945979817028412,0.6706103121061606,0.7303270879644331,0.6588414634146341,0.8497950819672131,0.9409836065573771,0.0,0.0,0.0,0.0,0.0,0.0,0.0,0.0,Seo Jungmin,2942.0
18.59736866549011,187.04166345987977,-50.22088024003872,-14.710619551226761,-10.248766348237918,4.0,-6.2928885630498534,-25.08168515545176,-10.644223802762703,12.757303180690277,0.22300000000000003,0.3012,23.2,0.0816,0.020800000000000003,-0.05321054656918034,-0.2337833892862356,1.56117222436008,0.7482973266412606,0.8008190383139088,0.8970873786407767,0.6444498745500163,0.5695388206097982,0.6188938846781333,0.39250551399263944,0.8662857142857142,0.9013770491803278,1.0,0.7464227826970078,0.4774036740806504,0.3922723388263013,0.5058158678096555,0.7480372666290396,0.0,0.0,0.0,0.0,0.0,0.0,0.0,0.0,Seo Jungmin,2942.0
20.944524760338716,192.14915869660058,-59.85873713417565,-11.54123292727944,-11.572745881672764,4.0,-9.236155575690459,-33.80137141067373,-9.555385080036242,11.848153741176997,0.22920000000000001,0.4596,16.6,0.05500000000000001,0.008799999999999999,-0.06634831146459048,-0.1496775059565757,1.9001449713077618,0.8266963150164515,0.9009345794392523,0.7567491707383363,0.7947215414978402,0.7191424346390513,0.5536791596556998,0.5488937149403906,0.7438292129874426,0.8686567164179104,0.9458823529411765,0.8065320456540824,0.6419195631628688,0.3944899290754188,0.9929411764705882,0.9812822207534697,0.0044943820224719,0.0,0.0,0.0,0.0,0.0,0.0,0.0,Seo Jungmin,2942.0
19.701175601772384,186.26050656660414,-64.27291124903384,-15.802363179114607,-11.69993611830053,4.0,-8.036066424494033,-34.08925791385573,-10.068334597421261,11.423046984152329,0.2116,0.3848,16.2,0.0222,0.0,0.046171809508602446,-0.07663167139036361,2.495630912937607,0.7728395061728395,0.8395061728395061,0.8583333333333334,0.7863799283154123,0.7087293268110878,0.35106655534227044,0.6364159237815151,0.9562046444121914,0.9436517783291978,0.8867924528301888,0.80900039824771,0.6027877339705296,0.6668711515485708,0.9012345679012345,0.8670702754036087,0.0,0.0,0.0,0.0,0.0,0.0,0.0,0.0,Seo Jungmin,2942.0
15.965740584560658,154.96965466175658,-68.7205323468524,-17.32129722692645,-12.722534072684628,4.0,-3.548709605477902,-41.28753082265458,-9.842834213717923,12.0023735946091,0.2064,0.34340000000000004,22.2,0.0372,0.012199999999999999,0.315143025785825,-0.32718724806986543,1.3653810188399413,0.512616480889532,0.85,0.7830935598609985,0.7040300801856328,0.6002046178976286,0.46137955173344086,0.4298732156855272,1.0,0.9530434782608695,0.8336633663366337,0.5898107391926202,0.4207361716904213,0.4223451989886894,0.6147778335664313,0.9207920792079207,0.0,0.0,0.0,0.0,0.0,0.0,0.0,0.0,Seo Jungmin,2942.0
19.033658971251334,167.98613733807701,-63.49048754229833,-16.809354393098236,-12.643717531612062,3.985185185185185,-1.3697733403706311,-35.90847847759794,-10.780416764406914,10.036067779602263,0.2112,0.2732,16.6,0.0404,0.0,0.34440974665728363,-0.05504469987228604,1.410267286991425,0.5944677544677545,0.8991121258244545,0.7710939390391445,0.7094017094017093,0.627711182779676,0.6718570318570318,0.4854136730849059,0.9965811965811966,0.8758611758611758,0.7727334461581037,0.4359382373081003,0.4232519788684172,0.4784045584045583,0.6909112196783429,1.0,0.0,0.0,0.0,0.0,0.0,0.0,0.0,0.0,Seo Jungmin,2942.0
19.626417312530936,185.48654539274852,-54.36768080591928,-15.234532814050691,-10.565906300865942,4.0,-8.726782788354319,-26.37794961956414,-10.946919013673925,13.484409730589737,0.21259999999999998,0.5364,16.6,0.028200000000000003,0.0,0.08562604566957835,-0.12887305646896435,1.9438226224809996,0.7661052009456265,0.8736111111111111,0.7181506321307431,0.5419587739505299,0.5470956298029541,0.5358072137273041,0.583612138965978,0.8584810874704492,0.6639955288313291,0.7817743949260247,0.64816656388118,0.6924362729982525,0.6132752746488667,0.7804180799671087,0.8457074211121389,0.0,0.0,0.0,0.0,0.0,0.0,0.0,0.0,Seo Jungmin,2942.0
17.309499487064706,156.37171611362913,-70.22722302535773,-15.627188928058496,-11.55567187171961,4.0,-7.218495887191539,-43.34999720217111,-9.894952940518158,13.419083804301195,0.1948,0.38260000000000005,21.2,0.055600000000000004,0.0,0.10120314102922798,-0.08275246675246674,2.0492024695502957,0.5357466490128361,0.8676258992805757,0.6562196482196482,0.5707539173294569,0.4408789570660073,0.6894518362144262,0.44269168449024565,0.7754061831615788,0.7579214342811464,0.8100557268470938,0.5680495603517186,0.29948840309991387,0.4342268023419102,0.7681283544592897,0.8122758935708576,0.0,0.0,0.0,0.0,0.0,0.0,0.0,0.0,Seo Jungmin,2942.0
17.842607560695207,182.16453790491647,-37.07346124436385,-16.351316697098802,-9.449716874309065,4.0,0.8562744302427807,-15.976193277879219,-10.828798133495637,10.6762893081761,0.22240000000000001,0.5818000000000001,21.2,0.028600000000000004,0.0032,0.006482721309258144,-0.08422100493676873,1.2489855954554674,0.6488474926976295,0.7037741754510289,0.7664740527613321,0.5812105322814005,0.669068346274676,0.6450333792348142,0.3315658959876425,1.0,0.8630987292277614,0.7236684678300411,0.717501885718734,0.20959597345039635,0.5352436722674094,0.7442461831243088,0.8680769963788831,0.0,0.0,0.0,0.0,0.0,0.0,0.0,0.0,Seo Jungmin,2942.0
19.404707982175726,193.69415000484355,-64.20921083744349,-12.875205851012305,-11.779095681965433,4.0,-10.431571611934515,-35.30945437372857,-10.176426184248765,12.362542865446091,0.2258,0.5456,18.4,0.013600000000000001,0.0,0.03371021021021018,-0.07228392909038067,1.612571442410152,0.8010419426048564,0.8599337748344371,0.8941133186166299,0.5692032269932825,0.7348415580716372,0.531666832822996,0.646001281777398,0.9475579470198674,0.8415149006622518,0.8305877483443709,0.7896865342163355,0.4896881898454746,0.28262038619478264,0.8482565453725464,0.806233995584989,0.0,0.0,0.0,0.0,0.0,0.0,0.0,0.0,Seo Jungmin,2942.0
20.319777043122066,181.22049864756565,-70.828102804502,-16.149175738551612,-13.416743116322532,4.0,-3.1268411845024744,-42.88677276505116,-10.497756405975199,11.249186405900991,0.21319999999999997,0.5122,17.6,0.07039999999999999,0.0028,0.3622481670710983,-0.0892213391512129,2.014181452540499,0.7892015557080759,0.73894719327801,0.6938712599345489,0.5058001488430304,0.6410174045067065,0.6076469265406294,0.29745103993442223,0.8174423758865249,0.909334248455731,0.8661175932280942,0.5515174263222479,0.9418181818181818,0.48351467869437714,0.8303646563814866,0.9193548387096774,0.02411347517730496,0.0,0.0,0.0,0.0,0.0,0.0,0.0,Seo Jungmin,2942.0
20.18058739919465,172.82753513864486,-61.96988824873324,-13.707972762093913,-12.724273986299224,4.0,-3.7895080135025525,-37.08137406287853,-10.04300937394284,11.376249949983812,0.1972,0.518,19.8,0.0172,0.0038,0.02384435326341982,-0.2491222613864123,2.039868812088276,0.5957724739125682,0.8476190476190476,0.8072318647085002,0.8516620098275365,0.6440901729224303,0.5529232778503349,0.6459390329175473,0.9463917525773196,0.9849056603773585,0.8209846806050678,0.9670103092783506,0.4988625435612911,0.6513773808129973,0.7538915575865185,0.9086231814240293,0.0,0.0,0.0,0.0,0.0,0.0,0.0,0.0,Seo Jungmin,2942.0
19.59861388370026,173.1746234896489,-64.92290501786418,-15.054955847113774,-14.5306857467133,4.0,-4.402980441088564,-35.89915806158643,-9.70535774919907,10.670232827836953,0.2028,0.4422,16.4,0.013800000000000002,0.0,0.007784385557345783,-0.0420009507441401,1.8972987373908865,0.6413960392455016,0.7796582840380375,0.815027537372148,0.8666625257084488,0.8249592701205604,0.5430169339164881,0.5618407725810378,0.966383701188455,0.9423749692042375,0.9272727272727274,0.49769378371528905,0.5693055213380417,0.8609756097560975,0.7396862650178867,0.8836321724847129,0.0,0.0,0.0,0.0,0.0,0.0,0.0,0.0,Seo Jungmin,2942.0
19.41428777571635,171.77646739503885,-63.496628324797015,-15.207764722050436,-10.500210404093382,4.0,-7.0642032570604005,-36.38502027073456,-10.96284065141208,12.623410980553837,0.23879999999999998,0.4518,18.4,0.032600000000000004,0.0,0.13340204768776193,-0.09543599257884969,1.4732763004191574,0.6723518969259467,0.8666666666666668,0.828344671201814,0.45039797491960015,0.6214371008342174,0.730559462866147,0.4902301499287082,0.8967515446545591,0.7050313091597495,0.7990638457217749,0.6529409113288536,0.3073913354254114,0.4657712604370533,0.7789506750712517,0.9041590214067277,0.0,0.0,0.0,0.0,0.0,0.0,0.0,0.0,Seo Jungmin,2942.0
19.772767955315125,189.64532765976162,-61.524781818299004,-16.173158288252626,-11.058663376991882,4.0,-5.221021902625677,-36.32319567225228,-11.019639134450458,14.270896556273915,0.231,0.5431999999999999,16.8,0.0854,0.0052,-0.02399437040946479,-0.26511457096362756,1.8146719004266174,0.8062974761087969,0.9716981132075471,0.7261394266111247,0.45565670178877726,0.5481903945111493,0.4915584415584415,0.3812141631952953,0.7543053173241853,0.9466037735849057,0.8922384219554031,0.5420068610634649,0.7074675324675324,0.7033570203381524,0.8025728987993139,0.6988789512374419,0.02452830188679244,0.0,0.0,0.0,0.0,0.0,0.0,0.0,Seo Jungmin,2942.0
16.677019783758915,157.17493597116786,-59.737983900070276,-15.81954604708228,-11.369335790262735,3.993827160493827,-4.527911969940955,-36.35948355187485,-10.635123073383944,14.979589371980675,0.19499999999999998,0.517,18.4,0.0516,0.0,0.1116394448278506,-0.148743961352657,1.012413925312476,0.6152710681696189,0.7545679012345679,0.6882716049382716,0.6341183356483302,0.7603703703703705,0.282065375121695,0.37197014479164536,0.8123809523809523,0.6426892109500805,0.7404235036724488,0.3753511078497319,0.7450517598343686,0.30047011421621583,0.6776212801107315,0.5513344282249071,0.0,0.0,0.0,0.0,0.0,0.0,0.0,0.0,Seo Jungmin,2942.0
19.736729365079363,182.0151285714286,-61.31452707595472,-14.624555555555556,-10.968234218811864,3.991666666666667,-8.774785714285715,-32.748960317460316,-10.756923809523808,12.567265873015874,0.1954,0.47759999999999997,24.8,0.0526,0.0048000000000000004,0.056186507936507944,-0.12674761904761905,1.8907539682539685,0.7233174825174825,0.7560321428571429,0.8945887445887447,0.6726284382284382,0.6265192141192142,0.39634283216783217,0.40623866966366967,0.7855749999999999,0.7576977272727273,0.6845202797202796,0.47109611222111225,0.4567622377622378,0.4126417665667666,0.7769118881118882,0.8324531468531469,0.0,0.0,0.0,0.0,0.0,0.0,0.0,0.0,Seo Jungmin,2942.0
21.55148247463218,192.89492989488784,-65.2360749774474,-17.17744548694927,-11.374308386875091,4.0,-3.599412362238266,-37.66011490611995,-10.36639733269254,10.94160349742772,0.1954,0.44000000000000006,13.2,0.055200000000000006,0.013800000000000002,-0.024475531477213566,-0.2340460352655475,1.8934402295209698,0.8081606455162296,0.9290784760664279,0.8018362435223718,0.7202169257120771,0.6921030498871231,0.40610072824772886,0.4717810441423055,1.0,1.0,0.7519799431069674,0.6868608625193106,0.5521443061658191,0.4166927253723733,0.8232412622919452,0.8931443638760712,0.0,0.0,0.0,0.0,0.0,0.0,0.0,0.0,Seo Jungmin,2942.0
18.80496617650863,176.34661277535963,-62.770355775586566,-16.236226017120956,-11.870201906798192,3.97676849008346,-5.749187602251319,-34.329689070602164,-10.514677910578833,11.952858241681431,0.2135948051948051,0.4094597402597402,18.742857142857144,0.0542077922077922,0.0060103896103896,0.1152348522755097,-0.26341064575723,1.9819579787774424,0.7006727015377395,0.8893426268143346,0.8040132459157534,0.6635976795505525,0.627117616164707,0.526227279923948,0.5790270429707557,0.8741984751315204,0.855091304752108,0.8339698202537987,0.6639866731895502,0.5324753698855197,0.5350378337362202,0.7846459226665683,0.8127720290856356,0.0503447357370655,0.0462793857960689,,,,,,,Seyed Poormosavi,2828.0
17.92018535676876,163.17604830928764,-82.10873292180477,-16.145450395248943,-16.332665708509516,3.984126984126984,-9.650616417336805,-45.60825795656577,-11.472092559602633,13.116223131331916,0.19140000000000001,0.465,15.2,0.0274,0.0,0.01780508416286015,-0.13232250782613392,1.9114468663219673,0.7156208159656435,0.8378510378510378,0.8067904143166512,0.6474064249926319,0.7913733609385784,0.40851695031605073,0.6498166301464652,0.6799483591537565,0.8434857300883591,0.7620501462361927,0.616563180203918,0.4016859455100799,0.5706613836790608,0.8126189056421615,0.9571428571428571,0.0,0.0,0.0,0.0,0.0,0.0,0.0,0.0,Seyed Poormosavi,2828.0
17.32389186261309,178.80772611872356,-67.31831669680473,-17.588803523841886,-10.358560851626892,4.0,-7.572416585971572,-38.742914843042726,-11.748832114177382,14.693211221855723,0.2274,0.4768,20.8,0.11839999999999999,0.011199999999999998,0.03639140058577398,-0.1670063610728572,1.1190271876461135,0.7398534798534799,0.7482223658694247,0.5913943741268219,0.5183072335634005,0.4309078271507113,0.528322872573347,0.5220232013400894,0.5476568592697625,0.6089025585420272,0.8169230769230769,0.49364847676043117,0.3096147243016313,0.46984103815223355,0.6293850741289071,0.7635510978584982,0.026890756302521003,0.0,0.0,0.0,0.0,0.0,0.0,0.0,Seyed Poormosavi,2828.0
17.976088505779238,173.37710184717213,-73.014596700694,-17.162682704444844,-13.44123443095558,3.9970588235294118,-5.398212554742548,-42.96882419821692,-11.00647612492603,12.965774489062497,0.179,0.38760000000000006,19.2,0.0622,0.0164,0.17895339613329037,-0.09414456858258177,2.0561075455612925,0.629811305107349,0.7737280658225851,0.9657077429511951,0.7002335577689808,0.732062793964938,0.5676873843017475,0.31767161919811954,0.8796187133470392,0.6029220564277104,0.7725491813286822,0.6487494780615419,0.483405576786747,0.6123283695086603,0.7305865262069642,0.7461132757898847,0.0,0.0,0.0,0.0,0.0,0.0,0.0,0.0,Seyed Poormosavi,2828.0
19.29528187915397,173.6984697902232,-60.366874900890515,-14.72529245295811,-12.750170667647112,4.0,-4.407287125376466,-32.538390583342206,-10.231513877360607,10.285779805793982,0.1668,0.35300000000000004,15.0,0.024,0.0028,0.26524824782111833,-0.05085316029800528,2.065837726583063,0.7848979591836734,0.8576397515527951,0.7213842058562555,0.6861638568470866,0.9095652173913044,0.7335936113575865,0.6183969239869861,0.8938775510204081,0.7887725524992606,0.7286246672582075,0.5141383668091742,0.7942857142857143,0.8608695652173914,0.8229281277728482,0.7097308488612836,0.02244897959183672,0.0,0.0,0.0,0.0,0.0,0.0,0.0,Seyed Poormosavi,2828.0
18.163589743589746,152.22592185592185,-63.12588696048219,-15.036874236874237,-13.063597583192822,4.0,-6.20650183150183,-34.44957264957265,-10.16576923076923,11.79642857142857,0.22559999999999997,0.4842000000000001,20.0,0.06620000000000001,0.0112,0.06796092796092795,-0.053882783882783836,1.8365262515262515,0.5126769591910436,0.8374647887323944,0.868607800650054,0.580636511375948,0.865,0.5270214879017696,0.5932629107981221,0.7403394727338389,0.7283604189237992,0.8633333333333333,0.7013317081979054,0.6301923076923077,0.41311574575659077,0.9058333333333334,0.9716666666666667,0.0,0.0,0.0,0.0,0.0,0.0,0.0,0.0,Seyed Poormosavi,2828.0
21.4140467808054,164.5992363957881,-60.921185083225474,-13.748785467406156,-11.622106874078304,3.996923076923077,-4.887128044369424,-34.56045333976368,-9.93208198697854,9.832447552447551,0.198,0.35819999999999996,13.4,0.0288,0.0,0.12565742303673338,-0.060932079414838025,1.7368169761273209,0.7275610806671613,0.8992366412213741,0.9226925746009715,0.9232497387669802,0.7275730455382996,0.6039799149696491,0.6992592787575678,0.7989411089042571,0.748552250592261,0.6750402737562516,0.7758473282442748,0.5082572287763127,0.6757659511673726,0.8027244011581995,0.95,0.0,0.0,0.0,0.0,0.0,0.0,0.0,0.0,Seyed Poormosavi,2828.0
18.56143056709205,181.95557854463993,-77.93993369069207,-14.202353444587079,-14.846323481524973,4.0,-10.132927458531551,-43.34255455712452,-10.414798761609907,10.999024012685947,0.19099999999999998,0.491,16.8,0.022,0.0,-0.00168642553298598,-0.39956656346749225,2.076889048302248,0.7280903363002791,0.7103220459389059,0.8468070626308777,0.7226727584237579,0.7757372867846325,0.4490727830322278,0.39837234704442986,0.9816993464052288,0.7972855890323609,0.7213126103705354,0.7306077634305754,0.508985186939248,0.48133795786844225,0.7282079616912674,0.8126413245857188,0.0,0.0,0.0,0.0,0.0,0.0,0.0,0.0,Seyed Poormosavi,2828.0
13.351470263421485,129.3381869547723,-45.93542547519626,-10.97977381879821,-10.29142997827393,3.2,-6.099929799929799,-22.563767346694178,-7.5732706383925885,8.372746106892446,0.1476,0.33740000000000003,13.6,0.033999999999999996,0.0058000000000000005,-0.01341788732032632,-0.3675728753777534,2.2377651550822284,0.6877105473491015,0.9180722891566265,0.8400491400491401,0.9148221343873517,0.7587098956664173,0.5322415396014138,0.5967222162874337,0.8891566265060241,1.0,0.9217391304347826,0.7765374069721895,0.8227272727272726,0.7179699462308158,0.859090909090909,0.8417690417690418,0.0,0.0,0.0,0.0,0.0,0.0,0.0,0.0,Seyed Poormosavi,2828.0
17.564075630252102,162.31489118724411,-71.88771546277242,-17.097155785391077,-13.195959914399214,4.0,-6.999841090282267,-39.112971342383105,-11.283484162895927,11.801696832579186,0.1878,0.421,21.6,0.0158,0.0,0.21483678086619268,-0.05384615384615384,2.138105472958414,0.640545984888627,0.9740349737426236,0.875177304964539,0.5797158123128563,0.6538462579594625,0.4401770165094311,0.7222345239241359,0.9191762138570649,0.8325354609929079,0.7375,0.5807869177830675,0.6556021380954026,0.5768126341377495,0.6773295107825866,0.6877813662164807,0.0,0.0,0.0,0.0,0.0,0.0,0.0,0.0,Seyed Poormosavi,2828.0
20.218418757379055,198.4003928512145,-60.767976689109105,-15.0809828649505,-11.810702223453276,4.0,-2.9048745998192844,-35.69641980708538,-9.952313105247121,10.677315911446447,0.2044,0.39,15.0,0.0522,0.0064,0.14557811837178844,-0.0830188679245283,2.1214672120332496,0.7503651856360316,0.8900514579759863,0.8596774193548388,0.8201156421180767,0.612523214257846,0.3386737121673214,0.737312077489658,0.8909616555082167,0.7763911175049337,0.8686779542226895,0.6966046532084267,0.29152433081221873,0.4949236500971133,0.9164136622390892,0.9758064516129032,0.022580645161290318,0.0,0.0,0.0,0.0,0.0,0.0,0.0,Seyed Poormosavi,2828.0
20.008982635305124,181.60170828740317,-48.29740599406393,-17.2323878206188,-11.384579388025918,4.0,-2.76754900898527,-22.383478542158503,-10.910933198260087,12.38152196398465,0.23420000000000002,0.42000000000000004,19.8,0.0568,0.0168,0.20601151903818896,-0.043883984867591395,1.6168293573541923,0.7297349779407195,1.0,0.6777577207481513,0.8993406242879928,0.550925081298287,0.457702147931813,0.8773697881066302,0.8369013442697654,0.7356049213943952,0.7299468713105077,0.49462609001843455,0.49780973093891756,0.4383856542181901,0.6170426065162907,0.8327272727272726,0.00811532964643012,0.0,0.0,0.0,0.0,0.0,0.0,0.0,Seyed Poormosavi,2828.0
20.2427236868056,211.09746466373016,-70.49225193537958,-15.876858852146473,-12.207443901719738,4.0,-7.721030832949839,-36.398931694168695,-10.123122411412794,7.835135757017947,0.18180000000000002,0.369,15.4,0.0538,0.0036,0.0500424035237657,-0.06522648083623692,2.2479386628098093,0.9454012345679011,0.8305555555555555,0.882882882882883,0.8541981132075472,0.772024225483345,0.663450950950951,0.772848187360766,0.7732618714851419,0.8982142857142857,0.7718360026693359,0.6757432432432433,0.7037918871252205,0.7282320055904962,0.8680013346680013,0.8100559679176031,0.0,0.0,0.0,0.0,0.0,0.0,0.0,0.0,Seyed Poormosavi,2828.0
19.37633027299455,191.06338659595477,-62.99161192788561,-16.458965808320187,-10.58466838904823,4.0,-6.120594126297139,-34.79489665142462,-11.124347053156237,12.091860100360819,0.22519999999999998,0.5092,21.8,0.034199999999999994,0.0076,0.16594202855321932,-0.49437627451974653,2.307620775504563,0.8133755550422217,0.928076923076923,0.8732692307692307,0.7935133851800519,0.5420045902719169,0.2982131198220307,0.5047782442254389,0.8673076923076923,0.8806481481481482,0.7549636822656625,0.6828740374037403,0.7385828135828136,0.7368044612269034,0.8421708837550422,0.8798413989008047,0.0,0.0,0.0,0.0,0.0,0.0,0.0,0.0,Seyed Poormosavi,2828.0
18.22919306184012,173.08832693947144,-64.57682569453831,-14.403259230113449,-12.028349155093105,4.0,-6.5839821463702535,-39.004863023804845,-9.87991466653551,13.323542527378844,0.2262,0.4992,20.6,0.0524,0.0,0.33814979670798084,-0.2929859335038363,2.0399233556298775,0.6089130434782609,1.0,0.8460144927536233,0.6844683667781494,0.5657573857302118,0.5214917781493869,0.6711322463768116,0.8577445652173914,0.8565719063545151,0.936923076923077,0.7504243311036789,0.6669711538461538,0.39481047937569674,0.8287681159420291,0.9014492753623188,0.0,0.0,0.0,0.0,0.0,0.0,0.0,0.0,Seyed Poormosavi,2828.0
21.675067793074675,169.49472136645164,-72.93886788851293,-18.196038317127176,-14.88906725631242,3.9970588235294118,-6.546295850582458,-41.46495017810726,-11.21461923558294,15.375044125669907,0.19039999999999999,0.3442,19.4,0.0288,0.003,0.15857522223291937,-0.10296765187253296,2.070006578736241,0.6960714157716797,0.8587322320399539,0.9545271004814413,0.5548389023618097,0.553615011341775,0.4694617335865977,0.6370143413774738,0.8202414373947221,0.8048196853728932,0.8860565225528729,0.7833333333333333,0.3684273800489133,0.5722927969930202,0.6280200171902871,0.8168163952835485,0.0,0.0,0.0,0.0,0.0,0.0,0.0,0.0,Seyed Poormosavi,2828.0
19.016658341658342,171.28677068545488,-70.71460787246032,-17.70770457612563,-10.484518663423739,3.9737525632262476,-4.956188548293811,-42.888622342569704,-11.054574372995427,12.403248067721751,0.20700000000000002,0.3222,22.8,0.0698,0.0218,0.1398106279685227,-0.19945054945054946,2.1751476593581858,0.6846998442528458,0.8959957397263899,0.6534487714567991,0.5882386720348034,0.39808618454129285,0.5459600169352492,0.3859395105778568,0.7883603238866397,0.9384244926040592,0.8308069381598793,0.5790989707480569,0.44165710077995346,0.5537454603018043,0.6926442429168531,0.6920784213031945,0.0,0.0,0.0,0.0,0.0,0.0,0.0,0.0,Seyed Poormosavi,2828.0
20.654821137568394,183.68882229935028,-61.685269919141795,-16.809464885519365,-13.434207593797229,3.982352941176471,-6.614734377919144,-30.37852240624727,-11.519169970991477,13.08847637415622,0.2076,0.5022,22.4,0.0426,0.0054,0.16072863385805092,-0.4190998043052838,1.9535430590993925,0.7206956328050476,0.8695652173913043,0.9289793555855683,0.5123181074272302,0.5291332519930348,0.5232282789443902,0.43438161273993287,0.9288897611776786,0.9199887860947575,0.8040127447135103,0.5395499877859267,0.31848868650948614,0.6183720441252765,0.7290436684031127,0.8116235221777262,0.0,0.0,0.0,0.0,0.0,0.0,0.0,0.0,Seyed Poormosavi,2828.0
19.834916759156492,178.4724170674559,-69.73952034922985,-16.10987791342952,-12.235447097287551,4.0,-4.017850536440991,-43.89166358367247,-10.681709211986682,13.197027993587373,0.2292,0.48979999999999996,19.2,0.0402,0.003,-0.07943642865951414,-0.31137254901960787,2.057153779750894,0.7455555555555555,0.8929629629629631,0.8046296296296294,0.4859573724668064,0.8654192872117399,0.4112962962962962,0.5459678546471,0.7083368273934312,0.8377777777777776,0.8633333333333333,0.9383333333333332,0.4942592592592593,0.24026904262753312,0.8666666666666666,0.8384276729559748,0.0,0.0,0.0,0.0,0.0,0.0,0.0,0.0,Seyed Poormosavi,2828.0
18.948509400705056,197.7777514688602,-60.795268282662654,-16.053184488836663,-12.660992136951723,4.0,-4.670960634547591,-31.663670681551118,-10.437084606345476,10.690624265569918,0.2048,0.48260000000000003,17.6,0.0,0.0,0.23972091656874267,-0.19555346650998823,2.68925,0.8215618255618257,0.8361538461538462,0.8035604395604394,0.7813911493911494,0.5692719532719532,0.4601108801108801,0.4642035442035442,0.8882051282051282,0.9133333333333333,0.856102564102564,0.8564102564102564,0.5134362934362934,0.5495990495990496,1.0,0.8216513216513217,0.0,0.0,0.0,0.0,0.0,0.0,0.0,0.0,Seyed Poormosavi,2828.0
20.494006006006003,200.86118837018836,-58.58771212748386,-15.081405951405952,-11.73219349521522,4.0,-2.8850522113022103,-31.56392710892711,-9.765556511056511,8.44042315042315,0.2096,0.49139999999999995,15.2,0.047,0.0,-0.08163213213213212,-0.8951516516516517,2.2747337564837564,0.8414452214452215,0.8943045843045845,0.8946475227700047,0.7027972027972027,0.6614438502673796,0.42739787386040407,0.8429984779299847,0.9384615384615385,1.0,0.9072727272727272,0.5117018070120406,0.4125069451096849,0.5240334542349047,0.9498630136986301,0.8596838777660697,0.0,0.0,0.0,0.0,0.0,0.0,0.0,0.0,Seyed Poormosavi,2828.0
17.493923942152307,188.2591649399128,-64.17016526686707,-15.479023802996664,-11.247860925161621,4.0,-9.457299366568781,-34.88867388733799,-11.45583909535386,14.358531810551844,0.207,0.47859999999999997,20.8,0.0464,0.0052,0.2778050852318021,-0.037105905649126324,1.650797363753838,0.7260097015836988,1.0,0.9007751937984496,0.5207642354607518,0.577072496304379,0.45029730169425886,0.6108539432518976,0.9179401993355482,0.8161707172495554,0.5930059146039074,0.6331803247972955,0.6566379402064049,0.44566972919123193,0.6289891194648505,0.9983402489626556,0.0,0.0,0.0,0.0,0.0,0.0,0.0,0.0,ShimanovAlex,2958.0
19.38266483898524,144.7575947258336,-57.6085765613365,-15.493148181258316,-12.66395621674475,4.0,-5.419561441597915,-31.140122999554432,-10.964760031672242,14.072972309491172,0.2186,0.5284,19.6,0.10179999999999997,0.021,0.21484888991057413,-0.03686541283179936,1.4856328630743079,0.4533205204954969,0.8607425949103046,0.6349542611897201,0.45930187368050934,0.2793782096348184,0.6000438862022884,0.49797123181622094,0.7625533970041031,0.870614702573943,0.694584484824253,0.4223012071944615,0.5750547934085558,0.4229506008792886,0.9685039370078741,0.8740157480314961,0.04016231629743364,0.0,0.0,0.0,0.0,0.0,0.0,0.0,ShimanovAlex,2958.0
20.20776899429073,192.64339481774266,-71.70312097958785,-14.800527009222662,-10.766151282618157,4.0,-8.175406236275801,-44.070026350461134,-10.092832674571806,12.201822573561705,0.184,0.2508,20.4,0.05639999999999999,0.0021999999999999997,0.2805577514273167,-0.3946245059288538,1.4879183135704874,0.7397628458498023,0.8804318624066285,0.6527898366713037,0.6546259151682541,0.4665407679974303,0.4571450232222639,0.9387615283267458,0.9837648591434618,0.8866666666666667,0.7250595846101464,0.7222134387351778,0.320009940761497,0.6432188781180765,0.6403512413422542,0.8093030376634942,0.0,0.0,0.0,0.0,0.0,0.0,0.0,0.0,ShimanovAlex,2958.0
21.655231860338244,208.84819694489906,-62.756809935912905,-14.5683578832515,-11.531643542023101,3.991489361702128,-6.2524413529732685,-32.75474631751228,-9.982340425531916,8.341230223677032,0.22160000000000002,0.6266,11.2,0.0536,0.0052,-0.11854609929078015,-0.21333333333333332,2.81241134751773,0.976923076923077,0.9808510638297872,0.9276595744680851,0.6978270317253369,0.5599580635050214,0.7431234659249703,0.746126568466994,1.0,0.9346153846153846,0.7929356357927786,0.7382600175913245,0.8099836333878887,0.7352464700823879,0.9369885433715222,1.0,0.0,0.0,0.0,0.0,0.0,0.0,0.0,0.0,ShimanovAlex,2958.0
21.092284374976252,203.0138487042825,-74.8527419387602,-13.449569845120456,-14.66921468856999,4.0,-8.565647323544988,-43.503689427549276,-10.424824678973732,11.76020402499824,0.24480000000000005,0.5014000000000001,16.4,0.1068,0.0064,-0.1393313793202558,-0.0307577604129328,1.6145507581436391,0.8428306168764184,0.8497120070890564,0.9932125395455852,0.603508824577527,0.8287478819076867,0.6023958521507737,0.4781300179133267,0.8417980066360811,0.8856964084595169,0.6383722597012549,0.5996183544325204,0.6543066972154958,0.6925043162889687,0.7395367085268225,0.972972972972973,0.0,0.0,0.0,0.0,0.0,0.0,0.0,0.0,ShimanovAlex,2958.0
15.334846417244734,133.51688041477664,-48.73773895861829,-11.55437204385311,-9.752508005364898,3.2,-13.582562576601848,-21.717404992650433,-7.954625172156729,12.623733832008728,0.16760000000000003,0.5006,12.8,0.055200000000000006,0.0,0.2087169216902737,-0.23813813813813814,1.9784904118704958,0.6559684438441915,1.0,0.8805567830313743,0.7241486193144531,0.7487298218534953,0.7291797626234651,0.9156272401433693,0.7890796835809377,1.0,0.8870967741935484,0.8239269406392694,0.9698630136986301,1.0,0.9516129032258064,1.0,0.0,0.0,0.0,0.0,0.0,0.0,0.0,0.0,ShimanovAlex,2958.0
19.51164762364517,178.54468594738884,-61.1730993878434,-14.366195424827964,-11.9808887040041,3.923877053392604,-6.984501021793567,-33.973506976645965,-10.109074577256909,12.317190263292495,0.1999483568075117,0.4414131455399061,18.89671361502348,0.0586056338028169,0.0066338028169014,0.0966032286792839,-0.2386955551217048,1.8707597875826696,0.7145546262424464,0.8845861817663742,0.813848447595053,0.6125120755733549,0.5696988981083196,0.585700263837214,0.6532942265166043,0.8586094194540618,0.8656467314916656,0.8288460613480741,0.6767732776331613,0.5116659222460934,0.6859431805839036,0.8284687815122166,0.8630697727646023,0.0508476400069723,0.0722107730229926,,,,,,,ShimanovAlex,2958.0
16.863125864752682,143.20949606537528,-48.70364929565306,-11.052122967831199,-9.070185528790383,3.2,-2.934667934970599,-29.784309062608095,-7.965370978900035,8.90300717744725,0.18499999999999997,0.33680000000000004,17.0,0.029800000000000004,0.0,0.14428290383950187,-0.28973106191629194,1.8732078000691803,0.7843745318760094,0.9254237288135594,0.7613105565194181,0.9081632653061223,0.5244564182660015,0.6224632742589595,0.6622888845916053,0.8869126831301051,0.9324602281857624,0.9489795918367347,0.8683634416040883,0.42365098801453216,0.8593220338983052,0.8559322033898304,0.8055262462652216,0.0,0.0,0.0,0.0,0.0,0.0,0.0,0.0,ShimanovAlex,2958.0
20.748173634122566,180.1930512660774,-60.09053903045954,-17.55756276086833,-10.035895520644301,3.9966101694915253,-3.376573535579739,-34.68927348336595,-11.102750733186465,12.67490683369373,0.2234,0.4534000000000001,23.4,0.10500000000000001,0.0,0.17520014840271814,-0.32762269973112035,1.858793342527811,0.7408308258498918,0.6490192728266813,0.799504440445786,0.45727594102759805,0.6198877296524038,0.5793851893732292,0.35575362849606484,0.8868507381082559,1.0,0.7161583577712609,0.39641160395305464,0.6423794114232645,0.6340253254267246,0.8780821917808218,0.8808219178082192,0.0,0.0,0.0,0.0,0.0,0.0,0.0,0.0,ShimanovAlex,2958.0
20.47656030764807,187.01552249856238,-69.86007397209411,-14.279601782633696,-13.002724202111361,4.0,-10.575093085106385,-37.498617021276594,-10.593966719378951,12.08992883841288,0.2122,0.4224,16.8,0.0346,0.0032,0.20842567567567566,-0.1453146923519264,1.993771707878091,0.8039367847754569,0.8906592558283155,0.635301711217481,0.8084911683336881,0.7451903689674201,0.45016529522263726,0.7307734138822635,0.8173026469658984,0.8286894831215404,0.7650400426795806,0.8901184236070666,0.37164780206354897,0.8222636878364433,0.7312843119304818,0.790797558973859,0.0,0.0,0.0,0.0,0.0,0.0,0.0,0.0,ShimanovAlex,2958.0
21.971672120928787,194.39155145929342,-68.45783205605312,-16.492130278946547,-12.06634560265924,4.0,-3.3732718894009217,-40.65566241456845,-11.144657717224337,11.274235846746365,0.13940000000000002,0.3884,24.0,0.040400000000000005,0.0,0.13942518755982988,-0.9392132505175983,1.8803334891693937,0.7311965811965812,0.9802197802197803,0.8100732600732601,0.6614774114774115,0.5512210012210013,0.6161782661782663,0.6351770451770451,0.8946886446886447,0.8436507936507937,0.8188644688644688,0.7595238095238095,0.46855921855921856,0.7706349206349207,0.7878510378510379,0.9182539682539682,0.0,0.0,0.0,0.0,0.0,0.0,0.0,0.0,ShimanovAlex,2958.0
19.160102143095795,194.09032345313668,-60.22870295876523,-13.226862679585699,-11.951591285495862,4.0,-3.8335878955658442,-37.375216775651126,-10.105656054603598,12.26421173213689,0.2064,0.3614,18.2,0.08199999999999999,0.009600000000000001,0.2490477781490144,-0.6291728318457352,1.1221744918036263,0.6367067597555909,0.830267411107846,0.9462068965517242,0.8118955890846818,0.6983108210807907,0.7422203532380152,0.5531884790151836,0.8767558037026154,0.8274179983179142,0.7772750210260724,0.39215870088548355,0.4798822539949537,0.8386206896551723,0.8433734939759037,0.9079684254258413,0.08412111017661901,0.0,0.0,0.0,0.0,0.0,0.0,0.0,ShimanovAlex,2958.0
20.554333266842296,204.4620611304852,-62.018422729401344,-16.089983010393237,-10.421246856018628,4.0,-9.04953651160498,-31.98552788152673,-10.576072993403631,12.103944523545854,0.18860000000000002,0.523,18.8,0.0686,0.0021999999999999997,0.2120780742360982,-0.4535154729232441,3.0423594230412085,0.8561555792510083,0.8333770882520284,0.6177168000514117,0.6400648594048353,0.446274124772107,0.650958533851052,0.7175083937714251,0.9268662372110649,0.9084962673302523,0.8542970952498148,0.8262526971949173,0.7710926334935689,0.8782122905027933,0.44638713977993305,0.6712671405056021,0.0,0.0,0.0,0.0,0.0,0.0,0.0,0.0,ShimanovAlex,2958.0
19.376038093219503,181.47131882083906,-54.20695360769215,-14.097432157102322,-11.020942372145681,4.0,-7.808097146852769,-26.866010601767726,-9.949677894940264,11.535206565116608,0.2244,0.47680000000000006,14.6,0.0858,0.0248,0.055972782839349554,-0.027733887733887696,1.6412863214962166,0.6991452991452991,0.9789473684210526,0.8833333333333334,0.504408457040036,0.6434632946961714,0.8303301721109941,0.6217141466240239,1.0,0.8355299206921412,0.9153846153846154,0.6743554618897084,0.5554280590834304,0.7012820512820512,0.8273954116059379,0.8880701754385966,0.0,0.0,0.0,0.0,0.0,0.0,0.0,0.0,ShimanovAlex,2958.0
18.777103238780363,175.38145705970908,-63.5306968283068,-15.04020436147106,-11.065424633411808,4.0,-13.926524714182497,-29.956741848245503,-11.020867417811392,13.479066146815464,0.20799999999999996,0.4474,27.6,0.1226,0.0064,0.03884952723514766,-0.12194993412384716,2.1907563566572943,0.6760809121388972,0.618415379703583,0.7161683980944151,0.707085020242915,0.4342522912539463,0.7024027459954233,0.7522896425647411,0.7126934518778684,0.8281544777871886,0.7188097460584023,0.7720583459210386,0.7150018544566442,0.7005181981679367,0.46188405756760176,0.8278794813119756,0.0,0.0,0.0,0.0,0.0,0.0,0.0,0.0,ShimanovAlex,2958.0
18.01500680208158,164.34687760683428,-53.08499992119589,-13.695591451528552,-11.13732535244462,4.0,-6.05870887955291,-30.69631947415965,-10.325910419989366,14.828855656479211,0.2036,0.3536,23.2,0.078,0.002,0.23990190739227968,-0.10694887471203258,1.7960347484256343,0.60161904360329,0.9121951219512194,0.7029076589367604,0.6315944405794472,0.6509576287222532,0.7107192090126919,0.6572862911687538,0.8545522054005366,0.7712528195755193,0.8534805427286967,0.5250898279222878,0.4620173283541078,0.8215905309692445,0.8245171926519077,0.7584401418052904,0.03170731707317072,0.0,0.0,0.0,0.0,0.0,0.0,0.0,ShimanovAlex,2958.0
18.705558408948242,210.6389716372767,-78.20839428901543,-14.508731381612733,-14.432994814039674,3.9966101694915253,-15.78550333846944,-41.708754208754215,-9.613139873309365,13.844119157678477,0.20339999999999997,0.5254,25.8,0.0888,0.014599999999999998,0.028763624950065625,-0.31789647891342804,2.0807025052787766,0.9754334697058251,0.7281990713682707,0.9187804402883304,0.37284482758620685,0.7840787821720026,0.5870789769898478,0.6356906292616404,0.94434054159361,0.8077905491698594,0.9109833971902936,0.47938827196571204,0.7355112344957465,0.6269690131393814,0.9375,0.9430555555555555,0.0,0.0,0.0,0.0,0.0,0.0,0.0,0.0,ShimanovAlex,2958.0
19.863142857142854,198.57593650793652,-63.93413503581327,-15.110476190476188,-11.752928686606918,4.0,-7.127142857142857,-34.31428571428572,-10.40295238095238,10.773650793650793,0.2068,0.5134000000000001,16.6,0.037,0.0,0.12914285714285714,-0.1717460317460317,1.7922539682539682,0.7530198233139409,0.9411204481792718,0.9883333333333333,0.7272891193313729,0.6316925231631114,0.4882987669607387,0.6136538537408462,0.8483333333333333,0.8416666666666666,0.9055882352941177,0.6388943464709828,0.28594012036017,0.7409050380715666,0.8931684981684981,0.9921568627450981,0.0,0.0,0.0,0.0,0.0,0.0,0.0,0.0,ShimanovAlex,2958.0
16.365053763440862,142.85660522273426,-55.26980108513793,-13.046594982078853,-10.264552749244432,3.2,-8.537250384024578,-27.211085509472603,-9.31904761904762,9.908730158730158,0.1498,0.32080000000000003,20.8,0.0402,0.0,0.01428571428571428,-0.2698412698412699,1.2012544802867384,0.7257936507936508,0.925,0.8162058371735791,0.7063876088069636,0.7880952380952382,0.6754992319508448,0.6672939068100359,0.9035714285714285,0.8944444444444445,0.7894777265745008,0.6884920634920635,0.46785714285714286,0.6944444444444444,0.7746287762416795,0.9404761904761905,0.0,0.0,0.0,0.0,0.0,0.0,0.0,0.0,ShimanovAlex,2958.0
19.856716190911133,177.20760255497538,-58.886736401342304,-14.167761669066412,-11.454688999867496,4.0,-8.210168186504907,-32.61161630928243,-9.818949724369173,13.376448487748112,0.1888,0.44419999999999993,23.8,0.075,0.0154,0.06767504870721376,-0.2502720787829051,1.9156067910506593,0.5145511480278372,0.8129709519700892,0.9262068965517241,0.7895322959745321,0.46972584282021657,0.5205037279719675,0.786896551724138,0.9307017543859649,0.8778886872353298,0.9018676000345692,0.6316188983430362,0.4838134566335155,0.3371818653216112,0.9096491228070175,0.8024621899576527,0.05241379310344828,0.0,0.0,0.0,0.0,0.0,0.0,0.0,ShimanovAlex,2958.0
15.965746234239798,132.49935749394854,-77.20746898968927,-15.99576465942683,-12.564948738855104,4.0,-8.36446154831278,-47.15507154190006,-11.543341175107516,14.416118673913008,0.18780000000000002,0.475,22.0,0.044,0.0046,-0.08233392077920694,-0.1616239067278398,1.1703068679025013,0.3433680217829852,0.7605820105820105,0.609002646476825,0.5900096170593002,0.5377564233626388,0.4492343763059151,0.6110410996034836,0.8306191663885951,0.9400583290444331,0.837037037037037,0.4008346539921071,0.3139586344699184,0.4651615172445127,0.6139203895335849,0.6223711921933144,0.0,0.0,0.0,0.0,0.0,0.0,0.0,0.0,ShimanovAlex,2958.0
17.43916666666667,171.3488095238095,-65.59790209615593,-11.35952380952381,-14.103616381870207,4.0,-5.398214285714285,-40.882738095238096,-9.8675,12.013690476190474,0.19060000000000002,0.5732,20.8,0.045799999999999993,0.0026,0.12690476190476188,-0.23380952380952377,2.258809523809524,0.734893594605984,0.9008849557522124,0.8741770400540739,0.5812007341362255,0.5036548401687521,0.4049356453661355,0.8024346818373367,0.8602212389380531,0.8800442477876107,0.835,0.7637682711420942,0.6204567953686624,0.505305699509182,0.6176229290039258,0.8715983606557376,0.0,0.0,0.0,0.0,0.0,0.0,0.0,0.0,Slaven Pastar,2802.0
20.053972911497105,184.26302026468156,-59.625328095981295,-14.558453267162943,-12.368238145609086,4.0,-4.1889578163771715,-33.53270368072787,-9.79821898263027,10.821243796526053,0.17840000000000003,0.46240000000000003,16.2,0.017599999999999998,0.0,0.07410897435897439,-0.21136476426799006,2.5416830024813897,0.7751604686704024,0.9275,0.8701986754966887,0.7411124014609254,0.5491632149474928,0.6085987281093675,0.49864424331375223,0.7943664034640856,0.8305444472745798,0.9095017139107384,0.8141878998765293,0.8172185430463577,0.3196456492909886,0.772610340479193,0.9072847682119205,0.0,0.0,0.0,0.0,0.0,0.0,0.0,0.0,Slaven Pastar,2802.0
21.31316956755981,193.38559221266536,-57.051020989727476,-15.077583662949516,-12.264839366472687,3.986666666666667,-2.70325000203049,-30.713887332180015,-10.183032008641764,9.904904715880326,0.20859999999999998,0.49260000000000004,21.0,0.0073999999999999995,0.0,0.09972975533951145,-0.22775446775446775,2.196177914226695,0.8066251820468688,0.9400000000000001,0.7344384932336739,0.6925142327551966,0.8290480603733617,0.39901504118371584,0.47259110367544094,0.9002197802197802,0.967912087912088,0.8734065934065933,0.9022644022644023,0.5412464643789946,0.6935045677214353,0.7327525486561631,0.9142606790799561,0.0,0.0,0.0,0.0,0.0,0.0,0.0,0.0,Slaven Pastar,2802.0
17.076658892389908,163.13272824003744,-47.40209261451536,-8.236199193636264,-11.559318690300367,4.0,-9.71782616936935,-24.37845765308412,-9.789985028336279,12.279694120211014,0.238,0.6244,16.0,0.0416,0.0,0.13471578104926182,-0.32583922356127804,2.8467913481181943,0.7436650632793163,1.0,0.779988791855415,0.5428993265160661,0.6996997425972677,0.4190247716297758,0.6502443360207871,0.9204081632653061,0.9122448979591837,0.9029441284710605,0.8819672131147541,0.6791387260535006,0.6314506625698634,0.9369565217391305,0.9203661327231121,0.0,0.0,0.0,0.0,0.0,0.0,0.0,0.0,Slaven Pastar,2802.0
18.527536506632195,171.26312900864033,-59.35692970988536,-14.311495089866913,-12.130722743297934,3.9919492147736975,-4.876817465352333,-33.62832411825016,-10.178597806581331,11.777078298689611,0.2182926470588235,0.4263308823529412,18.92794117647059,0.0614632352941176,0.0078705882352941,0.103029460233138,-0.2433140888244814,2.241015206693844,0.7035181921360867,0.8838758117173758,0.7994001402418783,0.6132617988836457,0.5715738740496997,0.4683035420952965,0.6142843891901792,0.8821733060407132,0.8442061068063891,0.8193993027986716,0.7440105708244408,0.5800905781357896,0.5893494808565107,0.7882989712516452,0.8321152425453135,0.0453149089899282,0.0582067754600779,0.0285714285714285,,,,,,Slaven Pastar,2802.0
18.7457128585819,177.11317302204378,-50.010879321230284,-13.497746960765662,-9.805988729118692,4.0,1.0140323224912051,-31.444329086982854,-9.706135543143523,9.429288676289234,0.16599999999999998,0.27779999999999994,20.0,0.0432,0.0084,0.2662069506544615,-0.24521131575217398,2.027002400462659,0.8517808219178082,0.9349536014140523,0.8301816833518725,0.4627638159961746,0.7150041613244259,0.5602973659941066,0.4917252408452676,0.9191780821917808,0.8287671232876713,0.8972602739726028,0.9942857142857143,0.5525980668525657,0.6206405319529491,0.9399217221135029,0.8744586831639417,0.00366871358841126,0.0,0.0,0.0,0.0,0.0,0.0,0.0,Slaven Pastar,2802.0
17.7788699020278,160.10455322798975,-42.736269328955096,-13.356019728465549,-10.289190200653056,4.0,-2.549393537319234,-21.323229195984617,-9.554178762414056,10.335742095881415,0.24779999999999996,0.4354,21.4,0.0558,0.0046,0.05959665205795236,-0.0713740232935279,2.773279053248094,0.6126108427983269,0.8654867256637168,0.7639596023445582,0.6533817036986169,0.4483699551697695,0.6357321609914821,0.796963242617567,0.9805309734513274,0.8958073407805021,0.8495575221238937,0.9097345132743364,0.5603177630527341,0.5631174608494802,0.6759065710507578,0.7048412819506809,0.0,0.0,0.0,0.0,0.0,0.0,0.0,0.0,Slaven Pastar,2802.0
17.46939762135097,151.14492167895773,-62.16329801381389,-15.391613508552165,-10.051548220458917,4.0,-8.272252293950356,-33.32196830560949,-11.85129039332744,12.725374708084475,0.2096,0.318,27.6,0.1262,0.0144,0.058966476638460684,-0.02286153236197836,1.6934163321999811,0.47821420066002107,0.9526315789473685,0.7662456946039036,0.3857247179089977,0.6328305681246859,0.5654278435446126,0.5007297063486703,0.7283757092580622,0.8310403648638942,0.7142206005209101,0.6760727232863456,0.2720422894317353,0.43693995010939696,0.45028336328992485,0.8033846872082165,0.0012820512820512799,0.0,0.0,0.0,0.0,0.0,0.0,0.0,Slaven Pastar,2802.0
21.086086995184548,206.2701585561761,-68.42178626674087,-13.138584902560059,-13.180726944461224,4.0,-5.897282971159479,-40.86421960088383,-9.261271755078843,9.920299907402576,0.24819999999999998,0.33199999999999996,15.8,0.09340000000000001,0.0084,0.006237664147784733,-0.5161983634033322,2.937264490337198,1.0,0.875369789332138,0.832213502932075,0.6758974550525425,0.6260107277745443,0.5286123976957684,0.6610852741125292,1.0,0.8188513951979235,0.853731343283582,0.8745199125147212,0.5604116240848648,0.8288659793814432,0.9703703703703704,0.9481481481481481,0.0064096817570596,0.0,0.0,0.0,0.0,0.0,0.0,0.0,Slaven Pastar,2802.0
21.05129500549308,187.18640886801498,-37.23320729758611,-13.27701032152088,-9.498513234527904,4.0,-3.360705539151958,-18.776022126515574,-9.046301095445312,12.72534501957551,0.2604,0.5216000000000001,21.4,0.060399999999999995,0.0086,0.3245467042446874,-0.13435734061516288,2.626747704377118,0.7027782662212062,0.9074380165289255,0.9917355371900827,0.5119277885235333,0.5369495616076569,0.32635553394911676,0.5197884063067816,0.894180225281602,1.0,0.8468907415260812,0.7165046183762762,0.41203001685991786,0.8288904519078599,0.8509788406306781,0.9086225895316804,0.0,0.0,0.0,0.0,0.0,0.0,0.0,0.0,Slaven Pastar,2802.0
17.616690120006577,165.4172456572963,-53.80309301082443,-15.953935010137542,-11.312851682532475,4.0,-3.478964326812428,-29.652474108170317,-10.46292750287687,13.05805961970519,0.2048,0.42280000000000006,22.8,0.06060000000000001,0.008,0.1237197654666009,-0.04289550112334922,2.449590443311963,0.6459819816751252,0.9011764705882352,0.6613881944207909,0.5464099594672842,0.44707485495645855,0.39864080293379656,0.6912632696390658,0.7502416635443987,0.8319899633275429,1.0,0.8921273885350317,0.3491187029530979,0.30979018358935934,0.7776963906581741,1.0,0.00294055201698512,0.01783439490445858,0.0,0.0,0.0,0.0,0.0,0.0,Slaven Pastar,2802.0
18.460421086467377,149.7757116974957,-64.2413215449783,-13.254562987639167,-12.869614698305218,3.9967213114754103,-8.317245258759241,-36.349053212939424,-10.254989041816428,12.80742234300576,0.1876,0.5412,22.8,0.035800000000000005,0.007000000000000001,0.07490166856608517,-0.1851693404634581,2.38596563513632,0.609015042824225,0.8555906264945001,0.545453257385954,0.5366975770683559,0.66945415416721,0.5459002982998145,0.64849963045085,0.8563964610234338,0.8164234163732011,0.8613043430298617,0.7247345767575324,0.611353202034694,0.42502793519035836,0.9952941176470589,0.8567575322812051,0.01294117647058822,0.0,0.0,0.0,0.0,0.0,0.0,0.0,Slaven Pastar,2802.0
16.95314167390571,158.4033250104715,-76.45970695071462,-15.684113167017347,-13.982304938559542,3.983783783783784,-4.188297931290755,-44.85554850212934,-10.900010479634796,9.166784284133378,0.19180000000000003,0.3826,21.6,0.09720000000000001,0.0184,0.15299093340461006,-0.26342519447627083,1.9981282524760786,0.6114744478822149,0.6554505494505494,0.6705143529609549,0.6344257619403251,0.3699271925485518,0.3081566006808725,0.5634126844029756,0.8233527508090616,0.9070596393897364,0.5409262776058893,0.7800917529072868,0.5301867064973861,0.5353438729555233,0.7419029126213592,0.700891438658429,0.0,0.0,0.0,0.0,0.0,0.0,0.0,0.0,Slaven Pastar,2802.0
18.14830659536542,175.47141244376542,-73.75277606670375,-12.57253204312028,-12.414044210324821,4.0,-4.715189712248536,-47.51432391138273,-9.921874204227144,9.38518801459978,0.252,0.2882,24.4,0.10800000000000001,0.0066,0.2641583906289789,-0.2683846872082166,2.487541804600628,0.7847378560438566,0.6957658740933246,0.7121320591488082,0.7713251360821276,0.5510600675687541,0.4692476371488047,0.5081905163295659,1.0,0.874769976964408,0.5845020659087712,0.5787044375500411,0.7069004305496296,0.6606415577363174,0.776059889065591,0.8618905395446259,0.00387365372431892,0.0,0.0,0.0,0.0,0.0,0.0,0.0,Slaven Pastar,2802.0
19.22527558066541,166.8885122410546,-51.628317904828805,-14.843553044569996,-11.222054879091205,4.0,-4.606704331450094,-28.638587570621475,-10.027813559322034,13.710395480225989,0.24899999999999997,0.5404,19.0,0.09040000000000001,0.0188,0.09436032642812302,-0.1523816698053986,2.7584764595103577,0.6571513453866394,1.0,0.8996212121212122,0.3919237897179073,0.5463291882409529,0.48215240641711227,0.6082933678521913,0.9636363636363636,0.8787878787878789,0.7462467815408992,0.6731513312395665,0.6784257137198313,0.6290807231983703,0.7461279461279461,0.8350790821379057,0.0,0.0,0.0,0.0,0.0,0.0,0.0,0.0,Slaven Pastar,2802.0
19.76405092021855,180.64150140807106,-74.02519379384424,-13.79600817586871,-16.021674183762293,4.0,-13.05226004184998,-36.583172564647995,-10.594017610963325,12.02193878324805,0.2182,0.6026,21.4,0.0862,0.0058000000000000005,0.16166058358577792,-0.32349934807110076,2.8286000189793854,0.7480519480519481,0.771937893562078,0.9394241902675639,0.5712651581008579,0.7553246753246754,0.30517002495374396,0.6278899544861568,0.7953872633390706,0.6985194697284436,0.8346809444781048,0.9267532467532469,0.7424804637268285,0.7462087310280081,0.7591978609625668,0.82987012987013,0.0,0.0,0.0,0.0,0.0,0.0,0.0,0.0,Slaven Pastar,2802.0
20.997407407407408,192.2686111111111,-61.50322353972452,-12.892592592592592,-13.29276057676157,4.0,-5.9944444444444445,-32.63055555555555,-10.072500000000002,9.37962962962963,0.22760000000000002,0.48180000000000006,15.0,0.0196,0.008400000000000001,0.16805555555555557,-0.08944444444444444,2.4154629629629634,0.7972222222222223,0.8597222222222222,0.9569444444444445,0.5615063233965674,0.7291666666666667,0.6699977416440831,0.8578703703703703,0.8902439024390244,0.9101851851851851,0.7462962962962962,0.8763888888888889,0.9185185185185185,0.5678213421919165,0.9888888888888889,0.9111111111111111,0.015277777777777779,0.0,0.0,0.0,0.0,0.0,0.0,0.0,Slaven Pastar,2802.0
18.69328280956764,161.03487502540133,-85.81252525013258,-14.328398101772715,-16.327662058767828,4.0,-6.131155790908113,-52.60957959286132,-10.124563395770826,9.708833689948241,0.23120000000000002,0.3058,14.4,0.057999999999999996,0.0054,-0.029311354698351576,-0.8612261974491077,2.2210084033613446,0.5510833605753515,0.89,0.7185681595292579,0.6204345646725509,0.4403770295303476,0.4654732483382368,0.6531615996513023,0.804190476190476,0.8618245614035087,0.7948471177944862,0.6011633431404599,0.37406385529039987,0.6782499727579819,0.924,0.9423602484472049,0.0,0.0,0.0,0.0,0.0,0.0,0.0,0.0,Slaven Pastar,2802.0
19.276072154231223,180.18392735766457,-74.07846942841927,-13.6358143882205,-14.474930506201868,4.0,-9.29499286185499,-43.678879882709474,-9.822151207102916,12.828299417670461,0.19380000000000003,0.5468,18.4,0.04959999999999999,0.0062,0.10837247262068905,-0.03682864450127876,2.08694802539112,0.7370415624022522,0.8319791225842856,0.7664624310781554,0.47619595002783977,0.4943641856750308,0.5339763802768527,0.5718284580188202,0.970246768507638,0.7347497844677184,0.8772257194244604,0.6152978075133035,0.6639054532277958,0.2736917417403604,0.7636813924819223,0.8091848362742031,0.0,0.0,0.0,0.0,0.0,0.0,0.0,0.0,Slaven Pastar,2802.0
16.401604278074867,161.125632798574,-62.468424824475235,-15.369696969696971,-13.790029102550111,4.0,-3.370588235294117,-33.87219251336899,-9.72812834224599,9.662210338680927,0.2566,0.2682,11.2,0.084,0.0118,0.09953654188948309,-0.46231729055258464,1.9278431372549019,0.7002851129223304,0.9267321435648143,0.7317620198764437,0.8439869281045752,0.5225373655712753,0.3693571972882682,0.7084098471405111,0.9578261845946553,0.9039598772363201,0.48708798797608716,0.570358467703681,0.8819672131147541,0.7501160266487013,0.7954946727549468,0.7196001373825973,0.0,0.0,0.0,0.0,0.0,0.0,0.0,0.0,Slaven Pastar,2802.0
18.289193652599103,153.02867117561723,-52.371070585101904,-13.344128458583118,-12.600687558835572,3.9806451612903224,-9.33942681535663,-23.836828860823775,-9.873722164938805,12.643078112145664,0.20279999999999995,0.5626,21.0,0.0376,0.0106,0.0053982883475971,-0.4597852754668598,2.934712109121436,0.518528246986139,0.76293387210279,0.6637692317588092,0.7364873315237241,0.6016159988112952,0.667167590581605,0.8359266901322975,0.8810730743910467,0.926530612244898,0.7773325752588425,0.9959183673469388,0.7958247360116519,0.7576932252407598,0.7429231154736129,0.7590241534166767,0.00373831775700934,0.0,0.0,0.0,0.0,0.0,0.0,0.0,Slaven Pastar,2802.0
21.564454655848095,183.05102417618812,-61.63408167578727,-14.374741955069823,-12.909729961927365,4.0,-3.6361814870011586,-36.076965005243686,-10.054878291107801,11.418415024562567,0.2162,0.5444,22.0,0.0688,0.0066,0.3120607716509356,-0.35623006016448633,1.225721973836728,0.7200642791551882,0.8397733554449973,0.7012928659637123,0.6526454539783272,0.5488218390804598,0.3648417718727221,0.4494401842943227,0.8587707535121328,0.9025000000000001,0.79788638738482,0.9011494252873563,0.440531156871984,0.4111487226796262,0.7465411692684419,0.975206611570248,0.0,0.0,0.0,0.0,0.0,0.0,0.0,0.0,Tamas Banusz,3101.0
20.268137254901962,193.05497198879553,-62.00039756855123,-17.057422969187673,-11.757050229615654,4.0,-3.635294117647058,-34.931582633053225,-11.055882352941177,12.436834733893559,0.178,0.37839999999999996,22.6,0.0346,0.002,0.2290756302521008,-0.5574789915966387,1.880266106442577,0.8063380221103799,0.8481707317073169,0.8542857142857143,0.663076956166387,0.5763879210220673,0.349912246741515,0.5321525358110725,0.8295238095238094,0.7654024175162387,0.8346341463414634,0.49688088785649753,0.5390476190476191,0.9208943089430894,0.8904761904761905,0.7384088269454123,0.0,0.0,0.0,0.0,0.0,0.0,0.0,0.0,Tamas Banusz,3101.0
21.38564346913796,201.75266376830024,-62.067403275632444,-14.751643379060758,-11.993354278933506,4.0,-9.260816019965347,-33.132294928653565,-10.82014799154334,13.89085332252407,0.176,0.5618000000000001,21.4,0.0754,0.010600000000000002,0.08856973300057755,-0.14074276600592386,1.909612826993488,0.8530664745832477,0.9055481727574751,0.7208725803230844,0.856019656019656,0.5548477229872578,0.45772439684561517,0.5301521993577972,0.8614695214695216,0.7279223988958503,0.9383720930232557,0.72138068300859,0.562965074562111,0.4502849360988896,0.6764018794374834,0.8895977372721559,0.03868079851821362,0.01162790697674418,0.0,0.0,0.0,0.0,0.0,0.0,Tamas Banusz,3101.0
17.187590093510305,176.20589510517,-75.73416348542578,-17.97599963354913,-13.523809493953854,4.0,-4.936546244551741,-44.80798265689661,-10.911445794526822,12.421620338052374,0.1988,0.39980000000000004,23.6,0.0588,0.0024000000000000002,0.07939442982398988,-0.40414268886649546,2.1189768815774226,0.6662314049586777,0.8213333333333332,0.8042126929674099,0.7677359530121108,0.5011498518634026,0.4101492801081137,0.4661811944487759,0.8827272727272728,0.8133333333333332,0.9455169187587714,0.6201814023597899,0.5408321638338791,0.46388356983211176,0.6683694578720307,0.8444097926087635,0.02787878787878788,0.05696969696969696,0.0,0.0,0.0,0.0,0.0,0.0,Tamas Banusz,3101.0
16.976860254295776,155.77135464551822,-48.2201264913088,-16.03186768197822,-9.517957374091784,4.0,-6.837582903463522,-22.87650980804997,-11.008214197985751,14.052005474260449,0.23020000000000002,0.426,20.2,0.0928,0.0178,0.11522078347428384,-0.8789121661929326,2.002936215508065,0.5327535062170288,1.0,1.0,0.30262542255909974,0.5452593840287282,0.1259829689674936,0.5098432583546806,0.9389830508474576,0.9186440677966102,0.8481436642453591,0.8549706986700354,0.4550904773601899,0.6052880420161186,0.8618415973611258,0.8526529108327192,0.0,0.0,0.0,0.0,0.0,0.0,0.0,0.0,Tamas Banusz,3101.0
20.6421992481203,194.8795284582424,-54.14010979269089,-16.057826016654538,-10.588755600759452,4.0,-6.155393524132913,-27.17062313040666,-10.647592772253214,12.480081251515886,0.20620000000000002,0.479,25.2,0.048,0.0162,0.04460445468509984,-0.66917091114884,2.300111165009297,0.7736874039938556,0.9317388316151203,0.7626251840942563,0.620913352970054,0.8012035330261137,0.4676366969135509,0.396518306491203,0.9335698924731183,0.939458525345622,0.917741935483871,0.712,0.5046664212076584,0.9386666666666666,0.7233795667252602,0.6845230414746544,0.0,0.0,0.0,0.0,0.0,0.0,0.0,0.0,Tamas Banusz,3101.0
18.23630233611328,180.27371071275067,-50.87838139994088,-16.80365852421246,-11.567342047205107,4.0,-4.173596814776692,-27.242907634611516,-11.426200131157337,16.33532375202224,0.2004,0.43359999999999993,27.2,0.098,0.0214,0.029656961761455998,-0.06692985757161538,2.3512869929182414,0.5781037608623815,0.925,0.6697366849306505,0.4235415834871742,0.31936889641878335,0.5442068786896372,0.4289342578573782,1.0,0.7594444444444445,0.7497477650063857,0.4954172918397056,0.5197885451022816,0.785945202338645,0.8154438616938616,0.7348089873089874,0.0841634738186462,0.03614303959131544,0.055172413793103434,0.0057471264367816004,0.00689655172413792,0.0,0.0,0.0,Tamas Banusz,3101.0
20.598338896367068,187.49080144164654,-63.57630704303273,-18.224013336689392,-12.110727411396761,4.0,-4.922824124232575,-33.91569195019899,-10.461474659925363,12.058424439410354,0.21339999999999998,0.5586,20.0,0.0984,0.0038,0.020606170042789772,-0.5743911487573459,1.9482697323542397,0.7990524776741104,0.8618181818181817,0.6514036025508745,0.5619678161808614,0.6549679575277825,0.4508411997622992,0.5574888038965709,0.9359223300970875,1.0,0.8740467163084421,0.5720052708128737,0.6507925043136311,0.6214598130091088,0.8185149733351565,0.8691165172855314,0.0436619718309859,0.0,0.0,0.0,0.0,0.0,0.0,0.0,Tamas Banusz,3101.0
20.832009817303934,196.05655628890923,-49.81621437442633,-15.949650184944304,-10.036206291477066,4.0,-6.25364937129643,-24.58809611750788,-9.903856530327118,12.915244121126474,0.2184,0.45119999999999993,18.2,0.0444,0.0108,0.20160909572674277,-0.23392483392483393,2.048528207351737,0.7788226259721587,0.7304163126593033,0.757377828625767,0.6615560497776001,0.8949235344095158,0.3633000487618409,0.5800167642855932,0.9160646627936349,0.8351604278074867,0.9233644859813083,0.7961517317207257,0.5350370025796083,0.6025025562821055,0.8878252083859561,0.8383465132997843,0.00747663551401868,0.0,0.0,0.0,0.0,0.0,0.0,0.0,Tamas Banusz,3101.0
19.28949658425504,197.5109927347647,-46.132367856417495,-15.820998698763825,-10.287036041193028,4.0,1.377948113207547,-24.006662058121883,-9.216753415744957,7.821134244198656,0.2012,0.5112,10.8,0.035,0.0,0.14056603773584905,-0.29060127954890475,1.7503253090435915,0.884375,1.0,0.9358490566037736,0.8220658778381835,0.7093152501374369,0.6349403116699189,0.9026533018867925,1.0,1.0,0.9471698113207548,0.7135273425007995,0.789807055399438,0.4546390219074382,0.7834985609210106,0.854918958249699,0.0,0.0,0.0,0.0,0.0,0.0,0.0,0.0,Tamas Banusz,3101.0
22.209667789357024,199.5782330999867,-62.150498562480514,-16.825572996494195,-11.165920980733132,3.9523156089193825,-2.418392342643175,-36.18875652033255,-10.46843862759512,10.964267296398262,0.21199999999999997,0.41200000000000003,16.6,0.0384,0.0086,0.04215566157852506,-0.2888655061796016,1.791454420533222,0.8467654986522911,0.8269501548859477,0.6907115428910096,0.5918745836513495,0.7600599637043631,0.7687197813748161,0.43371789017060164,0.9689320388349515,0.8942048517520217,0.9448682385575589,0.405552947691462,0.6953954417710435,0.5768880815164147,0.8754716981132076,0.9622641509433961,0.0,0.0,0.0,0.0,0.0,0.0,0.0,0.0,Tamas Banusz,3101.0
21.920780171604484,192.68285319235002,-56.98171287433716,-15.86230371902128,-10.874800704968989,4.0,-4.988998593695067,-32.301185845213205,-10.243297337723625,13.288873326285009,0.2076,0.35440000000000005,15.2,0.0512,0.0036,0.027328814507623162,-0.6858283274674288,2.114969796787257,0.8065046345672788,0.8848920863309353,0.7643718179095538,0.44505326629951397,0.6491223189536391,0.6466120095837077,0.5905296747092627,0.932917062576354,0.8019103046403847,0.8192785394326048,0.6930908103705715,0.40110756386274476,0.7046903460837888,0.7602555960622338,0.717929941760877,0.0,0.0,0.0,0.0,0.0,0.0,0.0,0.0,Tamas Banusz,3101.0
18.12984693877551,152.5328293135436,-53.22349285526285,-15.830333951762523,-10.817055007396435,3.970909090909091,-4.510760667903525,-29.608035714285716,-10.08667555658627,13.658458951762523,0.21879999999999997,0.3234,20.8,0.056999999999999995,0.0068000000000000005,0.1512186920222634,-0.7745454545454545,1.720285250463822,0.4799824430729943,0.972972972972973,0.9599489795918368,0.524855711810155,0.4910620909355442,0.3395109937995202,0.8071202911894699,0.925019507696673,0.8509813384813384,0.9039370078740158,0.8759762172585569,0.3216097324224433,0.6738285392897316,0.5606583865723349,0.7029182464643657,0.0,0.0,0.0,0.0,0.0,0.0,0.0,0.0,Tamas Banusz,3101.0
16.24238968661566,154.73810135205952,-57.438635693436446,-13.114914579184571,-12.214935347560749,3.978103448275862,-6.197020752541663,-31.7311183314118,-10.695363169479089,12.536613038465571,0.19579999999999997,0.38480000000000003,11.6,0.0058000000000000005,0.0,0.038041609894141105,-0.23585997274918774,1.0534818153233414,0.6350880601211626,0.7977586206896552,0.765031568722681,0.5983257713248639,0.7895961887477314,0.5415369622453413,0.5095719051148999,0.8479491833030852,0.9319827586206897,0.8070054446460979,0.4287079190204749,0.36978841287288156,0.8966243194192378,0.6788577106924669,0.9337068965517241,0.0025,0.0,0.0,0.0,0.0,0.0,0.0,0.0,Tamas Banusz,3101.0
18.98099672257567,179.66221129747447,-78.34380555282328,-13.047966069018702,-12.55185452139856,4.0,-8.067678812415654,-50.94094852515905,-9.86286871023713,12.127511085405821,0.259,0.4196,17.4,0.046799999999999994,0.0034000000000000002,0.03200308463466362,-0.27347985347985343,1.2884017736649316,0.7326424383228233,0.9511450381679388,0.8270101781170484,0.6210537670096249,0.6975931066389082,0.43837202569529155,0.4350483905960175,0.8134941444217911,0.6957246376811594,0.6544457351476934,0.6383148276659727,0.5553202285047621,0.29600413360287237,0.9144202898550724,0.7882774643212744,0.0,0.0,0.0,0.0,0.0,0.0,0.0,0.0,Tamas Banusz,3101.0
21.260253411306046,205.44992379939748,-52.18242851235834,-15.69959241538189,-10.128223302363654,4.0,-6.203429027113238,-28.391981215665425,-10.221616161616163,14.462413609782029,0.20600000000000002,0.47759999999999997,17.6,0.0656,0.007000000000000001,0.06592769803296118,-0.45598086124401915,1.8470955165692007,0.8243067846607669,1.0,0.7125909537856441,0.6554713804713804,0.7290740740740741,0.5914011799410029,0.5843994517445845,1.0,0.8235103244837758,0.975,0.8112121212121212,0.47434447722058337,0.5275925925925926,0.6860029498525073,0.8516666666666666,0.021238938053097338,0.0,0.0,0.0,0.0,0.0,0.0,0.0,Tamas Banusz,3101.0
18.63944055944056,184.5959342411974,-66.30752441863345,-16.24664458348669,-12.505903758591728,4.0,-3.9746963562753033,-38.95589498221077,-10.26288921604711,11.638504477978163,0.2266,0.5564,18.6,0.0534,0.0,0.39321064900012265,-0.1521948227211385,1.959092135934241,0.7355929165250177,0.8829632199861208,0.6599288384041296,0.5485140679596283,0.48498545113651587,0.5163283294982772,0.5675771623581989,0.9204098031337887,0.8854864433811802,0.8791881247184582,0.7039208882720333,0.49469688541002316,0.5350076701121298,0.6601275917065391,0.6633076820059544,0.0,0.0,0.0,0.0,0.0,0.0,0.0,0.0,Tamas Banusz,3101.0
19.388903788628475,179.90658364125073,-58.341613642059045,-15.97148356106646,-11.591018140492102,3.9969639224562337,-5.156807615519056,-31.458707197912,-10.446132850147553,12.285571800621884,0.2145446428571428,0.4496763392857143,19.176339285714285,0.055921875,0.0059866071428571,0.1065722765207818,-0.304177350964608,1.9364468529526189,0.6948960797723777,0.8965437753211896,0.8030649869371448,0.6632805163952442,0.6199545934870138,0.5391933863202637,0.5463980996919534,0.9104813429552244,0.893627979678037,0.8608295662299003,0.6831450164636989,0.5250644680902907,0.5938199734281522,0.7787856498062211,0.8312508012161413,0.0577312200443525,0.080234285895582,0.2758620689655172,0.028735632183908,0.0344827586206896,,,,Tamas Banusz,3101.0
19.900681804846563,165.03756380918855,-60.15472233055831,-16.611418177550902,-10.96219049930794,4.0,-2.7606612685560052,-35.997993311036794,-10.385379334624186,12.562920260517513,0.20479999999999995,0.43979999999999997,19.0,0.05920000000000001,0.0,0.0014146570439476647,-0.32154784955700283,2.074566097518043,0.5780095068893804,0.9191450381679388,0.8973435114503816,0.4958829563512655,0.5911635515841007,0.688427213070845,0.5416994317072821,0.915571236128039,0.9000730727073438,0.9546631264520411,0.8385656552697416,0.3871039222194022,0.3230677593027883,0.8705882352941178,0.839822952081596,0.0,0.0,0.0,0.0,0.0,0.0,0.0,0.0,Tamas Banusz,3101.0
17.129314019314016,178.68940559440557,-60.08120427644917,-14.906660006660008,-13.253222258467156,4.0,-3.5979270729270736,-32.7297952047952,-9.840894105894105,10.247294372294371,0.21600000000000003,0.4694,20.8,0.05600000000000001,0.0,0.30842490842490844,-0.24086580086580084,1.5918631368631369,0.6990503323836658,0.9989010989010989,0.5559671631644366,0.6636866007555662,0.5031605659579463,0.49496945157864697,0.7093366510033177,0.8586964759378553,0.9568181818181818,0.8193633952254642,0.6589166580545891,0.6536387303628682,0.40779092673639583,0.5887850664982447,0.7806132139465473,0.0,0.0,0.0,0.0,0.0,0.0,0.0,0.0,Tamas Banusz,3101.0
15.068501544122478,160.27161231731012,-70.21066483282368,-17.030504163029295,-12.889022853343135,3.9850000000000003,-3.3150206978119456,-41.93996883594755,-11.217063163526793,12.195914880835046,0.1874,0.5252,20.8,0.0304,0.0021999999999999997,0.07824298574150731,-0.3141097124834558,1.653937512320126,0.6218854555735491,0.741247927795174,0.7412827683300701,0.5703474009732181,0.4724569948724655,0.39945619477706956,0.5658223961318465,0.8880019540791402,0.8679543234000977,0.8573603246137355,0.4707589721132576,0.47911532721209066,0.5939398159011267,0.6305737451104668,0.7674150667964257,0.0025,0.0,0.0,0.0,0.0,0.0,0.0,0.0,Tamas Banusz,3101.0
20.96946795140343,187.3299880525687,-52.98088911966075,-14.15210166177908,-10.182163615773959,3.9904761904761905,-4.179676953870502,-29.79051808406647,-10.005167807103291,11.33826281245636,0.2284,0.4396,15.0,0.0462,0.012,0.02996446802898418,-0.48926686217008797,1.5002200189296964,0.6983829074151654,0.919047619047619,0.8019354838709678,0.8293939393939395,0.7121082751697481,0.5823972882463447,0.5317832704929479,0.9214285714285714,1.0,0.9509090909090908,0.5697586244147412,0.5444436715647915,0.3232956291020807,0.744978354978355,0.6398058930316994,0.0,0.0,0.0,0.0,0.0,0.0,0.0,0.0,Tomas Laurusas,2819.0
20.29524848003468,189.9606638436374,-59.72316012882747,-15.431755541805527,-11.388802819513057,3.976993823951871,-3.905495648576988,-34.32846805054426,-10.383957115572809,11.738325223233296,0.2137736842105263,0.4605210526315789,18.205263157894738,0.0495105263157894,0.0052947368421052,0.1169583073540229,-0.2629405872787573,1.6741775014530973,0.7641970599919263,0.9004019309031438,0.8116960622834054,0.6872598555388637,0.5778238572961073,0.6026868702561233,0.6078070170021141,0.8831178778749663,0.9020324370037628,0.8702702576200869,0.6525738013603043,0.5298994498881048,0.5272204254736869,0.7682585534252386,0.8578361811156182,0.0536662656656288,0.0245901639344262,,,,,,,Tomas Laurusas,2819.0
23.113736263736268,203.18593406593408,-64.69755249266984,-16.06336996336996,-11.659438939556285,4.0,-3.6048534798534804,-38.73342490842491,-10.267967032967032,11.631501831501833,0.18860000000000002,0.335,14.2,0.0158,0.0,0.014743589743589757,-0.30860805860805857,1.8887179487179488,0.8771428571428572,1.0,0.8028571428571428,0.7717532467532469,0.5513852813852814,0.34309523809523806,0.6651515151515152,0.9347619047619048,0.885,0.8638095238095239,0.5229653679653679,0.6481385281385281,0.6238311688311688,0.7530952380952382,0.880952380952381,0.0,0.0,0.0,0.0,0.0,0.0,0.0,0.0,Tomas Laurusas,2819.0
22.739885393802446,213.64481449550573,-56.89610474791162,-13.281096285704582,-10.460443112249987,4.0,-5.786352394647325,-34.641666114016346,-9.824346807756946,13.09779996646356,0.2324,0.4368,17.2,0.0524,0.004,0.06885791171505455,-0.5776550265029528,1.274561802211572,0.9398373983739837,0.9040650406504065,0.8617619493908153,0.6944940072081133,0.4879801832423987,0.8536141906873613,0.4789474340546863,0.959349593495935,0.8427625513368536,0.78470066518847,0.6401152993348116,0.5808070648654002,0.3567545030511788,0.7306420108394353,0.971867959643452,0.01237113402061854,0.0,0.0,0.0,0.0,0.0,0.0,0.0,Tomas Laurusas,2819.0
20.375337264830705,190.95966791025984,-60.79615165878681,-16.53055124893257,-11.270879055801966,4.0,-4.8549025947239794,-33.110266126085776,-10.565017137799913,11.535464504557403,0.19119999999999998,0.5002,25.8,0.072,0.0064,0.18848170021546803,-0.09221052439846265,1.5709477862291161,0.7168491455447208,0.9736263736263737,0.6988933478844983,0.7127502815768303,0.7238161616161617,0.5784006734006735,0.6405479017868398,0.7207728641728641,0.9776,0.9392592592592592,0.8115416065416066,0.4676038914215906,0.601919007180954,0.4497002157462334,0.7059511757989634,0.0304,0.0,0.0,0.0,0.0,0.0,0.0,0.0,Tomas Laurusas,2819.0
18.154260309244435,204.7921444263311,-59.49674532068393,-17.266230329870485,-10.247001726518308,3.957746478873239,1.2717464172408675,-37.08205092003535,-10.790582329156484,10.659627088782583,0.1864,0.37140000000000006,27.6,0.063,0.009600000000000001,0.041376530751656204,-0.1580341336978345,1.7809030015408958,0.8110884353741497,0.8965034965034965,0.6937090490838722,0.3879233081863916,0.5252324055011467,0.6776478128189585,0.36188645583553647,0.8517482517482516,0.8726164924184726,0.8928428714143,0.5573870966374502,0.16719246712740343,0.511053680878292,0.730507328597852,0.7788854003139718,0.00402101434633258,0.0,0.0,0.0,0.0,0.0,0.0,0.0,Tomas Laurusas,2819.0
18.347069457048832,166.28588748636437,-59.901630723428525,-16.663593029544682,-10.333422608953196,4.0,-6.301138519924099,-32.84225471862424,-10.660472458268021,12.899250611885709,0.2076,0.28579999999999994,20.6,0.022600000000000002,0.0064,0.36659878631209375,-0.21211121194620905,1.352544757033248,0.5689221254218664,1.0,0.8323532035685319,0.6715255108180938,0.6719222222222222,0.45552252570441876,0.577211299479371,0.8728408759124087,0.9027864060905738,0.9824817518248175,0.4937676922271931,0.39503422285011636,0.711911111111111,0.7002064934725165,0.8083784946236559,0.0304,0.0,0.0,0.0,0.0,0.0,0.0,0.0,Tomas Laurusas,2819.0
19.47155061873962,171.56842897390692,-54.562709267710055,-16.656319004725816,-12.606005622163105,4.0,-0.260704223755293,-32.24074120263557,-10.629484487577026,13.830545273146758,0.203,0.4635999999999999,18.8,0.039400000000000004,0.0026,0.12446246464142578,-0.40653515261110196,1.4906508623051618,0.6159315938160319,1.0,0.8719424460431654,0.6205135617286677,0.3519720577095034,0.5099149326913197,0.691330089892505,0.9931818181818182,0.9085258230373725,0.9171974522292994,0.565167354608789,0.4948040461467058,0.42920903458532217,0.7968577877980072,0.8148034263123215,0.0,0.0,0.0,0.0,0.0,0.0,0.0,0.0,Tomas Laurusas,2819.0
21.378278594065108,187.90974166906753,-65.29412667610927,-16.997285444476454,-12.034506009634665,4.0,-3.8440683120458403,-39.02471109830661,-11.07794631710362,13.684390505457921,0.183,0.6062,27.4,0.045,0.009,0.33895867345305547,-0.10440891193700179,1.6662724479016613,0.7469058030089676,0.6203545569116794,0.7649596086859853,0.6656988247634031,0.4035896096001319,0.62416573893828,0.51573209147004,0.6698998607741805,0.8868249929318631,0.9220338983050848,0.8238403451995685,0.5282048318839523,0.45793414888675504,0.8391750315396852,0.8479579074481391,0.01437112610388896,0.0,0.0,0.0,0.0,0.0,0.0,0.0,Tomas Laurusas,2819.0
20.920013610989553,207.23515482364132,-65.79496795537598,-16.6318320137591,-11.249024384813456,4.0,-5.6069384060170195,-37.54503226500136,-10.643944750725431,11.881803864940395,0.19460000000000002,0.31240000000000007,18.6,0.07339999999999999,0.008199999999999999,-0.07558239793508097,-0.21672888952605093,1.7793194273993955,0.8876404494382022,0.8393258426966291,0.8241886447267058,0.7439848038593808,0.5429309111590077,0.4336345087358747,0.6990374934557609,0.8923672994963192,0.9219940591502003,0.7123524645154802,0.7335750810664713,0.43983434168984986,0.5471622860804526,0.725303915827929,0.7349507805508602,0.0,0.0,0.0,0.0,0.0,0.0,0.0,0.0,Tomas Laurusas,2819.0
23.131305302262746,220.15298660362487,-56.71188406136029,-14.737825059101656,-10.719133301481875,3.9904761904761905,-5.576840594393786,-30.49982269503546,-10.424657210401893,11.255918608578183,0.2032,0.4232,13.6,0.057199999999999994,0.0092,-0.01909940335472246,-0.0869739952718676,1.8708398063717215,0.8823809523809525,0.8158218125960062,0.8467652329749104,0.7536111111111111,0.7022312794056554,0.4391217913418156,0.69823732718894,0.9214285714285715,1.0,0.9324999999999999,0.8652131698692868,0.41554582210242585,0.323337173579109,0.7442549923195084,0.8182027649769585,0.0,0.0,0.0,0.0,0.0,0.0,0.0,0.0,Tomas Laurusas,2819.0
21.3434724111867,190.4875359032502,-46.62848276541153,-10.906424792139077,-10.838736733665499,4.0,-5.777664399092972,-25.325260770975056,-9.794349206349207,12.013953136810281,0.2404,0.5882000000000001,9.6,0.0366,0.0,0.031286470143613014,-0.10330158730158727,2.2649780801209376,0.7993469387755102,0.8918367346938776,0.8877551020408163,0.8945454545454545,0.5606159554730983,0.6182931354359925,0.5787680890538033,0.9204081632653061,0.8690909090909091,0.9672727272727272,0.8995918367346938,0.6222857142857142,0.6475027829313544,0.9816326530612244,1.0,0.0,0.0,0.0,0.0,0.0,0.0,0.0,0.0,Tomas Laurusas,2819.0
18.97730449750472,150.48598613844442,-54.365203621872055,-15.356282130920619,-10.556106289838135,4.0,-2.8085801851096623,-32.710842661231986,-10.907645502439717,13.974253147668055,0.19519999999999998,0.4192,30.2,0.06760000000000001,0.0072,0.021261097078672186,-0.5043489843489843,1.8138187581791585,0.5456056199720513,0.8784615384615385,0.6217820232757848,0.5096858746544475,0.4751290089221123,0.7161654363434119,0.3191958768277837,1.0,0.913103448275862,0.9453918495297806,0.6940560218424512,0.314135879532505,0.46410135638113176,0.6713789326585338,0.6208824494989846,0.0,0.0,0.0,0.0,0.0,0.0,0.0,0.0,Tomas Laurusas,2819.0
22.79699844359287,214.66164043386954,-50.720110139656946,-13.451996025989834,-11.505264373108394,4.0,-4.908730794489308,-27.372528933055253,-9.981371105674512,12.499781092660347,0.21280000000000002,0.43339999999999995,16.2,0.0608,0.0,0.13569770099181863,-0.06435760318113258,1.3660285637994618,0.8505813953488373,1.0,0.8117786778677868,0.9702970297029703,0.6395677335175378,0.5404918794205001,0.676986498649865,1.0,0.9234323432343234,0.795137420718816,0.4731128345392679,0.5348118532783511,0.4027606365287692,0.6608273850640878,0.8853333333333333,0.00198019801980198,0.0,0.0,0.0,0.0,0.0,0.0,0.0,Tomas Laurusas,2819.0
19.842376832207343,177.49729472676972,-55.21189728865606,-16.028847960637957,-10.263812247061303,4.0,-2.520880008788235,-31.618198633390858,-11.251562224464251,12.471403785686547,0.21339999999999998,0.5322000000000001,26.8,0.08499999999999999,0.013600000000000001,0.20116540480327175,-0.12163110418587886,1.9325521729200936,0.7088436285075352,1.0,0.6482170906269967,0.6087238206192319,0.41141886154398344,0.8217870659865065,0.43505909850092433,0.9941747572815534,0.9300124018189335,0.8951219512195122,0.7325124319204357,0.24896196598306108,0.5617237272133582,0.6512323555027553,0.7658536585365854,0.00194174757281552,0.0,0.0,0.0,0.0,0.0,0.0,0.0,Tomas Laurusas,2819.0
20.6833603988604,198.27951994301992,-69.91641270115834,-14.87965811965812,-12.821372815118451,4.0,-5.341887464387464,-41.45791310541311,-9.930730769230768,10.515149572649573,0.21760000000000002,0.46460000000000007,13.0,0.0432,0.004200000000000001,0.08470940170940174,-0.3137692307692307,2.261249287749288,0.8613516113516113,0.9789473684210528,0.8198893698893699,0.8322738664843928,0.5305191529030537,0.7616629809818665,0.7711832611832611,1.0,0.8833333333333334,0.905931659213393,0.6685411538352715,0.5886526327702798,0.436216879096136,0.8926315789473683,0.9142857142857143,0.0,0.0,0.0,0.0,0.0,0.0,0.0,0.0,Tomas Laurusas,2819.0
20.933603549102642,220.77156953218483,-69.54204610904856,-14.291684074216942,-11.489283757416741,4.0,-3.6475947367718433,-46.123032419849736,-10.53735714391108,12.54690602311779,0.2064,0.5248,21.0,0.10200000000000001,0.016999999999999998,0.05262819229177516,-0.13001455137704085,1.3761133278950108,0.9002168021680216,1.0,0.8333333333333333,0.7717900442162317,0.32694759663386097,0.6224000000000001,0.507379945799458,0.8091555555555555,0.8949073170731706,0.8951219512195122,0.6636007416916274,0.6224902581657396,0.28826073313364714,0.49474540008557977,0.6634676936243047,0.0,0.0,0.0,0.0,0.0,0.0,0.0,0.0,Tomas Laurusas,2819.0
20.360328864892345,186.54117381201257,-52.14549263362583,-15.291011255250675,-10.822731588173214,3.9967213114754103,-2.804398660956038,-29.02231404107119,-10.141214630566518,11.939456230916392,0.1998,0.47800000000000004,17.0,0.04580000000000001,0.0,-0.046300635366590355,-0.1658789021579719,1.7142263727700253,0.7641961702713872,0.8632180741148918,0.9228268356522937,0.5383226301617905,0.6166131492977633,0.3354982548237977,0.6959658653004844,0.9046976167516186,0.8907563025210085,0.8489692199431833,0.8096504794308693,0.20352956066178507,0.690189564197772,0.8863479818156771,0.890474452962399,0.0067226890756302395,0.0,0.0,0.0,0.0,0.0,0.0,0.0,Tomas Laurusas,2819.0
18.371404473883636,178.12566532880518,-68.16360670976208,-15.921100788683376,-13.030843277352139,4.0,-3.6369144517106853,-40.82363945100901,-10.555348031098264,11.804239290091406,0.2278,0.4683999999999999,16.4,0.048,0.0098,0.042503672102313636,-0.5378496917305191,1.4326228166194206,0.69890175641768,0.9199999999999999,0.755,0.7401251288714393,0.6512457807843857,0.33424341284524595,0.5209374308566479,0.8835365853658537,0.8650318471337579,0.7660333724066829,0.6278870733119607,0.47852855885246753,0.4262516888631538,0.8405607025670718,0.6629434472109631,0.0,0.0,0.0,0.0,0.0,0.0,0.0,0.0,Tomas Laurusas,2819.0
20.57438471392841,186.12684217983147,-61.56793406415223,-17.307644275699875,-11.526989177576215,4.0,-2.533263579062014,-35.84937541051171,-11.757386251575298,13.40672463027288,0.1894,0.49160000000000004,20.4,0.045,0.0,0.04956511589883239,-0.12382463253777201,1.3896491781169094,0.7272666105971404,0.8803036053130929,0.7397466057636933,0.47971168754888105,0.32348319430325095,0.8105376344086022,0.48999256839391664,0.8060981399162748,0.8089486963835156,0.7420331764579567,0.6165644481558521,0.545572777578365,0.3751378358120426,0.530738376396615,0.7002884335589413,0.0,0.0,0.0,0.0,0.0,0.0,0.0,0.0,Tomas Laurusas,2819.0
19.144751144214116,148.65582701953534,-64.46426624362824,-16.997127989779205,-12.550187595688659,4.0,-2.787745261459224,-39.373276604056706,-10.390082246752682,13.63415345410823,0.2012,0.48840000000000006,23.0,0.1078,0.0158,0.3411174749501488,-0.9664226734888125,1.4950006936722595,0.4697731003153371,0.9901639344262294,0.6382680375805959,0.6961039182166767,0.5383495760316563,0.4703794320998392,0.3277924076005723,0.7960137931034482,0.9632,0.9564627994955863,0.6864153846153845,0.5641461338854571,0.3280782778895728,0.6802173384584999,0.8125545055379145,0.00163934426229508,0.0,0.0,0.0,0.0,0.0,0.0,0.0,Tomas Laurusas,2819.0
23.349907699194667,191.33339353384662,-58.5430434650968,-17.740353513192478,-10.449405716394331,4.0,-10.457507944739188,-26.582154974492617,-10.468571542542584,13.154950226264399,0.188,0.27699999999999997,19.8,0.0398,0.0098,0.042245513493868,-0.37279657035470987,2.2892793113229706,0.7223452455906659,0.9340782122905027,0.7587480173435057,0.8508965150305933,0.6601978572519384,0.8278470133218736,0.5418823044258791,0.8414819170832107,0.7553184637571583,0.9485714285714286,0.9511627906976745,0.45905971643012045,0.41233940679644066,0.8230167597765362,0.6864672073844479,0.00223463687150838,0.0,0.0,0.0,0.0,0.0,0.0,0.0,Valery Kazakouski,3028.0
20.394848484848485,190.2287015453682,-72.57480979817754,-15.77850297850298,-12.648025718060111,4.0,-7.660338427005096,-42.29917551584218,-10.477591297591298,12.288824138824138,0.2122,0.4138,20.8,0.09659999999999999,0.0024000000000000002,0.04467150133816801,-0.18722610722610716,1.971623068289735,0.7778114478114478,0.9160493827160494,0.8056054213016239,0.6093153759820427,0.45780732784952205,0.6045690377757887,0.5386075949367088,0.9123456790123458,0.7397599056670787,0.9072727272727272,0.5584925201380898,0.5480281009816875,0.6850168350168351,0.8618221597124551,0.9481818181818182,0.00123456790123456,0.0,0.0,0.0,0.0,0.0,0.0,0.0,Valery Kazakouski,3028.0
21.30767675922828,186.35203733132596,-54.010325550418315,-14.449049291847889,-10.618890287788659,4.0,-6.280619214899074,-27.451140292182448,-10.464526179324189,11.253899715623955,0.2136,0.6488,20.0,0.04479999999999999,0.0,0.17823895951823354,-0.21226441396230616,1.9784139065462252,0.7394419002529442,1.0,0.8067974830269911,0.43236593384565775,0.5725058073936418,0.8055396065922382,0.8459119233752539,0.8410871440897324,0.8487108155960614,0.9957894736842106,0.8166666666666667,0.6379421077436608,0.6216218868850448,0.853927125506073,0.7500082795164762,0.0,0.0,0.0,0.0,0.0,0.0,0.0,0.0,Valery Kazakouski,3028.0
19.69719241039099,194.081364992935,-66.27822157681837,-15.526918649647797,-11.083627241655584,4.0,-5.638596336150168,-38.87354342391468,-10.643554751493864,11.488018826043742,0.23720000000000002,0.4016,19.4,0.0174,0.0028,0.14458491952180594,-0.3410291727724283,1.0598062918482025,0.7647580427142471,0.8522222222222222,0.7333719429309025,0.5985969561624953,0.6108560475165568,0.5259551760676995,0.4735781162658129,0.6510087024514772,0.7909975226920742,0.7414549040661922,0.3723337102909427,0.406726309246,0.5926283624182721,0.8043818466353677,0.9007407407407406,0.0,0.0,0.0,0.0,0.0,0.0,0.0,0.0,Valery Kazakouski,3028.0
20.659354772099324,197.68242824348928,-64.57264510365998,-15.60595095193465,-12.5429931738015,4.0,-1.8087327882645894,-41.297604904887756,-9.630060284727625,12.312696999956142,0.223,0.35,18.8,0.029400000000000003,0.0,0.14086142532742296,-0.226420125527702,2.3078817342412217,0.8833611840534733,0.8813186813186814,0.8084741733457559,0.5329551286637774,0.7071832705635522,0.5126230484971164,0.6391592389935389,0.9380281690140844,1.0,0.856338028169014,0.6736655225470469,0.6759600337065126,0.6884265328144956,0.7749574369292679,1.0,0.00140845070422534,0.0,0.0,0.0,0.0,0.0,0.0,0.0,Valery Kazakouski,3028.0
20.345829890713127,187.0059090391952,-59.164541956608495,-15.304898240751376,-11.560498093035578,3.993803847302485,-5.654469821337946,-32.44666390914895,-10.169190347355103,11.977374607717978,0.2139901356350184,0.4031528976572133,18.91245376078915,0.0574784217016029,0.0065511713933415,0.1183189551156512,-0.261792364881437,1.9212645422261228,0.7416580884286323,0.9011328286898868,0.8138307155591296,0.6810673546887512,0.6050777361600727,0.6094695894829413,0.6205036238203864,0.8932487689560776,0.875531007374172,0.8630192892650289,0.6820473831181723,0.5579500000640657,0.5637777187259707,0.7903731542851171,0.8397724920831399,0.0335129966023685,0.0574419249888792,,,,,,,Valery Kazakouski,3028.0
19.597045280229818,188.53788720424788,-53.49985022955245,-16.89380264844925,-11.439706946200552,4.0,-4.545451100157253,-27.841572146576073,-10.089714311026672,13.310396922857333,0.1992,0.5656,20.0,0.06620000000000001,0.0,0.027059364933271962,-0.23969185917265284,2.31692360381378,0.6537906733873731,0.8744421906693713,0.946987951807229,0.6630950607896778,0.62069486149627,0.6872118483252676,0.4140392861729123,1.0,0.8617002819345044,0.8562708102108768,0.7466645486611763,0.6585252518774659,0.6060351554100134,0.8052053189811771,0.853338374158153,0.00240963855421686,0.0,0.0,0.0,0.0,0.0,0.0,0.0,Valery Kazakouski,3028.0
19.67533442420423,172.81614332065945,-70.48929977608968,-14.617017943376771,-12.643435485273915,4.0,-6.653848238692241,-43.5286862908265,-10.094446446558544,13.04813462863828,0.21139999999999998,0.3764,24.8,0.0612,0.0032,0.1552291811737207,-0.13708792272488188,1.7248944918962033,0.655506165349952,0.9274342489772064,0.7003370403251129,0.5230833550078897,0.7133689850886797,0.582323005735897,0.697962771950426,0.9254237288135594,0.9593220338983052,0.7262925252800636,0.7228784235600924,0.43703512236691944,0.31149201564223583,0.7293258328852368,0.6355255598909861,0.0,0.0,0.0,0.0,0.0,0.0,0.0,0.0,Valery Kazakouski,3028.0
21.37329547951675,176.83823228316982,-69.01225643106373,-15.774468157599117,-11.624732700849416,4.0,-6.5093021867515075,-42.01693085744578,-10.516071165518756,13.429248637100835,0.2378,0.397,21.4,0.0756,0.0116,0.38926593344044413,-0.07620104124479812,1.8018652188247508,0.5784844116862071,1.0,0.7802797989264718,0.5951745043788648,0.5644681369785037,0.5029070376786715,0.706945198046663,0.8899439319949358,0.8658166033640804,0.9362766420182688,0.6191202749140893,0.3189311790800799,0.7262721140384369,0.7188023778454401,0.5949752714947144,0.0,0.0,0.0,0.0,0.0,0.0,0.0,0.0,Valery Kazakouski,3028.0
17.388328431289718,167.95034605876685,-62.809733018133315,-15.479495409241952,-11.538156455302511,4.0,-3.576324272421755,-38.5002957130063,-9.962269704177654,12.24680853601685,0.20800000000000002,0.3418,15.8,0.0444,0.0068000000000000005,0.30562739366011193,-0.0752226296490309,1.5188883576546925,0.5974724335368731,0.7785334887938852,0.8059475999235035,0.5198431205621257,0.7415073998869607,0.5084875513641591,0.4421792916234016,0.9546750818139318,0.6449424626979166,0.8394185437401781,0.7515895278167368,0.42671020188233955,0.16031054043094667,0.9326086956521739,0.783875192213454,0.0,0.0,0.0,0.0,0.0,0.0,0.0,0.0,Valery Kazakouski,3028.0
19.46685591096385,185.99951106580008,-65.86975448340912,-17.039679707743936,-10.879151280486568,4.0,-8.385755702816363,-34.53645660762075,-11.347569771887345,12.31885858714583,0.1874,0.38739999999999997,16.0,0.057600000000000005,0.005,0.21194214349432902,-0.028446115288220542,2.0582509239199696,0.7625334522747547,0.9292028985507248,0.804428280610261,0.766228813559322,0.6462827250513904,0.5286333745053639,0.718271632471008,0.7983770404934545,0.6487155287837908,0.8590193432298696,0.8396052631578946,0.48343299235466547,0.49676015154091785,0.6948855520317336,0.7468634835582049,0.0,0.0,0.0,0.0,0.0,0.0,0.0,0.0,Valery Kazakouski,3028.0
19.78707209691969,187.39566107424818,-63.688608747041144,-15.645356115924182,-12.369428929255175,4.0,-8.37915850192975,-32.601057842187174,-10.479915577112937,11.786308219368081,0.21039999999999998,0.2644,21.0,0.0408,0.0,0.3184406220313062,-0.05888004290456504,2.0678995968905105,0.6912290451051218,0.9595744680851064,0.8934426229508198,0.6630595393307257,0.6145714235041648,0.6310476162757824,0.6555255922911241,0.8520771136190313,0.814709759803255,0.9083333333333332,0.7539330725771404,0.41416009432819656,0.67909604519774,0.7010059774438768,0.9833333333333332,0.01403951240016812,0.00983606557377048,0.0,0.0,0.0,0.0,0.0,0.0,Valery Kazakouski,3028.0
15.756888111888111,156.31130156075807,-76.42391973139294,-15.485438836525793,-12.869894951824687,4.0,-11.84581939799331,-42.042358366271415,-11.052386743691091,12.871978564913348,0.2166,0.4868,21.0,0.061,0.006,-0.07809719266241007,-0.505281747238269,1.3170944816053511,0.6100312031701013,0.7493893129770992,0.6820385589214413,0.5075749089802774,0.5810264548069476,0.6012465427591548,0.5213715377304409,0.6963260467268101,0.6551520934536201,0.6761513994910942,0.6283270411549949,0.5272323718432248,0.6468398744330125,0.7302206851119896,0.6605566534914361,0.0,0.0,0.0,0.0,0.0,0.0,0.0,0.0,Valery Kazakouski,3028.0
20.736107847656587,188.24323554247354,-59.216953259968,-16.76348145046809,-10.820332380343654,4.0,-7.211015533479658,-30.121319521096858,-10.80070160748043,12.499897232900697,0.22800000000000004,0.3364,18.4,0.031799999999999995,0.0,0.09942622407738685,-0.19528399102867183,2.022623197170451,0.6901887953560706,0.9620253164556962,0.8441981047738244,0.6445218356917298,0.675126870028064,0.6407696142970745,0.5823441073422264,0.9549896967912865,0.8057659675672758,0.9339617559924589,0.7008632052524126,0.3541520500138617,0.5400843899400934,0.7765108736734662,0.9402824959771143,0.0,0.0,0.0,0.0,0.0,0.0,0.0,0.0,Valery Kazakouski,3028.0
21.239384458458794,194.91135057088775,-26.235851234881245,-13.94995467365734,-9.61010440106989,4.0,3.05909097914708,-9.657451244407767,-9.342877529202916,9.26544563430959,0.2484,0.42539999999999994,11.4,0.05500000000000001,0.0076,0.00974089024579908,-0.4435275804139759,1.7824064434863878,0.796501247771836,1.0,0.9231999999999999,0.7231636363636363,0.88985772005772,0.7557124183006535,0.7208600458365164,1.0,0.9936,0.9456,0.7808522875816993,0.5553737373737373,0.5425746031746032,0.7738545454545455,0.840690909090909,0.0,0.0,0.0,0.0,0.0,0.0,0.0,0.0,Valery Kazakouski,3028.0
21.45978835978836,202.3484656084656,-42.850739104548346,-14.406349206349205,-9.408172966982207,4.0,-3.6444444444444444,-18.772619047619045,-9.373253968253968,8.75410052910053,0.23840000000000003,0.2514,13.4,0.11580000000000001,0.020200000000000003,0.04052910052910056,-0.18666666666666665,2.1185449735449735,0.7594103668401962,0.8603192074848651,0.9468354430379747,0.8945454545454545,0.8365558492140771,0.8475645030075409,0.8637304402521794,0.9208791208791208,0.9818181818181818,0.9101449275362319,0.6879967583324765,0.6144619541977825,0.5104383217426696,1.0,0.8950340798442064,0.0,0.0,0.0,0.0,0.0,0.0,0.0,0.0,Valery Kazakouski,3028.0
21.402395792974055,197.7075828060275,-67.98384378866018,-17.518002801452454,-11.64796767076013,4.0,-9.21124744315173,-35.2471062171461,-10.93843776363218,12.578918107482416,0.1904,0.38280000000000003,20.0,0.0396,0.0,0.04967589904279837,-0.36506924448100914,1.5114581745937679,0.7113975576662144,0.8897727272727274,0.9367715617715617,0.8238204833141541,0.6663598005370156,0.4942735280802785,0.6798862357547331,0.7856837606837607,0.7411090178701626,0.738885510624641,0.5685432222486905,0.5475875130800831,0.4899445934346417,0.8752136752136751,0.7624857332479787,0.0,0.0,0.0,0.0,0.0,0.0,0.0,0.0,Valery Kazakouski,3028.0
22.67077395853864,211.32543094306843,-56.9876016167121,-15.826315647681117,-10.621343072950138,3.9913043478260866,-2.667955729928908,-30.644771783845734,-10.897739917586106,9.67922018745383,0.21639999999999998,0.5136000000000001,20.2,0.06720000000000001,0.0046,0.15066220168615674,-0.5793957570396466,1.725721810269793,0.8944815815673447,0.8339025932953827,0.8631631346892334,0.729491361604446,0.4677031509821852,0.6539578505748433,0.568839335725549,0.9277481678880747,0.9405063291139241,0.774420167450356,0.9019607843137255,0.42394802487103844,0.42865410011786265,0.8077614923384411,0.8513990672884744,0.0,0.0,0.0,0.0,0.0,0.0,0.0,0.0,Valery Kazakouski,3028.0
21.142000236714402,200.18764356299778,-49.65072343656891,-13.43604076290651,-10.19648922310397,4.0,-4.270495539305741,-27.623860606091796,-9.509005809794832,11.385168504633942,0.2448,0.3922,20.4,0.0538,0.0,0.11759979827815999,-0.09924714527574652,1.8222009568064823,0.8587321027614966,1.0,0.8739721975746819,0.711446014691575,0.5070666044071694,0.5602334503917918,0.6142736335195438,1.0,0.9971830985915492,0.9802816901408452,0.8380239842972761,0.31312478674039335,0.6249380340011081,0.7969993876301287,0.8197489283527251,0.0,0.0,0.0,0.0,0.0,0.0,0.0,0.0,Valery Kazakouski,3028.0
23.046020114942525,187.9088517301664,-65.37295628971353,-16.080317096696405,-10.9405208444117,4.0,-10.081374336870025,-34.47720013463548,-11.035999517723656,13.242455640623742,0.20339999999999997,0.3116,18.6,0.06360000000000002,0.0,0.11433782453179005,-0.04150641025641024,1.1595196829033037,0.6940056818181818,0.9788930084745763,0.8038454486941935,0.8300568181818182,0.5778276523278266,0.270960417438708,0.7382219054143667,1.0,0.7259295886075949,0.8558806818181818,0.5788618383199079,0.2582886097891596,0.6669255585516178,0.7787584660431823,0.7768465909090909,0.0,0.0,0.0,0.0,0.0,0.0,0.0,0.0,Valery Kazakouski,3028.0
19.056380535811922,188.5924580176521,-47.990779426676276,-17.431439215736134,-12.264123355878912,4.0,-1.6457465455952367,-22.53738349841698,-10.226134209097069,12.114047398048061,0.253,0.45499999999999996,21.2,0.0656,0.022,0.20500682071244203,-0.055443255486995205,1.5854856692381327,0.7728797337602,1.0,0.9102592832004597,0.4337273536166665,0.5919985385458532,0.6682586728790242,0.5827505162929254,1.0,0.9021924934968414,0.9228571428571428,0.5242228888558182,0.3875803867611339,0.6205522339059717,0.7336299765807963,0.9510507792860734,0.00470588235294116,0.0,0.0,0.0,0.0,0.0,0.0,0.0,Valery Kazakouski,3028.0
16.78281746031746,144.74392857142857,-63.648937043335856,-15.941269841269843,-12.24357990047871,4.0,-4.704365079365079,-38.496428571428574,-10.1375,13.87420634920635,0.2112,0.5664,24.4,0.083,0.0152,0.19515873015873017,-0.17738095238095236,1.6636507936507932,0.4392749617372722,0.9529411764705882,0.6460130988477866,0.5082679185076093,0.45791046377313815,0.49353944526264115,0.5443620448179272,0.8193882352941178,0.9665931372549019,0.8557799719887955,0.7845142857142857,0.6445743740795287,0.4169398379970545,0.6547218227497185,0.776397619047619,0.0257142857142857,0.0,0.0,0.0,0.0,0.0,0.0,0.0,Varuzhan Akobian,2969.0
18.758841844921054,198.29753280120903,-61.15055770905447,-13.084296244915695,-11.19280109226607,4.0,-12.14088670074541,-32.12046094264416,-10.089749251490735,13.477636523007618,0.199,0.5206,21.2,0.017400000000000002,0.0,0.2908593545367676,-0.3373971536263256,2.100882294300271,0.7905081507663537,0.6976308462363786,0.8727766053662949,0.5462803333464756,0.7968899903612832,0.5740322791258002,0.47170022049895444,0.8748576920233606,0.8585347822872773,0.7933072053059994,0.6735753570365917,0.7975926817525277,0.5538909028602539,0.7864735741393641,0.8836980245117243,0.01869158878504672,0.0,0.0,0.0,0.0,0.0,0.0,0.0,Varuzhan Akobian,2969.0
20.794953853644984,193.65433324016493,-60.11400439501106,-16.675896857753074,-11.06242844311235,4.0,-4.408810049256836,-33.26625279340152,-10.708602770593464,12.00798651910618,0.20620000000000002,0.49139999999999995,18.6,0.027800000000000002,0.0,0.0917625663014698,-0.4540877620620961,1.9354751261803613,0.7474477242895082,0.9103448275862069,0.6725206115157263,0.647035604149145,0.7181847985619816,0.372216883102757,0.5903874965658292,0.8812242945958871,0.8840554758488761,0.833476805356289,0.8515753887762001,0.7665196325796929,0.4035470719110972,0.8831102096010819,0.7846918263753437,0.0016260162601626,0.0,0.0,0.0,0.0,0.0,0.0,0.0,Varuzhan Akobian,2969.0
19.602225689993915,179.48555656413126,-56.15219660922866,-14.661285510257102,-11.387837740882604,3.997786465619296,-5.231165329203096,-31.50910683570485,-10.329972153084537,12.969384494284226,0.2211884669479606,0.5174866385372714,19.639943741209564,0.0519620253164557,0.0049901547116736,0.1467042266531224,-0.2824173130925173,1.8158339256198328,0.6942189092022272,0.8973422806169647,0.7680582901089921,0.5671614098222894,0.5847486929717836,0.5904225495757208,0.5456851155102014,0.9009415087741378,0.8879332634773086,0.8506576609744916,0.7666851896550632,0.5796909896662577,0.493847264090739,0.7824039259348374,0.8292280309573159,0.059988741501982,0.0770898173144176,,,,,,,Varuzhan Akobian,2969.0
21.649637888317137,199.75677676621072,-57.895947788817296,-16.488176393836774,-10.452078764759584,3.9886066763425254,-5.14897523859788,-31.15866575772236,-10.825612437876588,12.188954127633371,0.2626,0.533,19.8,0.0794,0.0,0.220769377373151,-0.14284352963598246,2.1415035698054568,0.860513368652601,0.7796256364180894,0.7830998853672894,0.2787119827328025,0.7139627805145047,0.8049760407307577,0.48066672863029397,0.8890996168582376,0.8004103024857742,0.8320754716981131,0.8502380952380953,0.5524316076463116,0.6098128182090446,0.8597701149425288,1.0,0.0,0.0,0.0,0.0,0.0,0.0,0.0,0.0,Varuzhan Akobian,2969.0
22.10261261261261,201.60051801801802,-49.44619603149068,-13.307582582582583,-10.822907743202386,4.0,-3.848141891891892,-28.578622372372372,-9.630608108108108,12.741666666666665,0.2444,0.525,16.0,0.0428,0.014199999999999999,0.23469969969969967,-0.3338663663663663,1.3924061561561563,0.7113221107877296,0.9348314606741572,1.0,0.7597268669455833,0.8027083333333334,0.4834255446958425,0.6633401498049606,0.9797752808988764,0.9121839887640449,1.0,0.9955555555555555,0.634832735543833,0.15612731031260735,0.8375646879756469,0.8454431960049937,0.0027397260273972603,0.0,0.0,0.0,0.0,0.0,0.0,0.0,Varuzhan Akobian,2969.0
20.713999699496657,175.90669696260466,-59.230242874270495,-13.45815779892859,-13.220184897351464,4.0,-3.3733616788890624,-35.75444560745017,-9.952994486919437,12.528901595268229,0.23700000000000002,0.48839999999999995,24.6,0.07260000000000001,0.013999999999999999,0.11375380685725511,-0.4358854446582641,1.5921866602520762,0.600590612208591,0.7697877984084881,0.9259062776304156,0.47933405564313036,0.5552816352004992,0.6612770106679225,0.3095390001113115,0.7941644562334218,0.9275862068965518,0.8067374005305039,0.7524643645107713,0.7594131403026021,0.41821875293164934,0.6885762768381107,0.8530660009361835,0.0,0.0,0.0,0.0,0.0,0.0,0.0,0.0,Varuzhan Akobian,2969.0
18.80731703222449,159.6246585748701,-74.94107617735607,-17.001066035439383,-12.288137654864409,4.0,-6.922977890257108,-46.91796668429403,-10.961800256855785,15.150872344354628,0.17240000000000003,0.6064,28.6,0.07660000000000002,0.0058,0.2026136754719515,-0.40652799811974843,2.0149828343112324,0.6387153173054629,0.8214881614492292,0.6278529053445627,0.28711838000820283,0.4208969199014604,0.3249664703922623,0.6150504058489251,0.9008192524321557,0.8959299039005086,0.839659875936978,0.7658467079824143,0.40920235917145054,0.297193325223012,0.7738330949732507,0.8012532443455692,0.0,0.0,0.0,0.0,0.0,0.0,0.0,0.0,Varuzhan Akobian,2969.0
18.903911345180155,162.9351892499661,-40.52039061593842,-13.256822208820134,-9.132104314587773,4.0,-5.530282682786575,-20.327512190446804,-10.150358700683038,13.8766894813859,0.24160000000000004,0.5252,19.0,0.029599999999999998,0.0,0.2090781427509502,-0.3002282640710248,1.9325845500404402,0.6219838257138142,0.9262143310082436,0.6626858731957095,0.7095497780596067,0.6098074200189365,0.5445161178238549,0.6325706634492297,0.9852631578947368,0.9113715134510645,1.0,0.805275840202917,0.6218065712225769,0.6257760095899096,0.7963050483351235,0.7728949540049166,0.0,0.0,0.0,0.0,0.0,0.0,0.0,0.0,Varuzhan Akobian,2969.0
22.84249758454106,219.7620096618357,-52.589635801373696,-12.731014492753621,-11.965872516349535,4.0,-6.637246376811595,-27.85719806763285,-9.71844927536232,12.32014492753623,0.20379999999999998,0.5404,23.2,0.0496,0.0098,0.044961352657004856,-0.05268599033816422,1.2968599033816424,0.9213483146067416,0.7791959690674426,0.7686941356006104,0.7597509246240878,0.7091245185669646,0.6118831090957038,0.5990313146425207,0.9422752808988765,0.8872352182722416,0.7815047961630696,0.6551829028580414,0.5034211715341135,0.637943577722092,0.8705035971223023,0.8676654182272159,0.0,0.0,0.0,0.0,0.0,0.0,0.0,0.0,Varuzhan Akobian,2969.0
16.338763736263736,142.75779304029305,-58.201690311625256,-16.67710622710623,-11.296736099171047,4.0,-6.168864468864468,-31.11149267399267,-10.995384615384614,14.047893772893772,0.20059999999999997,0.5226,27.8,0.08960000000000001,0.008799999999999999,0.32906593406593404,-0.3193956043956044,1.8011721611721612,0.47837803690835373,0.8141725694088375,0.6832050842922055,0.21015550544057202,0.4257299345183679,0.5872661922105247,0.4539426786315005,0.9206611570247933,0.8567998616726087,0.6337009284331055,0.8058251121240145,0.7059619318253761,0.7281399580935535,0.6947798730472796,0.5808532925466461,0.0011049723756906,0.01988950276243092,0.0,0.0,0.0,0.0,0.0,0.0,Varuzhan Akobian,2969.0
21.291219745716525,198.3132836096423,-53.88212548405246,-13.42950808197467,-10.30671496650533,4.0,-5.565452255218796,-29.455963746971825,-10.519498853728354,11.395012420346523,0.2098,0.502,20.2,0.048799999999999996,0.010199999999999999,0.03422342547734396,-0.28399646330680817,1.9061965203031033,0.8011019283746557,0.9173553719008265,0.9096760351855824,0.6101750302788337,0.6885496551779635,0.6544398590623552,0.7555067971214783,0.7852087306632761,0.8125868761081648,1.0,0.9560414269275028,0.5332661915915607,0.3589960811195961,0.8347107438016529,0.8578512396694216,0.0,0.0,0.0,0.0,0.0,0.0,0.0,0.0,Varuzhan Akobian,2969.0
23.165334353468733,194.91599921444117,-60.22047720206685,-14.552534245454392,-13.123535562540155,4.0,-6.226809649280723,-32.09264479649117,-10.376776508518402,12.151823560217991,0.2556,0.6182000000000001,19.6,0.055600000000000004,0.0,0.04315418228237567,-0.4608848992684484,1.9276103464641667,0.7986636174468927,0.9125354969574037,0.7585821395099746,0.719851425106125,0.4644001399157084,0.7761918491556099,0.7785264277532319,0.8284158595517621,0.8629980477039301,0.8882166979838505,0.7402173427946624,0.7469455229764508,0.48262509183401675,0.7447672602311778,0.9232323232323232,0.00412371134020618,0.0,0.0,0.0,0.0,0.0,0.0,0.0,Varuzhan Akobian,2969.0
21.56547821490946,195.6528824646873,-57.917418639928925,-15.314719490149216,-12.683652898592412,4.0,-1.3884203511352147,-35.68055715139259,-9.331712473572939,12.481643724913443,0.22820000000000001,0.5746,17.6,0.0408,0.0,0.05119936728253209,-0.09544918344210554,1.659138592701535,0.7566468253968253,0.867896865520728,0.9883720930232558,0.6115887135335986,0.5322972615298109,0.5204807998824508,0.5877592453773113,1.0,0.7780579429277609,0.8993659420289856,0.8277047522750252,0.7702842377260982,0.20807314711968483,0.9287356321839081,0.8604166666666666,0.0,0.0,0.0,0.0,0.0,0.0,0.0,0.0,Varuzhan Akobian,2969.0
18.105912308822546,169.0778451212182,-42.015489855000524,-7.751577840112202,-10.849629639946766,4.0,-8.456859847725907,-21.230736158418487,-9.517251051893407,11.790564683096239,0.1576,0.46460000000000007,11.8,0.014799999999999999,0.0,0.10914646363454214,-0.0189516129032258,1.4212340546316704,0.7978962131837307,0.9692307692307693,0.7421024510786081,0.7877095695328513,0.7674948240165631,0.6270795123530046,0.663748079877112,0.7411414392059553,0.9253856942496494,1.0,1.0,0.6625525946704067,0.5812262071729112,0.7593668603486275,0.9217391304347826,0.0,0.0,0.0,0.0,0.0,0.0,0.0,0.0,Varuzhan Akobian,2969.0
20.22255854780021,181.24602003817282,-61.66575553245379,-16.2815555079246,-11.139311531997894,3.9806451612903224,-7.6674808370459955,-32.62241495748087,-11.34230583155993,13.406667972265177,0.2184,0.5504,23.8,0.0348,0.004399999999999999,0.0912540252410041,-0.0581915802079771,1.9218353312818004,0.7353877415332305,0.7488459710659774,0.7502354410259873,0.2712306580641205,0.4858682376313596,0.4579146584782787,0.7980967667966062,0.9103344229318582,0.9530612244897959,0.7958354073336651,0.5993345567570161,0.37240086986213417,0.5670947220702172,0.8653770675637791,0.8465153933734972,0.0016260162601626,0.0,0.0,0.0,0.0,0.0,0.0,0.0,Varuzhan Akobian,2969.0
20.246796360244502,189.21002520441377,-65.75226995479366,-15.254882114789234,-10.544699699971082,4.0,-3.3791453322219573,-42.118691454314515,-10.61341093117409,12.158559577677226,0.2172,0.4492,23.0,0.0706,0.005,0.1987630983567516,-0.21635806144320072,1.0189420100023816,0.783455112721417,0.851766304347826,0.6188691669236304,0.6291113123993559,0.5561825684380032,0.5885236199071768,0.3394060497824374,0.8385416666666666,0.8747826086956522,0.7652767713365539,0.45794879536727356,0.3091185502107102,0.43465547589680337,0.764272342995169,0.8603472222222223,0.02291666666666666,0.0,0.0,0.0,0.0,0.0,0.0,0.0,Varuzhan Akobian,2969.0
16.952229601518027,146.5663330170778,-68.0455023586292,-15.163808866655165,-12.640422575982985,4.0,-7.610056925996204,-40.46426492151112,-11.461264015870277,15.294314947386578,0.21759999999999996,0.4218,23.4,0.07139999999999999,0.0098,0.10877565982404695,-0.19954545454545455,1.4488345264792133,0.4758308292616039,0.6748759167661607,0.7677947154471545,0.41858125315621725,0.39724626103212907,0.4006640806587004,0.3989669220067355,0.653241280479444,0.8153723207686623,0.6494053561216402,0.42287864992491964,0.46582868888643636,0.45211981168042864,0.6872133276814052,0.7260350678733032,0.0495456719273075,0.0,0.0,0.0,0.0,0.0,0.0,0.0,Varuzhan Akobian,2969.0
19.341912156166817,184.19389825495415,-56.57698359899022,-15.825426402445038,-9.755033978562341,3.995238095238095,-2.8459035788228335,-34.768387064970916,-11.051810115350488,13.674339445923298,0.2142,0.5534,23.4,0.044199999999999996,0.02,0.060837030464359634,-0.05126195405698508,1.9145090209997044,0.779156631547175,0.8880952380952382,0.683784351605943,0.4795799901642752,0.1820797453245571,0.6772989971405824,0.5902689653516577,1.0,0.8772662269748779,0.955072463768116,0.6628557326969385,0.5677877537434187,0.2793828342733202,0.7377195790911614,0.830853130135963,0.0028985507246376803,0.0,0.0,0.0,0.0,0.0,0.0,0.0,Varuzhan Akobian,2969.0
18.72018788907753,172.65907866440293,-58.91818081962458,-14.115744199207697,-11.287536790196178,4.0,-7.791239388794567,-32.36704584040747,-9.951453310696097,12.59483870967742,0.19080000000000003,0.5711999999999999,22.4,0.06040000000000001,0.012,0.23888624787775892,-0.05093831352574983,2.7095540464063386,0.6454472455648925,0.9555555555555555,0.8096470588235295,0.584483660130719,0.3325898713467688,0.7605882352941176,0.5085764854614412,0.974,0.982,0.7668067226890756,0.8373482726423903,0.8700467018665874,0.6568739495798319,0.7891662080761508,0.7766425059699396,0.008,0.0,0.0,0.0,0.0,0.0,0.0,0.0,Varuzhan Akobian,2969.0
17.296675197525282,167.8671201610384,-61.33660743610447,-15.782005387872,-11.080789717246926,4.0,-3.8415885581756393,-38.856796201669475,-11.106942181200983,15.331514610060552,0.2238,0.6056,18.8,0.034199999999999994,0.0068000000000000005,0.11573598051007923,-0.4752558771711839,2.189684770565812,0.694871311989956,0.9111111111111111,0.6342365544060459,0.44851489878608525,0.44091274325172636,0.38574652089906325,0.6177318789183196,0.7930910232266164,0.7174568444737937,0.9390521029504081,0.6922523866591662,0.7463088512241054,0.378045197740113,0.685176461956123,0.7507407407407408,0.04067796610169492,0.0,0.0,0.0,0.0,0.0,0.0,0.0,Varuzhan Akobian,2969.0
16.050074914918422,140.41902834363802,-47.95917043652156,-16.737044927955935,-9.504654129818487,4.0,-2.7810148104585815,-26.75296618804643,-11.082983924357327,14.899493544115193,0.194,0.4248,22.8,0.07160000000000001,0.0214,0.11189691237116813,-0.4089867892781581,1.8659138148107324,0.4577993099452279,0.8565428662124874,0.7689022474133215,0.680910371154898,0.475823995640318,0.5106913610433645,0.4343265903412541,0.5224396199403847,0.7173560596361774,0.8084752272436309,0.7062840329157816,0.640046088849059,0.5691553373992487,0.6583596955837958,0.8588785046728973,0.0232876712328767,0.024657534246575342,0.0,0.0,0.0,0.0,0.0,0.0,Vladimir Belous,2913.0
21.83328395254584,210.3338049241931,-64.59229141209917,-17.195685039096738,-13.344243819087108,4.0,-1.920638392043531,-34.79731703506991,-9.69544533833216,8.361038211530284,0.25379999999999997,0.2352,13.0,0.0284,0.0,-0.04305015317590496,-0.0955354213856127,2.0768842372013507,0.9152542372881356,0.9067796610169492,0.848663594470046,0.7941888619854721,0.762590799031477,0.7667773178161369,0.6830239440408932,0.9694915254237287,0.888135593220339,0.8847457627118643,0.7240911418330773,0.6566989507667473,0.40941741084988764,0.8285956416464891,0.9173865500273373,0.0,0.0,0.0,0.0,0.0,0.0,0.0,0.0,Vladimir Belous,2913.0
15.820299752007827,171.85147481400588,-54.70166840098741,-13.453072600277569,-10.756222299469883,3.9934183673469392,-4.827759197324415,-31.265597911405372,-10.035716503992901,11.643281744135782,0.20780000000000004,0.31900000000000006,23.8,0.0586,0.021200000000000004,0.18655797101449276,-0.44901508429458736,1.369619821172616,0.6545755480479809,0.9483634026534453,0.8230729439537405,0.6777238090234936,0.48412700865227043,0.2568169816218472,0.4756620652546575,0.8551838637053107,0.7529849958659713,0.825870453219218,0.7236335343318421,0.5767388386585173,0.4117547170646506,0.6022771943125987,0.7637143502144632,0.0029197080291970797,0.0,0.0,0.0,0.0,0.0,0.0,0.0,Vladimir Belous,2913.0
22.293889163780307,208.43904157857645,-66.22879920556379,-16.77601847270328,-12.441499189070317,4.0,-5.386352390805632,-37.11464471533744,-9.868238045971841,11.35795360832471,0.2088,0.28959999999999997,17.2,0.028800000000000003,0.0,0.16028893587033122,-0.08007736943907157,2.090220113055343,0.8229425837320573,0.9860465116279069,0.8789473684210527,0.7622359219727641,0.8554165133112501,0.449488648846054,0.8437246963562753,0.9613636363636363,0.8695960832313341,0.8863157894736842,0.8738461538461537,0.6239429175475687,0.2935548356172591,0.7803911205073996,0.983157894736842,0.0,0.0,0.0,0.0,0.0,0.0,0.0,0.0,Vladimir Belous,2913.0
22.961693702021172,214.93017743008195,-59.216136808270974,-12.249234029601741,-11.530545393452064,4.0,-5.5531450440193435,-35.2876041302657,-9.299942509948036,10.704334299015906,0.215,0.542,10.2,0.0334,0.01,-0.01786858450474011,-0.10456786644271847,1.7603810125012682,0.8800000000000001,1.0,0.8295238095238094,1.0,0.7785221674876847,0.6206590038314177,0.97,0.9099999999999999,1.0,1.0,0.5627783251231527,0.89,0.49333333333333335,0.8071330049261084,0.9275862068965518,0.00266666666666666,0.0,0.0,0.0,0.0,0.0,0.0,0.0,Vladimir Belous,2913.0
19.959405034324945,172.1178279938978,-50.83183170259586,-14.688558352402747,-10.0438950130459,4.0,-5.339959954233409,-27.457894736842103,-9.954851258581234,12.653327612509534,0.21760000000000002,0.2962,21.4,0.041,0.0066,0.08431922196796338,-0.0872921434019832,1.8934897025171626,0.6680734286927025,0.9973856209150327,0.7813683898619069,0.6217283346103072,0.4525506158251229,0.4838639654173906,0.6009423842000567,0.9816993464052288,0.76359354372826,0.7330835815338793,0.5381586172351899,0.39690217391304344,0.75875,0.8757601591361184,0.9686274509803923,0.0,0.0,0.0,0.0,0.0,0.0,0.0,0.0,Vladimir Belous,2913.0
18.899745386688785,197.64674573225517,-66.40377973351112,-12.661861911673231,-14.1286989400907,4.0,-7.167500172783191,-40.419075264358284,-9.532703296703298,13.50605985209759,0.19740000000000002,0.2392,18.4,0.06559999999999999,0.0134,0.08457944571152116,-0.3130709793351303,1.820243002280738,0.8145578720345077,0.9620959092998316,0.8443891402714933,0.7627810434022638,0.7282283869694535,0.49709436449268285,0.5474461715010926,0.8915887850467289,0.7433625933903514,0.7443500960507242,0.5100456994856728,0.6365464975397473,0.6285359665073793,0.7875111712549866,0.9011764705882352,0.020512820512820502,0.0,0.0,0.0,0.0,0.0,0.0,0.0,Vladimir Belous,2913.0
20.50946001367054,197.12687856003646,-54.306864636467495,-12.910457963089542,-11.765158097392526,4.0,-11.314889496468444,-24.75742766005924,-10.180177717019822,12.621246297562086,0.1506,0.5458000000000001,16.2,0.0466,0.003,0.1116928685349738,-0.07459557985873774,1.9922624743677375,0.816060606060606,1.0,0.7623646473514778,0.8924242424242423,0.6754345917471466,0.7446503844414292,0.9952941176470589,0.8536363636363637,0.9184135472370766,1.0,0.509148535397877,0.8772727272727273,0.7935294117647059,0.5483481522866949,0.7814795008912656,0.00266666666666666,0.0,0.0,0.0,0.0,0.0,0.0,0.0,Vladimir Belous,2913.0
19.402196657320356,192.2107881136951,-65.2908492350071,-15.01348617296168,-13.759802448487779,3.991666666666667,-4.8303974929902695,-34.66751058331958,-11.184911759854856,10.173592555940404,0.20220000000000002,0.5479999999999999,16.6,0.0402,0.0046,0.07479328165374677,-0.325531914893617,1.717210951674089,0.7037684898520812,0.8930555555555555,0.8941659476560254,0.8261403508771931,0.7564044956492807,0.5173198102939767,0.6010190777490173,0.9544444444444444,0.8766374269005848,0.6899432404540764,0.7973202614379085,0.5833660130718954,0.44556175878461823,0.6456118075645559,0.7114912280701754,0.0,0.0,0.0,0.0,0.0,0.0,0.0,0.0,Vladimir Belous,2913.0
18.01595996732026,165.94638071895423,-51.24623028910638,-8.813888888888888,-11.122051367537754,4.0,-7.363664215686275,-31.397732843137256,-8.792254901960785,12.243361928104575,0.24699999999999997,0.42619999999999997,17.6,0.0484,0.0,-0.012557189542483676,-0.22005718954248366,1.4865277777777777,0.6745422547273225,0.8928546348314607,0.9438202247191011,0.6927356098838316,0.6036774571974675,0.6346916499064058,0.37192474073053516,0.9234375,0.8098490168539325,0.8421875,0.6335115538387578,0.6826256308322225,0.5407305116884207,0.7611618270189432,0.8240142774779251,0.0,0.0,0.0,0.0,0.0,0.0,0.0,0.0,Vladimir Belous,2913.0
19.63408651079082,186.2952743255596,-56.68519301840274,-14.64956406281727,-11.748798571912548,3.998541395759062,-4.567953092943152,-30.94507635404884,-9.90678101455339,11.134438682113386,0.2263990825688073,0.3787018348623853,17.637614678899084,0.0538256880733944,0.0083027522935779,0.0662167585734185,-0.2053681823587394,1.966525465229894,0.746745956107734,0.9223205895903276,0.8313902183679313,0.7499296776896054,0.6572785059602428,0.6013026442632288,0.5811002685546114,0.9033253038023978,0.8784455549006994,0.8271214707046828,0.7014599635529027,0.6479387864744062,0.5120993626690823,0.7575542635639437,0.8304461217721005,0.040270656407886,0.0308219178082191,,,,,,,Vladimir Belous,2913.0
16.35311606268128,143.81882916600307,-50.91369592823512,-16.691128195476022,-9.419253703792894,4.0,-4.495599690164908,-26.67762358414533,-10.303779988127815,12.673689233471842,0.2264,0.2606,19.6,0.06020000000000001,0.0246,0.13377880573532747,-0.6097793993446167,2.037981221676874,0.44450241364474935,0.9540809555408096,0.7639412837770502,0.7642160657671606,0.5569751517744218,0.7094473409801878,0.27756591137978004,0.9173855341738552,0.8882454528439929,0.7471153846153846,0.5590145965145965,0.6582920019963815,0.5047250741958771,0.5492562486175625,0.6959627862000125,0.0029197080291970797,0.0,0.0,0.0,0.0,0.0,0.0,0.0,Vladimir Belous,2913.0
19.369106235379526,191.30450603640665,-56.236582071738994,-14.48354386814014,-10.649205125703674,3.995918367346939,-9.347747035573123,-27.240049474335187,-9.732641122852304,11.220686187518485,0.26080000000000003,0.3648,17.2,0.05499999999999999,0.008,0.02743120647468476,-0.16507907827162485,1.874287704014412,0.6942113150344564,0.9551020408163264,0.8351008516360376,0.7806741779063608,0.6096317622314934,0.621535923575688,0.6786901495763633,0.7705788688483828,0.7607337242382386,0.8824742268041238,0.6757329466972803,0.6514394278961737,0.5035819335303872,0.6229801149097429,0.8568754956383824,0.0,0.0,0.0,0.0,0.0,0.0,0.0,0.0,Vladimir Belous,2913.0
18.543655684190917,172.27111223299448,-51.28124950703373,-17.839397712011447,-10.508617437943144,4.0,-2.2399770612973113,-25.570578663085353,-10.378099616708003,11.25542098401153,0.23720000000000002,0.32480000000000003,17.6,0.0454,0.0,-0.019456823283763525,-0.10742743429630135,2.2430507494289835,0.6748434062890694,0.9041652819319819,0.8569223586870646,0.7882131383626897,0.5823782011718204,0.4225245265424727,0.4462983820212136,0.9511908718289576,0.8672205605406005,0.8376869391824526,0.6219385189973425,0.46467137050387297,0.6713573199814475,0.8225545585465823,0.9279494848786973,0.0,0.0,0.0,0.0,0.0,0.0,0.0,0.0,Vladimir Belous,2913.0
18.790334171294496,199.6637202733277,-51.110661999458344,-15.203610850835295,-10.675742900799838,3.995918367346939,-5.511562150055991,-24.49670646982197,-9.13719656283566,9.91823856754348,0.2116,0.3234,15.0,0.0134,0.0,-0.06767295899322771,-0.14115216612960974,1.9059140556558571,0.8469839877166045,1.0,0.7522152518827229,0.7291786210426263,0.5562442056006435,0.6129679388754844,0.6756786941580757,0.9030927835051547,0.9351612195656941,0.8484316736126344,0.5975171821305841,0.741862689186225,0.3604644658916428,0.523041127440228,0.5821720040944652,0.0,0.0,0.0,0.0,0.0,0.0,0.0,0.0,Vladimir Belous,2913.0
17.32104559130974,151.42785235743727,-44.575078763244015,-15.431026381969778,-9.561836580567876,3.988679245283019,-2.7223956903202184,-22.272813423002106,-9.748855502817767,11.173169570150701,0.21000000000000002,0.2528,11.0,0.0374,0.0,0.12985183732353545,-0.08607471913132289,1.7535397574642857,0.6419839374168417,0.857381557187588,0.6749338895697563,0.6625038722376052,0.6587234626620978,0.5961444304240988,0.6452097458889912,0.8905660377358491,0.9283018867924528,0.8792586273453844,0.573109618876503,0.5140603709462817,0.46382566120178537,0.743374951745962,0.9456180567801094,0.0,0.0,0.0,0.0,0.0,0.0,0.0,0.0,Vladimir Belous,2913.0
19.069647002194174,200.68342105134556,-49.4783021094063,-12.763640273074234,-10.960460534489249,4.0,-6.350865329638916,-25.154860775143796,-9.167442934424065,10.918967737363964,0.2312,0.4002,13.2,0.0446,0.0073999999999999995,0.022641631603895783,-0.0584175084175084,2.0324087512766758,0.8328976034858389,1.0,0.8795832159954943,0.8478738383553928,0.8843137254901962,0.4748295533677034,0.5277831691830648,1.0,0.8679245283018868,0.8125087351502446,0.7309632393587617,0.6966488313151225,0.36447133705010526,0.7754255222224062,0.9125,0.00188679245283018,0.0,0.0,0.0,0.0,0.0,0.0,0.0,Vladimir Belous,2913.0
17.439576289013633,162.3420310891155,-54.17167630783414,-12.691059664972707,-11.862853664152155,4.0,-2.2712475504035607,-31.346398401257733,-10.04524163815724,10.045124611109264,0.2428,0.3982,12.4,0.060399999999999995,0.003,0.026298535224366416,-0.18089126559714794,2.096569014957762,0.6455844155844156,1.0,0.8533333333333333,0.660995670995671,0.7614285714285713,0.8063992869875222,0.7584313725490195,0.9136363636363637,0.9031194295900178,0.8852941176470589,0.823030303030303,0.711082251082251,0.4563305322128851,0.6167099567099567,0.7069696969696969,0.0,0.0,0.0,0.0,0.0,0.0,0.0,0.0,Vladimir Belous,2913.0
19.10250412012872,185.1049144987215,-57.589709785819295,-15.556216000330528,-13.689967597996523,4.0,-4.148954474299119,-28.228424986113215,-10.267913676991089,10.30176694991117,0.21680000000000002,0.37679999999999997,17.6,0.1038,0.025,-0.06243645361354799,-0.21449918056492817,1.8636010154567948,0.6813225158320405,0.9969696969696968,1.0,0.8340259740259741,0.5735500031087761,0.7719366470682036,0.707025210265374,1.0,0.9051094890510949,0.826379222542862,0.5904364995872917,0.7038581856100105,0.48246573674382115,0.6250518409250827,0.9634146341463413,0.0,0.0,0.0,0.0,0.0,0.0,0.0,0.0,Vladimir Belous,2913.0
19.314717794878483,182.93796582757273,-61.42956920358684,-16.102854658493108,-11.413993706869295,4.0,-4.528517020999087,-35.75841919916526,-10.163112560323464,12.53732794226338,0.21740000000000004,0.5452000000000001,22.6,0.0526,0.013800000000000002,0.17158610495195858,-0.45504665014564577,1.7080819094821966,0.7187764074078948,0.9941176470588236,0.8525083911389573,0.7356567464757215,0.5726617171818381,0.528897119823539,0.34094031705320293,0.8702090592334495,0.8747706422018349,0.856910569105691,0.853826359364511,0.8417207428955024,0.2903413493390195,0.6596725152356758,0.6702736498492886,0.0,0.0,0.0,0.0,0.0,0.0,0.0,0.0,Vladimir Belous,2913.0
18.74445900774103,179.10005815544608,-52.11344341110176,-14.227640941434046,-11.689419933894794,4.0,-5.966568926421143,-26.277896043474858,-10.407126143560873,12.455208577683946,0.22039999999999998,0.347,24.2,0.0956,0.014000000000000002,0.01267290249433109,-0.08204140276800373,1.5999973610133709,0.6477833542075168,0.8666666666666668,0.8765596608116294,0.7324358974358974,0.5119524450891006,0.5646054833364041,0.5792540153986275,0.7617227703121203,0.6857130929038042,0.8700504744599232,0.812390350877193,0.6355479515924264,0.41436274666071593,0.7090197859882899,0.7516737330910559,0.0246153846153846,0.0,0.0,0.0,0.0,0.0,0.0,0.0,Vladimir Belous,2913.0
19.496307588075883,188.47320799457995,-55.80611029868457,-14.823432055749128,-10.681419532134054,4.0,-6.269156504065041,-33.05182926829268,-9.586450348432056,14.606177409988385,0.233,0.3496,17.2,0.0806,0.0178,0.2709601238869531,-0.4239672861014324,1.81153552071235,0.670485008818342,0.854181338028169,0.885,0.761432794296644,0.625896164021164,0.4709433297314753,0.6120038906277169,0.8894179894179896,0.8438532429142758,0.6011944351292943,0.804375,0.5703229717813051,0.6198947543284398,0.7424312541918175,0.95,0.0,0.0,0.0,0.0,0.0,0.0,0.0,0.0,Vladimir Hamitevici,2888.0
22.272931231840552,199.1980518281625,-51.58917218790808,-16.02667010064362,-10.164028252793129,4.0,-10.33267047952834,-23.07046473073785,-10.631322033487985,14.635983409282849,0.1862,0.5044,21.8,0.06899999999999999,0.004399999999999999,0.06196049458407292,-0.8540825362972676,2.686294457884951,0.7708869145039359,0.7798924479775543,0.9653846153846153,0.4750150745111551,0.6715046801849629,0.49259506462127167,0.4036568814125599,0.7774569402228977,0.7596757852077001,0.975506072874494,0.9362247681396617,0.5920722428001264,0.6735664857725329,0.7431565576373451,0.8140882074252735,0.0,0.0,0.0,0.0,0.0,0.0,0.0,0.0,Vladimir Hamitevici,2888.0
19.21342112311986,178.33377990965744,-57.8364834531152,-14.424619652240448,-11.658296664699192,3.984351481469577,-6.328398383120504,-31.476233314962748,-10.209084165648248,12.275797246086364,0.2162580071174377,0.4354306049822063,18.52491103202847,0.0545249110320284,0.0072028469750889,0.1404426411234804,-0.2681876412952125,2.024611348966437,0.7077496454296508,0.8690303997067372,0.8247452366134206,0.644245507262029,0.6160128011854167,0.5583387855617796,0.6156033638365339,0.8864105399509291,0.8713925884027809,0.8223228427874469,0.6571638995027981,0.5954091408945886,0.61876322566164,0.7666711878438486,0.8284234842398095,0.0708819053390833,0.0709142676572253,,,,,,,Vladimir Hamitevici,2888.0
19.799687370325668,206.8193487899871,-48.00498137775158,-12.655359591529805,-11.306965129097023,4.0,-2.8986988859329283,-26.97184837397603,-9.160152291641655,10.988042894425874,0.24440000000000003,0.3694,17.0,0.09640000000000001,0.009600000000000001,0.10938105980659171,-0.36705221939264493,1.8338022778448313,0.9670588235294119,0.7364205256570713,0.7494226115978306,0.7908886107634544,0.5866199415936587,0.5757697121401752,0.5640625782227785,1.0,0.8250980392156864,0.9306666666666666,0.7553333333333334,0.6346549853984147,0.6952190237797246,0.49973466833541924,0.6273041301627034,0.0,0.0,0.0,0.0,0.0,0.0,0.0,0.0,Vladimir Hamitevici,2888.0
18.08988011988012,188.89023088023086,-65.67161955334915,-14.443167943167941,-12.47873299546259,4.0,-6.584132534132534,-37.51270673770673,-10.72986346986347,12.076984126984128,0.21400000000000002,0.45339999999999997,20.0,0.07039999999999999,0.0,0.12343434343434348,-0.20773559773559774,1.9232950382950385,0.7469497263036589,0.8486486486486486,0.8384009009009009,0.5526942348571562,0.4666291356178996,0.5193463212564337,0.631362726166097,0.8065226159608183,0.8577902621722847,0.7423744942003369,0.6253166195581926,0.615012581726065,0.45015437433976757,0.6776709401709402,0.7943376068376068,0.0,0.0,0.0,0.0,0.0,0.0,0.0,0.0,Vladimir Hamitevici,2888.0
21.83549618484963,201.51904611193405,-52.082908446355624,-14.934414723207828,-10.557274525678599,4.0,-4.93039288297909,-28.397534577491474,-9.743706078404355,12.480414341405721,0.23679999999999998,0.6016000000000001,18.2,0.046,0.014599999999999998,0.16235029338477613,-0.12753898400450123,2.003217615717616,0.8501242236024844,0.9476190476190476,0.7984316770186336,0.6026998846564064,0.739072039072039,0.5696315761533153,0.760631469979296,0.8170592451027234,0.8365079365079364,0.907080745341615,0.48881191272495617,0.5868631368631367,0.8818181818181818,0.8072909698996655,0.9484848484848485,0.0,0.0,0.0,0.0,0.0,0.0,0.0,0.0,Vladimir Hamitevici,2888.0
18.588147382397754,143.4875082822683,-69.44869274878717,-15.828769678287841,-11.955950806378791,4.0,-7.211577162119231,-40.43711650533834,-11.215559108563188,13.200280511900228,0.2364,0.514,19.6,0.059399999999999994,0.0,0.3048714763688819,-0.19516942813829394,1.8353763822861304,0.5246204660678344,0.8671328671328672,0.8609145329540067,0.6184863323021218,0.6706918733234521,0.45064815459552304,0.4469230064624801,0.8149726281305227,0.8086102849260743,0.6947230815651867,0.7098968539758014,0.752177646914489,0.4641040562093194,0.5703496835075782,0.8415138915138914,0.0,0.0,0.0,0.0,0.0,0.0,0.0,0.0,Vladimir Hamitevici,2888.0
19.430755132251925,179.09426046749638,-48.30649476579965,-15.373179920578352,-10.95825943021577,4.0,-6.967144580294972,-21.727548763899442,-10.930709703696161,13.650347632885053,0.2156,0.5092,18.4,0.0416,0.014600000000000002,0.04571248423707442,-0.29508222829676856,2.070544542176759,0.6380911270725071,1.0,0.7116671534853353,0.5492850534800151,0.597218345728751,0.5192886147431601,0.6903549332464995,0.909090909090909,0.9437837837837838,0.8561983471074381,0.5254552451485639,0.6530980567344203,0.41478252868176196,0.644124754891458,0.7116270397650463,0.07027027027027026,0.0,0.0,0.0,0.0,0.0,0.0,0.0,Vladimir Hamitevici,2888.0
19.789974049820596,179.5143822077326,-61.53571101440524,-13.008815566360322,-13.077236922427304,4.0,-10.26963829009865,-31.241805083237313,-10.059984261263033,12.121769108981386,0.23959999999999998,0.5404,19.0,0.023,0.0,0.17097608274078863,-0.21221063676306637,1.7116073185126894,0.5904551118106104,0.9434782608695652,0.941304347826087,0.6001705029838023,0.5886130238048397,0.5487153255951209,0.6195730867597875,0.8424132730015084,0.8490196078431372,0.8504944586530264,0.5327214899337661,0.5330349531116795,0.5564548494983278,0.8217948717948719,0.9244147157190635,0.028260869565217377,0.0,0.0,0.0,0.0,0.0,0.0,0.0,Vladimir Hamitevici,2888.0
18.343988638860118,185.7160159342901,-70.19099807717393,-14.755820678709295,-12.178810362807521,4.0,-9.314479400648311,-39.64987222080246,-11.233645876767053,12.941630462560695,0.23880000000000004,0.4338,22.0,0.0824,0.0046,0.405950385803507,-0.2261367192578943,1.5448738572728782,0.7368611752909028,0.9941747572815534,0.6386986884687447,0.475575057535462,0.675228537589175,0.43385216823951944,0.5831922038104971,0.9163157894736841,0.8759649122807017,0.6217280048167381,0.6577766950679929,0.6666608381418663,0.37832518188675573,0.5202837190062535,1.0,0.01009257168661094,0.0,0.0,0.0,0.0,0.0,0.0,0.0,Vladimir Hamitevici,2888.0
17.86910610888409,188.01212027770765,-55.947092777195756,-12.858853723793596,-11.267193569266954,4.0,-9.124027041927134,-30.439425865189047,-9.862828563152338,13.605235986133303,0.2172,0.5534000000000001,20.4,0.0812,0.01,0.3274186515167089,-0.22179052317812725,2.3213262753965807,0.7388601420322184,0.876595744680851,0.8999516441005803,0.71448523909698,0.4128401502209547,0.48064033511379023,0.6893157075988807,0.884090909090909,1.0,0.6591660205625172,0.727697180414086,0.6838490798807443,0.6683124144065283,0.8275962350505353,0.8258626410086265,0.053936946730858824,0.0,0.0,0.0,0.0,0.0,0.0,0.0,Vladimir Hamitevici,2888.0
18.700253822399638,161.25535587858704,-60.19644396080383,-16.082282644171624,-12.42592777993969,4.0,-4.926965805528358,-35.564673244457836,-10.17638472546509,14.979790238758756,0.2028,0.4264,20.6,0.0402,0.0,0.17403002686349828,-0.4077035474881373,1.707563832191007,0.5902229350197243,0.8825688073394495,0.7539851630017559,0.5248869040893858,0.6698203893636709,0.635543941734109,0.6886491900445453,0.8971830985915492,0.8635054021608644,0.778191816848202,0.691302389405459,0.6574277168494517,0.41668229487234676,0.7077444312781321,0.7522741956325107,0.0,0.0,0.0,0.0,0.0,0.0,0.0,0.0,Vladimir Hamitevici,2888.0
19.199672158299315,205.9047584298672,-47.02493052151688,-12.78287429000107,-10.075796062577464,4.0,-6.415749797839069,-24.03494826628735,-9.286082900595279,11.570520795783363,0.2666,0.3826,20.2,0.043,0.009,0.09360572285928626,-0.22410527956664486,2.354655936711451,0.9419354838709678,0.8972972972972972,0.7129482820003403,0.5270762474829795,0.6610957529594605,0.5124251694674926,0.5875907125671997,1.0,0.9741176470588236,0.9297297297297298,0.6786525656090874,0.5800077508113148,0.4040940338077538,0.666978180226262,0.9565217391304348,0.0,0.0,0.0,0.0,0.0,0.0,0.0,0.0,Vladimir Hamitevici,2888.0
21.714673879821504,200.2767047191149,-65.50489604915846,-16.364929091020233,-12.267841140545457,4.0,-6.18779227030992,-36.60197368421053,-10.135554969741426,12.053195106669113,0.23220000000000002,0.413,15.4,0.027800000000000002,0.0,0.005594779632006863,-0.03718136805428204,2.454797435662326,0.8047857142857143,0.8167247386759581,0.7870100174216027,0.7529761904761905,0.41969686411149826,0.5272621951219512,0.8230400696864111,0.9339285714285713,0.8904181184668989,0.875609756097561,0.7196428571428571,0.48996428571428574,0.5334880952380952,0.8653571428571428,0.856452380952381,0.0,0.0,0.0,0.0,0.0,0.0,0.0,0.0,Vladimir Hamitevici,2888.0
20.80457251082251,192.41019290394289,-52.43409936486148,-12.91230841230841,-10.965490496252613,4.0,-6.056609775359776,-28.98444264069264,-9.449969287469287,11.934721247221248,0.2172,0.4838,12.6,0.027000000000000003,0.0,0.07976190476190474,-0.11212121212121211,2.0762643325143326,0.8008689839572192,1.0,0.99375,0.7922297297297297,0.6709004191357132,0.6218648528207351,0.6459503420532833,0.9341176470588234,0.8942766295707472,0.9312241653418123,0.45557299947005825,0.559057486631016,0.9199999999999999,0.9424242424242424,1.0,0.0,0.0,0.0,0.0,0.0,0.0,0.0,0.0,Vladimir Hamitevici,2888.0
18.973643007908127,184.6265169083992,-55.4242190299226,-13.710088500350764,-10.666704665172617,4.0,-5.940007760337714,-32.69921573370912,-10.4968348860141,14.088632515661715,0.20859999999999998,0.519,15.8,0.0618,0.012199999999999999,0.2639094287949922,-0.3894510243277849,2.0556934878164843,0.7770229770229771,0.6932296050406286,0.7973415126822674,0.48775667720821125,0.594606371092931,0.5001632226041675,0.5630609954802189,0.8263421617752327,0.946053946053946,0.8816011574632263,0.5771097216657901,0.33818111022835434,0.7410164638511094,0.88755024503056,0.9888111888111888,0.0,0.0,0.0,0.0,0.0,0.0,0.0,0.0,Vladimir Hamitevici,2888.0
20.604440977620424,185.41824687484274,-56.071685383718055,-16.20413488176643,-12.018502779293033,3.991549295774648,-3.4778604416135344,-28.32813261831813,-10.70381162099315,10.66920766249157,0.19419999999999998,0.4574,15.2,0.0618,0.0196,0.03838138178300412,-0.24523262435517004,1.9066983060700984,0.7986027794675027,0.7845070422535211,0.7714968883065837,0.7193748014101768,0.6106937721105041,0.5019611816851388,0.7741817566517868,0.9873239436619718,0.9225352112676056,0.8475925319358009,0.7706653715395824,0.21510614396764755,0.5652518478957143,0.9195217818539142,0.8854569276121846,0.0,0.0,0.0,0.0,0.0,0.0,0.0,0.0,Vladimir Hamitevici,2888.0
14.68046617923288,127.97956272213098,-78.97408390735447,-15.352256004037859,-14.667568365438488,4.0,-9.031502306263757,-45.93794112924923,-11.588764000843295,13.603947898478163,0.16899999999999998,0.31179999999999997,30.4,0.019,0.0,0.2132504322962787,-0.2635333203048661,1.571185729550097,0.4584583734612817,0.7520566515677574,0.40061693717858315,0.6698630207231634,0.36416852519074655,0.28231048881109205,0.47018027218025116,0.8360856269113149,0.6318642437765735,0.5347873979786668,0.3614582953665164,0.4445920695236295,0.26135459839678743,0.686088331118982,0.6676551853640216,0.0,0.0,0.0,0.0,0.0,0.0,0.0,0.0,Vladimir Hamitevici,2888.0
18.416630783519082,180.54143237082067,-62.668173130658886,-15.35081053698075,-11.310966950314405,4.0,-5.256670043904086,-38.03344520432287,-10.702032674772036,13.985752279635259,0.2096,0.43599999999999994,21.4,0.10700000000000001,0.022,0.1567882472137791,-0.5746369469773726,1.5400835866261398,0.8093912378105201,0.6538796393473905,0.6567886021644609,0.6339190729483282,0.7747931442080379,0.633981430684095,0.4144500895800867,0.7730241031390135,0.709188153961136,0.7805653427290198,0.7074871877001921,0.7610453837102058,0.4825929393399696,0.5897208364947608,0.7058512342061144,0.0,0.0,0.0,0.0,0.0,0.0,0.0,0.0,Vladimir Hamitevici,2888.0
17.92045298074654,156.73520579898772,-56.11403806561448,-15.43808434544233,-11.100040517857876,4.0,-10.428067294251054,-29.31067684803865,-11.222099237653946,17.38493017762938,0.19739999999999996,0.39039999999999997,21.6,0.08199999999999999,0.0378,0.23215227183965265,-0.27330815920217366,1.7596091120300041,0.5553503775331526,0.7393499775078723,0.611694326407245,0.37107521664937926,0.5815589394125279,0.44794109070089927,0.5657206477732794,0.909090909090909,0.7578609986504723,0.6963355490867452,0.48205855388630503,0.44658484960016065,0.44160863920768223,0.7777934754240974,0.6760113434678028,0.0,0.0,0.0,0.0,0.0,0.0,0.0,0.0,Vladimir Hamitevici,2888.0
15.650128430818967,164.19548554599706,-53.11001095972405,-12.34299147854135,-11.84914711484485,4.0,-3.342911209279495,-31.223644003055767,-9.844738765071245,11.493421611068669,0.1768,0.45620000000000005,18.2,0.022,0.0,0.36295121474149605,-0.11168831168831168,1.8856100279373937,0.7676997879431857,0.5684911352588584,0.919047619047619,0.487157790978303,0.5241500508361625,0.6163730986613827,0.6895691447072234,0.8134453781512605,0.6513496556414455,0.7373015873015873,0.8085231193926846,0.8749137336093857,0.738235294117647,0.5742737544455985,0.9571428571428571,0.0,0.0,0.0,0.0,0.0,0.0,0.0,0.0,Vladimir Hamitevici,2888.0
18.396034080861664,184.85147817699539,-66.64342432571989,-12.609018567639257,-13.932503981696101,3.9862068965517237,-4.652736918254161,-42.05460975805803,-9.333450687243792,11.952688690619725,0.21799999999999997,0.3234,19.6,0.0526,0.008199999999999999,0.1065798569246845,-0.429184149184149,2.003998070894623,0.7257277428018563,0.9768346595932804,0.8499341932087392,0.6385070226803393,0.6094001231469119,0.6341784574238817,0.5308842920534871,0.9129770992366412,0.9666666666666666,0.8255649623028113,0.5639051582528379,0.2754181830422413,0.6030432768185208,0.919238573775244,0.7984342981664062,0.01221374045801526,0.0,0.0,0.0,0.0,0.0,0.0,0.0,Vladimir Seliverstov,2993.0
25.066429505135385,197.2111867413632,-51.465022819551095,-14.87671335200747,-10.885062968944192,4.0,-7.897843137254901,-24.160541549953315,-9.36309243697479,11.718230625583567,0.22779999999999995,0.47859999999999997,14.4,0.07680000000000001,0.0204,0.19079084967320262,-0.5065882352941177,2.228808590102708,0.7830887826552214,0.9836734693877551,0.799177367576244,0.9218139315651355,0.6485754414125201,0.712162328699596,0.7925375694977552,1.0,0.8764981273408239,0.9527777777777778,0.8805555555555555,0.8371376811594203,0.3953743075148965,0.885969387755102,0.9410714285714284,0.00178571428571428,0.00535714285714284,0.0,0.0,0.0,0.0,0.0,0.0,Vladimir Seliverstov,2993.0
19.47775669407548,179.70408843107137,-59.91589279570849,-13.38081985482365,-11.316092187293078,4.0,-5.011299358453059,-34.95735670612331,-9.464395048341917,10.214070359326525,0.2508,0.5067999999999999,13.4,0.0338,0.0064,0.07606939550013554,-0.11777717538628352,2.6578961477063947,0.8880089717046239,1.0,0.7972222222222223,0.7192293906810036,0.8012672811059908,0.6579426300674548,0.6879458581001358,0.9222222222222222,0.9730158730158731,0.8513056835637481,0.7913978494623655,0.8246376811594203,0.5581642512077295,0.9892857142857142,1.0,0.0,0.0,0.0,0.0,0.0,0.0,0.0,0.0,Vladimir Seliverstov,2993.0
20.191181544227426,214.7836769229304,-53.910596792833964,-15.838400200617723,-9.694827588924452,3.9943661971830986,-5.602121881616497,-26.391799433064467,-10.472401254495647,10.09458736870173,0.2488,0.37020000000000003,16.8,0.043800000000000006,0.0056,0.09280500295741848,-0.44945270299582785,1.5116435575363383,0.8645763344531542,0.7588297872340426,1.0,0.750195035460993,0.6076513429493072,0.5383182987018373,0.5372219266365696,0.9348134328358209,0.840017730496454,0.8194858156028368,0.773421985815603,0.45909491518394097,0.4361877482687347,0.7911789456970467,0.9700645707632052,0.0,0.0,0.0,0.0,0.0,0.0,0.0,0.0,Vladimir Seliverstov,2993.0
19.304245501788284,168.97403344546828,-52.385155864144735,-14.558077029336351,-10.683330952183798,3.996296296296296,-5.88432723404202,-26.13892920496694,-9.9888720123911,10.872084272479182,0.22640000000000002,0.3432,17.2,0.031799999999999995,0.0,0.0851591828774804,-0.6591279976097878,1.715326360214469,0.6051012893254639,0.8241891148982956,0.7417768419305653,0.6020288983165123,0.9363417890520693,0.48851586058510865,0.5690694659101517,0.9509433962264151,0.9607476635514018,0.9046728971962616,0.5934292263899035,0.6352268433382875,0.6752953623699524,0.7217164728702273,0.814635866690178,0.0,0.0,0.0,0.0,0.0,0.0,0.0,0.0,Vladimir Seliverstov,2993.0
20.033937342193298,172.26560429750762,-42.0528697505148,-16.404908589849935,-10.738664494697037,4.0,-0.8235186451183607,-19.204528425715772,-9.85430060069093,10.973051005557226,0.20780000000000004,0.4368,13.2,0.027200000000000002,0.0068000000000000005,-0.098684678279417,-0.4023693413668529,2.033846955982754,0.6836038713461726,0.8673575129533677,0.8613678756476684,0.7969133271202237,0.7135579774879399,0.8325309043591412,0.5979910086967439,0.9865284974093264,0.9720000000000001,0.8230466321243523,0.5785168947049201,0.6917634447025193,0.827135135135135,0.5896052130352851,0.8222797927461141,0.0,0.0,0.0,0.0,0.0,0.0,0.0,0.0,Vladimir Seliverstov,2993.0
19.81375341819651,188.2256085646956,-68.43579933242245,-16.37797441619718,-13.535410841492265,4.0,-7.063519931748781,-35.517743756209974,-10.187028002767505,10.245877615993258,0.19560000000000002,0.3942,12.0,0.0038,0.0,-0.09943231494053159,-0.14369725313121537,2.4527117894616373,0.8463728813559321,0.8895238095238096,0.8131047619047619,0.5793880762026589,0.7135827736915041,0.7789417989417989,0.676778835978836,1.0,0.8498285714285714,0.8508952380952381,0.8176,0.2899975221783984,0.8857818508535489,0.9211118644067797,0.9071999999999999,0.0,0.0,0.0,0.0,0.0,0.0,0.0,0.0,Vladimir Seliverstov,2993.0
19.776456356608005,180.62334820101097,-59.668948231809864,-16.13975076365799,-11.300157109165042,3.9932203389830505,-8.362574000486578,-31.028616224691156,-10.21164382450734,13.38057335171519,0.2444,0.31,18.4,0.032600000000000004,0.007000000000000001,-0.015331549212013079,-0.10492958127213252,2.2244730084069957,0.7436016511867906,0.9714285714285715,0.8429824561403508,0.6398424227990792,0.7060305741729891,0.6431446262715612,0.5149863913176607,1.0,0.938110661268556,0.7476518218623481,0.6697424556867281,0.5658484446410144,0.5397683688860159,0.7871132582587691,0.9,0.0087719298245614,0.0,0.0,0.0,0.0,0.0,0.0,0.0,Vladimir Seliverstov,2993.0
17.74338804979174,158.27693430203675,-53.43046481940949,-17.41033602099176,-10.540312946009669,4.0,-7.562423573694065,-25.25807989255735,-10.659451306889832,14.000138920733184,0.2048,0.4948,17.4,0.072,0.0244,0.011080580394104988,-0.05468771892952218,1.8982437473728457,0.505005734984451,0.8557156935205714,0.8715277777777779,0.6995257452574526,0.7006582594235033,0.5043371183068606,0.7288456208425721,0.8713068181818182,0.7055085920177383,0.8254573170731707,0.6948794781687097,0.41920885686129594,0.7875931571815717,0.6091484332510564,0.8260416666666668,0.0078125,0.0,0.0,0.0,0.0,0.0,0.0,0.0,Vladimir Seliverstov,2993.0
19.611090934847823,187.2047144417717,-57.723591801679255,-14.214086619017635,-11.775394546037388,3.99828973371296,-6.356147732686314,-30.943160049355544,-9.96643755165892,11.533344963363596,0.2242029702970297,0.4386138613861385,16.58910891089109,0.0470346534653465,0.0054009900990099,0.1059362982274458,-0.2953072766435876,1.9749985520192288,0.7687297327789043,0.9031485852126656,0.8205939442667177,0.7014101241203001,0.6491465613676513,0.6113847678369257,0.609547893470815,0.9298742534558888,0.8897715207186516,0.829069173354166,0.704551286697923,0.5537326161189322,0.6531174532036527,0.7758214673155788,0.8534821988336513,0.051308539467965,0.0267857142857142,,,,,,,Vladimir Seliverstov,2993.0
17.106533426834968,177.22377279102383,-57.950016661604636,-11.093501636278635,-12.815345086102075,4.0,-3.581726273959794,-33.805779569892465,-9.481065918653576,8.827401823281907,0.21180000000000004,0.5126,12.0,0.046599999999999996,0.0166,-0.14738779803646562,-0.1416082281439925,1.8113662926601215,0.8650141482739105,1.0,0.8811162988115451,0.6661530843237126,0.8784139784946235,0.7133333333333334,0.5438469156762875,0.935483870967742,0.8017543859649123,0.8301528013582343,0.8532880588568194,0.8071646859083191,0.9041666666666668,0.6945486700622524,0.9018859649122806,0.0021505376344086,0.0,0.0,0.0,0.0,0.0,0.0,0.0,Vladimir Seliverstov,2993.0
18.777087087087086,180.64778206778206,-56.16618884871266,-14.125611325611326,-14.112782585306395,4.0,-5.647425997425997,-27.544573144573143,-9.827644787644788,11.091848991848991,0.2432,0.5292,13.0,0.055200000000000006,0.0118,0.09374517374517374,-0.39650793650793653,2.0579322179322177,0.8996031746031747,1.0,0.7056967984934086,0.8094327203916244,0.7582697601910511,0.6620343958340242,0.5972651621072796,0.9222222222222222,0.9319199826049142,0.919047619047619,0.5901716669072137,0.832876712328767,0.725051421284298,0.9325408802945372,0.8949152542372882,0.0,0.0,0.0,0.0,0.0,0.0,0.0,0.0,Vladimir Seliverstov,2993.0
20.0346990609441,174.46774311464043,-61.37660809457499,-16.740908804436877,-11.131276273814919,4.0,-8.875086657843323,-28.936856368563685,-10.192193231234638,10.499713241318458,0.23640000000000003,0.4542,16.8,0.05419999999999999,0.0166,0.33578811369509043,-0.6432734606415831,2.3576038318522716,0.6413836896928763,0.854577842065788,0.6338317977793526,0.7816993464052288,0.8565729585006693,0.5957464702913228,0.7122704382299367,0.8911111111111112,0.8699999999999999,0.8468852459016393,0.9278688524590164,0.7769745649263722,0.47793534794917375,0.6952216709977164,0.8365461847389557,0.0,0.0,0.0,0.0,0.0,0.0,0.0,0.0,Vladimir Seliverstov,2993.0
18.885206983134573,199.91125916069322,-56.95967610584531,-15.26224486540924,-11.11899798897669,4.0,-4.872612660235232,-29.557902234293188,-10.219444447988772,10.071526091057816,0.238,0.46160000000000007,14.4,0.0516,0.004,0.13150390762065775,-0.1459430284857571,1.8918203816025119,0.7596179886335557,0.9182795698924732,0.9943661971830986,0.7732258064516129,0.5383193763600277,0.6236366723259762,0.6559827656175977,0.9634408602150538,0.994,0.8245376344086022,0.5934069362411025,0.314089014389479,0.5776796553539391,0.8663943661971831,0.9099999999999999,0.0,0.0,0.0,0.0,0.0,0.0,0.0,0.0,Vladimir Seliverstov,2993.0
22.275553623564157,216.99310175739197,-54.29572849515779,-14.181469885358073,-13.16706604067075,4.0,-3.687398194699643,-26.004742929287232,-9.419665331807781,8.16461388666569,0.188,0.507,10.2,0.0168,0.0,-0.08878584673828496,-0.24007169347656995,2.5873836108261656,1.0,0.9178571428571429,0.965625,0.9236024844720496,0.9118644067796609,0.9029085298452468,0.7932647515527951,1.0,0.9050847457627118,1.0,0.771875,0.8075892857142858,0.8043363117170228,0.8082989518287244,1.0,0.0,0.0,0.0,0.0,0.0,0.0,0.0,0.0,Vladimir Seliverstov,2993.0
19.694530634530633,198.35496509496505,-63.35251653464578,-14.11033891033891,-14.196429018558272,4.0,-6.403162903162903,-33.52295542295543,-10.034723294723296,10.915093015093017,0.23579999999999995,0.3546,18.6,0.0216,0.0,0.08349752349752348,-0.40586404586404584,1.5248048048048048,0.8592219986586184,1.0,0.7096539602674719,0.8419727419727421,0.6155920887742324,0.6655857757552673,0.5007873481733591,1.0,1.0,0.908108108108108,0.45938662604692676,0.5909004128722438,0.4920355396411734,0.781848674295559,0.6675892469112807,0.0,0.0,0.0,0.0,0.0,0.0,0.0,0.0,Vladimir Seliverstov,2993.0
21.422460571767225,200.7122441708039,-68.58819899731839,-16.656239135685055,-11.90957945182644,4.0,-3.9546767237941074,-39.83895545095802,-10.607847611086708,10.379099376031938,0.2162,0.3982,25.2,0.0624,0.0048000000000000004,0.2743890197542763,-0.4963148717574487,1.9725806370087948,0.8336053368715908,0.9176470588235294,0.7426233451606945,0.4461526655806335,0.694179482107831,0.4246669794331899,0.497093987692543,0.9578947368421054,0.9789473684210528,0.8801378446115289,0.6976530110322535,0.4437453316572844,0.6479305740987984,0.5306146551094614,0.8158869395711502,0.0,0.0,0.0,0.0,0.0,0.0,0.0,0.0,Vladimir Seliverstov,2993.0
17.573828990715782,187.56367325546572,-61.74334857476983,-16.167085953878406,-10.631997870966298,4.0,-8.327321054207847,-30.597619047619048,-11.165835579514823,11.146510931416591,0.2246,0.4264,22.8,0.0452,0.004399999999999999,0.4593800539083558,-0.05754716981132072,1.6350074872716385,0.7793902752960415,0.8320786516853932,0.6731314209663797,0.8600134770889488,0.5763955769573748,0.4814022229625367,0.4098896594889811,0.9458146067415731,0.7144271480056936,0.7338585696450866,0.7269983948635634,0.5595687331536388,0.36350828310972466,0.46066520622806395,0.6569818808026355,0.00178571428571428,0.0,0.0,0.0,0.0,0.0,0.0,0.0,Vladimir Seliverstov,2993.0
23.711563695563694,228.66164102564102,-49.371651088610726,-14.598583638583637,-11.63332630228594,4.0,-1.2840781440781441,-24.825836385836382,-9.192830280830282,8.163003663003662,0.19519999999999998,0.36640000000000006,10.6,0.0298,0.016,0.019684167684167697,-0.10920309320309315,2.8868083028083027,1.0,0.9836734693877551,0.8985507246376813,0.9034167629315878,0.9257861635220126,0.7567235203260049,0.8140740740740741,1.0,0.9666666666666668,1.0,0.9800000000000001,0.4117515875186097,0.7766832409748149,0.921916592724046,1.0,0.0,0.0,0.0,0.0,0.0,0.0,0.0,0.0,Vladimir Seliverstov,2993.0
19.525,190.61447619047618,-59.2737946766008,-15.362857142857141,-9.966175628981754,4.0,-4.239761904761904,-35.46047619047619,-10.246428571428572,12.001904761904761,0.21080000000000002,0.4,18.4,0.06939999999999999,0.009600000000000001,0.27780952380952384,-0.06857142857142853,1.8997619047619048,0.824750499001996,0.8853571428571427,0.5959088964927288,0.9262745098039215,0.4532755916737952,0.569107205756554,0.42963790905583793,0.9604790419161677,0.8800000000000001,0.9966666666666667,0.7300798403193612,0.31121400057028803,0.36283739244200675,0.6278584427783088,0.6513816484677705,0.01166666666666666,0.0,0.0,0.0,0.0,0.0,0.0,0.0,Vladimir Seliverstov,2993.0
22.24730575657405,177.77918270347539,-49.97652663241975,-14.431224277077936,-11.014014586200384,4.0,-13.134094523362815,-20.819957711665033,-9.203872420262664,14.62663688614908,0.22480000000000003,0.6176,15.0,0.0646,0.004399999999999999,0.1375042735042735,-0.3946993061139402,2.2894518597933233,0.653401658153579,0.9179487179487179,0.774620348290309,0.8541173907849708,0.6698009357242618,0.9483163422922459,0.8101343908349857,0.8846153846153847,0.9348314606741572,1.0,0.8745098039215685,0.846708099365789,0.5464905429843835,0.8746987951807229,0.8149775572879754,0.0025641025641025598,0.0,0.0,0.0,0.0,0.0,0.0,0.0,Vladimir Seliverstov,2993.0
21.122990407779543,219.73342690522358,-56.41175080883657,-17.01098184382161,-10.4646770236553,4.0,-3.174163434984429,-29.664563502555968,-10.387757359421823,10.290392355602561,0.2488,0.3738,16.8,0.042,0.0118,-0.05439596921088195,-0.07766848816029141,1.7270897232504847,0.8661157024793388,0.9619047619047618,0.8822324628776241,0.7966335714521801,0.6247274484577088,0.6810560331687092,0.6901465522037438,0.9870967741935484,0.8,0.9274563820018364,0.3667745479098445,0.5117304787812683,0.8331047215190786,0.7854372990247869,0.8569981338309784,0.00165289256198346,0.0,0.0,0.0,0.0,0.0,0.0,0.0,Volodymyr Onyshchuk,2964.0
18.15637244854312,165.20545251452458,-62.81956893277745,-17.63881745489036,-11.645852362022769,4.0,-8.769029098565138,-29.981811028414178,-11.77177164737231,12.987712658487306,0.1982,0.4082,17.0,0.072,0.0,0.028289083487923593,-0.09183289783952583,1.811611321346201,0.6886452832881405,0.9495145631067962,0.7064838074546811,0.5877599053743298,0.5359990910615043,0.6277621188335474,0.319770688165279,0.8797474370289905,0.9449883449883449,0.897660793898658,0.4781041427365976,0.37695603633537056,0.6988124970267828,0.7478146853146853,0.8867132867132866,0.0,0.0,0.0,0.0,0.0,0.0,0.0,0.0,Volodymyr Onyshchuk,2964.0
21.744644008473795,220.22836715687782,-65.20985880873062,-15.13443554081852,-10.75479924654339,4.0,-9.40027324920942,-35.12725251501847,-10.33478692702097,11.541688669880159,0.21259999999999998,0.37120000000000003,17.4,0.073,0.004200000000000001,0.09704522427926685,-0.10821722800446203,2.3136117507394105,0.9395021645021646,0.9319148936170212,0.8560578661844485,0.8280051530350072,0.7433619796129896,0.5524790484167024,0.7668412433041045,0.9571428571428571,0.730263885051119,0.8086626139817629,0.5923579315917048,0.6640991986736668,0.78250452079566,0.7590333716915996,0.9289783001808318,0.0,0.0,0.0,0.0,0.0,0.0,0.0,0.0,Volodymyr Onyshchuk,2964.0
16.7919830756044,153.70526122482897,-65.90280081501383,-17.91818683943808,-12.929692727018695,3.9983050847457626,-2.116680919078449,-37.47473948877273,-11.401555645186372,11.939749719734728,0.15220000000000003,0.4626,21.8,0.0262,0.0,0.1354265393970118,-0.0748351889103547,2.4720151343737857,0.6066394635803213,0.8913451676528599,0.7608879104751421,0.6542850288585016,0.5554898496334462,0.6466006454491277,0.5655217098214431,0.7919516640451402,0.872945147679325,0.8324420143310114,0.6085704862110335,0.656928162861554,0.6114097047956081,0.6391920878748703,0.8274235550938485,0.00118343195266272,0.0,0.0,0.0,0.0,0.0,0.0,0.0,Volodymyr Onyshchuk,2964.0
24.406601118180063,229.49489396568342,-62.36726142703189,-13.608842619368934,-11.484075256477288,4.0,-11.169595463016517,-34.51913437439753,-9.753570464623095,14.167956750851488,0.2098,0.5894,14.2,0.0402,0.030000000000000006,-0.023592635434740702,-0.18641604010025062,1.7000857914015808,0.9551856594110116,0.6247916853827904,0.8231205414304006,0.738012048192771,0.8346268520212181,0.8372136562691658,0.6891662908317762,0.867590361445783,0.7591176470588236,0.8534645125655895,0.8260471922443753,0.3133846880004335,0.8464935064935066,0.7485393522140511,0.7550440110326717,0.0,0.0,0.0,0.0,0.0,0.0,0.0,0.0,Volodymyr Onyshchuk,2964.0
21.291855865119913,187.13746374312228,-64.04252728129975,-16.34956078994255,-15.909311575282368,4.0,-7.440192808252194,-31.021004530993928,-11.09849665263451,13.776039075805778,0.223,0.4901999999999999,16.8,0.0516,0.004399999999999999,0.026969704110743335,-0.33705041935794855,1.8119440141964003,0.8245043080214615,0.9201220675185962,0.8822793148880106,0.7475090194919533,0.8347020933977456,0.5864156053751842,0.6303351421412218,0.7207543805819767,0.672259426442782,0.8571626007695355,0.6717541800231763,0.6432141405932548,0.7993290391841116,0.9323403113258186,0.95,0.00186915887850466,0.0,0.0,0.0,0.0,0.0,0.0,0.0,Volodymyr Onyshchuk,2964.0
20.39958330065103,167.93485469448586,-62.13143481992897,-16.37514707035846,-11.909358970842764,4.0,-6.84589967840615,-33.77030845556514,-10.931934465448272,13.70121382069182,0.18419999999999997,0.5018,19.8,0.061399999999999996,0.0,0.07531061259706642,-0.16811475409836066,2.3101005961251864,0.6720247933884298,0.7087706611570248,0.8224228650137742,0.616998265483114,0.6941240179573513,0.7506989082746659,0.6480848382818081,0.8044132231404959,0.975,0.9775,0.36940041832466075,0.6738456790123457,0.9025000000000001,0.8521487603305784,0.89,0.0,0.0,0.0,0.0,0.0,0.0,0.0,0.0,Volodymyr Onyshchuk,2964.0
21.24369178293327,184.688152868803,-60.944121518015585,-17.715532145872707,-10.829141889800654,3.9909090909090907,-5.551380121426561,-30.933761542894672,-11.491776567086164,11.586561658156084,0.1976,0.5820000000000001,17.0,0.074,0.013000000000000001,0.0582354951549998,-0.38514132925897643,2.7560927720370443,0.8234764175940645,0.9272727272727274,0.7106127799626252,0.5507882565932102,0.7446078431372548,0.662786111470322,0.7045900178253119,0.9473684210526315,0.8467637423519776,0.9480322427690849,0.40622713200112576,0.918850267379679,0.9294117647058823,0.9176470588235294,1.0,0.0,0.0,0.0,0.0,0.0,0.0,0.0,0.0,Volodymyr Onyshchuk,2964.0
19.40807996365069,169.62197183734003,-71.6412094205519,-17.784911168954206,-13.235561710792117,4.0,-4.572975350623425,-41.49179848528425,-11.176495554218237,12.620532849320345,0.22200000000000003,0.5763999999999999,17.2,0.039400000000000004,0.0052,0.16276341770530472,-0.4250809440831265,1.9252277753206548,0.6930342125507608,0.8118186245521273,0.6941896458533634,0.725747349565903,0.5813870955600784,0.44328376021601945,0.7862509534706331,0.9655737704918032,0.9117647058823529,0.922587574355585,0.4127411815914135,0.8839591957421644,0.722103275780167,0.7485761165669745,0.8033255770104303,0.0026315789473684197,0.0,0.0,0.0,0.0,0.0,0.0,0.0,Volodymyr Onyshchuk,2964.0
20.811515796764965,175.44609619586362,-50.69802192678232,-16.710804397183132,-10.894319296767396,4.0,-10.020685231980911,-19.238876845521364,-10.762561346348722,12.92922519101921,0.1888,0.457,10.0,0.0264,0.0094,-0.06510088636334478,-0.24734539950486792,2.2986843511760453,0.6609653516579045,0.9670588235294119,0.9004222378606614,0.5966374173154817,0.9173608903020668,0.8468918601923529,0.7105680893046873,0.9647058823529411,0.8826246472493937,0.9800000000000001,0.7164026095060578,0.5636898412673551,0.6181255428546069,1.0,0.7098121410726452,0.0,0.0,0.0,0.0,0.0,0.0,0.0,0.0,Volodymyr Onyshchuk,2964.0
19.957955394178303,170.72834492246258,-59.99742629517766,-15.781054344521838,-11.272004475947792,4.0,-8.591314787909214,-33.170659823910604,-9.87504752148715,14.692654658598935,0.18240000000000003,0.4702,14.4,0.048600000000000004,0.0054,0.12036736990297366,-0.38922333535336634,1.78601049684641,0.7091659165916592,0.9532467532467532,0.7333783378337835,0.8296226919989296,0.6006891306891307,0.4873305902018773,0.8375487548754876,0.9017873215893019,0.698016848016848,0.8137863786378638,0.6217093717093717,0.4838488984033538,0.8212109048742713,0.9863636363636363,0.841878512175542,0.0,0.0,0.0,0.0,0.0,0.0,0.0,0.0,Volodymyr Onyshchuk,2964.0
20.129426291793315,202.57970238095237,-57.91732631931952,-17.612364910503207,-10.907400407465419,4.0,-6.6825154086457275,-27.466185410334344,-11.261021403242147,12.012161220871327,0.1778,0.5332,25.8,0.027000000000000003,0.0,0.3145168439716312,-0.05079238432961834,1.5872946217494088,0.8274305555555556,0.925,0.7637186379928316,0.7261136712749616,0.7626152073732719,0.5374759984639017,0.5833621351766513,1.0,0.9216733870967742,0.8482142857142858,0.3291010624679979,0.5243685995903737,0.6615226574500768,0.9376344086021506,0.773611111111111,0.0015625,0.0,0.0,0.0,0.0,0.0,0.0,0.0,Volodymyr Onyshchuk,2964.0
19.60942392323772,194.28229075364524,-58.26320343106406,-17.557147674616697,-11.094566510261945,4.0,-3.376018126929993,-29.881316146837264,-10.846493613151656,10.492338640733498,0.21339999999999998,0.4202,15.4,0.0622,0.0102,-0.01997065358293594,-0.0954270176739587,2.605604896098209,0.8239912542238124,0.7505659505659505,0.7998153384499971,0.758594816195484,0.6817816351738565,0.5958879125167176,0.6366856069380292,1.0,0.8905982905982907,0.9162162162162162,0.3539945767971084,0.8015103541143501,0.8259251793807968,0.9658119658119657,1.0,0.0,0.0,0.0,0.0,0.0,0.0,0.0,0.0,Volodymyr Onyshchuk,2964.0
20.635778665778666,191.42966644466645,-70.98756342133554,-16.8971361971362,-12.176563310335421,4.0,-9.247327672327671,-39.334931734931736,-11.723742923742922,14.392138417138415,0.2084,0.495,19.2,0.04959999999999999,0.008,0.39680930180930185,-0.0727106227106227,2.0853019203019203,0.7908885496183207,0.9426172839506173,0.7168390439803003,0.5402487271733765,0.6016439137258709,0.8357869865503453,0.5035841792309051,0.7971752817157397,0.8799223475033265,0.8293047004190737,0.4799575486404536,0.271051031169835,0.7242655734615022,0.7755913674488738,0.7587121773900399,0.011992945326278641,0.0,0.0,0.0,0.0,0.0,0.0,0.0,Volodymyr Onyshchuk,2964.0
18.83181533913241,195.54564784808684,-45.60215287100305,-10.770595258400137,-10.426076914439284,4.0,-9.13968957871397,-21.593467508101654,-9.392461197339248,11.720137585991244,0.25040000000000007,0.5702,14.4,0.1036,0.035199999999999995,0.035050315538120415,-0.3600659503098527,1.3330774916140768,0.7799629515282495,0.9924050632911392,0.9871794871794872,0.8835443037974684,0.7422395657574474,0.5575631516827838,0.5654354548572547,0.8794871794871796,0.7951219512195122,0.9295260523991757,0.8146011186340889,0.40502667346367305,0.6710507358238139,0.8253908692933084,0.8392541850284335,0.0,0.0,0.0,0.0,0.0,0.0,0.0,0.0,Volodymyr Onyshchuk,2964.0
20.875173023055375,183.0845577820872,-62.96072510604024,-14.115077689195335,-13.119173907783168,4.0,-12.229454858866623,-30.943113313701552,-10.069655534008472,13.515750197514905,0.21000000000000002,0.558,19.6,0.0814,0.0156,0.16190184107831165,-0.0496280016280016,2.342704302233714,0.6955734796780648,0.9089629942310399,0.9823529411764707,0.6394748498265017,0.6941617808889372,0.4940983835428212,0.7061794210111548,0.8310679611650486,0.8055329062317996,0.9603960396039604,0.6312902594607286,0.6168550852552541,0.907843137254902,0.7477686899124695,0.8970297029702969,0.0,0.0,0.0,0.0,0.0,0.0,0.0,0.0,Volodymyr Onyshchuk,2964.0
19.92345637887057,182.83018440732667,-60.66805193945321,-15.925224188503918,-11.747979152930853,3.9987244911348494,-7.495755163318642,-31.62775219917483,-10.559378319997135,12.689312593337318,0.2149237288135593,0.4646885593220339,17.896186440677965,0.0577097457627118,0.0069205508474576,0.1130477205123748,-0.2606312298733193,1.9538457435821588,0.7354287020099713,0.8869753461637769,0.8139143519726922,0.6985163141885097,0.672030686803944,0.5800487006646522,0.603092302174931,0.889188018318494,0.8636337878968627,0.8411149810500514,0.5341891780985815,0.6186908889292748,0.7677700144582067,0.8018129134368734,0.8363494143596766,0.0367644507191501,0.0997735489069903,0.0532544378698224,,,,,,Volodymyr Onyshchuk,2964.0
21.83292536552299,228.91671672978973,-60.37581025092737,-12.179854101755629,-12.451601465937596,4.0,-11.077576074180488,-31.246089790232407,-9.589059497378681,12.168370678557434,0.2084,0.4612,13.4,0.0422,0.0064,0.11718937542367085,-0.0646206085934439,1.517585527093167,1.0,0.9225806451612903,0.95,0.920815581253804,0.7562980030721966,0.6479887352790579,0.6429636456733231,0.7953279424977537,0.8746031746031747,0.9866666666666667,0.5901904761904762,0.504095238095238,0.8987619047619047,0.7518412698412698,0.7973495058400718,0.0,0.0,0.0,0.0,0.0,0.0,0.0,0.0,Volodymyr Onyshchuk,2964.0
18.30294241833861,162.59793456028137,-77.7796053735337,-17.946799868770817,-14.273098917072861,4.0,-8.17315825148324,-41.20525223130713,-11.516319873374302,11.335023768474654,0.2242,0.406,15.4,0.0612,0.0,-0.07005657950687419,-0.10635811367765295,1.8819015825970375,0.556518160428569,0.9261538461538461,0.7046962581427056,0.7128088064193439,0.8812164579606441,0.5016017750361254,0.5825033431764988,0.8236899942163101,0.7614910634936309,0.6858315735671916,0.38197403933499696,0.5693612268206489,0.7227812929200853,0.8608695652173914,0.829575708735945,0.0,0.0,0.0,0.0,0.0,0.0,0.0,0.0,Volodymyr Onyshchuk,2964.0
21.784667630493058,186.26547905183577,-61.297918613186866,-15.241953555615794,-10.628258211391742,4.0,-6.0035059184964314,-37.27469353332731,-9.979968826240173,13.830461431884583,0.1988,0.4196,18.2,0.097,0.004,-0.0191080087949158,-0.3994111623143882,1.4827850064757082,0.780868247618467,0.9267326732673269,0.9405405405405405,0.7175906204384648,0.8514851485148516,0.6270161357245281,0.6082088432956182,1.0,0.9706359825171706,0.8298456872714297,0.33348792336323124,0.7087354305050758,0.9670886075949368,0.8119563855119688,0.9113924050632912,0.0,0.0,0.0,0.0,0.0,0.0,0.0,0.0,Volodymyr Onyshchuk,2964.0
20.395845476624167,191.66014875531272,-71.04171299108881,-13.895550351288055,-12.58533776340212,4.0,-10.973851808482953,-40.28517217451643,-10.274206349206349,12.972405455807095,0.2202,0.631,18.0,0.054200000000000005,0.0032,0.21985124468731027,-0.06946742995923319,2.0134907624251888,0.8193360483939678,0.855281724461106,0.8810126582278481,0.7138959667739045,0.8439122774133082,0.4686425957941077,0.5108865142473816,0.9007340206185568,0.7504132231404959,0.8021938144329896,0.655510241657077,0.5029086724552777,0.49667438706762024,0.9199999999999999,0.9190082644628099,0.0,0.0,0.0,0.0,0.0,0.0,0.0,0.0,Volodymyr Onyshchuk,2964.0
18.7025729212444,172.9361463909702,-61.89608825497738,-15.11431143888275,-12.24061596511554,3.990532931200839,-6.730871702292356,-33.51998410241089,-10.505155889595418,12.22431791211874,0.2118240131578947,0.4140106907894736,19.041940789473685,0.0631389802631579,0.0079745065789473,0.1276956561535076,-0.2367409557325648,2.3505759244001583,0.7010336038967524,0.8578429548154936,0.7983399945316968,0.6121354722435344,0.6121959938759695,0.5106738822200574,0.5826796598264907,0.8817480751172811,0.8376194913967978,0.7773123765058657,0.6828285097336968,0.5951813931147385,0.6553793035921466,0.7906527716998449,0.8496249359896182,0.0617490766577893,0.0629187897931395,0.0689655172413793,,,,,,Yahli Sokolovsky,2824.0
17.472624580585595,160.955813695351,-59.83681050574927,-16.19743283779165,-11.281321953326591,4.0,-7.766370328407733,-30.608434182686313,-10.898270450545038,12.915019247008061,0.23199999999999998,0.1714,18.4,0.0922,0.0076,0.09157941320850552,-0.19614473750062555,2.41129653170512,0.6429475610525651,0.8892075471698113,0.9634782608695651,0.6274678582025727,0.6384788288004039,0.44562486489824915,0.6809889515298553,0.7937325676784249,0.786566037735849,0.7983396226415095,0.7069928666275516,0.42881609916099295,0.6216020134020936,0.7851595643983894,0.8584905660377359,0.0,0.0,0.0,0.0,0.0,0.0,0.0,0.0,Yahli Sokolovsky,2824.0
19.726666854032583,165.89184396166493,-54.549187519303516,-15.57428590165163,-9.790036099538293,4.0,-4.3769755393796315,-30.61278022914852,-10.498249065512493,12.30313931592704,0.248,0.5196,24.0,0.089,0.0066,0.6244484415839915,-0.3402396410069044,2.179704523950048,0.5157457697420205,0.9376858435681964,0.8643844833218648,0.7909433241442111,0.8076168929110107,0.3703519685849765,0.5126825503737326,0.9205882352941177,1.0,0.6411542183915929,0.7890702690236309,0.5806499731645476,0.4401111052211849,0.6924006051940942,0.8323911204590658,0.023225806451612898,0.0,0.0,0.0,0.0,0.0,0.0,0.0,Yahli Sokolovsky,2824.0
16.965522209546634,133.99261725291436,-58.07657699591944,-15.459359809931806,-11.36877267987119,4.0,-9.299831761952795,-31.62137496135039,-11.153518424637175,16.826280641823928,0.24780000000000002,0.23040000000000002,21.8,0.07360000000000001,0.0,0.26728818904693785,-0.15303030303030302,3.2211396038301787,0.45634981972043953,0.7659698159770503,0.7060640841702535,0.6291192203139289,0.5577180579473701,0.4179127657677374,0.45703554524895373,0.7572343943778421,0.8350667362288595,0.8199019607843135,0.6193976348854398,0.5243119127466086,0.9084745762711866,0.724800145019487,0.903954802259887,0.0022598870056497002,0.0,0.0,0.0,0.0,0.0,0.0,0.0,Yahli Sokolovsky,2824.0
21.446720016624088,198.46227875920334,-61.186302694343354,-13.796087854933328,-12.233972989509736,4.0,-3.930303499264538,-34.63770025240228,-10.087924140180537,9.499686041947072,0.21800000000000003,0.4622,17.0,0.058399999999999994,0.0,0.12612972480139478,-0.20243105038200543,1.968316848799829,0.8569105691056912,0.7440126774149098,0.8813559322033898,0.8306187129667908,0.819980708281659,0.6075856131082046,0.6821869420280933,0.8358825961140968,0.853658536585366,0.7453217583023288,0.5913297505856414,0.647200404207432,0.5238436843077411,0.8364226469527589,0.9360066143034311,0.0,0.0,0.0,0.0,0.0,0.0,0.0,0.0,Yahli Sokolovsky,2824.0
20.510524290524295,179.50946978946976,-58.09178609175321,-15.22215562215562,-11.645900125867247,4.0,-8.697102897102898,-29.357479557479554,-9.63071595071595,12.461568061568062,0.2182,0.4368,18.6,0.0962,0.0216,0.37894253894253893,-0.264058904058904,1.9773411773411773,0.725054945054945,0.7228693528693528,0.8224175824175823,0.7120777025861771,0.6552321626897898,0.7330402930402931,0.7541026330856839,0.9549450549450549,0.8477394921462718,0.6002197802197802,0.9152542372881356,0.38482026448128137,0.7625792788504654,0.8298168498168499,0.9925925925925926,0.0,0.0,0.0,0.0,0.0,0.0,0.0,0.0,Yahli Sokolovsky,2824.0
16.80813646264591,165.50029270539238,-53.924331183786954,-14.960696232740109,-11.194989266997439,3.996551724137931,-5.652256962918573,-27.987779221223043,-10.584683247644488,12.459522023598762,0.18380000000000002,0.2452,23.4,0.05740000000000001,0.04,0.4416355964231805,-0.4481481481481481,2.367850639223005,0.7395523290986086,0.7133121980676329,0.7341075295685491,0.6093802513947704,0.3806696469016953,0.6676744851258581,0.4235956290860418,0.9420108695652175,0.9125,0.6857171414292853,0.6132375478927203,0.5239070377092155,0.613319889762721,0.7621375277273644,0.6439941834638236,0.0,0.0,0.0,0.0,0.0,0.0,0.0,0.0,Yahli Sokolovsky,2824.0
18.72563686135115,166.5049628802641,-44.41980573619411,-12.025852259931433,-10.583538007929825,3.992771084337349,-2.2211938395243047,-25.160339587189846,-9.514469940803847,11.092816814847797,0.21139999999999998,0.35900000000000004,23.8,0.0516,0.004,0.056528030366240344,-0.00816326530612244,2.5527568384711237,0.7327451725389869,0.74,0.8581818181818182,0.4464133674442953,0.6348791340543918,0.7553125290238693,0.6352222700676309,0.9745454545454546,0.8921212121212122,0.9793939393939393,0.6211229598858464,0.6495823095823096,0.7534485000464382,0.8921212121212122,0.8949078412995938,0.0,0.0,0.0,0.0,0.0,0.0,0.0,0.0,Yahli Sokolovsky,2824.0
20.28746031746032,190.38052910052912,-71.74472034757466,-16.564021164021163,-15.045090717945026,4.0,-5.457936507936507,-37.83941798941799,-10.710476190476191,9.872222222222224,0.1728,0.4311999999999999,15.4,0.08220000000000001,0.0032,0.16973544973544974,-0.3144973544973545,1.9085714285714286,0.7658892585498089,0.8861220329110238,0.8484737484737485,0.8228327228327228,0.6719600990243192,0.8269113149847094,0.5119307501876309,0.8628894041738079,0.8452453764380369,0.8914003427764896,0.6363275867863023,0.6248906139731828,0.5857506917139945,0.8005444097187218,0.7189027791780085,0.0,0.0,0.0,0.0,0.0,0.0,0.0,0.0,Yahli Sokolovsky,2824.0
19.27845993139925,180.8273134803333,-75.87994470013602,-15.508266803556001,-12.998403088061787,4.0,-8.65401142690656,-43.054397613223465,-10.74045223773307,11.075586469344852,0.22519999999999998,0.5156000000000001,23.4,0.0752,0.0,0.11508289233058426,-0.14852884720161605,2.311524185853863,0.7464976309386605,0.9631578947368421,0.7040945662805873,0.5415959678905052,0.5471961409251442,0.38185699533816675,0.6008404419844575,0.901157148189623,0.9546099290780141,0.6834330860421869,0.7660435868722543,0.6511758118701008,0.3595590215578609,0.8606196341918626,0.7571683518471595,0.0,0.0,0.0,0.0,0.0,0.0,0.0,0.0,Yahli Sokolovsky,2824.0
16.58772380322304,141.55639722713892,-76.56334334581152,-16.844706818730685,-12.474332090449234,4.0,-6.813201251404716,-46.484024269471846,-11.521874979340902,13.574796063585868,0.1686,0.33320000000000005,27.6,0.03,0.0,0.005678283180592722,-0.21868142189440806,2.3917165586435583,0.48349632249690694,0.8994350282485876,0.7983848672919392,0.37006309230739387,0.6820995670995671,0.2730049514093932,0.43809300317190436,0.9052058111380145,0.8965441338322695,0.8775808936825886,0.347533846437996,0.7061767883392663,0.5513908223084144,0.7826354679802956,0.8724137931034484,0.0018181818181818,0.0,0.0,0.0,0.0,0.0,0.0,0.0,Yahli Sokolovsky,2824.0
20.44561988014734,175.47565464736667,-81.8447494803592,-17.054131356209535,-13.25786668358773,4.0,-12.649570776686065,-45.03649432283772,-11.405070332932777,13.55838399189463,0.1908,0.39320000000000005,19.6,0.057199999999999994,0.004200000000000001,-0.1357833881807162,-0.07493710222557323,1.9077445551864156,0.7245315341380127,0.9065009371608956,0.8487029000666766,0.7305244857172121,0.3588247662715557,0.6879427781749392,0.4651191863826735,0.7282521453160816,0.9118292082665158,0.8860900461367132,0.5374206024215782,0.6712130535823622,0.36949188666667837,0.7469586890809778,0.7305602892734593,0.0,0.0,0.0,0.0,0.0,0.0,0.0,0.0,Yahli Sokolovsky,2824.0
21.7482049689441,192.6268944099379,-71.90071434651155,-16.46045548654244,-12.794217452101613,4.0,-6.196169772256729,-40.37639751552795,-11.185534161490683,11.112060041407867,0.2112,0.315,25.6,0.075,0.004399999999999999,0.03506832298136646,-0.10767701863354033,2.4921262939958586,0.8159776033594961,0.6849282811659884,0.8762637362637363,0.45938644996029243,0.6667314151961453,0.5017816558285488,0.5580741224766049,0.8131380292956056,0.7499703615886189,0.6432186663366272,0.7776308378442345,0.5808462304699298,0.7288836198379767,0.8215967604859271,0.8584743057772105,0.0,0.0,0.0,0.0,0.0,0.0,0.0,0.0,Yahli Sokolovsky,2824.0
17.396284727290418,155.49093562983506,-59.572793919801164,-13.669722181676642,-10.103482870319345,3.992307692307692,-11.35968471755948,-26.991232423490487,-11.029192818566631,9.58821339950372,0.1922,0.44279999999999997,16.2,0.078,0.0194,0.009167031576898766,-0.09788838612368023,2.0497912713472486,0.5693625192012288,0.8122273425499232,0.935483870967742,0.7326574500768049,0.7915437788018432,0.4944930875576037,0.4528033794162827,0.9583333333333334,0.9529411764705882,0.6651400560224089,0.7078011204481792,0.4235407066052227,0.6381029185867896,0.7121428571428572,0.8245238095238095,0.0,0.0,0.0,0.0,0.0,0.0,0.0,0.0,Yahli Sokolovsky,2824.0
17.87968877968878,166.64450574918664,-53.97827336624199,-13.808537025558303,-12.964733614829901,4.0,-3.8526952346101284,-29.00604479859799,-10.294607514394746,11.948344821749078,0.2178,0.4192,15.0,0.0648,0.0072,-0.03362585851947552,-0.075177304964539,2.7086434209838464,0.709051987767584,0.5591636225054144,0.7208823482862133,0.5733122886138697,0.6669904242381306,0.4546644715042138,0.6510159723316078,1.0,0.7343730886850153,0.5863287880055399,1.0,0.47587581027947995,0.7900464028904396,0.857599801636499,0.9247706422018348,0.0036697247706422,0.0,0.0,0.0,0.0,0.0,0.0,0.0,Yahli Sokolovsky,2824.0
19.46322235713667,164.3108059268829,-71.80247093983007,-17.011856691600208,-14.699778230049043,3.997872340425532,-5.0657986628840606,-41.518145030153185,-11.441165570783758,13.936400905214663,0.168,0.31120000000000003,26.4,0.029600000000000005,0.0,0.19227439122513443,-0.742005358816784,2.7027616024235086,0.6835978835978835,1.0,0.844758334199328,0.5428308521476224,0.7683591310920503,0.2116748514264042,0.3864451852029491,0.9555555555555555,0.8253110253110254,0.8163265306122449,0.9005291005291006,0.5598700741557884,0.47789279963193004,0.8908541194255479,0.9437313089487003,0.00317460317460316,0.0,0.0,0.0,0.0,0.0,0.0,0.0,Yahli Sokolovsky,2824.0
19.15865236415167,176.03169959099552,-57.189204622256774,-15.71540782171247,-12.183809502216004,3.9903846153846154,-6.517556247250219,-29.115430831376536,-10.779555829199179,13.132170994113011,0.1786,0.3468,24.6,0.0492,0.0058,0.16647300901787787,-0.27417307088268894,2.1753974013407977,0.7151141228249662,0.7283593700985005,0.8216816999425696,0.5788252327382762,0.6727698513084809,0.3706911701882891,0.6755245838172668,0.9373493975903614,0.7421604901122973,0.859347881034628,0.48149806540587053,0.38679802224858373,0.6394442877418257,0.767314716625427,0.7498321246880703,0.00139860139860138,0.0,0.0,0.0,0.0,0.0,0.0,0.0,Yahli Sokolovsky,2824.0
16.523742890895242,140.80521673516586,-64.28395977039868,-17.385451252802007,-10.28952316347582,4.0,-3.757654149828176,-40.72839771657431,-11.811756219929185,15.688822732210834,0.1362,0.3604,38.0,0.09119999999999999,0.039400000000000004,0.3182138596449803,-0.016590563165905618,1.5764378505984316,0.41484010961078255,0.7432338487354668,0.6922605363984674,0.41950493289852736,0.5040613026819922,0.6338546871835566,0.4154439608674627,0.7554596667865277,0.7207719045906748,0.7179399620578061,0.39001649121501814,0.482971270567521,0.40043666588137067,0.5728449619131462,0.46807391701488343,0.00137931034482758,0.04689655172413792,0.013793103448275858,0.0,0.0,0.0,0.0,0.0,Yahli Sokolovsky,2824.0
18.543529810298104,204.54424119241193,-62.0887765516851,-13.385501355013549,-12.96392334481971,4.0,-4.465051942186088,-35.71189024390244,-10.210840108401083,10.648430442637759,0.21059999999999998,0.4678000000000001,14.8,0.1222,0.029000000000000005,0.2390356820234869,-0.19286359530261968,2.8398486901535684,0.9515789473684212,0.8399602780536247,0.8520382017237363,0.616878884843135,0.9708333333333332,0.5728648534333738,0.7610396361273555,0.8962555322618216,1.0,0.6974015226746111,0.7628508771929825,0.71898390280383,0.8839506172839506,0.6811257309941521,0.9037037037037038,0.044210526315789464,0.0,0.0,0.0,0.0,0.0,0.0,0.0,Yahli Sokolovsky,2824.0
17.68868643587323,192.20019381722307,-69.7209864582684,-15.562959809021326,-14.022472790812495,4.0,-3.056276456501512,-44.602838772756265,-10.138094658799835,13.661656029623021,0.2514,0.4224,18.0,0.07980000000000001,0.0054,0.09009812513188357,-0.10102525631407848,2.0872727941745195,0.7399641577060933,1.0,0.7955017102829741,0.541871626910559,0.580220906142402,0.5027555562327837,0.5252217498556658,0.9379948914431673,0.8245828698553949,0.9908045977011494,0.7413504434997114,0.5533380569988978,0.3641405214317278,0.7887302764388415,0.9086206896551724,0.05316034107461415,0.0,0.0,0.0,0.0,0.0,0.0,0.0,Yahli Sokolovsky,2824.0
22.69057410551468,204.88054261653582,-54.77566635477232,-14.250615510377822,-12.601720461641367,4.0,-7.012885812546253,-25.95779702910433,-9.489273431718253,10.536625890615705,0.26099999999999995,0.32299999999999995,13.4,0.029400000000000003,0.0076,0.18754710045032624,-0.13411306042884985,2.490593453581569,0.871255060728745,1.0,0.969811320754717,0.8581429990069512,0.7251362154702706,0.5857382099995283,0.7855401429171922,1.0,0.869182389937107,0.9311475409836065,0.8961538461538462,0.5914847016658923,0.4457843853012101,0.8120706337687471,0.8974358974358975,0.0,0.0,0.0,0.0,0.0,0.0,0.0,0.0,Yahli Sokolovsky,2824.0
19.59363424157542,177.78672523554877,-57.60067018625632,-15.870053475935828,-10.969309096365818,3.994285714285714,-9.335120108649523,-30.105126899244546,-9.968726763432645,14.653380443086325,0.2394,0.41600000000000004,15.8,0.0686,0.0021999999999999997,0.1774051438757321,-0.24436974789915963,1.5783842627960276,0.5491821902523736,0.7808417260296405,0.8201731961028982,0.5871766224422862,0.6938022203270231,0.6967439140893942,0.5185943466244576,0.9593220338983051,0.8135969868173257,0.6546479100444718,0.5171535764524263,0.7149759676195295,0.9016978776529339,0.7632070081889164,0.8155244411692459,0.05536723163841808,0.0,0.0,0.0,0.0,0.0,0.0,0.0,Zbigniew Pakleza,3004.0
17.5821568627451,177.89030876718502,-69.96761226054919,-14.438900157764255,-11.279744331768468,3.9766666666666666,-9.352704530087896,-39.74558260085642,-10.603789722785667,11.476442416046877,0.20739999999999997,0.5458000000000001,18.6,0.0864,0.0058000000000000005,0.09395537525354968,-0.3184358800991661,1.5332736082938923,0.7180555555555556,0.7703544061302683,0.8563888888888889,0.6861848242545394,0.4974250374812594,0.5537068965517241,0.6644323671497584,0.7728781442612027,0.7656400966183574,0.8539251207729469,0.58858029318674,0.6703019323671497,0.6543582375478928,0.8465217391304348,0.9666666666666668,0.0030555555555555397,0.00138888888888888,0.0,0.0,0.0,0.0,0.0,0.0,Zbigniew Pakleza,3004.0
20.79528081403081,189.02542778792775,-48.04692677990297,-12.055251055251057,-10.417597013073204,4.0,-8.792939792939794,-23.69240962990963,-10.089250351750351,13.000521063021063,0.25360000000000005,0.5772,16.8,0.09820000000000001,0.012199999999999999,0.22227542227542224,-0.7076181951181951,2.5398541023541026,0.706314318192654,0.9262135922330097,0.9523809523809523,0.8012759211056857,0.47204383082688856,0.6713273869810642,0.5188242885802026,0.8813775416742994,0.9902912621359224,0.9064224664224664,0.8602739726027397,0.7320985810306199,0.8383394383394384,0.8317093860526723,0.770208453847637,0.0,0.0,0.0,0.0,0.0,0.0,0.0,0.0,Zbigniew Pakleza,3004.0
20.347556160224098,189.9713091308727,-62.91594751594175,-16.85972414498449,-12.30422047785713,4.0,-3.1311326419656913,-35.919834592940376,-10.267706030037655,11.566670371843594,0.175,0.5034,18.8,0.0668,0.0078,0.13008994087333775,-0.6303375599909483,2.7097401446121365,0.7523422067036124,0.8836601307189543,0.6992845778475403,0.6788471841951376,0.6569425784216367,0.7478688815650766,0.4084899274548956,0.8096137495050983,0.9921568627450981,0.8414516683866529,0.6561659779393707,0.8774193548387096,0.836159952229816,0.8928721174004192,0.8864486230793049,0.03776895067858324,0.0,0.0,0.0,0.0,0.0,0.0,0.0,Zbigniew Pakleza,3004.0
21.611744867732952,211.29869197667608,-46.62048674024449,-15.125087998176378,-10.46479972396165,4.0,-6.755051453015703,-21.96179102812668,-9.80219994834692,13.488443411382837,0.1914,0.5884,16.8,0.0348,0.0,0.05479090808782964,-0.4229869545659019,2.2761674020561804,0.8502979145978153,1.0,0.9139097744360903,0.6674630462990814,0.5852459830661714,0.6981628599801389,0.895774647887324,0.9973684210526315,1.0,0.9921052631578947,0.6412781954887217,0.5669200213887404,0.6980396554459801,0.6044063120863546,0.9404373610081542,0.0,0.0,0.0,0.0,0.0,0.0,0.0,0.0,Zbigniew Pakleza,3004.0
19.59374365992268,179.29274755090898,-58.482867168436975,-14.48639079456459,-11.765285944360953,3.998155396266129,-6.921076844757515,-31.517575345058475,-10.299032176083353,12.50833854012178,0.2141546997389034,0.5221325065274152,18.181462140992167,0.0553002610966057,0.007097911227154,0.1527958902388101,-0.3745753432759899,1.9810809724666447,0.6759097540047173,0.8911442522609788,0.8236730091906959,0.6738557819316483,0.5609180122993056,0.6089335259208655,0.6206530584273658,0.8724604596700994,0.8710415732162065,0.8430603013046387,0.7018046622933071,0.5338265099793232,0.7018707526183069,0.8012176478760509,0.8322114965171095,0.0556279747563129,0.045309287831327,0.0319323698215562,0.0324324324324324,,,,,Zbigniew Pakleza,3004.0
21.251740513444467,208.56795095661,-44.18670450258741,-12.606342838767372,-10.438827066093438,4.0,-2.55006953229667,-23.98996427083572,-9.446642570056229,10.845141775462015,0.2428,0.568,13.8,0.06000000000000001,0.0,0.35214167958465586,-0.7613956349499275,1.4688491492793503,0.8666666666666666,0.9620689655172413,0.8968421052631579,0.5035798060222859,0.6775985663082438,0.758420467185762,0.7134785238959468,0.9078947368421053,0.9394736842105263,0.8720830162168489,0.6657941572507464,0.5968663036902602,0.7736842105263158,0.85,0.8793103448275861,0.0,0.0,0.0,0.0,0.0,0.0,0.0,0.0,Zbigniew Pakleza,3004.0
18.224431632440787,166.37773776454623,-60.07941026683094,-16.092268569587183,-12.028915365313015,4.0,-5.690554274549429,-33.37405228369692,-11.153957026954739,14.260337253270354,0.2022,0.32880000000000004,24.8,0.0474,0.0,0.41005416936901656,-0.1217313220274588,1.922458028353842,0.539246228299583,0.8078798938287989,0.7274181499978657,0.6906925632451609,0.5372810783937085,0.27141741246959206,0.6289736704004179,0.9985401459854014,0.894833261771862,0.5698168094814497,0.47577893577249525,0.38962587503015966,0.5882794236916178,0.8867647058823529,0.8455882352941175,0.02067649444205906,0.0014598540145985398,0.0,0.0,0.0,0.0,0.0,0.0,Zbigniew Pakleza,3004.0
21.095467256320916,209.23065532028946,-70.01412799522113,-13.234762798177432,-13.807606061869937,4.0,-11.975540516394176,-36.652521665326546,-10.041550522648084,11.697853569195031,0.2642,0.6092000000000001,14.0,0.0388,0.0048000000000000004,-0.028870722773161762,-0.5347386759581882,1.8189127133029572,0.8467673992673992,0.8718999073215941,0.8096658060814688,0.7946037998146431,0.5738258528619975,0.7740060240963855,0.8018713314797653,1.0,0.9576923076923076,0.8692307692307691,0.7190384615384614,0.575111434749989,0.6216025641025641,0.7736594730570634,0.6594111611280287,0.0,0.0,0.0,0.0,0.0,0.0,0.0,0.0,Zbigniew Pakleza,3004.0
18.804651821270078,160.61322818592035,-71.9183733040254,-14.93955742300866,-12.60896777962667,4.0,-6.238643663339711,-46.38764118930267,-10.097716494178623,14.35415324543095,0.26139999999999997,0.5236000000000001,21.0,0.0626,0.0046,0.3018909262883925,-0.42672423873492776,2.099337307612877,0.5095013528760941,0.7396535103574441,0.9186046511627908,0.507078123913311,0.40715148218970015,0.5461764133994983,0.5884363629172599,0.9185185185185185,0.9228428609769189,0.9553287981859411,0.6530082179484534,0.3058285525384928,0.7054563205464188,0.7323554421768707,0.8994598765432098,0.0,0.0,0.0,0.0,0.0,0.0,0.0,0.0,Zbigniew Pakleza,3004.0
19.37639829258054,171.7017589579255,-46.18611671496725,-15.303507525031483,-10.218590519711281,4.0,-2.3480238739468904,-25.153834004580272,-10.36759560593025,13.20543481423293,0.22039999999999998,0.465,19.6,0.042,0.0038,0.048804016675187134,-0.3948744165554849,1.8808060782137765,0.6692683543721689,0.8152916235542985,0.7808316663217678,0.4698760203260445,0.5128612816444781,0.5925522858387857,0.5971165046202438,0.7930260513669494,0.8284691085511945,0.891385757972914,0.7578119610953991,0.36191563827895984,0.83542801959026,0.7167747350026442,0.8781954887218045,0.0,0.0,0.0,0.0,0.0,0.0,0.0,0.0,Zbigniew Pakleza,3004.0
18.45209013209013,150.2719968919969,-45.69084238292571,-15.804972804972806,-10.139031971115305,4.0,-7.344522144522145,-22.11620046620046,-10.458298368298369,16.172183372183373,0.2252,0.5105999999999999,19.8,0.029200000000000004,0.009600000000000001,0.2811266511266511,-0.17880341880341874,2.18970473970474,0.5736809920262101,0.9835616438356165,0.5978640514255609,0.8492732406148698,0.6243421647373422,0.4870130895135044,0.5648526345844085,0.7757966244134743,0.7836683241123328,0.9452054794520548,0.789542071074775,0.3852092696422956,0.7393019334471816,0.7372188490234246,0.7005217452202535,0.0,0.0,0.0,0.0,0.0,0.0,0.0,0.0,Zbigniew Pakleza,3004.0
22.719396513706858,196.87381483536655,-54.60262513999311,-15.784948912535118,-10.818530872967802,4.0,-5.3728695349385,-27.375524731559217,-11.235316701006354,11.984565613013888,0.22280000000000003,0.5806,16.8,0.0358,0.0054,0.13653353170594548,-0.48545490545490544,2.4126690768070076,0.7300212447580868,0.9,0.8871621621621621,0.7569735148682517,0.5134099684099683,0.5192365742365743,0.5659489941068887,0.847012987012987,0.7203703053703053,0.8758424008424008,0.8052280578596369,0.5763530447740972,0.6066251316251317,0.8593015093015094,0.89004914004914,0.0135135135135135,0.0,0.0,0.0,0.0,0.0,0.0,0.0,Zbigniew Pakleza,3004.0
20.91975538741145,179.395284160454,-54.769184991011414,-14.788351693186453,-11.260602455126248,4.0,-5.038535987166648,-31.12299362968733,-9.821353760988094,13.262652535143355,0.19319999999999998,0.6594,15.8,0.013999999999999999,0.0,0.07850691739920626,-0.5732942954638182,2.0489368903230587,0.5923324921265799,0.8943820224719101,0.7943206854345165,0.6844645042839657,0.3826570214404577,1.0,0.6376988984088128,0.9368421052631579,0.95,0.8829865361077112,0.7126820685434516,0.5831504510885261,0.8110403916768665,0.7771237433471319,0.932328469462132,0.0,0.0,0.0,0.0,0.0,0.0,0.0,0.0,Zbigniew Pakleza,3004.0
22.75254226441598,187.7241718702254,-48.790550875734716,-15.778706765666271,-10.342973470298698,4.0,-3.980806427614938,-25.048107920448345,-10.075032997201836,12.435076705495375,0.22199999999999998,0.433,18.0,0.0882,0.0156,0.4639324985241252,-0.7425360729410145,2.2124770219485383,0.6700914313817539,0.8727272727272727,0.7504626033658292,0.9170087976539589,0.5606499922628954,0.5053443446991833,0.7143107691494789,0.9303030303030303,0.8778378378378378,1.0,0.8049064449064449,0.34615145389338936,0.6597821533305404,0.9019587329264749,1.0,0.01297297297297296,0.010810810810810801,0.00864864864864864,0.00648648648648648,0.0,0.0,0.0,0.0,Zbigniew Pakleza,3004.0
20.602087032367812,192.79889014235832,-61.771372783183416,-14.093564734186504,-11.106051637962924,4.0,-7.524698950724788,-34.16008081123155,-9.945891849271744,11.058915200194084,0.1898,0.6168,18.2,0.0776,0.0,0.03647843252782037,-0.11250963640722159,2.2189977327799584,0.7436970909650608,1.0,1.0,0.4899666726928996,0.6481957079008002,0.7708299758259468,0.6127436425920122,0.8823456980144682,0.8958904109589041,0.7261443684853527,0.6570021429853228,0.685921491884425,0.7200908445818361,0.9780821917808218,0.9068493150684931,0.0,0.0,0.0,0.0,0.0,0.0,0.0,0.0,Zbigniew Pakleza,3004.0
19.133975506193636,159.63032775379864,-64.37029575625854,-15.192651858090324,-13.425061170161765,4.0,-6.56231357686774,-37.164289223427026,-9.903537214443627,13.877557286731939,0.2588,0.5851999999999999,19.0,0.0698,0.0034000000000000002,0.14248341930729547,-0.6759307997333053,2.012675018422992,0.5413840958923803,0.8814633006077607,0.7773309471172405,0.5044760733676035,0.3371247351550201,0.5125348873992703,0.8069519073726648,0.8338709677419356,0.9508474576271186,0.9362196020633752,0.5080242721438909,0.6229606018105317,0.8419588592800376,0.7992999263080324,0.9372881355932204,0.00169491525423728,0.0,0.0,0.0,0.0,0.0,0.0,0.0,Zbigniew Pakleza,3004.0
22.124151992719767,198.12162382408172,-72.11965082219521,-16.37837422903372,-12.416374048639032,4.0,-4.939463293995141,-43.60430563713929,-11.375520430050107,12.59438681666207,0.19299999999999998,0.3766,16.2,0.0382,0.0,0.0015313266701673434,-0.2951817018070055,1.8577583719743558,0.8045584045584047,0.9255813953488372,0.9834151593453919,0.48846721162128137,0.6440472404425893,0.49862208474127073,0.6555345607235142,0.781298076923077,0.8951566951566953,0.8038461538461539,0.4088330268998874,0.4171670227920227,0.8255555555555556,0.8706267806267807,0.831817398794143,0.0,0.0,0.0,0.0,0.0,0.0,0.0,0.0,Zbigniew Pakleza,3004.0
18.123223443223445,156.49132703553755,-59.71700262153145,-15.669687038108089,-11.019483181906743,4.0,-1.7953023584602534,-36.79932523616734,-10.151378446115288,11.71817363922627,0.186,0.5324,17.0,0.030199999999999998,0.0,0.027752715121136157,-0.27707216759848335,2.2454932202300624,0.567797991482202,0.9116883116883117,0.7527472527472527,0.6090116527131195,0.6188856441229176,0.8860703144999953,0.5638912855910267,0.8754245754245755,0.7541458541458541,0.8780219780219781,0.6464535464535464,0.7509490509490508,0.6423825958338469,0.8494505494505494,0.6441902359935147,0.0,0.0,0.0,0.0,0.0,0.0,0.0,0.0,Zbigniew Pakleza,3004.0
19.301914603843244,190.80003599029635,-56.38221321409496,-16.16721276509126,-11.441714764724765,4.0,-4.167520093749602,-30.948544241215416,-10.740783212287553,13.083561862973628,0.2586,0.49700000000000005,23.4,0.0744,0.027000000000000003,0.24720217280487286,-0.7651751298810122,1.8517834553032237,0.6992419644926018,0.9568181818181818,0.6467855812769042,0.6907842947785493,0.4464811740914351,0.41012933645591765,0.49167627043078144,0.8285553555355534,0.777741947941608,0.7626810408313559,0.8594059405940595,0.7889020070838253,0.6046270897268147,0.7364817001180637,0.6032889582804621,0.08984320692052213,0.0,0.0,0.0,0.0,0.0,0.0,0.0,Zbigniew Pakleza,3004.0
16.475402459637465,176.56660371859886,-64.2198540057627,-14.799347205222357,-11.11508743818096,3.9904761904761905,-5.870816576324532,-37.38421635484059,-10.228966602552894,11.18810398088244,0.2246,0.5654,17.2,0.0988,0.009600000000000001,-0.06644751413417263,-0.19346272658390157,1.6524415690388765,0.6557482501178951,0.9928571428571429,0.789958939902949,0.32121214375960594,0.49932422933542764,0.6694266591763922,0.4429188327753394,0.7902456988136303,0.8569402228976696,0.8158361018826135,0.5447863845660663,0.49831736013146993,0.5124081401380288,0.6376350213845983,0.7116968571850208,0.0,0.0,0.0,0.0,0.0,0.0,0.0,0.0,Zbigniew Pakleza,3004.0
20.28867917751639,200.5914950166113,-58.18466752894328,-16.69979348118883,-11.367093676020588,4.0,-6.376358085660411,-28.763356379635447,-10.00730178683667,11.029235880398671,0.221,0.5138,19.0,0.07020000000000001,0.0082,0.03827601688066806,-0.03938223938223936,1.8732710783873574,0.8141734758013829,0.9312565956615204,0.8854817275747509,0.9216216216216215,0.7187707641196013,0.5405406989948713,0.539516133291783,0.9352491694352161,0.5979147938245066,0.7240863787375414,0.4277103349196373,0.677735000977135,0.7358628102403753,0.769179312202568,0.9553781512605042,0.0,0.0,0.0,0.0,0.0,0.0,0.0,0.0,champ2005,3057.0
20.826907282752085,177.53835757534756,-69.81161197541121,-15.195409802794035,-14.286922667830789,4.0,-7.628199945878293,-38.45635845482529,-10.170782396915063,11.926061292832257,0.198,0.5102,14.2,0.028200000000000003,0.01,0.06630399485843792,-0.23660656902208843,1.8104735649291346,0.6997213880547213,0.8937654320987655,0.749014442212198,0.8714548349190705,0.6384057971014493,0.563967382529795,0.6613276904768256,1.0,1.0,1.0,0.43704720849882134,0.7525675675675675,0.5959648358035455,0.7557916612264438,0.7624559341950646,0.0,0.0,0.0,0.0,0.0,0.0,0.0,0.0,champ2005,3057.0
20.416981579086933,181.0875502055842,-62.922900668585115,-15.581769469851967,-13.162717442463123,4.0,-4.061479016713958,-36.23159616825619,-10.145501124770234,12.260162553470366,0.1986,0.5426,19.2,0.0312,0.0,0.09997538247542119,-0.01379720487659826,1.8547096652762645,0.6527438317515977,0.9692397889388313,0.7189932350118244,0.5806698835820854,0.5983109776255913,0.6788508743313286,0.38521729886148526,0.8775095672652341,0.8140418015896378,0.8883720930232558,0.4979177309317892,0.7484667627083763,0.7365747176448465,0.5873914848065476,0.690733310683102,0.0012658227848101199,0.0,0.0,0.0,0.0,0.0,0.0,0.0,champ2005,3057.0
18.311326311821116,162.28307650620863,-59.20018067636486,-16.243005584222804,-10.877674373497346,4.0,-6.359850144907048,-33.372202587120945,-10.589710185905139,14.242262199288424,0.2262,0.48360000000000003,18.4,0.0316,0.0,0.2540540986310408,-0.7465615796046275,1.9591138286091279,0.5544144466297157,0.8719302742886439,0.7781155015197567,0.7222957268013588,0.53740032183086,0.6406745523125938,0.2900225970931823,1.0,0.7747291687759441,0.8476846057571965,0.6155148324389997,0.5119197189257656,0.7323494729858105,0.9309127373071762,1.0,0.0,0.0,0.0,0.0,0.0,0.0,0.0,0.0,champ2005,3057.0
18.056478199602974,155.34128345830376,-54.64854126889045,-15.90890050022457,-11.396421297278795,4.0,-5.800015685588801,-29.212752812263215,-10.593164014687883,14.262713041152812,0.20879999999999996,0.5212000000000001,23.6,0.0692,0.0218,0.019083584474181372,-0.10752911690992181,2.1246623227014183,0.4539491688992596,0.87953216374269,0.9311781609195402,0.59212974966151,0.7479949874686717,0.5177134646962233,0.5160919540229886,0.8821637426900584,0.9517543859649124,0.9812865497076023,0.4594298245614035,0.6698725981620719,0.6401837928153717,0.8146386080142886,0.5374067352288767,0.0022988505747126397,0.0,0.0,0.0,0.0,0.0,0.0,0.0,champ2005,3057.0
18.115603492552644,159.07689967053756,-70.70588244719335,-17.201677377328473,-12.41618632307494,4.0,-12.177031580793468,-36.27613103962319,-11.353929403585253,14.71907327721197,0.1746,0.38619999999999993,23.0,0.048400000000000006,0.0036,0.24814649178849257,-0.2888456913074523,1.8377750322572564,0.47433949506614226,0.5663396199759836,0.7961321303106124,0.6118542712037291,0.5919728756092392,0.36838768207512995,0.5862374506922047,0.7890323691460055,0.7447933884297521,0.8208264462809918,0.5265002627804963,0.2338566043121923,0.7287580243637375,0.740721904358268,0.7012022961053404,0.0,0.0,0.0,0.0,0.0,0.0,0.0,0.0,champ2005,3057.0
22.08089096089096,207.76401095980046,-43.937602322705914,-13.285186548344445,-10.843510527561488,4.0,-2.7073815073815077,-22.062988862988863,-9.150123093280987,10.111588216851374,0.21059999999999998,0.49800000000000005,15.0,0.014799999999999999,0.0,0.09652421652421651,-0.046081326081326035,2.457829577829578,0.9151314508276533,0.9199999999999999,0.7742897327707454,0.6509309309309309,0.8588616482956105,0.8042151633362524,0.8936708860759494,0.96,0.9066666666666666,0.8784810126582279,0.8683544303797468,0.7392746681019908,0.7395719351105069,0.6933036117081974,0.6927620902304448,0.0,0.0,0.0,0.0,0.0,0.0,0.0,0.0,champ2005,3057.0
21.88204301075269,198.0015496521189,-64.19289334335886,-12.757495256166985,-12.197751028368337,4.0,-10.642188488298546,-36.45483870967742,-9.013927893738138,12.873308032890577,0.23959999999999998,0.45660000000000006,15.4,0.0392,0.0134,-0.03053130929791272,-0.40268184693232134,1.350853889943074,0.7045238095238096,0.905924369747899,0.9933333333333334,0.9314659197012138,0.5850815948269854,0.5807878673857603,0.5719051799824407,0.8825536184623104,0.9432835820895523,0.8973134328358208,0.6633380018674135,0.41386282871357494,0.7771755368814193,0.8020028011204481,0.9747899159663866,0.0,0.0,0.0,0.0,0.0,0.0,0.0,0.0,champ2005,3057.0
18.105281418239166,168.75130893468923,-47.10368672943465,-16.486845396704553,-9.825699345672614,3.9943661971830986,-2.6531540594920875,-25.60827668714993,-11.055384197074337,14.531306759475774,0.19699999999999998,0.4004,21.4,0.1102,0.013600000000000001,0.24265919843384634,-0.1029311001141987,1.7571618902604818,0.5724593377510883,0.8591549295774648,0.6288327778770435,0.4105690523698572,0.48354169667046937,0.6423292651662873,0.4682528295204351,0.9366197183098592,0.8913399314807766,0.8833668678739102,0.5171980352563853,0.3218505269813116,0.6689468859488981,0.8535484464055892,0.7405288876113826,0.1272450662792715,0.0,0.0,0.0,0.0,0.0,0.0,0.0,champ2005,3057.0
21.705432936988448,177.32171833793103,-53.223668701633436,-16.278614750342175,-12.161941760044229,4.0,-3.741288701287666,-26.380500385419612,-10.247388232107578,11.58606512756782,0.18359999999999999,0.3882,21.6,0.0058,0.0,0.20340595609858245,-0.04702111613876318,2.898663625797014,0.7062470862470863,1.0,0.9363806924782534,0.8548148148148147,0.5719815324693374,0.5948976948976948,0.801989121989122,1.0,0.8222533022533023,0.9481481481481481,0.6480830280830281,0.697995337995338,0.6728197908685714,0.7814422614422615,0.9545713545713544,0.0,0.0,0.0,0.0,0.0,0.0,0.0,0.0,champ2005,3057.0
18.222414304704934,168.54601993960048,-58.99037213495278,-17.10674162182442,-11.47154355970293,4.0,-6.086163330565794,-30.199630131093365,-11.884642718186903,13.758349226420624,0.22160000000000002,0.5236,19.8,0.052000000000000005,0.0082,0.4290676460745522,-0.4326661131587815,1.2421679357977173,0.6280461706967732,0.8107575757575758,0.7526291529755385,0.45252263062946974,0.5723725375931259,0.48009112619406735,0.8737053795877324,0.799506045572665,0.6665350329055149,0.8713597513597513,0.7607954545454545,0.39591040495452257,0.6598955777862583,0.6643587926366098,0.7778631542486965,0.0,0.0,0.0,0.0,0.0,0.0,0.0,0.0,champ2005,3057.0
21.479372264332234,193.85637379452686,-63.72252358374283,-16.552343332977475,-10.7704321990946,4.0,-2.819307142094587,-40.70905305861002,-11.325941069712822,14.454553218746664,0.18719999999999998,0.499,21.2,0.05900000000000001,0.0018,0.2712924806946372,-0.2558748798975125,1.0474381694601616,0.7587696709585121,0.7875536480686696,0.7602740757473081,0.5749556863630927,0.4032691992541313,0.5093532999375491,0.6525911408159378,0.562988789823587,0.7810014306151645,0.7438340486409156,0.5416760786085385,0.28849240622384026,0.847843137254902,0.76864605340668,0.8543859649122807,0.0008583690987124399,0.020600858369098703,0.0,0.0,0.0,0.0,0.0,0.0,champ2005,3057.0
18.31651082001269,181.48442333660338,-55.98884095876141,-14.637282397522458,-10.325513896226543,4.0,-10.097931021216842,-27.317237001558084,-10.131615673149057,12.520739030911574,0.233,0.39699999999999996,21.4,0.06400000000000002,0.018000000000000002,0.2936801892780887,-0.3810661896243291,2.5216131725239004,0.6855750476080559,0.863225806451613,0.8389247311827956,0.5940159270586877,0.8431612903225807,0.8094073518379595,0.5175723546271183,0.7894838709677419,0.969767441860465,0.8490322580645161,0.8494871794871794,0.49805970723450094,0.5763295823955988,0.7557138130686518,0.7060545905707196,0.01395348837209302,0.0,0.0,0.0,0.0,0.0,0.0,0.0,champ2005,3057.0
18.739557701070858,191.07544286853494,-56.63616220304291,-16.33831738437002,-10.846509092995063,4.0,-4.136214114832536,-29.47044457735247,-9.933556903622693,10.088879870129873,0.23020000000000002,0.40099999999999997,18.0,0.06899999999999999,0.0084,0.3351831282752335,-0.4877933470038733,1.947120642515379,0.707249183564973,0.8761904761904761,0.9912280701754387,0.7474937343358395,0.4204602415128731,0.6730690362269309,0.43927242348294976,0.9280701754385966,0.9545454545454545,0.6671565276828434,0.5283587757271967,0.5917027417027417,0.8368421052631578,0.7095693779904306,0.8492025518341307,0.0,0.0,0.0,0.0,0.0,0.0,0.0,0.0,champ2005,3057.0
23.196558598889638,215.29642822759214,-62.97266895767259,-17.216590668405438,-11.614513148108768,3.9957446808510637,-4.475210672723188,-32.83590429178665,-11.28323942953167,10.457044572032057,0.19679999999999997,0.31520000000000004,16.2,0.028800000000000003,0.004200000000000001,0.0067483830312365795,-0.651676264911559,1.5849895775897027,0.9638297872340426,0.8514769675686843,0.7240219732400749,0.7373050145387949,0.7090862455448106,0.6068732843943938,0.6973205741626795,1.0,0.9749003576903423,0.9009708737864077,0.5322953931649012,0.4882548482982213,0.5350006448616041,0.7275221859039009,0.7658133388929997,0.0,0.0,0.0,0.0,0.0,0.0,0.0,0.0,champ2005,3057.0
19.988029067061564,185.5270428152635,-59.88145312679513,-15.573733362289357,-11.588037136957643,3.998710032627548,-6.304207318133198,-32.257880430904166,-10.472576763269984,12.316271852131674,0.2089068396226415,0.4491344339622641,19.076650943396228,0.0581509433962264,0.0066403301886792,0.1305784291078588,-0.3087713787405308,1.9366655600400784,0.7409730489975888,0.8807027854392895,0.8276600646467448,0.6626574342264356,0.6046704703795631,0.5818391642143237,0.5986872480122152,0.8753190437802366,0.861326463197231,0.8418471179984471,0.6420790271479169,0.5886818852446082,0.6957510562934871,0.7928111953219226,0.8333410655909026,0.0587093333153414,0.0765394774172293,0.0178571428571428,,,,,,champ2005,3057.0
21.098251082251085,209.29332467532467,-61.847857171815335,-14.64311688311688,-12.075086609044773,4.0,-10.227186147186147,-29.609307359307355,-10.058961038961037,10.765800865800866,0.21200000000000002,0.40520000000000006,17.2,0.0678,0.0036,0.09945454545454546,-0.1579393939393939,1.4997489177489176,0.8973553719008265,0.8429752066115702,0.9900826446280991,0.8358347107438018,0.6378842975206611,0.7564526382708201,0.6076033057851239,0.9206611570247933,0.789828353464717,0.6917355371900827,0.622085187539733,0.47485060394151307,0.5591404958677686,0.8193388429752065,0.8051239669421488,0.0,0.0,0.0,0.0,0.0,0.0,0.0,0.0,champ2005,3057.0
17.00070701678735,158.05386074939423,-53.041945961450665,-17.263000631079784,-10.312617254778157,4.0,-2.7687238991886614,-28.561283217684615,-10.809402470604516,12.673081511885073,0.21739999999999998,0.48740000000000006,20.0,0.0804,0.0038,0.12243373368690649,-0.19638606082552745,1.30969131379408,0.5535355063582925,0.8962962962962961,0.7027032779906343,0.3634656513417638,0.6749807523346286,0.6945125616059622,0.5386890969709279,0.9576271186440678,0.9406779661016949,0.8589102144577563,0.7200961822917794,0.5050054139096257,0.42046131606900267,0.6341806834959195,0.5729341133416141,0.0185185185185185,0.0,0.0,0.0,0.0,0.0,0.0,0.0,champ2005,3057.0
18.68369563373248,175.30104196205892,-75.99150461457674,-16.670900608999357,-12.53684608195211,4.0,-10.16539721108623,-39.78220066576735,-11.513199650856247,10.677039604084555,0.2374,0.3922,25.0,0.0514,0.0028,0.06935186581465139,-0.23744987223248087,1.6163072431311196,0.6362418903872324,0.9663999999999999,0.895661313868613,0.8642335766423358,0.3781498269765497,0.34858575522200413,0.3448437578243838,0.8660203389830509,0.6788495039639416,0.8143404694809867,0.31161852388080274,0.5604413542826508,0.6500788321167883,0.7987282645258149,0.7328916946143224,0.0,0.0,0.0,0.0,0.0,0.0,0.0,0.0,champ2005,3057.0
19.43380402558902,191.70193879818626,-42.46510738526314,-14.675621876433237,-9.690431857950692,4.0,-5.967446346756692,-18.543053802181593,-10.915035674264882,13.326482172323958,0.26460000000000006,0.49399999999999994,17.8,0.08940000000000001,0.0034000000000000002,0.19758507212868265,-0.17070975002009484,1.8868248722204097,0.8015715157840839,0.8893203883495145,0.8993899204244032,0.5450249480170469,0.6756449948400414,0.48528837632758537,0.5979585321155241,0.9913793103448276,0.9320388349514562,0.858252427184466,0.2797559735913655,0.5241080463012447,0.6362552660321423,0.8088952125878809,1.0,0.0,0.0,0.0,0.0,0.0,0.0,0.0,0.0,champ2005,3057.0
23.433116741182317,209.46812653698672,-51.065876377114485,-17.558390202247484,-11.382148166042004,4.0,-1.2619794862803546,-25.32910824737247,-10.63788995061512,11.103639675442954,0.17639999999999997,0.199,13.6,0.058199999999999995,0.006,0.03287678456048752,-0.053457753361321324,2.01919224387884,0.9019607843137255,0.868870523415978,0.7620320855614973,0.6537352130935019,0.6799977374389644,0.72534435261708,0.8299648691536493,1.0,0.9666666666666666,0.9137254901960784,0.606048376000954,0.5149408523740073,0.8745098039215687,0.9215686274509803,1.0,0.0,0.0,0.0,0.0,0.0,0.0,0.0,0.0,champ2005,3057.0
