CenterControlScore,PieceActivityScore,KingSafetyScore,CastlingScore,KingTropismScore,KingDefendersScore,KingPawnShieldScore,KingZoneControlScore,KingDiagonalExposureScore,KingEscapeSquaresScore,CaptureRatio,PawnCenter,AveragePawnAdvanceDepth,CheckRatio,ForceRatio,PawnIsolateScore,PawnOverlapScore,PawnProtectScore,queen_1LifeRatio,rook_1LifeRatio,rook_2LifeRatio,bishop_1LifeRatio,bishop_2LifeRatio,knight_1LifeRatio,knight_2LifeRatio,pawn_1LifeRatio,pawn_2LifeRatio,pawn_3LifeRatio,pawn_4LifeRatio,pawn_5LifeRatio,pawn_6LifeRatio,pawn_7LifeRatio,pawn_8LifeRatio,queen_promo_1LifeRatio,queen_promo_2LifeRatio,queen_promo_3LifeRatio,queen_promo_4LifeRatio,queen_promo_5LifeRatio,queen_promo_6LifeRatio,queen_promo_7LifeRatio,queen_promo_8LifeRatio,Name,ELO
19.088649401760787,181.04884180507952,-63.11288565974045,-14.650555173616889,-12.029563726186169,3.997822140921065,-6.119282383359386,-35.91199427915387,-10.559870156797237,12.160557918452032,0.2160306748466257,0.3587453987730061,18.8680981595092,0.0698098159509202,0.0116595092024539,0.0665290872952823,-0.2287527250774957,1.1229237112549906,0.7009875757286537,0.8404769677258924,0.8213339623744631,0.6203153356071255,0.5993670303092191,0.506496744094242,0.5663549685250262,0.8649037519451308,0.8607999471823052,0.7526377985770966,0.5050719245193754,0.3702911027206727,0.6540286822292912,0.8299835511423189,0.8562364295015873,0.1189072376139905,0.032,0.008,,,,,,Aaron Jacobson,3062.0
18.70215064102564,174.21839743589743,-64.32302389855515,-15.646282051282052,-12.451363642144893,3.992307692307692,-8.001875,-34.10870192307693,-10.822557692307692,12.715448717948718,0.1796,0.5144,19.4,0.055400000000000005,0.0,0.0045288461538461776,-0.11874999999999998,2.541570512820513,0.678109256066277,0.784992784992785,0.9096681096681095,0.5757822317225835,0.6624615549179502,0.5024454732785613,0.4399435588166454,0.8784496124031008,0.8982059800664451,0.8405315614617941,0.5486090137252928,0.6893665478006441,0.744545246399824,0.8145814934746344,0.9650672161711313,0.00404040404040404,0.0,0.0,0.0,0.0,0.0,0.0,0.0,Aaron Jacobson,3062.0
19.211093366093365,193.5395651983152,-55.49544005930295,-10.541883116883117,-11.420070192683077,4.0,-8.144588013338012,-28.679100122850127,-9.31175544050544,8.601956826956826,0.1426,0.5267999999999999,16.2,0.028000000000000004,0.0036,0.08573402948402946,-0.19717444717444715,1.506053001053001,0.8748858447488583,0.7781524411661398,0.8522936424306288,0.7663542417688056,0.8456621004566209,0.5154729817166731,0.8036049026676281,0.8547945205479452,0.869406392694064,0.9077625570776255,0.7357366017784186,0.5823001127687502,0.7686059194350471,0.8062381454162276,0.8968036529680365,0.0,0.0,0.0,0.0,0.0,0.0,0.0,0.0,Aaron Jacobson,3062.0
20.046570189070188,188.11392903392905,-64.0713124355803,-17.21718466718467,-11.612711036978896,3.994871794871795,-5.5271658896658895,-34.09369658119658,-11.31243783993784,11.697011784511783,0.22840000000000002,0.21280000000000002,15.8,0.055600000000000004,0.010199999999999999,-0.0683197358197358,-0.1481481481481481,0.7786383061383061,0.798962982790734,0.8943420216147488,0.7820791648542844,0.502615406921627,0.7211273574909939,0.41338917329347946,0.5288627162311373,0.937764245324054,0.6728893399706797,0.3863601045419227,0.41818717167999464,0.5126886829279174,0.8848368856024358,0.7947658402203858,0.9900826446280991,0.0,0.0,0.0,0.0,0.0,0.0,0.0,0.0,Aaron Jacobson,3062.0
23.24578846153846,229.90159615384613,-69.68203863814757,-14.313076923076924,-12.370961715070644,4.0,-7.284711538461539,-39.606730769230765,-9.861461538461537,9.754903846153846,0.1984,0.3654,15.4,0.041600000000000005,0.0076,-0.11946153846153847,-0.09038461538461537,1.7661730769230768,0.95,0.7554675932034423,0.9797047397047397,0.8087752525252526,0.5698676554669896,0.5506905594405594,0.6472436630455498,1.0,1.0,0.9169811320754718,0.4043529776118566,0.4693872225628607,0.6787977206539916,0.9569230769230769,1.0,0.00404040404040404,0.0,0.0,0.0,0.0,0.0,0.0,0.0,Aaron Jacobson,3062.0
17.079120772946858,170.84165217391305,-67.3124853531536,-15.366634460547505,-11.082575530287263,4.0,-6.433574879227052,-40.43876006441224,-11.215159420289856,13.224219001610305,0.157,0.3258,24.4,0.0884,0.0,0.08502415458937199,-0.23634782608695654,0.9909919484702094,0.6118044874216213,0.7275737704918033,0.7529500076253177,0.5354346150940545,0.5103488705900128,0.4767980286785508,0.38369983241277783,0.9041474654377881,0.884,0.8895671224597719,0.38470411758664214,0.2179653207910298,0.6038721764750321,0.6903617173403684,0.8633879781420765,0.06543778801843318,0.0,0.0,0.0,0.0,0.0,0.0,0.0,Aaron Jacobson,3062.0
16.48821936351971,159.36265473209613,-70.1060159610294,-16.488975087459167,-11.832964565228759,4.0,-6.033901758174385,-42.84322308201184,-11.536801833241809,14.629850365086558,0.2306,0.17479999999999998,27.4,0.0868,0.0114,0.33847365102445526,-0.2713700831709843,1.2464363397636053,0.634323269714597,0.770934643084052,0.7638739035212867,0.4406313130352408,0.3636941079317691,0.357799601384226,0.49043297643986633,0.8805755395683453,0.8719424460431654,0.5957542883533661,0.4899177854966159,0.34304703057418495,0.5641231190808134,0.7873447590660706,0.6825851131027296,0.0014388489208633,0.0,0.0,0.0,0.0,0.0,0.0,0.0,Aaron Jacobson,3062.0
21.9719111969112,220.8518211068211,-61.406767220938136,-14.634620334620333,-11.589334788505706,4.0,-4.8653474903474905,-34.662194337194336,-9.51888030888031,9.863610038610037,0.2646,0.4842000000000001,12.4,0.0438,0.0108,0.08912483912483912,-0.24495495495495495,1.6331402831402833,0.9657142857142856,0.9942857142857143,0.9061728395061728,0.500691091560819,0.6800058619916777,0.4915861512875324,0.6472127766864608,0.9060152350932492,0.8222927689594357,0.9155555555555555,0.5765161321936237,0.7567471871167281,0.6439334070913019,0.8902702702702703,0.8479536679536679,0.0,0.0,0.0,0.0,0.0,0.0,0.0,0.0,Aaron Jacobson,3062.0
16.45626507653132,161.76090359951257,-65.84891960251271,-14.708793212608615,-12.759875869407754,4.0,-7.3871996726182205,-35.34078479585032,-10.687288261194889,11.035022209167085,0.20439999999999997,0.32859999999999995,25.0,0.099,0.0058000000000000005,0.12010270747410914,-0.13142785196270287,1.0734221964647928,0.5208547314269888,0.9968992248062015,0.8180878552971576,0.6234206964439521,0.35747611214152686,0.4403294385125676,0.5638603943223248,0.8100195694716241,0.8004700381444568,0.7427400986271562,0.5924720068906115,0.3207504159144809,0.6163862046181257,0.6241398867243504,0.8209302325581394,0.011851851851851839,0.0,0.0,0.0,0.0,0.0,0.0,0.0,Aaron Jacobson,3062.0
21.078599154681037,183.75893328322297,-64.66571352335485,-15.91675689959672,-12.559032819910884,4.0,-7.205389972737803,-33.7513102150293,-11.25988581000436,12.026662193924215,0.21660000000000004,0.34480000000000005,21.6,0.0668,0.013000000000000001,0.17767283308106868,-0.10245786104060259,1.4978229557389349,0.690525497870381,0.8442995391705068,0.8594117647058823,0.8419354838709676,0.30554349658555424,0.5909379532634972,0.4237469002625353,0.8614649476228848,0.9788235294117648,0.6482801590808661,0.5374749254540525,0.6291095890410958,0.6050989056692053,0.8506849315068493,0.8774193548387096,0.0,0.0,0.0,0.0,0.0,0.0,0.0,0.0,Aaron Jacobson,3062.0
18.392401913875595,193.40261244019138,-52.06033177600386,-11.967559808612439,-14.785781536769411,4.0,-0.20724880382775143,-28.828827751196172,-9.419741626794258,9.148827751196173,0.20800000000000002,0.5544,13.8,0.0442,0.004,-0.09688995215311005,-0.1570526315789474,0.9225885167464114,0.8614839261703949,0.996039603960396,0.964405329421831,0.5619442952047142,0.8177654974799806,0.7360224911380027,0.7988861386138614,0.9268060139347268,1.0,0.8624618017357293,0.6464746733071239,0.5110740068974937,0.5515421064750294,1.0,0.8120857699805069,0.0,0.0,0.0,0.0,0.0,0.0,0.0,0.0,Aaron Jacobson,3062.0
18.337287113325978,158.54328737512384,-75.8740505894246,-14.716529340390116,-13.834364126694123,3.995918367346939,-9.38711546120518,-43.602351390267245,-11.251876383142076,12.922267744927202,0.21639999999999998,0.24100000000000002,17.2,0.0482,0.0,0.06766111475750743,-0.12016326530612245,0.7765231315107128,0.5420484002415368,0.8512452399954394,0.856381607219596,0.5869734351841295,0.5507905597993388,0.6359915689524628,0.5066379135333644,0.9262569832402235,0.8107472352069319,0.8728739913097454,0.6268899276656659,0.10683332050291343,0.7789816440542697,0.8949720670391061,0.7932101418134938,0.0,0.0,0.0,0.0,0.0,0.0,0.0,0.0,Aaron Jacobson,3062.0
17.629744308111793,189.06049028629855,-55.00236891338085,-16.248552828902522,-10.695962676162035,3.992,-3.128396216768917,-32.46269205862304,-11.12553916155419,14.666774028629856,0.184,0.43900000000000006,36.2,0.063,0.07680000000000001,0.5829784935241992,-0.15521281526925698,1.2723540218132243,0.6647076923076923,0.6375358613217769,0.5954534850126401,0.41924597327555074,0.45289230769230765,0.27893452509931377,0.4387193932827735,0.6130821235102926,0.8689230769230768,0.8824615384615384,0.4764783315276272,0.42027692307692305,0.6228615384615385,0.7533974358974359,0.8516923076923077,0.16240000000000002,0.0064,0.0016,0.0,0.0,0.0,0.0,0.0,Aaron Jacobson,3062.0
18.295181678305124,171.92645608947805,-53.61749233879781,-10.820126642206176,-10.93940035552562,4.0,-10.04180524322405,-29.276800015780957,-10.562457983193278,14.023097901132285,0.22519999999999998,0.45120000000000005,14.0,0.0666,0.0,-0.10951660946068568,-0.24120803250877812,1.0482870753935376,0.807632408870799,0.6770804015386058,0.7351707116412999,0.5362243070022956,0.6717665912518853,0.5844623900351456,0.7761458355885601,0.9272727272727274,0.8189573906485672,0.6670977307006719,0.709202046663347,0.4720536961623549,0.4123269120772366,0.9098313451254627,0.826354038118744,0.0,0.0,0.0,0.0,0.0,0.0,0.0,0.0,Aaron Jacobson,3062.0
25.884074468085107,231.1779840425532,-54.06137469966711,-12.69436170212766,-10.663358742220293,4.0,-5.677260638297872,-30.022898936170215,-9.706739361702128,10.703244680851064,0.25060000000000004,0.4271999999999999,11.6,0.030200000000000005,0.0,-0.07573936170212767,-0.04051063829787234,0.38250531914893615,0.9087862513426422,0.9136842105263158,0.9661538461538463,0.7149764521193093,0.586961910270181,0.6114781459142362,0.7669073783359497,1.0,0.9142857142857143,0.6611352557217218,0.5666011181800655,0.16738990332975287,0.8157085020242916,0.9073684210526316,0.9410526315789474,0.0,0.0,0.0,0.0,0.0,0.0,0.0,0.0,Aaron Jacobson,3062.0
17.717085116658616,182.43292351546842,-102.39802784586031,-15.826699640836898,-17.873415597676946,4.0,-14.350726097889986,-56.924397832808744,-11.479265825103669,10.056477148455931,0.1766,0.3854,17.2,0.040400000000000005,0.017599999999999998,-0.09759446766699419,-0.4915136476426799,1.5154873404721854,0.783288380623584,0.8091126913565029,0.7601575142949617,0.6112511771432005,0.3868646777809949,0.5201799656128839,0.5478061252478561,0.75813588955878,0.7205926712037712,0.5617947636452644,0.4750058255940566,0.5323500359947095,0.4909710407763387,0.8081791626095424,0.8568561872909699,0.0025316455696202398,0.0,0.0,0.0,0.0,0.0,0.0,0.0,Aaron Jacobson,3062.0
22.099924731182796,176.25925562072337,-57.026708727304865,-14.275894428152494,-10.541997583609852,4.0,-8.176869501466275,-31.385295698924732,-9.829329912023459,13.182678396871946,0.2142,0.349,14.6,0.028600000000000004,0.0,0.001088954056696001,-0.7040987292277614,1.4212854349951123,0.7101692648042393,0.6655054792406235,0.8375366568914956,0.7703984819734345,0.5361856253537068,0.3839285898029531,0.5455409785460719,0.950664136622391,0.8451646193282066,0.7205585466166711,0.5227618035947208,0.4853532226287644,1.0,0.96,1.0,0.0,0.0,0.0,0.0,0.0,0.0,0.0,0.0,Aaron Jacobson,3062.0
15.263384671287506,112.3914269674149,-68.23220070843526,-16.348683605708523,-13.486185828483215,4.0,-6.8920616636840135,-38.60346526648559,-10.578147763919295,13.676343419845386,0.1884,0.259,16.8,0.06860000000000001,0.01,0.04935329439231112,-0.15506327159091943,1.7114859058329774,0.20324376748579867,0.7269092014284628,0.7674153735539309,0.468033432110022,0.5860410144399951,0.40526616972125923,0.6309917701213559,0.8198772492676802,0.9228059701492537,1.0,0.7506016260162601,0.1332599233148141,0.5230839874028534,0.9333333333333332,0.8020836868767628,0.02388059701492536,0.0,0.0,0.0,0.0,0.0,0.0,0.0,Aaron Jacobson,3062.0
16.924589646464646,148.15432449494952,-73.82093486773918,-15.178030303030301,-14.31979850410282,3.9857638888888887,-7.594223484848484,-44.155303030303024,-10.241003787878787,13.681660353535353,0.2266,0.162,17.4,0.068,0.012199999999999999,-0.0438762626262626,-0.03156565656565654,1.4490530303030302,0.3911526387053459,0.9292690058479532,0.9100775193798449,0.6094672885109258,0.6118927756238828,0.5619718453079751,0.4261725710892984,0.9331076640457356,0.8400967606559453,0.6728736764590051,0.20057660899284815,0.11439668229334447,0.5937416301282459,0.9429620563035496,0.8987315010570824,0.0,0.0,0.0,0.0,0.0,0.0,0.0,0.0,Aaron Jacobson,3062.0
18.856674689505713,181.69912373926815,-67.16260233381657,-16.40338120244347,-11.859220015022583,4.0,-6.742452800700176,-38.026662022648516,-10.927378942950025,12.796492649948203,0.23079999999999998,0.3592,22.6,0.1038,0.0114,0.10021228521416067,-0.3675613546243704,0.7528586313244978,0.6974345155630798,0.8557870801804153,0.7385991724754911,0.4648640663772614,0.544042907535683,0.5048556141276886,0.5968437230169996,0.8349796846460655,0.8014761247996421,0.6951658326724364,0.3474802569866854,0.1832968397272362,0.7475596620638607,0.8291210427354789,0.8608640548700937,0.0014388489208633,0.0,0.0,0.0,0.0,0.0,0.0,0.0,Aaron Jacobson,3062.0
16.478457241397678,172.06386358794074,-89.8220073988779,-15.768190050069245,-17.587900389183627,4.0,-6.29376897571109,-51.72128009481197,-11.382979785874081,8.932111896772131,0.1732,0.33140000000000003,20.6,0.0252,0.0032,-0.015100671140939598,-0.15218253968253967,0.8759557766059445,0.7449764053694965,0.9534246575342464,0.7673651755852843,0.6505839405160057,0.6578722024327668,0.5954472241948047,0.5577954652182242,0.85229677155143,0.7625281550747389,0.6951885487151749,0.3124629588217874,0.17137914117810202,0.47289164397990335,0.8289663461538461,0.8568561872909699,0.0,0.0,0.0,0.0,0.0,0.0,0.0,0.0,Aaron Jacobson,3062.0
20.950069290673174,198.2547387492913,-40.21334846633992,-15.31838141694212,-9.720886842301326,3.9872340425531916,1.6634727704502428,-19.96013499780709,-9.605283206572317,8.740631184279497,0.2294,0.5652,11.4,0.0772,0.0,0.003042531797225187,-0.2516354845265984,1.5949567568434901,0.8462728041560952,0.8779062690200853,0.8112174308584319,0.44768690533756494,0.6989958534789518,0.6332480492658674,0.8430094477502872,0.9237918621141048,0.9244027489909458,0.9106796116504855,0.5138863718738673,0.5413686500593803,0.7776149477926361,0.7918422177443977,0.9262135922330097,0.0,0.0,0.0,0.0,0.0,0.0,0.0,0.0,Abdulla Gadimbayli,2831.0
19.68920995670996,180.3456774891775,-37.17902474870179,-12.20896103896104,-8.89932777900482,4.0,-2.4147402597402596,-18.697748917748918,-9.638961038961039,10.680714285714286,0.1904,0.4686,15.6,0.072,0.0,0.1845952380952381,-0.07433333333333333,0.9233571428571429,0.7178388448998603,1.0,0.9723076923076924,0.6915166063559169,0.743772706101537,0.5028252046044315,0.8065659724532569,0.9185840707964601,0.815239869585468,0.9469026548672567,0.3936632400801673,0.6229763718512138,0.8759514170040485,1.0,0.936283185840708,0.0,0.0,0.0,0.0,0.0,0.0,0.0,0.0,Abdulla Gadimbayli,2831.0
17.962762004753106,164.9435958462099,-74.46051675525563,-15.07476287787745,-12.910794186790003,4.0,-12.401787194056382,-41.20167418637942,-10.86969039288283,13.998192082730458,0.251,0.2056,15.6,0.129,0.0154,-0.04815589098125248,-0.2949307397583259,0.40372507786300893,0.46232342032183993,1.0,0.8255833220150499,0.520245728122066,0.7382996172772007,0.38297935800145255,0.5606317089875363,0.917741935483871,0.6349514493460583,0.8260652687935355,0.355990602112257,0.27790585000547025,0.4990630214779574,0.9863013698630138,1.0,0.045161290322580636,0.0,0.0,0.0,0.0,0.0,0.0,0.0,Abdulla Gadimbayli,2831.0
16.125495410386712,135.2385761702066,-60.19757178499945,-14.831794654620742,-10.577184654014484,4.0,-5.603172371107154,-37.64571225875574,-10.433563990357468,14.893856143856144,0.21399999999999997,0.30300000000000005,20.6,0.06319999999999999,0.0058000000000000005,0.013636327440675267,-0.5733154164675903,1.4015284534306274,0.3392641985225252,0.9695652173913043,0.8296985583224116,0.8159420289855073,0.35586740734003397,0.20725176556922667,0.6129527679639866,0.9637681159420289,0.8935087542426992,0.8664938173115277,0.39886379036134717,0.31778578314053985,0.8386845039018951,0.6548251754062983,0.9260869565217391,0.0289855072463768,0.0,0.0,0.0,0.0,0.0,0.0,0.0,Abdulla Gadimbayli,2831.0
20.43009595959596,188.89531818181817,-39.92205636695756,-15.408989898989898,-8.968743235644425,3.9840000000000004,1.080959595959596,-23.08777777777778,-9.85630303030303,12.33479797979798,0.2144,0.39720000000000005,15.4,0.0674,0.0124,0.3757474747474747,-0.18004040404040403,1.4427929292929293,0.7683333333333333,0.7734232209737828,0.8532929991356959,0.502055027369634,0.5558787093056756,0.5245918083165274,0.5509693171996543,1.0,1.0,0.8146182656295016,0.363239556323826,0.4801260923845193,0.7211408815903197,0.7002097378277153,1.0,0.013333333333333319,0.0,0.0,0.0,0.0,0.0,0.0,0.0,Abdulla Gadimbayli,2831.0
21.529120296767356,194.58665209326972,-61.98356125482311,-16.83821159753728,-11.233332852101876,4.0,-2.3444443367327152,-39.70524308382989,-10.599921801284784,14.737592416663436,0.2042,0.3146,27.0,0.093,0.0114,0.12232923382492969,-0.37519129603060736,1.1361465482699342,0.7084829721362229,0.9642105263157894,0.7665849673202614,0.5531115506631503,0.5487412309109935,0.6129088918640002,0.33334216311254494,0.6870905554677484,0.8530317081787668,0.9970588235294118,0.34676212590299277,0.3583078356994765,0.6889348171701114,0.8248075707286233,0.8171149090266736,0.0111111111111111,0.0,0.0,0.0,0.0,0.0,0.0,0.0,Abdulla Gadimbayli,2831.0
24.61628626544391,203.24513252462776,-58.8846298671952,-15.192643398944972,-10.951451538599438,4.0,-10.507478315157021,-30.37244591760185,-10.143025858505442,14.282415161613534,0.2024,0.42680000000000007,18.0,0.0244,0.0046,0.015070621396845818,-0.47928938016817124,1.5688969010960219,0.7312569521690768,0.719942006327509,1.0,0.8343874976519899,0.7270309378489207,0.30540347574939675,0.6029457447310044,0.8211399454911721,0.9777777777777779,0.9944444444444445,0.582561740483688,0.12002256727718426,0.9114942528735632,0.896648858669257,0.9406831795369921,0.0,0.0,0.0,0.0,0.0,0.0,0.0,0.0,Abdulla Gadimbayli,2831.0
17.493334052210056,169.018517478585,-66.35417864248612,-16.159913971306857,-10.632263218799306,4.0,-4.066060725166116,-40.18426253595745,-10.890301792850538,11.578623601594163,0.2052,0.3616,14.6,0.0308,0.0,0.08933005668700841,-0.36480854150027076,1.028616265005968,0.6240645327466152,0.7491215208870197,0.7534439803981583,0.5928649462484048,0.485845904068347,0.36738314096804664,0.5042560613989184,0.8489795918367345,1.0,0.9121751264608408,0.32826815293122563,0.43649427840802507,0.8259109311740891,0.8336257309941522,1.0,0.0017094017094016999,0.0034188034188033997,0.0,0.0,0.0,0.0,0.0,0.0,Abdulla Gadimbayli,2831.0
18.838919413919413,161.26230158730158,-60.34185940754678,-15.507733007733009,-9.579008369695728,4.0,-8.650641025641026,-34.96820309320309,-10.636324786324787,15.000050875050874,0.23700000000000002,0.4342,15.4,0.0764,0.0086,-0.09456654456654454,-0.5647944647944648,0.5693528693528693,0.5937506418814829,0.8897196261682243,0.7448461196124747,0.4782144568826811,0.5514206976823799,0.6796818835370237,0.7152258566978194,0.8305860805860806,0.8217589264318237,0.9153846153846154,0.4104040429975009,0.3406707233576392,0.7423915648214713,0.7049618294478107,0.7742151929067816,0.0,0.0,0.0,0.0,0.0,0.0,0.0,0.0,Abdulla Gadimbayli,2831.0
21.81421575501479,198.32316368599663,-69.5207263132409,-16.76947312614225,-12.088340061921087,4.0,-8.831959721290179,-39.97095115207548,-10.797602470652267,14.93760021884035,0.13940000000000002,0.3394,25.4,0.05600000000000001,0.0028,0.25570440727825716,-0.04800871134169374,1.628172009706908,0.725716903344022,0.9230091947617721,0.8791055804005445,0.5285928779726996,0.5858146637480312,0.3825148520953533,0.47754428550514516,0.9295959877403176,0.7512346879253353,0.817802838810033,0.3848601192339761,0.2305366181244029,0.638203119593194,0.7647309985268771,0.7809619789280806,0.0,0.0,0.0,0.0,0.0,0.0,0.0,0.0,Abdulla Gadimbayli,2831.0
19.464288477709673,180.76029450791185,-60.118406763380634,-14.83117352338382,-10.80401347653677,4.0,-4.705186421493867,-35.596255583372496,-10.190987405638207,12.009209647044532,0.22640000000000002,0.429,17.2,0.154,0.0306,-0.10721891296493465,-0.11297452671226087,0.8928843934147377,0.5768915879442196,0.9692307692307693,0.8640553675066187,0.45687278305052254,0.5446765558284109,0.49092516389755386,0.7228520017993703,0.8920827710301396,0.9336482231219072,0.9042397660818715,0.45119097660081264,0.3797729401266933,0.712220304860512,0.8929824561403509,0.9694444444444444,0.0350877192982456,0.0,0.0,0.0,0.0,0.0,0.0,0.0,Abdulla Gadimbayli,2831.0
20.47436086683745,184.51243372847588,-60.62363066724659,-15.870032751180293,-12.499319877186386,4.0,-4.510770955735826,-33.87481793951349,-10.733336083658097,12.864646940027502,0.184,0.24180000000000001,20.0,0.072,0.0,-0.013450832771675848,-0.00816326530612244,1.2898870558413884,0.6197015986098291,0.7681552588586559,0.8345900339309162,0.7831164441439918,0.6267308884006535,0.20377176583767756,0.5547449114459424,0.88659793814433,0.9893333333333334,0.9250584192439864,0.27993853434042715,0.31808614032578875,0.774173936029606,0.7241022174265371,0.7907524169819251,0.00206185567010308,0.0,0.0,0.0,0.0,0.0,0.0,0.0,Abdulla Gadimbayli,2831.0
19.381273401065005,182.09325360608446,-48.021097472045376,-13.649061448819257,-9.543556793132272,3.992,-6.92746690384155,-25.492365705424238,-9.52996873396504,13.129322113136979,0.2132,0.2802,17.0,0.08020000000000001,0.023,0.16766020137059717,-0.19835090479937056,1.1875869052098653,0.5783556243568204,0.8879999999999999,0.9488,0.7648682926829269,0.33886065456976244,0.499477966101695,0.5298721891409321,0.998,0.986,1.0,0.383438329536559,0.3265907769167846,0.8251804878048781,0.8222926829268292,0.8300000000000001,0.004,0.0,0.0,0.0,0.0,0.0,0.0,0.0,Abdulla Gadimbayli,2831.0
15.917897017043591,135.24616726614255,-48.17017824672011,-16.47977357202499,-9.677939053450212,3.992857142857143,-6.520074604386809,-24.6688583966925,-11.048116897566086,16.231727134543334,0.1956,0.26420000000000005,20.4,0.07980000000000001,0.0038,0.29135296864398297,-0.7445246137458235,0.9976343592140567,0.4039280585817374,0.5318582603328921,0.7678570164071408,0.40040605532568846,0.42987372817206,0.3480833102567674,0.25733392233781277,0.9140845070422536,1.0,0.8922579039083892,0.5502949226156698,0.17469826611731806,0.67707082961022,0.8634896759195954,0.7450017474271273,0.01579390875165522,0.0034188034188033997,0.0,0.0,0.0,0.0,0.0,0.0,Abdulla Gadimbayli,2831.0
17.78957109310841,178.08524678658728,-51.029136161834366,-16.16218962994538,-10.184433234811433,3.9872340425531916,-3.5304003187788835,-26.823021543897973,-10.3794571564893,12.063131679535408,0.2042,0.36239999999999994,18.2,0.062,0.010199999999999999,0.16266056254528688,-0.12793936435988998,1.369763578685916,0.6356611999638566,0.7907677000418937,0.746261071996366,0.4253619482983809,0.5941267745110249,0.4903720254052322,0.7508558741718134,0.8634740259740259,0.718035998183057,0.898357524828113,0.26442156041302145,0.3316191955897838,0.7896008403361344,0.9333333333333332,0.9143907563025211,0.017857142857142842,0.0,0.0,0.0,0.0,0.0,0.0,0.0,Abdulla Gadimbayli,2831.0
19.852394429469904,188.37786931571168,-52.54287036999248,-12.035985276642611,-10.352811534528893,4.0,-9.989155290844273,-26.492286178013508,-9.952651943309277,12.280019853346086,0.23499999999999996,0.3984,14.0,0.0314,0.0,-0.14736530156797958,-0.04625684723067556,1.5326993304930003,0.7847663971248877,0.909433962264151,0.8679032258064516,0.6758757969727507,0.6106630214621394,0.4120548747721154,0.7121506825493435,0.8528301886792453,0.9,0.97,0.18044757096436848,0.5968477248117651,1.0,0.9276190476190476,1.0,0.0,0.0,0.0,0.0,0.0,0.0,0.0,0.0,Abdulla Gadimbayli,2831.0
19.37831674208145,170.90749321266966,-51.7011233406183,-14.801085972850677,-10.695150489939564,3.996923076923077,-5.39158371040724,-28.250588235294117,-10.39737556561086,13.837737556561086,0.2104,0.2976,20.6,0.0344,0.0,0.06575565610859728,-0.42591855203619905,1.61641628959276,0.5365367712147944,0.8779999999999999,0.9347552864547499,0.738578008539934,0.8641530205036465,0.25305318304191554,0.4913902574254482,0.8372781065088757,0.6989639007384982,0.5748444840610488,0.5615851092238641,0.6323814017143942,0.7765775881840282,0.8936184578689051,0.7250942617311132,0.00775193798449612,0.0,0.0,0.0,0.0,0.0,0.0,0.0,Abdulla Gadimbayli,2831.0
22.55471153846154,218.49378229226915,-55.56382877334952,-16.33596009253904,-10.304685482429909,4.0,-3.5492457104299207,-30.50745493541546,-10.046621602082128,11.180139049546943,0.22999999999999998,0.46440000000000003,15.6,0.075,0.0058000000000000005,-0.11956646423751686,-0.225,0.7803564198958934,0.8609022556390977,0.9724999999999999,0.9358974358974359,0.421637105584474,0.7484615384615385,0.3977225114067219,0.7313247863247863,1.0,1.0,0.9924358974358973,0.29627498232761385,0.33980174795964263,0.7527719940877835,0.6054855086434034,0.8839598997493734,0.0,0.0,0.0,0.0,0.0,0.0,0.0,0.0,Abdulla Gadimbayli,2831.0
15.238098618965656,127.14414076942691,-69.39904239957384,-17.080583331056655,-11.047931094944897,4.0,-5.53253046198399,-43.81939652032165,-11.36127434909707,15.442673357830415,0.202,0.2864,28.0,0.1008,0.0,0.347980345417953,-0.49440949740003093,0.34558232931726907,0.2934064385973896,0.8785481548836855,0.7595033194000491,0.4381791901537103,0.7772056662552166,0.18148570136945713,0.2499046285184281,0.7525602409638554,0.8891566265060241,0.730880399230713,0.14044116025927375,0.1624215026104728,0.7182607982952216,0.5300266157710924,0.657380144139331,0.0012578616352201199,0.0,0.0,0.0,0.0,0.0,0.0,0.0,Abdulla Gadimbayli,2831.0
22.302894736842106,211.93999025341128,-52.80337583818452,-14.598050682261208,-10.292761803096809,4.0,-1.4805068226120857,-30.474415204678365,-10.049649122807017,10.092007797270956,0.21159999999999995,0.23659999999999998,11.2,0.0158,0.0,-0.018859649122806993,-0.059259259259259255,0.7129337231968811,0.8170068027210885,0.8474643874643875,0.9591836734693878,0.7915024458420685,0.9476536042573779,0.5968134171907756,0.7330526676079236,0.9044444444444444,0.9,0.86,0.3740697956331379,0.2354143450639407,0.8040730099490208,0.8378898729303043,0.93256464011181,0.0,0.0,0.0,0.0,0.0,0.0,0.0,0.0,Abdulla Gadimbayli,2831.0
19.45142178635712,180.6240686254561,-57.76804291108999,-15.399012494489623,-11.036537722119922,3.989738526847857,-5.001579988623928,-32.17156205096663,-10.513003579470038,12.363914397732298,0.2172683438155136,0.379958071278826,18.11949685534591,0.0705555555555555,0.011230607966457,0.091570005227499,-0.228529085046526,1.1392337128635914,0.6786422521442249,0.8617534113121241,0.8402509146674161,0.598353815988689,0.6254661267485846,0.47882555144292,0.5690520297225764,0.8891833668671191,0.8748245380339816,0.8395743666104921,0.4116479405544185,0.3738525292525382,0.7553606487128797,0.8122691147913095,0.8602137779661412,0.0457388593593671,0.0305679369954649,,,,,,,Abdulla Gadimbayli,2831.0
16.2998348143085,158.798974709501,-56.165411480799506,-16.58794714057872,-11.96908543842083,3.9973684210526317,-2.215738209159262,-30.282552973342444,-10.780758714969242,11.673302574618363,0.20620000000000002,0.37299999999999994,19.6,0.05620000000000001,0.0124,0.1445317840054682,-0.08541809068124855,1.8864547732968784,0.6307876184025623,0.8631578947368421,0.6274646937959631,0.8572427690848743,0.3588273631018883,0.4314671442066202,0.47961932520756045,1.0,0.9969230769230769,0.8366005702965641,0.3315314850454169,0.49965212775272383,0.6128084847651872,0.8176373036776899,0.7993345859606661,0.0013157894736842,0.0013157894736842,0.018421052631578942,0.0,0.0,0.0,0.0,0.0,Adar TARHAN,2828.0
19.274867754492615,169.97288407188182,-53.04894601557628,-13.180376473097635,-11.784989848563004,4.0,-6.556850903855382,-27.63051778382125,-9.703681810910254,11.807470804671253,0.2016,0.5504,14.2,0.08280000000000001,0.025,-0.06401002506265661,-0.23370607369487545,1.8088465845464725,0.6983964072881615,1.0,0.7207714679320374,0.8303621509572003,0.6436703359995019,0.7578899030831325,0.819046457749055,0.9789473684210528,0.9473684210526315,0.8500229603551201,0.7177349933972764,0.788563829787234,0.7856369358173756,0.9301086790142353,0.5532345562424925,0.00431654676258992,0.005755395683453219,0.0,0.0,0.0,0.0,0.0,0.0,Adar TARHAN,2828.0
16.05506820408714,164.15483101728404,-74.43601589930245,-15.737170701504445,-11.284726603967085,3.980392156862745,-8.665704973795238,-42.78293231846236,-10.753293736361973,10.807420277925912,0.23579999999999995,0.40280000000000005,21.8,0.0754,0.0122,0.16200140963844042,-0.18266649234037763,1.7683680869536094,0.61198275933548,0.9168316831683168,0.7161504721933151,0.7884614337178795,0.3992257806789089,0.36320565799957505,0.528439398642678,0.903379993171731,0.8303538554377026,0.8768813639572397,0.2779178646508118,0.5230843469481442,0.5200318415455517,0.4620557531139197,0.9477106730542684,0.00198019801980198,0.0,0.0,0.0,0.0,0.0,0.0,0.0,Adar TARHAN,2828.0
20.06157692307692,195.25435897435895,-69.46356532719925,-16.46076923076923,-13.156347378481305,4.0,-2.0096153846153846,-41.62634615384615,-10.647923076923076,10.437435897435897,0.21180000000000004,0.37639999999999996,14.8,0.0308,0.0,-0.07919230769230765,-0.47671794871794865,0.9877948717948719,0.8552405498281785,1.0,0.8105590800951626,0.4920067329072787,0.7174811463046757,0.8907993966817497,0.6451108675032265,0.810272348431839,0.8958823529411765,1.0,0.5353471412355584,0.4581397428122716,0.7200541120492606,0.7936558287073752,0.9211340206185566,0.0,0.0,0.0,0.0,0.0,0.0,0.0,0.0,Adar TARHAN,2828.0
20.147094852433728,187.68106503470955,-59.55550192267498,-11.774048025007104,-11.24924481838399,3.980392156862745,-10.178679261559697,-31.02801627897536,-9.687633205456095,10.381727509844517,0.21439999999999998,0.5316,17.8,0.0902,0.031799999999999995,0.14928119798644096,-0.1268217431900296,1.529319916372346,0.7117886500845206,0.8196490744726646,0.9107967939651107,0.6882216673841296,0.8292000628634291,0.43053398656635855,0.5967747197019354,0.7844461430236344,0.7615046061127853,0.8910891089108912,0.7162137816569113,0.35085419380901883,0.8554455445544555,0.6691643564356436,0.9152000000000001,0.00518019801980198,0.0,0.0,0.0,0.0,0.0,0.0,0.0,Adar TARHAN,2828.0
18.152780096791666,152.85713105537985,-67.93549347532611,-10.586132222004931,-13.444640921900753,4.0,-8.094677896837974,-42.334400604217386,-9.114018220930468,11.638376390565394,0.2324,0.48100000000000004,18.2,0.041999999999999996,0.004,0.09978739999955041,-0.3888865901054907,2.5605013745495904,0.5940669780108723,0.6686323811612478,0.8544653780278934,0.7667061790668348,0.413900962319277,0.46830543864917973,0.7037543359467807,0.7063236915919335,0.8617303580240145,0.8486759142496847,0.7690819672131147,0.7214839629365646,0.7587849278199168,0.8749180327868853,0.7022896990457548,0.0,0.0,0.0,0.0,0.0,0.0,0.0,0.0,Adar TARHAN,2828.0
19.870604472622976,169.99654525457723,-54.100963270992466,-16.778597255468576,-10.138916948937725,4.0,-2.152067024649026,-28.232976069813752,-10.704272066593346,9.905866094469964,0.2754,0.3786,15.8,0.11579999999999999,0.0316,0.18002091824631775,-0.08558797524314765,1.5511713499097857,0.6099561159186674,0.8112245336147084,0.7731707317073171,0.3905670538841828,0.6010342960947002,0.6306928484090804,0.5225062689191633,0.8571563533301841,0.6614642954274509,0.9142857142857143,0.6116517622049283,0.704779189352692,0.5071044650390407,0.7771236333052985,0.856686291000841,0.0,0.0,0.0,0.0,0.0,0.0,0.0,0.0,Adar TARHAN,2828.0
19.834972548199154,191.67796120187745,-55.46126258528608,-14.795352636239338,-11.189663988096346,4.0,-6.014512365990198,-31.16295623561633,-10.677579296397031,14.378801937053169,0.198,0.4104,23.6,0.11440000000000002,0.0164,0.027082606885562542,-0.6599459628523667,1.288357034022059,0.7802038019188366,0.9670886075949368,0.5705248752703325,0.5349910862623952,0.6085590100853293,0.5137444448119597,0.3974633325714481,0.8007238445529492,0.7474034452767937,0.8404385912639295,0.6348830221030761,0.43884512790204405,0.46865740109606085,0.8089145793192035,0.7186127167630059,0.0,0.0,0.0,0.0,0.0,0.0,0.0,0.0,Adar TARHAN,2828.0
20.748447793095046,202.21210534539085,-66.60933557107633,-15.388031212887654,-10.670784565031486,4.0,-8.444002246709385,-38.025853194331454,-10.587913547737175,12.507249195620812,0.21800000000000003,0.3964,19.0,0.0858,0.0176,0.30265637474415163,-0.09857281083696176,2.0974029007868222,0.8587412587412586,0.8564454413511017,0.9615384615384615,0.7160728225945617,0.40700735643311525,0.6636404878406519,0.4385386967421422,0.7973621992489917,0.9169301376848547,0.8597163927352607,0.45013194352816993,0.4944689846658673,0.6779350419219164,0.8734957003619842,0.9300699300699302,0.0,0.0,0.0,0.0,0.0,0.0,0.0,0.0,Adar TARHAN,2828.0
21.06239737562749,193.31131627692315,-55.59078565362576,-14.847599152590869,-11.623505282948534,4.0,-2.8266659627730464,-30.55784673447267,-9.752962697577445,10.017794176736803,0.2152,0.3992,11.4,0.0174,0.0,-0.09646322482382962,-0.3741262389149713,1.412871762607678,0.7960387323943662,0.953125,0.823924882629108,0.6757143974960875,0.7515833333333333,0.47440247545881353,0.6991795893204343,0.8896191966614502,0.9527955612462655,0.98125,0.7729543320529235,0.31439767392232176,0.5590243870631194,0.7898333333333334,1.0,0.0,0.0,0.0,0.0,0.0,0.0,0.0,0.0,Adar TARHAN,2828.0
17.828630560650197,160.52345709222988,-63.40167923417107,-15.713717932371512,-11.098460898042495,3.9980769230769235,-3.370763820097621,-38.41729338917277,-10.311776841671653,11.512256724108058,0.2152,0.3588,23.2,0.0498,0.0086,0.3222770427328632,-0.6356258234519105,1.0581395953275337,0.523507278483216,0.681681391127956,0.83427182581024,0.4520693213459773,0.9038167938931299,0.6396388499298737,0.5158779185601396,0.9763636363636363,0.7427660003134025,0.5359988798446075,0.47965225825318647,0.4330510716813351,0.7415322580645161,0.9336538461538462,0.910576923076923,0.0009615384615384601,0.0,0.0,0.0,0.0,0.0,0.0,0.0,Adar TARHAN,2828.0
21.09959829059829,215.148207977208,-51.45099682636587,-14.20945868945869,-11.788737567106613,4.0,-1.8955555555555559,-28.548974358974355,-9.257957264957264,10.24968660968661,0.1988,0.5673999999999999,11.6,0.0818,0.023399999999999997,0.04886324786324786,-0.07825071225071223,2.2488433048433043,0.9974358974358974,1.0,0.9094823415578134,0.7384909983633389,0.7068477905073649,0.6052162554426705,0.6871794871794872,0.95,0.9423076923076923,1.0,0.8307179487179488,0.6507689219652286,0.8099999999999999,0.858,0.9019999999999999,0.0,0.0,0.0,0.0,0.0,0.0,0.0,0.0,Adar TARHAN,2828.0
17.19083635559487,170.9099792127377,-67.96887199732024,-13.182556390977442,-14.02426607073907,4.0,-7.351101282618311,-39.02235736399823,-9.656865988500662,11.26827509951349,0.23700000000000002,0.3046,19.0,0.1248,0.022,-0.023131800088456438,-0.4351693940734188,2.467232198142415,0.6675165044435041,0.9460000000000001,0.6983884892086331,0.6279804626886726,0.35858703625335026,0.4240539568345324,0.6550708844688955,0.8775000000000001,0.9824999999999999,0.9241187050359713,0.5964328537170264,0.5789117647058823,0.6590689801100296,0.7612893214839893,0.750177458033573,0.00431654676258992,0.005755395683453219,0.0,0.0,0.0,0.0,0.0,0.0,Adar TARHAN,2828.0
22.63205741626794,208.291658692185,-54.00227634653011,-10.890590111642743,-12.181734081777316,4.0,-7.2026315789473685,-28.94673046251994,-8.617272727272727,9.836682615629984,0.24359999999999998,0.5932,13.8,0.0744,0.0118,-0.009537480063795867,-0.5858692185007974,1.7098564593301435,0.9059602649006623,0.8443969496287377,0.8874172185430463,0.649790383348583,0.7216114790286976,0.4847608989207373,0.7838983050847458,0.8376674025018396,0.69134878927336,0.8783443708609271,0.7371186440677966,0.6802528597230584,0.8577777777777778,0.8966666666666667,1.0,0.0,0.0,0.0,0.0,0.0,0.0,0.0,0.0,Adar TARHAN,2828.0
18.82088617114824,182.16712812977275,-70.17169216148957,-13.662929451875163,-13.278553749555162,4.0,-11.562378511593465,-38.24280325820337,-9.640981510621558,12.215954320359142,0.2182,0.5008,21.0,0.10859999999999999,0.009600000000000001,0.0890577513460144,-0.024019607843137242,1.9710379352370375,0.7053447185325743,0.9661290322580646,0.6741492918961447,0.5488970588235295,0.5265482058283582,0.6490789057558507,0.6435602466793169,0.9614603099304239,0.8131127450980392,0.7996837444655281,0.7348236875395319,0.7251376868607396,0.6552063567362428,0.7130948110951698,0.7362751847395134,0.0342188488298545,0.0,0.0,0.0,0.0,0.0,0.0,0.0,Adar TARHAN,2828.0
20.89092145590259,172.5957348500556,-53.83094822617377,-15.74903926262417,-10.68589352615681,3.9980769230769235,-5.833533918911277,-26.41345654345654,-10.596729063389443,11.449627165287543,0.18760000000000002,0.3872,27.4,0.067,0.0,0.17185408930691945,-0.1838274932614555,1.775794300039583,0.6985759743853268,0.8315318302387269,0.5438570379013197,0.7151189658352893,0.6329848436521719,0.5584381932877344,0.6024770469338815,0.8633563218390805,0.8927290640394088,0.871939217856484,0.4196461921027785,0.5297600732600733,0.755277663583419,0.8625061928479194,0.7220877144438296,0.00527808522412838,0.005755395683453219,0.0,0.0,0.0,0.0,0.0,0.0,Adar TARHAN,2828.0
20.177801120448184,188.32056107699492,-65.17215709261421,-15.28607789269554,-13.521490030917743,4.0,-5.067755467571644,-37.74120946455505,-10.359776987718165,12.80415275084393,0.21059999999999998,0.549,16.8,0.09840000000000002,0.0076,0.14666401817137112,-0.3595413165266106,1.6756493302449187,0.7383413461538462,0.8374017810371923,0.7847355769230769,0.48235561507725133,0.5773415381758858,0.6599086546396333,0.7748414855072464,0.6959011249446404,0.6642975484657281,0.8174191960148285,0.6202654535653035,0.36505549992382597,0.5471203240252898,0.7349759615384615,0.8921875,0.0,0.0,0.0,0.0,0.0,0.0,0.0,0.0,Adar TARHAN,2828.0
22.722987819277176,192.75080770054532,-59.332848500714135,-15.418881218731295,-11.733036044304978,4.0,-4.555697426012268,-33.242697332652355,-10.070491951826286,11.687955472813044,0.2428,0.4716,13.4,0.0392,0.007200000000000001,0.16897663805459906,-0.2989499755616697,1.3774821380518532,0.7722240802675586,0.824120082815735,0.8942307692307692,0.7658026755852843,0.4448164516642777,0.8278428093645485,0.5883588150979456,0.7894966080789393,0.9143892339544513,0.7584356585443542,0.5302868308071823,0.43994524978567523,0.8134615384615385,0.9788461538461538,0.8931669394435351,0.006956521739130419,0.0,0.0,0.0,0.0,0.0,0.0,0.0,Adar TARHAN,2828.0
19.536407280148765,183.01545954312127,-60.333667747880455,-14.166878554641972,-11.820410144348688,3.99563834510629,-5.6564876080157305,-34.53758043184719,-10.04199919532691,11.894049841193748,0.2282362204724409,0.4406818897637796,17.28503937007874,0.0739968503937007,0.0100661417322834,0.1133982722516924,-0.311373384430974,1.438022485425496,0.7308305060106943,0.8749322737611249,0.8101806807489441,0.6268687413319867,0.5742409160187117,0.5878246427259243,0.6061619214086501,0.8657745514766054,0.852112714188851,0.8356924281091431,0.593881927066629,0.4624416343914621,0.6903802004773117,0.8078724720938458,0.84826521406598,0.0556841663195824,0.0529494633080393,0.0921052631578947,,,,,,Adar TARHAN,2828.0
17.144178590976622,147.0146989600438,-63.50975323435438,-15.810166940339352,-12.244691071558227,4.0,-6.647561869575417,-35.710276898115566,-10.23854914379545,13.141492689029636,0.20179999999999998,0.21000000000000002,24.8,0.06299999999999999,0.008799999999999999,0.041317147548674625,-0.5153764954257565,1.1012958401751505,0.4914448512264413,0.7948355372111391,0.7031715693356644,0.5771742368769619,0.45172671787040075,0.5584065867915226,0.5588443344843015,0.7840313003814242,0.6856278332456438,0.8205143329007903,0.379012739293499,0.6255496071694032,0.7679807754757421,0.7117360524777554,0.6856782092217566,0.0,0.0,0.0,0.0,0.0,0.0,0.0,0.0,Adar TARHAN,2828.0
18.52375941964143,166.98748566680516,-82.62858481806474,-15.996231504266404,-13.503595140521664,3.992771084337349,-6.9338349685213005,-53.176223514748656,-9.797615352657314,12.786144578313252,0.2398,0.493,21.6,0.048799999999999996,0.0,0.33503902080470416,-0.1022850020772746,1.6129910836981882,0.6462554142259762,0.8463053613053614,0.8312891628145864,0.5903044449285051,0.6579243839292266,0.3954408725805437,0.5155666560617497,0.9309090909090909,0.8921212121212122,0.6679078266366403,0.5974066577405432,0.42699121680324675,0.7559657453119922,0.8533333333333333,0.9018181818181817,0.0,0.0,0.0,0.0,0.0,0.0,0.0,0.0,Adar TARHAN,2828.0
18.611,187.4384920634921,-56.14283694705396,-16.58,-10.720789328006335,4.0,-9.415714285714285,-26.81126984126984,-10.261809523809525,13.64674603174603,0.23700000000000002,0.3804,19.6,0.097,0.016599999999999997,0.11261904761904765,-0.19168253968253965,1.572111111111111,0.6814353912147124,0.9787610619469026,0.9539823008849557,0.5315530967793766,0.6225982964921017,0.5271394593731324,0.5139542902985268,0.9853215701316966,1.0,0.8416666666666666,0.5393024768318819,0.474841273074162,0.7309073710104291,0.7243409789617922,0.7986291486291487,0.01946902654867256,0.0,0.0,0.0,0.0,0.0,0.0,0.0,Alexei Shirov,2955.0
19.609975941917867,188.2920670376206,-48.68762489793061,-15.007790623035628,-9.613663543025515,4.0,-6.877034540373924,-23.007910285587236,-10.32191508833977,12.140689182431469,0.21600000000000003,0.3992,18.4,0.0206,0.0,0.026316823594500577,-0.07197495654845923,1.228765769419127,0.7134502923976609,0.96984126984127,0.9655122655122655,0.5623908255487203,0.6577276524644946,0.6106505378737683,0.567205893521683,0.8677248677248677,0.9063492063492063,0.6957089693931799,0.4761828814460394,0.5053870307953792,0.7669172932330828,0.9169362800941748,0.9086352244246981,0.0,0.0,0.0,0.0,0.0,0.0,0.0,0.0,Alexei Shirov,2955.0
19.129895998844432,187.60833044441233,-52.16403477838886,-15.076455293947712,-9.58007791960895,4.0,-6.195663007366749,-27.011487072078573,-9.969012711252347,11.668661225865472,0.26460000000000006,0.42400000000000004,18.2,0.0756,0.0046,0.34693629929221437,-0.3257412489768405,1.366593239924888,0.6068064182194617,0.9324999999999999,0.9199159663865547,0.6328410059676044,0.7057314262258848,0.5505423280423279,0.6125565411349725,1.0,0.9901234567901234,0.9061728395061728,0.5096670117322291,0.504589270490805,0.7023817304699657,0.6986401597676107,0.8042202533187188,0.0,0.0,0.0,0.0,0.0,0.0,0.0,0.0,Alexei Shirov,2955.0
18.10066972737038,157.88286331310943,-55.364258588785354,-13.999090193069994,-10.735437706755338,4.0,-11.670581903634163,-29.43753438443114,-9.87840826885635,16.35679386796163,0.22219999999999995,0.5476,18.8,0.053000000000000005,0.0,0.11708118335238642,-0.4693920362083908,1.3556440964010332,0.5931031768783651,0.8332760472610097,0.8155443553939794,0.3081985262435147,0.5431677693295152,0.5265471826152155,0.6512068306359119,0.9020242243238759,0.7705638187478382,0.5446981565411787,0.8224489795918368,0.5472459480953018,0.6183864915572233,0.8083007388092135,0.8980638409209838,0.0,0.0,0.0,0.0,0.0,0.0,0.0,0.0,Alexei Shirov,2955.0
19.746634740259744,185.16423106060608,-61.94036110927054,-14.865746753246754,-12.618279940439383,4.0,-5.806055194805195,-33.73017316017316,-10.01590422077922,11.09579816017316,0.22159999999999996,0.4748,20.0,0.062,0.017,-0.023130952380952374,-0.3589924242424242,1.4219615800865801,0.7413501759498564,1.0,0.9099236641221374,0.6606065370808847,0.5922458640832509,0.3942351280295537,0.7148779724920326,0.9689922480620154,0.958566305698562,0.804781348008758,0.6443447433683542,0.34207272696532415,0.6166969135959016,0.8432977437380066,0.7625012776441855,0.0,0.0,0.0,0.0,0.0,0.0,0.0,0.0,Alexei Shirov,2955.0
21.5242152188218,223.9582850373782,-52.059864598886044,-12.011508775525614,-11.31825670091299,4.0,-6.14328560371517,-26.416806790110137,-9.14674781016386,8.976741081541732,0.2258,0.429,14.2,0.0674,0.0,-0.07390474482475914,-0.4718542680229986,1.4687478425259706,0.9532467532467532,0.9101118760757314,0.8627031913651217,0.7899947616553169,0.6518330804868258,0.5806128735722108,0.5378137408470698,1.0,1.0,0.9132530120481928,0.6765721270173863,0.4871314733808186,0.6629914137067752,0.7300867430762009,0.9335941167266469,0.0,0.0,0.0,0.0,0.0,0.0,0.0,0.0,Alexei Shirov,2955.0
17.258012795834937,178.52982437808208,-53.286199140559255,-15.794859667454949,-10.95199191402899,4.0,-8.88705109167904,-24.328915287172997,-11.30073640213386,13.977355221910576,0.2182,0.4466,26.8,0.07420000000000002,0.0158,0.2265405415314672,-0.3142770719903206,1.2406269592476489,0.6590016246715656,0.5876859098540618,0.7783937131613591,0.5862560729832421,0.37688309636136513,0.49939148073022316,0.5968853624363344,0.9379310344827587,0.8365980875108663,0.7701562832029363,0.4882039988409156,0.18171779769637414,0.7614181201345319,0.6094567215495265,0.5675528669429802,0.00172413793103448,0.0,0.0,0.0,0.0,0.0,0.0,0.0,Alexei Shirov,2955.0
19.96136124014369,189.3464988042632,-45.155085810739635,-12.002477038807424,-11.489046766923028,4.0,-4.672550262278962,-22.544098106979654,-9.520561887538378,11.073648251787803,0.23820000000000002,0.499,14.2,0.034600000000000006,0.0,-0.004204149765130899,-0.22520749550782915,1.116260164488139,0.8158786797502231,1.0,0.9118644067796609,0.7502016305356709,0.7683178534571724,0.7848551120831055,0.768508453135218,0.9364133406232913,0.8677966101694915,0.9220338983050848,0.7752631578947369,0.41521959306009526,0.7300486204092872,0.8820870721169823,0.8969092721834496,0.0,0.0,0.0,0.0,0.0,0.0,0.0,0.0,Alexei Shirov,2955.0
18.22486747170958,137.2702696134275,-54.558516475730315,-15.003478392952076,-12.130080233609863,4.0,-7.165516062884484,-29.575165185691503,-10.1234996582365,15.43922305764411,0.2206,0.5252,19.2,0.022600000000000002,0.0,0.199903546745652,-0.8211255411255411,1.2666697045644415,0.4808424908424908,0.9628571428571429,0.8104062604062605,0.4072673992673993,0.576000666000666,0.7104761904761905,0.5051948051948051,0.8075757575757576,0.9530303030303031,0.8009090909090908,0.45506826506826503,0.4964242424242425,0.959090909090909,0.8022077922077923,0.7654545454545454,0.0,0.0,0.0,0.0,0.0,0.0,0.0,0.0,Alexei Shirov,2955.0
21.02494442494443,195.53574353574353,-69.7311238794453,-15.174213174213174,-11.603108201429631,4.0,-12.54098514098514,-39.17248742248742,-10.980238680238681,15.739908739908739,0.2274,0.525,24.4,0.09240000000000001,0.016,0.09452322452322452,-0.7121095121095121,1.1563355563355564,0.7147715600476602,0.7933257802039344,0.8074561403508772,0.6186850885353964,0.41277010188698293,0.6333678547759277,0.57385308534422,0.6968010780375596,0.7452612696123871,0.6652509057772191,0.4241257275968017,0.654560805077555,0.8418933731138987,0.694808419544257,0.7770045341289447,0.010526315789473679,0.0,0.0,0.0,0.0,0.0,0.0,0.0,Alexei Shirov,2955.0
19.242586841499886,192.84047015182884,-71.95440145256495,-15.019030365769495,-11.278918935886793,4.0,-7.14229209799862,-43.26070278352887,-10.566438923395445,11.312981654014262,0.22959999999999997,0.3788,18.6,0.0834,0.0214,0.06855014952841038,-0.415780998389694,1.5808175178283874,0.783912037037037,0.7555790688726433,0.5959877730751143,0.6634190233423112,0.5404442859076852,0.5122688302481012,0.4547786809029114,0.8826086956521738,0.7312615339945563,0.8578854669887279,0.5451690821256039,0.5293730761831473,0.7519634955752212,0.7430203301127214,0.76772846215781,0.00185185185185184,0.0,0.0,0.0,0.0,0.0,0.0,0.0,Alexei Shirov,2955.0
20.85063756063756,170.68618156618157,-63.89780749181939,-14.009078309078308,-12.773573257585161,4.0,-9.14322591822592,-36.86272233772234,-10.524944559944561,15.41573689073689,0.2298,0.5186,22.2,0.027200000000000002,0.0,0.23891545391545388,-0.05786093786093784,1.1297955647955649,0.6277777777777777,0.9032258064516128,0.6985503510580842,0.5051929591987038,0.28478126380910296,0.8521505376344086,0.5611648745519713,0.9570430107526882,0.78882800608828,0.8566151126822803,0.7257706093189965,0.28293219423577354,0.7422222222222222,0.6503729071537291,0.8687096774193549,0.0,0.0,0.0,0.0,0.0,0.0,0.0,0.0,Alexei Shirov,2955.0
19.539902885886583,179.69847637798551,-62.018858555539886,-15.539372590528165,-10.795476782487682,4.0,-6.597972471502511,-35.76276890017798,-10.968257349279257,13.644989538435714,0.23020000000000002,0.449,18.0,0.058800000000000005,0.0158,0.028278851582777643,-0.3228158306894748,0.9043854658994274,0.7662890865165946,0.7421518377490159,0.6986033655339432,0.48304565506679886,0.4115237406623672,0.4849687761404168,0.47170263432803416,0.8656716417910447,0.7381398832047755,0.8452677916360969,0.505821804600396,0.3470553810288387,0.710720186957506,0.6915029149341778,0.7613576579223588,0.0,0.0,0.0,0.0,0.0,0.0,0.0,0.0,Alexei Shirov,2955.0
22.34549398591952,220.66920998623127,-55.440815671318276,-15.202660223936821,-10.702009481448258,4.0,-4.282700750785857,-29.616220265156436,-10.05528797443691,10.418063024446004,0.19419999999999998,0.4337999999999999,13.8,0.0174,0.0048000000000000004,0.006686930091185439,-0.326984126984127,1.7538253708466474,0.9108433734939758,0.8253285543608125,0.8087033523086653,0.680621127042105,0.5619802240473921,0.6288169815446285,0.8743589743589745,0.9962962962962963,1.0,0.7413564929693962,0.5900059851140073,0.5564580292007648,0.865640339134315,0.8367965981573352,0.925301204819277,0.0,0.0,0.0,0.0,0.0,0.0,0.0,0.0,Alexei Shirov,2955.0
22.42615994194067,209.78775510204082,-52.36357220681964,-15.79275873628033,-11.027459482334814,4.0,-1.2173809025968496,-29.333942635437648,-10.903012602015924,11.91098215184594,0.2062,0.3902,20.8,0.0402,0.0134,0.031643771510881165,-0.09009296351489036,1.3337347038343719,0.8979499940751274,0.6476929369442486,0.8801899907321594,0.5335607983452537,0.5703368342246999,0.4265703778006637,0.5815719063889384,1.0,0.9295202220459953,0.7694699166377561,0.46834329771072153,0.39351106423893306,0.8448391504160974,0.7759327391328557,0.8613395225464192,0.00206185567010308,0.0,0.0,0.0,0.0,0.0,0.0,0.0,Alexei Shirov,2955.0
18.599780427745323,178.95853794755595,-52.936828879236046,-13.075730379335692,-10.103866602227267,4.0,-6.281534542563954,-30.554345055768202,-10.394915823189066,13.473563523848153,0.24359999999999998,0.4428000000000001,18.0,0.0728,0.0028,-0.08832477034564319,-0.06155187445510024,0.7522871025242942,0.6333749615432823,0.9624161073825503,0.6655421585115749,0.34800909986313283,0.7885936893293237,0.47153763304369417,0.6555277289924935,0.8680640165203923,0.7478112145486037,0.917408906882591,0.4709475720845065,0.2096347750951987,0.6592995136266067,0.5583418772864635,0.5722896020008207,0.00134228187919462,0.0,0.0,0.0,0.0,0.0,0.0,0.0,Alexei Shirov,2955.0
23.92615220916742,214.3843510310303,-58.23713539011915,-6.919652071354858,-13.075567403656825,4.0,-11.621091090898602,-34.882872141991804,-8.130519777705132,12.39256709548808,0.20459999999999998,0.5833999999999999,12.6,0.07919999999999999,0.0256,-0.06129556628143248,-0.19082488830772582,1.0802046035805628,0.8557142857142856,0.9134328358208956,1.0,0.8524552911120076,0.95,0.7110508645291255,0.7270149253731344,0.8388557213930348,0.7009694769396262,0.8438308457711443,0.8042857142857143,0.5675886974394436,0.8652173913043478,0.9260869565217391,1.0,0.0,0.0,0.0,0.0,0.0,0.0,0.0,0.0,Alexei Shirov,2955.0
19.941402496014078,168.13520836769473,-70.77740951146434,-15.75384573093628,-12.328864511739235,4.0,-6.32220297982297,-42.96128704161856,-10.67501154543955,13.263802298092253,0.2534,0.39899999999999997,18.8,0.047400000000000005,0.01,0.22720188025729832,-0.36196382428940566,1.1464228379789982,0.5665201427581072,0.7049078496804728,0.889136077122729,0.4516968643997683,0.5783336936244485,0.5964412164569202,0.6716572093699986,1.0,0.8180166779355421,0.641808981657179,0.5505504889329889,0.5944500646177284,0.8051340996168583,0.7865194010093488,0.8268655123914836,0.0,0.0,0.0,0.0,0.0,0.0,0.0,0.0,Alexei Shirov,2955.0
18.05565984287691,172.18141372008782,-50.506918820330505,-14.854804907881647,-11.844986247265513,3.984905660377359,-4.901531099490214,-24.593423303795525,-10.37632777454371,12.079248852268748,0.24900000000000003,0.5094000000000001,19.0,0.0868,0.0,0.17346048921914412,-0.28251761479169624,1.2827424412980692,0.5950814384776648,0.7477284308982421,0.8452148215503523,0.5373259294232242,0.5513200189890346,0.6393375469301816,0.6773543715257742,0.8948614972711357,0.9905660377358491,0.9703396226415094,0.5655150244584206,0.4262222222222222,0.7414449282373811,0.5945172387663863,0.6804942848316342,0.0,0.0,0.0,0.0,0.0,0.0,0.0,0.0,Alexei Shirov,2955.0
19.52680066301405,169.71510563399366,-46.61759886770209,-13.024292477517799,-9.951001653649994,4.0,-10.905336494794138,-19.570592538707967,-10.055922713463676,12.88954701043148,0.20380000000000004,0.32220000000000004,16.4,0.0396,0.0076,-0.04230143155517714,-0.08678258493843061,1.181268187229363,0.5805683333683842,0.8906976744186046,0.7441871198509898,0.7465228596367284,0.7701331174775616,0.4020501173960521,0.6516879730918933,0.82937181663837,0.8645727221279005,0.7454944498375047,0.4819200853285405,0.24181368012170257,0.48198885439295436,0.7823845460598671,0.6929042605478956,0.0,0.0,0.0,0.0,0.0,0.0,0.0,0.0,Alexei Shirov,2955.0
20.09910319818549,185.1748189622856,-59.45511388653044,-14.247921474818597,-11.661001119239222,3.997970239600548,-6.476716576861212,-33.410622361089764,-10.181524984466732,12.524702390344537,0.224920524691358,0.4368009259259259,18.0516975308642,0.0674320987654321,0.0090054012345679,0.0875925321312046,-0.3247387401809671,1.2408295016783322,0.711964351363145,0.8922163862578375,0.8308277089367687,0.6311159241541705,0.6367677882040131,0.5683166051758902,0.5889577456982854,0.8867249689484694,0.8628502099495139,0.8114896851105428,0.6001344309382829,0.4169740209861093,0.7263610983042627,0.8031519049987327,0.8579747407380298,0.0629249525139748,0.0723893310285201,0.0,,,,,,Alexei Shirov,2955.0
18.66410993258162,197.46031330772945,-55.39157722709007,-16.359474134075562,-9.479784841355954,4.0,-2.2138117975116325,-32.190576740466796,-11.607458182279514,12.459528468599386,0.1738,0.3247999999999999,24.2,0.11480000000000001,0.008199999999999999,-0.18182939472109344,-0.20755980321675754,1.106558330802421,0.8716279069767442,0.8757662492546213,0.6128575051949691,0.46961468113734284,0.5179675052498002,0.27098002207151756,0.729383805805466,0.891970802919708,0.9423255813953488,0.8373524150268337,0.6051707541030237,0.22122466906714058,0.6322181162921275,0.5256921678446037,0.7689493327924833,0.0,0.0,0.0,0.0,0.0,0.0,0.0,0.0,Artem Bardyk,2922.0
19.589611115825484,178.51118213087898,-55.06258238712313,-15.199242841070534,-10.741191582829584,4.0,-2.9017620962480577,-32.069503564219055,-10.628211561044912,12.477329258289009,0.23479999999999998,0.2854,17.4,0.0656,0.0,0.22671273979056622,-0.15428276573787408,1.602780568383216,0.6041236449629259,0.8424344035543634,0.9478681614758667,0.4967560803080615,0.43923057286249334,0.3394463408658849,0.7797120235339117,0.7095649258110487,0.7262079960755458,0.926693331584814,0.5355036380831065,0.3960642177919768,0.7310890360559235,0.8900662251655629,0.6427849297070988,0.0,0.0,0.0,0.0,0.0,0.0,0.0,0.0,Artem Bardyk,2922.0
16.01488414578523,150.7965811531585,-63.512509545748415,-17.10570224811955,-10.401086884517017,3.9981651376146785,-5.542416046790493,-38.22247295017253,-11.939820810751424,15.700824256987914,0.21100000000000002,0.27859999999999996,23.6,0.06739999999999999,0.0062,0.09356737176417705,-0.2666138670890633,1.5303938651857358,0.4817887907386825,0.9673027563887958,0.8051750244945222,0.3802853347878131,0.30393537194286857,0.3787161131289704,0.3195914662697593,0.8574779124199369,0.7095883470999801,0.6995412844036697,0.4542201995803755,0.17465116312088347,0.688680510550817,0.64535010707882,0.8300636089722129,0.0027522935779816403,0.0,0.0,0.0,0.0,0.0,0.0,0.0,Artem Bardyk,2922.0
24.925676187158942,226.16255880645537,-56.23790069259989,-11.45257633809358,-13.091726537253313,4.0,-5.6391901776384525,-31.107764425867874,-8.76413653779171,9.817493324045047,0.2098,0.6332000000000001,11.6,0.0496,0.023399999999999997,-0.13304261000812723,-0.02860791826309066,1.18936293974225,1.0,0.9661016949152543,0.9529411764705882,0.7493560924790639,0.6284173057347873,0.7854373522458629,0.8827229004809471,0.9584905660377359,0.9118644067796611,1.0,0.8823529411764707,0.33227414771609165,0.8666666666666668,1.0,0.9074676679182311,0.0,0.0,0.0,0.0,0.0,0.0,0.0,0.0,Artem Bardyk,2922.0
17.494174483608397,182.87978812617982,-51.10442226597737,-14.905373628974989,-10.419224225321585,4.0,-2.692690517089633,-29.482319710590048,-10.59088068516349,12.986066501162375,0.21259999999999998,0.5018,14.2,0.0624,0.0052,-0.022595548379656334,-0.05476923076923076,1.6244824672683902,0.7135316317617411,0.9526315789473685,0.8812525988954121,0.706178263135238,0.6150940422928801,0.3251076068913276,0.5095800366511068,0.9047438656909168,0.8243122550241294,0.9433835557468789,0.8195920073223025,0.19554579779077663,0.5876971990981659,0.5991656253003941,0.7507834278573488,0.029565217391304337,0.0,0.0,0.0,0.0,0.0,0.0,0.0,Artem Bardyk,2922.0
22.748987410705706,184.54554891453748,-48.33883026018903,-13.798378988987565,-9.861813821372273,4.0,-5.7771958630173925,-24.715831961962685,-10.450940580229467,12.265330955380353,0.2598,0.42780000000000007,17.6,0.048600000000000004,0.013000000000000001,0.12179648189107854,-0.12908283674692253,0.9861677584242138,0.638860179585853,0.9384986433524268,0.9223529411764705,0.6559281656587868,0.6481099119431344,0.5280542708808766,0.8749713596623454,0.8672457394172621,0.8953271028037383,0.9651793789568888,0.5472413214845623,0.27428674809974446,0.6582669196710943,0.9421183800623053,0.8693861095840205,0.0,0.0,0.0,0.0,0.0,0.0,0.0,0.0,Artem Bardyk,2922.0
18.973567047528885,174.6250287925189,-59.59392645408135,-15.030594700505851,-11.356871059515672,3.996439070593056,-5.274893337811573,-34.07684076431257,-10.689466520379248,12.838300857850516,0.2244183733177296,0.4145418373317729,19.45640725570509,0.0739327091866588,0.0099098888238736,0.1095748383624183,-0.2897666655267171,1.310575911984854,0.6515214233989864,0.8658861149685148,0.8100167271002543,0.5577920995970614,0.5735714947173308,0.5092004968212271,0.5348512177290783,0.8608937664644107,0.8539033695392362,0.8167171641417208,0.4971906375650041,0.4187064995486942,0.6637219400459502,0.776717777314714,0.8202171853487186,0.0716892206549656,0.0429028693870542,0.0521306406416078,,,,,,Artem Bardyk,2922.0
19.18257340485601,164.68048183700358,-36.61880250432879,-14.909043854696028,-9.271378732448497,4.0,-0.7658455674760024,-18.800018821757952,-10.002350367024281,13.12983483907397,0.2676,0.4154,15.8,0.0728,0.021799999999999996,0.26809712027103333,-0.3443581780538302,0.7758634481460569,0.5585316056940771,1.0,0.9305263157894738,0.5520409059539494,0.5580632411067195,0.4872053486813212,0.3887181722421997,0.9804347826086957,0.95,0.7886363636363637,0.417017775004045,0.41831371908030934,0.814935064935065,0.6958154774287497,1.0,0.0,0.0,0.0,0.0,0.0,0.0,0.0,0.0,Artem Bardyk,2922.0
19.743156483849578,173.55212285687222,-62.869602433651934,-16.22080325850147,-14.128458169182863,3.996,-3.9018527990906504,-34.0975850146822,-11.27957061665246,12.762667424457707,0.21259999999999998,0.5474,18.2,0.05960000000000001,0.0078,0.004049635313062438,-0.2864656625935398,0.9793488680496353,0.5701204728758354,0.7573561703996486,0.8298321136461473,0.4763946503345986,0.6268085350372609,0.5713027404052957,0.49585474851833,0.7817447505620128,0.8320652173913043,0.7286628591078961,0.10743700190363581,0.3401048544148918,0.7602711901624946,0.8435081008100809,0.7946107110711071,0.0,0.0,0.0,0.0,0.0,0.0,0.0,0.0,Artem Bardyk,2922.0
17.984539440658843,157.19477517507366,-55.53744598995955,-15.710494480643735,-11.661753523222304,4.0,-3.0567124417870684,-31.00376538884002,-10.918958653287012,12.814238497820588,0.21739999999999998,0.316,18.0,0.0994,0.0118,0.06664300873256099,-0.14738097723172344,1.049798559649306,0.5365622738209346,0.8315450718435793,0.6274492042258712,0.6929895974672095,0.4646148100837954,0.41556319621772175,0.6086523180594111,0.954862053369516,0.8835820895522388,0.7746119597687445,0.5919790502071757,0.21408709871533366,0.4970996833738172,0.6928651794597297,0.6509590970442675,0.0,0.0,0.0,0.0,0.0,0.0,0.0,0.0,Artem Bardyk,2922.0
18.01213924963925,161.55237012987013,-63.22677145339858,-16.215800865800865,-11.487099736226861,3.9771428571428573,-5.483658008658009,-34.3833152958153,-10.792987012987012,11.158946608946607,0.24900000000000003,0.529,13.8,0.0708,0.0114,0.2267929292929293,-0.4320707070707071,1.0046500721500722,0.4970492973210365,0.85625,0.8818181818181818,0.577209595959596,0.613661067193676,0.3566672156346069,0.7291254940711462,0.7922348484848485,1.0,0.7306763285024155,0.5599390645586297,0.4064586078173035,0.7986742424242423,0.7936868686868687,1.0,0.0,0.0,0.0,0.0,0.0,0.0,0.0,0.0,Artem Bardyk,2922.0
16.94450616680684,150.00325709243688,-66.19092490114568,-15.949816130952238,-11.601505980581297,3.981132075471698,-6.258218263464899,-39.83969907353135,-11.030378318770756,14.507560790683176,0.17959999999999998,0.561,26.4,0.053000000000000005,0.0046,-0.010282902585983161,-0.09130009775171063,1.9501785576638078,0.5870564730496819,0.7387262282303446,0.7059215698701301,0.5222406311158745,0.5209754095428349,0.3961131521227796,0.23112429324236444,0.9240672530606634,0.8139569125109108,0.6431677033621703,0.6929707858127183,0.46571892522509933,0.6430277131767737,0.708382734996439,0.7194358131075305,0.01169590643274852,0.0,0.0,0.0,0.0,0.0,0.0,0.0,Artem Bardyk,2922.0
21.283523550724638,173.59251630434784,-51.1851140328716,-12.080108695652175,-11.31684954011798,4.0,-2.863940217391304,-30.439728260869565,-9.769152173913044,11.284664855072464,0.21959999999999996,0.5024,18.0,0.1244,0.035199999999999995,0.32904710144927535,-1.4092971014492754,1.3428351449275362,0.6015825603851594,0.8533261138613861,0.8669700091575091,0.703334478021978,0.668979606408443,0.3442670705944221,0.5247508545497407,0.9345011424219345,0.9144883241758242,0.9203125,0.6651515409095855,0.6628758092155369,0.5604321369636964,0.8328582308780328,0.9921875,0.009375,0.0,0.0,0.0,0.0,0.0,0.0,0.0,Artem Bardyk,2922.0
16.926898638069638,147.16447526299513,-49.45157287797828,-15.911615789591167,-8.584806612779733,4.0,-3.3503603646695304,-27.50762572584734,-10.6593209608449,12.562156575754386,0.23279999999999998,0.265,17.2,0.061,0.004,0.1856565614048514,-0.2365128460231059,1.1605063982984638,0.48482939110846085,1.0,0.7847094679652818,0.7132316968130922,0.43446190588051053,0.6661061419200954,0.5471274281274281,0.802090909090909,0.9206666666666667,0.9256164206164208,0.39531012570547447,0.24563608054305724,0.5659004776446637,0.7196142582654211,0.8085185185185185,0.0,0.0,0.0,0.0,0.0,0.0,0.0,0.0,Artem Bardyk,2922.0
18.93961400741681,174.82561739538613,-50.46632255248047,-12.640253355895474,-10.447089691610362,4.0,-11.034369464984195,-23.77585412153276,-10.24514024624189,13.67638432778421,0.24220000000000003,0.5282,18.6,0.06080000000000001,0.0064,0.3033401534557956,-0.3112447625411715,1.619663683851146,0.6114072812433468,0.7058874458874459,0.9403576751117735,0.8191341991341992,0.6524627734849529,0.6466551449193686,0.6403846426797247,0.6291425899719053,0.9043630686253638,0.8990476190476191,0.7988744588744588,0.6729969484067845,0.714025974025974,0.8714754098360655,0.8333532041728763,0.038095238095238085,0.0,0.0,0.0,0.0,0.0,0.0,0.0,Artem Bardyk,2922.0
14.19932639290534,131.96543117408905,-59.01813634018546,-14.204935415461733,-8.814529727499893,4.0,-8.477451802583383,-35.46382591093117,-11.25268941584731,15.195295932138038,0.22679999999999997,0.2048,26.2,0.11340000000000001,0.012199999999999999,0.2805186042028147,-0.25136764989396565,0.6328211875843455,0.3296365035802066,0.9506607929515418,0.6597688304396649,0.38658773020621945,0.37118708136037754,0.6086676112174946,0.37538915746514867,0.6085161002727082,0.8118447136563877,0.6481397691235085,0.24013919925198754,0.28773494159377805,0.6409699496538703,0.6483164797757308,0.6751140654499685,0.0,0.0,0.0,0.0,0.0,0.0,0.0,0.0,Artem Bardyk,2922.0
20.852168772166394,195.13030582811587,-49.665478720081104,-11.03586527075494,-11.539031910481977,4.0,-5.743987066285288,-27.510893709870693,-8.910260450309222,11.074559687621008,0.2116,0.3604,15.6,0.0624,0.0062,0.24862990218607894,-0.3260715921204828,1.8515775380273087,0.7845210359102724,0.9801641586867305,0.9461538461538461,0.8220393559928443,0.6377165553543002,0.6020949263502454,0.515598254526566,0.9744186046511627,0.8368309223738976,0.9649794801641587,0.34756603177943807,0.6973678636757485,0.7900818330605565,0.9430769230769231,1.0,0.0523076923076923,0.0,0.0,0.0,0.0,0.0,0.0,0.0,Artem Bardyk,2922.0
19.126077434203204,174.95879672593637,-61.249002449663934,-16.771776977616092,-11.58930832590284,4.0,-3.2739429822933297,-35.176976688073054,-10.773710048628383,12.336712572849772,0.2,0.2024,17.6,0.0358,0.0026,0.11381695682839006,-0.6022038679980696,1.723127621663759,0.6471664000299382,0.8822784810126582,0.8836507936507937,0.4139208808412267,0.7030118255728012,0.45510953713022245,0.5717879964020749,0.7340333716915995,0.7649789029535865,0.8441391375939077,0.2629097863475758,0.5398007954105515,0.747212543554007,0.8236017944184045,1.0,0.0032520325203252,0.0,0.0,0.0,0.0,0.0,0.0,0.0,Artem Bardyk,2922.0
21.35477016359369,202.70518241694714,-53.730841535582684,-13.258797376444434,-12.05986031754264,4.0,-3.2173905188611074,-30.129503644209528,-9.82135217723453,10.756062498709559,0.22959999999999997,0.42280000000000006,15.0,0.0364,0.0072,0.07964679729385613,-0.030303030303030297,1.7403268432680197,0.8475386418577393,0.97767929089444,0.9393939393939394,0.5028715515016884,0.6347514388610278,0.575081256628396,0.6060073149114245,1.0,0.8019246519246519,0.7764595340340706,0.33450016201829247,0.7114399433496935,0.9176470588235294,1.0,0.9235294117647058,0.0,0.0,0.0,0.0,0.0,0.0,0.0,0.0,Artem Bardyk,2922.0
17.547534564201232,155.4461815961816,-50.395798374346185,-13.655036321702989,-10.697721759602903,3.977777777777778,-7.681346431346432,-26.84218250884918,-10.787199837199838,15.28991070657737,0.24019999999999997,0.32320000000000004,16.4,0.04820000000000001,0.0038,-0.06702063368730031,-0.2662177328843995,1.1618184284850952,0.5233035945643696,0.8090339077137244,0.9204545454545455,0.7320722563053852,0.4886336940484816,0.7056968759871648,0.48317543655303163,0.7852900167317345,0.789472950362521,0.8445616502578528,0.34439297181182404,0.43704043588286057,0.5654398867640665,0.7625003235743315,0.6716570457232102,0.0,0.0,0.0,0.0,0.0,0.0,0.0,0.0,Artem Bardyk,2922.0
16.68661305672824,168.0208244235206,-56.19189096953316,-16.8780894335295,-10.214554778928271,3.983050847457627,-1.439734174948744,-33.67847188731876,-11.572899646544668,13.608808104279138,0.2192,0.522,33.8,0.145,0.0124,0.3184200757841537,-0.06487538327338074,1.0662561044733674,0.5146175354382647,0.8472238457042666,0.8885448764979212,0.2689873164282438,0.4049359258980213,0.39821132173475726,0.3201221068653035,0.8725746569814368,0.7335759388501163,0.7683190985336275,0.44830480643455506,0.4188192962251491,0.6790827820489899,0.606415810041141,0.6692035611016233,0.10822131307227742,0.0,0.0,0.0,0.0,0.0,0.0,0.0,Artem Bardyk,2922.0
20.24766967792616,186.65554988216812,-54.94395306576676,-13.347529457973291,-14.044629224447046,4.0,-2.6926796936370776,-30.218101924587586,-9.859786331500393,11.218773566378633,0.20579999999999998,0.49060000000000004,14.4,0.08399999999999999,0.003,-0.06337352710133541,-0.22428947368421054,1.6740465435978003,0.7878522062732589,0.781952861952862,0.953125,0.5158303429027112,0.5870861022505759,0.7266898148148149,0.4294150939216729,0.9494949494949495,0.9056087187666135,0.7558656742867269,0.7159649122807018,0.5051175128477761,0.6227521929824562,0.8905787037037036,0.7875083067517278,0.00808080808080808,0.0,0.0,0.0,0.0,0.0,0.0,0.0,Artiom Samsonkin,2945.0
20.61385514229986,181.26447095443794,-63.12286586641667,-11.785169463613638,-10.811879631392735,4.0,-5.325490103039146,-40.05454403865671,-9.794632552510441,10.648849922796,0.1878,0.4686,15.2,0.11080000000000001,0.0034000000000000002,-0.05798326186055497,-0.06341401327931098,1.2308485852632471,0.694949043447166,0.7883693903093152,0.7170993817459795,0.7155984454252026,0.8521008403361344,0.6184029077217932,0.5263336689659066,0.9168067226890756,0.7921777221526909,0.8925531914893619,0.6797129653825523,0.5131233180669976,0.3577564060338581,0.49054891488854996,0.6849457812240237,0.0,0.0,0.0,0.0,0.0,0.0,0.0,0.0,Artiom Samsonkin,2945.0
22.119999999999997,222.4781835238287,-62.91720475714304,-11.895316017896665,-12.076719832303274,3.995,-6.350736033800549,-36.459931386544284,-9.871632735181123,9.742131248582862,0.236,0.4272,17.8,0.0524,0.0052,0.04327014891531021,-0.4670119215280505,0.9963323337516886,0.9018181818181817,0.7637051996047639,0.9569620253164557,0.4240810766230977,0.6204725470133232,0.5790179740003354,0.7660306850180267,0.9307692307692308,0.8427558706247231,0.989090909090909,0.8370774774094965,0.286409916113174,0.7499369482976042,0.7845259085765415,1.0,0.0,0.0,0.0,0.0,0.0,0.0,0.0,0.0,Artiom Samsonkin,2945.0
19.183292886576883,182.57614235604746,-57.86890455199379,-14.325584117174937,-11.144124842133067,3.9964285714285714,-4.258786851148314,-35.45408025548502,-10.485299651558492,13.802542594077462,0.23759999999999998,0.356,19.6,0.045599999999999995,0.0,-0.0630388374121775,-0.2960441754539215,1.2352148664501326,0.7253666390508495,0.7820705951853493,0.81009009009009,0.5989782629126891,0.4395855322688799,0.26024143102659053,0.5999086499086499,0.9597344713134186,0.8393007671696197,0.9828419328419328,0.32496970666081965,0.24162338046721135,0.80213448996883,0.7190598969546338,0.8899100899100899,0.0036036036036036,0.0,0.0,0.0,0.0,0.0,0.0,0.0,Artiom Samsonkin,2945.0
20.52180293501048,214.69572851153043,-52.49434786681094,-15.868448637316561,-11.318627216915768,4.0,-2.940251572327044,-26.535966981132077,-10.36053459119497,10.529481132075471,0.22999999999999998,0.496,18.0,0.06920000000000001,0.0062,0.1003275681341719,-0.09921383647798739,1.7406315513626835,0.9028571428571428,1.0,0.7610744810744811,0.6941785305187367,0.5054639804639803,0.6864896214896214,0.5892889870724922,0.8730952380952381,0.9676190476190477,1.0,0.6806314590335208,0.5822285789811563,0.48669310071371924,0.8295299145299145,0.855637375225004,0.0,0.0,0.0,0.0,0.0,0.0,0.0,0.0,Artiom Samsonkin,2945.0
19.37817899929528,167.6375388301621,-62.86260262183614,-12.8950866807611,-11.192490712040513,4.0,-5.969945031712473,-39.44684989429175,-10.53812177589852,13.179891472868217,0.23360000000000003,0.4962,25.4,0.09,0.0,0.1310173361522199,-0.6365333333333333,1.0885102184637065,0.5676878054855079,0.9188024826579044,0.7880171850191464,0.23930662749659665,0.5720275039552148,0.6114063017397285,0.541614378585519,0.852415723500061,0.8819033710599976,0.8874528416697093,0.6747837014018017,0.4739840263096077,0.6522045900303116,0.8720556645185393,0.8974692285703775,0.035987784824994117,0.0,0.0,0.0,0.0,0.0,0.0,0.0,Artiom Samsonkin,2945.0
18.25741540164453,185.63543327008222,-56.278199647735434,-14.273181530676789,-12.492674663548215,3.9705882352941173,-4.272046963946869,-30.45022928526249,-10.028306451612902,11.267651012017712,0.24960000000000004,0.45360000000000006,14.4,0.1046,0.005,-0.06308823529411764,-0.23612745098039217,1.3997865275142314,0.7801506946079586,0.9231892195395843,0.8632340777502068,0.3934135860607487,0.7234771603484813,0.491844786365036,0.6766699419801611,0.891027512633352,0.8253972487366648,0.8327231892195396,0.8715328467153285,0.3279660303200449,0.7098310874040801,0.7743026450043168,0.9503649635036495,0.0,0.0,0.0,0.0,0.0,0.0,0.0,0.0,Artiom Samsonkin,2945.0
18.556530894761515,156.73047872963787,-50.676009822281436,-16.186342728231573,-9.822000754544415,4.0,-2.8328657857728814,-30.97253310676199,-9.948806471932498,15.086539024961912,0.2274,0.4992,22.0,0.17840000000000003,0.014199999999999999,0.10700186042423529,-0.22493847415914683,1.2394593050509786,0.5861010990618274,0.9698702830188679,0.5769268103677743,0.3501941902254539,0.5328315479710781,0.6524778516057586,0.3897527962574846,0.8638289036544851,0.7066976691949268,0.5859861781483107,0.33545812677094033,0.5003340314892387,0.678696677604594,0.9340801886792451,0.7938690373988082,0.00357142857142856,0.0,0.0,0.0,0.0,0.0,0.0,0.0,Artiom Samsonkin,2945.0
21.51604861772254,217.41935744320375,-55.04842079716428,-15.356989884382324,-11.167810737209082,4.0,-2.5757567070250826,-30.3067382321681,-10.670488533761645,11.029363297381945,0.2298,0.5234,23.2,0.05800000000000001,0.0104,0.1614675156193134,-0.14292605354127808,1.375684624372306,0.9132530120481928,0.7668107337740547,0.8466361089890502,0.6976848693475198,0.47255631168489154,0.42380637690588774,0.4768612126875421,0.961038961038961,0.9870129870129869,0.9245901639344263,0.6723895505376841,0.5937463287255901,0.5511938050137909,0.7489990519756644,0.9509803921568627,0.00196078431372548,0.0,0.0,0.0,0.0,0.0,0.0,0.0,Artiom Samsonkin,2945.0
21.49747036118004,215.27980148883375,-53.318324698589414,-14.715081334436173,-10.902505380512038,4.0,-1.900709953129308,-30.594637441411635,-9.876429556106974,10.671038967006709,0.24760000000000004,0.48340000000000005,15.4,0.069,0.0114,0.025839077290690217,-0.0834160463192721,1.060602885764176,0.9024345709068775,0.9333333333333333,0.9477784540474742,0.6891997518610422,0.5967075939884826,0.5181329884357881,0.7501426799007443,1.0,0.9425000000000001,0.9512820512820512,0.6327543424317618,0.1674450660923576,0.6825,0.9205128205128205,0.9235732009925558,0.0025641025641025598,0.0,0.0,0.0,0.0,0.0,0.0,0.0,Artiom Samsonkin,2945.0
20.124756591940677,193.13018303246594,-51.74935977867292,-12.903251793077164,-10.19213246499702,3.983870967741936,-3.7935102733793,-31.844013114583692,-9.737996777658433,12.737673677280759,0.22800000000000004,0.5075999999999999,14.0,0.0846,0.0064,0.0666310072416063,-0.40475382003395577,1.1914161844703925,0.802199413489736,0.8161709258483452,0.8860159627535751,0.6316266374131356,0.6392583970734952,0.3897453560739227,0.739862830883782,0.8292626728110599,1.0,0.8532258064516128,0.5460926668941302,0.35477975632614805,0.4567206820449255,0.9360824742268041,0.9774193548387096,0.0,0.0,0.0,0.0,0.0,0.0,0.0,0.0,Artiom Samsonkin,2945.0
20.56525516111723,200.65617328927675,-50.85715506367477,-13.478064898754553,-10.402621470520485,4.0,-2.964226609054195,-28.144435030641933,-10.055177497246461,10.187370442542857,0.2354,0.46440000000000003,12.4,0.08159999999999999,0.0,-0.032965065378858446,-0.010810810810810801,1.1343336439888163,0.8400000000000001,0.9763157894736842,0.8826666666666666,0.7586666666666666,0.7896140350877193,0.5152681704260651,0.5762105263157895,0.948140350877193,1.0,0.8440000000000001,0.5385263157894736,0.5985463659147869,0.6992280701754385,1.0,0.952,0.0,0.0,0.0,0.0,0.0,0.0,0.0,0.0,Artiom Samsonkin,2945.0
19.859874513103016,189.6069019887522,-57.66241465479749,-14.583641927531543,-11.156336193592123,3.996575969787569,-4.66334795372152,-32.76587255958394,-10.384297923798153,11.894505933642224,0.2261558935361216,0.4559505703422054,18.306083650190114,0.0782433460076045,0.0091463878326996,0.0703812192563962,-0.2406793135815024,1.2960411913157217,0.7485035980146173,0.8702760535728629,0.8221678534514648,0.5615584918947147,0.6190705684541997,0.5268348345669471,0.5726087110069572,0.8903497477534288,0.8727773674790293,0.8156527751953266,0.6182387910419015,0.4359767401319517,0.6178196457546448,0.8120041105433924,0.8561476152259425,0.0665905584301779,0.03651418758604,0.0148148148148148,,,,,,Artiom Samsonkin,2945.0
21.039744771793455,204.04155236244486,-52.43284213701556,-15.020241421864139,-10.255325671060966,3.9870428422152564,-3.132226461841066,-29.562996165430242,-10.443787855146883,11.994692596112476,0.2166,0.2976,18.4,0.0886,0.033600000000000005,0.09967328141770324,-0.5347158588537899,1.1439987328425463,0.7329943630694212,0.7934036042162529,0.9044776119402986,0.5773367951562092,0.42993542387339206,0.4052113378121106,0.506105467537188,1.0,0.9216115952031748,0.7558786653774143,0.4000908218398164,0.5733602238257001,0.5493655413083265,0.7100038431071128,0.7525563384937037,0.05317919075144508,0.0,0.0,0.0,0.0,0.0,0.0,0.0,Artiom Samsonkin,2945.0
19.46966203274637,201.27023540315105,-66.75777825034659,-12.979573679332717,-11.777994499960421,4.0,-10.256953969725053,-38.92028421377819,-9.97471733086191,13.151745443311707,0.21259999999999998,0.4284,17.0,0.10979999999999998,0.009600000000000001,0.2751090515909793,-0.3019437751004016,0.9859820821748533,0.87725671918443,0.9205128205128205,0.7181649675625579,0.5152523941921532,0.5334507259808465,0.5277602718566574,0.7145196169292556,0.7119060858819894,0.7738461538461539,0.8029780661105963,0.40729193697868393,0.3551794871794871,0.5490083410565338,0.7086129131912264,0.7483707136237256,0.0025641025641025598,0.0,0.0,0.0,0.0,0.0,0.0,0.0,Artiom Samsonkin,2945.0
21.307254049445866,183.8213452685422,-46.114887758699055,-13.631457800511509,-10.036401581619534,4.0,-3.1393752283522107,-24.60551272682986,-10.120105955425649,11.417965534039704,0.22240000000000001,0.4972,11.4,0.05600000000000001,0.0,-0.03619254658385092,-0.11929436122274995,1.25251966873706,0.6746245306633292,0.9277446808510639,1.0,0.5810155551582336,0.7796620775969962,0.5387021276595745,0.7891337386018238,0.9102941176470589,0.9632352941176471,0.9367647058823529,0.6054755944931164,0.5096631503665295,0.8022941176470588,0.8325294117647057,1.0,0.0014705882352940998,0.0,0.0,0.0,0.0,0.0,0.0,0.0,Artiom Samsonkin,2945.0
20.856321946438165,178.67372956915744,-40.87548566494596,-14.825068668673179,-10.66057604134745,4.0,-1.720459050818307,-19.85628238512323,-9.750409596490693,11.937310077506897,0.20299999999999999,0.5586,13.6,0.036,0.0048000000000000004,-0.16071276928667774,-0.7328529075956114,2.0550439066181196,0.7113962342878005,0.9662337662337663,0.9106812808940468,0.4481799417403904,0.6776206049212969,0.66394823608447,0.7013403067412207,0.9927710843373493,0.9493975903614459,0.843240284619595,0.9019876873247803,0.690819525302284,0.5971248723363566,0.9305264902291306,0.82833150784958,0.0,0.0,0.0,0.0,0.0,0.0,0.0,0.0,Artiom Samsonkin,2945.0
18.829067340799888,173.80615888025474,-55.478613357768396,-11.986852886768782,-9.872070650216429,3.983783783783784,-6.591473968261184,-33.71992351597061,-9.872248507067685,12.580172386732523,0.2122,0.3932,19.6,0.09119999999999999,0.0214,0.06913350933535967,-0.5442336605498926,0.8208124019730413,0.5779357754967511,0.7698777491460419,0.9408225108225107,0.6875493612078978,0.8129153605015673,0.32730481226696534,0.5298657903367744,0.9134146341463414,0.7623856894588602,0.8041199736321687,0.40393980427622134,0.5105969751386068,0.5421916690209373,0.8817073170731706,0.9182926829268293,0.004761904761904761,0.0,0.0,0.0,0.0,0.0,0.0,0.0,Artiom Samsonkin,2945.0
16.496970149900665,158.91961801819062,-68.80376166231318,-17.40179597419514,-10.3712659254848,3.96369168356998,-5.495602057970219,-40.28043495147092,-12.220091081141348,13.001736644379273,0.1888,0.2874,34.6,0.16360000000000002,0.042600000000000006,0.10190839874921878,-0.2905185109622264,0.8652972203277025,0.4449193279328293,0.6669483505819526,0.831543491182881,0.38301710039904685,0.36077561551272547,0.4070202340102525,0.42031508444135446,0.9094890510948904,0.7698408253912241,0.5356857070477306,0.37883873573062876,0.2029299836740594,0.4472271152829994,0.5880361854380812,0.6156944501442567,0.05317919075144508,0.0,0.0,0.0,0.0,0.0,0.0,0.0,Artiom Samsonkin,2945.0
20.17180473465303,173.03272352003,-53.40348009320096,-14.004253056884636,-11.034115654177082,4.0,-4.6525784157363095,-32.30858116771429,-9.611204928542389,14.207253129853749,0.24780000000000002,0.5798000000000001,18.2,0.045799999999999993,0.0,0.10757523636780601,-0.6328173374613002,1.7867331728012843,0.6180450940910334,0.8663865546218489,0.7836616320030885,0.6327159796725014,0.5981569592562208,0.4061310132226505,0.5883207670419947,0.8683229813664596,0.8823978919631094,0.9363636363636363,0.9077018633540372,0.6408233276157804,0.39256606990622334,0.9157544757033248,0.923154305200341,0.00196078431372548,0.0,0.0,0.0,0.0,0.0,0.0,0.0,Artiom Samsonkin,2945.0
19.08509618074836,194.65672545796767,-63.36705200210999,-15.37738161340646,-12.575660952333854,4.0,-5.801637006605951,-33.13168365963397,-10.777015128567925,10.29632635843816,0.2076,0.5422,23.4,0.08280000000000001,0.0,0.20850312465219298,-0.1107816027070685,1.8371220240785457,0.8577181208053691,0.8956409734933224,0.7787909363308373,0.49797151305907167,0.499219297592972,0.4081919061814383,0.49020342928880123,0.9436241610738255,0.9328587892346281,0.7374526666472975,0.7430610452349582,0.3014609799981366,0.5452765177305591,0.8046455550320981,0.7492895139484215,0.0,0.0,0.0,0.0,0.0,0.0,0.0,0.0,Artiom Samsonkin,2945.0
21.77018944003934,213.72480963796176,-58.2336801497053,-14.761403896981992,-11.033404533502708,4.0,-2.4771848300448704,-35.32166082734034,-9.758541028950765,11.118514967115374,0.22840000000000002,0.45599999999999996,16.4,0.09359999999999999,0.025,0.10598782961460444,-0.31449898580121705,1.1414134857704838,0.9349112426035504,0.9205882352941176,0.8128994082840236,0.7870135746606335,0.5115579853651315,0.6317713071762066,0.5626053506487272,0.8892156862745099,0.9676470588235293,0.9193641953822949,0.8281656804733728,0.1544833587383127,0.7779024688839012,0.6175552408272021,0.8001428279942868,0.0,0.0,0.0,0.0,0.0,0.0,0.0,0.0,Beksultan Moldagali,2831.0
22.932671629445824,215.73983043837885,-52.437323899997,-14.200330851943756,-11.22858113738327,4.0,-1.9942721257237388,-28.58477047146402,-9.93334987593052,9.503980562448305,0.23459999999999998,0.5606000000000001,12.2,0.030199999999999998,0.0,0.2329383788254756,-0.20440860215053763,1.254435483870968,0.9336122748219522,0.8530519480519481,0.8028383458646615,0.8212867395762133,0.5604211959517562,0.620760321607251,0.6444249002271073,0.921951219512195,0.9414634146341463,0.8327597402597403,0.9258064516129032,0.24809207635711839,0.935064935064935,0.7522832006702975,0.7842105263157895,0.015584415584415581,0.0,0.0,0.0,0.0,0.0,0.0,0.0,Beksultan Moldagali,2831.0
20.48745212872336,204.13999068692857,-56.92960643803967,-15.330097638002107,-10.375485553178487,4.0,-9.919097169363578,-26.933332437845696,-10.875571097241004,12.5039774575912,0.20839999999999997,0.4476,17.2,0.0756,0.0128,0.04466513239784724,-0.39577688030016744,1.702293045344509,0.8202660858157695,0.8549579831932773,0.7591356542617047,0.7137108301264432,0.7068291395949459,0.4128870247395614,0.6747317992617607,0.9603688073167411,0.7789720609315121,0.8612244897959183,0.8948453608247423,0.3503066712762761,0.5841888881961881,0.76212501765327,0.557558742159548,0.0,0.0,0.0,0.0,0.0,0.0,0.0,0.0,Beksultan Moldagali,2831.0
20.976152463888315,203.08788375146867,-56.41302324999619,-15.291505978298432,-12.427009012661207,4.0,-2.897356417167738,-31.847840210104362,-9.760933029234916,11.811621397470455,0.2072,0.44320000000000004,11.6,0.0332,0.010199999999999999,-0.06766189785057705,-0.47866611376045337,1.6355601631073327,0.8660007399186089,0.9622641509433961,0.8519970595442293,0.39856962039279026,0.49435691944016025,0.5603635095475148,0.8063948754918101,0.8812117990964655,0.8867924528301888,0.8943396226415095,0.7479755538579067,0.24571227519829222,0.7467532467532467,1.0,0.9098591549295774,0.0,0.0,0.0,0.0,0.0,0.0,0.0,0.0,Beksultan Moldagali,2831.0
18.076003286331154,184.0213672666132,-60.47201292949829,-16.047919293820932,-11.96119631441938,4.0,-4.7121689785624215,-36.02061981734113,-10.793754442279033,15.063645916924605,0.2182,0.3856,22.0,0.05739999999999999,0.0154,0.24778096220719173,-0.8845649432534678,1.3056096908555923,0.7481720978524199,0.9369772369867089,0.7596247654784241,0.4627630905679686,0.44146140543488405,0.3862338939772044,0.49355109962261273,0.9675171982489056,0.8148251748251749,0.7430200583219764,0.5709421323013556,0.38161464551708446,0.6443277048155097,0.6254909318323952,0.8466371027346637,0.01085678549093182,0.0,0.0,0.0,0.0,0.0,0.0,0.0,Beksultan Moldagali,2831.0
21.89917874396135,222.25746376811588,-64.88636361995682,-15.45304347826087,-10.621107581309499,4.0,-2.254371980676329,-39.96777777777778,-10.325376811594204,9.735314009661836,0.19820000000000002,0.44980000000000003,18.4,0.06,0.0084,0.05410144927536233,-0.16850241545893715,1.3736570048309178,0.8727688172043011,0.8528494623655913,0.9208333333333332,0.5548723915168516,0.41926108915239346,0.4191798418972332,0.6970715216682958,0.9737373737373737,0.9612903225806452,0.6359261974584556,0.756801889866406,0.11870567526598379,0.7101020726196042,1.0,0.8853864734299517,0.00404040404040404,0.0,0.0,0.0,0.0,0.0,0.0,0.0,Beksultan Moldagali,2831.0
20.24254079254079,189.96230736855736,-40.311766114727426,-14.265475265475265,-9.869490797452107,4.0,-3.126578282828283,-19.169038137788142,-10.299558080808081,12.418374449624448,0.2142,0.47820000000000007,15.0,0.0512,0.0,0.07162814037814039,-0.5259259259259259,1.0045357420357421,0.8028619528619529,0.8085058525506639,0.9169230769230768,0.5668876659678548,0.6097443759943759,0.32774861668729594,0.651247594997595,0.9185185185185185,0.8981481481481481,1.0,0.7247564935064934,0.21940152091095483,0.4864685489213791,0.860691823899371,0.9018518518518519,0.0,0.0,0.0,0.0,0.0,0.0,0.0,0.0,Beksultan Moldagali,2831.0
22.201229269924927,209.4983336470293,-75.10295450978141,-14.04679089026915,-14.365486036225983,4.0,-9.537842190016104,-43.362154673024236,-10.0646847355543,12.274004015308364,0.17759999999999998,0.5544,12.2,0.057600000000000005,0.0,-0.027392140870401743,-0.13131313131313133,1.3961486500616935,0.8623376623376624,0.7223975401545495,0.7743294089088482,0.6810171137273942,0.7222680746045232,0.5691316433737222,0.8311688311688311,0.6741310010218633,0.7260610599794551,0.836509285107416,0.7450054618278917,0.3487214615582278,0.5941700044503783,0.870906663430028,0.8315572278189102,0.0,0.0,0.0,0.0,0.0,0.0,0.0,0.0,Beksultan Moldagali,2831.0
23.711691763386114,210.44344278091785,-71.34346861991214,-16.16692985862421,-14.350802039537921,4.0,-5.18378564956638,-40.625277933583575,-9.736626828321182,10.719953689721132,0.2166,0.40700000000000003,13.2,0.0644,0.022200000000000004,0.1405378895744344,-0.44730321726999467,1.5064394298945794,0.7327760362243121,0.9737704918032787,0.9676767676767677,0.7316807418446762,0.3239980846990457,0.6887860271127654,0.8251186336432239,0.9838383838383837,0.778580262774723,0.8520284815366782,0.9645310245310246,0.22730768885658645,0.7394932935916543,0.8275513758272378,0.8697318007662835,0.0,0.0,0.0,0.0,0.0,0.0,0.0,0.0,Beksultan Moldagali,2831.0
19.34129862544296,178.99346985305056,-64.69950087391598,-16.116335725902665,-12.665993067050435,3.987951807228916,-5.392048686109307,-36.55370289631874,-10.840835493064997,12.881463187301254,0.16820000000000002,0.43179999999999996,22.2,0.045799999999999993,0.0054,-0.1291237516960998,-0.038426893117565905,1.193725324293847,0.5951619503055955,0.8982035928143712,0.789557962726233,0.5514173596323901,0.526434848577081,0.4172698147467709,0.3558093145323179,0.7568151277160226,0.8725829240395612,0.7503048564274427,0.6487509653021326,0.11436441207685233,0.680048162830912,0.782862525350583,0.7965955728991455,0.0,0.0,0.0,0.0,0.0,0.0,0.0,0.0,Beksultan Moldagali,2831.0
23.87006746697015,229.6980952614039,-66.1660095916091,-16.01040190571756,-11.071811281954474,3.9869565217391303,-3.87144982602985,-38.58787756417316,-11.221221502955249,10.609795967482063,0.22359999999999997,0.4558,16.4,0.095,0.0226,-0.00401736438282406,-0.06529411764705881,1.8759328715884105,1.0,0.9471234647705234,0.8241583416583417,0.7479745254745256,0.5794004524886878,0.8005469530469531,0.3625578832931774,0.861525974025974,0.9225,0.9670329670329672,0.5283116883116883,0.2830121349238996,0.8227772227772228,0.8528246753246753,0.8861813186813187,0.0,0.0,0.0,0.0,0.0,0.0,0.0,0.0,Beksultan Moldagali,2831.0
21.465482833449585,188.61845307292873,-54.79795065731607,-15.621457542173653,-9.267191660700291,4.0,-6.543436280968249,-29.817225968121107,-11.310299930248778,13.761660724896018,0.2432,0.41739999999999994,21.4,0.0634,0.0284,0.21374874060296056,-0.26408199643493757,1.7155487096024182,0.6995881269268366,0.8458772110242698,0.6299321907079745,0.7033602150537634,0.39264596284687414,0.650848271446863,0.4262834814871991,0.8295698924731184,0.7332233626588465,0.929241357234315,0.5590288028645594,0.2694119224754363,0.8554293502953204,0.7543091585833521,0.7128124295059779,0.0011363636363636198,0.03636363636363636,0.0,0.0,0.0,0.0,0.0,0.0,Beksultan Moldagali,2831.0
19.023160260493505,172.9368059631802,-72.38885863572122,-16.66250568055273,-13.437898936667017,4.0,-4.1802225285962535,-44.67333196363996,-10.758633006536328,13.323733480271068,0.17880000000000001,0.35140000000000005,17.6,0.053000000000000005,0.013600000000000001,0.028095450229486063,-0.6077667005895917,1.219703946031052,0.5699176162488564,0.8876998202055393,0.6725250415768522,0.45734683965231504,0.5894853369826187,0.42546049274644904,0.5177595327019346,0.8199779573552514,0.8188692922647665,0.6797563690397078,0.6172803335814618,0.1411461890531713,0.6285880877714718,0.6993649242794333,0.8516853932584268,0.0,0.0,0.0,0.0,0.0,0.0,0.0,0.0,Beksultan Moldagali,2831.0
22.346777140909634,191.59580860659372,-66.52592909347469,-15.623216972051882,-13.190878702885787,4.0,-4.760142576795227,-39.20721930487923,-11.152692240338805,13.408220703476232,0.21639999999999998,0.48599999999999993,16.6,0.0712,0.0198,0.06883238483693636,-0.25208199343656723,1.6169159823540666,0.7594687027757894,0.7748303013847407,0.8012073027499982,0.6791750796040776,0.5411625593126181,0.5876811863755285,0.6237549324673143,0.9181102362204724,0.9803815937149271,0.9445096635647816,0.6524385912721368,0.2514857700914691,0.6095594582009993,0.8252827487473157,0.7675191106162236,0.0,0.0,0.0,0.0,0.0,0.0,0.0,0.0,Beksultan Moldagali,2831.0
21.206447674278557,217.0260363973599,-65.81256759902638,-14.767906609818374,-11.522194170785294,3.996875,-0.001364750445632712,-42.44401512140483,-10.413896968492557,9.339935021920315,0.24779999999999996,0.508,12.2,0.07139999999999999,0.0,0.032989473430649896,-0.053665329768270945,1.681544930625813,0.9224806201550388,0.7572358330224266,0.9114570361145702,0.8359021573575213,0.8045371838527722,0.6246996680677018,0.3832066131322956,0.95,0.9544045102184636,0.9727272727272727,0.6021375206815403,0.36001656355045464,1.0,0.9085976039464411,0.8573643410852714,0.0,0.0,0.0,0.0,0.0,0.0,0.0,0.0,Beksultan Moldagali,2831.0
21.82914240539872,195.72622128260392,-50.10060553555377,-15.681195931934369,-11.850619600385166,3.981818181818182,-1.0787967910441676,-27.19936195266063,-10.643869975729672,12.371420534382057,0.2314,0.4728,16.0,0.0938,0.013000000000000001,-0.02095564074479734,-0.15402748825212872,1.3100049192936873,0.7701157571462319,0.8513079344404645,0.8611908082171004,0.7661373695218222,0.6937538654912646,0.4644976150225942,0.5986201125338318,0.9458482578964507,0.9374253771844133,0.963963963963964,0.7929808160278429,0.20797483276438194,0.6838246258248348,0.86144578313253,0.7930641484858352,0.0,0.0,0.0,0.0,0.0,0.0,0.0,0.0,Beksultan Moldagali,2831.0
17.783450138073796,152.06524907987273,-58.52593570319946,-16.49590505074376,-12.79219519440519,4.0,-4.456218572347605,-31.733858495148816,-10.645121640605513,13.597363250051425,0.2004,0.40700000000000003,21.6,0.10799999999999998,0.03319999999999999,0.23256108288366356,-0.341353254471534,1.1552735436606405,0.531689839431775,0.9870967741935484,0.5605914197312047,0.523191145771791,0.5471170804504137,0.4161899510286607,0.5083800070896844,0.834418667752001,0.9209876543209876,0.888888888888889,0.5842355175688508,0.32941483844709646,0.47244633502698025,0.5502540470282404,0.7287900709406087,0.0065934065934065795,0.0,0.0,0.0,0.0,0.0,0.0,0.0,Beksultan Moldagali,2831.0
18.172487394957983,145.02843697478994,-69.0069831559608,-16.76812324929972,-11.688215648957998,4.0,-4.624075630252101,-42.488991596638655,-10.663823529411765,13.22624649859944,0.19699999999999998,0.45779999999999993,23.8,0.047799999999999995,0.0024000000000000002,-0.09268907563025211,-0.28270028011204473,1.2164733893557422,0.6117006691342016,0.8339644970414201,0.7053280084366716,0.35466666803447977,0.40135720577654854,0.40705280442733766,0.3698119407353911,0.8111952662721894,0.9603155339805826,0.8546666666666667,0.7811595718197659,0.18539934810024428,0.5516040905820592,0.5419405370581621,0.7936861402227346,0.054285714285714284,0.0,0.0,0.0,0.0,0.0,0.0,0.0,Beksultan Moldagali,2831.0
19.886286641368308,196.96114840996873,-52.37776035347756,-13.06989516835252,-10.45411786620077,4.0,-5.597757732285863,-29.266652282986218,-10.85034996763672,12.861012663984534,0.1958,0.42960000000000004,15.6,0.0764,0.014400000000000001,0.19959344950270547,-0.4058482352493241,1.863487291595277,0.8198072894847088,0.8397660700441568,0.8941348973607038,0.5433359817786959,0.792146829810901,0.5001407046790807,0.741038961038961,0.9480519480519479,0.9606060606060606,0.7828487641390868,0.6019314389725958,0.45556476893518044,0.9625806451612903,0.9303030303030303,0.9341935483870968,0.03096774193548386,0.0,0.0,0.0,0.0,0.0,0.0,0.0,Beksultan Moldagali,2831.0
20.135124343375534,185.90511617600828,-60.27296744653258,-15.44056172876283,-11.598900956988636,3.997549631214949,-4.753354015233731,-34.57400922041816,-10.564280898292976,12.660589741948806,0.2171519999999999,0.45356,18.188,0.067096,0.011172,0.0841562655134896,-0.2210208362125898,1.3942584713806108,0.722948543408846,0.85206207541003,0.8030569073393851,0.5828818245427467,0.5493171196781134,0.536266429132534,0.5611430758827763,0.8795951032411256,0.885524320467966,0.8269788213919488,0.6159086757398192,0.3148249137793443,0.7450626493016884,0.7960983978521815,0.8214996300200184,0.0609894679857464,0.0887864005912786,,,,,,,Beksultan Moldagali,2831.0
17.35946205348504,156.154471922288,-75.11379707108793,-15.339858353651456,-16.15449794960491,4.0,-5.74616277719726,-44.32653546963892,-11.407872982700571,13.861130461705176,0.2132,0.3208,14.8,0.011600000000000001,0.0,0.034205271101822816,-0.060319671813924655,1.179853709508882,0.6241392073449179,0.9060869565217391,0.8765432098765432,0.5306687281104574,0.5389257140815812,0.5091846732838097,0.7464503569110967,0.7750216294539859,0.7535415892687476,0.869216757741348,0.5146107481651429,0.13323906268002084,0.8897829692119114,0.9333333333333333,0.8661298980139559,0.0017391304347826,0.0,0.0,0.0,0.0,0.0,0.0,0.0,Beksultan Moldagali,2831.0
15.102655216900498,147.48541243347844,-73.92884255184228,-16.319182389937108,-12.1687715955449,4.0,-9.93353289791969,-42.41116150620867,-11.920506773101113,14.824312610869214,0.2352,0.45620000000000005,20.4,0.15460000000000002,0.0018,0.21379011449766164,-0.3866368327689082,0.8995875665215287,0.4327484488866912,0.7538740398884558,0.733593711778999,0.39515256464615167,0.3455451081172642,0.5647431756035688,0.3746122789107279,0.7045440456569334,0.8641509433962264,0.618072382393217,0.30273169878854594,0.43404056298811744,0.7083346175589657,0.5890279227344629,0.9292307692307691,0.10283018867924529,0.0,0.0,0.0,0.0,0.0,0.0,0.0,Benik Agasarov,2806.0
19.922469532400953,177.9651456531607,-58.86537721254907,-16.381718919869957,-11.086327753954205,4.0,-3.7044612518022406,-33.693425234221564,-10.972311238551784,12.972867185850685,0.2278,0.5115999999999999,21.2,0.06,0.0,0.1891800530073054,-0.17078990714449427,1.41810340982971,0.6961447957233108,1.0,0.7669813104432743,0.6690602909263109,0.5751949417866331,0.461485448026507,0.5671467527425436,0.7764973198295937,0.8938348544336139,0.9579977292535062,0.38142375852635163,0.7222979552093476,0.7166772966355317,0.8679611650485437,0.8917431192660551,0.0,0.0,0.0,0.0,0.0,0.0,0.0,0.0,Benik Agasarov,2806.0
16.627132813748062,148.52653324795796,-60.935931915954725,-16.222411043282186,-11.62733432479815,3.992857142857143,-8.700053817930407,-30.840837726500162,-10.545604489279624,13.007452342978658,0.23059999999999997,0.3648,15.6,0.05600000000000001,0.0,0.16603622431208637,-0.17454066199982712,1.5039109005533686,0.5566497131704398,0.9911504424778762,0.7049239845700022,0.6377636569299354,0.5857210816922042,0.5363778513056575,0.4632573734809412,0.9708663251047973,0.9415505236883905,0.8685122154148702,0.45702658620683767,0.4703172442110494,0.42570595320944643,0.6123596167843954,0.9028299134493825,0.0,0.0,0.0,0.0,0.0,0.0,0.0,0.0,Benik Agasarov,2806.0
18.512018608613037,187.13858011040674,-45.73474527776394,-11.239700558586005,-10.539487525540244,3.9904761904761905,-4.852720035382574,-24.980727963700094,-9.733058135534915,11.620472750503712,0.2262,0.4718,19.2,0.0692,0.013800000000000002,0.03453240945501007,-0.20651301456255014,2.170996117745344,0.7717871559633027,0.8478825688073395,0.9688311688311689,0.6180367097894862,0.7533504587155964,0.6191730652736929,0.6635739306564994,0.8777885079671656,0.8884844036697247,0.9184000000000001,0.5816625619388706,0.5779194417875135,0.6607775443121369,0.9449541284403669,0.7636718217562255,0.0016,0.0,0.0,0.0,0.0,0.0,0.0,0.0,Benik Agasarov,2806.0
13.813425121935566,138.161613817225,-70.59485889633578,-15.656692016429213,-12.472645749756392,4.0,-8.380744849826723,-41.25596682069054,-11.669994079707354,14.841184620074444,0.2036,0.32999999999999996,19.4,0.063,0.0072,0.10192181683994353,-0.12593402644076496,1.2002686272622256,0.5206603395854847,0.9020408163265307,0.45165704416411306,0.5306073617496601,0.356559557357333,0.41701813876006694,0.2545118812155679,0.6932576094393641,0.7612329301884054,0.8174952995178622,0.48242489915209774,0.2612706330504974,0.3325331919996092,0.4238306732392494,0.7275823340076327,0.04324324324324324,0.0,0.0,0.0,0.0,0.0,0.0,0.0,Benik Agasarov,2806.0
17.2735709923583,157.29316623209724,-47.60165630435015,-14.25105332193363,-9.151042402022949,4.0,-5.645583588676059,-24.1412210781216,-10.975417638031109,12.562661724435191,0.2116,0.41559999999999997,19.6,0.0718,0.0,0.10134597921501358,-0.2570907745602529,1.4466798011070456,0.6218710826853826,0.9981818181818183,0.755721063665453,0.6625338404285773,0.6262585367848527,0.36500323686023783,0.6908133971291865,0.8977490897053956,0.8674641148325358,0.8795652653646695,0.8899057336793186,0.29837184772636605,0.47017892622659263,0.7634678462881045,0.8111111111111111,0.0,0.0,0.0,0.0,0.0,0.0,0.0,0.0,Benik Agasarov,2806.0
19.66660840906821,181.28491061619894,-46.587924382807266,-13.406904357668363,-10.43607512018201,3.997849462365591,-2.3812294017776896,-26.70045274476514,-10.15394986517527,12.49283764439562,0.19860000000000003,0.4354,14.4,0.0916,0.0036,0.22735477212956492,-0.25153300709078197,0.6952911215419955,0.7628045157456922,0.9550802139037433,0.7123415308735455,0.8274509803921568,0.6890539964980361,0.45029125192581726,0.5636143843431713,0.7635921947218147,0.9201426024955437,0.9005368626399338,0.4999955831085451,0.6792038027332145,0.5855367837668723,0.6080692400317596,0.7960521403519841,0.0,0.0,0.0,0.0,0.0,0.0,0.0,0.0,Benik Agasarov,2806.0
17.136535838042295,190.22605227504795,-84.602210465487,-15.291446200341465,-12.359130816776082,3.992156862745098,-9.389879200316788,-51.63458272084527,-10.403833470225148,10.484505080272656,0.23900000000000002,0.4306,13.0,0.0602,0.0,-0.07538558840567448,-0.07878787878787878,1.7813134446563432,0.780529325708206,0.9320388349514562,0.8395866880824988,0.6061941148268009,0.5571124569261512,0.510536127407276,0.6890266544759607,0.9184466019417477,0.8440467687619349,0.8297961830030589,0.7005258899676375,0.33271171752674167,0.7198395707133571,0.7317018753504102,0.7160320489770328,0.00987654320987654,0.0,0.0,0.0,0.0,0.0,0.0,0.0,Benik Agasarov,2806.0
18.42429871204065,154.99957161118454,-60.45967491956268,-16.0048854371435,-10.499857532648514,4.0,-8.086010763430119,-32.181059800414644,-12.01402339595888,14.326162010032977,0.189,0.422,30.8,0.0874,0.0062,0.38143662788824073,-0.08279118730731631,1.5312689461076556,0.5570427946037702,0.8250781738586616,0.9160439560439559,0.5560707585097828,0.6564388154218662,0.39959796301259715,0.47633878316805134,0.8117877244706513,0.9226838202447958,0.8125435540069686,0.6125810774591262,0.4943714821763602,0.5424816963386621,0.4575829930025879,0.7320289466630929,0.00923076923076922,0.0,0.0,0.0,0.0,0.0,0.0,0.0,Benik Agasarov,2806.0
17.693458286882198,178.4149493682646,-60.95009679865846,-14.780694908955777,-10.411053692006655,4.0,-2.8246864548494983,-40.4917735042735,-9.847079152731329,13.405190914158306,0.24420000000000003,0.3968,18.0,0.0816,0.0126,0.17917920847268673,-0.21582497212931995,1.4959383128948347,0.6834511128157679,0.95,0.7705689687441513,0.4631489492196802,0.6344560382585125,0.5857139226622795,0.30449380040929336,0.8492775594235447,0.9493093767546321,0.8815715959268271,0.6254610047067468,0.6058130749128317,0.2194477819984142,0.7815324308025038,0.7277854028462302,0.0012820512820512799,0.02435897435897434,0.0,0.0,0.0,0.0,0.0,0.0,Benik Agasarov,2806.0
21.955435968050715,202.6902079475672,-62.603431655251505,-16.7663355616232,-11.5217759469587,3.995348837209302,-1.466490325769701,-36.886523946269975,-10.41883061858582,10.461175906746593,0.2324,0.502,15.6,0.0374,0.0024000000000000002,0.042821611273263636,-0.6225483580746738,1.7183165688520645,0.8859738372093023,0.9822003577817531,0.8381215683541263,0.6738943630658747,0.6553275939177101,0.48394572965793897,0.6018235720997349,0.9418604651162792,0.8216625670840788,0.8260901162790699,0.49465614327532936,0.7935459888948262,0.6724555805951156,0.8936692506459949,0.8873015873015874,0.0011627906976744,0.0,0.0,0.0,0.0,0.0,0.0,0.0,Benik Agasarov,2806.0
20.485502758057198,185.7493962375496,-65.7242949844241,-15.05845451823717,-11.240994713890615,4.0,-5.7021471263050145,-39.66223978794242,-11.089475171537046,13.029016333488167,0.22479999999999997,0.40779999999999994,24.2,0.08059999999999999,0.0,0.07463723297008051,-0.0758702845224892,1.4934576572474727,0.7297081413210446,0.9366666666666668,0.7443230195303927,0.5164186965108624,0.4516129032258064,0.40872723282861534,0.4387118718455124,0.7477967961378098,0.7808316875137151,0.8143405749396532,0.5301799429449199,0.5353368444151854,0.7700855826201448,0.7046390168970814,0.7429098090849242,0.042176870748299324,0.0,0.0,0.0,0.0,0.0,0.0,0.0,Benik Agasarov,2806.0
20.090332827943314,177.49940322440852,-53.502885112959724,-14.723685772550823,-9.726087886072582,3.990243902439025,-2.9743843539564647,-32.453555555765504,-10.701745327487709,13.086329880434345,0.2184,0.3408,22.0,0.06399999999999999,0.0048000000000000004,0.0811067728113331,-0.28147607366703864,1.095541001109816,0.702966545373328,0.88192124815305,0.6930548414691273,0.49792780411144244,0.4100885762019595,0.4964110292537714,0.4820700361226378,0.7932391955498502,0.8924112607099144,0.8283934769172253,0.5950904392764859,0.4233304475027614,0.4399179657511249,0.6559861819208427,0.723760005041911,0.0,0.0,0.0,0.0,0.0,0.0,0.0,0.0,Benik Agasarov,2806.0
18.264480836960697,169.18486943516376,-61.53160480084376,-15.310547477928118,-11.493623006737684,3.995616310800647,-5.270808499599781,-35.22251623055616,-10.692382227032104,12.462656330209436,0.2131283643892339,0.418231884057971,20.368530020703933,0.0783064182194617,0.0085051759834368,0.0950707748103543,-0.2447821796449409,1.355338018365151,0.6522863492913425,0.850707850933329,0.7638719395100858,0.5924924909425104,0.5578878281824766,0.5015962323940669,0.5234470171995941,0.8435017191921956,0.8455569277623088,0.8135349659171587,0.5560766972116651,0.4690301647041369,0.5822028791399775,0.7353895524364826,0.7911872935232593,0.0478614796942178,0.0544112682066061,,,,,,,Benik Agasarov,2806.0
19.457320327351972,174.72808184958504,-61.48868877254656,-12.631464737793852,-14.389547839639793,3.9949367088607595,-8.230084156349978,-33.55638301571846,-10.291015092502434,13.614869360597208,0.15760000000000002,0.5358,14.0,0.069,0.0124,-0.09118265173644921,-0.25993427458617335,1.204201152223304,0.7480599903241413,0.8591775520077407,0.8283502660861151,0.7370080430575714,0.6604874711686353,0.5357743710691824,0.7094533139816159,0.6046289912917271,0.8991548742138364,0.8000922230285438,0.670473425945124,0.5213090054599488,0.7405467321427107,0.6451813403524309,0.858790517658442,0.0,0.0,0.0,0.0,0.0,0.0,0.0,0.0,Benik Agasarov,2806.0
16.957928879478516,158.73533757964753,-57.05677981485771,-17.64677327873454,-10.39074823187698,4.0,-4.1744907858709315,-29.041014899368413,-11.06359129167846,11.259838672671604,0.2294,0.35919999999999996,18.2,0.067,0.0073999999999999995,-0.07321933738398628,-0.26691776522284993,1.163030396202309,0.5319363699197412,0.6062117681963751,0.5956378076382837,0.65266732572208,0.7138775785228181,0.49211777598678746,0.43146451821548026,0.7821629672091295,0.8271397447868036,0.7874519693651084,0.4696307637399094,0.5100549221840517,0.5771058426533566,0.5662255097081075,0.7606362586571492,0.00824742268041236,0.0,0.0,0.0,0.0,0.0,0.0,0.0,Benik Agasarov,2806.0
18.287934553429814,185.41563700486554,-77.67343286339906,-16.534372508220173,-12.654578187025585,3.9925925925925925,-8.92947776618911,-43.685388851701376,-11.437811661659325,11.575603518803911,0.19339999999999996,0.363,21.6,0.0666,0.0052,-0.05966572746566208,-0.2101828069137647,1.7272991830853877,0.760672514619883,0.813367182621841,0.7581384015594541,0.5854924146114078,0.6505258141904104,0.2688298991094022,0.7165591255571642,0.7791571319603355,0.7323425022182786,0.7373523093447905,0.531390977443609,0.5429416795958149,0.6077426139537941,0.6750159127978677,0.8504913076341648,0.0,0.0,0.0,0.0,0.0,0.0,0.0,0.0,Benik Agasarov,2806.0
20.246363636363636,205.1578787878788,-53.331123617123616,-12.757575757575756,-9.958093314093315,4.0,-0.3499999999999998,-33.25303030303031,-9.865454545454545,8.853030303030303,0.2124,0.36560000000000004,13.6,0.0682,0.0,0.06727272727272725,-0.2515151515151515,1.734848484848485,0.9310139860139859,1.0,0.8953846153846154,0.7846153846153847,0.829895104895105,0.6716899766899767,0.6034382284382284,1.0,1.0,1.0,0.857948717948718,0.703076923076923,0.7223426573426573,0.8670979020979022,0.9886363636363636,0.00227272727272726,0.0,0.0,0.0,0.0,0.0,0.0,0.0,Benik Agasarov,2806.0
17.26758455145552,148.77452228097388,-57.275512443203354,-14.340976082911567,-10.920011361895826,4.0,-9.905971535003793,-32.96333933430707,-10.69402393595942,17.548809806874324,0.1912,0.29619999999999996,20.0,0.0528,0.003,-0.022760296953845342,-0.1768988930279253,0.6942194393807297,0.4872274596534429,0.7932841932841933,0.8488952717631463,0.6144487596100499,0.5697651637554422,0.6345556640077188,0.5403014994265547,0.8707207207207208,0.580515380603759,0.54010415026765,0.4218442992636541,0.25692303858454985,0.525296557554622,0.6874496719834766,0.9041610525481494,0.0,0.0,0.0,0.0,0.0,0.0,0.0,0.0,Benik Agasarov,2806.0
15.731922927425178,130.35894310154865,-45.41933574144622,-15.505066180360112,-9.719129411862474,4.0,-1.7388060355787018,-25.485945915930927,-10.51622171370455,13.545833515990543,0.2372,0.3136,20.0,0.09259999999999999,0.016399999999999998,-0.05550312563016737,-0.07787860455737042,0.569632727495901,0.4070824277974146,0.902803738317757,0.690127267895811,0.5024424211897986,0.7910373760488177,0.713345695573266,0.25602400226350175,0.8334071159206428,0.8380520266182698,0.8851971210656353,0.46255216464566534,0.18308773552230279,0.40421462903570343,0.6413369065590175,0.6035006721921873,0.0011494252873563199,0.0,0.0,0.0,0.0,0.0,0.0,0.0,Benik Agasarov,2806.0
19.088472520129166,205.28022910026803,-55.46787394187894,-13.129477337587858,-10.474490353881475,4.0,-10.71222428862216,-28.2029487401742,-9.930187709582022,12.981454487968776,0.22139999999999999,0.5662,19.6,0.1002,0.010199999999999999,0.19076520966664853,-0.319955325641493,0.9458575633828005,1.0,0.8881886520440737,0.8100358422939069,0.633001750592112,0.7769958244890232,0.4570427283991217,0.49208086985778393,0.8226802993612166,0.8401709401709402,0.6839563381732056,0.6865095547023258,0.6226488371066684,0.6036074820373305,0.7136546184738956,0.8843373493975903,0.0,0.0,0.0,0.0,0.0,0.0,0.0,0.0,Benik Agasarov,2806.0
22.493809893809896,201.71081326081327,-63.42253462838496,-16.13205313205313,-12.977631383481725,4.0,-0.982822732822733,-37.53193103193104,-9.506221556221556,9.708125208125209,0.22820000000000001,0.5448000000000001,15.4,0.10900000000000001,0.0,-0.010687460687460676,-0.2582417582417582,1.6982480482480482,0.6999225020333625,0.9494252873563219,0.95,0.7292595255212078,0.6024208055507649,0.6775249582341318,0.6600732300046415,0.8900418949403803,0.7953094692294128,0.9886792452830189,0.6460654288240495,0.5699447808751648,0.5960752267391004,0.7152261370598463,0.7922862667464665,0.0,0.0,0.0,0.0,0.0,0.0,0.0,0.0,Cem Kaan Gokerkan,2901.0
19.95413305395495,188.6970216268802,-73.61838655131787,-15.093960936915362,-13.358507033245584,4.0,-7.93225323654868,-42.382758362643116,-10.714182444061963,11.863275462096833,0.2096,0.5484000000000001,20.0,0.14579999999999999,0.005200000000000001,0.20849210506622762,-0.24279128938112696,1.8104572326573376,0.830250626566416,1.0,0.5377351414938268,0.8585714285714285,0.6780297128363075,0.5478355141892156,0.6778394525149068,0.868382099827883,0.8218760757314975,0.8542168674698795,0.7584282996648247,0.7696825396825397,0.35685019392881073,0.8686746987951807,0.5875215146299484,0.027142857142857142,0.0,0.0,0.0,0.0,0.0,0.0,0.0,Cem Kaan Gokerkan,2901.0
16.438781539747684,143.99602936061126,-68.12827040021612,-14.69391255309518,-10.706841400769,4.0,-11.162440087841935,-41.6687356144008,-11.037233699383151,17.140892955273937,0.25579999999999997,0.4582,21.2,0.0376,0.019,0.13165283331579503,-0.2711967628434796,1.529325315397477,0.4290133008331538,0.9478119164332399,0.7429210883071177,0.5232455065359477,0.4299374012425483,0.48082954014939305,0.3888622917115564,0.858316163003663,0.8222088675213675,0.6782198520433813,0.28607602977088276,0.4382742808661925,0.7478918650793651,0.8476563958916901,0.7755330882352942,0.0034855769230769202,0.003125,0.0,0.0,0.0,0.0,0.0,0.0,Cem Kaan Gokerkan,2901.0
18.781455433455434,166.69108913308912,-61.01997044581772,-14.627741147741148,-11.243108418955698,4.0,-4.414859584859585,-38.136275946275944,-10.467069597069596,13.86908424908425,0.18980000000000002,0.4298,20.8,0.047599999999999996,0.0,0.17757509157509158,-0.0246153846153846,1.6022271062271063,0.6317863015537435,0.8738095238095237,0.7540051679586564,0.4254582368535857,0.7850783583341723,0.6644154331674803,0.3721291101081471,0.665456894526662,0.7948051948051947,0.6691919191919192,0.6321067821067821,0.3097244921254092,0.7154283700795329,0.9268398268398268,0.763577211448158,0.0,0.0,0.0,0.0,0.0,0.0,0.0,0.0,Cem Kaan Gokerkan,2901.0
17.06116321430084,166.09674991499315,-59.77786653291973,-16.927844535347397,-10.482779798453677,4.0,-2.530848042094706,-38.19809731195168,-10.984257376705717,15.345960531633427,0.2274,0.4242,26.4,0.09459999999999999,0.0194,0.19126561407003645,-0.2926215792613048,1.132464099631465,0.5368043252186119,0.881426775612822,0.7020695929007023,0.45858330156543453,0.4726140673736916,0.35271390573943184,0.27040559927960495,0.7990404384860087,0.8265618077093487,0.8547502047502047,0.3548433436534376,0.6336418150932794,0.49570679703086623,0.6170693471271332,0.8086582496694856,0.06200502828409804,0.0,0.0,0.0,0.0,0.0,0.0,0.0,Cem Kaan Gokerkan,2901.0
23.30878787878788,211.76868686868684,-64.10371257358162,-13.669360269360268,-11.399941529810576,4.0,-5.07020202020202,-39.935353535353535,-9.735252525252525,11.706397306397308,0.20779999999999998,0.5494000000000001,18.2,0.0686,0.0036,0.02057239057239057,-0.2115151515151515,0.9425589225589226,0.8035690235690236,0.9039393939393939,0.8441077441077441,0.9727272727272727,0.6554094403151007,0.5210577472841624,0.571579950447875,0.9363636363636363,0.745385934819897,0.8442348008385745,0.6625589225589226,0.12829807509052787,0.8772727272727273,0.6433333333333333,0.7254208754208753,0.0,0.0,0.0,0.0,0.0,0.0,0.0,0.0,Cem Kaan Gokerkan,2901.0
20.22092518166687,176.42123980026795,-70.71561600186428,-15.744813867576017,-12.499868833431695,4.0,-5.741474850809889,-43.21853813989364,-10.231244671781756,12.72032436162871,0.2048,0.5292,24.2,0.0722,0.0174,0.053168513782324525,-0.5488897008078594,1.0096455973693825,0.7061294117647059,0.7627504848093083,0.7910505494505495,0.5537105365223013,0.6192885585003232,0.5317650937297996,0.471613316095669,0.8009961215255332,0.9044588235294118,0.7632352941176471,0.5557118293471235,0.35871195862960564,0.5144352941176471,0.5457529411764706,0.6834606334841629,0.008823529411764699,0.0,0.0,0.0,0.0,0.0,0.0,0.0,Cem Kaan Gokerkan,2901.0
18.16456820016142,165.60467615012107,-68.47916923166115,-15.372370191014259,-13.463452255605185,4.0,-5.273538808178639,-40.78859631423191,-10.949542978208232,13.36833131557708,0.2092,0.5012000000000001,18.6,0.071,0.0,-0.04422921711057304,-0.05832122679580305,1.8667103847188593,0.6921186440677966,0.8847457627118643,0.8883333333333333,0.8788665254237287,0.4934014326069411,0.5939313280814832,0.4906758275642556,0.8788095238095238,0.8498587570621469,0.9276553672316386,0.5256159200968523,0.5061691405495117,0.7887323446327683,0.8117034907183213,0.8313905466698497,0.0288135593220339,0.0,0.0,0.0,0.0,0.0,0.0,0.0,Cem Kaan Gokerkan,2901.0
17.036084656084654,173.5400529100529,-77.69842300447516,-17.282539682539685,-15.022338348390505,4.0,-7.14920634920635,-44.86084656084656,-10.44063492063492,13.057142857142855,0.2138,0.6052000000000001,16.8,0.0422,0.0114,-0.10989417989417986,-0.2828571428571428,2.0882539682539685,0.7478489225303159,0.9209050264191845,0.9287894992707827,0.4244683930979196,0.5104297581736504,0.6779476716848507,0.5128099806651835,0.9085656908936433,0.7393939552834607,0.8147204666990764,0.8491803278688526,0.6579044765176087,0.4781303137880055,0.8352514095929559,0.8468988954970265,0.0,0.0,0.0,0.0,0.0,0.0,0.0,0.0,Cem Kaan Gokerkan,2901.0
18.355021533898064,196.36635737714272,-84.39148922583324,-15.18797182054134,-12.578099761756333,3.9837011494252876,-11.110116939049085,-52.27503294258578,-11.777794814751434,14.553825903425459,0.2032,0.571,22.8,0.17140000000000002,0.0062,0.16295878611562703,-0.1343821339950372,1.0790867915917972,0.8820184790334042,0.8051798152096659,0.7800255863539446,0.6543340440653873,0.34178324965036566,0.33433899626292496,0.5406112295664535,0.9075479744136461,0.6558461150468855,0.6552104782211392,0.563611331099604,0.412552117621242,0.4947428754843294,0.8620838663823738,0.6770158424467524,0.0,0.0,0.0,0.0,0.0,0.0,0.0,0.0,Cem Kaan Gokerkan,2901.0
17.172540706605226,162.51308755760368,-64.14573439048942,-17.003133640552996,-10.521414882040885,3.9973333333333336,-4.297757296466974,-38.03407066052227,-11.549917050691244,13.263225806451612,0.24,0.2996,21.4,0.047,0.0028,0.2947588325652841,-0.07385560675883251,1.054568356374808,0.6670143742179631,0.8741721854304636,0.5318131046479689,0.4798699911496322,0.5987701040681174,0.3787908566545609,0.5711850337229529,0.7254115421002838,0.6520151371807001,0.8940397350993378,0.34340220343638417,0.4580242316965239,0.47462569048127684,0.8357710501419111,0.6788647114474928,0.027142857142857142,0.0,0.0,0.0,0.0,0.0,0.0,0.0,Cem Kaan Gokerkan,2901.0
19.91228183581125,192.57389786683902,-58.19749304011388,-14.772304819363644,-11.462315276700831,4.0,-5.389010989010989,-30.737542196365723,-10.585748761042879,10.749429002370178,0.23900000000000002,0.40800000000000003,22.4,0.05500000000000001,0.0,0.2886360698125404,-0.1160037348272642,1.0788149105796165,0.7600356830630342,0.8707006369426752,0.9590070227012901,0.6629181608949313,0.7230769230769231,0.6165115139637432,0.6924826491105998,0.867515923566879,0.9538461538461538,0.7546175942204417,0.5924466092169351,0.2727690743127236,0.6339532579322762,0.7268946814394548,0.8828025477707007,0.0,0.0,0.0,0.0,0.0,0.0,0.0,0.0,Cem Kaan Gokerkan,2901.0
21.79974929408745,189.09381335386897,-58.10492011216796,-13.492878126693478,-12.705945182759223,4.0,-4.924125096260803,-32.32277601893843,-9.778422178488919,11.119226490972876,0.2472,0.35740000000000005,14.2,0.047200000000000006,0.0,0.10232452012207298,-0.4206309004306779,1.1216785031801717,0.7517058698876881,0.8026468155500414,0.9689869835880023,0.6364123755032846,0.8626861177100412,0.5914611308329475,0.5300483325903915,1.0,0.8046810764992582,0.8561450279925353,0.5151932134336826,0.36283639702377163,0.7747136436131651,0.9636363636363636,0.7990720603160794,0.0,0.0,0.0,0.0,0.0,0.0,0.0,0.0,Cem Kaan Gokerkan,2901.0
20.08068280034572,201.70844137136274,-76.90336567124689,-15.492941515413424,-14.45336567124689,4.0,-4.371866897147796,-47.298761163929704,-10.716421780466725,11.429991356957649,0.20260000000000003,0.45500000000000007,18.0,0.0506,0.0076,-0.10773552290406219,-0.46346874099683094,1.6208585422068567,0.897752808988764,1.0,0.8933333333333333,0.461541417384114,0.46484700802612233,0.6622261325367736,0.6329407759017804,0.8630818619582665,0.8481660287278265,0.8061937687780386,0.6021119110015343,0.411177987027293,0.5532706531186372,0.8326912787586945,0.8755805243445692,0.0,0.0,0.0,0.0,0.0,0.0,0.0,0.0,Cem Kaan Gokerkan,2901.0
17.22536735010873,164.8837071739227,-72.28748343447498,-18.020988106332933,-13.463747746816889,3.983783783783784,-7.062914392224738,-38.300987995384546,-12.044322160830783,12.621693183331114,0.2186,0.4346,21.8,0.1014,0.0066,0.018568932232725356,-0.1363978387254249,2.134105090311987,0.6891688024231127,0.936036036036036,0.7079729154441798,0.41447114705016996,0.42476947904390433,0.46937144965162203,0.606404172029172,0.9896551724137932,0.8033262326365775,0.7226133615142236,0.3561989894245641,0.6530332415749083,0.6849940714524048,0.8299161230195713,0.8558558558558559,0.0,0.0,0.0,0.0,0.0,0.0,0.0,0.0,Cem Kaan Gokerkan,2901.0
21.927770890617662,205.0339258768694,-61.364413777643996,-15.069043323720743,-10.401854568000104,4.0,-10.811204815237073,-33.009632947153115,-10.828284596941854,14.755606473408893,0.21539999999999998,0.4816,16.8,0.054200000000000005,0.0054,0.04656879987928374,-0.1964671551203809,1.3707450372208438,0.8180648092065415,0.8975186104218362,0.9798497569597879,0.8123179808003453,0.8101778143116727,0.46930899301359047,0.6018076047667977,0.8957450030284676,0.8151655700571675,0.7817959391020823,0.30586536161244615,0.39150543338827803,0.7309459605220581,0.7565566323440339,0.9385826771653545,0.0,0.0,0.0,0.0,0.0,0.0,0.0,0.0,Cem Kaan Gokerkan,2901.0
18.54444197958956,160.25095290529765,-55.63645267910316,-17.793812869698264,-11.89921509103073,4.0,-1.6423065850192238,-29.448435538987063,-10.857538282848566,12.00485568848069,0.20139999999999997,0.43439999999999995,22.4,0.046599999999999996,0.0,0.26615506805794,-0.16820329951309151,1.1131194858029902,0.5045290892375889,0.8748768472906404,0.6847921019587508,0.6855975863435132,0.5997500382255374,0.5778377002995344,0.7001204345680665,0.7617343666025207,0.850748575292186,0.8349676917628237,0.3751195934864063,0.235666972584497,0.8502463054187193,0.7022903979195283,0.7813149663048242,0.0,0.0,0.0,0.0,0.0,0.0,0.0,0.0,Cem Kaan Gokerkan,2901.0
21.59028918936404,201.31224849389477,-43.917704496845566,-14.75664692484465,-9.020189927387108,4.0,-1.3087666953507047,-26.752369037965497,-10.201577422670777,14.121845511373172,0.244,0.2672,18.8,0.11680000000000001,0.0038,0.14604151541073324,-0.18730154622501133,1.1235136392948597,0.7028287841191068,0.8775234521575985,0.7613659237958303,0.5800589878825733,0.528349639246411,0.6290055169534965,0.4696638958859854,1.0,1.0,0.9903225806451612,0.45419625206664627,0.15776156241861233,0.41346019237551823,0.8479549718574109,0.9878048780487806,0.0480230050323508,0.013630481667864819,0.0,0.0,0.0,0.0,0.0,0.0,Cem Kaan Gokerkan,2901.0
19.66758206970089,184.3095212249328,-60.77551433652054,-15.224733877705098,-11.482483518809182,3.99724512542135,-4.808460788612216,-35.14396110283356,-10.448075895988808,12.334955722006974,0.223813911472448,0.4310677506775068,18.679313459801264,0.0713911472448057,0.0080045167118337,0.0973909644881253,-0.2673546420587528,1.387877673689599,0.7178485267729252,0.8835647343836078,0.806816005646727,0.6151329874543602,0.6258743676203019,0.5815780225745115,0.5485286945816457,0.8785804046794403,0.8647406026995877,0.847265129848918,0.5368699768090684,0.4435930060995464,0.6040542178581031,0.7768825858804516,0.8233938730669059,0.0721274431569521,0.0512661662207238,,,,,,,Cem Kaan Gokerkan,2901.0
18.4248841445334,192.57286482822892,-71.1225984348103,-15.448655059939847,-12.132415014638323,4.0,-6.6189223535392046,-42.866853052060826,-10.42616850934045,12.370415554708348,0.2698,0.28840000000000005,17.8,0.0636,0.016,-0.09680772652179438,-0.6945617825221333,1.150626509086288,0.7377483808736393,0.8945569794680999,0.917467700258398,0.6727358668935527,0.5591728916106662,0.4838917249637612,0.397878263488981,0.8526939506683202,0.8705893160626521,0.9077029075375499,0.27052004319806694,0.30422974663329605,0.6440114703472616,0.7068755748259099,0.8240083191529589,0.0,0.0,0.0,0.0,0.0,0.0,0.0,0.0,Cem Kaan Gokerkan,2901.0
21.57406850459482,202.81884711779446,-62.84661882502932,-15.750375939849624,-13.208590420685121,3.985714285714286,-8.71921470342523,-28.36700083542189,-10.534812030075187,9.74766081871345,0.2156,0.5474,11.2,0.0756,0.0058000000000000005,0.13270676691729327,-0.4384126984126985,1.7478028404344195,0.8346320346320347,0.868754076973255,0.7578657415643717,0.778961038961039,0.5944790369447904,0.5754598825831702,0.6987012987012987,0.9252054794520548,1.0,0.674924983692107,0.7770562770562771,0.5594781474233529,0.4941564371701358,0.8142857142857143,0.9480519480519479,0.0,0.0,0.0,0.0,0.0,0.0,0.0,0.0,Cem Kaan Gokerkan,2901.0
20.084528261673825,177.12237320851227,-60.24538970609892,-16.98432820215863,-11.070982525671374,4.0,-1.6731248693078544,-35.16399149897859,-10.979406456594123,11.626443846611656,0.23759999999999998,0.39580000000000004,14.8,0.1092,0.013600000000000001,-0.049136386301854615,-0.02568627450980392,1.1117380446846499,0.669313104988831,1.0,0.7167753892971608,0.3819286256469961,0.7112064888052189,0.7072881982981872,0.528542126188904,1.0,0.9072512023677396,0.7667836405909493,0.4420378883529196,0.491319185902209,0.8824367673986242,0.6555810000140491,0.7683962264150943,0.0,0.0,0.0,0.0,0.0,0.0,0.0,0.0,Christopher Woojin Yoo,3110.0
16.053537663603453,165.49468723893068,-66.03660391052075,-16.96235380116959,-11.019913747613474,3.996296296296296,-8.084420252018937,-34.82821724450014,-10.538403299916457,11.40040813840156,0.24,0.4596,19.4,0.0722,0.0086,0.09444583681425786,-0.13206453634085213,1.4982356934001673,0.5879653915149631,0.8193851081959705,0.8363117095063239,0.40826241138254904,0.5872682351874519,0.4984314792148329,0.5995276260550206,0.8382700938392492,0.8809465524275806,0.7577744123809722,0.6377568763146424,0.27144783519697946,0.48595001716176744,0.8044698309080193,0.8900885935769658,0.0,0.0,0.0,0.0,0.0,0.0,0.0,0.0,Christopher Woojin Yoo,3110.0
21.356643189043773,197.00194986549278,-46.857261767107595,-12.697999510882855,-9.811548145195145,4.0,-3.8356603081438,-25.11394962093421,-9.355121790168743,9.957017608217168,0.2518,0.4606,16.6,0.020800000000000003,0.0086,0.05259036439227196,-0.40783908045977013,1.0159300562484714,0.7804327860342075,1.0,0.8712935809710004,0.977510479314744,0.8806431663574521,0.5381197154707269,0.5405552039063716,0.9161290322580644,0.9247311827956988,0.9591397849462366,0.733159009449332,0.40554351664286836,0.6794188861985473,0.9510479314743939,0.9696969696969697,0.0,0.0,0.0,0.0,0.0,0.0,0.0,0.0,Christopher Woojin Yoo,3110.0
22.37316884134078,192.71274372297518,-74.94349219784809,-15.801203237008622,-14.23259193870975,4.0,-5.710311952258103,-44.845560706023626,-10.963224169941222,12.609399806093242,0.2266,0.42140000000000005,21.4,0.08120000000000001,0.0224,0.011085047320285835,-0.07774346054931788,1.3045216264866715,0.6633695475746412,0.8823820395738204,0.8194481960254679,0.5468173810950296,0.6898580983618606,0.5927764617022007,0.656954328711998,0.9452054794520548,0.9315068493150684,0.7343194374127485,0.6973749442098397,0.3699643902024661,0.46471604359796526,0.5864107975579181,0.8170171715222845,0.0,0.0,0.0,0.0,0.0,0.0,0.0,0.0,Christopher Woojin Yoo,3110.0
16.9201526779726,170.52628743891924,-53.655867752511725,-14.932593657181181,-10.983451445143706,4.0,-2.850964836638881,-31.43115191146881,-11.07941017533774,13.621704273258597,0.23000000000000004,0.2798,22.2,0.12279999999999999,0.0,0.056801379706812316,-0.3129818913480885,0.9859344160199293,0.6134017690501443,0.7569376655975456,0.7367561756175618,0.4622168730957603,0.4237176393695708,0.5281736624366662,0.3765021572579793,0.9022033189234415,0.947887323943662,0.7766978106261331,0.503933693369337,0.3639641724735854,0.4737710052695411,0.7115139682982383,0.6277698544502337,0.00140845070422534,0.0,0.0,0.0,0.0,0.0,0.0,0.0,Christopher Woojin Yoo,3110.0
20.69930154844476,181.01987526956933,-53.33395294585781,-15.95455693497309,-10.748191546234718,4.0,-1.1130296671912339,-30.210334460181464,-10.17220085096462,10.86436051368732,0.2624,0.5118,18.4,0.0622,0.008400000000000001,0.05569738299236462,-0.08575119970468806,1.0902182782537742,0.7462360530152166,0.8736842105263157,0.7479488952265722,0.568150618436752,0.7520002929799432,0.49529327498474507,0.564299040471184,0.8546798029556651,0.9952380952380953,0.981951577402788,0.533792951330504,0.5809186085781831,0.7146608946608947,0.8904761904761905,0.8068086883876358,0.0,0.0,0.0,0.0,0.0,0.0,0.0,0.0,Christopher Woojin Yoo,3110.0
18.642039682539682,161.744057000578,-48.447483101032056,-16.219613178604778,-10.369982989876474,4.0,-1.8436387888488728,-25.566017851585077,-10.389179671868746,11.940949379751903,0.2162,0.5227999999999999,19.0,0.058800000000000005,0.0,0.22752211995909474,-0.5477561691343203,1.8581588413143035,0.6079527452745274,0.9049504950495049,0.7821407140714072,0.4543401173450678,0.626077407740774,0.41216908357502413,0.613010101010101,0.834923492349235,0.8664466446644663,0.9879999999999999,0.6826363636363636,0.8058080808080808,0.6002154882154882,0.8686868686868687,0.766010101010101,0.0,0.0,0.0,0.0,0.0,0.0,0.0,0.0,Christopher Woojin Yoo,3110.0
20.880438067189985,198.87594926244543,-44.76006572396615,-15.22028468831538,-11.360461153108378,4.0,-1.1756672805266155,-22.216915101569832,-10.010259408111072,11.223521907665129,0.2272,0.49499999999999994,17.6,0.058399999999999994,0.0058000000000000005,0.18718727895198484,-0.24054836515194564,1.3098532517969859,0.7431313131313131,0.8738603425559948,1.0,0.6514814814814816,0.6046454377213625,0.48108288159553564,0.6797408434332509,1.0,0.9166666666666667,0.844628307736679,0.6764927885823409,0.6466095740008784,0.4701346801346801,0.6436975640025608,0.7997438149612063,0.0,0.0,0.0,0.0,0.0,0.0,0.0,0.0,Christopher Woojin Yoo,3110.0
22.725620399125837,190.8093929721647,-62.30658185777379,-15.378752587991718,-11.678914069644037,4.0,-5.913622181964573,-37.166026857602944,-10.315642253278124,14.146376092707612,0.20939999999999998,0.6442,21.0,0.0458,0.0032,0.1687190878766966,-0.13872066942719113,1.3329372268230961,0.718974454979534,0.9180722891566265,0.7240559880266937,0.46876544638444884,0.466477728986202,0.5007776566050249,0.5105767890527753,0.8615452636233005,0.9133858267716535,0.9060752727010041,0.5665913486172744,0.626354409910102,0.2988218308787601,0.7644585711189771,0.9045871559633027,0.0,0.0,0.0,0.0,0.0,0.0,0.0,0.0,Christopher Woojin Yoo,3110.0
20.68100409283631,197.27510428154793,-66.74606007389423,-14.362727413833948,-12.7151505819451,3.9972222222222222,-4.398485609718239,-39.43005089495054,-9.910618704507021,10.073750908838402,0.21559999999999996,0.46840000000000004,17.0,0.040400000000000005,0.0068000000000000005,0.1160767590618337,-0.1393486590038314,1.5654376312199267,0.7863930659983291,0.8207311751810333,1.0,0.7363047650772501,0.6163567911948935,0.7436588682605463,0.6391559760984382,0.8713838877390859,0.9052631578947368,0.8063504453223453,0.7221657604463135,0.6482817212522832,0.6050835157514038,0.9127923976608188,0.789734753550543,0.0050632911392405,0.0,0.0,0.0,0.0,0.0,0.0,0.0,Christopher Woojin Yoo,3110.0
20.66892536127319,187.71564129911957,-63.28336821949015,-13.54729489512098,-10.676726983109784,4.0,-7.932766380157685,-37.63164564903695,-10.112697659828095,12.617763347763347,0.2366,0.3756,17.6,0.1024,0.0126,0.06330029069159501,-0.22188284501327976,1.8403880209967167,0.7491904167533459,0.8681818181818182,0.7869821402430098,0.7179664136185876,0.6706182727349775,0.39218123025739887,0.798366316223459,0.887719298245614,0.9048245614035088,0.8440624783302129,0.638317384370016,0.4480474077155999,0.6341428969248518,0.9859649122807017,1.0,0.0,0.0,0.0,0.0,0.0,0.0,0.0,0.0,Christopher Woojin Yoo,3110.0
23.319852882054374,206.62540479421077,-62.18946926852345,-16.786675209809538,-11.43216978111202,4.0,-4.0723861751846835,-36.011470425649534,-10.469139906527964,12.582372229760288,0.20600000000000004,0.493,24.8,0.0736,0.0102,0.2859368561234233,-0.131283732850897,1.5915519624101715,0.8057647542105985,1.0,0.7181886319248758,0.5739234999093601,0.699074353005614,0.4413118772523097,0.46629410297950774,0.9723076923076924,0.8306538148879341,0.9184474241354975,0.6669152214635325,0.42219595781123564,0.6940497416346563,0.8167929947290606,0.9149253731343283,0.02388059701492536,0.0,0.0,0.0,0.0,0.0,0.0,0.0,Christopher Woojin Yoo,3110.0
20.206316359578437,175.6790896340686,-53.13121149266906,-16.00106789225133,-10.150298413854934,3.9826086956521736,-1.1931812686032353,-30.295602198900546,-10.803362932414535,11.32969251770335,0.2516,0.3646,17.4,0.0672,0.0034000000000000002,-0.008659013601703559,-0.28628067849424915,1.578332681166748,0.6751553322743896,0.8061297220242338,0.7010117838277123,0.6642625615336961,0.6948476229175131,0.6819788703778952,0.5561689388741566,0.8911011783827713,0.8635514018691588,0.8882608695652173,0.6012115560114839,0.34533300915039644,0.5380831119462623,0.7890571706500191,0.7690777338603425,0.0,0.0,0.0,0.0,0.0,0.0,0.0,0.0,Christopher Woojin Yoo,3110.0
19.543092661306947,187.1368076169862,-60.68818140386522,-15.751973819830962,-11.343529270284524,4.0,-1.3507382498453926,-38.62221449185735,-10.254516079158936,12.634790507111935,0.2346,0.5382,17.4,0.0912,0.0,0.027068903318903333,-0.03382653061224488,1.1386984642341786,0.8081691919191918,0.8412499999999999,0.6588826646749182,0.4743563654655204,0.6828480986931691,0.6318921356421356,0.39439848688088114,0.8552651515151515,0.7629671717171718,0.8960227272727274,0.5167347773509745,0.7106368768164543,0.470242795154767,0.7919296333556897,0.7512896825396825,0.0068181818181818,0.0,0.0,0.0,0.0,0.0,0.0,0.0,Christopher Woojin Yoo,3110.0
21.404923453121086,179.43950974698822,-56.574901647763895,-16.787240099291747,-9.472154613991034,4.0,-3.2848275489057412,-32.486838434560816,-10.99070292751247,12.446861976497916,0.2468,0.40259999999999996,21.2,0.0496,0.004,0.11323543645100316,-0.5327933205802646,1.5813746840199494,0.6514109347442679,0.9049190633349049,0.7243124312431244,0.550705467372134,0.7197862643407198,0.34908848027659906,0.49005273543227335,0.9511062217332844,0.8474304573314473,0.8473047304730473,0.8626984126984126,0.3090898772416924,0.46898475561841896,0.8085258525852584,0.8077601410934744,0.0,0.0,0.0,0.0,0.0,0.0,0.0,0.0,Christopher Woojin Yoo,3110.0
19.997700163398694,190.91020152505445,-54.10268003667517,-11.779493464052289,-10.238985864561874,4.0,-4.844342320261438,-33.811553649237474,-9.407696078431373,11.97939133986928,0.2706,0.5158,15.4,0.11780000000000002,0.023200000000000002,0.2836533224400871,-1.0831372549019607,1.3311410675381263,0.8201259328358208,0.8777083333333333,0.9232835820895522,0.6500479497354498,0.9088888888888889,0.30243383775566607,0.6216153606965175,0.9109375,0.7806597222222222,0.9453125,0.9078125,0.44709732587064677,0.5190289870093975,0.7514732142857143,0.8734375,0.0,0.0,0.0,0.0,0.0,0.0,0.0,0.0,Christopher Woojin Yoo,3110.0
17.747895578895942,161.7711341134846,-53.3511916621939,-14.865096815739218,-10.053417302820979,3.996,-4.234888806235288,-29.48050184305192,-10.519012734822578,11.805725840476084,0.22000000000000003,0.46159999999999995,27.8,0.059399999999999994,0.004,0.12658462124913025,-0.26726478512531276,0.945794977128392,0.5383224102787699,0.7769649982442262,0.9359138833591387,0.5259365257638982,0.5131802998436674,0.4607676239248676,0.3377473993069745,0.932031913087761,0.8254608437461339,0.7740185765308835,0.5853500203186165,0.3959582034801631,0.6579935192579012,0.7383762511561596,0.7352745567764745,0.0384180790960452,0.0,0.0,0.0,0.0,0.0,0.0,0.0,Christopher Woojin Yoo,3110.0
21.23569473243843,199.08710230503684,-67.15051484289887,-18.046394155748423,-12.841882466503346,4.0,-0.6811307058708651,-42.480253824017645,-11.230471087956712,14.129617397198114,0.2284,0.3922,19.0,0.0784,0.015200000000000002,0.22811284801001747,-0.7318227290916366,1.363122497802949,0.834843028120339,0.8941176470588236,0.6998780373393376,0.3453145851642092,0.6857489407246151,0.4004677852002045,0.38719032110451834,1.0,0.8805122048819527,0.7891265597147951,0.4880776808330987,0.5683340130310497,0.2799691742725798,0.8166324903167009,0.7793477199492237,0.019298245614035082,0.0,0.0,0.0,0.0,0.0,0.0,0.0,Christopher Woojin Yoo,3110.0
17.6093481211334,160.99134963654984,-47.997192510339964,-14.425582227995239,-10.406459864772561,4.0,-5.4108735293382955,-25.757433450736478,-10.344410861039641,14.347567423542245,0.2136,0.4652,24.2,0.0678,0.0046,0.37812304848499984,-0.2656574992298021,1.288063181208836,0.6304093567251462,0.9988304093567251,0.6678362573099415,0.5662012173290368,0.673437659188622,0.6922620139198169,0.4157178660938059,0.8011218522496717,0.8076023391812864,0.8460198114333453,0.7201933404940923,0.5082156611039795,0.5689103711660103,0.8070175438596492,0.8846879102518199,0.014035087719298239,0.0,0.0,0.0,0.0,0.0,0.0,0.0,Christopher Woojin Yoo,3110.0
19.53646630476929,181.88647066036896,-58.568656957292895,-15.12937493972395,-11.289031203186756,3.997442073179947,-4.702855224908314,-33.345915777934174,-10.40478353014872,12.30586164542908,0.2221585612968591,0.434484295845998,19.213272543059777,0.0717887537993921,0.0085623100303951,0.134537743086392,-0.2627225588857807,1.4242810109736148,0.7046624843496744,0.8936465241926966,0.8072238423989172,0.6024803051854527,0.6027218082906722,0.5390780469830951,0.5642699917931092,0.8880044482961095,0.8776402575216044,0.8463734537680612,0.6150677930247955,0.4648756873708827,0.5693837854153456,0.7832027681831673,0.836669039791002,0.0626702351451927,0.0337320514468925,0.3247422680412371,,,,,,Christopher Woojin Yoo,3110.0
20.540878142421903,197.9305541230649,-60.084931906292184,-13.650655590225174,-11.612903526255197,4.0,-7.901999244180018,-34.04604876711046,-9.482228772662058,12.608903994140723,0.244,0.45859999999999995,11.0,0.057800000000000004,0.014400000000000001,-0.06609960770936381,-0.18292258864999178,1.3424396397481047,0.8020899614160969,0.8226121979286536,0.828475935828877,0.5881605796996168,0.7033472022955524,0.516356842492814,0.7181530494821634,0.9433467119481321,0.8043055954088952,0.9204545454545455,0.516924892643633,0.43070570569578975,0.5660990865009171,0.8186522710349962,0.849822022047473,0.0,0.0,0.0,0.0,0.0,0.0,0.0,0.0,Christopher Woojin Yoo,3110.0
20.882592226613966,171.9773418972332,-69.8409318157544,-13.04532279314888,-13.677901512724109,4.0,-11.75778162055336,-40.01203886693017,-9.471166007905138,14.123278985507246,0.2294,0.34380000000000005,14.8,0.095,0.0066,0.16279150197628456,-0.4369696969696969,1.302435770750988,0.5402018224868737,0.8956979451361473,1.0,0.7503255973364669,0.4582344520876519,0.6677442048790363,0.6023813138981677,0.8353208826804333,0.8802712825184734,0.7404034469251861,0.855189972581277,0.19676388100362208,0.7537127503663898,0.8382022471910112,1.0,0.0,0.0,0.0,0.0,0.0,0.0,0.0,0.0,Daniil Lintchevski,2914.0
21.50853066051595,208.23779830463656,-59.589267563219096,-13.812654992066758,-11.794655043385987,4.0,-9.22808661926309,-30.042844655344652,-9.949380913204442,11.238354660045838,0.2024,0.5464,15.2,0.0366,0.0062,0.02829192865957573,-0.2776355996944232,1.2485371980960216,0.8377884615384616,1.0,0.98125,0.7311133069828722,0.6786264822134387,0.49707915273132663,0.8415384615384616,0.852986723421506,0.9942028985507246,0.8898550724637682,0.5979108391608391,0.5950349650349651,0.5134782608695652,0.9061538461538461,0.8453146853146853,0.00153846153846152,0.0,0.0,0.0,0.0,0.0,0.0,0.0,Daniil Lintchevski,2914.0
18.882611212676732,149.9891023182304,-50.55134318687517,-15.645814794320804,-10.028462857470254,4.0,-6.802590594659859,-28.21970241580725,-10.239927552467693,16.385155027850686,0.248,0.5422,16.0,0.08660000000000001,0.0108,0.02514997782115645,-0.2801870675943683,1.7663354206453061,0.43830103266532366,0.8365491411597572,0.7950980392156863,0.7419188640973631,0.6566023353161489,0.5780410214334594,0.3531559832468737,0.8731425903297272,0.8767919411080977,1.0,0.7806153846153846,0.3946602688284207,0.6171910112359551,0.7120031521683867,0.8907692307692308,0.00153846153846152,0.0,0.0,0.0,0.0,0.0,0.0,0.0,Daniil Lintchevski,2914.0
19.495342584922547,187.85156254153642,-73.59681881356394,-15.261446303750265,-13.97973950036268,4.0,-9.609731251580058,-40.92203476473496,-10.850176114478828,13.026309121342853,0.202,0.5432,23.4,0.063,0.0058000000000000005,0.17254938832499947,-0.3282832850343594,1.3062509823784718,0.8304376617903799,0.9636363636363636,0.7293783783290737,0.580704864407549,0.46145569231536354,0.42594021607928056,0.5939758933876581,0.7871725255758869,0.6806809592523878,0.8183633138604508,0.5170112296281701,0.613113982519798,0.3356016463973629,0.6727432565946733,0.7549182268777718,0.00136054421768706,0.0,0.0,0.0,0.0,0.0,0.0,0.0,Daniil Lintchevski,2914.0
19.486022944946345,181.35664389109473,-66.8411456575429,-14.769414738317664,-12.517935925914726,4.0,-5.85852942132435,-41.05502425956617,-10.548490290325281,13.908248977905298,0.21259999999999998,0.5034,26.0,0.08800000000000001,0.0154,0.1131934538028491,-0.4448851909184727,0.9678428909534723,0.621333440084403,0.937704918032787,0.9362692445399212,0.5375996122133063,0.44672374180474606,0.37454107128183456,0.4544322663275836,0.7608802402539963,0.6992075750705805,0.9127660603715171,0.28821203146918817,0.5730828186537773,0.41438782749942077,0.6674119318780144,0.808986193161475,0.00136054421768706,0.0,0.0,0.0,0.0,0.0,0.0,0.0,Daniil Lintchevski,2914.0
19.14469742201701,176.1921864427019,-49.0898746402018,-14.651337641028363,-10.097749230550619,4.0,-1.2392097546736722,-25.51550372168929,-10.173181281428704,8.587106989168845,0.19980000000000003,0.2606,13.4,0.046,0.0182,0.07268549845869433,-0.12486566094813514,1.6231677922399572,0.7489435444280805,0.778423489763696,0.6591723122238585,0.8257731958762886,0.669181016067614,0.6068513668307484,0.6517479335005107,0.8546715758468336,0.9164948453608247,0.83379970544919,0.4240974582830253,0.3595852140800594,0.6429307805596465,0.9452380952380952,0.9969072164948454,0.0,0.0,0.0,0.0,0.0,0.0,0.0,0.0,Daniil Lintchevski,2914.0
15.939465135853126,122.78203732928856,-58.838649213156074,-15.40762630380716,-10.630540665090917,4.0,-5.793444834600244,-35.04077208471787,-11.13095016088447,15.164684835944602,0.23700000000000002,0.442,24.2,0.0676,0.0,0.1976402734305362,-0.3768075611317148,0.8505026214962694,0.358451196286907,0.9469355632070832,0.785877466251298,0.42980059782814334,0.36879522073816223,0.48982372057630286,0.3459946775637872,0.7425151664207247,0.8112384964327906,0.9521367521367521,0.4044804318488529,0.5496689242877142,0.5865203627328566,0.8211082943399717,0.6310280373831776,0.0,0.0,0.0,0.0,0.0,0.0,0.0,0.0,Daniil Lintchevski,2914.0
15.230632678132675,159.47233415233413,-71.10794266077303,-15.366339066339066,-11.323810801641159,4.0,-7.315202702702703,-45.04240376740377,-11.271683046683046,15.211496723996722,0.22560000000000002,0.3852,26.0,0.1162,0.0054,0.13047502047502046,-0.26828419328419323,0.6036752661752662,0.47891968500890025,0.6827189265536723,0.8126494659856048,0.4578477865490288,0.6282984095658231,0.45619350282485877,0.4104025423728814,0.88125,0.7838206214689266,0.7042443502824859,0.3952841304852565,0.31222148053556226,0.27136957278848384,0.5881850282485875,0.7850564971751413,0.07808615819209037,0.0,0.0,0.0,0.0,0.0,0.0,0.0,Daniil Lintchevski,2914.0
18.379019937904463,170.0774946695096,-77.76172302062947,-16.983342685070884,-12.628480212115644,4.0,-6.550979126921783,-48.5737431264729,-11.648935024127482,14.623757154079229,0.18640000000000004,0.253,17.8,0.0548,0.0024000000000000002,0.126921595032357,-0.25206561179067066,1.3712645419518947,0.5933968247373458,0.6921804870521061,0.7508359640497508,0.4913973747433801,0.60510758508164,0.269686164911635,0.48703977786920244,0.6633190391117599,0.6958226501967524,0.6886797965248407,0.38089308383898934,0.4582673062300384,0.4703042146685421,0.7498161667481125,0.9047656506063586,0.0238095238095238,0.0,0.0,0.0,0.0,0.0,0.0,0.0,Daniil Lintchevski,2914.0
16.599254580948788,168.29039373646637,-70.18526839749823,-16.08315556849586,-11.314156938483752,4.0,-11.720477592848038,-39.685509293952364,-11.232167133631489,15.850198129913275,0.1892,0.42200000000000004,24.4,0.0994,0.003,-0.0177647356438148,-0.2399736908676954,0.8120200150510637,0.6596317464808658,0.9694915254237287,0.5778202100818675,0.5245190781599763,0.5932262535345891,0.4078169123023315,0.2697577917527241,0.7722330638416504,0.7699672330133158,0.8051142392303883,0.6693869914624804,0.34827970347791093,0.22332398044299176,0.6454125260512281,0.6774993683245578,0.00338983050847456,0.0,0.0,0.0,0.0,0.0,0.0,0.0,Daniil Lintchevski,2914.0
19.38757153022965,185.05274061276577,-54.50637128886676,-15.99934270517279,-10.104321842487087,4.0,-5.784639926947537,-27.686888981832208,-11.456276962388992,12.525099129961855,0.24160000000000004,0.381,18.0,0.1032,0.0188,0.10244478390924527,-0.2624581939799331,1.0708167562518751,0.7138570326697018,0.767065848364591,0.7669710806697109,0.7002856905769527,0.47844790248951075,0.5238327887971741,0.6663080635284385,1.0,0.7949669017196309,0.9057720441548078,0.12949761482963706,0.4221226616624941,0.7915509281249407,0.8514297113977923,1.0,0.0,0.0,0.0,0.0,0.0,0.0,0.0,0.0,Daniil Lintchevski,2914.0
14.886759282721258,122.55157495163496,-56.890623188351356,-17.253972158942922,-8.970377651551088,4.0,-6.987730730850235,-32.016017518304984,-11.57698995845741,15.914464829755286,0.181,0.33080000000000004,27.0,0.0622,0.0144,0.342647867780182,-0.5374025248480995,1.517367394479604,0.27089772931430034,0.976842105263158,0.8598464670539748,0.49398651599824667,0.4434408960746329,0.29713911562123646,0.25460600450608467,0.7919085833857823,0.7898578563196312,0.9045193353005125,0.3099356062154142,0.3798305174335123,0.4880432439117005,0.7523404255319149,0.8383004434966457,0.005839416058394159,0.0,0.0,0.0,0.0,0.0,0.0,0.0,Daniil Lintchevski,2914.0
18.87814383748938,173.44482611831117,-59.75903531006696,-16.50867150624759,-10.512630897530045,4.0,-9.508865629388119,-31.41445909329023,-10.912174050027538,15.097765866416555,0.2294,0.3754,23.2,0.0786,0.008799999999999999,0.19539054176813406,-0.2947898048625223,1.6161318527060515,0.6444561932799904,0.6048853853941724,0.8101331192686938,0.713728253499852,0.7265795808186477,0.18291119468526076,0.5387173281390173,0.8354430379746836,0.9341772151898734,0.9392405063291139,0.6156780648633531,0.09187011937737742,0.9124173003650741,0.6580439558041755,0.7945844692078371,0.0012658227848101199,0.0,0.0,0.0,0.0,0.0,0.0,0.0,Daniil Lintchevski,2914.0
22.178139495045333,182.4048413451402,-42.57026989652641,-12.965396373603204,-8.698093794902968,4.0,-6.888421094244149,-23.422411975542907,-9.623928684376978,15.027982026143793,0.2326,0.48819999999999997,19.2,0.09519999999999999,0.009,0.1049579643685431,-0.2975022401433692,0.8673538635884462,0.6641451626291207,0.8256703925995265,1.0,0.6102750933400833,0.5975369532828618,0.6832773525686912,0.5490334712012708,0.8532459666317933,0.7320956590144054,0.8280931666758438,0.3597302303048401,0.29622839600548206,0.9795275590551181,0.9253105103851371,0.9260393150156929,0.00629921259842518,0.0,0.0,0.0,0.0,0.0,0.0,0.0,Daniil Lintchevski,2914.0
17.912068959513014,165.95086933608215,-63.13200986548886,-14.01054950769738,-11.584418619444346,4.0,-5.713636237001749,-38.42669061432774,-10.171949023868725,12.775234136851074,0.219,0.421,17.4,0.0668,0.0036,0.09589947089947096,-0.2649809277716254,0.5750393517067496,0.5048243020732825,0.9027027027027028,0.7380470517911275,0.8621800659009962,0.4957544813733506,0.5331458649214629,0.5085119812156074,0.7593739667144274,0.8863413176209385,0.6685816174981831,0.5102488442772802,0.11756043008330008,0.5737748951019093,0.8399043593356389,0.8988599974381966,0.0,0.0,0.0,0.0,0.0,0.0,0.0,0.0,Daniil Lintchevski,2914.0
17.488648498717147,162.8850967339297,-70.30536730008093,-15.781108898729036,-11.718461101778853,4.0,-6.130408035900027,-43.73915718149128,-11.640798835032246,14.704566752850505,0.19419999999999998,0.38859999999999995,26.6,0.0598,0.018,0.23847266387312152,-0.11251845027588732,1.0602226911151396,0.5221477057317069,0.8624246916908147,0.9293430656934307,0.5067325547248497,0.46834826160890886,0.3578039735168833,0.5704332290674161,0.681416960534555,0.6742624657946632,0.7697995270895446,0.40114480337127006,0.2882481489479374,0.557771613206404,0.7710328638497652,0.7327964237069116,0.005839416058394159,0.0,0.0,0.0,0.0,0.0,0.0,0.0,Daniil Lintchevski,2914.0
17.00144556306019,152.0908606261416,-72.19638779194614,-15.73043626014188,-12.371373561454657,3.9966101694915253,-11.79315024850261,-41.23428061679623,-10.598040015292469,15.53428274075018,0.2002,0.4196,19.0,0.0708,0.007000000000000001,0.11114013848179775,-0.25733146425385495,1.1126918992396244,0.5209426498078241,0.7552058111380145,0.6703484783744005,0.675529300458054,0.7976010917187388,0.39468346987735725,0.46370792804897565,0.8450023485681998,0.7589599942541119,0.8229382018294042,0.4174451894729116,0.4902897669165237,0.6628329297820823,0.811467977021317,0.9034048297585121,0.00338983050847456,0.0,0.0,0.0,0.0,0.0,0.0,0.0,Daniil Lintchevski,2914.0
16.30392630625189,128.4788466055908,-56.92560856957412,-15.76668680157052,-9.434462893544723,4.0,-10.54028239202658,-29.893691902412833,-10.74085623678647,15.450371656767008,0.19180000000000003,0.6004,18.6,0.05800000000000001,0.0046,0.10751115809255345,-0.11491493003120905,1.5346286788147254,0.38254260107708377,0.7817939244663383,0.7268939393939394,0.5511838735976666,0.835551948051948,0.45749896655069067,0.4105565411599894,0.7146179969455833,0.8797413793103448,0.7757575757575758,0.6316058941058942,0.2965179935007521,0.48368714618714603,0.7828962703962705,0.7847652347652347,0.0,0.0,0.0,0.0,0.0,0.0,0.0,0.0,Daniil Lintchevski,2914.0
18.610030609404543,170.55873954621177,-60.067115790055965,-14.921751103248196,-11.450565653577137,3.998820785214417,-6.139201200215384,-34.37910638238503,-10.499072428494603,13.323760192649972,0.2203904382470119,0.4153505976095618,19.760956175298805,0.0775856573705179,0.0093067729083665,0.108838956305595,-0.3132105565276618,1.2280302384422384,0.6210550405480201,0.8789777993083484,0.8035006045056919,0.5953959603040683,0.5579838505963447,0.4937506978702099,0.5533597742500529,0.8619899858796625,0.8658541643592853,0.8366634132175902,0.4752764763124679,0.364415557324377,0.6352687715483063,0.8080098919639567,0.842738233198719,0.0486543739324664,0.0769230769230769,,,,,,,Daniil Lintchevski,2914.0
22.331765641424624,199.56806494273778,-64.4310360169892,-13.861786262892252,-10.104818867011684,4.0,-7.589839469286474,-39.37690911239298,-10.028543824838756,12.530861519432948,0.2546,0.5742,18.2,0.0674,0.0,0.1795426815887645,-0.14285683594439352,1.345747548918056,0.7731110764916653,0.8612556472970867,0.9282442748091603,0.7675412149592662,0.5462337114111835,0.7819927971188475,0.47928304047548587,0.9290855273407072,0.8715314246851167,1.0,0.5170298703081331,0.39165730808452415,1.0,0.9434491353793426,0.8487614893285558,0.0,0.0,0.0,0.0,0.0,0.0,0.0,0.0,Daniil Lintchevski,2914.0
19.11255055353416,181.53168824562266,-45.51293317391353,-14.803523344506951,-10.002257520614922,4.0,-0.0700641028509879,-24.98753336048418,-9.712570543718083,10.0630156982616,0.2286,0.3264,14.4,0.0312,0.0106,0.163483155286434,-0.35289835289835286,1.3853361558279589,0.6946488108981759,0.980281690140845,0.7060740740740741,0.5975635287687932,0.6074300007696453,0.7334217585692995,0.48428914714760946,0.968,1.0,1.0,0.42332763795890094,0.4122676654950956,0.7128111718275653,0.8001214329083182,0.9163934426229507,0.019672131147540982,0.0,0.0,0.0,0.0,0.0,0.0,0.0,Daniil Lintchevski,2914.0
20.347111433068182,202.4432433250449,-54.14308316386406,-15.202693929246607,-10.670807592556558,3.995876288659794,-4.359016228232974,-28.651179799721415,-10.232994480165715,10.977732577399411,0.198,0.44139999999999996,14.4,0.08220000000000001,0.012199999999999999,-0.04522735224897657,-0.15304555426506644,1.5299863766924366,0.8435271550391825,0.9676464136872122,0.8412371134020619,0.5981281477845052,0.5827638452227177,0.6089881518155262,0.6836050790865442,0.922565864833906,0.8599579179969616,0.6718419058296223,0.4239553291684606,0.5630393279877816,0.7234413352970053,0.8967608501972762,0.8729258713794795,0.0,0.0,0.0,0.0,0.0,0.0,0.0,0.0,Daniil Plyasunov,2910.0
17.95543116813686,182.6257984496124,-63.09023351417551,-15.1414915797915,-10.576068317703989,3.9933333333333336,-12.446829724672549,-32.16743651430099,-10.857220529270249,14.105479818230421,0.22160000000000002,0.31120000000000003,17.2,0.093,0.017400000000000002,-0.11349157979149957,-0.7573023255813953,1.2904426623897354,0.721,0.8863255813953488,0.8516666666666666,0.5934581114332518,0.720059829059829,0.40011915777352824,0.5436527529318227,0.6288519797942411,0.7650854700854701,0.8178205128205128,0.5959198966408268,0.21042435520462782,0.4599952501387946,0.7996666666666667,0.7344358974358974,0.0,0.0,0.0,0.0,0.0,0.0,0.0,0.0,Daniil Plyasunov,2910.0
17.403950793215795,165.5085448676959,-72.11057136190996,-16.39795621327,-13.276863374942456,4.0,-7.881727413903353,-41.9160263085777,-12.091540878779574,15.453542827563108,0.20659999999999998,0.38880000000000003,25.0,0.1728,0.014600000000000002,-0.02509521634542185,-0.37139319752748085,1.4855654821716757,0.6860832538492982,0.7757317073170731,0.5199859502505639,0.39277815627318285,0.45440827542353635,0.3501502021165463,0.49859375331183475,0.6016816550847073,0.7803208884044148,0.7232590725348593,0.5864277149475405,0.2698022588605774,0.5921851296725258,0.6006646227914793,0.6848934762531982,0.00333333333333332,0.0,0.0,0.0,0.0,0.0,0.0,0.0,Daniil Plyasunov,2910.0
19.42678778527109,182.82924287255264,-59.86362032528973,-15.265344020815569,-11.655459898437964,3.995995277404402,-4.649860331845233,-34.06767018090901,-10.550171080200712,12.328889909514356,0.2123271604938271,0.438179012345679,18.817901234567906,0.0716851851851851,0.010324074074074,0.0803629353038801,-0.2790098963924257,1.405250442998951,0.7213106168439445,0.8868412106124338,0.7864527549377726,0.5888974612599396,0.5943933580485113,0.520381585563304,0.6003501445260585,0.8589809713422005,0.8509954064000995,0.8322900276318527,0.5971860289404203,0.4457322972268568,0.6466747245151548,0.7811577001153828,0.8176752917300976,0.0542926631442116,0.0731929868295317,0.0884955752212389,,,,,,Daniil Plyasunov,2910.0
17.62257984549752,178.43113974403317,-50.914699545079955,-15.053095814597025,-10.92125725290885,4.0,-5.2277499135247325,-25.151899573388683,-10.567459356624004,12.006762365963336,0.227,0.42379999999999995,18.0,0.0794,0.011199999999999998,0.02278969214804568,-0.0804508243975556,1.3385500980053038,0.7216836734693878,0.9284105131414269,0.7135104041616647,0.6365396158463386,0.5750232220547793,0.6517568091066214,0.44524914221007555,0.9303571428571429,0.8622206329340247,0.6647170570355801,0.3374788000306505,0.7388985594237696,0.8812074829931973,0.6897408963585433,0.698844537815126,0.034183673469387735,0.0,0.0,0.0,0.0,0.0,0.0,0.0,Daniil Plyasunov,2910.0
20.393094066057916,172.15537850294135,-71.18127272866239,-17.468717968752774,-11.721545031999861,4.0,-5.492780694059191,-44.15742796410014,-10.98014236701816,14.63934129726773,0.2158,0.49139999999999995,19.0,0.06020000000000001,0.0066,0.07473445067557888,-0.48770507989387735,1.4132723992314276,0.576326043121685,0.9281316098707404,0.7772525611034927,0.71279814136957,0.44715590871379485,0.45456436136407624,0.7252068394925538,0.8265572386171103,0.9028503913749816,0.7659496230924802,0.7697258769817573,0.3502767525127773,0.5768160021087422,0.9591836734693878,0.7635160206588777,0.0036036036036036,0.0,0.0,0.0,0.0,0.0,0.0,0.0,Daniil Plyasunov,2910.0
18.705843434343436,180.76920202020204,-59.243459825580054,-16.875050505050506,-9.59841942153966,4.0,-2.326186868686869,-35.334494949494946,-10.904030303030302,11.794722222222221,0.21760000000000002,0.30179999999999996,19.8,0.055799999999999995,0.004200000000000001,0.22805050505050506,-0.6474949494949495,1.9982777777777776,0.7200631313131314,0.8679292929292929,0.7064772727272727,0.6991035353535353,0.5440025252525252,0.34516414141414137,0.5866161616161616,0.8672727272727272,0.9581818181818182,0.9654545454545455,0.6677146464646465,0.3698863636363636,0.8866161616161616,0.9533333333333334,0.7448863636363636,0.0,0.0,0.0,0.0,0.0,0.0,0.0,0.0,Daniil Plyasunov,2910.0
20.636850094876664,215.73858317520552,-32.80038600099538,-8.038709677419355,-9.523649758111128,4.0,-6.820493358633778,-14.074320050600885,-8.79381404174573,10.450600885515495,0.25799999999999995,0.5782,10.8,0.09659999999999999,0.0118,0.053548387096774196,-0.21247311827956988,1.2767615433270083,0.909090909090909,1.0,0.9124731182795699,0.7161837069436852,0.674991798797157,0.9,0.6881574630945873,1.0,0.9838709677419356,0.8103030303030303,0.634452341899034,0.7417399804496579,0.8548387096774193,0.970967741935484,0.8352651722252598,0.0,0.0,0.0,0.0,0.0,0.0,0.0,0.0,Daniil Plyasunov,2910.0
19.780198496593847,193.2990888536528,-47.90278792399819,-15.788959361052383,-10.38810269966181,3.909090909090909,-2.4117996828752646,-20.866446441155745,-11.039943622269202,8.683372973925298,0.24860000000000002,0.42919999999999997,15.6,0.11100000000000002,0.0262,-0.008681583274606507,-0.041802325581395336,1.2939232440685928,0.8094490996612587,0.710775629000326,0.8934289339352631,0.6465709620724608,0.7747901994006469,0.5317998023431566,0.635533436836575,0.924963202826023,0.9326796220360135,0.8676056338028169,0.5131896651045693,0.3285587253322662,0.523543260975295,0.9690140845070422,1.0,0.0,0.0,0.0,0.0,0.0,0.0,0.0,0.0,Daniil Plyasunov,2910.0
18.429210738136025,165.70323697008985,-60.95866964585291,-15.873393945941586,-12.045586419715837,4.0,-5.357711807631323,-35.435584982381386,-11.101290422229374,14.854897932046597,0.1894,0.345,22.8,0.06899999999999999,0.016,-0.055335603300762856,-0.0997999335614167,1.1161294359670855,0.5655970884178977,0.9976878612716764,0.9013333333333333,0.5098393686954551,0.5968143394159205,0.4950912639943582,0.4826998910675381,0.915606936416185,0.7406938934854609,0.7462248920120391,0.3919234387396577,0.30389461886231695,0.5268982331532485,0.7941420781543189,0.9882352941176471,0.00115606936416184,0.0,0.0,0.0,0.0,0.0,0.0,0.0,Daniil Plyasunov,2910.0
19.529896403580615,214.86852672310337,-69.03839346851673,-16.817197892712766,-10.193766045170781,3.973913043478261,-1.8996453807666622,-43.099541240845596,-11.043563909238966,10.041407956739764,0.2326,0.1976,15.4,0.0748,0.0086,0.08283849691172346,-0.915951587118635,1.6076063685903503,0.9305555555555556,0.920177045177045,0.7365701865701866,0.5117978867978868,0.4569530319530319,0.4143291393291393,0.7514400764400764,0.8489469989469989,1.0,1.0,0.85,0.2782896532896532,0.6328532578532579,0.8391693891693892,0.796067821067821,0.0,0.0,0.0,0.0,0.0,0.0,0.0,0.0,Daniil Plyasunov,2910.0
15.81041065622397,129.86513081595442,-62.468928014453674,-15.39264594171938,-10.555160770487385,3.9268817204301074,-12.469140616875688,-33.23488711014449,-11.750002822617784,17.006027526960953,0.21939999999999998,0.345,20.2,0.0522,0.0046,0.21182335166549304,-0.18036438510014352,0.8570105407442401,0.40805795352879526,0.5446796145292809,0.721178947368421,0.6081435000809454,0.5024002862912502,0.22848034900266692,0.4594576484922845,0.8096,0.7409675894447143,0.4329244480798889,0.36502273459267404,0.36741289844329134,0.6138651261470821,0.7562140845070423,0.8575157894736842,0.0038988505747126396,0.0,0.0,0.0,0.0,0.0,0.0,0.0,Daniil Plyasunov,2910.0
17.16374336674461,150.20853883645177,-66.83314088468391,-17.66360052386127,-12.615522317209019,3.9957446808510637,-5.191577770325845,-38.919567297758626,-11.594402399534609,15.155784743154385,0.1668,0.3758,30.8,0.0824,0.013799999999999998,0.17661404967730826,-0.2971099757069368,1.2518374814068918,0.5256610597946592,1.0,0.6295110240555492,0.2653959758857757,0.33224768971932905,0.34565221830083803,0.4692952147599403,0.8615341545352744,0.752444686912772,0.7854903124332016,0.660862262038074,0.37854129361846384,0.5152414952638916,0.6726060601268742,0.6588098189685414,0.012921727395411581,0.0,0.0,0.0,0.0,0.0,0.0,0.0,Daniil Plyasunov,2910.0
17.516685469325495,161.04649346910057,-59.29556324774144,-17.745184099327886,-10.621901273555673,3.9836734693877554,-1.7720830208791685,-35.18298002542321,-10.448572344888978,12.491484046945734,0.1984,0.513,16.8,0.027000000000000003,0.0,-0.08486497325730236,-0.15647787204769548,1.7378649593653397,0.6269958307888329,0.9616161616161616,0.7416722354387747,0.6521436739313834,0.6496390636055441,0.22084559150128097,0.6802775965669232,0.8864623892556853,0.8705968832696265,0.8356712809226776,0.5339326014421574,0.46819418942323965,0.769967834772304,0.8753736977200666,0.8409180129850521,0.0,0.0,0.0,0.0,0.0,0.0,0.0,0.0,Daniil Plyasunov,2910.0
19.325489887310834,162.6454739802072,-42.59728210711297,-16.313091182894187,-10.263273362476639,4.0,-6.1150277287232395,-19.376615101747305,-10.484426653584421,15.955151922312831,0.2286,0.28420000000000006,19.6,0.045200000000000004,0.0,0.16628009671605976,-0.41118812304796126,1.4861190836868485,0.6457128017699092,0.7995774075579034,0.6907842313839784,0.48560449589560867,0.8728971962616822,0.5371427960392651,0.377727692957748,0.7464710711590609,0.8753439499369542,1.0,0.6514142731880493,0.3221825051299132,0.6963801977515915,0.8751859622353614,0.8173454783511669,0.0,0.0,0.0,0.0,0.0,0.0,0.0,0.0,Daniil Plyasunov,2910.0
16.12482020490649,162.4338601512442,-48.09472732442214,-15.008954607542702,-10.301789745211398,3.991489361702128,-3.5114719723014653,-25.191604789555573,-10.324126081455232,12.2517305099421,0.24779999999999996,0.5164,15.8,0.1006,0.004,0.09094469786694516,-0.08342533841112129,1.0528402774211185,0.6668581035737244,0.9714285714285715,0.5986450159067411,0.43740172650978454,0.5880495151867734,0.5481728724719378,0.6599175871065273,0.8293329377441527,0.7408110854297166,0.8871680759531226,0.6857630507400092,0.4779662523234598,0.6632287323531563,0.757122120613227,0.5169792299728989,0.0020408163265306,0.0,0.0,0.0,0.0,0.0,0.0,0.0,Daniil Plyasunov,2910.0
18.257917433181195,196.62731792837045,-60.983715119659884,-14.73336022946847,-10.9698088858761,3.9869565217391303,-7.188169001448943,-33.430805424739496,-10.868467668782221,12.219939568916216,0.23359999999999997,0.5964,21.4,0.1264,0.010199999999999999,0.17891310458582182,-0.08602011608058348,1.5383906104962446,0.8237998843262002,0.9217355314892736,0.811813596063162,0.3891211421698287,0.6596967971363114,0.4625306133093511,0.403659332643686,0.7660208212839792,0.6802245557436286,0.8451127819548873,0.8360902255639097,0.3554833061572533,0.7038602151108188,0.7165028330823455,0.9248304886602758,0.01804511278195488,0.0,0.0,0.0,0.0,0.0,0.0,0.0,Daniil Plyasunov,2910.0
22.70172515656386,212.64100200874395,-49.25128298639161,-16.343731537279925,-10.621843071467826,4.0,3.6267281105990783,-31.747843554295166,-9.573608649415101,11.409015715467328,0.252,0.4049999999999999,17.6,0.0754,0.013000000000000001,-0.0301193430225688,-0.53483398322108,0.9213399503722084,0.8154702907339433,1.0,0.8238728756347411,0.3283376211723529,0.4261082305078,0.6439904575254893,0.6080965709736926,0.997452229299363,0.8843941706536734,0.8617280278108304,0.40994530071881047,0.2849923330186023,0.6403686786468787,0.9123690158208342,0.7999229504828437,0.0,0.0,0.0,0.0,0.0,0.0,0.0,0.0,Daniil Plyasunov,2910.0
19.299633756771712,211.46300262309182,-50.99910126927229,-13.549559111673044,-11.995364363304777,4.0,-5.31278073333667,-24.899406416050205,-9.84222723055942,10.600236585651823,0.27159999999999995,0.43579999999999997,12.6,0.1,0.0,-0.1388688410651348,-0.350800606394292,1.364316991633395,0.9194805194805195,0.9348837209302324,0.8265801460036188,0.6201302845308191,0.6750231790870449,0.8084945732150086,0.562434198666157,1.0,0.9792198049512377,0.8063647490820074,0.514541673695936,0.3823760044081642,0.7285229202037351,0.9220315717227179,0.8532601235415237,0.0,0.0,0.0,0.0,0.0,0.0,0.0,0.0,Daniil Plyasunov,2910.0
20.059231645547435,199.1481711271185,-42.73143834591136,-14.608286450391713,-10.672088748140709,4.0,-2.4345154845154844,-20.77751546698915,-9.153417372101583,10.914385176227281,0.20600000000000002,0.4546,15.4,0.041,0.005,0.02717922428448747,-0.09644022644022643,1.4765143628301522,0.7668975417659627,1.0,0.8440071770334928,0.7801945126945127,0.7779299754299756,0.6903383612594138,0.6652656672393514,1.0,0.9421052631578947,0.908108108108108,0.44078440881072456,0.5377533052533052,0.7037121212121212,1.0,0.9484848484848485,0.018018018018018,0.0,0.0,0.0,0.0,0.0,0.0,0.0,Daniil Plyasunov,2910.0
19.915353617621317,222.10098274572834,-52.676955152562854,-15.684551516409925,-11.931537652499337,4.0,-3.2468325443989157,-27.266862925601863,-9.984572937227806,11.43740242357499,0.2118,0.2244,20.8,0.13520000000000001,0.0484,0.060961835242808696,-0.4076186270876536,1.1280530852986606,0.8320691108301729,0.94070796460177,0.8265822195025734,0.5710551047299999,0.472427675408579,0.6642774138349359,0.7970836181362497,0.7549930576479249,0.9,0.8650071123755334,0.4101686271225162,0.43444257654783963,0.6796863165284218,0.8464199517296862,0.8030537030537029,0.0495575221238938,0.02300884955752212,0.01769911504424778,0.0,0.0,0.0,0.0,0.0,Daniil Plyasunov,2910.0
19.68843813387424,184.84236815415824,-64.14824618531959,-15.255375253549696,-10.76687645351883,3.9975,-3.439443881000676,-39.94304146946135,-11.073590263691683,12.332581135902636,0.20260000000000003,0.1738,21.2,0.14020000000000002,0.0162,0.15879254000450752,-0.07565359477124182,0.5399532341672302,0.6927677224736047,0.9543382352941177,0.9075,0.38054660181560374,0.5533550680427746,0.4568046305240621,0.5747805627580909,0.7584702662395987,0.7777350427350427,0.7600306743267747,0.41657012444851177,0.31909250879839113,0.7516239316239316,0.7775091232113704,0.7530500336118314,0.0,0.0,0.0,0.0,0.0,0.0,0.0,0.0,David Gavrilescu,3003.0
22.739328376439566,199.5301727480709,-62.60457511092769,-12.941492884563186,-12.501235431219293,4.0,-5.556785548101904,-36.705715712125325,-10.335158672302146,11.435813137384155,0.2386,0.526,15.4,0.0432,0.0,0.10281910892240878,-0.17011221838768467,1.0845087440381558,0.7066800966962127,0.8814117647058823,0.8828130054464433,0.6764657534246575,0.8073505237711522,0.5133152407399345,0.6918795180722891,0.8958823529411765,0.904986301369863,0.8669411764705881,0.5664673932140404,0.4605447025814782,0.8135250680139915,0.8800000000000001,0.8960000000000001,0.0,0.0,0.0,0.0,0.0,0.0,0.0,0.0,David Gavrilescu,3003.0
17.411157509157512,166.80427838827836,-55.74906335085926,-12.414652014652015,-10.862938808734729,3.9949523809523813,-4.346190476190476,-33.854725274725276,-11.109538461538461,12.844029304029306,0.19380000000000003,0.44299999999999995,20.2,0.0502,0.0,-0.17827106227106226,-0.10615384615384613,0.263904761904762,0.6947619047619048,0.9146666666666666,0.9332380952380952,0.6168067226890757,0.5970350623007824,0.5154872983676229,0.5971372549019607,0.8196190476190477,0.7959047619047619,0.7618095238095238,0.5696254225828261,0.2527986090988119,0.698577030812325,0.742140056022409,0.7554565826330533,0.0,0.0,0.0,0.0,0.0,0.0,0.0,0.0,David Gavrilescu,3003.0
18.92707773684878,190.78902291745953,-82.03094473134725,-16.473091870779196,-15.667512557267514,4.0,-3.8229471492769362,-51.4102898689624,-11.134044206093236,12.47694092103204,0.1816,0.3324,24.6,0.0758,0.0,-0.09106949224895569,-0.039029029029029015,0.9009388389314384,0.7318757631257631,0.7903337403337403,0.7224372546953193,0.5818221850883141,0.642346096096096,0.4086590911187685,0.4912520837924063,0.7091956654456655,0.8789351851851851,0.8052225209080047,0.6243794632101084,0.12159647018517986,0.44603058082896785,0.7202912186379928,0.6669866707366707,0.0,0.0,0.0,0.0,0.0,0.0,0.0,0.0,David Gavrilescu,3003.0
22.292801932367148,224.4290338164251,-55.38581335669763,-14.560248447204966,-11.213273674157952,4.0,-4.0675983436853,-30.018806073153893,-9.745175983436853,10.219289164941339,0.2048,0.395,14.8,0.11879999999999999,0.0156,0.1826224982746722,-0.06271911663216008,1.4220013802622498,0.9547619047619047,0.9047619047619048,0.9464788732394366,0.8372661981932235,0.8270966383206402,0.6217729598565174,0.4400033865323342,0.9032666234076705,1.0,0.9932584269662922,0.7396736222578919,0.5605027327083065,0.4759642964167986,0.7630637759139105,0.8198048247144486,0.0,0.0,0.0,0.0,0.0,0.0,0.0,0.0,David Gavrilescu,3003.0
20.68849365056196,211.68826870367667,-63.349770668932955,-16.33538656157252,-11.055179287301723,3.996923076923077,-3.327353670996935,-36.33757440114176,-10.981862988371528,10.690663163528438,0.2326,0.4824,16.0,0.08660000000000001,0.023,-0.014495207512285318,-0.20876822523881344,1.5634264259880957,0.8262425900592796,0.8591770827477216,0.9706042707860064,0.504940495687302,0.7644473773787275,0.5675128995786417,0.5201685743643126,0.9558823529411764,0.9271317829457365,0.6277579971141052,0.6635465107835902,0.4820613293339905,0.6094012939854683,0.8947647870871828,0.8431984708505894,0.01860465116279068,0.0,0.0,0.0,0.0,0.0,0.0,0.0,David Gavrilescu,3003.0
19.908990255046334,188.8295359038512,-64.81804687920697,-15.189817571058546,-12.467425479528712,3.997936698621528,-5.625090343673431,-37.22271447683242,-10.775778561974112,12.464842855238718,0.216,0.4295533980582524,18.728155339805824,0.0677233009708737,0.0088106796116504,0.0639112928883021,-0.2058516161733325,1.2689256407069442,0.7439619138221322,0.8421772764859857,0.8006054424711829,0.6061625821725227,0.6314722478875864,0.5213620751543457,0.5301815100789531,0.8415857599349296,0.834528765415195,0.7908807273732422,0.5598037226453961,0.3789520518193362,0.5893685250406555,0.7905193865169466,0.8356804920502185,0.0756500094763844,0.0912560721721027,,,,,,,David Gavrilescu,3003.0
20.241751342295807,222.33793631688368,-65.89237617510854,-15.006553950292608,-12.497476521860435,4.0,-5.064538676607643,-36.61849651550197,-10.975275156491128,10.269964645645228,0.1958,0.45759999999999995,19.0,0.055600000000000004,0.0034000000000000002,-0.05208541642298446,-0.19564126460678183,1.2007995291116886,0.9589743589743589,0.8586121975952483,0.8343172119487908,0.5097490143155777,0.6494401820253213,0.3518278694814876,0.5351713994561766,0.8171836198375004,0.7950404858299596,0.825,0.7140168329796813,0.3581160643854142,0.731799220034514,0.7753722749879017,0.7240460691699082,0.0,0.0,0.0,0.0,0.0,0.0,0.0,0.0,David Gavrilescu,3003.0
21.10886550638324,216.38010734783785,-69.79827055717718,-17.915515128281083,-10.858987850873195,4.0,-3.4629845835519597,-40.950718448945395,-11.724791619472473,11.114727073946932,0.1974,0.48119999999999996,20.0,0.09359999999999999,0.0098,0.010437161855601567,-0.09863170714234543,1.3492248212106366,0.8674846625766872,0.7863843261428853,0.8893474596507073,0.6266249363821856,0.5477638606788269,0.5726406146133042,0.6190110248484161,0.8615871759350882,0.9190184049079754,0.7465241770565341,0.649749217342754,0.2073381417358806,0.5867592960626746,0.8837137014314929,0.924678936605317,0.0043010752688172,0.0,0.0,0.0,0.0,0.0,0.0,0.0,David Gavrilescu,3003.0
17.896050835417842,159.34301785915972,-54.87192894931313,-13.587319052044554,-11.121428413112644,3.9966101694915253,-9.419366505142422,-28.206101828212887,-10.395372504539285,13.861049184247145,0.2372,0.3492,15.6,0.08380000000000001,0.004200000000000001,0.37962763162496405,-0.7701911588409012,0.9237726620311577,0.47149278333360245,0.8728813559322035,0.9016949152542374,0.4146932864078453,0.6182238249789638,0.5963931507715658,0.4558109201558024,0.8231864406779661,0.9152542372881356,0.674858559707772,0.42094323572365366,0.647108065873302,0.7101920903954803,0.7535131626397404,0.8354682053131386,0.01702127659574468,0.0,0.0,0.0,0.0,0.0,0.0,0.0,David Gavrilescu,3003.0
19.90607854881492,210.42026867459572,-60.42563781326112,-15.555129631214175,-12.197514257173165,3.996923076923077,-4.813972790279799,-31.5082142551553,-10.404442542996492,10.05671258663472,0.2234,0.3546,19.0,0.0756,0.009600000000000001,-0.1344040386754513,-0.07333960811157694,1.6007769316334386,0.8337476610531944,0.8776670358065706,0.9051724137931035,0.6384650144473721,0.5874015096549179,0.4800721732157177,0.7437449879711308,0.9555555555555555,0.9047179898422882,0.6833104212013594,0.5128085182215093,0.3340811598630363,0.5842663662631586,0.8619353114140604,0.8220128307939053,0.01860465116279068,0.0,0.0,0.0,0.0,0.0,0.0,0.0,David Gavrilescu,3003.0
20.657434949873974,223.12269562415904,-61.57815031089915,-13.276604696116891,-12.031009863270897,4.0,-6.360381488430269,-35.510424128716814,-10.324084370913642,11.924354236549359,0.2332,0.43,15.6,0.10800000000000001,0.0056,0.11021528606894462,-0.12396270396270395,0.9083328595523718,0.9925925925925926,0.8333026340025788,0.8192884872000766,0.7111247872866272,0.5087620373965571,0.6676917969114199,0.539434805997945,0.8175168879571395,0.9213114754098359,0.8592037730614509,0.5683115646733048,0.3383242085698119,0.5800440513777081,0.6804886338034085,1.0,0.0,0.0,0.0,0.0,0.0,0.0,0.0,0.0,David Gavrilescu,3003.0
15.541431775386718,156.67257066829035,-79.76366543764769,-15.216386166573903,-17.04622265751405,4.0,-6.515882004430189,-45.94983968494606,-11.421531736537995,12.386196812354507,0.1814,0.4652,17.2,0.053200000000000004,0.002,-0.0842081369115161,-0.2545712443584784,1.6201318191555987,0.6959893048128343,0.8547574819401446,0.7239091847265222,0.49095130875316634,0.5282126841167089,0.5049001782531194,0.5323229195984613,0.8623116615067079,0.8034262125902993,0.7099643493761141,0.5951487006285767,0.32396491228070173,0.46798395721925135,0.6577461300309597,0.8460196078431373,0.0,0.0,0.0,0.0,0.0,0.0,0.0,0.0,David Gavrilescu,3003.0
18.361975665883275,196.33958819689252,-65.5316603026459,-16.340448491970232,-12.724213491704512,4.0,-0.6769131903642773,-42.54437418396658,-10.473241872307089,13.227530927666797,0.2042,0.2786,19.2,0.064,0.004,0.22786878182530357,-0.2560925381903643,0.7680365746180964,0.7378415908324907,0.8728682170542635,0.8328870096311956,0.38129381239853977,0.5032121075010391,0.4516956011071279,0.5044951782461651,0.7769001644350482,0.9410852713178294,0.7993798449612404,0.6443243152188953,0.1628968471926489,0.42517186155780556,0.7533704164937041,0.9021004566210046,0.06976744186046512,0.0,0.0,0.0,0.0,0.0,0.0,0.0,David Gavrilescu,3003.0
18.423401922931337,177.81441562570976,-68.40162174783255,-15.76694072223484,-17.593417341745795,4.0,-5.33947308653191,-36.487155727155724,-11.281786054962527,14.067151184798243,0.2096,0.462,19.0,0.0524,0.006,0.14084124460595052,-0.12663063063063063,0.8563406768112649,0.7421702927746441,0.8568627450980392,0.7117660081882483,0.44760771007556555,0.5520766081442955,0.5369576860289118,0.5911674287633366,0.842364824717766,0.7762019876443729,0.7678431372549019,0.5023400809057537,0.289197995439806,0.525944870701904,0.714022578728461,0.8446717817561809,0.0,0.0,0.0,0.0,0.0,0.0,0.0,0.0,David Gavrilescu,3003.0
17.31395238095238,161.92985714285714,-73.18239343213477,-16.00761904761905,-13.26386962261095,3.986666666666667,-4.796666666666667,-44.928095238095224,-11.323285714285714,13.150476190476189,0.1894,0.36480000000000007,25.0,0.1034,0.004,0.31399999999999995,-0.06199999999999998,1.577095238095238,0.6779931166779507,0.7090594673888513,0.6756511082387859,0.5745940925846138,0.43525468633525505,0.4537463976255446,0.5750260731895802,0.8062069065742051,0.8847962085308057,0.8450039494470774,0.49375934360531515,0.37132658678867203,0.3288841871661777,0.6184315224007167,0.8287632588580456,0.0,0.0,0.0,0.0,0.0,0.0,0.0,0.0,David Gavrilescu,3003.0
18.032532310709257,171.5155272370724,-58.721833431676636,-15.097708637685736,-11.228458278677858,4.0,-4.326380937339598,-34.319278010292045,-10.44511144233427,12.695103874652876,0.2138,0.39139999999999997,22.6,0.0484,0.0098,0.07892515892130925,-0.2670391282031034,1.527443044971769,0.5662329858629669,0.8741883116883116,1.0,0.4037538915859599,0.6388741302972802,0.4315868840204703,0.4295741845125146,0.8682795698924732,0.856439393939394,0.9241935483870968,0.5868935697446134,0.23930162974280617,0.5813918118567075,0.9552941176470588,0.890909090909091,0.012903225806451599,0.0,0.0,0.0,0.0,0.0,0.0,0.0,David Gavrilescu,3003.0
18.815271221532093,183.14025465838512,-61.26161344229894,-14.648902691511386,-12.335099984742001,3.986666666666667,-4.8690579710144934,-33.851138716356104,-10.445198757763976,10.90111801242236,0.211,0.44239999999999996,20.2,0.0632,0.0,-0.0045921325051759805,-0.23859213250517594,1.694832298136646,0.7312939824788166,0.9183451816745656,0.8280147446024223,0.7991264752346436,0.6218188998994686,0.5377039139654138,0.4696764036775066,0.8776102254775241,0.6153660243359156,0.8130595050026329,0.694450498855294,0.5092509989777902,0.692654028436019,0.6619560534252477,0.7970557932631119,0.0,0.0,0.0,0.0,0.0,0.0,0.0,0.0,David Gavrilescu,3003.0
21.16477845612298,188.5130803714065,-58.175846132159926,-15.657818911830958,-10.227114584357833,4.0,-7.186406574615056,-31.060158077766356,-11.329597587957789,13.285249604368076,0.2258,0.3444,13.8,0.027800000000000002,0.0,0.16871709254911957,-0.3693351933658839,1.101213688739553,0.7731269958241218,0.9731343283582088,0.5559740579674666,0.6534149660039996,0.802702038811103,0.7148246238376968,0.34619776836481686,0.9014492753623188,0.7436964468912104,0.759136520785901,0.37361371538396054,0.3066732015267894,0.6258140088536801,0.7771650223458976,0.6024746871218487,0.014689265536723159,0.0,0.0,0.0,0.0,0.0,0.0,0.0,David Gavrilescu,3003.0
16.691023847809216,155.39865629874961,-61.91759370971745,-15.478861769105848,-9.738464870748155,3.9973333333333327,-9.417556819545442,-33.56736090111279,-10.925706098351213,13.213023415812671,0.22440000000000002,0.4636,22.4,0.054000000000000006,0.0052,0.11798964808281535,-0.17932592539259684,1.270171854625163,0.6136937481123528,0.8263549783549784,0.7880601388661089,0.47118453685617867,0.5924869442717412,0.5490760471739298,0.4604102564102564,0.8391641791044776,0.7779393939393939,0.6045491225192717,0.6607499167499167,0.4184462701477627,0.47027177473689097,0.6157301862779127,0.7013744385892946,0.0,0.0,0.0,0.0,0.0,0.0,0.0,0.0,David Gavrilescu,3003.0
16.241657054529394,136.38048671186968,-87.35715508970976,-15.609508222274178,-15.726058396804543,3.986666666666667,-8.370759618631958,-52.69227002312108,-11.608943574156338,12.663718078611694,0.1822,0.394,24.6,0.0776,0.004200000000000001,0.044718520250435136,-0.1593284493284493,1.7851857480580882,0.47932715897973494,0.8242975626269464,0.6873309839186617,0.504918979167565,0.6011167167779305,0.25803749720696667,0.5723551598735057,0.6244136818777546,0.7989500546846519,0.7670552314983594,0.6063412061871778,0.49509726055934583,0.36933123116160876,0.6011179399258438,0.7049761857161337,0.0,0.0,0.0,0.0,0.0,0.0,0.0,0.0,David Gavrilescu,3003.0
21.31734655548043,221.86944863415448,-40.10532454655897,-8.04779158937374,-10.588342640327571,4.0,-4.720315181775628,-23.198184844229466,-8.206830672145074,10.656140381292511,0.26020000000000004,0.4998,10.2,0.0462,0.013800000000000002,0.03487630242194136,-0.1568627450980392,1.2959773004397752,0.9320754716981131,1.0,0.8584366576819406,0.8261395384438746,0.9056603773584906,0.8461455525606469,0.731266846361186,1.0,1.0,1.0,0.9,0.5409196131282702,0.6137875267218142,0.8166037735849055,0.8716981132075471,0.0,0.0,0.0,0.0,0.0,0.0,0.0,0.0,David Navara,3001.0
17.720754555655905,178.27183401110275,-58.67635415875018,-16.32500125820112,-10.062447747528752,4.0,-7.2386471729373,-31.171640893361506,-11.127185982035652,13.248568895314165,0.23240000000000002,0.265,23.8,0.060399999999999995,0.0034000000000000002,0.1393714248422548,-0.5017964660126233,1.3581527008185774,0.5900425309167049,0.9319148936170212,0.9425531914893618,0.5865091932212263,0.37799511691643267,0.3737012995149069,0.45504444515600007,0.8354967518922463,1.0,0.88631507775524,0.4724322029476832,0.4021793277934088,0.4868947445496552,0.6339864074756829,0.7144109701722735,0.00504201680672268,0.0,0.0,0.0,0.0,0.0,0.0,0.0,David Navara,3001.0
17.149087174185123,165.60124702980175,-50.148518672141485,-12.708077125392249,-9.611035223627946,4.0,-6.9496177286825915,-28.263749070395967,-9.37213636610981,12.756096842067077,0.26280000000000003,0.4548,15.8,0.056400000000000006,0.004399999999999999,0.40538762220892066,-0.10160526745388254,1.7260606555295568,0.6719091570288571,0.8483811285846439,0.9096774193548388,0.8914893617021278,0.6570352261253489,0.4571410204505508,0.49584780285258684,0.8927596062241981,0.8446808510638298,0.7456539183465561,0.5200000118769941,0.5607685662285689,0.7533185138139091,0.9850746268656717,1.0,0.0,0.0,0.0,0.0,0.0,0.0,0.0,0.0,David Navara,3001.0
19.769663048394392,183.0261043268506,-56.3079767323994,-14.176365646514899,-10.483162671391321,4.0,-6.824023820292476,-29.746538770792505,-9.83374038896427,10.755854565556058,0.24300000000000002,0.4244,19.0,0.0878,0.0,-0.029433639881401064,-0.1334112266948088,1.528199909543193,0.7896904367053621,1.0,0.8899482180932076,0.5821392932267132,0.6998523795165587,0.7735696517412936,0.6747853702011485,0.864365671641791,0.9567164179104477,0.7650610583446404,1.0,0.36857868203817035,0.45286450401055944,0.7325024537178055,0.8158374792703151,0.0,0.0,0.0,0.0,0.0,0.0,0.0,0.0,David Navara,3001.0
18.711963047152768,174.67112257387654,-51.43063381557387,-14.966889495653266,-11.068301105444338,4.0,-1.735352468828601,-30.566055119910693,-10.323138122587327,13.229102496850354,0.23139999999999997,0.4462,17.4,0.1086,0.014000000000000002,0.0886220470675795,-0.48177016781667936,1.4057756197291083,0.7059103641456582,0.8722702104097453,0.7830675526024364,0.4852726734942877,0.3431859708056698,0.5305706468633965,0.5504790954722555,0.9275070028011205,0.8909523809523809,0.9623249299719887,0.5234097963509727,0.40789442363997763,0.7365826330532214,0.8363064295485636,0.9604651162790698,0.0,0.0,0.0,0.0,0.0,0.0,0.0,0.0,David Navara,3001.0
19.10120231881889,180.03123442122975,-55.30916783527483,-14.83652913624844,-10.800124116492755,3.997178265669848,-4.885637286771701,-30.964437097310743,-10.403929099451815,12.584310635330784,0.2364738041002277,0.4367744874715262,18.790432801822323,0.0718883826879271,0.0101708428246013,0.1224655925806336,-0.2713746417667133,1.527945308599881,0.695095734119904,0.8695883657389096,0.8005904990487402,0.6278266453723534,0.5820082005773046,0.5462294995479379,0.5632812860517529,0.8829227436648392,0.8853801284866774,0.8459639213530571,0.6511028675663628,0.4570107846341521,0.5542393913495156,0.7960680554220081,0.8215031490737985,0.0541087978151609,0.0870327299693261,0.0808080808080808,,,,,,David Navara,3001.0
20.873265306122452,182.52933938019652,-53.61066976242752,-13.569221466364326,-10.570229853130467,3.985714285714286,-5.9772335600907045,-29.279274376417238,-9.961437641723355,11.76101284958428,0.24339999999999998,0.312,11.2,0.0678,0.023399999999999997,0.02538321995464851,-0.21403779289493574,1.0250914588057445,0.6753941396073375,0.7326995846792801,0.8395939086294415,0.7305146705146704,0.5774923690442182,0.7348667865854233,0.7432124728063816,0.9878172588832488,0.9350858109741358,0.7560430263475949,0.7650498213949991,0.417023409271415,0.4472643036602427,0.7819392620915464,0.8829949238578682,0.0,0.0,0.0,0.0,0.0,0.0,0.0,0.0,David Navara,3001.0
17.565253403313104,162.46537322544788,-58.34357156477286,-13.927354983325134,-12.328978777792013,4.0,-0.7324424124797263,-36.700114354965095,-9.74975056038489,11.095069524174002,0.20400000000000001,0.35839999999999994,19.0,0.043,0.0,-0.03394656752865709,-0.04805140961857378,1.201775918940098,0.6482504337767495,0.7703425229741019,0.86089100957522,0.7489926739926739,0.6427013045434098,0.7011567379988433,0.42830613547931035,0.8868131868131869,0.9989010989010989,0.8650665124349335,0.4652672831789979,0.38556808688387634,0.5998570143306985,0.7190488628519188,0.7656786196259879,0.0,0.0,0.0,0.0,0.0,0.0,0.0,0.0,David Navara,3001.0
18.106642397814284,165.295771459471,-58.88789268607987,-17.22001601023267,-10.261286536357693,4.0,-3.695753664111874,-34.59415464573866,-11.361805711344468,14.24512388170549,0.2298,0.41180000000000005,18.2,0.08120000000000001,0.006,0.16037979819010148,-0.18087341072415697,1.0883634293899098,0.5224823562344785,0.8436090225563909,0.8589395711500976,0.4612000270947639,0.49303875789444546,0.4931995298718558,0.7692160508798879,0.81687552213868,0.7821498189919243,0.7955722639933167,0.32431461293940067,0.2107419337843786,0.5221336378823646,0.810526655687946,0.7925368978000557,0.027067669172932317,0.0,0.0,0.0,0.0,0.0,0.0,0.0,David Navara,3001.0
18.665813033715512,167.94045737930796,-52.270023707995094,-15.529253847287901,-11.537063670741336,4.0,-4.993806561085973,-28.098951847945653,-10.233954534242846,14.123006753308612,0.20179999999999998,0.47400000000000003,19.2,0.0638,0.013000000000000001,0.24691154498236542,-0.3103037996575148,1.542961688724073,0.6234253246753247,0.8757142857142857,0.6852496839443741,0.711364549037636,0.7991150442477876,0.381353077232502,0.7190746753246754,0.9307522123893804,0.8650695322376738,0.8675023704171935,0.666620575221239,0.4646323613918616,0.5027730289621883,0.7370575221238937,0.915625,0.0,0.0,0.0,0.0,0.0,0.0,0.0,0.0,David Navara,3001.0
15.935966708023159,159.78733302315962,-55.30754583203215,-15.034398263027295,-10.230537457342326,4.0,-9.158390198511167,-27.608739143920594,-11.171727667493796,13.896246898263026,0.24419999999999997,0.46939999999999993,20.2,0.079,0.0076,0.17155345326716293,-0.15581989247311825,1.1443248552522747,0.5499315386122071,0.7584424589119416,0.8967741935483872,0.44165987866053785,0.37608051462252245,0.6619994007789873,0.4249057777239701,0.8185370026717205,0.762808553570771,0.7781630546955625,0.4937747420356285,0.4443101442366901,0.563028651899817,0.8214781543487136,0.9580645161290322,0.00759493670886076,0.0,0.0,0.0,0.0,0.0,0.0,0.0,David Navara,3001.0
16.858483151234232,160.04156636763523,-68.22149651408331,-15.371125861226293,-11.487470192485256,4.0,-9.072209784476643,-39.7760375444737,-11.260011903448056,14.745358772026634,0.21660000000000004,0.6204000000000001,26.4,0.15059999999999998,0.004,0.4704364597621412,-0.13609159611311689,1.209827702187817,0.5930681114410099,0.9050563063063063,0.6659254949999089,0.44574423626252885,0.37842532023179665,0.48730349561660236,0.4743297722894574,0.7174430545182973,0.7803291500985676,0.6559456179480451,0.8223203291498935,0.40872947705442375,0.2099317737699812,0.8911006348020912,0.8285576923076924,0.0048780487804878005,0.0,0.0,0.0,0.0,0.0,0.0,0.0,David Navara,3001.0
17.673220508608743,193.71565633849744,-61.35266552114499,-16.00356604643415,-10.229151257604922,4.0,-4.581836407377706,-34.85215751297478,-10.798246535646907,11.112292238893474,0.26020000000000004,0.33480000000000004,19.0,0.0844,0.018,0.23275652871238797,-0.242457724626059,1.2258149219963663,0.8046283128636069,0.7699137931034482,0.7884300310162379,0.6939592760180996,0.5515810768751945,0.3617701834638954,0.43688928268035776,0.8661150614091792,0.8430655551345207,0.7529533245659007,0.17709513572596733,0.41577085299194827,0.6769413547912534,0.7681013307179636,1.0,0.00219780219780218,0.0,0.0,0.0,0.0,0.0,0.0,0.0,David Navara,3001.0
18.693886386042138,178.0204591232071,-79.2650190997832,-12.207954643655173,-12.409486866409136,4.0,-12.548304361743217,-49.05200724488159,-10.177442290497178,13.130176307403076,0.2414,0.36360000000000003,15.0,0.0704,0.019,-0.0792631622109234,-0.3638078836586299,1.6925596671022767,0.5861994609164421,0.8207518796992481,0.8998212512413108,0.5941948297402057,0.36569808574998053,0.4566520073769328,0.7473684210526316,0.8390977443609022,0.8224712725209249,0.8511278195488721,0.4021109377216626,0.6582493970775997,0.7467194157029824,0.9642105263157894,0.8962406015037594,0.027067669172932317,0.0,0.0,0.0,0.0,0.0,0.0,0.0,David Navara,3001.0
17.009676987700043,167.5949977972686,-67.1828754152655,-15.894625099829671,-11.986788031615655,4.0,-9.920892023756517,-35.128554937534304,-11.907443582984076,13.655428260454727,0.188,0.42560000000000003,24.8,0.0928,0.0034000000000000002,0.13628117689464347,-0.27767985242877635,2.117454726213446,0.6467237832743928,1.0,0.7028468027626984,0.6059905191528404,0.3373458049646403,0.45052413645713674,0.5406514259499962,0.8364936157198561,0.8307039274154497,0.9066353187042843,0.7396600946180932,0.3272659442725409,0.5736067997043607,0.8926829268292682,0.7831189948263119,0.050721003134796216,0.0,0.0,0.0,0.0,0.0,0.0,0.0,David Navara,3001.0
19.264594323768975,192.68276972624798,-54.78332300514423,-15.979317511005059,-10.795329824575514,3.9892857142857148,-2.9248605116328035,-30.13137688957512,-10.505594740966886,11.56387075832544,0.2938,0.4202,13.8,0.048,0.008400000000000001,0.1267549605611507,-0.5995036514564885,1.7099326244867883,0.8136916487508958,0.7913763886273772,0.8317916179662713,0.8223811575378678,0.7666604967623959,0.5670117477666863,0.600404023823966,0.8184769697685329,0.9458421759763077,0.8505324733763311,0.6925711261606731,0.4984524295797789,0.7762561871906405,0.7302211556088862,0.8864406779661017,0.00176991150442476,0.0,0.0,0.0,0.0,0.0,0.0,0.0,David Navara,3001.0
18.822545524776515,215.4814301217673,-62.05119359445139,-12.058038374824601,-11.548038523792734,4.0,-9.59854425822862,-33.82172444962976,-10.002661721348952,10.977813733373276,0.23040000000000002,0.38859999999999995,17.0,0.07799999999999999,0.011199999999999998,0.2383070038521975,-0.21214135935800207,1.6194637404680445,0.9306930693069306,0.7465518673264306,0.9192313558029588,0.4667182075840648,0.6048035462710959,0.6952925536676633,0.4145208355668569,0.9421686746987952,0.8234253469574501,0.8792079207920793,0.5889710490036346,0.5981570652653404,0.49686364206040856,0.9425041939911545,0.8711470018436952,0.00759493670886076,0.0,0.0,0.0,0.0,0.0,0.0,0.0,David Navara,3001.0
14.959648520949163,128.19455437557784,-60.88907573026711,-15.819527231041093,-11.79965634447245,4.0,-7.31684591172864,-33.28772982131191,-11.668004999028453,15.002688577315443,0.22879999999999998,0.21139999999999998,17.6,0.0548,0.0046,0.05552173878399891,-0.36542060955707006,1.1154350387825869,0.3979283951774415,0.9573240511157735,0.7860204794706143,0.3177551076717232,0.4376276370283927,0.4580127779714225,0.5519119672791235,0.8162216288384514,0.7888731732823225,0.7811866969009825,0.26655971482343893,0.2806908172549563,0.45361631113008183,0.7800949691834915,0.766262325154781,0.0,0.0,0.0,0.0,0.0,0.0,0.0,0.0,David Navara,3001.0
18.624638193943532,194.95421933939667,-67.25113173225154,-15.221638112592899,-11.68898500101054,4.0,-7.847093884059072,-36.63544899224638,-11.210279878733315,11.352314136390671,0.2294,0.44719999999999993,23.6,0.0992,0.016,0.13394305093815362,-0.4542650837640398,0.988037558685446,0.6818637534087993,0.8110798708736853,0.750769774884557,0.5938584816704384,0.4783829691494514,0.582479501667742,0.2768818589336103,0.98989898989899,0.8767676767676769,0.9096422073984233,0.505595025581018,0.3244580497638976,0.5639190887405444,0.4651372565516708,0.48242169258188394,0.05656565656565656,0.01818181818181818,0.01616161616161616,0.0,0.0,0.0,0.0,0.0,David Navara,3001.0
18.55961096822799,184.71574977268594,-52.55741598694535,-15.174012937417192,-9.940152926129102,3.9892857142857148,-1.0092829865170292,-31.937340685319413,-10.238672278076534,11.752760112228199,0.2412,0.1804,15.8,0.039999999999999994,0.0,0.2993118748863429,-0.18810568155249005,1.2835304081261527,0.7525832279814579,0.8637168141592919,0.8063135957163088,0.5800903366998031,0.5667092172964082,0.6971728808262149,0.42656352438654876,0.9201572484976535,0.9499199325747997,0.8268520859671302,0.7139148756847872,0.33686324553679936,0.5317729833206887,0.8418541930046356,0.8050619699934767,0.03368480512144604,0.0,0.0,0.0,0.0,0.0,0.0,0.0,David Navara,3001.0
21.49629399585921,184.9743541965281,-64.04996893037622,-15.117375378244944,-12.478404987073132,4.0,-1.7470855231724798,-39.57859531772575,-10.698781653129478,11.57027392896958,0.23279999999999998,0.33740000000000003,15.6,0.06699999999999999,0.0,0.013341296384774687,-0.22866379996814773,1.2327090301003345,0.6036406905571815,0.9676190476190477,0.7759684458402288,0.8867924528301888,0.504925135082088,0.5791311080843075,0.694911034029815,0.9580952380952381,0.848933047396069,0.908029197080292,0.44653812391138004,0.7238478193628209,0.359909345283139,0.9217391304347826,0.9391304347826086,0.0,0.0,0.0,0.0,0.0,0.0,0.0,0.0,David Navara,3001.0
16.583783783783783,173.8634183046683,-64.22862244027422,-16.705712530712532,-11.677264946416733,3.995,-9.532125307125307,-32.93857493857494,-11.099382678132677,13.72943796068796,0.23020000000000002,0.34320000000000006,17.4,0.051000000000000004,0.0036,-0.0034520884520884533,-0.05947788697788696,0.8567567567567569,0.6413762093508929,0.8557095974817492,0.8108274941608276,0.6401381901381902,0.5592629195582781,0.3226731849938601,0.4960576736526103,0.883638068448195,0.837037037037037,0.757768890047371,0.3807340624640202,0.3290828057494724,0.6655858889192223,0.7545544245544246,0.7514300376325693,0.055405405405405395,0.0,0.0,0.0,0.0,0.0,0.0,0.0,David Paravyan,3147.0
16.94178004535147,154.97589702547685,-48.29058823113523,-15.636654661864748,-8.992872478167381,4.0,-5.59403761504602,-25.85449179671869,-10.45686274509804,14.244331065759638,0.255,0.323,18.8,0.06040000000000001,0.0032,0.18602440976390555,-0.3407896491930105,1.563765506202481,0.467863728171681,0.8232308065494239,0.9203231292517007,0.7364906374921102,0.43441918994401885,0.4504968754512114,0.543165609336518,0.9147058823529411,0.7379280602962834,0.8866144329896908,0.3181263746735808,0.5178983449049722,0.7543367346938775,0.9408163265306122,0.8982693877551021,0.0224,0.0128,0.0,0.0,0.0,0.0,0.0,0.0,David Paravyan,3147.0
14.8032718868542,142.82197501749812,-73.36826033386222,-16.566553668575434,-11.361173288149832,3.974468085106383,-5.346458476321208,-44.216587896530044,-12.03220788134309,12.180252791950998,0.1582,0.2726,40.4,0.12840000000000001,0.010199999999999999,0.07284110020123354,-0.12202678727945906,0.8221740235121938,0.45633939393939393,0.9319148936170212,0.6848586718246292,0.3415261551687084,0.35735946701053084,0.25947603696539867,0.400275693101225,1.0,0.8254700193423596,0.5718099290780142,0.4213520739307974,0.3067838383838383,0.3108693745970341,0.3302818826563508,0.5820525252525253,0.0304,0.0,0.0,0.0,0.0,0.0,0.0,0.0,David Paravyan,3147.0
22.76866951628441,212.54967690851808,-63.58090831274173,-16.01346082116158,-11.421795700905722,4.0,-7.229975765052551,-34.73303057741156,-10.47806905746786,12.295423609257554,0.23079999999999998,0.556,18.6,0.0254,0.0,0.03798525980519243,-0.10535965334617234,1.8616116610410767,0.8599610136452241,0.8897435897435898,0.7593522267206477,0.6146823101710319,0.7996922926876844,0.5812106085450737,0.6381184952613523,0.9570370370370369,0.9651373954599762,0.8111680911680912,0.5887607908660539,0.4626977009659522,0.7227187627187627,0.7947578347578348,0.8913060428849903,0.0,0.0,0.0,0.0,0.0,0.0,0.0,0.0,David Paravyan,3147.0
18.82523883525497,165.00233302579875,-50.949771000053644,-14.594022040045758,-11.054705663692527,3.9967213114754103,-4.131315597552081,-27.511361679972158,-10.712246381539632,13.057159051273109,0.23579999999999995,0.33080000000000004,20.4,0.054400000000000004,0.0,0.22677708235259683,-0.3688278460871764,0.8670082394062163,0.577309805014639,0.692442114460463,0.9056910569105691,0.49080782593223127,0.6120019522411628,0.3819857763700291,0.3101356303833584,0.807936152756023,0.7532324231203248,0.6623885415214933,0.5036922157155448,0.22103502572251438,0.678389737889229,0.6829625658893951,0.9179487179487179,0.0016260162601626,0.0,0.0,0.0,0.0,0.0,0.0,0.0,David Paravyan,3147.0
19.267953673625275,173.96829683001351,-52.53608359415779,-15.565841328599129,-10.382665425668218,4.0,-5.760328267566502,-26.025064074046092,-10.388648348904166,11.58646385062633,0.2792,0.311,17.4,0.08920000000000002,0.0066,0.14215965559500723,-0.10916265854129417,1.6854748474394163,0.5926228014204554,1.0,0.9598566308243728,0.7645849620281439,0.8346701540249928,0.517583806146856,0.47311540829685994,0.893775826446281,1.0,0.7949519767701586,0.670401646647981,0.42177677544246456,0.440390192745398,0.8520589104166817,0.8736070381231672,0.0,0.0,0.0,0.0,0.0,0.0,0.0,0.0,David Paravyan,3147.0
20.060198455787166,201.8056853715886,-51.0400674814275,-16.115608438350375,-9.472682590671647,3.975,-5.042525461678688,-23.900683898708092,-10.91964331853848,10.436076226519774,0.2492,0.5357999999999999,15.2,0.1232,0.023799999999999998,0.039800989405828116,-0.13618662650920715,1.3936313241393887,0.7779252186793171,0.7383922591867798,0.9587301587301587,0.7585448012575792,0.5882791982576397,0.5235285114615902,0.5308417302187793,0.7878740567265158,0.7960534898891063,0.93,0.6808600252206809,0.39512856816562175,0.663518590998043,0.7783076923076924,0.938,0.0,0.0,0.0,0.0,0.0,0.0,0.0,0.0,David Paravyan,3147.0
21.417321353611676,216.86567258502743,-58.557927298536654,-15.547589063718096,-11.161548546512751,4.0,-5.970667095667095,-30.109071629232915,-10.342807323452485,10.573756360046682,0.2312,0.3758,16.8,0.0356,0.0032,-0.09599887906339519,-0.36944156137704526,1.6574108670882866,0.937037037037037,0.9324324324324325,0.8352169312169313,0.49723938223938224,0.5556948340045115,0.2621693647564615,0.7088645502645503,0.8719111969111969,0.8785465188690995,1.0,0.7010857142857143,0.25642693476887024,0.7382015444015444,0.6442783068783069,0.9328,0.0,0.0,0.0,0.0,0.0,0.0,0.0,0.0,David Paravyan,3147.0
18.498899969745526,160.56625296475167,-51.119463210048366,-16.369357571773445,-8.676097953887595,4.0,-8.300265193535255,-27.073396419513756,-11.286102999675045,16.58575692833674,0.2142,0.44420000000000004,28.0,0.08220000000000001,0.0098,0.1456524072227265,-0.6322951940208195,1.0412274103042005,0.47448857047821297,0.8837433155080214,0.6238571552849065,0.6320297213622291,0.5868206125425377,0.3487347337717166,0.5368631578947368,0.7019857329273597,0.9518413223140495,0.7327098738581992,0.5718072205306656,0.1393152521556687,0.4406628252692987,0.5072936775580176,0.5941461300309598,0.0,0.0,0.0,0.0,0.0,0.0,0.0,0.0,David Paravyan,3147.0
16.46643283905043,152.6680023316539,-56.25683996003104,-16.308904715592895,-10.542584935514535,3.996969696969697,-3.0189097541624665,-32.37815355291024,-10.631198607167912,12.625941908347317,0.2568,0.23700000000000002,23.6,0.0932,0.0154,0.31668728553032166,-0.7807531057275676,1.1268279368276828,0.6238673607094659,0.8977109440267335,0.6516652373639669,0.6551506972559604,0.35412580966119983,0.17512313054962778,0.46147331192703245,0.9504273504273504,0.9538461538461538,0.7654777970567445,0.28190945976789894,0.23189990892350237,0.9467167919799498,0.7589657166789653,0.850498039971724,0.03909774436090224,0.0,0.0,0.0,0.0,0.0,0.0,0.0,David Paravyan,3147.0
19.193154092284527,183.10952583648236,-50.63260830650338,-15.04922324052759,-10.824251011624348,4.0,-4.9812839334578465,-25.7109115522159,-10.718269122182164,12.651330553504467,0.26820000000000005,0.493,21.0,0.073,0.0158,0.11874198265502608,-0.0873326673326673,1.1910975980541199,0.7059645407629282,0.9011494252873563,0.9539080459770115,0.7489397753284945,0.7472895904988682,0.5900068959141975,0.4070670015807121,0.8965517241379309,0.9418540729635183,1.0,0.4645323511171416,0.5607997099961712,0.5515995439558746,0.8501152683757341,0.8984206904343719,0.0,0.0,0.0,0.0,0.0,0.0,0.0,0.0,David Paravyan,3147.0
20.224658265070982,172.7134559669093,-59.310323164762714,-16.867262562904944,-10.966755375045697,3.9957446808510637,-5.2965478859953565,-33.1448559294136,-11.261453534117397,14.230807441863211,0.21600000000000003,0.417,20.2,0.072,0.007000000000000001,0.14324925340745867,-0.4536698695474386,0.8015091576605636,0.5828335813690504,0.9642694147957306,0.7924500907441017,0.7241282855075959,0.6272303745072623,0.2790822844006778,0.5369210499645283,0.9104895104895105,0.8117528648263281,0.8829303419692435,0.5868262629818694,0.318262929631982,0.6661080795634572,0.7855477855477855,0.6075520134669508,0.0,0.0,0.0,0.0,0.0,0.0,0.0,0.0,David Paravyan,3147.0
18.026733877902437,151.88349905868563,-59.52526036958166,-17.239340272675207,-11.969120666532515,4.0,-2.5036611384189187,-33.66197292841783,-11.626498241816702,13.475332878279511,0.20939999999999998,0.5378,26.8,0.09300000000000001,0.0178,0.20881051342187504,-0.3284799569545332,1.3095219325412466,0.42007095847660747,0.7018861913937059,0.685818675371039,0.5448376280372973,0.5098852682799386,0.5494982049356106,0.37936291003862327,0.8419145636543071,0.7560712815451853,0.6987354292964895,0.3789323108138498,0.5823297736847262,0.6237222820939877,0.9115350032113039,0.8498348889106605,0.046128813559322024,0.0128,0.0,0.0,0.0,0.0,0.0,0.0,David Paravyan,3147.0
16.970735735735737,156.4035135135135,-56.499002541657305,-13.642942942942943,-8.97060914826391,4.0,-6.545720720720721,-35.30450450450451,-10.741756756756757,14.70653153153153,0.2484,0.3906,22.6,0.10400000000000001,0.0128,0.1603153153153153,-0.35117117117117114,0.8028978978978978,0.48946450313382445,0.9430167597765363,0.627199657758317,0.6127812169711611,0.5328805270264916,0.2251296738316826,0.6143892495847803,0.833761135437113,0.7347651907226376,0.7572685130155712,0.26445403563554043,0.26762516825633426,0.7996632945794957,0.644606673712819,0.727223312698173,0.0,0.0,0.0,0.0,0.0,0.0,0.0,0.0,David Paravyan,3147.0
18.13114610922156,146.62417993888744,-66.79980256213248,-12.721705850191363,-15.476364873522574,4.0,-12.76617696136559,-34.52252076336275,-10.521221588690151,15.20818747499994,0.23379999999999995,0.5307999999999999,17.2,0.0198,0.0,0.29344968863831633,-0.24961479198767336,1.306191730631315,0.5181790706260669,0.7525832142127833,0.8375944455789259,0.4180174925170553,0.5788541629421714,0.7194492254733218,0.49589132795435287,0.9495798319327731,0.6103089196596627,0.8069293009771791,0.6648067216676854,0.46892589174501487,0.6529030147740282,0.8799743626264064,0.9341261928500213,0.00677966101694914,0.0,0.0,0.0,0.0,0.0,0.0,0.0,David Paravyan,3147.0
18.08003081256093,153.56795421446023,-48.87055621259051,-13.457015273882746,-10.30871034761212,4.0,-1.6684351792785528,-29.782574052453572,-10.421961652805027,12.7681402934415,0.1924,0.26180000000000003,22.0,0.046,0.0118,-0.00696917540291034,-0.01053356282271942,0.9448122961375972,0.6024745134383689,0.6675977510861232,1.0,0.48138133931073135,0.6194327527333972,0.605147100028019,0.5704263206672846,0.6276856878061696,0.7145385939361842,0.7888039867109635,0.29235427783200263,0.4428739542889164,0.8268767377201112,0.9095604395604395,0.7772686349794784,0.0,0.0,0.0,0.0,0.0,0.0,0.0,0.0,David Paravyan,3147.0
20.307382877753845,178.90091360066145,-78.02210010869456,-16.709807106991676,-13.713511135918122,4.0,-6.155375572042964,-47.646308766611305,-11.176505551808418,13.379408024677925,0.20199999999999996,0.48040000000000005,19.0,0.1186,0.010400000000000001,-0.008363552190383617,-0.0805291442744936,1.1003359974277709,0.7656544256120528,0.8610169491525423,0.6813079141719125,0.4466999320195154,0.6466076500587425,0.5710496531580869,0.4668663353980896,0.8958333333333333,0.6133119940323329,0.724365507373982,0.5916182044194092,0.4438637034011753,0.6697657295850067,0.9169491525423729,0.8671280602636535,0.00816854990583802,0.0,0.0,0.0,0.0,0.0,0.0,0.0,David Paravyan,3147.0
18.14142676774062,157.51554768057528,-66.78183879000972,-16.91488986546511,-10.376036772576311,4.0,-1.4116212710437286,-42.91775052298523,-11.121140318494206,11.959599960554861,0.22719999999999999,0.5626000000000001,15.4,0.0408,0.0084,0.049855224542293165,-0.18287103294006188,1.3255375495803476,0.612399266636914,0.7907990314769975,0.5414466481662312,0.49876023946915937,0.6999826225559692,0.5935539347464358,0.530457735385473,0.9514018691588785,0.8055907877169559,0.760711739947048,0.4629971858970222,0.6050909170303147,0.6638718661397986,0.6017901792690822,0.6891726943942134,0.00357142857142856,0.0,0.0,0.0,0.0,0.0,0.0,0.0,David Paravyan,3147.0
18.382091695226652,158.77804150620074,-49.46098474338284,-15.874868388510052,-8.880919114297576,4.0,-3.1278819824753556,-28.411365623785464,-11.279040340246617,14.113090705932233,0.2084,0.23579999999999995,18.8,0.10859999999999999,0.0124,-0.09343859308200544,-0.14936473165388825,0.8438857629933223,0.6025225903614457,1.0,0.8040563866513233,0.5431671546966224,0.5137658540366071,0.3571938973138683,0.5816329154835495,0.8686746987951807,0.8179901423877327,0.975,0.3809819455243676,0.22650502048754162,0.6170429622146455,0.8538285951442208,0.8369528747903004,0.0,0.0,0.0,0.0,0.0,0.0,0.0,0.0,David Paravyan,3147.0
18.80909726181335,173.1196927026672,-58.44238572421141,-15.552048659694536,-11.020701118054786,3.9949088149542367,-4.979937465742256,-33.11052107611242,-10.716864816813874,12.942778597252223,0.2246984711211778,0.3838816534541336,20.26925254813137,0.0727327293318233,0.0089354473386183,0.106286515416516,-0.2518207328218471,1.274551239036944,0.6446250876991085,0.8772984745484448,0.7916956088047815,0.5963490397712263,0.5812721529794476,0.4617398689596579,0.5274793038292378,0.8847712134568152,0.8586998719384994,0.8303435003080978,0.5097983880702807,0.3961251988213034,0.6423362820464227,0.7620968847340307,0.8212055771823619,0.0606371989174831,0.0311329274535197,0.0298507462686567,,,,,,David Paravyan,3147.0
20.550557153967056,191.10058924200985,-43.9507494548671,-16.13375011845128,-10.74714276866006,4.0,-0.9481424797325781,-21.717255982197997,-10.405569056278244,12.001110950453054,0.2162,0.4902,20.4,0.07039999999999999,0.0106,0.12216804233530372,-0.527737613263929,0.7314206474465171,0.7587867975022301,0.9128205128205128,0.7954880029277889,0.37779264928239054,0.43772736927063416,0.685054945054945,0.6090409204236145,1.0,0.8098881493172305,0.9119651890570714,0.6733273862622658,0.3376859835200602,0.724505069714704,0.6983112932265475,0.9322033898305084,0.0,0.0,0.0,0.0,0.0,0.0,0.0,0.0,David Paravyan,3147.0
22.894416329284752,222.4822874493927,-48.275336632656895,-16.047402159244264,-10.195773542238532,3.991666666666667,0.021508097165992,-26.64895411605938,-10.319838056680162,10.923456477732794,0.185,0.504,18.0,0.033600000000000005,0.0,0.3167425775978408,-0.06464237516869091,1.8748144399460187,0.9116228070175438,0.8707236842105264,0.8807287449392713,0.8708333333333332,0.565109649122807,0.5899898785425102,0.6646862348178137,0.9552631578947368,0.9605263157894737,1.0,0.4275354251012146,0.5072419028340082,0.8621710526315789,0.8979166666666668,0.9119078947368422,0.0,0.0,0.0,0.0,0.0,0.0,0.0,0.0,Ediz Gürel,3250.0
18.96754644634539,192.58775215627935,-63.25832986699336,-12.479818642296726,-13.523797075607837,4.0,-3.7475824876467785,-38.489756566246925,-9.455327825301525,10.437952730106442,0.17,0.5539999999999999,17.8,0.0722,0.0184,-0.08722836193613517,-0.05911836069638522,1.1832226413757683,0.9137931034482758,0.9477533960292582,0.9243697478991596,0.6976870999183372,0.6970250169033131,0.7053704240316817,0.4719448908089882,0.7461903883810578,1.0,0.8559644547474162,0.48962092674060215,0.6547377571718342,0.6292580982236154,0.7770114942528735,0.8770114942528735,0.0191925045880421,0.0,0.0,0.0,0.0,0.0,0.0,0.0,Ediz Gürel,3250.0
19.448395473574045,192.92243916797486,-58.40754936904555,-16.14119570905285,-10.916878908553654,3.991666666666667,-0.1980540293040293,-33.79270996860282,-10.634407378335949,9.2840299581371,0.2204,0.5656000000000001,17.6,0.036199999999999996,0.0,0.11056318681318685,-0.09564102564102563,1.6704670329670328,0.8181410256410256,0.8366346153846154,0.8846153846153847,0.7245748299319728,0.48000784929356355,0.657918192918193,0.6665223268794698,0.9584615384615385,0.9387755102040817,0.8444444444444444,0.7370181405895692,0.6487724577010291,0.41255145648002783,0.8273809523809523,0.7978963893249607,0.0,0.0,0.0,0.0,0.0,0.0,0.0,0.0,Ediz Gürel,3250.0
19.601929590017825,189.12514557338088,-60.23967655117603,-15.71631016042781,-11.053743693184346,3.994117647058823,0.1734254307783719,-36.387269756387404,-10.143694295900179,8.893798276886512,0.23420000000000002,0.39580000000000004,17.0,0.06240000000000001,0.0,0.22242572786690434,-0.2883333333333333,1.7208957219251335,0.7919411691651326,0.9264705882352942,0.7963757634201222,0.6826037009438648,0.7811133879781421,0.5469214200831847,0.5944852941176471,0.9645833333333332,1.0,0.8795454545454545,0.4326685977421271,0.5962752525252525,0.6290414389799637,0.7206179441473559,1.0,0.0,0.0,0.0,0.0,0.0,0.0,0.0,0.0,Ediz Gürel,3250.0
19.75881565519761,170.97014528450063,-54.74105854814261,-17.15149358094062,-9.509439693704284,3.9714285714285715,-1.0364056417169565,-31.8301033306876,-11.5732336562811,12.38818878375938,0.20179999999999998,0.42519999999999997,27.4,0.0718,0.014800000000000002,0.16502704530087894,-0.2760143037724835,1.1099737946152974,0.6211857902527275,0.8374339857098478,0.9027027027027026,0.5340855341733305,0.4225741737251347,0.4173674576232516,0.6291955373664518,0.8529667598633116,0.8482765374069722,0.7395775085430257,0.47298056059410676,0.3392891089751614,0.6109725207633233,0.7041920216362406,0.6374144803591845,0.0057471264367816004,0.0,0.0,0.0,0.0,0.0,0.0,0.0,Ediz Gürel,3250.0
18.717473286875723,155.46587901664734,-60.98376111177502,-15.047057684862562,-11.126699265085115,4.0,-3.5097822299651567,-38.043999709639955,-10.692092334494774,13.43587011227255,0.2162,0.466,17.4,0.054400000000000004,0.0062,0.272031746031746,-0.5864558652729384,1.586102787456446,0.5852509494595383,0.9595092024539877,0.6968546109650404,0.4362359784942929,0.5756304565093716,0.3918096570670029,0.5678254942058624,0.8634162092347435,0.7396673175781991,0.7599182004089979,0.7653715064758009,0.33869125779684384,0.6862128839481116,0.8675820430421657,0.9524761904761906,0.03926380368098158,0.0,0.0,0.0,0.0,0.0,0.0,0.0,Ediz Gürel,3250.0
17.48002044252044,173.66780002405002,-49.572100476303646,-14.763888888888891,-11.030373684576844,4.0,-1.4146374458874462,-27.23124098124098,-10.2696158008658,11.137656325156325,0.23579999999999995,0.3278,13.6,0.0696,0.003,-0.11058501683501683,-0.6632996632996633,1.8146224146224146,0.7676539589442816,1.0,0.6518513980778131,0.8269841269841269,0.460999754962019,0.47986547502676535,0.4555677898891532,0.9424242424242424,0.7863636363636364,0.9287878787878789,0.694818693850952,0.6336329647224351,0.3327126143620361,0.685581438241207,0.8189945274850935,0.0,0.0,0.0,0.0,0.0,0.0,0.0,0.0,Ediz Gürel,3250.0
18.741660339660342,182.37488328338327,-80.39046801974482,-16.207502497502496,-12.580612208888995,3.994871794871795,-8.064701132201133,-49.11519896769897,-11.197301698301697,12.779976689976689,0.17279999999999998,0.5826,26.2,0.11739999999999999,0.023799999999999998,0.003996170496170537,-0.2511958041958041,1.3439109224109225,0.7009695464579571,0.7936275401880497,0.7142764945856859,0.5712760407679103,0.7407969021424435,0.7969612526539278,0.23437692727612372,0.7865423111919927,0.7188146248655802,0.7257779799818016,0.3456820523720595,0.5002823213575839,0.44812515532793296,0.6642262984410874,0.9337579617834395,0.0014285714285714201,0.0,0.0,0.0,0.0,0.0,0.0,0.0,Ediz Gürel,3250.0
20.228057329594886,187.00054419604209,-63.3701739221106,-15.940680083867944,-11.87227007204408,3.9941684843497134,-3.608384405511452,-36.688046407304434,-10.620002268004644,11.365040830272228,0.2138367346938775,0.444603498542274,18.62390670553936,0.0747142857142857,0.0103790087463556,0.1089266403508477,-0.2171238091995364,1.5377443801233863,0.7606974509141529,0.8468712807075509,0.7713574783132009,0.616661680982856,0.6272668218978938,0.5405673556078379,0.5640553917670312,0.8804555158769297,0.8568135632783662,0.8057373924084142,0.6241410133439373,0.4553988122215728,0.5646112361068852,0.7849580152566743,0.8453828085430459,0.0437080423031672,0.0678343670754903,,,,,,,Ediz Gürel,3250.0
18.413950111410458,164.42101387276287,-54.08101976270488,-15.300220942160498,-8.969845838388839,4.0,-4.8947878504356845,-28.727742989407552,-10.824447644598752,10.63602550228645,0.2306,0.5176000000000001,18.4,0.0772,0.0,0.3358230095478576,-0.04693254876321236,1.7780564041287625,0.5538739558792033,0.920212215320911,0.8585869565217392,0.6139699792960662,0.6031783146888094,0.538745737021599,0.8288177339901477,0.8666666666666668,0.8179802955665025,0.9785714285714284,0.6539749356091186,0.47975888429411667,0.604132823698041,0.6274964303562505,0.7171059113300492,0.00172413793103448,0.0,0.0,0.0,0.0,0.0,0.0,0.0,Ediz Gürel,3250.0
23.51585988599107,222.7740594263308,-58.65691643243021,-16.087886002053917,-10.321144373404767,3.9708333333333328,-4.275378176296466,-30.16007154389838,-11.486290137898086,9.703020467788084,0.252,0.3124,15.0,0.0712,0.012199999999999999,-0.024968902911181767,-0.02917771883289124,1.4206390348781652,0.9094736842105263,0.8115278487480838,0.7815144446172417,0.6905326284226307,0.7503461861302358,0.45338940647203224,0.6779520561640486,0.9864077669902913,0.8854368932038834,0.7015858192518456,0.6351930830701155,0.29654593245022864,0.7468977212977569,0.7468628281669079,0.7541735723860092,0.0,0.0,0.0,0.0,0.0,0.0,0.0,0.0,Ediz Gürel,3250.0
23.227823167429726,192.20901121004664,-62.76669664109458,-14.198677281194469,-10.706060017162361,4.0,-3.698933163729568,-40.17306808130182,-10.092618462989694,12.102660365283317,0.23080000000000003,0.6026,16.4,0.0652,0.0,0.0650318705802577,-0.21170080498266639,1.7330975713947687,0.7428238482384824,0.9217837837837838,0.758650009568971,0.5859837398373984,0.5534824580678238,0.5139925669178227,0.6519687271850922,0.914,0.8784816523840913,0.8355803120193365,0.7631827956989248,0.41230021051736243,0.3317676086787023,0.9121951219512194,0.967479674796748,0.024,0.0,0.0,0.0,0.0,0.0,0.0,0.0,Ediz Gürel,3250.0
18.3245778312382,170.35949546438445,-60.782360588675566,-16.76357879248763,-11.20615212071462,3.9972602739726026,-5.2374068538924465,-33.96984762993266,-11.429437194831621,13.826801729210796,0.19899999999999998,0.558,23.2,0.0446,0.0114,0.033751883449568844,-0.13266902205022185,1.6722909966745583,0.6440825840825841,0.7817791732077447,0.760465724751439,0.7025110357622673,0.46842392418747103,0.4497084032552013,0.4143665857951572,0.8786656200941916,0.8560606060606061,0.7163007271874267,0.4319169172371143,0.5120851234151728,0.5260430046144331,0.6711916490734225,0.8032705389848246,0.00857142857142856,0.0,0.0,0.0,0.0,0.0,0.0,0.0,Ediz Gürel,3250.0
20.493113641457676,186.43716199219406,-51.496574162378046,-16.484841075341716,-11.197418364531622,4.0,-4.966983052605646,-23.70901959258827,-10.51192515657214,11.373613079261347,0.193,0.5654,15.8,0.077,0.0092,0.11933071777744435,-0.13132961746568933,2.004023584460042,0.6790008634873608,0.9894736842105264,0.8587321403800805,0.6751541633564105,0.7074118210822331,0.7302272013783939,0.6528359475513947,0.9552631578947368,0.9332535885167464,0.7594673325010403,0.6138236295539665,0.6553913114888725,0.7597747826303596,0.9662921348314606,1.0,0.01886530725482036,0.0,0.0,0.0,0.0,0.0,0.0,0.0,Ediz Gürel,3250.0
15.887206839492553,157.57517870932156,-77.99610039479296,-16.81333701047987,-13.878194713601568,3.974285714285714,-3.502832322118036,-45.6553943739658,-11.374378378378378,9.253750689464976,0.21719999999999998,0.2144,19.8,0.09960000000000001,0.014800000000000002,0.22970490899062326,-0.3093061224489796,1.3907137341423055,0.45585245514579426,0.8453900709219859,0.7686022689356022,0.7603763110189227,0.6756388827959348,0.3471556682806957,0.4327935086508604,0.893,0.7146038984074371,0.8607304964539008,0.5056324703002337,0.2311965622857631,0.5674280731707799,0.7179154054251663,0.7818464634847613,0.0288405243731704,0.0,0.0,0.0,0.0,0.0,0.0,0.0,Ediz Gürel,3250.0
17.280788330514913,138.687508628859,-80.52622108628306,-17.27002099518826,-13.83323466371608,4.0,-8.04815247959709,-48.17192018662844,-12.37849514741563,15.17560238626245,0.1694,0.41079999999999994,26.0,0.08879999999999999,0.0062,0.2198588083801028,-0.2959537288924834,1.1671612687792563,0.4201485133854536,0.8260416666666666,0.8698412698412697,0.4306258884150675,0.7642857142857142,0.470842918864325,0.25476977580767834,0.704835199004975,0.7255012141672589,0.5039179104477612,0.3112761303133455,0.3269367448471926,0.6445199597251836,0.7692756455816158,0.7925595238095239,0.0,0.0,0.0,0.0,0.0,0.0,0.0,0.0,Ediz Gürel,3250.0
17.645665902724726,163.7423074931051,-68.22508993654694,-17.765778853914448,-12.593460323222399,3.980392156862745,-2.142395756453583,-41.30262070930067,-10.595250223355906,12.194023772837332,0.22560000000000002,0.46820000000000006,22.8,0.08159999999999998,0.0073999999999999995,0.11819511163479257,-0.16370697431514974,1.3036397733207306,0.6059807955585474,0.7862517680339463,0.5231334817714787,0.42036502489445643,0.5225867094614318,0.4359894990353614,0.6854599285594419,0.8747742486825238,0.8942130750605326,0.5998804576369899,0.5638648411202037,0.41292737385118655,0.49042590820825416,0.7325851870901376,0.8312710556769962,0.01428571428571428,0.0,0.0,0.0,0.0,0.0,0.0,0.0,Ediz Gürel,3250.0
20.02735773777859,194.71401673715627,-85.36692029085069,-16.75321215930476,-13.459660208289923,3.9958333333333336,-5.525429752794976,-52.21988552895308,-11.114988950165161,9.710422975323894,0.21760000000000002,0.4732,21.2,0.10900000000000001,0.0088,0.13388169720818732,-0.09719426485163452,1.2468475827133636,0.8602627257799671,0.6614891384458643,0.6989515761921019,0.6353092636849891,0.6436866962558325,0.6990236523652364,0.47420221701973153,0.7816797135378561,0.8544608648056924,0.6928496913730782,0.48564654495006143,0.42160435871173324,0.5536061795834756,0.7632013201320131,0.8501308751564812,0.0,0.0,0.0,0.0,0.0,0.0,0.0,0.0,Ediz Gürel,3250.0
20.8815599037952,199.91735118829234,-62.87300699811918,-16.809578084872204,-10.847601103536817,4.0,-2.92442297501121,-37.761097386979735,-10.549462394521218,12.019154946802008,0.209,0.40119999999999995,18.0,0.0752,0.0112,0.15369247075129427,-0.02106722106722104,1.4849373445844034,0.8712712712712711,0.8650769230769232,0.6499771356914213,0.7571032571032571,0.5390992499563929,0.30945541459827175,0.5270638424924139,0.9460740740740741,0.8366528286528286,0.8731972789115646,0.5278167335310192,0.3620545443402586,0.578938938938939,0.7028783068783068,0.7568001470858614,0.01088435374149658,0.0,0.0,0.0,0.0,0.0,0.0,0.0,Ediz Gürel,3250.0
18.55529350018712,167.50997377316526,-64.83453857456627,-16.512665248835464,-11.86801372144567,4.0,-4.742027437772118,-37.51085477574839,-10.394726306853967,12.193748916089342,0.21539999999999998,0.5444000000000001,15.0,0.0874,0.0054,0.13427752980944468,-0.5946932342677024,1.1425813351345266,0.6525205525892025,0.8736842105263157,0.7611594202898551,0.607981126796211,0.622596598040001,0.29490689366523976,0.44535271737679183,0.8607780320366132,0.8876712328767123,0.8874597452535449,0.7148148148148148,0.36082940625337406,0.8041904990787471,0.6280929774638435,0.7191889143147725,0.0,0.0,0.0,0.0,0.0,0.0,0.0,0.0,Ediz Gürel,3250.0
18.710424446771036,185.76657548086658,-57.4185580390092,-16.44082723977698,-11.561101641942905,4.0,-0.8317161708009418,-32.966075081041325,-10.596872020202852,10.978034114755795,0.24300000000000002,0.4144,16.2,0.0834,0.008799999999999999,-0.03656019316184356,-0.10765292055614635,2.7300631934540407,0.8746164619694031,0.8692307692307691,0.6611058401855365,0.5496965800381359,0.4576805147203629,0.704953314659197,0.4141464691749322,0.9638888888888889,0.9134615384615385,0.9045108117688763,0.8338709677419356,0.5882525317819435,0.46504537629774817,0.8555228758169935,0.6543545259294785,0.0038461538461538403,0.0,0.0,0.0,0.0,0.0,0.0,0.0,Ediz Gürel,3250.0
18.95606789431893,177.04879590131569,-62.26154618590002,-15.518090946192832,-11.514689047822236,3.9973302386775087,-5.746848884597318,-35.361522017059585,-10.716774205711488,12.59904867680592,0.2207370753323486,0.422122599704579,19.59084194977844,0.0670886262924667,0.0092289512555391,0.1095654060705569,-0.3034425442168701,1.332805005015196,0.6782857539722946,0.8672669318775859,0.8134567701720207,0.5973629601192267,0.5742301994154189,0.5253439567232161,0.4970521014722014,0.870610484342679,0.8546506090500314,0.7959670218728169,0.549482188600465,0.3618247957975286,0.6252886026904877,0.7500222523965207,0.8277136082349549,0.0593871666390635,0.1301322041038772,,,,,,,Elham Amar,3016.0
16.00554264318828,156.54034376286182,-63.36298864477082,-16.611871493031742,-12.762055419168291,4.0,-5.609080258000401,-33.720712890136376,-12.152326116926224,13.49305753249221,0.18719999999999998,0.36779999999999996,25.8,0.1066,0.0,0.22886576047587465,-0.03592637588013218,0.9880499007391474,0.5035155329312415,0.8989831266063246,1.0,0.4356571176911931,0.41527076402133095,0.5069433418690976,0.36223487718922626,0.9223942208462332,0.6610025907781818,0.766988471553556,0.27500288751102187,0.13206826545569614,0.7942553555112959,0.7685975429394016,0.9029411764705882,0.0127388535031847,0.0,0.0,0.0,0.0,0.0,0.0,0.0,Elham Amar,3016.0
16.936027022796946,183.1035576597873,-71.46460420927872,-15.940917202769024,-11.758782686388232,3.992982456140351,-5.399248287350862,-41.33473408063843,-11.138172466646518,10.114268058373991,0.2192,0.35039999999999993,24.4,0.0546,0.010400000000000001,0.2389961393434365,-0.42878608796396234,1.4567729696472518,0.7074244071030347,0.7743421052631578,0.8031446540880502,0.3624612456896214,0.39554386341710956,0.4668029098433526,0.561566817709107,0.6291460921841077,0.9226415094339622,0.7727604113723621,0.6585546352696479,0.2520566330392264,0.6089522386147589,0.8207172658842172,0.8530675853018372,0.0,0.0,0.0,0.0,0.0,0.0,0.0,0.0,Elham Amar,3016.0
20.15422837856252,193.98236690670106,-63.85806790791744,-15.968655772529866,-11.86413474485595,4.0,-2.865433127539665,-38.09130973053491,-10.503189801858083,11.43465526940103,0.19960000000000003,0.48319999999999996,17.4,0.048,0.0094,0.028384676931892422,-0.04633851486151724,1.7487684407781263,0.8561943036868775,1.0,0.7362437497462834,0.6884162258616217,0.6031042706169388,0.48293510855541255,0.49589751260640647,0.9402061855670103,0.9796610169491526,0.8924499229583975,0.3104493740480111,0.47580187688522474,0.8734320901366157,0.8433688624847108,0.9532426013292692,0.0,0.0,0.0,0.0,0.0,0.0,0.0,0.0,Elham Amar,3016.0
19.530613000965875,188.63797912118446,-48.513802929580166,-15.904465526138216,-12.368365440330507,4.0,-2.4014781883856635,-22.56094920546712,-10.781475806771724,11.502931237513065,0.2434,0.34859999999999997,17.2,0.043800000000000006,0.0034000000000000002,0.01848116540308816,-0.24260792018947058,0.9704973074531285,0.7820049220021434,0.9098360655737705,0.7528718294764418,0.5787686677894276,0.6372876630507718,0.6313797483427936,0.4237364687469875,0.8142522582803613,0.8649069185884969,0.7813116077217217,0.6402333981661572,0.4682855025866973,0.5857493483639635,0.6272727874144934,0.7846088199102925,0.0,0.0,0.0,0.0,0.0,0.0,0.0,0.0,Elham Amar,3016.0
20.220542416601454,203.25637806857372,-64.55809736698518,-16.16285540387792,-10.828821289542635,4.0,-1.995752180969771,-39.230124916673915,-11.413223850099993,11.072680274179058,0.24699999999999997,0.44020000000000004,19.8,0.0624,0.008,0.021921282207344295,-0.19858490566037737,1.4268610700518796,0.798095238095238,0.8118169398907102,1.0,0.6360080015612801,0.5549463309914129,0.512577088212334,0.5898975409836066,0.8941071428571428,0.9790476190476192,0.8451649102263857,0.5383713895394223,0.4873507025761124,0.6134592115534738,0.8085119047619047,0.9270833333333333,0.0019047619047619,0.0,0.0,0.0,0.0,0.0,0.0,0.0,Elham Amar,3016.0
18.166590841870345,158.36585948213275,-72.89765984152857,-14.752838052216934,-11.334316559551741,4.0,-7.097470714240901,-46.30468392890753,-9.713780215643569,12.305429629032114,0.23559999999999998,0.4911999999999999,18.2,0.08080000000000001,0.0,0.35169548188181726,-0.4308730606867253,1.7590142776478177,0.571117193906425,1.0,0.8791979949874686,0.7216660699367465,0.5731252093367057,0.40035234014375415,0.46141528937551257,1.0,0.9699248120300752,0.9415312474735226,0.7351275269587179,0.26893901420217203,0.6068593141840777,0.7555582504648719,0.9157894736842106,0.0,0.0,0.0,0.0,0.0,0.0,0.0,0.0,Elham Amar,3016.0
16.35121631057115,157.5986221663641,-65.22719474070253,-14.519983242563887,-12.241071759740842,4.0,-7.697821533305405,-35.49317134478425,-11.319307359307361,12.044160498999208,0.21739999999999998,0.47620000000000007,23.8,0.076,0.0,0.24742726807242935,-0.2605353069869199,1.0454173067076291,0.48780323589476937,0.7164721046743519,0.878569696969697,0.4819546876081137,0.8656,0.35313175724418,0.3896732462873941,0.9328,0.9368808988764045,0.6357252971009577,0.3150830386472735,0.49165114322297415,0.5688397410681316,0.686397381908064,0.8979809523809523,0.0,0.0,0.0,0.0,0.0,0.0,0.0,0.0,Elham Amar,3016.0
20.737653714926804,191.57864641072314,-59.99508174705748,-15.914122606485662,-12.167201046757752,4.0,-6.87477182100133,-31.93743754586618,-11.523276959486475,14.421728232539909,0.23979999999999996,0.5932,18.4,0.05500000000000001,0.0134,0.08635074127597117,-0.31250842365756404,1.3898698879170692,0.8371785230861783,0.7630470747480824,0.7664626073910678,0.4566129143580818,0.530046326817055,0.5529860185547757,0.4165280396679318,0.6079294216822955,0.7806587456760414,0.654959290769187,0.6427443837279903,0.6592257319735136,0.880593708462561,0.817474651168941,0.7911690454178046,0.011711405595197639,0.0,0.0,0.0,0.0,0.0,0.0,0.0,Elham Amar,3016.0
21.062489247113046,202.70922639763418,-50.2232630218054,-16.31632407998315,-10.89022763466664,4.0,-2.6588569655720073,-26.019947884600235,-11.06885858915479,12.730952132171426,0.2182,0.2986,17.4,0.0512,0.0,0.1090951071216342,-0.4573494019803423,1.118396403898099,0.8209619686800895,1.0,0.8324521453913514,0.5903200971367086,0.4713762828332714,0.4550404033109515,0.7458034472556835,0.9084340044742729,0.9624161073825503,0.865771812080537,0.6843617871311461,0.37106015368244877,0.7250926937550942,0.706083452981179,0.7633256536111389,0.0,0.0,0.0,0.0,0.0,0.0,0.0,0.0,Elham Amar,3016.0
19.651374102117813,183.2417356552368,-57.003232656779986,-16.871202683559666,-10.627328074525277,4.0,-0.091908310729821,-33.778501041086855,-10.59814459768693,10.963852050808573,0.1992,0.4032,19.4,0.06699999999999999,0.0128,-0.1021690536564678,-0.41420516626466275,1.4508883106709192,0.6956988951794647,0.8985507246376813,0.8420242531795328,0.6301858642649056,0.6979386367859955,0.5754658385093168,0.45975096125406684,0.8666666666666668,0.8054225984352957,0.9738095238095237,0.753289726818007,0.2865020455277147,0.4418345674553007,0.8555625790139064,0.8879177758059745,0.0,0.0,0.0,0.0,0.0,0.0,0.0,0.0,Elham Amar,3016.0
17.703144894321365,166.35887955182073,-65.55869199122651,-14.780290297937356,-11.723079564437608,4.0,-9.310707919531449,-36.01880570409982,-11.033231474407945,13.307422969187675,0.24700000000000003,0.4734,23.8,0.0728,0.013000000000000001,0.16536796536796536,-0.11970460911637378,0.9691189202953909,0.6147058823529411,0.4978380812140403,0.8595798319327731,0.5540607758254816,0.6397868712702472,0.461669711362806,0.5985137085137084,0.7314348084424811,0.5753940943966519,0.6322108553566353,0.5057989098142551,0.2919664677465189,0.7429785247432306,0.8029411764705883,0.8833333333333332,0.0,0.0,0.0,0.0,0.0,0.0,0.0,0.0,Elham Amar,3016.0
17.261161638457192,157.10311023266547,-73.75459083778016,-16.499412232912952,-13.167858530154723,4.0,-4.683573958322882,-45.3448182018842,-11.309545780618233,13.250617866112842,0.19480000000000003,0.36699999999999994,26.8,0.067,0.0024000000000000002,0.014039272539989902,-0.11056509248761756,1.1716863898894028,0.5549406764055902,0.7777336701551787,0.6584521966681409,0.6002773477812177,0.5084659701935196,0.2508202503856505,0.39954813720186755,0.7756044749188018,0.6931527381698562,0.6539080921357888,0.4201314709257642,0.5858939628482972,0.5006665040895273,0.5918851760770648,0.7936454682850627,0.01226993865030674,0.0,0.0,0.0,0.0,0.0,0.0,0.0,Elham Amar,3016.0
19.411312345934988,179.84149837583797,-49.227188521637764,-14.530902849770774,-8.98601359593453,4.0,-5.759888382058193,-27.30130566498491,-10.340824175824176,13.691746146934827,0.22820000000000001,0.3834,18.2,0.07060000000000001,0.011,0.06745812887322322,-0.3178339899094616,1.0867317483355219,0.6738401983555307,0.7748507923441037,0.936283185840708,0.8192498946481248,0.6379761659757544,0.5919390625153127,0.46055916528647545,0.8474994854908416,0.9044247787610619,0.853200442967885,0.4996753202206999,0.3675197718519389,0.5998665542913331,0.7546776232616941,0.9071428571428571,0.00155038759689922,0.02170542635658914,0.0,0.0,0.0,0.0,0.0,0.0,Elham Amar,3016.0
18.769726694070958,192.04634704093718,-55.783463817166805,-16.413820059721697,-10.175512833724026,4.0,-2.510678256170059,-32.0078773685331,-10.817077512651284,12.14150221363336,0.24780000000000002,0.46180000000000004,20.2,0.11520000000000001,0.024399999999999998,0.09045943127910343,-0.7418988115709427,1.0937687176211766,0.7317300916138125,0.8150676727751828,0.8841836734693878,0.6474912759645469,0.6030475970481617,0.46667035740250185,0.5636206741008916,0.6123457899149598,0.695844927814778,0.7808493984796954,0.6257758901637016,0.39014815838677014,0.779695028116955,0.7229755269395861,0.8045860839050208,0.02272727272727272,0.0,0.0,0.0,0.0,0.0,0.0,0.0,Elham Amar,3016.0
21.281675084801105,202.81778570128338,-58.09804402691451,-13.63165898516326,-10.865107610213668,4.0,-5.4326059101890944,-34.24057052073439,-9.964862784762786,12.036761784148691,0.1942,0.37859999999999994,16.8,0.11580000000000001,0.054000000000000006,0.19551469614324074,-0.45962022420498744,1.4611122703605879,0.8462365591397848,0.8408602150537634,0.7813574961246033,0.5705260697325361,0.700569621810487,0.6478912920449792,0.7383550160403669,0.869637804187889,0.8151386530843236,0.7150537634408602,0.5736373748609566,0.43704756280603324,0.6404308456976944,0.9026315789473685,0.9150537634408602,0.02150537634408602,0.0,0.0,0.0,0.0,0.0,0.0,0.0,Elham Amar,3016.0
14.246282543747332,135.72455256793285,-49.096701003519925,-13.982074263764407,-10.598596009921966,4.0,-8.023346137430645,-22.06599800825153,-11.409372599231753,12.98268601508038,0.1176,0.4218,22.2,0.047,0.0,0.1432323232323232,-0.28323232323232317,1.2563807084933845,0.4515067008491644,0.8785012285012286,0.860362667404921,0.5263605906824333,0.5844614048333603,0.5288006981805131,0.40401794753207093,0.8595698024691878,0.8450346697175737,0.8009182164812078,0.6307997395461407,0.343777693695988,0.7354914014473581,0.626989527993341,0.6968137229128591,0.0,0.0,0.0,0.0,0.0,0.0,0.0,0.0,Elham Amar,3016.0
15.154330698066127,141.9614596728232,-44.21875257477105,-17.774888489119988,-7.996575696199486,4.0,-4.698091044824578,-21.08080663350384,-12.70465307530637,16.03626236418321,0.2218,0.19660000000000002,28.8,0.12940000000000002,0.0194,0.20405356277408324,-0.1671933837073441,1.117061894161379,0.4075874368188172,0.6703018394192457,0.8185120604475443,0.4994568562029844,0.493630967940107,0.2731983385384283,0.43635080953294764,0.8251014564589152,0.7465234843489306,0.6261420582200016,0.19543061930464842,0.17831043228133997,0.5088096905455387,0.7195461409392017,0.6049077495112888,0.02150537634408602,0.0,0.0,0.0,0.0,0.0,0.0,0.0,Elham Amar,3016.0
20.612993381634496,176.18200935297335,-52.13110613030534,-15.88942352008554,-9.318646765348884,4.0,-3.3693564146525814,-29.573140005776473,-9.727806352893461,11.747266928451598,0.23620000000000002,0.379,17.0,0.0536,0.005,0.10087630354761598,-0.49930006329541754,1.3097020199226934,0.70265445388656,0.8051911349100104,0.7752355142599046,0.6951356261096967,0.4375701356390664,0.6591332829428067,0.8979087931468884,0.8462144875799495,0.9987654320987656,0.845679012345679,0.7756823211212196,0.25913477111439687,0.49364900932565325,0.5984460749178154,0.8072869617585064,0.00240963855421686,0.0,0.0,0.0,0.0,0.0,0.0,0.0,Elham Amar,3016.0
18.010584677419352,156.23945596603065,-53.738638153508745,-13.888626251390434,-9.81518688286615,3.996551724137931,-6.317834452810816,-33.12854961709591,-11.119789616668092,16.534796943184737,0.22360000000000002,0.36819999999999997,19.8,0.0666,0.0032,0.13554644048943268,-0.31421023359288097,1.1782675194660734,0.5699077413584165,0.86875,0.8573643410852714,0.3813669130423631,0.6646934570181007,0.37200267614980664,0.4071125954565565,0.769154007251813,0.7193808067401466,0.7259042324683735,0.6638832985489962,0.18264101201582444,0.7250778439802258,0.7103735869864901,0.6855381112906432,0.040771901709401696,0.0,0.0,0.0,0.0,0.0,0.0,0.0,Elham Amar,3016.0
16.391697746697748,160.81503108003113,-67.47339220127316,-15.603638953638955,-11.883414863795815,4.0,-4.056313131313131,-42.35275187775188,-11.344283216783216,13.767009842009841,0.2312,0.4236000000000001,19.0,0.1002,0.026000000000000002,0.02106513856513854,-0.1793136493136493,1.1013597513597513,0.6217670011148272,0.9660377358490566,0.7419456278151931,0.501293232814972,0.6726092552179509,0.31459287355513765,0.3690797996171253,0.7447929176190046,0.8107216031129074,0.7309002530700643,0.36272868116592477,0.34917057183258987,0.4999927902101815,0.6831218820349254,0.6366208898817594,0.0,0.0,0.0,0.0,0.0,0.0,0.0,0.0,Elham Amar,3016.0
18.162797160466653,175.25285989434292,-68.01749370105246,-17.479727052608407,-10.582306233153128,4.0,-5.805464450803434,-42.13134676058405,-11.242142306845695,15.223493102942257,0.2648,0.24580000000000002,20.0,0.128,0.009,0.15875981363269498,-0.06392251815980628,0.9040677966101696,0.6925223284372465,0.9379310344827587,0.756254640410381,0.3877595765578481,0.5384491081013769,0.41913392771611696,0.599757051287802,0.8901954747416209,0.8081135902636916,0.6644683724646558,0.25213541545367096,0.12037305852013222,0.5764982891890933,0.9133496436549304,0.7400016003808874,0.00481927710843372,0.0,0.0,0.0,0.0,0.0,0.0,0.0,Eltaj Safarli,3007.0
21.409738528807686,195.12679443168207,-46.20454246008453,-13.216297334476499,-11.348199012130346,4.0,-3.0781557538196,-26.178598186330895,-9.246266250409814,12.862974077082626,0.21760000000000002,0.4864,23.6,0.1758,0.0086,-0.036403340269695675,-0.1463513119188637,1.131731548130731,0.8234899328859061,1.0,0.8178449940240876,0.642751677852349,0.7641541274657023,0.6642136530993752,0.4891871737509321,0.942063492063492,0.9222520507084265,0.8516778523489933,0.597696464507166,0.5447185483859199,0.8422818791946309,0.7394594097637216,0.8798657718120806,0.0,0.0,0.0,0.0,0.0,0.0,0.0,0.0,Eltaj Safarli,3007.0
19.018595523940654,200.07491288660987,-56.03664795742704,-17.12187910739042,-9.566924252880467,4.0,-5.27247313871276,-30.248000776175967,-10.766737033216712,12.939366350949289,0.2258,0.3324,23.4,0.1224,0.013800000000000002,0.1630797393575488,-0.11970687943019549,1.7507353220564041,0.8440098441345365,0.8034782608695652,0.678749596042459,0.7439748427672956,0.537841250901136,0.2437112387202625,0.5582430705744897,0.9115942028985508,0.8168695652173913,0.8640579710144927,0.5729394685161708,0.2407174285927362,0.5073542645486862,0.6936102617644865,0.7696740994854202,0.0,0.0,0.0,0.0,0.0,0.0,0.0,0.0,Eltaj Safarli,3007.0
18.80665881785557,162.69060639158005,-67.06976000831435,-17.057280245109858,-11.935050674375798,3.994871794871795,-8.67402279937777,-33.907701764091215,-11.885661356898677,12.395085036667187,0.18460000000000001,0.47479999999999994,27.8,0.0728,0.0052,0.2019606897497364,-0.14260476507941006,1.942397480815331,0.6775703324808184,0.7344776962168267,0.7118709934566712,0.6682151182151183,0.5038880386450719,0.3865841319805513,0.5994878352678864,0.7824786324786325,0.8598340874811463,0.6281221506541199,0.5460314082053213,0.663489409141583,0.6109470154738698,0.7524940447446842,0.7619378660555131,0.0,0.0,0.0,0.0,0.0,0.0,0.0,0.0,Eltaj Safarli,3007.0
19.18263929053403,173.52145146520147,-43.41968925792609,-14.180941134888503,-9.659294280096901,4.0,-4.464237516869095,-22.010746015680226,-9.821123722768458,12.716653412377095,0.2638,0.5317999999999999,15.8,0.0598,0.0052,0.27140929246192397,-0.18267704517704514,1.3256358042542253,0.6451794871794871,0.8967179487179486,0.8928,0.6222324786324787,0.5186666666666666,0.7697435897435898,0.8589269841269841,0.9888,0.9753230769230768,0.961251282051282,0.6107638583638584,0.6094598290598291,0.5329147741147742,0.7720888888888888,0.8864000000000001,0.0,0.0,0.0,0.0,0.0,0.0,0.0,0.0,Eltaj Safarli,3007.0
19.767948911983318,180.82310564019775,-67.72999794478176,-17.06590881063689,-13.134968291982954,4.0,-5.42769397638987,-35.82669368490678,-10.551053543201157,10.276320362335902,0.1742,0.4053999999999999,15.6,0.028000000000000004,0.0,-0.08455307794930433,-0.06123106761286558,2.407705803876725,0.7678608515057113,0.9602657004830919,0.8727840199750311,0.5655244029075803,0.6627870053737176,0.45249236402485515,0.610104762890353,0.826328502415459,0.8793478260869566,0.8657004830917874,0.60229088639201,0.46746946751343427,0.4499084139543165,0.7713914849428868,0.9177570093457945,0.0,0.0,0.0,0.0,0.0,0.0,0.0,0.0,Eltaj Safarli,3007.0
20.08343242087603,181.4707470660313,-55.57398475303155,-15.862523998811067,-10.855740264018852,3.998474722547279,-3.5920859410067862,-31.214803320744792,-10.39451662635894,12.347210675361609,0.2184064748201439,0.4169244604316546,18.57913669064748,0.0722302158273381,0.0070899280575539,0.0757090937919644,-0.2302070954747307,1.344955842255602,0.6993112860079749,0.8937137507720956,0.8265870683964219,0.5562719900673229,0.6297357640220687,0.5539342704937921,0.5631413982474772,0.8989450713938739,0.8756489793302135,0.8540431373213979,0.5381082920314666,0.4885714896577061,0.6267525182930668,0.7935131334125467,0.8298644898547669,0.0439549703094986,0.0875,,,,,,,Eltaj Safarli,3007.0
19.822077742077745,150.82246215046214,-59.00750955895752,-17.215093375093375,-12.289126572574533,4.0,-2.678856548856549,-35.116762786762784,-10.607876555876555,14.90020628020628,0.20500000000000002,0.39980000000000004,24.2,0.10339999999999998,0.0076,0.37898494298494295,-0.2780928620928621,1.1031531891531894,0.42816786394268735,0.8157311157311156,0.9204615384615383,0.3259883810818584,0.7279416445623343,0.4309516652890147,0.431188561544191,0.762889812889813,0.7632390852390852,0.8405641025641024,0.3859054996961103,0.38772171660331195,0.768192606399503,0.749122677821473,0.8104102564102564,0.0,0.0,0.0,0.0,0.0,0.0,0.0,0.0,Eltaj Safarli,3007.0
17.261757686757687,144.23034465534465,-53.70878903905052,-17.185779498279498,-8.911362507248986,4.0,-6.0702890859140854,-28.66712280774781,-10.94418602231102,14.069950882450883,0.20859999999999998,0.26139999999999997,18.6,0.1106,0.0164,0.28320464257964256,-0.26982808857808854,1.9125204656454655,0.5071667549000295,0.9688311688311689,0.740726461038961,0.3805497539432398,0.6012237762237762,0.35708677326194926,0.4788802966399797,0.9078125,0.7997362012987013,0.9324675324675324,0.33791545162583897,0.4654461735447651,0.71856737012987,0.7072008976938555,0.974025974025974,0.0,0.0,0.0,0.0,0.0,0.0,0.0,0.0,Eltaj Safarli,3007.0
17.80599745408256,180.33368273019337,-54.51721285075264,-16.333209674486273,-8.579761920280427,4.0,-2.2414911802145845,-32.670007880220645,-10.050561192944171,11.357818997393466,0.24360000000000004,0.4394,13.6,0.096,0.0126,0.29328968903436986,-0.10993513972237376,1.20473783112081,0.6493878362639547,0.9127659574468086,0.6494740318562152,0.5182608907217497,0.5826431738796626,0.32740308827981457,0.7483405483405483,1.0,1.0,0.9056603773584906,0.5007155898386759,0.36636422035972566,0.7324032014030026,0.6633426271922991,0.7522575124881746,0.0,0.0,0.0,0.0,0.0,0.0,0.0,0.0,Eltaj Safarli,3007.0
18.439436535233156,183.53719597313415,-43.60281260372582,-15.159098802894846,-9.188917835678232,4.0,-2.003934714103716,-21.706117789029822,-10.005542285233172,10.460798823213961,0.2476,0.35459999999999997,14.2,0.017599999999999998,0.0,0.08040369045713551,-0.21144476227532705,1.6582254960848057,0.8353760737481668,0.9651162790697676,0.840595697738555,0.5906047053223134,0.8558152362139074,0.5665570363909234,0.5428180197283187,1.0,1.0,1.0,0.36543657563591114,0.6572860235650934,0.7121417810786582,0.763265306122449,0.8860465116279069,0.0,0.0,0.0,0.0,0.0,0.0,0.0,0.0,Eltaj Safarli,3007.0
19.82169151802304,171.84825227610554,-50.00971816479208,-15.391792084726864,-10.367805307118358,4.0,-5.137733416945374,-25.157591276477152,-10.089126950947604,12.134330871423263,0.24159999999999998,0.3578,17.4,0.07160000000000001,0.017599999999999998,0.16855955035302864,-0.19232162764771457,1.5333403010033444,0.7021672771672771,0.8216346153846154,0.9473443223443224,0.7689102564102563,0.4488148656898657,0.5516964285714285,0.8006410256410257,0.903125,0.908173076923077,0.7768543956043956,0.7155799755799755,0.4752403846153846,0.7580929487179487,0.6867338217338217,0.846111111111111,0.0,0.0,0.0,0.0,0.0,0.0,0.0,0.0,Eltaj Safarli,3007.0
18.058213809570645,172.4052697457809,-80.04892084588543,-16.722688478728866,-11.614585152128534,4.0,-2.1896193270607265,-56.137862578179934,-10.567179867554012,13.183014557766631,0.2098,0.35300000000000004,24.2,0.0832,0.0056,0.11613652755466672,-0.11456942304399931,1.129002611764963,0.65962938934393,0.8764382907615182,0.7544727042954074,0.33997499764896516,0.7617350917741195,0.45990123131403243,0.5590891334409289,0.8526582517705099,0.7021618022138181,0.922993708269132,0.523728587498282,0.39510877343372536,0.39132792014705486,0.6464841997134594,0.7301585772984078,0.0,0.0,0.0,0.0,0.0,0.0,0.0,0.0,Eltaj Safarli,3007.0
17.931247145811124,151.22854755818497,-56.64255308232394,-12.835856026146706,-10.535456501868056,4.0,-5.1833235000750735,-34.07866689676699,-9.46113717737931,11.451887019912192,0.1946,0.43340000000000006,15.8,0.0506,0.0076,-0.014414331345706822,-0.08175007491759065,1.0251528723809216,0.5523882413127531,0.851227495908347,0.7574209235823925,0.5319014416070666,0.6824098664378466,0.567549471804791,0.7367372353673723,0.9808219178082191,0.9076923076923077,1.0,0.500643046839491,0.36312926362474596,0.7840907562271597,0.911590537122452,0.8578839988341592,0.00139860139860138,0.0,0.0,0.0,0.0,0.0,0.0,0.0,Eltaj Safarli,3007.0
19.64257223396758,181.19565349379303,-50.63885409794463,-15.400043367485228,-10.203531281226466,4.0,-4.314677183281835,-26.58172602591207,-10.460237436981625,12.321361196942593,0.23840000000000003,0.3234,22.4,0.07680000000000001,0.0,0.10994741692416114,-0.3734883720930232,1.169153249850924,0.6756713669367568,0.9189624329159214,0.8558139534883722,0.3831532147742818,0.4722489389315655,0.5489878634817075,0.4409514539268301,0.7573634641692097,0.8553846153846154,0.8783303518187239,0.40555982321372197,0.35417148970500534,0.9062015503875969,0.8956618962432916,0.7387596899224806,0.0,0.0,0.0,0.0,0.0,0.0,0.0,0.0,Eltaj Safarli,3007.0
22.4376909707622,193.76385968846654,-50.41274660986936,-16.894780366103216,-10.887377516530801,4.0,-4.0023126734505095,-24.20380726786832,-9.59717643595997,11.17270765004345,0.21900000000000003,0.37340000000000007,14.4,0.0116,0.0,0.05479494295405488,-0.41818041656154514,2.34290569898803,0.803023516237402,0.8933290673492241,0.9638297872340426,0.7859442489201729,0.7199251598005189,0.568835875148865,0.6022324833823689,0.8787234042553191,0.7955367141257399,0.9708333333333332,0.7550747435965801,0.6342032617776324,0.7074048152295632,0.7931077694235589,0.7863680941484146,0.0,0.0,0.0,0.0,0.0,0.0,0.0,0.0,Eltaj Safarli,3007.0
19.50381811020521,173.0786505967151,-44.5593012446201,-14.53037614715034,-9.946103403035167,4.0,-4.40253928866832,-20.455267241718854,-9.88157390996101,10.656558745913584,0.21599999999999997,0.33340000000000003,14.0,0.05600000000000001,0.0,-0.03957934538579701,-0.05996061286383862,1.6147130647130647,0.7299622926093514,1.0,0.7853996204933587,0.6362227885181625,0.6305767947291863,0.6985732009925558,0.6669361844986132,0.9638,0.9984,0.9792,0.7114603318250377,0.5001196029776674,0.9088,0.7928153846153846,0.7960774193548387,0.0,0.0,0.0,0.0,0.0,0.0,0.0,0.0,Eltaj Safarli,3007.0
22.2244638115939,202.77907973787217,-52.89438345648771,-16.03278514269577,-11.588979984752562,4.0,-3.4343380948743407,-28.863146042967298,-10.524623245671904,13.549489054474156,0.21399999999999997,0.4448,21.8,0.0828,0.0218,0.021207954574389544,-0.2103422800304627,1.3843892935928686,0.7698020523005626,0.9699248120300752,0.9209302325581395,0.7108353903626993,0.8171858216971,0.43331865864749625,0.3890870604078679,0.9395348837209301,0.8239431135979484,0.9643410852713178,0.2903068044335121,0.501196641701414,0.6577956519204988,0.6984975602674963,0.754327286906541,0.0,0.0,0.0,0.0,0.0,0.0,0.0,0.0,Eltaj Safarli,3007.0
23.655874684321887,216.21116048203004,-53.11000146492718,-16.356257820854093,-10.27828690619398,4.0,1.0322617341250884,-32.63136115092637,-10.397177667053445,11.520820345975626,0.18860000000000002,0.5314000000000001,19.6,0.083,0.0166,0.015555707232725858,-0.29108669108669105,0.8754189702636909,0.9021739130434783,0.9161028023812982,0.7883215369059655,0.42818926541704466,0.7904330004914323,0.7034353669773796,0.4545732336406864,0.8751441917429755,0.8610425953089619,0.8975773022143926,0.5237907754002666,0.33554943624756606,0.3808574085570179,0.7751213918247913,0.9426356589147286,0.0,0.0,0.0,0.0,0.0,0.0,0.0,0.0,Eltaj Safarli,3007.0
20.701770647653,172.289797979798,-60.174775653358985,-15.619964349376115,-12.431685932622207,4.0,-0.1454545454545455,-37.251782531194294,-9.821283422459894,11.095395127748068,0.25039999999999996,0.6275999999999999,13.0,0.0786,0.0056,0.03857991681521092,-0.4243374925727867,1.8511824123588827,0.6289614110484376,0.9797101449275363,1.0,0.43410242635867136,0.6567425295239471,0.6900946330487724,0.6520007240537667,0.9407729468599033,0.9710144927536233,0.9768115942028984,0.8272727272727274,0.3747505500296027,0.5164575262487185,0.9239869281045753,0.9447712418300653,0.0,0.0,0.0,0.0,0.0,0.0,0.0,0.0,Eltaj Safarli,3007.0
20.22811041785899,192.05828057868024,-53.45948657104427,-15.667459010541569,-9.843233690458801,4.0,-1.609594500173801,-32.69343606885083,-9.933677306545793,12.287914005526511,0.2206,0.4944,17.6,0.0892,0.0082,-0.08536118357682985,-0.28633177556420847,0.6825568480396804,0.7035547147266753,0.7998562702120016,1.0,0.5132916670875621,0.574069068224028,0.5334181281359718,0.6052383446830801,0.9008695652173913,0.8759733147465898,0.8821162912519643,0.16412706521378362,0.6510391403919668,0.4324623058048459,0.8038686979322247,1.0,0.0049586776859504005,0.0,0.0,0.0,0.0,0.0,0.0,0.0,Eltaj Safarli,3007.0
18.42530520256327,171.70506641114028,-72.34230415672393,-16.883995015234408,-12.063844575055514,4.0,-6.187702148822693,-41.48563757267068,-10.949141071152955,11.228016226212322,0.2192,0.3226,19.8,0.0878,0.0073999999999999995,0.013099229419263378,-0.2051059548512859,1.5231544219787003,0.5762968066379012,0.908108108108108,0.8450648719264938,0.810903687192347,0.31633349457410187,0.38067947870209495,0.6040560500781829,0.7870482176825738,0.90609885345409,0.8979474319680506,0.5833763748499708,0.4002511692335731,0.6849732006699083,0.65246266246175,0.6622970383941098,0.0,0.0,0.0,0.0,0.0,0.0,0.0,0.0,Emin Ohanyan,3028.0
18.380269005847957,154.85773904458114,-43.513027674422084,-15.986526923369027,-8.926343995527883,3.995238095238095,-4.218767372977899,-22.170536948431685,-11.776130781499202,15.570040252145517,0.2452,0.5332,28.6,0.05439999999999999,0.031999999999999994,0.5705176577808156,-0.2685213032581454,0.8983710792131845,0.5478738512949038,0.6888479532163743,0.6228290598290598,0.45601972880920255,0.43202088554720125,0.23299640125955912,0.3849610564873723,0.8747894736842106,0.9394736842105263,0.8960000000000001,0.5700875907718014,0.09301696549064968,0.6685897435897437,0.7678571428571429,0.925,0.0,0.0,0.0,0.0,0.0,0.0,0.0,0.0,Emin Ohanyan,3028.0
18.472857229642358,176.48139724196588,-56.26854758341845,-16.469403872356303,-11.782810907118627,4.0,-3.3722330703741314,-29.682287137563247,-11.384062589497253,12.42224999349111,0.22160000000000002,0.3888,16.6,0.11600000000000002,0.0156,-0.007066225797773082,-0.08364810330912023,1.7232728440382896,0.6817730906109671,0.867450980392157,0.7886019862490451,0.6464697394109159,0.6194771241830065,0.4021324538684653,0.5887951455526779,0.9150513538748832,0.864812834224599,0.6799388846447669,0.5762328345972535,0.49159067618178093,0.7705118411000764,0.6387471352177234,0.6919786096256685,0.0,0.0,0.0,0.0,0.0,0.0,0.0,0.0,Emin Ohanyan,3028.0
17.32570347729487,170.66337082523393,-72.35222308440983,-16.31867852448854,-12.34102759606379,3.9939393939393937,-7.275880239856976,-42.33682715585004,-11.510859060791066,13.437110098701197,0.22119999999999998,0.38980000000000004,25.0,0.1206,0.0092,0.16481153656293265,-0.33013354516783233,1.068621620270878,0.7060880698944133,0.6415167287149914,0.7196722834023387,0.4388922230678943,0.7483676180743121,0.2482449779895209,0.30534502806623104,0.7058403563948844,0.6766054120670197,0.6230389319394479,0.2897312067695811,0.39708528534518306,0.8189668312907749,0.7360099277319512,0.9699248120300752,0.0,0.0,0.0,0.0,0.0,0.0,0.0,0.0,Emin Ohanyan,3028.0
21.084188810659395,189.03293776970247,-58.28663587238843,-13.742448330683626,-13.02184860613057,4.0,-7.012406313876902,-29.79007684154743,-10.262128094481037,11.54227231433114,0.2572,0.5036,13.8,0.055200000000000006,0.004,-0.09835907335907333,-0.5095389507154213,1.0495495495495495,0.7516419094917792,0.8929152453424297,0.9285751771188664,0.746680661243768,0.9267506713488949,0.5986458431597202,0.4257719902532549,0.8806087641039098,1.0,0.6290536681741707,0.7800385541862945,0.4425215096896221,0.7526556253569389,0.8912621359223302,0.9682498032012596,0.00194174757281552,0.0,0.0,0.0,0.0,0.0,0.0,0.0,Emin Ohanyan,3028.0
18.219967038539554,173.8430654158215,-82.07392153988033,-14.920807978363758,-14.27718387929885,4.0,-7.415377789046653,-51.98888607167005,-11.015276369168358,13.543610547667342,0.22519999999999998,0.4788,20.4,0.11019999999999999,0.0144,0.09022143340094661,-0.12162778904665314,1.065474983096687,0.6387847338466688,0.5862571141613658,0.8610980917308335,0.5587148476732507,0.7193044861064614,0.3685909775694676,0.3664190659524606,0.8447606293940408,0.5882658185470371,0.6864412453967191,0.32979368932038833,0.5466500669568128,0.5665948275862069,0.6866986106461332,0.8504310344827587,0.013793103448275858,0.0,0.0,0.0,0.0,0.0,0.0,0.0,Emin Ohanyan,3028.0
20.3246562739586,154.59224763608486,-75.20261863280992,-17.240346423602237,-12.556816974519881,4.0,-11.971487349859443,-42.44516767470256,-10.350008859357697,15.361208649231907,0.2136,0.44860000000000005,23.6,0.0664,0.004399999999999999,0.18451049209188747,-0.5010984467728654,1.1368217906124882,0.44471600237243303,0.9215469613259668,0.8353591160220993,0.31855028939443686,0.5553358762147147,0.5333036274489869,0.46036697726620207,0.8734169914485989,0.9365374677002585,0.8222222222222222,0.35318165739511403,0.4554552275362588,0.6209275705648143,0.6870881931655413,0.6953149638489482,0.0,0.0,0.0,0.0,0.0,0.0,0.0,0.0,Emin Ohanyan,3028.0
18.090040158226188,136.42968837648453,-74.21680237127825,-15.575205265155372,-14.12385658102669,4.0,-6.867071720154399,-47.04864622191778,-10.349197082318964,15.747174499294957,0.23279999999999998,0.6266,18.6,0.11079999999999998,0.024200000000000003,0.08306024813865154,-0.5987067600966389,1.5480904555173978,0.36643522586379473,0.7143969337645227,0.7966642490870456,0.2515033969142757,0.5179105705696225,0.8533592610597959,0.37008168747842907,0.9670588235294119,0.9058823529411765,0.6237249128793267,0.8522021131917565,0.4076268977820658,0.7222838945136084,0.5787872383897114,0.897913530723962,0.03305785123966942,0.0,0.0,0.0,0.0,0.0,0.0,0.0,Emin Ohanyan,3028.0
22.37162459063964,209.37016540231315,-64.21054800426161,-11.807984081581893,-11.26494836905869,4.0,-3.9474567839820915,-41.54800397960453,-9.536177092401442,9.894022302367036,0.21339999999999998,0.37520000000000003,12.6,0.0398,0.0,-0.2211748124196824,-0.2057787174066244,1.5464121377938067,0.9768115942028984,0.790428041793057,0.8790697674418606,0.5526794742163802,0.6331738006965509,0.6711830131445905,0.5786046511627907,0.9930232558139535,0.9651162790697676,0.7709302325581395,0.7469160768452983,0.6725985844287159,0.8190697674418604,1.0,1.0,0.00930232558139534,0.0,0.0,0.0,0.0,0.0,0.0,0.0,Emin Ohanyan,3028.0
18.317111885404568,204.47854045683312,-58.09507866924677,-13.219976771196283,-10.525469687442662,4.0,-3.713298490127758,-37.052806813782425,-9.788821138211384,12.205294231513744,0.2136,0.48819999999999997,16.2,0.08820000000000001,0.009600000000000001,0.1294425087108014,-0.23333333333333334,0.8039024390243903,0.8335664335664337,0.8685314685314685,0.8103612969940894,0.48233216732493245,0.3671131372746849,0.3069964507681786,0.5385060138996539,0.9258741258741259,1.0,0.9311088911088911,0.39817761188138034,0.26486127166390666,0.7788484201477949,0.8174165014488333,0.8385710674867302,0.0,0.0,0.0,0.0,0.0,0.0,0.0,0.0,Emin Ohanyan,3028.0
17.52937941109458,186.48434357283585,-83.45726548255058,-17.369357618645545,-16.882744299914847,3.9939393939393937,-9.2765957674936,-43.8010086043987,-11.138414136946645,11.01691555090936,0.1892,0.5252,18.6,0.081,0.020999999999999998,-0.20513297950759252,-0.6582827389328937,1.6519414311179017,0.8330405575983754,0.8992481203007519,0.5550449580253652,0.38104790482815837,0.5252587653786269,0.4113372699849842,0.43994588958092606,0.668630042258932,0.8327876625871248,0.8928120300751881,0.6615937654354866,0.5577847261673615,0.5125847267606776,0.5777803949605718,0.7143593349125428,0.0,0.0,0.0,0.0,0.0,0.0,0.0,0.0,Emin Ohanyan,3028.0
21.05412014885699,177.24269005847955,-60.56737611525206,-14.206273258904838,-11.611634488457797,4.0,-8.354066985645932,-33.54665071770335,-9.525917065390749,12.677166400850611,0.233,0.21939999999999998,21.4,0.031999999999999994,0.0106,0.06257309941520467,-0.3056884635832005,1.6199627857522594,0.6406777902240055,0.9725609118477465,0.8156400254014333,0.7372792073201556,0.6158741281196368,0.45707936795356074,0.6065973798173716,0.9562913907284768,0.8688741721854305,0.9587786259541986,0.6437793842576209,0.23896827199272383,0.9174526822126948,0.8951316920277034,0.9425913755624084,0.0,0.0,0.0,0.0,0.0,0.0,0.0,0.0,Emin Ohanyan,3028.0
17.99554363305183,169.707797979798,-56.17075498995757,-15.04563007120384,-10.366233049238904,4.0,-7.283487332339791,-28.341337969862558,-11.5944043715847,12.46033780427223,0.22640000000000002,0.42460000000000003,19.0,0.0656,0.0076,0.06405166418281169,-0.30125252525252527,0.6427454876635205,0.5353410249111115,0.7828117237953304,0.9074565883554648,0.6700056375134659,0.6340409063930892,0.25470279140642005,0.4145200987588168,0.7541351998526432,0.7400257874378339,0.5646837801481382,0.5166910586803753,0.154361437175215,0.9575757575757576,0.7610200364298725,0.6985198680486947,0.0,0.0,0.0,0.0,0.0,0.0,0.0,0.0,Emin Ohanyan,3028.0
21.486809396123125,199.70536854213324,-55.64820993033246,-15.780386824504472,-11.873193234972627,4.0,-7.160774410774411,-27.120997874674345,-10.256415969651263,12.543558384244657,0.1628,0.4662,16.2,0.0516,0.0,-0.12471395706689821,-0.3302188552188552,1.5588075323369444,0.7904306220095694,0.8627146510778225,0.9352941176470587,0.7034230076469947,0.8333576909024479,0.4396584812414668,0.5137547134518463,0.8944099378881987,0.9913043478260869,0.8784313725490197,0.6528015691402419,0.6302786377708979,0.8282765737874097,0.8612299465240643,0.7805557371690094,0.0,0.0,0.0,0.0,0.0,0.0,0.0,0.0,Emin Ohanyan,3028.0
19.69939825522418,172.32809705084932,-44.294220871441475,-16.468648259835113,-10.512048939093026,4.0,-1.0107740828860732,-21.82930780722625,-10.570779616001772,12.097337833600767,0.25880000000000003,0.4728,17.0,0.0548,0.009,0.1943691325918958,-0.6547174975562072,0.7780525645991258,0.6928711443649641,0.9633333333333333,0.8172301854846322,0.33651314166689505,0.6550840177475692,0.47869507556724916,0.5320320022656471,1.0,0.786620424930645,0.8359501557632398,0.36790721505071816,0.4888736170873644,0.6592213208357314,0.8596884735202492,1.0,0.0101010101010101,0.0,0.0,0.0,0.0,0.0,0.0,0.0,Emin Ohanyan,3028.0
19.301869391481507,163.9333770538989,-53.09281524493381,-13.526086219341897,-10.11657384336917,4.0,-7.075197199029463,-28.654488006602158,-10.318271385621415,12.597801409030296,0.20800000000000002,0.4312,13.0,0.0798,0.004,-0.02271370330310342,-0.21512335198997984,0.6639847088956,0.660475419049823,0.8669950738916257,0.8738255033557047,0.5429465401527425,0.9495090422190631,0.7095910338215361,0.4889074618970476,0.7259350018183622,0.7786491222269977,0.8455251760505174,0.6378682183357027,0.5092581743643998,0.6946315337058221,0.6294442424042054,0.7657949548715576,0.0,0.0,0.0,0.0,0.0,0.0,0.0,0.0,Emin Ohanyan,3028.0
17.911755370509475,170.02858285479655,-65.3275329733044,-15.321363091021073,-11.732288337089248,4.0,-6.196611259646387,-39.19004168876895,-10.538785210870646,13.651556614091906,0.22319999999999998,0.36960000000000004,23.4,0.0726,0.0,0.10070986412681235,-0.10389724127864541,0.6160706466209313,0.5990181533052457,0.7645681628571512,0.8431700517722025,0.5008066385869716,0.5904352278545827,0.3458155126484036,0.36736983874312107,1.0,0.9514563106796118,0.7206857335544252,0.6847823860727086,0.17708253703043092,0.6788762370239644,0.5517039941696827,0.6377317903414756,0.0,0.0,0.0,0.0,0.0,0.0,0.0,0.0,Emin Ohanyan,3028.0
18.585034457068353,186.04640528962562,-50.16268894018981,-13.691997268268455,-10.11371333951929,4.0,-7.350298007077669,-25.634987893462473,-10.508372136338238,13.136679704476313,0.2634,0.5754000000000001,14.6,0.0966,0.034800000000000005,0.15939343142732973,-0.43665487055317564,1.2344570683553735,0.7721257913007964,0.9424148606811146,0.7087891494380967,0.45914008134126477,0.6035154939751866,0.4358560011056548,0.6400178747125858,0.9578947368421054,0.8323794849218578,0.8434507721814477,0.697512126427789,0.3863110432898216,0.595514176135723,0.8088707902267224,0.8743924851950174,0.0,0.0,0.0,0.0,0.0,0.0,0.0,0.0,Emin Ohanyan,3028.0
17.91998145077429,157.70117347273356,-67.91026708585967,-15.236058570585424,-12.297821773286477,4.0,-4.165696579635198,-44.12393974312133,-9.267010483123014,13.180260063891776,0.25539999999999996,0.4184,19.4,0.05960000000000001,0.0134,0.21281751496585252,-0.5709150014520858,1.1542759712580684,0.5914625679331562,0.84479302832244,0.9811764705882353,0.5738292061738622,0.6366549759424657,0.43011712642201455,0.32531033359533773,0.9670588235294119,0.8542919389978213,0.7989389259977495,0.3325893757045372,0.50283081428069,0.8763398692810457,0.9362962962962962,0.945054945054945,0.0,0.0,0.0,0.0,0.0,0.0,0.0,0.0,Emin Ohanyan,3028.0
18.9105063929681,176.0085617138281,-63.46636949122356,-14.907688110023711,-11.907540189443496,3.985000078469292,-6.945167129954005,-36.12789722484135,-10.536316874374844,12.973239958944552,0.2184193548387096,0.422882697947214,19.541055718475075,0.0692375366568914,0.0109545454545454,0.103843284561439,-0.3343961920601421,1.247894370012093,0.6759311400963971,0.8353325009180235,0.8007739680763628,0.570649567690148,0.5898656843372028,0.4872429010135748,0.4834857621261839,0.8748930758692299,0.8470934943393928,0.7580223904887898,0.5447692319100325,0.4240730112037286,0.7257393545964724,0.7579287462715529,0.8212368048814739,0.0561538272755411,0.0290792549252398,,,,,,,Emin Ohanyan,3028.0
19.703343092590405,194.97651738942062,-58.731463879629345,-13.777917820928575,-10.946529896845894,4.0,-3.2157583555433016,-36.7990468313049,-9.886032008612654,11.893821033605981,0.2564,0.5302,16.6,0.1364,0.024399999999999998,0.14867243469394004,-0.41700123850661475,0.8983960682885413,0.8158847359293698,0.9,0.964516129032258,0.5794166046752778,0.6640333310681523,0.3576739215269763,0.46323513146645523,0.8253538090936464,0.8582336421046097,0.8938271604938273,0.39264556003072204,0.6382867892910498,0.7116608998329428,0.9037037037037038,0.8987654320987655,0.0,0.0,0.0,0.0,0.0,0.0,0.0,0.0,Emin Ohanyan,3028.0
19.72807813375066,184.3368542027641,-61.26396380972584,-15.872915880860583,-11.495780601612337,3.991222158168081,-5.461855301062166,-33.768200519752874,-10.846269608304688,12.189835943698723,0.2092111111111111,0.4145152777777778,19.551388888888887,0.0743958333333333,0.0089305555555555,0.0770231571513058,-0.2623736933174656,1.303548324613158,0.721895731525743,0.854272420355635,0.8024087767243654,0.5849702356186838,0.6046302832566292,0.5156056613366589,0.5178060138193868,0.857471122908874,0.8565865751921241,0.8145460289606365,0.5336879150412361,0.4523531335994989,0.6221783593580563,0.7685504940920348,0.8177236337547142,0.0468464815245718,0.0606036163204946,,,,,,,Eray Kilic,3023.0
20.516012368300505,206.28149335776456,-52.49068619943015,-14.967979844251033,-9.79395692778562,4.0,-4.645304626660559,-27.18017636280348,-10.015671094823636,10.112402656894181,0.20659999999999998,0.4002,15.2,0.056799999999999996,0.0,-0.06057489693082911,-0.22162162162162158,1.5467475950526797,0.9254237288135594,0.8932203389830509,0.8892407237746222,0.8732380457380458,0.617913480625345,0.3951580100308914,0.4559587194756687,0.8847457627118643,0.8745762711864407,0.9830508474576272,0.4858392943138705,0.4940002290426019,0.5516891891891891,1.0,1.0,0.0,0.0,0.0,0.0,0.0,0.0,0.0,0.0,Eray Kilic,3023.0
22.079842315504727,196.84119856630372,-68.87781073089891,-17.065111338732052,-13.518770663475427,4.0,-4.174564043642194,-38.13733828698231,-11.110037531151011,11.128011133084073,0.1688,0.44079999999999997,20.2,0.036199999999999996,0.0032,-0.12585088232926717,-0.4172488624652189,1.4627321825674275,0.8297010607521698,0.9155203895313452,0.896383799421408,0.6461126491844755,0.6304063017901453,0.43533736264294304,0.4851047926125592,0.6520522763648827,0.9440212150433943,0.9563086104006822,0.5024095155271774,0.3358353135933977,0.4964214507530559,0.8160077145612343,0.9394889103182257,0.0,0.0,0.0,0.0,0.0,0.0,0.0,0.0,Eray Kilic,3023.0
20.822509561017053,177.32914397516623,-77.08180557451387,-17.127512541813537,-13.456536526924769,4.0,-3.8198067185654794,-50.513021557000314,-10.784866403397928,14.61993817318817,0.2062,0.3516,24.2,0.0864,0.016399999999999998,0.12022473707577572,-0.2818704542853667,1.159367040599347,0.547188809914343,0.8302995391705069,0.768728813559322,0.45990577729178056,0.4582586112629851,0.6720525397693249,0.6029869041110156,0.876497175141243,0.9016666666666666,0.7531227056158712,0.2636364393761878,0.30659176234736646,0.7188399854200839,0.8413367960634226,0.7486101694915254,0.006666666666666659,0.0,0.0,0.0,0.0,0.0,0.0,0.0,Eray Kilic,3023.0
21.41143665013175,180.05740371620345,-61.787761097465136,-12.585018913225667,-14.491755902934486,4.0,-7.89085256744207,-32.29827402659177,-9.958787288500307,11.43692760122917,0.2232,0.5074,14.0,0.0408,0.0,-0.07417759556652852,-0.37149274804261323,1.446996911972336,0.7286163863266413,0.8346867167919798,0.7827785959744722,0.7642125933390177,0.6378706964632558,0.8149504195270787,0.6510002482674638,0.7855463400769966,0.9638095238095238,0.8715751728042653,0.6941963604663833,0.467724712947766,0.898321060382916,0.9866666666666667,0.9447619047619048,0.01237113402061854,0.0,0.0,0.0,0.0,0.0,0.0,0.0,Eray Kilic,3023.0
17.694059110085007,164.7284683648149,-71.94305810762201,-16.51273534947158,-15.503243034588419,4.0,-7.812143499363766,-39.05594656649472,-11.477106773035866,14.418117115332354,0.18980000000000002,0.2834,28.0,0.0948,0.016,0.05692074123177966,-0.200425019620393,1.6902988014416227,0.5212190120151864,0.7751301362902405,0.9154639175257732,0.5045232242690229,0.37101844074326007,0.3616832942886883,0.337799208463518,0.9112825319010887,0.8176989871388083,0.778911710572374,0.42976681810370465,0.35213103875381846,0.48029882542188507,0.6790963308686793,0.8988965842800047,0.00559440559440558,0.0,0.0,0.0,0.0,0.0,0.0,0.0,Eray Kilic,3023.0
20.644158185268243,196.89035909378413,-61.58467173720254,-17.022776148582597,-11.418436903092942,3.980392156862745,-8.047188200793514,-30.21927433730091,-11.476669829222013,12.619281524926688,0.23359999999999997,0.4628,17.4,0.06599999999999999,0.0,0.15753694439652696,-0.12325743200506008,1.9451302397791963,0.7816768086544963,0.8509803921568627,0.8454411764705883,0.49144330145851445,0.5907860040567952,0.6630602240896358,0.5047777616793845,0.804014939309057,0.9528397565922921,0.6396277246530797,0.6561137673460189,0.581421568627451,0.6871148459383754,0.7336764705882353,0.7884043272481407,0.0,0.0,0.0,0.0,0.0,0.0,0.0,0.0,Eray Kilic,3023.0
19.306977481452428,212.5631063502958,-45.80973024467111,-16.382589796385265,-9.959159763905017,4.0,3.5359030297087948,-24.435808249174755,-10.406119227375234,7.838043762460371,0.21000000000000002,0.5924,14.0,0.1336,0.026000000000000002,0.26460862176030325,-0.2678144916168252,1.2310025492695362,0.924731182795699,0.6586847677170258,0.9290322580645161,0.6426722457333301,0.6628886951467596,0.42689864489452684,0.6549567569334213,1.0,1.0,0.7626172500571953,0.758224662548616,0.584129816648691,0.5278174949142691,0.8297006684103458,0.9009009009009009,0.0,0.0,0.0,0.0,0.0,0.0,0.0,0.0,Eray Kilic,3023.0
21.581264320220843,209.37789786059352,-58.062539084347804,-16.091221532091097,-10.51388414991025,3.985869565217391,-1.8667046238785368,-33.709195997239476,-10.568865424430642,10.701463077984817,0.23640000000000003,0.26660000000000006,18.0,0.08980000000000002,0.0086,-0.0666825396825397,-0.2894824016563147,0.9785169082125604,0.8833068867026341,0.8944047619047619,0.8362023519870234,0.5807446993395897,0.7144667477696676,0.5871707470039745,0.4201352531068494,0.9263888888888889,0.8069849959448498,0.9215474452554744,0.575362759617758,0.21506081969442806,0.5480409217532353,0.8358373884833739,0.8327149229521492,0.0,0.0,0.0,0.0,0.0,0.0,0.0,0.0,Eray Kilic,3023.0
17.600981590320096,147.57826087981326,-71.08774641737502,-15.893826238046358,-12.034439742191562,3.992156862745098,-10.071298372894326,-40.553087077397024,-11.42499372437453,14.897741874783694,0.193,0.29359999999999997,32.2,0.07780000000000001,0.011,0.020458067625904342,-0.12421362189818123,1.116870295490624,0.4415920392574586,0.7565343821411339,0.9342105263157894,0.39582621837416576,0.48221897504529354,0.5096245049572556,0.4568194357195531,0.7908271196933694,0.6826451442565937,0.6225207804149709,0.4943557388541411,0.4008107502799552,0.44338144010779407,0.7346549039958485,0.7454990303990385,0.0,0.0,0.0,0.0,0.0,0.0,0.0,0.0,Eray Kilic,3023.0
16.275451029224836,151.41494116477,-77.39967079105674,-15.875696288414565,-12.078728800672554,3.9956521739130437,-9.327514070182655,-44.38701169892602,-12.098638417763514,12.372266310989524,0.229,0.2532,25.6,0.13199999999999998,0.0064,0.14574444924311886,-0.052928900448093244,1.5053122960657985,0.522120107466854,0.8706558760902483,0.7017659278109533,0.5347980429920752,0.4901402588547872,0.3411277302193171,0.42970097397424645,0.9546391752577319,0.5953460160334485,0.792609579484978,0.6658225011205737,0.17796765090477798,0.3886653216969577,0.8915144787358449,0.7517214003453153,0.0,0.0,0.0,0.0,0.0,0.0,0.0,0.0,Eray Kilic,3023.0
18.873232650130625,192.33657314133097,-51.72752311163907,-16.157575202920444,-10.10119619828021,4.0,-8.467208657349502,-24.424008564681873,-10.862962614182125,14.285428125775088,0.21280000000000002,0.4248,20.4,0.0638,0.0048000000000000004,0.1318286117496011,-0.12306685642309138,1.729433334792318,0.8137486734269299,0.8902784985296662,0.8743886743886744,0.43750604687812783,0.8567375886524822,0.464563740443346,0.44768316392602847,0.8936170212765958,0.9106382978723404,0.8209671179883946,0.539094468881703,0.4127788523533204,0.6390699395369868,0.8453470595660526,0.8855437764104085,0.0162162162162162,0.0,0.0,0.0,0.0,0.0,0.0,0.0,Eray Kilic,3023.0
20.343901196842374,211.62809039158182,-65.450537606487,-15.804953300968481,-11.229673119929908,4.0,-4.826967971939509,-37.40697815783205,-10.412374873703147,10.230409817886098,0.2206,0.5256000000000001,13.2,0.07859999999999999,0.013600000000000001,0.10730098491009307,-0.03678914381001666,1.1910589221025654,0.8990099009900991,0.9074626865671641,0.9540175244958246,0.6403306361848619,0.7313818338355575,0.5607258584391859,0.5176893455560808,1.0,0.9159420289855073,0.7646305707793363,0.5793520559064342,0.3661523016590337,0.6844856260394392,0.9065086836552508,0.9573770491803278,0.01584158415841584,0.0,0.0,0.0,0.0,0.0,0.0,0.0,Eray Kilic,3023.0
21.57503293807642,209.1135195669978,-43.78821836432706,-16.14309012569882,-9.241244394309613,4.0,-2.396346544172631,-23.757992379731512,-10.346382865078516,14.096837944664031,0.2274,0.442,19.4,0.0612,0.0034000000000000002,0.16048392265783568,-0.07668696364348533,1.3506260014955667,0.7837280366692132,0.9983193277310924,0.7964068385975079,0.7037023963190292,0.8821803607860458,0.3131927131654826,0.6992978013123057,0.936153771853569,1.0,0.8288006111535523,0.6397980263089046,0.20488982905110048,0.4733268939759812,0.7087947363425982,0.8220050859696307,0.0,0.0,0.0,0.0,0.0,0.0,0.0,0.0,Eray Kilic,3023.0
20.75429268292683,195.2607879924953,-46.01204073421739,-12.99887429643527,-10.989203961234276,4.0,-3.597242026266417,-20.924559099437147,-9.896926829268292,8.394765478424016,0.19219999999999998,0.4624,10.2,0.0624,0.008799999999999999,-0.1169793621013133,-0.4209831144465291,1.1880262664165104,0.8441036874771815,0.8265969538531485,0.8484848484848484,0.8565656565656565,0.6147521934507613,0.6195191285439069,0.8052409638554217,0.9354678864112828,0.9662650602409638,0.8336862601922842,0.6771814530850675,0.7369638554216867,0.39258845100240874,0.8444444444444444,0.8525252525252526,0.00202020202020202,0.0,0.0,0.0,0.0,0.0,0.0,0.0,Eray Kilic,3023.0
16.640670406763597,154.9506008200768,-61.09466646242944,-16.30949717239492,-10.858001865066132,4.0,-5.551885605180475,-36.18426268785853,-11.793542654347439,15.602523522418057,0.1872,0.3034,20.2,0.05,0.0066,0.3570527671171687,-0.7667193209021839,1.0640869387750895,0.6114236627234235,0.8530295893461226,0.5579280284691208,0.4852638070238142,0.6698091846827883,0.2067524943086067,0.4864530145677364,0.6880099269601636,0.8577142123067698,0.8906077348066297,0.6056038777368975,0.21333296200659788,0.45623231709187173,0.6399475805864335,0.9052631578947368,0.00165289256198346,0.0,0.0,0.0,0.0,0.0,0.0,0.0,Eray Kilic,3023.0
16.02994733421918,133.48234939817462,-43.319696252442775,-16.185640896320507,-8.600920626773956,4.0,-6.520315121771432,-21.81654316557229,-11.549803982425342,17.353527540420746,0.2044,0.3746,23.0,0.0874,0.036199999999999996,0.39697121648577954,-0.3731206010817661,0.6842062144974765,0.33616188159666416,0.8492753623188406,0.7884325843647877,0.671923076923077,0.5351725385071,0.32943087821864536,0.4151252170412082,0.8596153846153844,0.7639557785209959,0.684011519881085,0.39041062801932364,0.16945359520525324,0.6059255998239049,0.6756526565222216,0.8552042160737813,0.010389610389610381,0.0,0.0,0.0,0.0,0.0,0.0,0.0,Eray Kilic,3023.0
16.171206479302406,142.46451986397892,-56.99615697674814,-17.201258680523015,-10.99977236777788,4.0,-6.139949903022388,-30.23820515986041,-10.739837443479708,14.322866577915264,0.2226,0.3168,21.4,0.056799999999999996,0.0154,0.26728157045502876,-0.6907874392187411,1.5300394266495962,0.5018424908424908,0.8644257703081232,0.6545651936715766,0.4938301921969006,0.6623761646502573,0.4621409286027559,0.29480037928974095,0.8201572936867055,0.9294117647058823,0.8688106011635423,0.4931555974271869,0.2995715936128952,0.7178123295144572,0.6351361439283842,0.873076923076923,0.010256410256410239,0.0,0.0,0.0,0.0,0.0,0.0,0.0,Eray Kilic,3023.0
19.276857422876464,189.63921936423247,-63.1456788032437,-14.227023039161597,-10.245752903279817,4.0,-6.110664347389624,-36.40784876236713,-9.944421078593635,9.790031327548123,0.2286,0.359,18.6,0.0704,0.017599999999999998,0.10164447992592165,-0.5707874940774058,1.2302909048425725,0.7885912080304605,1.0,0.765432414875508,0.6599898528665652,0.490195223759765,0.5875019309750357,0.4206752410692872,0.9663551401869158,1.0,0.9388438906195915,0.27727284683493536,0.6743094496365524,0.6181385225963385,0.8110211145725165,0.8724679820006923,0.00335064035998614,0.00888888888888888,0.0,0.0,0.0,0.0,0.0,0.0,Eray Kilic,3023.0
17.769568283236506,169.03870809374519,-82.19344238495965,-17.977983893734304,-13.88373398909815,3.989189189189189,-10.141651065579047,-45.639840844142654,-12.239449393043401,13.700027611448723,0.22000000000000003,0.43359999999999993,24.6,0.08299999999999999,0.0134,0.11870477541862916,-0.5335300803827467,1.4437012466011916,0.6408987155104527,0.7203081586259156,0.9004528985507246,0.5289072985850061,0.6742580654608286,0.3853679522974943,0.5355962326011265,0.6536335985518228,0.6903112508497693,0.5991481755017919,0.4618076452112413,0.41479796403114877,0.4449328213829432,0.7538646122758272,0.7277884777300665,0.0,0.0,0.0,0.0,0.0,0.0,0.0,0.0,Eray Kilic,3023.0
18.1961335118376,163.37416717821,-52.08521064267505,-13.542200864069779,-10.470368948287616,3.994202898550725,-3.3226759855247847,-31.491948600125113,-10.247860696517414,12.995641553298919,0.2182,0.3792,14.6,0.047799999999999995,0.003,-0.013928906193669321,-0.4261723111820451,0.6924746420658167,0.646886705815634,0.8633333333333333,0.7835912408759124,0.5156131203922214,0.5406668313118563,0.47867586850337523,0.536684978870534,0.9533834586466166,0.8835409692113496,0.857915866308106,0.5398778698571245,0.18398710279348002,0.7274792821469733,0.8575270292519621,0.748180670654739,0.0,0.0,0.0,0.0,0.0,0.0,0.0,0.0,Eray Kilic,3023.0
18.91865954237669,187.01225891338532,-60.181470159622314,-16.114020731042007,-11.366172725864306,4.0,-5.295331771552047,-32.146925109378174,-10.556902859343412,11.29788303755763,0.2044,0.4426,21.2,0.05920000000000001,0.0,-0.04761453954194881,-0.3464052287581699,1.1737775852294,0.761094381138227,0.9087378640776699,0.8176740787138532,0.6025947321921052,0.3804316907727861,0.5478004770049868,0.5548960600244659,0.9794117647058822,0.9676470588235293,0.826091081593928,0.7617866004962779,0.32802852661136406,0.39286553258707413,0.7163741598207618,0.8027777777777778,0.0,0.0,0.0,0.0,0.0,0.0,0.0,0.0,Farid Orujov,2821.0
17.542787631901103,183.3048213779828,-68.61290292299594,-16.145760671737705,-11.790260584183581,4.0,-5.946176028957,-39.73464371614757,-11.158547766972658,12.162485845002585,0.2002,0.47640000000000005,16.0,0.0434,0.0026,0.05390817574672409,-0.39260065280910145,1.975643826208986,0.7627851084041314,0.8905660377358491,0.7626830059545611,0.6687664967065329,0.5326867897938093,0.47936300392475417,0.44426830625574787,0.7570775136812873,0.7552642326227231,0.8229269066117013,0.6240530940635847,0.42011056261128477,0.5418710542089435,0.89937106918239,0.909433962264151,0.005479452054794521,0.0,0.0,0.0,0.0,0.0,0.0,0.0,Farid Orujov,2821.0
16.387067154489156,157.18774549920903,-65.36333411936786,-16.56153042271263,-10.960316553479053,3.991666666666667,-7.586406126932803,-35.2497969077831,-11.434753240449151,12.437802465322212,0.21760000000000002,0.42380000000000007,20.6,0.0858,0.0094,0.05216619997245302,-0.27876775343568505,1.133887449135011,0.6285917805285731,0.5755808593029688,0.7888480392156862,0.7712121212121212,0.3695307496544982,0.34793902266134485,0.4034951565316186,0.9123774509803921,0.8276261601819412,0.6928917726965393,0.4660540826705846,0.4832431162372927,0.6918560606060605,0.8530303030303031,0.9036541889483066,0.0,0.0,0.0,0.0,0.0,0.0,0.0,0.0,Farid Orujov,2821.0
20.59864514747394,203.60520528126352,-58.86389111199826,-15.293694525508581,-10.480740541331949,4.0,-5.675987294636643,-34.155401284707025,-10.607054167387293,13.348986701573239,0.1968,0.5616,22.0,0.038400000000000004,0.0068000000000000005,0.013259984917602552,-0.2614417922864424,0.8021128001931768,0.7626446280991735,0.7904862579281183,0.9428571428571428,0.6603673704730787,0.42748029982702285,0.6872804151451086,0.4431962281255705,0.7221289915158836,0.9076302133384585,0.8189488809473231,0.3539470914457006,0.36870400101734246,0.6219704749091641,0.7616450216450217,0.6822432113341204,0.02975206611570248,0.0,0.0,0.0,0.0,0.0,0.0,0.0,Farid Orujov,2821.0
18.86643222506394,188.63589087809038,-74.9893058147172,-15.151108269394712,-14.683125081554362,3.9877450980392153,-5.804987212276215,-42.76609121909634,-10.955051150895141,10.383312020460357,0.2036,0.35819999999999996,17.8,0.0854,0.004,-0.03140451832907074,-0.12864450127877233,1.3527493606138106,0.7663256606990622,0.7865942028985506,0.8917892156862746,0.7203324808184143,0.48856031543052003,0.46220694799658996,0.6723092497868712,0.8996323529411765,0.8505861040068201,0.7353740409207161,0.47002344416027275,0.706340579710145,0.4666293691389599,0.8306052855924978,0.9208333333333332,0.0,0.0,0.0,0.0,0.0,0.0,0.0,0.0,Farid Orujov,2821.0
18.04464411557435,175.69698731501057,-62.66792196755963,-15.017089499647636,-10.79838356023053,3.991666666666667,-5.13363284002819,-39.28831923890063,-9.876268498942917,13.454105003523608,0.1992,0.5618000000000001,15.2,0.0668,0.0,-0.12294749823819588,-0.20271317829457364,1.1201726568005639,0.7724137931034483,0.8824712643678161,0.8387112403100776,0.7344025661587811,0.5796795642876236,0.477134061140677,0.43763866613205027,0.94375,0.9488372093023255,0.8250484496124031,0.48527131782945726,0.5975018833078176,0.6824796177492649,0.9121625233894681,0.9678160919540229,0.0,0.0,0.0,0.0,0.0,0.0,0.0,0.0,Farid Orujov,2821.0
20.109700532731416,213.99307106245723,-67.23353497503965,-14.446403306525303,-11.526463525288051,4.0,-4.8875182300649325,-40.75648632266056,-10.19101900767932,10.57435541717852,0.2144,0.5970000000000001,18.6,0.0256,0.0,0.08918387806683654,-0.22396478445658774,1.1719779040518652,0.8593888141456851,0.8078563411896745,1.0,0.4989607610044538,0.7462603483745134,0.801517358219261,0.4995691469546296,0.7811774308744006,0.800653469152412,0.7565298272838794,0.6238708437439938,0.5964680395688149,0.602077339047036,0.887568188343382,0.9256198347107439,0.02975206611570248,0.0,0.0,0.0,0.0,0.0,0.0,0.0,Farid Orujov,2821.0
17.72066382421513,151.13342850755325,-62.86337154487592,-16.063808246303218,-11.955750261620834,4.0,-5.3952931876976145,-37.491508575261086,-11.010461339465362,15.0534500654722,0.21480000000000002,0.4668,20.2,0.073,0.0064,0.19762655296860526,-0.10894222477723481,1.0143395292389255,0.5298245689312204,0.7414451123749954,0.9932584269662922,0.7997613602465944,0.2142089180250891,0.43423048269858366,0.3930545509650395,0.9539823008849557,0.6803409647322747,0.7568844384560997,0.47073838159670195,0.5090543438426491,0.4311013204399714,0.7788296544213351,0.7979440592875926,0.0014184397163120401,0.0,0.0,0.0,0.0,0.0,0.0,0.0,Farid Orujov,2821.0
18.487904275634303,205.29734552048666,-58.90644436192629,-16.545409556227554,-11.036164047268784,4.0,-2.641092512954549,-32.523851565942834,-11.233573100126128,11.073646420593553,0.17520000000000002,0.40380000000000005,21.2,0.0914,0.0168,-0.0017931476388023157,-0.06075949367088608,1.1210939312433834,0.8555364970459308,0.8288013318534961,0.9172058823529412,0.3743635138446459,0.7195926243567754,0.6659002423153366,0.4702252307440987,0.8514243433222346,0.9245283018867925,0.7379510981064811,0.5559040980600358,0.4365066432519263,0.4254002246982269,0.5475059898173106,0.6867896621198508,0.0,0.0,0.0,0.0,0.0,0.0,0.0,0.0,Farid Orujov,2821.0
16.66962030354091,173.13209698831912,-65.02556917898171,-15.991345209454039,-10.922418507833708,4.0,-8.588674809348316,-35.3655428804849,-11.90142594544914,13.743838173588395,0.2244,0.348,23.0,0.06620000000000001,0.008199999999999999,0.07832803203008379,-0.08811862304279786,0.9029732351766249,0.7065980124680171,0.6721773794546302,0.9323676162884276,0.6425350990033573,0.6787117423901423,0.35514479617641526,0.44895242082744635,0.841610946975587,0.7106492345316012,0.4816043272010053,0.4743338964202749,0.386841023357506,0.6406479083446731,0.7637796339848079,0.569845308571892,0.00169491525423728,0.0,0.0,0.0,0.0,0.0,0.0,0.0,Farid Orujov,2821.0
21.127728758169933,228.69890417457304,-59.98838902786323,-14.528357579590978,-11.4141786125143,4.0,-3.737650221378874,-34.48690965633565,-9.988115117014548,10.166822158971115,0.24159999999999998,0.44820000000000004,20.6,0.05619999999999999,0.0,-0.1590201349356947,-0.05653067678684374,1.1865459624710097,0.9770491803278688,1.0,0.8476341807909605,0.5452745020857283,0.5925834404800172,0.4769633154271247,0.43195158377327036,0.916797921354334,0.8922372227579556,0.801976856316297,0.6012474529962027,0.47900593529066715,0.625496427384513,0.7927937158469945,1.0,0.00277777777777776,0.0,0.0,0.0,0.0,0.0,0.0,0.0,Farid Orujov,2821.0
18.335955926238366,177.03734704469153,-61.074931572907495,-15.35587555791987,-11.29402478014206,3.9939870045510335,-5.358034868164531,-34.63527341348678,-10.697388764764108,12.271678807018816,0.219954128440367,0.4258853211009174,18.821100917431192,0.0649082568807339,0.007137614678899,0.0734877500245246,-0.2137156510615941,1.1364903600726266,0.6998393497545227,0.8147618474001346,0.8307540458372852,0.5795331029215574,0.5713730075194792,0.4693048259803009,0.5202543762123832,0.8421130401178051,0.8408291813684617,0.7922654343645009,0.5257862895565603,0.3700739991742665,0.6852552739543697,0.7917579424763493,0.8463975482828084,0.0294111939196176,0.0365679824561403,,,,,,,Farid Orujov,2821.0
20.156482589306815,203.69208982527593,-48.61659139281892,-14.370252386111042,-10.142995108132217,4.0,-5.658345158291942,-23.62092916573785,-9.614883110609789,10.790813536063922,0.2592,0.5231999999999999,15.6,0.046599999999999996,0.0098,-0.10306034766680819,-0.0838399923387417,1.4961212026934978,0.888675429726997,0.9558139534883722,0.8685331221029162,0.7142651351096884,0.8110027440850708,0.39002936484869316,0.6493585035935097,0.8305903398926654,1.0,0.7818218623481781,0.8347826086956521,0.41288792097689975,0.5999237359947275,0.8599463873185336,0.8204453441295547,0.0,0.0,0.0,0.0,0.0,0.0,0.0,0.0,Farid Orujov,2821.0
19.983704357668906,203.09563900890222,-56.70879011576742,-17.395609747307958,-11.37445641484457,4.0,-1.6555284548827132,-30.360010878155652,-10.731882443343746,10.80869782276721,0.23120000000000002,0.4064,17.6,0.10200000000000001,0.019999999999999997,0.03558801727391307,-0.10662917445390867,1.1978928523879262,0.8666048728813559,0.9559322033898304,0.8715171586059745,0.7806856435494371,0.6555208692544218,0.45142980658563836,0.38756439197591075,1.0,0.9598642676767677,0.7466903648437992,0.614877220729975,0.46985834785093256,0.4839138181243444,0.7940525229176544,0.8237620021337125,0.0015625,0.0,0.0,0.0,0.0,0.0,0.0,0.0,Farid Orujov,2821.0
22.323443223443224,199.1623199023199,-80.24327463713745,-14.293691493691494,-12.924235158097968,4.0,-9.124420024420026,-49.589010989010994,-9.805323565323565,11.493406593406593,0.24100000000000002,0.31639999999999996,16.0,0.048600000000000004,0.0,0.04748066748066747,-0.3749938949938949,1.0006837606837606,0.7345454545454546,0.8532756132756132,0.8841724941724941,0.7080083857442349,0.7312554112554113,0.4541431733884564,0.5272808533185891,0.8733333333333334,0.8714285714285716,0.9079365079365079,0.5210209915870292,0.3110504589749873,0.8155555555555555,0.976923076923077,0.8131401931401931,0.0,0.0,0.0,0.0,0.0,0.0,0.0,0.0,Farid Orujov,2821.0
21.67905779405779,172.2015242165242,-52.595873537544165,-15.03854293854294,-10.39944089611153,4.0,-3.5983821733821726,-29.749715099715097,-10.209395604395604,12.399603174603175,0.231,0.35680000000000006,12.4,0.037,0.0,-0.09792022792022792,-0.39902319902319894,0.5144261294261294,0.7039927768860352,0.7757825040128411,0.9314358657458988,0.6275804533559981,0.6661397322495816,0.582350031542123,0.5062218609788175,0.9839285714285715,0.9268258426966292,0.7871789727126806,0.3857854810222096,0.22658101267290975,0.9617977528089888,0.8399956456405178,0.8887509641450796,0.0,0.0,0.0,0.0,0.0,0.0,0.0,0.0,Farid Orujov,2821.0
19.940026827334236,187.7713372589748,-59.33994455972578,-14.907495455551214,-12.296324468233347,4.0,-1.2176730093091064,-34.490355287493955,-10.08581623805395,9.65771989891579,0.21880000000000002,0.5588,14.8,0.0766,0.0168,-0.0855041347337752,-0.12591431556948798,1.1965600878293468,0.759732452798239,0.797541529879298,0.9184997036660739,0.5779829931133216,0.7316959921798631,0.4361082888832445,0.5358020152299448,0.8588296760710554,0.7973934292696171,0.8631231671554251,0.6892286466391113,0.26873962399962414,0.7277370478983383,0.9181102362204724,0.857742782152231,0.0,0.0,0.0,0.0,0.0,0.0,0.0,0.0,Farid Orujov,2821.0
16.584118738404452,152.6284508348794,-55.37011490792978,-15.289053803339517,-11.302480399580983,3.9771428571428573,-3.0180426716141007,-31.792578849721707,-10.785222634508347,12.84012059369202,0.2706,0.42879999999999996,17.4,0.0616,0.0,0.09240259740259742,-0.08714285714285712,0.6874582560296846,0.5833433253397282,0.6068684013827899,0.8203227028766598,0.6369259138144031,0.5380293077528313,0.4495991518473533,0.5359049184693321,0.9479573484069889,0.9457733812949641,0.6480642939589736,0.4026810535866082,0.23598283861584846,0.6650926253862509,0.6899536215183697,0.7032418221267142,0.0,0.0,0.0,0.0,0.0,0.0,0.0,0.0,Farid Orujov,2821.0
15.261933729427128,138.07173021758794,-70.73589404940927,-16.882238288486732,-11.492954856621745,3.9944444444444445,-7.963041330162264,-40.57109971260527,-11.49852106462862,13.677516758650906,0.2112,0.21059999999999998,26.6,0.0616,0.0032,0.2944960224526969,-0.01221434200157604,0.6399612359186204,0.3725614445968287,0.6721287854850501,0.9832545311268716,0.41080377443191357,0.28041532259340196,0.16766922058712252,0.5935562249063482,0.7119539152424137,0.7667134554767534,0.915625,0.13480607397204508,0.23333284312639907,0.7120664263845289,0.628742135927347,0.6546541020779897,0.00625,0.0,0.0,0.0,0.0,0.0,0.0,0.0,Farid Orujov,2821.0
20.239535786811327,194.37098616521195,-43.555335263701586,-14.162958706875425,-10.68506981293028,4.0,-2.8913636786115644,-21.96606118344895,-9.692219832867199,11.842337951031835,0.233,0.5038,16.0,0.05500000000000001,0.0068000000000000005,0.06334428962926036,-0.1130294017411779,0.35757047658479013,0.7561694677871149,0.9176470588235294,0.9371428571428572,0.8633333333333333,0.7433698130414956,0.6217577030812326,0.4369634928634857,0.8786274509803921,0.7753501400560224,0.552640073165129,0.3949654317051178,0.3770602378038118,0.9436935704514363,0.8875,0.8105532212885155,0.0019047619047619,0.0,0.0,0.0,0.0,0.0,0.0,0.0,Farid Orujov,2821.0
16.833420467595083,158.62685325201727,-59.322927237588964,-15.09018639094748,-11.195251174307966,3.9869565217391303,-5.713193238103569,-31.405299290567417,-11.29395315995351,11.387999494551853,0.22799999999999998,0.38980000000000004,14.4,0.0336,0.008400000000000001,-0.15312315577384247,-0.15007824726134583,0.9143353565145184,0.6548628210600042,0.8725274725274726,0.8141154620027858,0.49472241373649817,0.6369991510836581,0.4594016312326172,0.558845848986694,0.895774647887324,0.9055555555555556,0.6267531373165176,0.4143464516703953,0.29133448710913495,0.6166468117172343,0.8744913928012519,0.9120313176651205,0.0,0.0,0.0,0.0,0.0,0.0,0.0,0.0,Farid Orujov,2821.0
18.31137411308507,183.01783670764377,-60.64390558015994,-16.941753307971,-10.319993846947147,3.9801965780851836,-2.3599034444502225,-34.4248114159836,-10.972492469307175,10.39485232641403,0.22119999999999998,0.4720000000000001,20.2,0.0894,0.010199999999999999,0.22324347173273273,-0.08526291085446523,0.8244049119185629,0.7176353276353277,0.8237225006135164,0.8741644083107498,0.6992562102688685,0.46425239003503904,0.5843604904580514,0.43941357911410395,0.8692022792022792,0.8993670886075951,0.7205911746881182,0.5867213589813158,0.16700624967065222,0.3638731573618884,0.6941845597943159,0.784017094017094,0.0,0.0,0.0,0.0,0.0,0.0,0.0,0.0,Gellert Karacsonyi,2911.0
20.307052706139928,179.21485398757204,-57.59093677032937,-17.305676293505908,-10.461953222887406,4.0,-4.04451366753598,-31.832048681541586,-10.8774992755723,12.930754370713803,0.22599999999999998,0.47919999999999996,22.0,0.0928,0.017599999999999998,0.20152548375672108,-0.04695128626163106,1.65681960140378,0.6700026040595919,1.0,0.6632825418996994,0.6436843281913704,0.7088308069499292,0.5702105237359998,0.6082686098570955,0.8730158730158731,0.8963559132573217,0.523154741946188,0.8453518694503274,0.5272112479710851,0.7431136261857265,0.9462212745794835,0.8816868040748638,0.00324019414928504,0.00158730158730158,0.0,0.0,0.0,0.0,0.0,0.0,Gellert Karacsonyi,2911.0
23.692585849932176,213.22529679604645,-62.61707732361009,-15.32966532606713,-12.60598183960606,4.0,-0.4764129839841981,-38.64905206127095,-9.728311082553962,10.172345969872207,0.26659999999999995,0.44860000000000005,13.0,0.0748,0.0068000000000000005,0.07255959321926339,-0.46498116021354396,1.2096937245662884,0.883500590318772,0.90686471296668,0.8503352565102137,0.7887844611528821,0.5913435911691833,0.8047607225611199,0.511339297620484,1.0,0.9433962264150944,0.6533286182085496,0.6698738339606709,0.5391269378811131,0.7438368208194126,0.877788811651771,1.0,0.00165289256198346,0.0,0.0,0.0,0.0,0.0,0.0,0.0,Gellert Karacsonyi,2911.0
17.415721393392612,180.54434160484908,-62.585836543269025,-16.553193121493358,-11.473674982024923,3.995238095238095,-5.7732440858243175,-33.1899044598584,-11.101681751005923,11.5106237616998,0.18660000000000002,0.4622,24.6,0.0872,0.009600000000000001,0.19838848675970178,-0.11732583491248443,1.983574550915788,0.7700542005420055,0.8523809523809524,0.7172667440960124,0.5523428515980446,0.47518992467966337,0.36257569411645885,0.3936087223860912,0.8591028295376122,0.7455129694154085,0.7723142958137655,0.7762260620048655,0.5757371778686731,0.4608140180780689,0.7373611742328604,0.772271184896723,0.00158730158730158,0.00158730158730158,0.0,0.0,0.0,0.0,0.0,0.0,Gellert Karacsonyi,2911.0
20.181313407632558,198.3417386018237,-67.70498665169885,-15.23681864235056,-14.170205834407389,3.9957446808510637,-2.103738601823708,-38.97915400202634,-10.348700101317124,9.137885849375213,0.189,0.34559999999999996,20.0,0.0688,0.004,-0.19110199257007765,-0.48902397838568046,1.1587848699763594,0.8456692913385826,0.6368364810860341,0.8775375847603188,0.70174580450171,0.5047782651443231,0.6020715616544063,0.4648581644895935,0.8209119208936093,0.9277055484343528,0.809776902887139,0.5872703835134728,0.3460627589503721,0.7077583931118862,0.6572378241303347,0.9307086614173228,0.0,0.0,0.0,0.0,0.0,0.0,0.0,0.0,Gellert Karacsonyi,2911.0
14.363030976772109,128.76232594237914,-69.57532859445993,-17.867573325020135,-12.967288207607476,3.998214285714286,-3.740341858692923,-41.858957039808104,-12.055926618692578,14.916544169647006,0.1782,0.35119999999999996,27.6,0.13699999999999998,0.008400000000000001,-0.003283425269240878,-0.6868288462260093,1.2062864604531272,0.4794138616833653,0.7132151300236407,0.5716064392660136,0.22675207324852714,0.5039272392960336,0.32336832526548837,0.47994421929528314,0.7608057337986416,0.652242504409171,0.5154154752523546,0.4995918420953882,0.37720396637772524,0.5198357349243874,0.6890169424743894,0.5941439453638035,0.00106382978723404,0.0,0.0,0.0,0.0,0.0,0.0,0.0,Gellert Karacsonyi,2911.0
18.47508190762542,172.08962870450424,-62.19833986281473,-15.86976004505904,-11.967122083979373,3.997862078926728,-4.597994474733466,-35.268135769986856,-10.650840629945549,12.157651061962822,0.2130913838120104,0.4581122715404699,19.704960835509137,0.077396866840731,0.0105587467362924,0.0803932283244822,-0.2744459036460936,1.3109727587082805,0.6664724807247341,0.8550397606957031,0.7749334222038633,0.5486720326135851,0.577235010296596,0.5034141570072403,0.5018678268969139,0.8566269590812657,0.8213782635136725,0.7667004735167384,0.614541469815527,0.4106367547646153,0.6105166582105699,0.7908410394993602,0.835953714083075,0.0917747448591002,0.035775684608967,,,,,,,Gellert Karacsonyi,2911.0
15.766328708387533,159.91339279118694,-56.61362301327847,-13.989996948820476,-11.141314916411554,4.0,-4.998211446740859,-31.92225333622393,-10.432011249217132,11.870164884135473,0.17539999999999997,0.5858000000000001,20.6,0.07060000000000001,0.0,0.020364937129643,-0.09604237927767337,1.5212965907083555,0.6893518141051773,1.0,0.6966734610680799,0.7863412148389727,0.6964044027721157,0.6093115006567922,0.49431308601712187,0.8385026737967914,0.6977520922759647,0.7889359967386873,0.5362021893959377,0.5220900711147347,0.5505725415590886,0.8726212800652263,0.7346106807990216,0.0,0.0,0.0,0.0,0.0,0.0,0.0,0.0,Gellert Karacsonyi,2911.0
15.39305641409052,136.64386394951597,-57.12757069574229,-17.44073739582397,-11.19192204595155,4.0,-3.4004144716362257,-33.951941049315955,-12.022072737474188,16.879517004459597,0.18160000000000004,0.3232,33.4,0.1282,0.028000000000000004,0.18382957793339044,-0.16178167959850973,1.009633690609171,0.39713560634428613,0.8390316205533598,0.6860609461175775,0.632890507959861,0.5088082144982013,0.44715077207752324,0.2540775095548152,0.7466060337178348,0.6705161256332179,0.5384410660233498,0.5756800126080757,0.19334295823484576,0.23999929551617485,0.8042815879772401,0.7665418550867178,0.07442081727796011,0.025174825174825177,0.0,0.0,0.0,0.0,0.0,0.0,Gellert Karacsonyi,2911.0
18.915200140893685,175.37019887515095,-71.80997713180406,-16.100811162257884,-12.290193440332526,4.0,-8.123365601068478,-39.62832980307702,-11.848577709272549,12.181300584204395,0.198,0.5334,17.4,0.038,0.0,0.14865442415351673,-0.3717677419518228,1.0252573246091523,0.6522848903793357,0.8592442645074225,0.7979301846294542,0.8330049261083744,0.4083623909713969,0.21920713426494642,0.4121463214233894,0.8798570294765703,0.7845521405085454,0.6489195828183918,0.8135350238931718,0.1284434312887286,0.5726271913204762,0.6875983061101028,0.7475850447739993,0.0020408163265306,0.00408163265306122,0.0,0.0,0.0,0.0,0.0,0.0,Gellert Karacsonyi,2911.0
17.90371962298433,168.1022354076766,-71.74714181100369,-15.90466348701643,-12.520635830232994,3.998214285714286,-8.886012377924143,-40.92695983798925,-11.78296843061549,14.275883867060339,0.1766,0.4154,26.4,0.0588,0.0024000000000000002,0.144562987357105,-0.24702778408660758,1.3882882882882883,0.6434310534433305,0.6966333998669327,0.7104431205911144,0.4214636920225739,0.45851097249793626,0.4902907702104799,0.4087899020135569,0.8704817518248176,0.6898632515989918,0.7349405148888242,0.3071424296716895,0.41255416804977535,0.5266814118844143,0.6774667827493563,0.6611882640978319,0.0,0.0,0.0,0.0,0.0,0.0,0.0,0.0,Gellert Karacsonyi,2911.0
17.542845329964635,173.25464669009924,-76.47077861763007,-15.256952853468082,-13.490287843374432,4.0,-6.700559850066654,-47.14344139792337,-10.455628064066396,12.57609139126887,0.20400000000000001,0.5154,19.6,0.055600000000000004,0.006,0.46489831717709895,-0.06435221245502762,1.4207118343053255,0.7213969594394569,0.8301484755752011,0.8596395783747024,0.38563659902224456,0.5646167981846161,0.3918098176091734,0.4288144916209573,0.8542219199818657,0.7090332086591863,0.8795476250314149,0.5249347345439472,0.35684623465467624,0.5078677778854056,0.787864197484555,0.6794137505485891,0.0,0.0,0.0,0.0,0.0,0.0,0.0,0.0,Gellert Karacsonyi,2911.0
19.405271519943653,183.2822583870125,-68.46398968634654,-16.35479590561558,-14.419927168595496,4.0,-3.929745918680345,-40.628616952387446,-10.459599366074775,13.3286956250071,0.188,0.20060000000000003,18.4,0.0974,0.011600000000000001,0.11931097554048373,-0.3234179703032162,1.357399032071163,0.7176261652201864,0.9033557046979865,0.8616666666666667,0.559774377129001,0.7198701727362746,0.20151426309328874,0.45248890600359404,0.939344262295082,0.7845637583892617,0.8523489932885905,0.3849998274147374,0.5214641594342655,0.6725409836065573,0.6428204422928815,0.7376957494407159,0.0,0.0,0.0,0.0,0.0,0.0,0.0,0.0,Gellert Karacsonyi,2911.0
16.77461345044347,156.95493498665292,-77.84806370351235,-16.265161456987858,-14.04744181425031,4.0,-7.1507698269181095,-45.60891328683372,-11.050287780935161,12.274510462412813,0.2344,0.4098,23.4,0.0718,0.010199999999999999,0.3724166020838714,-0.3864362352535951,1.7015753035391374,0.6529415502391256,0.7605183958137289,0.5879425096138066,0.5988869832048107,0.41013697677287225,0.525650038442346,0.38178299063224336,0.7707551995565599,0.762982269507733,0.5404864283843246,0.5716927348904643,0.4687899011638278,0.6803259420961779,0.9395999459386403,1.0,0.00632911392405062,0.0,0.0,0.0,0.0,0.0,0.0,0.0,Gellert Karacsonyi,2911.0
21.740758085556205,204.53978774384117,-65.52249681698774,-15.478613347727649,-12.237756184537549,4.0,-2.0845416310557328,-38.958436867437364,-10.4726705501327,9.709521763903258,0.185,0.45120000000000005,15.8,0.042800000000000005,0.004200000000000001,0.13374938899134842,-0.010666666666666661,1.1433950939378943,0.856313725490196,0.884090909090909,0.7169184060721062,0.6820570409982174,0.4576812144212524,0.31018348571099996,0.5159812546719567,0.838121212121212,0.7713548387096775,0.6905923753665689,0.5606325110689436,0.10299056983497205,0.9681818181818181,0.8279536541889483,0.8112745098039216,0.0,0.0,0.0,0.0,0.0,0.0,0.0,0.0,Gellert Karacsonyi,2911.0
20.572440855103395,177.15200079813084,-57.854091626411865,-16.48695727333498,-11.755094577105224,4.0,-5.653444329914918,-32.064047930147,-9.416555191942189,13.522007676032445,0.2162,0.5044000000000001,18.8,0.087,0.022399999999999996,0.22925783947455775,-0.5829334250386882,1.4065196622472165,0.5819021336667545,0.8278145695364237,0.8036084113432536,0.5452920416351908,0.7756574294348357,0.796284504120325,0.3282815585334608,1.0,0.8938082685012537,0.6151139332774637,0.5614087334908341,0.3587274622938904,0.765151243959191,0.9135197797420662,0.8945139169019765,0.01324503311258278,0.0,0.0,0.0,0.0,0.0,0.0,0.0,Gellert Karacsonyi,2911.0
18.860045589267724,182.29622775246673,-51.412746516379116,-16.678179719238262,-10.334832695369872,3.995238095238095,-1.4441187788421148,-27.998289668097208,-10.286853371167727,11.334289621097962,0.22880000000000003,0.2798,19.8,0.08820000000000001,0.0082,0.11518037429023793,-0.27911835291145637,1.5312466256010762,0.7099618692705632,0.8523809523809524,0.684531065032268,0.5803239932701227,0.7547771795165541,0.2842432931472509,0.47716863329132775,0.993103448275862,0.9404761904761905,0.8876026272577997,0.4278347249084076,0.5306366652515055,0.5266974071103983,0.7246872493985566,0.7686781609195402,0.0,0.0,0.0,0.0,0.0,0.0,0.0,0.0,Gellert Karacsonyi,2911.0
18.801662729806868,165.4141147881855,-59.12770000607045,-15.286188024259525,-11.551168417574747,4.0,-1.3310587717367377,-36.504926161527784,-9.480497129514363,11.026138498542716,0.25220000000000004,0.6302,16.6,0.0756,0.013000000000000001,-0.046645222033343356,-0.12743275019304073,1.91741693081958,0.7827141112855399,1.0,0.7046259296259296,0.5089851558338954,0.6679935610607879,0.6727398418574888,0.3269834507229465,0.8035159285159285,0.9081632653061223,0.8294526901669759,0.7861535523300229,0.617364381650096,0.49664343592915017,0.7714749536178107,0.7076377637302007,0.0,0.0,0.0,0.0,0.0,0.0,0.0,0.0,Gellert Karacsonyi,2911.0
18.925625321836687,182.01864662422992,-62.71470010644517,-15.511834459989995,-14.327414892489973,4.0,-3.715448891420975,-33.527022412615636,-9.970263385667174,10.337283935738572,0.2202,0.5282,17.4,0.038,0.010199999999999999,0.06502434089672374,-0.5574291776684598,1.885792439531223,0.7750825971414207,0.8676470588235293,0.817823026646556,0.5163955325720031,0.7501508295625943,0.3907940099116569,0.426131221719457,0.7837606837606838,1.0,0.8228991596638655,0.7313025210084033,0.6713926596279538,0.800729009552539,0.9013574660633484,0.9367521367521368,0.0,0.0,0.0,0.0,0.0,0.0,0.0,0.0,Gellert Karacsonyi,2911.0
19.100702959931475,172.09878747501665,-61.228788962805694,-16.338201199200533,-11.334353253278724,4.0,-6.9251736937279915,-31.750359760159892,-11.873890358808415,12.993189302369847,0.1708,0.359,29.0,0.0898,0.0132,0.18188312553535732,-0.3277437898543828,0.42638088893118875,0.5831641798549395,0.705215124200347,0.809541517776028,0.5929757007072938,0.4762069235321748,0.2512221924045129,0.4610440068577052,0.6970035299508732,0.6377582240770303,0.5180724799818988,0.4822606135529955,0.08879763871727894,0.6623727577841187,0.8463157894736841,0.6951340615690169,0.00632911392405062,0.0,0.0,0.0,0.0,0.0,0.0,0.0,Gellert Karacsonyi,2911.0
18.357352334338845,160.81106191435572,-55.92734827659958,-16.229097753818113,-12.084873026380194,4.0,-3.2963585329093563,-29.713587719666027,-11.304348929428096,12.700917685602207,0.2152,0.3566,21.6,0.0972,0.0226,0.0035792754285192572,-0.1847938259972181,0.8996042683119689,0.5815677842001786,0.8413223140495868,0.695629622574776,0.4644900543705637,0.5429868828909716,0.5930578512396695,0.4751269654536244,0.8954251908052206,0.9203665821127567,0.6963321202463019,0.34261618114121395,0.2562825558263725,0.6380245297256999,0.7778620783091722,0.9487603305785124,0.0,0.0,0.0,0.0,0.0,0.0,0.0,0.0,Gellert Karacsonyi,2911.0
20.26044836100816,184.206228711971,-57.49817311388286,-14.640525121308196,-11.108719115360197,3.99783594970132,-5.787937847152279,-32.28690676876175,-10.12967583550256,12.457755624500813,0.2266097560975609,0.4297926829268292,17.524390243902438,0.0708495934959349,0.0091016260162601,0.1098458215824417,-0.3103104019053942,1.2895451453616245,0.693316631414626,0.863954708083828,0.8557263830611271,0.6105647440920885,0.6190482472215942,0.5458492169416708,0.6202226447207126,0.8913807976523772,0.8530118650308031,0.8467716963792392,0.5866445283266623,0.4175769277006754,0.7519247210843085,0.8336916868902845,0.8798143391852746,0.0615531719813325,,,,,,,,Gevorg Harutjunyan,2882.0
18.886784408120615,186.65129760368097,-52.066616688877126,-15.320046670705898,-10.520236083343374,4.0,-2.4504672558678644,-29.67790627222676,-10.221443224625272,12.123482817892048,0.2298,0.5328,18.0,0.06900000000000002,0.0,0.09112126041639224,-0.2046249220691411,1.394326468832047,0.7172306090577824,0.9197466597258372,0.6366019160342293,0.5289565906924072,0.5262093082458881,0.8146808531283962,0.5520947697462668,0.9347562033663023,0.8690265486725665,0.990625,0.6053502321981424,0.6270178575297061,0.8240718074255404,0.6556818908280592,0.8336283185840708,0.0,0.0,0.0,0.0,0.0,0.0,0.0,0.0,Gevorg Harutjunyan,2882.0
18.559499722368788,176.57284103619148,-61.16373191574938,-16.794044949372292,-10.604059599433935,4.0,-3.1601931921251563,-36.72821062439162,-10.600434222128701,12.723210671702327,0.24559999999999998,0.3022,18.0,0.0416,0.009,-0.040936493568072524,-0.0511550494862433,1.623277158257903,0.7288224325874928,0.8945079017368174,0.8111178480154383,0.48183214087447457,0.610639864206872,0.3631502794669158,0.4743098796180988,0.9007471980074719,0.8740556247405562,0.734577922077922,0.42511332467389573,0.4828943687934445,0.808150579546437,0.8593140664418929,0.7757660512178586,0.0,0.0,0.0,0.0,0.0,0.0,0.0,0.0,Gevorg Harutjunyan,2882.0
18.758412257648637,171.35338258871752,-62.1840996194156,-16.991537329961485,-11.191771393435861,3.992857142857143,-6.739384472983917,-32.42792267896399,-10.685322556651958,11.858981669724468,0.1796,0.512,24.0,0.038400000000000004,0.0,0.2775350820647592,-0.28105320573213666,1.5832407728797873,0.5949251823151083,0.7120780660900421,0.7872521623419827,0.5739757087132924,0.5894897786127091,0.6411638230247452,0.5904063630564808,0.9063977308540814,0.783542430103673,0.7424972277666889,0.4570154908621011,0.5452248444287895,0.8799295526593871,0.8141589267285863,0.9223529411764705,0.00860501219782656,0.0,0.0,0.0,0.0,0.0,0.0,0.0,Gevorg Harutjunyan,2882.0
19.36715134041373,185.25073699696765,-57.20894051312896,-11.90992474370843,-11.800568401568828,4.0,-7.298467545510755,-33.6293826342321,-10.163123938879457,13.592526750770611,0.20420000000000002,0.45220000000000005,23.0,0.045799999999999993,0.0114,0.31753575214729235,-0.35055740213778425,1.0101694490656445,0.6952949188498556,1.0,1.0,0.6662635978472461,0.6368745808182428,0.4469281585964223,0.5295391863375374,0.9647887323943662,0.9626016260162601,0.7247337684644453,0.6311494986177225,0.30984081640032746,0.8164682058977742,0.7043100881713042,0.7885331501202335,0.01666666666666666,0.0,0.0,0.0,0.0,0.0,0.0,0.0,Gevorg Harutjunyan,2882.0
16.681441980783443,148.74124749234505,-41.72821062863818,-15.544147397318127,-9.594628324763194,4.0,-2.2171301868862843,-23.30727483898216,-10.12268957871397,15.05765969802555,0.27480000000000004,0.23679999999999998,20.2,0.0398,0.014199999999999999,0.019655791363108445,-0.38467384647872455,0.9619138422553057,0.46492019495251935,0.9621621621621621,0.7122011387071627,0.6325363856095563,0.6757829520274421,0.40379060630368296,0.4417298876094057,0.9363636363636363,0.8232596232596233,0.8037703640113278,0.44651915410187526,0.35876429888066674,0.7703963333407942,0.7974818191685662,0.8692312246529112,0.0072072072072072,0.0,0.0,0.0,0.0,0.0,0.0,0.0,Gevorg Harutjunyan,2882.0
21.456396547091362,174.8077033768109,-60.27366094595378,-16.928987848977805,-12.07757462528905,4.0,-10.238985943970743,-28.52169773563117,-11.483158335059718,14.976743542974706,0.22799999999999998,0.45859999999999995,21.0,0.05500000000000001,0.0086,0.04114335806338468,-0.13424943234378942,1.1629856357852115,0.6451655661411759,0.7668409639141347,0.7752864157119477,0.6856633881024125,0.382478434901891,0.6438739983420835,0.5538073147517879,0.7820316269096758,0.8981818181818182,0.7374468085106383,0.35299894593096465,0.39270323172762195,0.8311732711732711,0.8553436807095345,0.7352200783129688,0.0,0.0,0.0,0.0,0.0,0.0,0.0,0.0,Gevorg Harutjunyan,2882.0
19.076639713834837,183.74559765657327,-59.43417789222481,-14.123604202872496,-10.672649171549743,4.0,-5.033395329127036,-34.67562056434007,-10.249521226960251,11.320612602624799,0.2452,0.36860000000000004,15.8,0.1096,0.009,0.12567396347884152,-0.12017738359201773,0.800553538968173,0.7330434193592088,0.9108108108108108,0.8812097812097812,0.43648801450515035,0.7615037593984961,0.7222431490724174,0.5257168468841156,0.9113513513513514,1.0,0.8876071193144364,0.5261602258778125,0.28793886111854883,0.6263049776946544,0.9059635575425048,0.9323214099850814,0.0,0.0,0.0,0.0,0.0,0.0,0.0,0.0,Gevorg Harutjunyan,2882.0
13.984359448139935,143.5646194875585,-55.592029630743454,-16.667691960252935,-8.825988733970842,3.985185185185185,-3.996843844953601,-32.1072990063234,-11.334648312392215,13.355257041964359,0.23700000000000002,0.21680000000000002,24.2,0.094,0.0038,0.13987531822287919,-0.1503013468013468,0.8983793216720046,0.45057217711741543,0.7308694420843953,0.7458402382294305,0.37295568441617355,0.5080472631546263,0.38653282598034133,0.4769780249052943,0.906060606060606,0.769097330293777,0.8248106060606061,0.17976190641060913,0.15515393558389343,0.5462864875500543,0.7228405550835457,0.7408959120211087,0.0,0.0,0.0,0.0,0.0,0.0,0.0,0.0,Gevorg Harutjunyan,2882.0
16.840926712603412,142.82078724978484,-66.11406320721628,-15.019134969808922,-10.941960309241825,4.0,-9.390841633992519,-41.54105938473619,-10.398456379385845,17.177389469949013,0.19479999999999997,0.4640000000000001,27.2,0.0744,0.011200000000000002,0.22822279489360559,-0.0888303242919483,1.0312142450888118,0.4224588379933672,0.8058485463150777,0.7343278856849491,0.3281631429980989,0.4237215483708491,0.45634359947452924,0.5302629490592381,0.7174541010037968,0.6516882508971757,0.7791413116970926,0.6076044652120236,0.28655879540505386,0.5969989782513501,0.7003222989600698,0.7237421608319441,0.0,0.0,0.0,0.0,0.0,0.0,0.0,0.0,Gevorg Harutjunyan,2882.0
20.247420241049273,158.05458466264918,-68.91004070886596,-15.846023868604513,-12.11019874974981,4.0,-3.5252629091338767,-44.083938910551815,-10.296543778801844,12.951927507975892,0.2262,0.5189999999999999,18.2,0.0172,0.0,0.08382754342431761,-0.0498174406238922,1.416191657804561,0.4983053083336265,0.9235550708833152,0.64362592488362,0.640133060118901,0.7349509269356598,0.5494606067002028,0.4160468040946987,0.8608233369683752,0.9261904761904762,0.8036032351872044,0.6493275172664486,0.24569042342374034,0.5197906040032364,0.7557070156306798,0.8551254089422027,0.0015267175572519,0.0,0.0,0.0,0.0,0.0,0.0,0.0,Gevorg Harutjunyan,2882.0
20.205548780487806,172.83833333333334,-54.77059623015873,-16.51260162601626,-10.023197856174992,4.0,-2.959756097560976,-33.90924796747967,-9.745975609756098,14.380182926829269,0.24180000000000001,0.2968,18.4,0.041400000000000006,0.0,0.035121951219512205,-0.08642276422764225,1.9315040650406505,0.6467060371230964,0.7916417215252763,0.8182021710361875,0.47858108628181883,0.6942159159926382,0.5316266003677026,0.6337752959144711,0.8507318314878451,0.9761232022400407,1.0,0.3225168515072031,0.5970756548951652,0.6823509274715154,0.6891556949447274,0.8871692957396597,0.0,0.0,0.0,0.0,0.0,0.0,0.0,0.0,Gevorg Harutjunyan,2882.0
22.74305337327964,192.5211522481425,-53.86687403592765,-15.258905946599592,-9.742444278512334,4.0,-7.519913919066093,-27.099155275121795,-9.656020026122714,11.40956540949487,0.23900000000000002,0.317,11.4,0.0938,0.029400000000000003,0.13593136779929693,-0.41940491370589844,1.6542984074445861,0.767741935483871,0.925,0.8808333333333334,0.7869394177812745,0.6499868483126316,0.577759150085974,0.7983274894810659,0.9032244729226953,1.0,0.9775,0.48642991938334534,0.40906669644881244,0.7757671125098348,0.8927536231884059,0.9390243902439025,0.0,0.0,0.0,0.0,0.0,0.0,0.0,0.0,Gevorg Harutjunyan,2882.0
19.532587184519915,179.40076319911176,-62.31474710481316,-13.800388588195641,-11.576355879769052,4.0,-5.90511756775511,-39.8335360534507,-10.722473978469042,15.523124962826383,0.2138,0.36060000000000003,21.0,0.10400000000000001,0.0086,0.34392434425741986,-0.28864509605662286,0.8854277444041317,0.7198209718670078,0.5859254570122715,1.0,0.23676824058007692,0.5716798878726139,0.6473654360957235,0.4700731139913592,0.8239350912778904,0.7131713554987212,0.8741442339647725,0.44412152496968044,0.4224658109629133,0.7264377081521393,0.570105028837271,0.7298218537789929,0.0,0.0,0.0,0.0,0.0,0.0,0.0,0.0,Gevorg Harutjunyan,2882.0
18.75186209295248,172.97988957001868,-59.963293048286076,-15.961045171949047,-12.210682292231995,4.0,-4.566301465153689,-33.06407112734229,-10.308569192643798,12.147376201034737,0.2182,0.457,17.6,0.034800000000000005,0.0036,0.12657101865136297,-0.5020912134255033,1.3848693535063694,0.7549848309480899,0.8724996182623302,0.7345866204985851,0.566259379029978,0.5229469587759266,0.6505756038407874,0.5107687242461614,0.9747747747747748,0.9711711711711711,0.7339589623489445,0.7088593066405305,0.4627256788784254,0.8841338786202989,0.7947061361948633,0.9903614457831325,0.0,0.0,0.0,0.0,0.0,0.0,0.0,0.0,Gevorg Harutjunyan,2882.0
21.510787433700536,204.1704499964,-60.911243946638,-13.166198670410637,-10.589499000597565,4.0,-4.749205606355149,-37.531156950744396,-9.517249382004945,10.642065663474693,0.2138,0.5795999999999999,14.2,0.069,0.0,-0.026664026687786484,-0.0245751633986928,1.4430240558075533,0.8588235294117647,0.8703267973856208,0.8661960784313726,0.5316665962282057,0.5679768961848305,0.7100876032016135,0.638541404839493,0.9176470588235294,0.9133333333333333,1.0,0.6410050159598722,0.4545413751811937,0.4842921787357408,0.9764705882352942,0.9651162790697676,0.0,0.0,0.0,0.0,0.0,0.0,0.0,0.0,Gevorg Harutjunyan,2882.0
20.69053937361732,210.3989650588616,-61.08765578537998,-14.392248824631134,-11.92664137215033,4.0,-11.20898260864204,-30.246999019710596,-10.342635662322602,13.02985170207673,0.23959999999999998,0.27,16.2,0.1082,0.004200000000000001,0.07993403620020853,-0.7385614862870727,1.0892360470935638,0.9456521739130436,0.9296801902999867,0.835684957073535,0.7517395709440112,0.6105034324942792,0.29394023912695705,0.49264829511336156,0.9891304347826088,0.7764992731597726,0.7768996960486322,0.6218186771276016,0.359717772692601,0.9546253469010176,0.7951345755693582,0.9304347826086957,0.0,0.0,0.0,0.0,0.0,0.0,0.0,0.0,Gevorg Harutjunyan,2882.0
19.423502886002883,183.7200036075036,-57.94255033684349,-12.471801346801346,-11.236715199758354,3.985185185185185,-4.560681216931218,-36.27722162097162,-9.683639971139971,12.302323833573833,0.22599999999999998,0.3016,18.6,0.11339999999999999,0.0162,0.18535654160654158,-0.18063973063973063,1.178637566137566,0.7182777700283628,0.7135752313200353,0.7687893936100847,0.4606018495240237,0.649268329078364,0.7179160176531673,0.555623701973001,0.7655887230514097,0.9469626168224299,0.9027777777777779,0.622571859378396,0.36676243389118307,0.3907543082241477,0.7090632471201912,0.7226907194088242,0.00138888888888888,0.0,0.0,0.0,0.0,0.0,0.0,0.0,Gevorg Harutjunyan,2882.0
17.55200883513275,152.69502665448525,-49.55572521865027,-15.072542906764761,-9.220993504694814,4.0,-7.0798471180710845,-26.24378742906267,-11.201858531108702,15.26330427105176,0.20739999999999997,0.4034,23.0,0.1062,0.030199999999999998,0.1442604580096085,-0.07498257839721252,1.4172221138875218,0.5121188470233011,0.8627450980392156,0.7921925054926172,0.5389511838759045,0.6315480528494584,0.3076559543953625,0.48122471910857645,0.8030812324929972,0.770252100840336,0.7989478718316595,0.6591832223240282,0.29910688681852465,0.45710836137790833,0.694659657487877,0.8556193208990914,0.0,0.0,0.0,0.0,0.0,0.0,0.0,0.0,Gevorg Harutjunyan,2882.0
20.514398793426253,191.44352541432633,-62.501052682466096,-15.125698633936619,-11.313921068847067,4.0,-4.712081339712919,-35.497879828028566,-10.661634075306845,10.810162263365925,0.21939999999999998,0.40659999999999996,17.6,0.09219999999999999,0.0046,-0.052384716732542816,-0.18105263157894738,0.8312828513972679,0.702027380993958,0.9355932203389831,0.8936708860759494,0.7159916741254821,0.8009869197980048,0.4954403976016109,0.5268717521764626,0.8498013489790261,0.818460685577012,0.7265919380444004,0.5986194369777198,0.3090419357826471,0.9081804344548889,0.9677173191771731,0.9518987341772153,0.011678832116788319,0.0,0.0,0.0,0.0,0.0,0.0,0.0,Gevorg Harutjunyan,2882.0
16.74689199051268,159.51129903302316,-56.27445862112406,-14.389186888037463,-10.783074141406242,4.0,-15.938948184637837,-23.593217478562305,-11.360503557744938,15.790471629264733,0.1944,0.4796,18.8,0.060399999999999995,0.0204,0.11757221918141458,-0.09566502463054186,1.5812242291552636,0.6320263498837785,1.0,0.7463833212666235,0.5020867469420416,0.8102432712215322,0.5033581204577378,0.6925847210049664,0.8403014137103227,0.768951720458789,0.6456661776473727,0.3639765864219512,0.6284509202453987,0.6980212818656404,0.838505982547727,0.8267299533843946,0.0,0.0,0.0,0.0,0.0,0.0,0.0,0.0,Gevorg Harutjunyan,2882.0
18.66516702274984,184.5946100560228,-48.704039669023686,-13.603435946705975,-11.572291966016063,4.0,-7.731299052833384,-21.993803275380248,-10.568634702535283,12.765425274447265,0.22139999999999999,0.394,15.4,0.0636,0.0032,0.4624550874560745,-0.25796419865200215,1.471051534813528,0.6558014503625906,1.0,0.8992873218304576,0.8047816091954024,0.7677354683498461,0.5745538626035819,0.5453381793724293,0.9725806451612904,0.9293474230626622,0.9340964034111977,0.5744085849048469,0.21039673136674972,0.578827609201151,0.8214156642608927,0.8853333333333333,0.0,0.0,0.0,0.0,0.0,0.0,0.0,0.0,Goltsev Dmitry,2859.0
17.446866569131835,167.44175378427957,-62.70261496603623,-15.49765249523879,-11.096249839331497,4.0,-4.349716877114078,-38.58102889060187,-11.172529559964728,13.994562696214729,0.25880000000000003,0.4624,18.2,0.09319999999999999,0.0,0.3496094101267311,-0.23424982177607365,1.1237750674252152,0.6536373795966155,0.812206572769953,0.7674084062318316,0.5060567402784721,0.6076731369002693,0.505535538814281,0.5146034848867564,0.8782060785767236,0.846868481390177,0.5785916642244328,0.37287206466585865,0.6402336499617862,0.4025753263661581,0.7258014837289751,0.770188080748875,0.0,0.0,0.0,0.0,0.0,0.0,0.0,0.0,Goltsev Dmitry,2859.0
18.690329380764165,166.89656653491437,-61.03442153956005,-15.74977602108037,-11.274906388044899,3.985454545454546,-7.22600790513834,-34.62384716732542,-11.017644268774706,14.872305665349142,0.20400000000000001,0.404,24.4,0.030199999999999994,0.0,0.19450592885375495,-0.27575757575757576,1.6057812911725957,0.55970841713118,1.0,0.8209705503823151,0.47397641988303807,0.505887912383593,0.3795904950001089,0.3523064428741157,0.860333513718634,0.76555312596532,0.6452940458092884,0.395467299297348,0.4165863282624029,0.6536660145044261,0.7154618288790139,0.8200459430171753,0.0,0.0,0.0,0.0,0.0,0.0,0.0,0.0,Goltsev Dmitry,2859.0
21.2549142163779,193.166256643749,-61.142496566624914,-16.149644117481067,-11.504147873685346,4.0,-5.141828617557978,-33.17230029745404,-10.42142357987272,11.246847919426251,0.1948,0.476,14.8,0.046,0.0,0.11780809676994564,-0.20585078717981914,1.2009334169922838,0.7416666666666666,0.7707617294053464,0.8306633291614517,0.6945298948246712,0.6973789352074709,0.5350302925890832,0.771985815602837,0.9403508771929825,0.8833333333333334,0.842962356792144,0.4855294615908211,0.2952320207952247,0.6910345717234263,0.8916666666666666,0.8375,0.0,0.0,0.0,0.0,0.0,0.0,0.0,0.0,Goltsev Dmitry,2859.0
20.48205437192712,210.6135605257238,-53.46744233189704,-10.687708473922681,-10.609228700353606,3.9695652173913047,-10.676554516533308,-27.461708281114433,-9.764422057264051,11.762614479899739,0.25,0.4636,14.8,0.09559999999999999,0.009,0.21950801760982036,-0.2624505928853754,1.7563668498345062,0.8773226773226774,0.7405224856444369,0.9658536585365853,0.671265726143775,0.6068006789958009,0.5267005352371206,0.6430961721205624,0.8142857142857143,1.0,0.9121951219512194,0.7933037694013303,0.4626960844034015,0.5965432941042697,0.7594666309300455,0.8615384615384615,0.0,0.0,0.0,0.0,0.0,0.0,0.0,0.0,Goltsev Dmitry,2859.0
19.29371697268249,196.90296909986566,-57.99691421503667,-13.899328257948948,-10.233989897974416,4.0,-6.579802955665025,-31.7269144648455,-10.224343931930138,10.667465293327362,0.2116,0.5034,14.2,0.0956,0.0068000000000000005,0.12844155844155844,-0.08896551724137931,1.187102552619794,0.7511192288744504,0.8794326241134751,0.7091841840157416,0.6875840529861948,0.6359112499186674,0.4922984403060733,0.6639965422046235,0.9171631205673758,0.9786524822695035,0.9119148936170213,0.8254798620599908,0.20581365085561845,0.43885827366008023,0.7098087859670177,0.7955002184359984,0.04403669724770642,0.0,0.0,0.0,0.0,0.0,0.0,0.0,Goltsev Dmitry,2859.0
18.729155158138763,182.27489600927305,-83.29229621039397,-16.396621957277695,-12.787997651029833,4.0,-9.850409836065573,-49.79860241761881,-10.972433184302037,12.513768835899985,0.22560000000000002,0.394,21.8,0.038400000000000004,0.0032,-0.000908594138102331,-0.1323672793508859,0.9792280178837556,0.656148276944277,0.8990099009900991,0.8099113478666624,0.6740352655955252,0.4115882191766655,0.3843464217855459,0.38463639769000507,0.8618384847889177,0.7854269564887524,0.7418110086870755,0.3824149721031386,0.16765379216386775,0.5027348580657836,0.6439988901076529,0.8383758375837583,0.0,0.0,0.0,0.0,0.0,0.0,0.0,0.0,Goltsev Dmitry,2859.0
16.636580157613913,142.27150714200351,-65.21005640662378,-16.5458393577778,-12.171906886149857,3.9696827629317086,-7.486039310238864,-35.18268600923726,-11.964864336733285,14.171596730581593,0.183,0.3672,22.0,0.052000000000000005,0.0,0.1364508963454111,-0.0405026520687975,1.1924182940874428,0.6077683725505423,0.7242913722140251,0.4620542451126396,0.44683644721326604,0.43199518755864,0.49369263027102583,0.7391671460148357,0.8047180230100865,0.7212368305247081,0.6929177470613151,0.6239789012152798,0.10102124734930125,0.4537238914929576,0.927980119593073,0.7728818824260308,0.0,0.0,0.0,0.0,0.0,0.0,0.0,0.0,Goltsev Dmitry,2859.0
19.25814386699936,213.02320446341372,-59.9798981992378,-14.653741499665893,-10.883794801989822,4.0,-7.272722911426992,-32.29282574957594,-10.404676026465221,11.52786278988608,0.20779999999999998,0.469,17.4,0.034999999999999996,0.0054,-0.03379006553181589,-0.44363076018529624,0.7524814203279385,0.9223529411764705,0.6943024862755971,0.8339391650931886,0.801693904330192,0.6629133692429293,0.5050603282022611,0.3585633189298347,0.8373615199357773,0.8772277227722771,0.8720792079207922,0.5803565747268318,0.5364127681371964,0.2853387779646962,0.8135586499060196,0.8111401926868803,0.0,0.0,0.0,0.0,0.0,0.0,0.0,0.0,Goltsev Dmitry,2859.0
19.963971390927913,205.9499512987013,-55.09098443045029,-12.537210615471484,-13.209964996985212,4.0,-4.185297854319593,-28.744588744588743,-9.635170807453417,9.221248588368153,0.2206,0.35100000000000003,11.4,0.0428,0.0036,0.09001788067005462,-0.24347826086956523,1.239753199698852,0.808235294117647,0.9317647058823528,0.9076923076923077,0.7391000900208061,0.8588235294117647,0.5038070454694495,0.525609488550665,0.9608695652173914,0.9221719457013574,0.7998930481283422,0.753475935828877,0.3156986151103798,0.38142059986049753,0.6482252189413314,0.8006993006993006,0.0,0.0,0.0,0.0,0.0,0.0,0.0,0.0,Goltsev Dmitry,2859.0
16.945186897516944,189.85866081678222,-69.7799059902407,-15.045506439590508,-11.318940444801886,3.9853658536585366,-13.74031859854382,-35.87738201946817,-11.451979997169412,13.668855655674545,0.18360000000000004,0.4862,27.8,0.0828,0.014599999999999998,0.2214149801072479,-0.2462857951596924,1.1977201176267083,0.7015510754299109,0.6875273209629038,0.7338011184636952,0.3233472357470176,0.5528621584734109,0.5308502981201644,0.6647504523009535,0.857405964723038,0.6889066951222734,0.8529194382852919,0.42800761420562267,0.6365785643355597,0.4290695495963557,0.5805597819779205,0.5300083029912689,0.00122699386503066,0.05398773006134968,0.03680981595092024,0.0,0.0,0.0,0.0,0.0,Goltsev Dmitry,2859.0
14.839607843137255,133.38989215686274,-58.23005931242867,-17.783725490196076,-10.075621403931944,3.992,-4.540122549019608,-30.660114379084963,-11.396911764705882,12.234436274509804,0.1758,0.3364,20.2,0.05740000000000001,0.0058000000000000005,0.12225653594771242,-0.0767222222222222,1.0248807189542481,0.3469963853469957,0.8591905813097866,0.6571909492273731,0.28559416630973167,0.8606640912435614,0.4594274282560706,0.7047806291390728,0.7953734363502576,0.8012411727235784,0.6471762325239145,0.4280435845057274,0.4586465231788079,0.511444536423841,0.7343101545253863,0.8094462840323768,0.006666666666666659,0.0,0.0,0.0,0.0,0.0,0.0,0.0,Goltsev Dmitry,2859.0
16.651645726171402,141.28119137966343,-43.65576796374728,-13.876878721806625,-10.205850534482517,3.9898305084745767,-4.800453342649144,-22.523588407170497,-10.713235356711198,14.474407890598126,0.22519999999999998,0.42400000000000004,19.0,0.08600000000000001,0.0334,-0.047497701163271594,-0.42239649211569275,0.5356090411541967,0.4476278014853386,0.715275110628705,0.7053364640811596,0.6425109383628562,0.6687631084681448,0.4500572872066114,0.6508716548221496,0.8398755509463314,0.8690306274159976,0.7507840963092032,0.5617428054533609,0.3259615655644735,0.5511691671758201,0.5442257036540346,0.6443554236454434,0.0,0.0,0.0,0.0,0.0,0.0,0.0,0.0,Goltsev Dmitry,2859.0
18.40690100509527,157.93824338176123,-63.89257750763973,-16.091047300973987,-11.621283053874603,3.9192585459797784,-7.584998206482607,-32.36561454960513,-12.0115329959315,11.862640053248311,0.2092,0.3886,18.8,0.08320000000000001,0.0,0.09254756666414181,-0.5182027649769585,0.8979616631304193,0.5176759860893412,0.6801363675225394,0.6396822905252377,0.5490047304696724,0.6036445798039403,0.41607033351197203,0.7828019358525744,0.7847774586011348,0.7419381128973436,0.6325264670582023,0.5086818090388904,0.4923995141253692,0.4262917552247448,0.7753543149910174,0.6231815344571117,0.010126582278481,0.0,0.0,0.0,0.0,0.0,0.0,0.0,Goltsev Dmitry,2859.0
18.28534537493158,160.55371045429666,-51.538671488611875,-15.310837438423647,-10.661730601912359,3.96,-2.563965517241379,-28.071458675424196,-10.43204761904762,11.541368363437329,0.2158,0.337,17.0,0.047,0.0036,0.03411220580186101,-0.26579310344827584,0.9155298303229339,0.5732157355095209,0.9245207739613018,0.7137736261335081,0.7214827369742624,0.7456656833824976,0.47928919479951926,0.35898166202800963,1.0,0.9509203539823009,0.8702237888105595,0.394335190647875,0.23423118844057794,0.5053803976467843,0.7848377581120944,0.8453086419753086,0.0,0.0,0.0,0.0,0.0,0.0,0.0,0.0,Goltsev Dmitry,2859.0
20.829874569874573,197.33280053280052,-44.640277779917234,-15.411388611388611,-9.835404875044333,3.982222222222222,2.1893217893217893,-23.906105006105,-10.27045621045621,8.611532911532914,0.2548,0.5226000000000001,15.0,0.0628,0.014600000000000002,-0.03629481629481627,-0.6138838938838937,0.8078832278832279,0.7782414838594615,0.6849832190281628,0.9333333333333332,0.6825783454996939,0.6189519594013977,0.5297924297924298,0.7114606741573033,0.9707842469640223,1.0,0.8667273051542714,0.391404101516461,0.4898967698967699,0.786029526029526,0.8147315855181023,0.8595755305867666,0.0044943820224719,0.0,0.0,0.0,0.0,0.0,0.0,0.0,Goltsev Dmitry,2859.0
21.64484610760908,218.9675158061246,-44.20691873827216,-14.549591892047335,-10.702383257333302,3.9679745493107106,-3.8606596940158324,-19.582467954513245,-10.327943337406959,10.8481528477338,0.21339999999999998,0.49960000000000016,14.2,0.0588,0.0048000000000000004,0.14401149085238982,-0.30488928852422165,0.6960647927996473,0.8895238095238096,0.8799743466410133,0.8445855379188713,0.7078655406524259,0.6451649463671322,0.7411617081562436,0.8187012987012988,0.8325925925925926,0.9258391881342701,0.7553823953823955,0.7192818110850897,0.1456068885577082,0.7158441558441558,0.7769825236491903,0.9314285714285715,0.0,0.0,0.0,0.0,0.0,0.0,0.0,0.0,Goltsev Dmitry,2859.0
18.080058242073747,167.78130835618956,-65.56596709329149,-16.381493521528533,-12.741567673330678,4.0,-4.8812689283431965,-37.74935764364371,-10.77870479524643,12.966425468801063,0.1856,0.3738,23.6,0.1066,0.0212,0.17674067987896444,-0.396152741889176,1.3195884950073498,0.5524386600523751,0.8195295032565373,0.8078400881501656,0.5053484411179137,0.39394442092826626,0.2722100510800408,0.8223485794284793,0.8392603101789454,0.714447790890445,0.7710239898691342,0.39303754465568536,0.2727905344686222,0.4351979615269886,0.8177567201595888,1.0,0.00123456790123456,0.0,0.0,0.0,0.0,0.0,0.0,0.0,Goltsev Dmitry,2859.0
17.931213352845845,169.95624852136558,-77.21602095651778,-14.589423538894422,-14.576550067408395,3.9898305084745767,-10.106454528845317,-44.1350768602923,-10.795862415933174,12.997515946381236,0.2112,0.3864,21.0,0.04440000000000001,0.007200000000000001,0.28432629099142404,-0.23850420939593625,1.0890208711914322,0.6649042295346366,0.8037477059789433,0.7902515617313485,0.4444540938190212,0.5831752345504516,0.49130192574222953,0.22415397387451758,0.7478892759990925,0.7724939855653569,0.7135952055240701,0.58768348273681,0.410374478580526,0.5368135209693469,0.6947085510873516,0.79890560875513,0.0,0.0,0.0,0.0,0.0,0.0,0.0,0.0,Goltsev Dmitry,2859.0
18.612422076147336,174.24414250573113,-63.34525550079054,-15.114281610712183,-12.112883632964984,3.9929240427713055,-6.371302749754632,-35.625978271059275,-10.723555920913093,12.60982264184232,0.2147914783731439,0.4118105229180116,19.4770819883796,0.0659932214331827,0.0089709489993544,0.1087297988010395,-0.2710977452762454,1.238194183860625,0.6555011663215653,0.8434012412431413,0.7776300350740152,0.5893606036031827,0.6058005245418858,0.4883425514473739,0.556596821739368,0.8531134664849932,0.8341437269345877,0.7957110374557916,0.5166560181677742,0.3797830130935858,0.5675249310371381,0.7664805381187306,0.809980361919567,0.0492396331768009,0.0687274914787331,0.0503101481186828,,,,,,Goltsev Dmitry,2859.0
18.30731791706582,183.59782086572002,-51.93532320368079,-11.208960351817495,-11.086966891458937,4.0,-9.683002898128949,-26.890790659698222,-9.909622030630434,12.844019628053243,0.22199999999999998,0.46740000000000004,17.4,0.038400000000000004,0.0118,0.15452128326077905,-0.11570672713529855,1.065221159170739,0.7850047147534666,1.0,0.8217059060594636,0.6740367754415351,0.7108401274937777,0.6082693091537001,0.49027621614942474,0.9528396836808053,1.0,0.8956721782890007,0.4331049861820705,0.5107185279708985,0.8426229508196721,0.8969410174074699,0.8971962616822429,0.0,0.0,0.0,0.0,0.0,0.0,0.0,0.0,Goltsev Dmitry,2859.0
21.325858769359087,197.46346141322047,-56.38811681402391,-15.389706764468972,-14.04235990302287,4.0,1.8466271915542685,-34.67316177940781,-9.898344216124812,11.768828657446287,0.2212,0.43500000000000005,20.8,0.1066,0.0,-0.11437933812061903,-0.16157603386519048,0.5691065256759613,0.8035652815343004,0.8631505614293911,0.8380006512536633,0.4848708892168444,0.6160376198672239,0.2644860077304139,0.48627218080746476,0.8895418408327185,0.8863119143239626,0.8855421686746988,0.6492288883424856,0.3169676613308282,0.49380439574071244,0.9010847582276155,0.7957260754162647,0.0,0.0,0.0,0.0,0.0,0.0,0.0,0.0,Igor L. Vakhlamov,2925.0
21.508350851791427,172.1614613051853,-60.26025584535371,-16.268237602485634,-9.733412522232868,3.990243902439025,-11.215220919672275,-31.31743816503215,-10.771071012281677,15.05488047391187,0.22359999999999997,0.4504,25.4,0.056400000000000006,0.0048000000000000004,0.16974858835704437,-0.27387995471070414,1.3137856390113607,0.461466267490483,0.8561577391574919,0.8210896960711638,0.5534589734639154,0.6202701589654888,0.5028003418119553,0.5216723603479225,0.9929577464788732,0.8817623690863128,0.8283300844704353,0.34821246969999126,0.43171764731438567,0.6457411978242222,0.8186063750926612,0.8558191252779836,0.0019047619047619,0.0019047619047619,0.00761904761904762,0.0,0.0,0.0,0.0,0.0,Igor L. Vakhlamov,2925.0
15.727222481602528,140.7792504946753,-67.57078024582296,-16.806477689588476,-10.724344798169607,4.0,-8.074118588674716,-40.159853264856935,-11.941253918495297,16.135268013962072,0.20260000000000003,0.3942,20.8,0.08020000000000001,0.004,0.14347575535249785,-0.08452460036906109,1.1714445407857,0.4780012519735973,1.0,0.7978555083360576,0.33204628982995954,0.3208698388886276,0.45976698967080454,0.37147611240574296,0.7908817092235539,0.6658173787846119,0.819654135338346,0.41950339496261746,0.5191822203496945,0.4065811596705009,0.6648489729374683,0.727040498866716,0.0,0.0,0.0,0.0,0.0,0.0,0.0,0.0,Igor L. Vakhlamov,2925.0
20.275567016374158,183.08895983266333,-52.92217632740363,-14.888071379547018,-11.842464068031806,4.0,-3.128442004118051,-27.89176978135111,-10.351582704186686,11.180153609831027,0.1954,0.438,14.2,0.027800000000000002,0.0086,0.03494054972709741,-0.9093414387031409,1.1438191979605843,0.7546332825013533,0.8429702970297029,0.7468722909157275,0.8541254125412541,0.6501256604533693,0.42622087041572343,0.29182292448755487,0.9859682742467795,0.9223636649379223,0.8552853442026229,0.7802923149457802,0.19297161156370066,0.7299980299840849,0.943661971830986,0.8164773587763138,0.0,0.0,0.0,0.0,0.0,0.0,0.0,0.0,Igor L. Vakhlamov,2925.0
18.23575955204216,138.6905131752306,-66.17914321920028,-14.111027667984189,-10.760831624997385,4.0,-10.02812582345191,-38.14654808959157,-11.105620553359683,13.973010540184456,0.22940000000000005,0.2846,21.0,0.081,0.0084,-0.06640645586297758,-0.05905797101449275,1.0633096179183137,0.3579055077724296,0.7909420289855073,0.7794508009153318,0.7827826086956522,0.580816091954023,0.45091934296009895,0.3439980799074147,0.5767968515742129,0.9357816091954023,0.9246666666666666,0.20984497225071674,0.4432257818459191,0.546252794655304,0.7875574712643678,0.904695652173913,0.0,0.0,0.0,0.0,0.0,0.0,0.0,0.0,Igor L. Vakhlamov,2925.0
21.76979090613804,214.90494713265556,-65.99095806809956,-15.535467419074905,-12.401531827862211,4.0,-5.191014248246239,-37.3558030455081,-10.653622612970315,11.146481085562197,0.23079999999999998,0.5222,15.6,0.0178,0.0056,0.12269048969559464,-0.4018176088737631,1.6229224175962689,0.8845248349124318,0.8574160206718346,0.9434463571552774,0.6269155679233198,0.6084514663235048,0.5853202476414617,0.43079790743400304,0.8923456790123456,0.8661728395061727,0.9199999999999999,0.6514693096852721,0.5500644703931089,0.6567852553604274,0.8697674418604653,1.0,0.0,0.0,0.0,0.0,0.0,0.0,0.0,0.0,Igor L. Vakhlamov,2925.0
22.7759709367315,190.22177565392354,-75.0065676132887,-14.548750279454504,-14.98435355113802,4.0,-8.618856472166332,-42.697215515314106,-11.348356472166332,13.19096467695059,0.2056,0.4464,20.4,0.0102,0.0,0.0034539458976078825,-0.19315783590431473,1.4213607198748044,0.7756764974156278,0.732516874429918,0.7965034965034965,0.5525750516963331,0.5652962293236892,0.5411841065113376,0.5397031394743065,0.8405594405594405,0.8493426573426573,0.8753006993006993,0.605411765960965,0.4187243531957491,0.8153846153846154,0.716932073774179,0.8205283605283604,0.0,0.0,0.0,0.0,0.0,0.0,0.0,0.0,Igor L. Vakhlamov,2925.0
20.77520747241811,163.62601191712338,-63.519058959805285,-15.540107237556924,-12.771964062743908,3.996551724137931,-6.755388150495757,-36.943184862138196,-10.241405043746784,14.736438672738345,0.20939999999999998,0.3776,15.6,0.05600000000000001,0.0073999999999999995,0.07188065269538575,-0.10488505747126435,1.4999556813632986,0.6131570881226053,0.7592824799721353,0.7201593063117564,0.44519311689184643,0.7108888888888889,0.4503893746906451,0.7177501329080276,0.8442528735632184,0.7629360269360269,0.7586531986531986,0.4868076652795346,0.32223069167170804,0.8330604288499026,0.7939335887611749,0.8814814814814815,0.0,0.0,0.0,0.0,0.0,0.0,0.0,0.0,Igor L. Vakhlamov,2925.0
18.21410192147034,156.42426065162906,-60.9772196739013,-16.52110275689223,-9.817480325530381,3.9936507936507937,-6.9107769423558905,-32.67430242272347,-11.257533834586464,12.210325814536342,0.1982,0.39499999999999996,17.6,0.0466,0.0,-0.037116123642439394,-0.05794486215538843,1.3372999164578112,0.5384725557524812,0.976134288523669,0.6771456665261975,0.8004140786749481,0.7009936345287999,0.3466060565734529,0.2955603619563442,0.9268334418776896,0.9233881163084703,0.7368738956535882,0.4962158360327697,0.2985194953057086,0.7887218045112782,0.7139497133239665,0.9031746031746032,0.0,0.0,0.0,0.0,0.0,0.0,0.0,0.0,Igor L. Vakhlamov,2925.0
19.745927920685492,174.54135281900506,-61.409299477965746,-15.90718270389417,-11.05403979398449,4.0,-7.465981206632871,-35.1681064538949,-10.49188660852703,14.67789728896771,0.2274,0.5698000000000001,17.8,0.09,0.0086,0.1190145035199417,-0.07222262330549581,1.7933530503545518,0.6765656565656566,0.9404255319148935,0.5484698044272512,0.5544100580270793,0.3918375241779497,0.5985858585858586,0.4238426821405545,0.8539393939393939,0.9676767676767677,0.8751515151515152,0.34034171502256605,0.6994444444444443,0.3927702557489791,0.7326842897055663,0.6706060606060606,0.013333333333333319,0.0,0.0,0.0,0.0,0.0,0.0,0.0,Igor L. Vakhlamov,2925.0
20.00919162367179,173.36838817543065,-64.63473393157373,-16.592407972307615,-10.765454128987788,3.996363636363637,-5.7324958061731355,-37.51822042565795,-11.739800385232778,13.717281150421892,0.2246,0.29600000000000004,20.0,0.029200000000000004,0.0,0.10388265902738877,-0.022875816993464037,0.776711887850276,0.6402630324017599,0.996503282943961,0.6718775359233845,0.8038573785052658,0.5722131382108372,0.40512683729414534,0.614627337041928,0.7728452305136886,0.8665560558491521,0.7017779664741219,0.38513704295250484,0.3123719803049488,0.3736879221791645,0.7892751086527964,0.8312075756320016,0.0,0.0,0.0,0.0,0.0,0.0,0.0,0.0,Igor L. Vakhlamov,2925.0
21.21434035316254,174.5097072329899,-81.72263463722177,-16.623776628639853,-15.052832271401172,3.994285714285714,-3.7388263332412266,-51.06691009092224,-10.56282408321162,11.32824905590863,0.1974,0.43200000000000005,19.2,0.0182,0.0,0.05090557112593587,-0.3969207489572231,1.0913947222989777,0.5869389289693145,0.8928571428571429,0.7725300355983447,0.23782192183790016,0.6058920996882924,0.5680101656221058,0.4409437095823751,0.9161094224924012,0.8906455564124667,0.8756004438958092,0.6277805409720303,0.3487950695565477,0.48846299038105956,0.5805524449421426,0.7273593073593074,0.0,0.0,0.0,0.0,0.0,0.0,0.0,0.0,Igor L. Vakhlamov,2925.0
19.94881418196582,190.64783520019472,-56.16759885677637,-12.594049368275542,-10.831537071294658,4.0,-4.2492154249826655,-34.730273330568046,-10.512813692694632,12.75029003103917,0.2412,0.393,19.8,0.096,0.0028,0.09009115449545091,-0.06520827090200779,0.601206684011224,0.7703375886524823,0.8872964539007093,0.9118279569892472,0.5712969686570579,0.8204808510638297,0.4544424502402197,0.3874815063568323,0.7766091054678563,0.8370382978723405,0.8758014184397162,0.2898029332941138,0.3020532012942445,0.6649118279569892,0.758195744680851,0.8791504003660491,0.0,0.0,0.0,0.0,0.0,0.0,0.0,0.0,Igor L. Vakhlamov,2925.0
20.37173332372222,174.45558349451966,-62.13280048481623,-16.083012762753743,-14.162298624665898,3.994285714285714,-5.660033398608792,-34.118115942028986,-10.837644196691375,14.734018725646848,0.21399999999999997,0.2914,20.4,0.059800000000000006,0.0,0.1819653919931441,-0.14784490871447392,1.2862010083656708,0.6589908995085401,0.9188819875776397,0.7271444568868981,0.577272105884546,0.6133827659798651,0.5788610150079905,0.48926416717629895,0.8989622817374012,0.8013805710597623,0.9307196865030521,0.45650959648109196,0.25534536507935235,0.4863881613652559,0.8178371460566309,0.7664213725803871,0.0,0.0,0.0,0.0,0.0,0.0,0.0,0.0,Igor L. Vakhlamov,2925.0
19.54808464638125,183.97435053496693,-78.71100840706637,-16.42599923915919,-14.447203300440856,3.989020225899659,-7.982798597066486,-46.89984431116257,-11.701060503891254,14.75687731875434,0.1782,0.4636,22.6,0.0516,0.0,0.06703872180618503,-0.16828669141332445,1.7699704170998678,0.6918319347570728,0.7928740659741207,0.6742222592685208,0.4121929176581653,0.4347827609758685,0.3172244096805745,0.46480634596816184,0.8593429587779869,0.7928466108994291,0.650601413693034,0.44431866158630057,0.5737681438564286,0.9225360954174514,0.5588811515496576,0.9216009187482055,0.0,0.0,0.0,0.0,0.0,0.0,0.0,0.0,Igor L. Vakhlamov,2925.0
19.114278412312373,171.3967718100027,-64.89966115016612,-16.47927053803229,-11.810821948113071,4.0,-2.547084949718003,-39.328068190295724,-11.516466622899944,12.782051098892902,0.19619999999999999,0.4112,19.8,0.0738,0.013000000000000001,0.21125441646026683,-0.3498913043478261,0.7396272082301334,0.6385288183915092,0.8083466411157245,0.7452576015290951,0.682566831839168,0.7213697974924383,0.39918906314359315,0.4131409935314062,0.7997656260237481,0.7583593072863725,0.752490597896999,0.53538370103272,0.3128139355936947,0.6702264554305686,0.8790697674418604,0.6478973401887057,0.03577235772357722,0.0,0.0,0.0,0.0,0.0,0.0,0.0,Igor L. Vakhlamov,2925.0
17.972948236508575,160.55712255803434,-67.03171856779818,-16.776835668724868,-11.246550058944086,4.0,-3.954218093071565,-41.6284420740061,-11.137276848081665,13.711604175030107,0.19419999999999998,0.3396,33.2,0.11100000000000002,0.0102,0.44151430992844076,-0.4180137765798143,1.0696946391135072,0.5602015824710895,0.9359538784067085,0.6830182187056199,0.24530794616893212,0.2463002772705755,0.41272616487455194,0.5584838980185298,0.8692666666666667,0.9453111111111111,0.9545890850071007,0.5057118279569892,0.33361184824508017,0.3712112396023534,0.7789333333333333,0.8758037735849058,0.00917777777777776,0.0,0.0,0.0,0.0,0.0,0.0,0.0,Igor L. Vakhlamov,2925.0
19.89792531197616,173.14558310051532,-52.952773608851565,-13.937213012975723,-11.60244763256796,4.0,-1.2054721549636807,-32.58849459862172,-9.602467126094245,11.983320916371763,0.2562,0.3482,14.6,0.055600000000000004,0.013000000000000001,0.4930342397715279,-0.6184054758800521,1.273412832929782,0.6323645247993666,1.0,0.8402189265536724,0.8607510800930541,0.6071674856383231,0.7295684095512206,0.28462010083854455,0.9833333333333332,0.8663690476190476,0.8544817927170868,0.7005910838911835,0.6696125907990315,0.3702172290406408,0.9744889937106919,0.7795243145227391,0.0,0.0,0.0,0.0,0.0,0.0,0.0,0.0,Igor L. Vakhlamov,2925.0
19.84768830278276,180.3814937904509,-60.39805510924021,-15.350422573336932,-11.430470543609678,3.981322159140176,-4.3038441071021625,-35.40107254193654,-10.50656907629672,12.61300157390164,0.218975916803503,0.4317411056376574,19.527640941434043,0.0652337164750958,0.0080333880678708,0.1319097391213148,-0.271574624045208,1.2247897980050144,0.6846070940109074,0.8787703859694761,0.8025576026025875,0.5749940111381816,0.6236162526456603,0.4795202105804323,0.4845674986065462,0.8790710132219043,0.8726429885912469,0.842220548102118,0.5592196391383565,0.4342844346791545,0.5619613792901658,0.8030890082247211,0.8326082975826535,0.0546714157772566,0.0472230139474196,0.0442577030812324,,,,,,Igor L. Vakhlamov,2925.0
18.160143596952107,176.29178528774275,-72.64922102142391,-17.046145654656293,-12.728622075505815,3.9781560283687947,-5.515819092414837,-42.82555771811091,-11.813446670893478,13.30221416178863,0.2178,0.3678,31.0,0.029199999999999997,0.0,-0.00931309378117888,-0.056705215854152,0.6954906133629538,0.6281326229824928,0.7023268595973426,0.7572710223528816,0.40508948610239726,0.5877493612003939,0.46653622295152797,0.36096125272467366,0.7584344566917741,0.646104657116177,0.8181223976866907,0.23838030218784648,0.19299727114988263,0.348590182986007,0.6689203913519183,0.715196687722255,0.0,0.0,0.0,0.0,0.0,0.0,0.0,0.0,Igor L. Vakhlamov,2925.0
19.66185714285714,189.78874603174603,-54.62999770003239,-13.452380952380953,-11.72429928733398,4.0,-4.076904761904762,-30.404761904761905,-9.556571428571427,10.584920634920636,0.21960000000000002,0.446,17.8,0.0258,0.0064,0.1977936507936508,-0.34977777777777774,1.8174603174603177,0.8180285714285714,1.0,0.9023483870967741,0.6032946778711484,0.6834128851540616,0.47834245956447097,0.5414568898527153,0.8508403361344538,0.9392857142857143,0.8580532212885155,0.5170794433902594,0.771,0.8238795518207283,0.9071428571428571,0.8735994397759104,0.0064,0.0,0.0,0.0,0.0,0.0,0.0,0.0,Igor L. Vakhlamov,2925.0
21.943580832493893,204.08687597289176,-69.28011874131937,-16.327727823092168,-12.442768053250973,3.99622641509434,-5.903687838026241,-36.927349491709855,-10.862219907657447,9.18740795732297,0.22139999999999999,0.374,22.6,0.066,0.0032,0.0826155260544493,-0.35429688448556373,1.8182070567988753,0.805630896226415,0.6247953331652176,0.9557602663706992,0.6025327732150337,0.5517596458653247,0.39342740552406735,0.6723236785991212,0.969811320754717,0.8303747153545868,0.544526113226683,0.6958343998388921,0.32827571838643566,0.6008845527420066,0.9359375,0.9296875,0.0,0.0,0.0,0.0,0.0,0.0,0.0,0.0,Ilan Schnaider,2959.0
19.607305919886564,188.8510268226397,-78.03227296025543,-14.910126432707079,-11.700051525775935,3.9967741935483874,-10.001719248493442,-48.16834751270235,-10.831285005317262,13.582482571192248,0.20439999999999997,0.5318,18.4,0.006,0.0,0.03830202056008506,-0.06078341013824882,1.3281283232896137,0.7662029145642736,0.9391999999999999,0.6963045592705167,0.3081490978250758,0.5327607590990568,0.39870781775991104,0.6890825422804147,0.7751997116358817,0.95177304964539,0.6782456990504349,0.6599300522172863,0.4636891824487569,0.33512210724530556,0.6486172005299664,0.8725285714285714,0.0014184397163120401,0.0,0.0,0.0,0.0,0.0,0.0,0.0,Ilan Schnaider,2959.0
20.245478169768163,197.3460278370775,-67.58976785146497,-15.693720986101031,-11.41941019443244,3.9701526286037305,-8.366685965054625,-36.9905987919997,-11.779632802845807,12.690128260364904,0.2206,0.46420000000000006,24.6,0.121,0.0158,0.36878166790384326,-0.07552237328491451,1.219495569535309,0.7669325422983959,0.7496256368472699,0.6128546508433393,0.417207532735988,0.6122339094131247,0.4377436028160665,0.2486219143447846,1.0,0.9934959349593496,0.7431369580963076,0.2984144408004429,0.40230386575031324,0.6368018045819389,0.5920597019784012,0.80309382553285,0.028198757763975135,0.0,0.0,0.0,0.0,0.0,0.0,0.0,Ilan Schnaider,2959.0
19.970270562770562,197.44136363636363,-63.633546020825364,-15.792640692640692,-12.021359873639211,3.993181818181818,-6.289556277056277,-34.1551948051948,-10.18724025974026,10.819264069264069,0.2052,0.45220000000000005,20.6,0.047,0.0,-0.07453463203463201,-0.04383116883116882,2.412164502164502,0.7906779661016949,0.8497175141242937,0.9708333333333332,0.5942208065987474,0.613135593220339,0.5917992663799646,0.45247010325874476,0.9728813559322035,0.9307150687241756,0.8468866760189806,0.681044699461092,0.41416883226394985,0.8246268656716419,0.882768361581921,1.0,0.0,0.0,0.0,0.0,0.0,0.0,0.0,0.0,Ilan Schnaider,2959.0
20.415305791769207,207.27666522501886,-59.55933407826067,-15.294469554835407,-12.997260694327519,4.0,-3.9111373382714847,-32.18721918325577,-11.02070880339173,11.851461495821251,0.2218,0.4114,16.0,0.0698,0.0,0.015049523647084607,-0.28490759240759245,0.8477426841451232,0.883969465648855,0.7361410897604633,0.6426420458335798,0.629878440964501,0.44717078029505775,0.5413387817178288,0.3824214028936095,0.7720345933903278,0.9755725190839695,0.9036840358446732,0.6716523841556744,0.19650067126863074,0.8804597701149426,0.8218654031762744,0.6535024300927608,0.0,0.0,0.0,0.0,0.0,0.0,0.0,0.0,Ilan Schnaider,2959.0
20.230619061653545,171.07842095871652,-58.713714928789294,-16.349839906490153,-10.97733069634595,4.0,-7.364303457899519,-32.54735138971593,-10.906203648568182,15.431314170230426,0.1926,0.5038,16.6,0.06739999999999999,0.0164,-0.07414785542864359,-0.17142857142857143,1.5194540179761855,0.6180858550316679,0.8281140042223786,0.7535890218156227,0.6032527953710219,0.5060103734980581,0.22934174017917855,0.5716513007153401,0.8510204081632653,0.8346938775510203,0.8974025974025974,0.3923501967836943,0.5320516921502143,0.7981383148870833,0.632333184057322,0.7708272023542959,0.0,0.0,0.0,0.0,0.0,0.0,0.0,0.0,Ilan Schnaider,2959.0
20.22808110367893,186.93587212002973,-61.45519379967165,-16.155300074321815,-11.313905941997913,4.0,-0.9465823578595319,-38.14923704013378,-10.757391304347827,11.867222918989224,0.1988,0.4546,19.0,0.07339999999999999,0.0034000000000000002,0.058196302489780735,-0.4782655146785581,1.2679459308807135,0.7537224155993376,0.8797874514612711,0.7967646087817762,0.6773499466412851,0.5042131288557566,0.5608354006921139,0.22694130879727847,0.9921259842519685,0.7869352167888886,0.7660504883241527,0.4276066185024989,0.5175945694143795,0.686947806004276,0.816390118617147,0.8224778769606587,0.0,0.0,0.0,0.0,0.0,0.0,0.0,0.0,Ilan Schnaider,2959.0
19.070368987703482,179.3352036692583,-63.3983412416948,-16.631728857567843,-10.076061481124201,4.0,-4.3441587660595555,-37.57563588122455,-11.288628438110374,12.517872182391717,0.1722,0.3292,25.2,0.0832,0.004,0.1499562155485501,-0.4931792799847082,1.3467584223819327,0.6736435997400909,0.8455886638130263,0.7261894355016981,0.625056185232076,0.4914004776163394,0.3014546212714959,0.6275760635839313,0.8923562126966902,0.9217105263157894,0.7760477582846004,0.2180771709985853,0.554129370207775,0.5911353771025502,0.7847222222222222,0.8124271517855348,0.0,0.0,0.0,0.0,0.0,0.0,0.0,0.0,Ilan Schnaider,2959.0
15.271868235559918,156.6948788360553,-50.128768076991776,-14.794796271469698,-11.03914014922998,4.0,0.4318269034293376,-30.33990527499655,-10.624854099904809,12.238100815179923,0.2212,0.4950000000000001,20.8,0.09559999999999999,0.0196,0.21394876344166405,-0.29967455930944775,1.0585451023584898,0.6470543381293888,1.0,0.7082360250717249,0.4789348171701112,0.41912449975330296,0.49113361009912726,0.40181642088335795,0.8083310491018402,0.7222739981360671,0.6520110374065748,0.5852855621618298,0.45246879739780343,0.49698805388460565,0.6504462142393177,0.8304451510333862,0.03908045977011494,0.0,0.0,0.0,0.0,0.0,0.0,0.0,Ilan Schnaider,2959.0
19.310966051039884,185.6996991891925,-63.50950891265195,-15.46819641988878,-11.8037928306618,3.9955063005269023,-5.354499780171438,-36.00520090413714,-10.731464657436169,11.858139379116473,0.210727202472952,0.4296437403400309,19.34853168469861,0.0766684698608964,0.0098539412673879,0.0735114844714016,-0.2668588494197402,1.2736151517962206,0.7377122231578215,0.8491383335073467,0.8031560734475911,0.5837111958867586,0.5598863213562264,0.4965324930888619,0.5351725865723491,0.8621960887491376,0.8483307664282626,0.8034524262782511,0.5584113360076409,0.4167876820699001,0.5983453951604499,0.7618941134650103,0.8058300653584034,0.056013282596531,0.0493249355087942,0.096551724137931,,,,,,Ilan Schnaider,2959.0
21.93902501854566,180.8534600092276,-49.438181205897266,-14.529345112088151,-10.534339879837447,4.0,1.84335036367584,-31.04026375545061,-9.854166666666668,10.676583844469775,0.193,0.41479999999999995,13.2,0.0732,0.0,0.041415508693842876,-0.07393882646691634,1.2955845048761512,0.765800340053437,0.9407407407407409,0.8480446927374302,0.8022553279536521,0.585131011658975,0.7252989130434783,0.5844739573493825,0.8772164197230993,0.8313820743259654,0.8427864590361555,0.5723862608965535,0.5697010869565218,0.8189944134078212,0.8142561555969378,0.9441340782122906,0.0,0.0,0.0,0.0,0.0,0.0,0.0,0.0,Ilan Schnaider,2959.0
17.041074683004382,153.96732838597978,-77.01800151872962,-16.58292972209758,-13.061801662386292,3.992156862745098,-8.18883974156571,-44.36237441581775,-12.221793714189698,13.407580874582312,0.19979999999999998,0.473,18.4,0.0814,0.011199999999999998,-0.02585641595684638,-0.40358907790758575,1.3202116443149443,0.651563072438011,0.953016643550624,0.5863412259098155,0.538849784470999,0.30617628253421847,0.2499959228129268,0.6938551543754833,0.6869394202021775,0.7067582361890696,0.836135535132916,0.5499604408795765,0.5423228024226551,0.5130096045535942,0.7161233620965165,0.7997390007457121,0.0,0.0,0.0,0.0,0.0,0.0,0.0,0.0,Ilan Schnaider,2959.0
20.662312470138556,191.7797491638796,-59.11742719410055,-16.838573021181716,-11.33792010698477,3.96,-5.3040571747093495,-28.91848224239529,-11.230974677496416,10.552580028666984,0.21080000000000002,0.3526,15.4,0.1026,0.0268,0.10338748208313424,-0.03168498168498166,1.2576262143653447,0.7613354037267082,0.7862931995540691,0.7176465201465201,0.855952380952381,0.5992156394330307,0.6899084249084249,0.3237243191591018,0.7451807612677179,0.7229041248606467,1.0,0.5758241758241758,0.3571404682274247,0.5940109890109889,0.8530952380952381,0.85,0.00119047619047618,0.0,0.0,0.0,0.0,0.0,0.0,0.0,Ilan Schnaider,2959.0
19.264466431733982,192.56734435709768,-60.1485887807077,-13.884702268003977,-11.102253429362872,4.0,-4.777703984819734,-34.23337098280172,-10.184915514592934,10.034357398873528,0.2206,0.4104,12.2,0.0514,0.0,-0.01921478268726844,-0.08752567693744162,1.482556549501521,0.7953054386785102,0.9742857142857144,0.81879917184265,0.8892857142857142,0.6722402874193155,0.5162850843937388,0.5497229326513213,1.0,1.0,0.8734977862112586,0.44095208630436744,0.4234570920467299,0.8624603174603175,0.8276984126984127,0.7799206349206349,0.0,0.0,0.0,0.0,0.0,0.0,0.0,0.0,Ilan Schnaider,2959.0
23.630726002775692,201.13272586626627,-53.014208355575455,-16.16868018110254,-11.27078697364475,4.0,-6.583077378108433,-22.898368712033307,-10.572636680090095,10.479341569403681,0.21080000000000002,0.445,15.0,0.06420000000000001,0.0,-0.020437740313516705,-0.5208199667826998,1.234778058380543,0.7057751427316645,0.7816892911010558,0.8931559943324648,0.8408124725516029,0.6739137986196809,0.5240767899335674,0.8111296915644741,0.9393939393939394,0.8707070707070705,0.7051345045974202,0.5424667489373372,0.5684693680857363,0.5225464362293006,0.9035117056856187,0.9282051282051282,0.0,0.0,0.0,0.0,0.0,0.0,0.0,0.0,Ilan Schnaider,2959.0
20.13170383586084,226.88796015462384,-52.55636456478385,-15.939657052235106,-9.994998720795353,3.9898305084745767,0.7310139756170086,-30.628144513826943,-10.322581028843294,9.608172266825257,0.24359999999999998,0.2834,18.4,0.145,0.0156,0.02196154227376349,-0.41169194171870355,1.0975061948656955,0.9373913043478261,0.8871794871794872,0.8049860157640477,0.5463691838291381,0.4628255979972227,0.5022857869310958,0.3940122044241038,1.0,1.0,1.0,0.46649572649572646,0.3418877740616871,0.6371000801893251,0.5553548866592345,0.7092067124332571,0.010526315789473679,0.0,0.0,0.0,0.0,0.0,0.0,0.0,Ilan Schnaider,2959.0
20.32118016382989,183.7978863748374,-65.2249296010439,-14.142513786796908,-12.784235134215134,3.9908045977011497,-4.0883616310113595,-39.317147715514324,-10.696138996138995,11.812663064931666,0.1938,0.4276,16.8,0.0944,0.0048000000000000004,0.08695153540888569,-0.14616503981295267,1.5960507045806502,0.7210497161058026,0.7275639177386933,0.754855605701028,0.5581242945636751,0.5166469114315293,0.35227724755927314,0.4961073723945713,0.8887891670603055,0.9424657534246575,0.9411985604756691,0.6259032929440587,0.2640127638750377,0.5872671652076471,1.0,0.9735632183908045,0.0,0.0,0.0,0.0,0.0,0.0,0.0,0.0,Ilan Schnaider,2959.0
18.372832947985074,197.73718421537896,-54.96004629069429,-12.989479756214035,-10.522440792743968,4.0,-7.78463406100323,-29.276810072956117,-10.38904097930467,12.002359371527728,0.23420000000000002,0.3224,15.4,0.08959999999999999,0.0216,0.08949228594259018,-0.3529411764705882,0.9191042898953651,0.8354600774479071,0.8835871025526199,0.7767801164352889,0.6847514554411106,0.5867416559100128,0.4302152208845921,0.4525644740654882,0.9974025974025974,0.8792207792207792,0.9454545454545455,0.41746529332736226,0.400413582360844,0.5461684360264482,0.656970311635626,0.748580121703854,0.0,0.0,0.0,0.0,0.0,0.0,0.0,0.0,Ilan Schnaider,2959.0
18.467734967204745,202.71499941086367,-59.34650301818815,-16.69641805113703,-10.656856107226286,3.9826086956521736,-3.201322611052197,-32.4390587565296,-10.571827500883703,10.236371312988492,0.24080000000000004,0.5237999999999999,18.6,0.1212,0.0112,0.14415184006912535,-0.07400730529044418,1.4871617375594046,0.8497030107287374,0.6512882447665057,0.7655797101449275,0.5092470461135027,0.523045641117519,0.48637131298849223,0.6036537078195876,0.92896295058841,0.9890410958904109,0.8600655151876117,0.5932289943308406,0.5426063794586724,0.5992733985310867,0.5429892777188641,0.7666666666666666,0.0024390243902439003,0.0,0.0,0.0,0.0,0.0,0.0,0.0,Ilan Schnaider,2959.0
21.41585803198379,218.70129245332086,-56.236773645657436,-11.060297151575043,-11.848335635616996,4.0,-2.914339210485255,-35.84982489901354,-9.33214378589632,10.768167036929714,0.2492,0.44560000000000005,10.6,0.0804,0.0194,-0.09445187447215844,-0.5337459475390509,0.9022716071397614,0.9517007333437354,0.85645416227608,0.863262599469496,0.7014969317547883,0.7043823219488006,0.7177023067906394,0.6055084534772772,1.0,0.9076923076923077,0.8244343891402715,0.4421256566286992,0.3608022204315516,0.8615384615384615,0.8080084299262381,0.9653846153846153,0.0019230769230769201,0.0,0.0,0.0,0.0,0.0,0.0,0.0,Ilan Schnaider,2959.0
21.48650403675184,182.43998339241801,-44.479235726174004,-13.400028911984858,-10.086982507614524,4.0,-6.963831611221212,-21.260516902585103,-9.942442323111601,13.174566530343295,0.2122,0.3818,18.6,0.0662,0.017,0.19433649516144488,-0.5510521104908482,1.5090397691075443,0.6054679781255703,0.9092198581560285,0.9833333333333332,0.6976552323056883,0.8050589338418067,0.49422835203510296,0.48408243638919773,0.9021739130434783,0.8218926793659185,0.8236201048411964,0.35183649843078246,0.5798437660602322,0.8312056737588651,0.873758865248227,0.9418439716312058,0.0,0.0,0.0,0.0,0.0,0.0,0.0,0.0,Ilan Schnaider,2959.0
21.324863491464427,209.06877361351673,-70.07690474609903,-16.654860863060136,-12.880653524564988,4.0,-2.5187341200574207,-42.896617445864976,-10.491052709615243,11.365013917063738,0.2206,0.3174,19.6,0.07600000000000001,0.009999999999999998,-0.13748953692908022,-0.0949433545178226,0.8509293094036219,0.8378158811663304,0.8268378262729996,0.6438188167046831,0.6153055631679912,0.6184435808622679,0.5218834219008743,0.5455884916456667,0.9528326434062684,0.8214285714285715,0.6922567929827308,0.5075514697953433,0.3594712390732929,0.394953394722762,0.8928571428571429,0.6670638847049111,0.0257142857142857,0.0,0.0,0.0,0.0,0.0,0.0,0.0,Jakub Kosakowski,2970.0
19.708278939817262,196.58026152181026,-58.059253561961086,-13.617740189785797,-11.577612997134386,4.0,-2.0582073548289666,-35.338009262755165,-8.956565430793626,9.488881673336858,0.2142,0.5012,15.0,0.0212,0.0,-0.05927931737521708,-0.08903299856527976,1.2331311636336177,0.8924327704815511,1.0,0.8363714163457423,0.5426124493443076,0.8264705882352942,0.7100367489743009,0.5123625059780009,0.9859649122807017,0.9215686274509803,0.9128407460545194,0.6585563345511998,0.5727863970709247,0.6550013843791689,0.847068891741549,0.8291497975708502,0.0,0.0,0.0,0.0,0.0,0.0,0.0,0.0,Jakub Kosakowski,2970.0
18.90924359034792,169.65625356210816,-49.60404205646101,-13.823208018546529,-11.281559743801116,4.0,-4.434931800359104,-25.086161236549696,-10.406774111990538,11.428592854785974,0.16919999999999996,0.43339999999999995,13.0,0.0686,0.0162,-0.014398201912075378,-0.029718373836020877,0.8046820564023672,0.7618878391478905,1.0,0.7969130825582607,0.7169761478132795,0.7721759298439833,0.5537473714417958,0.6606206451075932,0.9292035398230087,1.0,0.8730270335798279,0.47431016701750517,0.5009495599835302,0.6944732008682585,0.7916060723198008,0.6962257289048186,0.0,0.0,0.0,0.0,0.0,0.0,0.0,0.0,Jakub Kosakowski,2970.0
18.83439554372474,199.53310542658784,-76.64912349895593,-15.42395939770681,-12.173697512780452,3.9901234567901236,-8.218453794499343,-44.43100636117199,-10.72951762109526,10.337387731507814,0.20579999999999998,0.269,23.0,0.0638,0.0,0.19734486922478642,-0.5406092838225344,1.4196573646428718,0.8292194403534611,0.9069979296066254,0.6332157264519435,0.6419739173123306,0.7499383150839897,0.43978265263972016,0.4966691526453701,0.888659793814433,0.9316770186335404,0.6628027149900749,0.4925634458175919,0.23184243666090368,0.5758872244549994,0.7087175739861162,0.6950103519668737,0.0049689440993788804,0.0,0.0,0.0,0.0,0.0,0.0,0.0,Jakub Kosakowski,2970.0
21.479705240995564,208.3476652379878,-57.97177871603564,-13.669899992480637,-11.670357556549954,4.0,-6.451218136702008,-31.861568538987893,-9.354940221069253,11.036205729754117,0.2406,0.5434,16.8,0.0218,0.0,0.21443717572749832,-0.21042183622828786,1.7805098127678776,0.8810856776424011,0.9483146067415731,0.9550284629981023,0.8415442235666954,0.8333686665253339,0.5809809756625324,0.4901762813228025,0.937770095073466,0.8510919699521707,0.9622641509433961,0.6150203477617462,0.6960297766749379,0.863247553461399,0.6436470358628856,1.0,0.0,0.0,0.0,0.0,0.0,0.0,0.0,0.0,Jakub Kosakowski,2970.0
19.172836995764122,183.86709540693067,-52.79202168950832,-16.854865391591748,-10.64911509489302,3.9945205479452057,-2.4911140739216084,-28.06227168762401,-11.387141241840308,12.657965252417172,0.1928,0.379,19.2,0.0646,0.0068000000000000005,0.06613653858207333,-0.05230580255814572,1.2413904219548797,0.7440839541776816,0.9931506849315068,0.8533365376912603,0.7675020721740448,0.5225778392380717,0.5232688870657197,0.5971478712675784,0.7837058399423216,0.8711848113434272,0.782905302936131,0.53372170797698,0.3517980341357936,0.3893808683257506,0.6267500352203135,0.6089045552178679,0.0,0.0,0.0,0.0,0.0,0.0,0.0,0.0,Jakub Kosakowski,2970.0
20.42763468013468,211.82734006734003,-61.09458585429121,-15.175252525252526,-11.387675079880438,4.0,-7.157828282828284,-32.6151936026936,-10.621641414141413,11.863005050505048,0.22640000000000002,0.6344000000000001,19.8,0.0818,0.0174,0.07599326599326602,-0.14671717171717172,2.070387205387205,0.8428176501860711,1.0,0.8686656282450673,0.6969201434753532,0.5733395160757724,0.7006863187437917,0.6806634649272143,0.8146172248803829,0.8323067119796091,0.8488742565845369,0.8732584269662922,0.8252631578947369,0.3981358498406974,0.6805981159913743,0.9322381711855396,0.013636363636363618,0.0,0.0,0.0,0.0,0.0,0.0,0.0,Jakub Kosakowski,2970.0
20.41245014023293,191.9995583254713,-59.674068209523895,-15.488062429581296,-11.460555478689471,3.9971977366443854,-4.5794800832969536,-33.61421983086923,-10.44987556407648,11.920927440345157,0.2218010963194988,0.4438504306969459,17.943617854346122,0.0683696162881754,0.0097196554424432,0.0868457309520049,-0.2551426895310317,1.4398109315818473,0.7676700901940522,0.8960664037903523,0.812683551539601,0.6256835988214997,0.630145307580965,0.554381119709615,0.6003995499651185,0.8910571328047787,0.8851737062574103,0.8246373038821827,0.600969061396363,0.4419505167693214,0.6234510931893663,0.7927215345905918,0.8318802115951669,0.0694705456431838,0.0481912907520716,0.0375090268042988,,,,,,Jakub Kosakowski,2970.0
21.57875396825397,182.0737671957672,-69.96633753764291,-15.192010582010585,-11.35471584452123,4.0,-7.045277777777779,-42.12452380952381,-10.94242857142857,12.692619047619047,0.22959999999999997,0.2502,18.2,0.0672,0.0,0.0702698412698413,-0.5828412698412697,1.3071851851851854,0.7058464342674869,0.9031578947368422,0.7818424566088117,0.6735115330098115,0.5637363232493581,0.3872386289995734,0.5110885894998044,0.9428571428571428,0.8857142857142858,0.9030880230880232,0.2468202437558069,0.3102351673576464,0.6661828814460394,1.0,0.9286965076242006,0.0,0.0,0.0,0.0,0.0,0.0,0.0,0.0,Jakub Kosakowski,2970.0
19.75377364738999,201.4923268617792,-60.65607316177702,-14.703754605290394,-12.979742077619226,4.0,-0.5315871176056628,-34.49062797532806,-10.030131224903755,8.079769838970071,0.19519999999999998,0.6328000000000001,11.8,0.0426,0.013800000000000002,-0.04002732127333693,-0.14882145961833007,1.8201246015647636,0.9014492753623188,0.8274070268839802,0.8467805383022775,0.7240890269151138,0.8929108485499462,0.8163623344074471,0.5516117156244649,1.0,0.9263157894736842,0.850648360030511,0.8959183673469386,0.6354380288700846,0.7086292841632942,0.7740655987795575,0.7821058858325939,0.0,0.0,0.0,0.0,0.0,0.0,0.0,0.0,Jakub Kosakowski,2970.0
18.570589972959503,173.4714072331283,-70.85216582755011,-16.1229105703012,-13.751616456180352,4.0,-5.621436168909148,-39.70449640140839,-10.83095840992084,11.179252179169833,0.22920000000000001,0.3318,17.2,0.0402,0.003,0.1771112908364581,-0.04736697465055671,1.3351051311586568,0.6458809401269514,0.7842982030111705,0.7910360429863449,0.5742539882745895,0.7419726718520077,0.45917372088653596,0.5782087126752049,0.8045970149253732,0.8118441194430263,0.6707538497986258,0.3018961576400704,0.29290655582146163,0.6335481292858081,0.923936148485814,0.9777777777777779,0.0,0.0,0.0,0.0,0.0,0.0,0.0,0.0,Jakub Kosakowski,2970.0
19.951669123669124,194.71286322686325,-63.311432432153865,-16.733923013923015,-11.145167075888505,4.0,-1.7945045045045045,-38.15947583947584,-10.053464373464374,10.575102375102373,0.2202,0.42460000000000003,17.8,0.1,0.0242,0.0022276822276822124,-0.5928812448812448,2.075115479115479,0.8356051171742329,1.0,0.832904109589041,0.5991358919204497,0.5958732782369147,0.4849862258953168,0.745900826446281,0.9702479338842975,0.9272727272727274,0.9900826446280991,0.7168044077134985,0.4337919921506471,0.6728760330578513,0.742039322238575,0.8674742443111061,0.0,0.0,0.0,0.0,0.0,0.0,0.0,0.0,Jakub Kosakowski,2970.0
19.69601484230056,180.30154359925788,-54.16277591386586,-17.312801484230057,-11.283903928708156,4.0,0.2417996289424864,-30.734730983302416,-10.628760667903524,11.555621521335809,0.23360000000000003,0.4361999999999999,17.4,0.023799999999999998,0.0,-0.06216697588126158,-0.03232653061224488,2.196831168831169,0.8163473765097244,0.9483146067415731,0.9067508990649724,0.5460107537599098,0.6086881274934741,0.5745562540073058,0.595622493445557,0.8111991196571295,0.8591235955056181,0.8681443298969072,0.6485256077341537,0.7103872817340388,0.7222943503718943,0.8390786516853932,0.8535211267605634,0.0,0.0,0.0,0.0,0.0,0.0,0.0,0.0,Jakub Kosakowski,2970.0
22.66982477362273,221.35512115347154,-54.352499168103655,-13.868598754532258,-11.10493097214672,4.0,-4.728649685491119,-31.586207638701246,-10.342203321666238,13.278091204433915,0.24580000000000002,0.557,14.4,0.0462,0.009,-0.06127842676436026,-0.03869565217391304,0.9743844611875303,0.9421122403888644,0.8458139534883721,0.8997849462365591,0.7410592545396624,0.621754048504068,0.6839002105482052,0.7952688172043011,0.8465116279069769,0.8764705882352942,0.9349999999999999,0.681782945736434,0.32329271681336935,0.7982890575585072,0.8560413471619315,0.8685673624288425,0.005479452054794521,0.0,0.0,0.0,0.0,0.0,0.0,0.0,Jakub Kosakowski,2970.0
19.33100253369819,191.7506688963211,-55.97593255959591,-10.489733454950846,-13.397069277950024,4.0,-1.0347886895712983,-33.494523158001414,-8.84452356339313,7.284705584270801,0.2036,0.42919999999999997,9.2,0.038799999999999994,0.0086,-0.011558123036383922,-0.40299138542616797,0.7379491233404277,0.9443269091436024,1.0,0.8950007245326763,0.6610952471603528,0.8458552468951643,0.7712903216640953,0.5932508786734517,1.0,0.8769084332762231,0.9475728155339805,0.6670086460899386,0.49151095843834314,0.7066858738858535,1.0,0.8553613807982738,0.0,0.0,0.0,0.0,0.0,0.0,0.0,0.0,Jakub Kosakowski,2970.0
20.821106048423122,199.9124992405968,-59.342695999524324,-17.585748235504333,-10.979092676018562,4.0,-0.7378879656928437,-33.454064147234874,-10.35050763870276,9.764604663629054,0.21639999999999998,0.4218,19.6,0.0498,0.0073999999999999995,0.2835125524881622,-0.1306645224694005,1.7083663003663005,0.8217639789928946,0.96,0.8416370640934779,0.6864794562866852,0.3892819059041596,0.5601559177888022,0.5766548547129695,0.8121999309455015,1.0,0.8629315815297389,0.5782291155572516,0.5581856839121191,0.2530518453906122,0.85129749768304,0.8614328808446455,0.016,0.0,0.0,0.0,0.0,0.0,0.0,0.0,Jakub Kosakowski,2970.0
19.55836859219212,195.47224721357074,-67.58781220427177,-15.859151632681044,-11.553428940476735,3.991666666666667,-6.758205519970225,-39.4932890638773,-10.301712992889463,12.386309278956338,0.2294,0.5282,16.4,0.0308,0.009600000000000001,0.09998658204540557,-0.02714932126696832,1.7707399463281817,0.7536598669139304,0.9368421052631579,0.8022273073989321,0.6811257130756742,0.4897672226498265,0.7695893862648806,0.5112463620003999,0.9633589591957421,0.9685393258426966,0.9153398058252427,0.5514730756202166,0.3507984482841332,0.8558823529411764,0.8248182419035028,0.8036656374550807,0.0,0.0,0.0,0.0,0.0,0.0,0.0,0.0,Jakub Kosakowski,2970.0
18.800982712372907,163.1360044063929,-51.445216646861795,-14.990204653142834,-10.02168895003938,4.0,-5.515972417675204,-29.884313019337487,-10.383108020179826,15.350070413512938,0.2238,0.5028,21.0,0.052000000000000005,0.0162,0.21505537750419404,-0.03033753090679086,1.296296733438449,0.5606516729518022,0.8777777777777779,0.7730205278592376,0.8167495854063018,0.5445980853565173,0.5001193804604595,0.6005050505050505,0.8700879765395895,0.8005376344086022,0.9228636106395021,0.3538534881286319,0.5786551115390788,0.5639664900276106,0.7651515151515151,0.9376395534290272,0.0015151515151515,0.0,0.0,0.0,0.0,0.0,0.0,0.0,Jakub Kosakowski,2970.0
16.72784025966434,167.39493306572618,-63.79484399331037,-16.569627511949072,-12.159184017751338,3.9945205479452057,-2.796443812233286,-37.03963374745639,-11.192475190196891,11.96799973833139,0.24339999999999998,0.308,18.4,0.1092,0.02,0.1135007641280172,-0.5040976190940143,1.3577756497871853,0.6948762316750782,0.9701506849315068,0.8418786692759296,0.7324812030075188,0.6145097332372026,0.4472720499879836,0.38132753115665874,0.9052631578947368,0.6852400865176641,0.7131814467676039,0.40902066810862775,0.49106241631475944,0.5585415593778967,0.6130824321076664,0.6957317952415284,0.0,0.0,0.0,0.0,0.0,0.0,0.0,0.0,Jakub Kosakowski,2970.0
19.346959175084173,176.75531355218854,-57.00719684395924,-15.100968013468014,-10.390039857427258,4.0,-3.0571654040404046,-35.19525462962963,-10.057676767676767,12.793907828282828,0.2192,0.47380000000000005,21.8,0.097,0.007000000000000001,0.048209175084175084,-0.07612373737373737,1.5716708754208752,0.6047478990423698,0.90952288218111,0.8715596330275229,0.3285866088537535,0.6558414204919398,0.5185548193756212,0.5833089279071804,0.9023798076923077,0.9140625,0.8475244237022412,0.4894929757778512,0.6077584267216352,0.7288733120296877,0.6301399538509115,0.7532831666838471,0.0125,0.0,0.0,0.0,0.0,0.0,0.0,0.0,Jakub Kosakowski,2970.0
21.41121596921597,219.67781361231363,-59.97703602373208,-13.854848484848485,-11.6121685393646,3.9851851851851854,-3.6691895141895143,-34.960354737854736,-9.948400432900431,10.082740500240499,0.2218,0.53,11.0,0.0796,0.0073999999999999995,0.010524290524290518,-0.07612121212121212,1.599413900913901,0.9507246376811593,0.8780541735765617,0.8820450885668276,0.7769247963083135,0.5303737832576249,0.6763018288640946,0.7558019083327324,0.964179104477612,0.946268656716418,0.6744179104477612,0.6152342153964476,0.6266505636070854,0.6816196793808734,0.7565349580599419,0.9277777777777778,0.0,0.0,0.0,0.0,0.0,0.0,0.0,0.0,Jakub Kosakowski,2970.0
19.83737125208601,201.9301629017027,-50.538613062274926,-14.168510068716648,-11.51349128714521,3.9836734693877554,-2.5767918188067567,-26.005968412292894,-9.451230168916487,9.193705224215314,0.195,0.47239999999999993,17.8,0.1056,0.0052,-0.012342848398783546,-0.07141268075639598,1.4949044946025718,0.8912491867273911,0.8857797414498446,0.7317872915732312,0.7262576104613752,0.862614578786556,0.38367053969525633,0.5829299445668387,0.8955938697318008,0.8444232147122044,0.8116604761865546,0.466095271337111,0.642356914326342,0.7707164295967637,0.8970054000981836,0.904296661193213,0.00344827586206896,0.0,0.0,0.0,0.0,0.0,0.0,0.0,Kaivalya Sandip Nagare,2827.0
22.432975113122172,171.9644306184012,-55.432956845558735,-17.060633484162896,-9.74743271282872,4.0,-4.934219457013574,-30.408295625942685,-10.568235294117647,13.28585972850679,0.25339999999999996,0.1948,19.0,0.0766,0.003,0.02208898944193058,-0.03553544494720964,0.9989517345399699,0.5744244642704687,0.9116847826086957,0.8269381598793363,0.5638912248498819,0.6162947570332481,0.4635727752639517,0.6188693845683664,0.968627450980392,0.9190420899854862,0.6916346153846153,0.6710304789550072,0.26417034615322743,0.5661757761412132,0.7395803003475637,0.8259964587841825,0.03076923076923076,0.0,0.0,0.0,0.0,0.0,0.0,0.0,Kaivalya Sandip Nagare,2827.0
21.725024154589374,191.19894158981114,-43.68171241623571,-12.839789196310935,-10.275858222120643,3.986666666666667,-6.998858146684233,-18.511286780851997,-10.339117259552042,11.296530522617479,0.24620000000000003,0.5686000000000001,15.6,0.0372,0.003,0.020377689942907333,-0.7719279754062363,0.9232806324110671,0.8086005089058524,0.8632061068702288,0.9413841807909604,0.7783413119420365,0.7405301102629347,0.4684936243009733,0.6036051091847444,0.9333333333333333,1.0,0.6014665545348687,0.8254792196776929,0.6325527235088628,0.7141009329940629,0.8596480067854113,0.9393341815097539,0.0,0.0,0.0,0.0,0.0,0.0,0.0,0.0,Kaivalya Sandip Nagare,2827.0
21.926613937138132,207.09465500110954,-56.712364463893906,-15.16624906695717,-10.233920451507128,4.0,-4.113153634327906,-30.62622316871432,-9.767270698420385,9.194452556033005,0.22080000000000002,0.40780000000000005,11.6,0.0366,0.0,8.85129819039987e-05,-0.3798026992676874,1.1674273991809396,0.8844300278035216,0.8970898980537534,0.8411910669975186,0.8892307692307693,0.7625888168056842,0.7135292534903883,0.7949545078577336,1.0,0.9876923076923078,0.9408341056533829,0.6299741895622191,0.25642540384864515,0.692195880295375,0.7578163771712159,0.8328266913809083,0.0,0.0,0.0,0.0,0.0,0.0,0.0,0.0,Kaivalya Sandip Nagare,2827.0
23.9394246031746,217.95513624338622,-51.1662269197141,-15.585555555555555,-10.042619776856952,4.0,1.1347619047619049,-32.04218915343915,-9.215869047619048,10.58524470899471,0.2254,0.5022,12.6,0.0484,0.008,0.13704232804232805,-0.06314285714285714,1.064702380952381,0.9196428571428571,1.0,0.8287698412698413,0.9714285714285715,0.8513227513227513,0.6826436130007558,0.6474962207105064,1.0,0.9303571428571429,0.7795634920634921,0.4683767951625094,0.3643253968253968,0.8990079365079365,0.9210128495842781,1.0,0.0,0.0,0.0,0.0,0.0,0.0,0.0,0.0,Kaivalya Sandip Nagare,2827.0
18.389241993873572,166.41122807017544,-58.66363600851461,-16.12390977443609,-10.544609553488154,3.980952380952381,-4.691495405179615,-31.335839598997495,-10.69507769423559,10.746343636869952,0.21539999999999998,0.5014000000000001,18.8,0.0474,0.0068000000000000005,0.07593428014480644,-0.29781119465329986,1.5613589529379002,0.6678747015030201,0.9936507936507937,0.8386571147633095,0.795047619047619,0.527674486116964,0.6535417895771878,0.5735423514538558,0.800880460738868,0.9619047619047618,0.7498094301634124,0.606857704733811,0.7361595729737322,0.4423242964835884,0.8136710212108442,0.8371962354263239,0.0,0.0,0.0,0.0,0.0,0.0,0.0,0.0,Kaivalya Sandip Nagare,2827.0
19.317617272444856,171.6273418245832,-56.65572783609319,-14.87400190158811,-12.584424118582575,4.0,-3.7007681662854077,-32.32873798563453,-10.706981558360868,13.539185894358306,0.22599999999999998,0.39160000000000006,14.6,0.0448,0.0,-0.027422595008801898,-0.5667495081288185,1.296007700490459,0.640693781538852,1.0,1.0,0.4244878274146567,0.7668125912028352,0.6815940396703022,0.5957214852989501,0.8164686262247237,0.7494706714218909,0.8115083664379439,0.6748717948717948,0.6986136732615605,0.7280144716764435,0.894109494109494,0.9202587202587204,0.0,0.0,0.0,0.0,0.0,0.0,0.0,0.0,Kaivalya Sandip Nagare,2827.0
21.02492618669089,197.87063365886894,-45.916133447587534,-16.132863956393372,-9.705686025375403,4.0,-1.117647058823529,-23.875425846014082,-10.074801271860096,10.990290710878945,0.24559999999999998,0.34540000000000004,12.6,0.0682,0.0,-0.021235521235521217,-0.22257551669316372,1.5990574608221666,0.8891842159067675,0.9785714285714284,0.9108617657902947,0.583300008508466,0.784861407249467,0.5430674416566872,0.6239576917590217,0.7692087507667144,0.991044776119403,0.9321428571428572,0.4953023002912774,0.44022106349051127,0.9536231884057971,0.9304347826086957,0.8652691511387165,0.0,0.0,0.0,0.0,0.0,0.0,0.0,0.0,Kaivalya Sandip Nagare,2827.0
20.535877578304046,199.69996371275784,-63.08903823185119,-15.247326203208555,-11.530685481660196,4.0,-7.677072192513369,-33.0114782276547,-10.676525019098548,11.054048892284184,0.2158,0.5532000000000001,16.8,0.0774,0.0154,-0.1378065317035905,-0.20267857142857143,1.73147154316272,0.8704120879120879,0.8602941176470589,0.8039635364635365,0.5679726523476524,0.7635504201680672,0.6451779470529471,0.45729700446612204,0.9781818181818182,0.9266721513780336,0.9938461538461538,0.6088025210084034,0.44035277222777225,0.8565959040959041,0.8549107142857142,0.8799175824175824,0.0,0.0,0.0,0.0,0.0,0.0,0.0,0.0,Kaivalya Sandip Nagare,2827.0
17.618138705427988,164.0191455594699,-52.57601762170477,-16.832373738859552,-10.267139784394141,3.9925925925925925,-7.149465700779771,-24.56264048140303,-11.479222562993689,13.722232054132814,0.2326,0.47680000000000006,25.6,0.132,0.0388,0.472049512582394,-0.3104538287349615,1.6399534268779614,0.5100829432361682,0.8086614173228346,0.6564980469481115,0.8282518518518518,0.48244449400437234,0.40079926724998777,0.5023265173248693,1.0,0.8021921259842519,0.7779689705453485,0.5179646191512883,0.5165294268449002,0.7765065760740338,0.8479558114937126,0.53693229913425,0.030232558139534883,0.0,0.0,0.0,0.0,0.0,0.0,0.0,Kaivalya Sandip Nagare,2827.0
18.143434366628398,150.8081867585151,-66.60017761008176,-17.290552366373262,-13.060479561861314,4.0,-6.11637772675086,-37.84535144788875,-11.633636050516648,15.346219543309095,0.2052,0.5212,23.6,0.0884,0.0056,0.19726687077433344,-0.6367179487179488,1.42662967215206,0.5842458113082348,0.7373346342899586,0.682672932330827,0.5311761776235461,0.4884391771019678,0.3545780738369477,0.26692727420817997,0.7171463056866973,0.8209898875094714,0.791921052631579,0.6244071717755928,0.7507256513376465,0.65822922168271,0.7089883720930232,0.7388658176448875,0.0,0.0,0.0,0.0,0.0,0.0,0.0,0.0,Kaivalya Sandip Nagare,2827.0
18.681571194762686,158.0623453142602,-66.86690138119708,-17.60403001254065,-14.765673247628524,3.981818181818182,-4.876230152825897,-34.26180627882756,-11.674969286033116,12.333989414840477,0.2042,0.5698,21.4,0.044000000000000004,0.0,-0.05718111675558486,-0.4108674304418985,1.7470648500435737,0.566369642314884,0.8315708382939981,0.7465189934815923,0.5063549625408962,0.4957998429302258,0.4683257268568049,0.42688458150229386,0.8710577971646675,0.9066705813270698,0.839236641221374,0.8362784824657062,0.49058821856799006,0.49519444908337684,0.465734779556918,0.6249533628983761,0.0,0.0,0.0,0.0,0.0,0.0,0.0,0.0,Kaivalya Sandip Nagare,2827.0
20.565176553672316,173.35021186440676,-43.91681817574017,-17.23827683615819,-10.200419870655418,4.0,0.7145127118644068,-24.78732344632768,-10.805487288135591,14.400176553672315,0.24099999999999996,0.4168,19.2,0.032600000000000004,0.0,0.30121468926553674,-0.36283898305084744,1.101539548022599,0.6683316123059393,0.9210084033613445,0.8184675141242937,0.6198330603427812,0.5703523358495941,0.6009130347054076,0.5168954446185253,0.9155753968253968,0.8386581327446233,0.7655750011869153,0.6989985400940038,0.37610076516482294,0.8423375706214689,0.6917725988700565,0.8961404477045054,0.0,0.0,0.0,0.0,0.0,0.0,0.0,0.0,Kaivalya Sandip Nagare,2827.0
20.36670568561873,198.52433667781492,-62.9490683194001,-16.90888145670754,-10.366128891678063,4.0,-0.26220735785953186,-39.89370122630993,-10.862993311036789,11.344843924191752,0.22800000000000004,0.3834000000000001,21.0,0.1076,0.0322,0.1781772575250836,-0.3515570419918246,0.9092995169082126,0.7291343721954802,0.7429158220420357,0.8571428571428571,0.6038180570832858,0.4664958381251318,0.34335305671554944,0.6558711172329232,1.0,0.8580681710886602,0.8325138216752157,0.44600342975128815,0.14348043176287387,0.5741190748143918,0.674394455174892,0.9006934812760056,0.02016806722689074,0.0,0.0,0.0,0.0,0.0,0.0,0.0,Kaivalya Sandip Nagare,2827.0
19.567998989773184,180.0321560039302,-58.13911271792008,-16.326746965859872,-12.091826491601598,3.996825396825397,-4.609515981995821,-29.87710910795588,-10.511827178561049,11.28108761122874,0.2082,0.40380000000000005,19.6,0.08859999999999998,0.0108,0.0724914718866332,-0.18859498899821475,1.9575933940853294,0.7242204257829258,0.8269841269841269,0.8301808504933504,0.5562278796653797,0.6502111486486486,0.5036458333333333,0.5053819444444445,0.9390625,0.9269841269841269,0.7924924924924925,0.5648561507936508,0.4608034373659374,0.7259712837837837,0.8328969594594595,0.86984126984127,0.0,0.0,0.0,0.0,0.0,0.0,0.0,0.0,Kaivalya Sandip Nagare,2827.0
19.43587914835852,170.54622861072409,-63.77993541235871,-15.330329010824135,-11.61033435137919,4.0,-12.146949683849533,-31.32650350087522,-11.235089754581503,13.869270889150858,0.2364,0.37679999999999997,25.2,0.06420000000000001,0.01,0.21573491587182508,-0.27204122459186225,1.3456720430107527,0.615556646765358,0.9228012048192771,0.9435849056603773,0.7061522895132137,0.5506814379353366,0.3779684629463398,0.5107164395651418,0.7911649030693682,0.8654088050314466,0.8746007423054433,0.4155667343751146,0.48347400737531776,0.5909023128423615,1.0,0.7559063704605397,0.01132075471698112,0.0,0.0,0.0,0.0,0.0,0.0,0.0,Kaivalya Sandip Nagare,2827.0
19.44087886205814,183.54894705594148,-60.62093788679315,-15.59589491212826,-11.48472186461915,3.996223934849244,-5.3621951564009045,-33.713969220485666,-10.596783012243844,12.136402344235425,0.2205287698412698,0.4324176587301587,19.541666666666668,0.0724603174603174,0.0090406746031746,0.1151202569283318,-0.3014156655389052,1.22611914033897,0.710298369603452,0.8637928854534376,0.835438982566276,0.625737769501787,0.6164306469112278,0.5275614504249246,0.5308673981732519,0.859914273975302,0.8499035222236446,0.8070625304664858,0.5811847072302779,0.4396478894196332,0.6665333709224912,0.7986416821258884,0.839088415075825,0.0445954742398133,0.0722554301669856,0.0734152742262771,0.0275862068965517,0.0137931034482758,,,,Kaivalya Sandip Nagare,2827.0
22.84748599614874,204.05304443455833,-62.60501898893053,-14.152670284125287,-10.252935064323484,4.0,-6.623568522264908,-37.6870814675062,-9.583597325548546,11.69483367483788,0.25420000000000004,0.5277999999999999,15.2,0.1348,0.0166,0.0444708952614756,-0.08695683187693279,1.0985706384024299,0.7929811668208293,1.0,0.9122807017543859,0.8347478279967732,0.6176915311936408,0.6895560450523808,0.7974957413553904,0.9380952380952381,0.7958262059527883,0.8938271604938273,0.721117608836907,0.324973341095926,0.9405405405405405,0.9495479204339963,0.7481529148195815,0.0,0.0,0.0,0.0,0.0,0.0,0.0,0.0,Kaivalya Sandip Nagare,2827.0
22.981783256091404,204.84055943995776,-54.64088690301581,-14.45406437847015,-10.392238397761826,4.0,-6.397115329463589,-28.50220526659937,-10.410513123480017,11.515249592759144,0.2084,0.5904,14.8,0.058199999999999995,0.0132,0.15843765773413482,-0.0170608108108108,1.1591063931078787,0.8097079637197249,0.8053086975144186,0.7965969849109673,0.7653569013361938,0.7325226751719327,0.46344634703705506,0.617120003766039,0.9869996578857337,0.7641895259158291,0.9560649855476926,0.7902155673163807,0.2563139280464944,0.703680556865048,0.8398484999501644,0.7251071464168245,0.0,0.0,0.0,0.0,0.0,0.0,0.0,0.0,Kaivalya Sandip Nagare,2827.0
17.683962136578767,171.87815569487984,-48.96191686601496,-17.52257053291536,-10.449119521371768,4.0,-3.4219574036511156,-24.30210523080705,-10.495846394984326,13.229682217714673,0.233,0.3068,21.2,0.0422,0.0024000000000000002,0.1461847685782777,-0.1393742700842092,2.392034236892249,0.7611609875535604,0.8994082840236686,0.8107589587559161,0.7568163240592171,0.6962213138551275,0.3665639890791729,0.40478826909775806,0.8815241787390328,0.8894361294813784,0.7837482146500714,0.45833930539938067,0.6367671026207704,0.8567164179104477,1.0,0.9406015579053495,0.00344827586206896,0.0,0.0,0.0,0.0,0.0,0.0,0.0,Kaivalya Sandip Nagare,2827.0
17.371029974127595,152.70821303716792,-66.52149503574931,-17.193295891966933,-12.102988315234386,4.0,-8.02742601123241,-36.39981447592604,-11.001193664415977,14.20322332302644,0.2116,0.4902000000000001,23.6,0.0762,0.0084,0.3247870259355083,-0.1343164005805515,1.3917427904335207,0.48721998755961016,0.7338461538461538,0.8575907111756168,0.6600953763217914,0.4684175824175824,0.376867095168982,0.3129035869790587,0.8207692307692309,0.6414725274725275,0.7091382956665976,0.598021978021978,0.31813269749118805,0.5679191374663073,0.8361538461538462,0.9324615384615385,0.0,0.0,0.0,0.0,0.0,0.0,0.0,0.0,Kaivalya Sandip Nagare,2827.0
18.109415077096184,168.16259214473993,-63.73148964604117,-15.095578449783039,-11.31614347621376,4.0,-6.850171621849816,-38.08943550483413,-10.189882550406757,13.80972195704631,0.25239999999999996,0.4364,21.2,0.0366,0.016399999999999998,-0.01789309182101321,-0.596886113522444,1.8583334167753538,0.5968843677822007,1.0,0.7518851987867885,0.6359872118594768,0.45003834796995823,0.47693275892763365,0.6389450162087307,0.8691358024691358,0.9079157588961511,0.7370586749174659,0.5399879431303,0.7324618736383443,0.6639469893402478,0.7859254878769958,0.9292307692307691,0.0,0.0,0.0,0.0,0.0,0.0,0.0,0.0,Khagan Ahmad,2977.0
21.654822236586945,209.38809739280327,-54.64422611230084,-13.451842275371686,-10.706335571469126,4.0,-2.9388170652876537,-31.12591036414566,-8.92191338073691,8.500592544710193,0.25160000000000005,0.44719999999999993,12.2,0.07339999999999999,0.028999999999999998,-0.22367377720318887,-0.31513466925231626,2.1468670545141135,0.8948717948717949,0.9529411764705882,0.915950226244344,0.8678571428571429,0.6300312432665374,0.779632622279681,0.6317657832363714,0.9382352941176471,0.8979638009049774,0.9320512820512821,0.7770345596432553,0.8603976373157959,0.5300204697263521,0.9795787545787545,0.9512820512820512,0.0,0.0,0.0,0.0,0.0,0.0,0.0,0.0,Khagan Ahmad,2977.0
18.563413690114555,175.95182344207316,-60.12425099778311,-15.219477701428646,-11.399240002539278,3.9928795246404007,-5.161081994051738,-34.224293261882,-10.5367267959073,12.423689233385447,0.2236038732394366,0.4608802816901409,20.263204225352112,0.0758591549295774,0.0090202464788732,0.1107461535038269,-0.2380426666548103,1.4720983701778596,0.6749818545593816,0.8803445380110055,0.7860769783145696,0.6122570296407124,0.5427283743367114,0.494742600151432,0.5206253390702974,0.8734789125077952,0.8416312617312721,0.8281748894945313,0.6410019364210306,0.4944029689649734,0.4655536165556135,0.742312448340619,0.8124101807422343,0.059496588268035,0.0450752232376657,,,,,,,Khagan Ahmad,2977.0
21.95587080103359,187.73516205241785,-48.69339261791342,-12.8834403839055,-11.148760650397726,4.0,-5.978660022148395,-23.681151716500555,-9.669441860465117,10.668062015503875,0.1808,0.5274000000000001,12.8,0.0126,0.0,0.04730084902177927,-0.2420996677740863,1.671154669619786,0.7728372093023256,0.8719999999999999,0.8208062015503875,0.8928571428571429,0.8056434108527132,0.6590232558139535,0.5814558877814691,0.8853333333333333,0.8657142857142857,0.8906666666666666,0.6325662606127722,0.5681033591731266,0.7568239202657807,0.826108527131783,1.0,0.0,0.0,0.0,0.0,0.0,0.0,0.0,0.0,Khagan Ahmad,2977.0
19.59333736746731,215.44748065079688,-68.6278318421187,-16.086191658235112,-11.451253763732879,3.995121951219512,-1.6671963094180762,-43.437373431757536,-10.605771219056729,10.624832588862104,0.2374,0.321,20.4,0.0718,0.0158,0.06308528831586833,-0.25950469076519495,1.7311868270343367,0.8752293577981651,0.9975609756097562,0.8140356228642563,0.5408894258671951,0.6859201878692389,0.5543703482594364,0.4583627403284435,0.9791044776119403,0.9902439024390244,0.975609756097561,0.6571604442494259,0.4569213147275664,0.38395878459925037,0.7922577757887671,0.8968287838557947,0.0,0.0,0.0,0.0,0.0,0.0,0.0,0.0,Khagan Ahmad,2977.0
16.121068989314868,170.1470374336641,-55.020270126940275,-15.927226862759095,-10.400697849586887,3.9758620689655175,-2.3134289997858213,-32.14542649310265,-10.376642155112918,12.167290164441589,0.24699999999999997,0.4434,18.4,0.0616,0.011600000000000001,0.0011545021140223599,-0.15194371068434034,1.8220302547139127,0.6742755119741696,0.9014327343370567,0.7337669193572228,0.4836730015931878,0.3719428721863894,0.36517054096355794,0.5809679667208649,0.9774647887323944,0.9210371153767595,0.9830985915492958,0.5092487782698094,0.3263051441240022,0.3748961112441015,0.641559705865114,0.7802502526543758,0.02068965517241378,0.0,0.0,0.0,0.0,0.0,0.0,0.0,Khagan Ahmad,2977.0
18.032457544760753,178.08755590192914,-68.15364713361821,-15.039125718494665,-12.841583587849708,4.0,-6.0329317362697905,-42.20003152436787,-9.86490824569673,13.824933679060546,0.23819999999999997,0.499,16.8,0.0864,0.0102,0.10136842276358778,-0.4010132282578103,1.4216992161824518,0.6712049743411181,0.9734513274336283,0.8254306295020356,0.6863181304792313,0.3318887577159274,0.28711922415584984,0.42551061787903227,0.8539908926883755,1.0,0.8447368421052632,0.4405887709180033,0.5521198196275592,0.3631984846588695,0.7063052537705332,0.7628521525452312,0.0,0.0,0.0,0.0,0.0,0.0,0.0,0.0,Khagan Ahmad,2977.0
19.26227576974565,175.10781793842034,-55.33305107656629,-14.440428380187416,-13.122381732523445,4.0,-5.731927710843374,-28.658433734939756,-10.512008032128515,13.132128514056225,0.22680000000000003,0.5788,22.4,0.1172,0.0092,-0.015368139223560923,-0.5055689424364124,1.2472958500669342,0.6180117669557783,0.8548192771084338,0.7999761511030115,0.4604506541572452,0.49310845623389915,0.37453219038619456,0.610722891566265,0.8444844925922176,0.8366666666666667,0.7909236947791165,0.6288269042556782,0.5486345381526105,0.6305182635303117,0.6641602825869304,0.8069913266511424,0.050602409638554204,0.0,0.0,0.0,0.0,0.0,0.0,0.0,Khagan Ahmad,2977.0
18.149044693711662,180.8131640522741,-53.29981264103192,-14.352314029757503,-11.504126358429897,4.0,-5.071322765708912,-29.352402032602726,-10.22815411301022,13.208506658477344,0.2576,0.4412,17.0,0.073,0.014000000000000002,0.29781554684563416,-0.2644631563444386,1.3912428874482048,0.6690246573857046,0.9563025210084033,0.8242134062927496,0.5850395972342425,0.7388006365336832,0.5439595858565873,0.44236113049871106,1.0,0.922932651321398,0.8865546218487396,0.6018038762522198,0.5190280763468178,0.4529768631416166,0.8227086183310532,0.913953488372093,0.012244897959183659,0.0,0.0,0.0,0.0,0.0,0.0,0.0,Khagan Ahmad,2977.0
17.75246816675388,182.85192089656374,-57.86500056721479,-12.563317634746207,-10.91768349936201,3.979591836734694,-8.384664442700158,-32.67215572126286,-10.664589874411302,13.357818768533054,0.2326,0.26080000000000003,19.8,0.0852,0.0,0.15468123146694576,-0.48350776207919066,1.8489806820163963,0.6098846342660776,0.9298969072164948,0.911340206185567,0.6380018041237113,0.30715790661228803,0.5623275641025641,0.44327412956459344,0.9237113402061855,0.9360824742268041,0.7921979381443298,0.6604807295796986,0.4202489398058985,0.5370315018315018,0.6450200662739322,0.8582417582417582,0.026868556701030923,0.0,0.0,0.0,0.0,0.0,0.0,0.0,Khagan Ahmad,2977.0
20.865526166606994,204.4417072443012,-54.67196848233416,-15.43343477741974,-11.648492828914893,3.9964912280701754,-3.2109917651271034,-28.257852219835303,-10.646790637307554,10.529102518200263,0.20140000000000002,0.4164,22.0,0.07139999999999999,0.0,0.2661673529060747,-0.06884920634920634,1.1206438715837213,0.7974740132041018,0.9793650793650794,0.7109680879592384,0.6105306861280313,0.6120062828027429,0.3992763603161833,0.49021494975034796,0.8783077296351631,0.9307206068268015,0.7568759657255233,0.33987137493774655,0.4908034517105314,0.8253968253968254,0.7996428571428572,0.9144841269841268,0.0,0.0,0.0,0.0,0.0,0.0,0.0,0.0,Khagan Ahmad,2977.0
15.923261020780803,148.50365765295768,-46.75248656861184,-15.260078833724602,-9.506231315445442,4.0,-4.7802147639335715,-25.399026896211925,-11.008400573863142,15.201465814566848,0.2444,0.5554,23.2,0.0742,0.0,0.237639915369678,-0.29712691650001444,1.1758429701765063,0.5348066110193316,1.0,0.8735849056603773,0.29602215749355126,0.4266991276120917,0.5472811059907834,0.5513622728458395,0.8550652841781876,0.7461481610294756,0.7705164043706344,0.7555195200417355,0.6072350230414746,0.15876351331768251,0.8104672057502246,0.6843323768947628,0.009160073037127181,0.0,0.0,0.0,0.0,0.0,0.0,0.0,Khagan Ahmad,2977.0
16.760227016817403,153.0028455195961,-62.40776136714902,-16.48192219679634,-12.78896328498709,3.9955555555555557,-4.321922560023247,-35.01506120373398,-11.442458319712324,13.6470106425484,0.20620000000000002,0.46240000000000003,24.4,0.098,0.0116,0.17644546147978643,-0.32840361774000215,1.0058236170135482,0.44616890356020794,0.9658498023715415,0.7736263736263735,0.44504799548277807,0.5446376811594202,0.48640547857939154,0.5841182006399397,0.7279503105590062,0.6047746456442109,0.5570950788342093,0.48279604453517494,0.4383005400396705,0.6223188405797101,0.8719254658385094,0.913167701863354,0.04142857142857142,0.0,0.0,0.0,0.0,0.0,0.0,0.0,Khagan Ahmad,2977.0
19.69460181328106,186.36007460045195,-64.13364159913922,-12.343690271992159,-12.840482515036745,4.0,-8.504692477333988,-35.62037899207711,-10.419474801927633,11.595077459228403,0.194,0.4138,19.0,0.0764,0.0038,-0.04163848729886464,-0.03239565465980558,1.3410433172697325,0.7531973449894771,1.0,0.7771428571428571,0.8022988505747126,0.668356807511737,0.5399479636439326,0.43061796063738755,0.9433333333333334,0.7632089086241588,0.9471264367816092,0.568506209671824,0.41006475635421724,0.6040597608640348,0.759047619047619,1.0,0.02285714285714284,0.0,0.0,0.0,0.0,0.0,0.0,0.0,Khagan Ahmad,2977.0
17.987143059554224,166.75209067383423,-43.390781549465494,-14.003376370953983,-12.353094867126277,4.0,-4.263325106513902,-18.996277865842647,-9.761870779199961,11.98716344017128,0.2522,0.381,24.0,0.1002,0.0112,-0.04495987186426981,-0.2025102370125075,1.9067513196468766,0.5630885352917177,1.0,0.8209914320685435,0.7616767328156457,0.6673445432108674,0.48016366688738615,0.6069808050434894,1.0,1.0,1.0,0.8927182615325963,0.38630022444597956,0.5169830313488639,0.8196721311475409,0.69591769167486,0.0,0.0,0.0,0.0,0.0,0.0,0.0,0.0,Khagan Ahmad,2977.0
15.615971454794638,138.05698082102865,-79.0249794355253,-18.655026366434527,-13.36540839912081,4.0,-4.651739502520884,-47.73642924472723,-12.550610066169313,13.93423414344746,0.144,0.3882,33.4,0.08099999999999999,0.0,0.13977175618438106,-0.08094974977209725,1.1784444940559244,0.393253565449414,0.9006360598465861,0.7637426900584796,0.3899684077155193,0.5212059620596207,0.28473796786098476,0.3289054120889807,0.6364524578260137,0.5616589515177448,0.8070403280929597,0.4767458650321295,0.2558114054747377,0.4073315680183459,0.4982389454789969,0.5629289409777215,0.0486111111111111,0.0,0.0,0.0,0.0,0.0,0.0,0.0,Khagan Ahmad,2977.0
19.002361436377832,189.42835772833726,-65.04487270028685,-16.20497658079625,-13.711837961801297,4.0,-3.9710089773614365,-33.86462724434036,-11.124994145199064,9.832572209211554,0.2326,0.3256,19.0,0.164,0.0224,0.10645784543325527,-0.20917447306791564,1.8893198672911786,0.7723770491803279,1.0,0.8969387755102041,0.597328537972566,0.5014855860376938,0.5153646704583473,0.6689002732240438,0.8014978532396565,0.9590163934426229,0.8575108732017396,0.769207650273224,0.42610516337682613,0.29619479759116757,0.9098214285714284,0.9688524590163935,0.0,0.0,0.0,0.0,0.0,0.0,0.0,0.0,Khagan Ahmad,2977.0
20.52098967226086,166.77863609468483,-44.12762112756949,-16.342506316023265,-11.787045016018798,4.0,-1.5353473899554406,-21.95842334534072,-10.650057781201848,14.145758720970585,0.2206,0.5256000000000001,22.0,0.060399999999999995,0.006,0.2144917596718444,-0.10953355127083939,1.390156243493108,0.5342800820753576,0.9076923076923077,0.8822531798909752,0.5048578621019566,0.4595000754843275,0.653810610897225,0.32588840423486093,0.9689189189189189,0.8997240729524194,0.7931823101114439,0.6141880523770287,0.5753279599736293,0.48092799092799093,0.6200078311889335,0.9363636363636363,0.0042775058523089795,0.01889763779527558,0.0,0.0,0.0,0.0,0.0,0.0,Khagan Ahmad,2977.0
19.1173989553629,168.21443773490432,-64.51616469672437,-16.85492099489979,-12.067228134744337,4.0,-5.021438928119734,-37.419689695405495,-11.342971799599585,14.190084856044558,0.24900000000000003,0.41500000000000004,20.8,0.1182,0.017599999999999998,0.08792677170195731,-0.1473405863649766,1.4942356664519973,0.5466468422122108,0.9114893617021277,0.8185467683661181,0.6067057439252135,0.6675811687507125,0.4853857529928646,0.5731497588850727,0.7928417371028854,0.8436957155348296,0.8194299478121236,0.6637629788225266,0.18803116485710808,0.7696881375692218,0.6191678114949655,0.7248964420060365,0.0,0.0,0.0,0.0,0.0,0.0,0.0,0.0,Khagan Ahmad,2977.0
18.98055866094989,182.9297733582767,-58.52630672746204,-15.928232297432029,-11.625316417090932,4.0,-2.85279577090152,-33.653482746917604,-10.428950814358641,11.962471319238686,0.25680000000000003,0.3989999999999999,16.2,0.0586,0.0252,0.08282891363652913,-0.618129069004109,2.007658015170358,0.7043137254901961,0.9652173913043478,0.7200712577714012,0.7558571428571429,0.6101428571428571,0.37175572031569787,0.5808085673293708,0.8856241032998564,0.9690674318507891,0.897430894308943,0.9462354188759278,0.5266329314334429,0.4703058686889389,0.6517751944892486,0.9882352941176471,0.0,0.0,0.0,0.0,0.0,0.0,0.0,0.0,Khagan Ahmad,2977.0
19.762134459835607,181.8071863640829,-49.26007218474492,-14.67103841241772,-10.543654396488048,4.0,-3.2873563218390798,-26.558093460392307,-10.237240888102956,12.037311294495202,0.22679999999999997,0.5589999999999999,14.4,0.0526,0.0,-0.02242525460916266,-0.10090054687755834,1.3532133149949241,0.6954770970347294,0.9275545048594693,0.7265835929387331,0.6829037640564121,0.5831136935637847,0.5968960182886079,0.745488635052498,0.8857851621091497,0.9074074074074074,0.7367070988268045,0.7129628402180931,0.4076380609200778,0.5525312635904536,0.7995184395741864,0.8082035306334372,0.00493827160493826,0.0,0.0,0.0,0.0,0.0,0.0,0.0,Khagan Ahmad,2977.0
18.729931457431455,155.1668831168831,-50.529085974132315,-14.616378066378065,-11.970543405589748,4.0,0.08169191919191929,-29.694516594516596,-10.554285714285715,12.224945887445887,0.2904,0.46880000000000005,14.2,0.014000000000000002,0.0048000000000000004,0.17506493506493506,-0.42274170274170275,1.1443398268398268,0.5572220517889809,0.9095238095238095,0.7644919385076866,0.4892546244219472,0.7072846575996182,0.692683755439661,0.5796836332958379,0.9557555305586801,0.8985691561282113,0.9149606299212598,0.876440444944382,0.16894361216211606,0.9181460272011452,0.6533233345831772,0.7011998500187476,0.0,0.0,0.0,0.0,0.0,0.0,0.0,0.0,Leonardo Tristan,2839.0
16.907030485078902,159.18933515402378,-62.641587281074315,-15.736154825191068,-12.359512102013259,4.0,-5.434386410941107,-35.27333890110553,-11.760619376907496,13.922424335084145,0.229,0.28440000000000004,23.6,0.046,0.0021999999999999997,-0.015492976751739818,-0.0667102241229112,0.6766512356165216,0.5640917764258366,0.9415092453773113,0.686967528632378,0.4140263915454191,0.26226929053959314,0.6641738341355639,0.5406674968300974,0.7761290222657267,0.7569140429785108,0.7960619690154923,0.40830836756480393,0.1456385411035239,0.5258058193608719,0.7171637528343267,0.6087140933665398,0.0,0.0,0.0,0.0,0.0,0.0,0.0,0.0,Leonardo Tristan,2839.0
19.50954651554259,178.05705790595894,-50.08149255204295,-14.86868813825609,-10.790808266702735,4.0,-5.0186050948266185,-24.898420865596826,-11.025262147907082,12.520291961246398,0.197,0.38380000000000003,18.2,0.034199999999999994,0.0,0.2804358657838626,-0.0976190476190476,2.1458808962705267,0.6940084977591525,0.9199999999999999,0.8714847020933977,0.6288332334429768,0.5804534130778238,0.22996245905413004,0.6872568535009604,0.8271136720796228,1.0,0.9801801801801802,0.8132045088566828,0.3070283819702363,0.7991469730600165,0.8248888888888889,0.9404444444444444,0.0,0.0,0.0,0.0,0.0,0.0,0.0,0.0,Leonardo Tristan,2839.0
21.591448325401817,201.59419607314953,-60.80084834260492,-13.001209182604532,-13.858505252006022,4.0,-6.5377458022806865,-33.13365658016821,-10.216005207865674,11.946273682320193,0.24220000000000003,0.5054000000000001,14.8,0.0468,0.0046,-0.023899314596988998,-0.5543853820598007,1.3322959504354852,0.8465250965250964,0.8802188782489739,0.7179683761116948,0.5759981347340546,0.7284815321477428,0.42283976569886284,0.4768508797530539,0.8159962287869265,0.6861918142492698,0.891764705882353,1.0,0.4379538207890509,0.5520853646298243,0.6758952405600833,0.8078858708520787,0.0,0.0,0.0,0.0,0.0,0.0,0.0,0.0,Leonardo Tristan,2839.0
19.73983738769589,185.50810575527302,-40.45309520965735,-16.67716533940443,-9.455173871033923,4.0,-5.103149967408574,-16.65802869760582,-11.759796695578748,15.200219361374144,0.20600000000000002,0.362,21.0,0.0826,0.0218,0.004286984362885704,-0.1394265624138218,1.3554507929948427,0.6751398920223826,0.8540816326530611,0.7603824053893402,0.5012802542630931,0.5347088349903066,0.3990743893523436,0.6022096237392415,0.9387955182072829,0.7980192076830732,0.8002200880352139,0.8803921568627452,0.36194470119447075,0.46147308517549934,0.6985930219178667,0.8846938775510204,0.01796718687474988,0.01176470588235294,0.0,0.0,0.0,0.0,0.0,0.0,Leonardo Tristan,2839.0
20.37496939448159,204.97491854223563,-63.22835979033859,-14.100792918353894,-13.015016160994955,4.0,-2.985130426593842,-36.15151520858838,-10.358295131368305,9.382390055560787,0.22840000000000002,0.4694000000000001,9.6,0.03780000000000001,0.016,-0.08554251812788398,-0.027512195121951223,1.7397148507392413,0.8633055787506463,0.944,0.7668289378403308,0.561900548785576,0.6032578765767295,0.6672548411467653,0.7212007623297542,1.0,1.0,0.8859598393574298,0.9,0.09612824747602876,0.7180458865163624,0.7882877251580579,0.8364308720028628,0.0,0.0,0.0,0.0,0.0,0.0,0.0,0.0,Leonardo Tristan,2839.0
17.496225071225073,171.71628248294914,-60.20123950845842,-12.750755417422084,-10.80460651182543,4.0,-7.893356643356642,-35.45417853751188,-10.342728567728567,13.044386169386168,0.2102,0.3732,20.4,0.0696,0.0,0.03509885176551849,-0.5878787878787879,1.079646896313563,0.5478364937720765,1.0,0.7328848298940323,0.30009658882358264,0.5745132026573744,0.6230497320221248,0.6620935046548544,0.7837074735080869,0.6777827234115578,0.8253555493586168,0.6685570309036567,0.2946835628584094,0.6760223161296781,0.5024856278690634,0.740331881819612,0.0,0.0,0.0,0.0,0.0,0.0,0.0,0.0,Leonardo Tristan,2839.0
21.4856161971831,220.32658025073516,-44.28606902408916,-13.898100139297322,-10.178907013564466,3.991549295774648,-1.0169826652221017,-22.512915957282154,-9.83833655780839,9.167624013310633,0.2324,0.614,16.4,0.0698,0.0076,-0.009412242686890558,-0.07678764897074755,1.8512590930196566,0.8807692307692306,0.8573586446213513,0.8690140845070422,0.6213444546879943,0.8225352112676056,0.6117599472477689,0.5912944407433078,0.8929577464788732,0.9517549742901856,0.8519561815336463,0.7714635639926516,0.41593798414611094,0.8731577873035313,0.9192307692307693,0.9115384615384615,0.0,0.0,0.0,0.0,0.0,0.0,0.0,0.0,Leonardo Tristan,2839.0
19.65893886601204,189.9870921761166,-60.142138490070295,-14.96192587899905,-12.770409000048124,4.0,-4.217263224580298,-32.29819448843839,-10.22760532150776,10.333259423503327,0.2604000000000001,0.36000000000000004,12.0,0.10980000000000001,0.027200000000000002,-0.026138739309471016,-0.10430155210643015,2.215150459296801,0.7011163544496878,0.8835714285714286,0.9783783783783784,0.6623438111422607,0.6798796415463082,0.6488299151865043,0.564571398641166,0.9885714285714287,1.0,0.9017567567567568,0.7559523809523809,0.45497330663997326,0.8261594928261594,0.9243243243243242,0.9063063063063062,0.0,0.0,0.0,0.0,0.0,0.0,0.0,0.0,Leonardo Tristan,2839.0
19.85084625519408,179.4934579912841,-44.89173288323134,-12.961133069828724,-10.150134626415683,4.0,-3.519838856795378,-23.766025641025642,-10.647484037701428,12.152883348535523,0.1702,0.4144000000000001,20.2,0.0814,0.0026,0.0963768115942029,-0.45259450694233305,1.9658786865308602,0.7308795155516296,0.7744643891140707,0.7923274717982747,0.7708636971893557,0.5262658112414382,0.5322583803966976,0.5309850739014113,0.8622251150681111,0.954140127388535,0.8899174869716271,0.691614873689238,0.45809602956901757,0.5758337281185907,0.7691117143352254,0.696587844834509,0.03863636363636362,0.0,0.0,0.0,0.0,0.0,0.0,0.0,Leonardo Tristan,2839.0
20.79248321954511,199.97694319850754,-60.93064277928081,-12.407361568689716,-12.167783344120242,4.0,-7.9515077104751315,-33.8012724268646,-10.071387250426707,11.468669521295599,0.23759999999999998,0.33540000000000003,15.2,0.091,0.0066,0.03639200373119519,-0.06607043623228674,1.7396907077362758,0.8634920634920634,0.8754098360655738,0.892436974789916,0.8352635043088273,0.7039419046307047,0.5619149126432281,0.5573187917674979,0.9344262295081969,0.9224489795918368,0.8870367819258851,0.7716887848035389,0.25506172558180584,0.6869876854969771,0.8096459636486173,0.9145887863342057,0.0,0.0,0.0,0.0,0.0,0.0,0.0,0.0,Leonardo Tristan,2839.0
17.704382530886164,156.96976714627078,-62.06748572078404,-13.09142983035911,-14.301085124244647,3.996078431372549,-3.9164421170369614,-36.955471384750965,-10.678781331028521,12.87964563526361,0.225,0.46340000000000003,32.8,0.032,0.0154,0.27955496805463753,-0.2768451200705001,1.4367507244903144,0.5005649717514125,0.6403788634097707,0.9029411764705882,0.49122632103688935,0.6151391977912416,0.49080067489838175,0.3745187514379937,0.8637254901960784,0.8156862745098039,0.7239115985377202,0.8411764705882353,0.3272643607638622,0.505250913924892,0.7412429378531074,0.7516949152542372,0.0022598870056497002,0.0,0.0,0.0,0.0,0.0,0.0,0.0,Leonardo Tristan,2839.0
19.15905244087685,171.42660540435082,-65.20279340263943,-16.546402441573647,-11.955100689733369,4.0,-4.718497289463049,-37.673112727678145,-11.74386730214474,13.434187047953511,0.2202,0.43979999999999997,24.8,0.0654,0.0,0.23179795699374278,-0.1472344161545215,0.8595935170087936,0.6127287486327809,0.9240004381640926,0.752113733010923,0.5954653928610549,0.5456692874765181,0.5322017150060223,0.2781274896350602,0.8599320191680441,0.8071475517581334,0.8852941176470589,0.5071337306706223,0.1706416453014959,0.7296091837885825,0.8911764705882353,0.6026478155674845,0.00410239306261984,0.0067039106145251395,0.0,0.0,0.0,0.0,0.0,0.0,Leonardo Tristan,2839.0
19.10998144220573,169.3956053777435,-54.83285461646151,-15.338153539638162,-9.218228905481073,4.0,-8.460792642758443,-29.67963503004595,-10.833363660464666,14.697319161926796,0.238,0.4096,19.4,0.08380000000000001,0.016999999999999998,0.07972199460136895,-0.5222637295542916,1.3473858414473472,0.619741207697412,1.0,0.6600334617314322,0.7651515151515151,0.49344793740322934,0.38938154803329716,0.2996283771936923,0.7871018579960186,0.7244608493696084,0.8832033842070338,0.6547611147976111,0.2685682769029084,0.7191085908038908,0.8238636363636364,0.8460988456309579,0.01751824817518248,0.0,0.0,0.0,0.0,0.0,0.0,0.0,Leonardo Tristan,2839.0
19.561939102564104,180.34490821678324,-54.9856716821263,-12.132721445221446,-10.701267544597158,4.0,-11.128168706293707,-26.89873494560995,-10.573994755244755,12.449215714840715,0.23739999999999997,0.5264,18.6,0.0764,0.0052,0.1310387529137529,-0.02788461538461538,2.291499125874126,0.6948743597951343,0.941025641025641,0.8312135780885781,0.46813811188811183,0.6658444548409337,0.6027570873961718,0.589524647887324,0.672371569158541,0.837540628385699,0.9611888111888114,0.8053977272727273,0.4410934575987393,0.8020166453265045,0.9625,0.9211538461538462,0.0140625,0.0015625,0.0,0.0,0.0,0.0,0.0,0.0,Leonardo Tristan,2839.0
18.489460012462928,145.33847002901933,-68.56439102917227,-15.85539115355781,-14.309009915312515,4.0,-8.902041543934969,-33.91585852981766,-12.188829862354762,12.606739975805446,0.23160000000000003,0.5032000000000001,20.0,0.0814,0.0052,0.2239568571941742,-0.33119184219999714,1.30147081401746,0.37291520778631926,0.7279458686949069,0.6917826983221941,0.4759279659200325,0.4184793432417438,0.5360293668085349,0.7503031386745569,0.5175417583315998,0.7678885688388827,0.8774890043982406,0.9143405795576507,0.33414988615097607,0.6328661044328924,0.7105299473131101,0.7745711017918413,0.00176991150442476,0.0,0.0,0.0,0.0,0.0,0.0,0.0,Leonardo Tristan,2839.0
21.943679872222695,202.87308947263344,-65.21958914570078,-14.319911012235817,-12.545993697767178,4.0,-6.756297595619064,-39.04290237015488,-9.828986052879268,13.27450158295542,0.2406,0.531,20.2,0.0662,0.0,0.15571147428767004,-0.42122985653575196,1.6767639257294433,0.9256410256410256,0.9615384615384615,0.6616962692090027,0.7416213921901528,0.7324358974358974,0.6432961124896608,0.6613606286186932,0.9548387096774194,1.0,0.8732051282051282,0.9,0.22852662052152714,0.8468982630272952,0.696166253101737,0.7675075094684602,0.0,0.0,0.0,0.0,0.0,0.0,0.0,0.0,Leonardo Tristan,2839.0
20.693673258749037,176.40802886397992,-62.26293230073028,-14.584534810758393,-11.30669468985209,4.0,-6.642050194660735,-35.03553984484185,-10.874724319756995,12.180611559139786,0.2294,0.4346,18.0,0.11259999999999999,0.0062,0.2903027937024044,-0.10482872707566811,2.0133052929180573,0.678109093319194,0.9470581592320724,0.6524241764333227,0.593219998232591,0.43081054638186134,0.5974233843735122,0.6096380254598707,0.8143034199363732,0.8739041662649829,0.9351572993990809,0.7902359835286664,0.18224124825385662,0.7592987804878049,0.7829522357723577,0.7937740866856721,0.0,0.0,0.0,0.0,0.0,0.0,0.0,0.0,Leonardo Tristan,2839.0
20.097003582601303,194.865222026038,-62.98526077858941,-13.956236583561065,-9.523931015646735,4.0,-3.9325038646670536,-40.92409659591823,-9.942342098129576,11.293849379333249,0.246,0.4404,18.0,0.1598,0.028200000000000003,0.24199192144163678,-0.4677482361732836,1.1853699701327787,0.732648769021403,0.9177780527032043,0.665656112754884,0.7794695915398828,0.5920008746383292,0.695205433430416,0.37284156854550143,1.0,0.7458068581631045,0.9357664233576642,0.7478540145985402,0.2517242629614981,0.5714271130421258,0.7662517567289728,0.7209707153984841,0.0048496845230731,0.0,0.0,0.0,0.0,0.0,0.0,0.0,Leonardo Tristan,2839.0
18.851388275062668,173.72104253387462,-66.28019471335556,-16.415600893045777,-10.264480019783312,3.9967213114754103,-9.506129697198096,-35.86100005139011,-10.53646059235658,12.306755228942906,0.225,0.3322,17.4,0.1324,0.0232,0.1092634656342966,-0.09262232271842216,1.8619258726324865,0.6566939561530127,0.8642830746489283,0.8477089111158994,0.6411488383336383,0.4242521514556838,0.3472694874426658,0.8118440502586843,0.9113636363636364,0.7755234159779614,0.5522492105086341,0.7494934048799023,0.2841911468843955,0.8977272727272727,0.9544715447154472,0.9492978566149297,0.0,0.0,0.0,0.0,0.0,0.0,0.0,0.0,Leonardo Tristan,2839.0
20.07171942220304,183.0208058133358,-58.50941398570178,-14.716649765957902,-11.700253108503109,3.99727879513785,-5.411086589985348,-32.713567985143925,-10.529711245088832,12.564575913839478,0.2212156057494866,0.4514899383983572,18.42217659137577,0.0671334702258727,0.0083601642710472,0.1232412184883114,-0.3101257019714939,1.5432566680394155,0.6740419008313232,0.8962250245478848,0.8249643523118467,0.595927258334466,0.5665551150155835,0.5758031685454365,0.5647808864396336,0.879051138721902,0.8670232569940693,0.8533780448852029,0.7272626834929349,0.3326055202246811,0.714322211483099,0.7962485906254291,0.8328034524964341,0.0522770399828797,0.0433545470801583,,,,,,,Leonardo Tristan,2839.0
18.72316211844539,183.31421710123254,-77.10284241976191,-15.044169528853725,-14.26436519264278,3.996153846153846,-8.07089113561057,-45.10514230506098,-10.406967700231457,11.792539596483754,0.2232,0.4518,15.4,0.057999999999999996,0.0052,0.2970052040667383,-0.26436420722135007,0.7604146869665981,0.6185993111366246,0.8020784770784772,0.890034675109302,0.6697007293781487,0.7328683860941926,0.5976481791359018,0.5269114798965545,0.8165012406947891,0.6288254755996692,0.7703887510339122,0.48848821162254,0.31238536245758197,0.6540887748639312,0.7808469308469308,0.7897435897435897,0.0,0.0,0.0,0.0,0.0,0.0,0.0,0.0,Lucas Cumpe,2864.0
23.0890642303433,226.01578995939457,-52.75745527579187,-13.723698781838317,-11.089699646408336,4.0,-5.308416389811739,-26.367663344407532,-10.292801771871538,10.02482465854559,0.221,0.5256000000000001,15.4,0.028800000000000003,0.015,-0.10374677002583976,-0.14712070874861571,1.555343300110742,1.0,0.969767441860465,1.0,0.6731129027563524,0.47070356841400585,0.5610965095257961,0.7061282109743121,0.8949578203374372,0.9721899224806203,0.9472222222222222,0.7547218907355124,0.6464621474517565,0.3322044270454346,0.9684105131414267,1.0,0.0,0.0,0.0,0.0,0.0,0.0,0.0,0.0,Lucas Cumpe,2864.0
17.728014137727516,188.2371219819954,-56.95126371506841,-15.107312407144843,-11.318625057021874,3.985822021116139,-6.058153728565581,-29.40077269057779,-10.161214867679282,11.108993014804815,0.23160000000000003,0.6115999999999999,19.2,0.0516,0.0086,-0.07410000881911984,-0.06856725483412135,1.312246275052519,0.7547088755698311,0.7739786047570274,0.8948717948717949,0.5350773204410741,0.6184470788215946,0.5662734969149088,0.4533137391700189,0.8229788951678007,0.9022853957636567,0.8820512820512821,0.6973735333399561,0.4829068291444528,0.3801805799309027,0.5842607523351805,0.7836252856054836,0.00198019801980198,0.0,0.0,0.0,0.0,0.0,0.0,0.0,Lucas Cumpe,2864.0
17.06286979983926,160.91013592815133,-60.6252988675771,-17.293199127406332,-12.352302707499543,3.996078431372549,-3.166156377970837,-33.60646854708052,-10.91105285315167,12.707802314159235,0.23279999999999998,0.3702,20.8,0.03560000000000001,0.008400000000000001,-0.04622641509433964,-0.1734675392603365,1.4642702233788765,0.5916170559616581,0.9009900990099009,0.8484142394822006,0.4573425769091807,0.8461582968282958,0.3025924057683878,0.5279371157618894,0.9265188834154351,0.9257142857142856,0.9748849777607729,0.6652601825417608,0.18204606927046907,0.62791220702251,0.5958385172775252,0.7815619120857995,0.0038849599245638798,0.0,0.0,0.0,0.0,0.0,0.0,0.0,Lucas Cumpe,2864.0
18.428618841475988,189.54287157287155,-53.198104295827456,-14.356029684601111,-10.060388360968657,4.0,-2.411765615337044,-33.15842609771181,-9.57417748917749,12.362682951968665,0.2466,0.3094,16.4,0.0748,0.020399999999999998,0.32561533704390844,-0.3611956297670583,1.0482879818594104,0.8202299384508187,1.0,0.8857751830228894,0.5125744844275674,0.46257711243194927,0.7796566273825112,0.5071272239289891,0.9924050632911392,0.9321100917431192,0.9355555555555556,0.3090034920462721,0.3888917980173351,0.511094467757517,0.8531832082290798,0.8787878787878789,0.0,0.0,0.0,0.0,0.0,0.0,0.0,0.0,Lucas Cumpe,2864.0
21.48626741467976,191.1286035805627,-45.915334192938516,-13.636569039958198,-9.742791003432696,3.996666666666667,-8.884218023815416,-22.12013007727635,-10.506927316228035,14.97863460110552,0.22399999999999998,0.562,18.0,0.0606,0.020399999999999998,0.10229266012155211,-0.24629453015427769,0.9967530181778181,0.7283739837398373,0.7492642084976581,0.8090793352988476,0.775128588020574,0.6989895470383275,0.508016107005654,0.5456496697263248,0.6283736008474683,0.6344814999170401,0.9094308943089431,0.6528330206378987,0.3350440616294275,0.8203511123023318,0.971869918699187,0.9683739837398374,0.0,0.0,0.0,0.0,0.0,0.0,0.0,0.0,Lucas Cumpe,2864.0
17.732680588244733,161.25400104227737,-61.77593511567562,-16.82564814264095,-13.682329789487175,3.982139812446718,-1.791861031571375,-34.968943674537556,-10.823089219509846,12.333796929624564,0.1884,0.5146,21.4,0.0214,0.0021999999999999997,-0.013056015800320777,-0.20031942402845865,1.401815800131984,0.5694100543764936,0.8208325817461579,0.6705999220666604,0.7112403003370276,0.44216081465341917,0.48916549094264833,0.5396871542253674,0.8704253323857574,0.8097230073487847,0.7392903714004093,0.5925173017502072,0.4751497077884908,0.34476754268015386,0.8005737064620643,0.9770114942528736,0.00109289617486338,0.02185792349726776,0.0,0.0,0.0,0.0,0.0,0.0,Lucas Cumpe,2864.0
16.355756206456284,150.98368076531673,-59.004452000495476,-16.106556965510542,-11.566259208271735,4.0,-5.137185290759351,-34.21144870850103,-10.87253135957631,14.88952953212349,0.20060000000000003,0.34959999999999997,22.8,0.08719999999999999,0.009600000000000001,0.06587095537721917,-0.48841049395213,0.7639359608703751,0.44991950569695593,0.9237779415377056,0.8207357859531772,0.4356474500689681,0.6585431664871606,0.3894648829431438,0.3609324868204751,0.888057366362451,0.925551839464883,0.6723592766849952,0.7118553369990364,0.21658768399372672,0.3728343064452128,0.6913128507454227,0.5836061825671258,0.0,0.0,0.0,0.0,0.0,0.0,0.0,0.0,Lucas Cumpe,2864.0
20.004874486216707,175.9800287113785,-82.47495100600902,-17.387127380522323,-13.42473436106734,3.997560975609756,-4.93618632541523,-51.4074777769824,-10.636927505156562,11.319941367525068,0.20059999999999997,0.4064,20.8,0.0754,0.0092,0.16466057701325082,-0.22287849604316806,1.2987983505662646,0.716708657196462,0.9818448489180197,0.5769261091212311,0.37760126052808973,0.5954649686357003,0.6102731414926537,0.653660594148399,0.925689270079514,0.8332564995979631,0.9975609756097562,0.4483876557047289,0.1639379590599102,0.5778035514620881,0.7418162866943355,0.9512195121951219,0.0123076923076923,0.0,0.0,0.0,0.0,0.0,0.0,0.0,Lucas Cumpe,2864.0
19.554941471027238,194.6332962305246,-73.32843724706407,-16.43333531592617,-13.054793128142489,3.984313725490196,-4.36166316880645,-42.82865937072503,-10.974438572193284,10.340138583239161,0.21260000000000004,0.4474,19.8,0.0786,0.0028,0.044528327003197636,-0.13642759429353132,0.9201373370379496,0.8381847906877858,0.7094181843951526,0.8527248246049183,0.5067814718767771,0.7409822124583658,0.435042172047288,0.5903688049356068,0.8452733776188044,0.7594359010700872,0.534553955132387,0.6316439591082661,0.5237793948261411,0.5346567769021167,0.7553398058252427,0.6903967381541367,0.014598540145985401,0.0,0.0,0.0,0.0,0.0,0.0,0.0,Lucas Cumpe,2864.0
19.525167216906347,188.71744838005708,-66.00984256460374,-16.809531270400832,-12.951615455507056,4.0,-4.823391714696062,-36.94107585846716,-10.508833305355045,12.024605039822431,0.2002,0.5306000000000001,18.0,0.0504,0.0174,0.2548999309868875,-0.14927834666965095,1.5993020349542089,0.778655737704918,0.7823333333333333,0.822120218579235,0.7817543859649122,0.6308233151183972,0.622060780366216,0.5729088294506759,0.8890422778257119,0.7415154826958105,0.7282105263157895,0.6682222222222223,0.5957309941520468,0.6111916403029432,0.7287795992714026,0.8153005464480874,0.02841530054644808,0.0,0.0,0.0,0.0,0.0,0.0,0.0,Lucas Cumpe,2864.0
20.05571810313658,182.59763485266203,-49.54466452047634,-15.301562641236554,-10.336160102596924,4.0,-6.864441155202025,-24.836731955617825,-11.068053138841183,14.86228447301817,0.2242,0.4072,16.8,0.0182,0.0,0.09851532134140831,-0.33870333544246584,1.5192485650366083,0.7548954320202441,0.8796116504854368,0.8296538978494624,0.7287802419354839,0.6548228873055641,0.3564848865848095,0.811636470761526,0.7746814320388349,0.9429603494623656,0.9096774193548388,0.5835250497127706,0.6465549751561277,0.6297853703413717,0.8556193842981294,0.7602939958020326,0.0,0.0,0.0,0.0,0.0,0.0,0.0,0.0,Lucas Cumpe,2864.0
17.692157630977164,158.77738337597023,-77.50689126935,-16.82219524874074,-15.729007262149125,4.0,-5.562720386574376,-44.96530792021654,-11.305907512541387,12.87824706087215,0.191,0.40140000000000003,25.4,0.06820000000000001,0.009600000000000001,0.19678181184972354,-0.09174969974930025,1.5805003495455907,0.5400051036600757,0.7382562424911517,0.7166943758661034,0.3647368642944903,0.7191689701657158,0.3895453605137493,0.4079116760430163,0.7889014352047278,0.7055473249908087,0.6074633604865157,0.600823737020887,0.5825244891888297,0.3629598845509669,0.515805307282758,0.42708190313886873,0.0009615384615384601,0.0,0.0,0.0,0.0,0.0,0.0,0.0,Lucas Cumpe,2864.0
17.188239450039735,161.03502276634393,-66.04856032432272,-17.228267568400394,-13.088440755403346,3.974057315233786,-2.776076890640458,-38.19285100309769,-11.838999172870142,13.102017750855513,0.21420000000000003,0.3602,23.0,0.029199999999999997,0.0032,0.03218954248366014,-0.050357612027441226,0.5727281297134239,0.5441084262850626,0.7837378640776699,0.7890017425939757,0.601264785950035,0.42337712571035463,0.3785814589071713,0.6499131915166991,0.9265123226288274,0.702012682657844,0.5848957521929649,0.37192611508615264,0.14295349602897361,0.4398453347466814,0.6353496028973636,0.8233250620347394,0.0,0.0,0.0,0.0,0.0,0.0,0.0,0.0,Lucas Cumpe,2864.0
14.701454668303565,144.89248137805117,-72.11404728413841,-17.047423641465652,-11.161813052760348,3.9973333333333327,-5.148287868976309,-45.52660339431223,-11.73985365063947,14.512600990682278,0.199,0.3908,26.6,0.041800000000000004,0.0054,0.296496166333891,-0.07642850268918745,0.9843388601082868,0.5519454713650102,1.0,0.6301602359814631,0.5166255217480616,0.7459877226937786,0.2986168369863338,0.22427081082844302,0.7958695172108099,0.7176431430605482,0.6527061399784909,0.5243758231308949,0.35278706208306987,0.10464244911270607,0.708914041716194,0.6943963944275832,0.0015625,0.0,0.0,0.0,0.0,0.0,0.0,0.0,Lucas Cumpe,2864.0
20.9181045751634,197.20853245646086,-65.64634916310669,-15.624641740754274,-13.916354846539491,4.0,-4.575794665692364,-35.59829497016197,-10.469845329436122,10.53858238947753,0.21880000000000002,0.5256000000000001,14.4,0.0508,0.0058000000000000005,-0.07126659359395934,-0.4657556935817805,1.1988162221410303,0.7223621025308241,0.9733333333333334,0.89137364819097,0.8514285714285714,0.9542857142857143,0.43848583171101013,0.5977466413594408,0.8786317907444667,0.8728370221327968,0.96,0.7829778672032193,0.1112783848523399,0.7146037926310477,0.9253731343283583,0.9758454106280194,0.0,0.0,0.0,0.0,0.0,0.0,0.0,0.0,Lucas Cumpe,2864.0
17.58914340914341,180.42997575997572,-63.016950564278794,-16.56133716133716,-13.720384697712927,3.994594594594594,-0.37889962889962875,-37.32474432474432,-10.826317871317872,11.800138525138525,0.198,0.41739999999999994,24.0,0.046,0.006,0.2753610503610503,-0.12388278388278384,0.828101478101478,0.7108112065599375,0.7635003851235338,0.7711251273989876,0.5095187929736902,0.7127778504261819,0.5320340272688858,0.47534274964173073,0.9327936910804931,0.8668600435097897,0.6531813744631003,0.4899459126854648,0.2771410580144183,0.3932658263017451,0.6142555258255932,0.7304714955095666,0.0009615384615384601,0.0,0.0,0.0,0.0,0.0,0.0,0.0,Lucas Cumpe,2864.0
16.79426809980112,165.0094347269067,-61.242783776723556,-15.296364910705961,-12.652695740123495,4.0,-7.293357176115606,-30.948260760222656,-11.010891159397758,11.958785969841907,0.19860000000000003,0.3862,18.0,0.038400000000000004,0.0,0.21021712302713902,-0.6701926666092399,1.4513964339896452,0.540629116110683,0.5313042168550123,0.8454575489265592,0.8316691505216095,0.2954921627105852,0.4070179363409675,0.4506736974828146,0.8188453314326445,0.8053314326443335,0.7460485751036394,0.5729806259314456,0.3162553262390996,0.5522912906992614,0.7978374607603766,0.8168443218721497,0.0,0.0,0.0,0.0,0.0,0.0,0.0,0.0,Lucas Cumpe,2864.0
18.505115672264445,160.97697673835137,-49.14772646724975,-17.50413456141395,-11.312422889548914,4.0,0.47240625732979985,-26.12234481829098,-10.459157970096166,11.777927514770457,0.18380000000000002,0.45519999999999994,20.0,0.0258,0.0072,0.04337888457512542,-0.20201124456938407,1.7948409178163875,0.6432516081048958,0.9863945578231293,0.5975295711641824,0.6663003663003664,0.7513488153882242,0.48628967502120213,0.6829547451548951,0.9425052779732581,0.7847759793572602,0.7047550792892407,0.5969503180121085,0.4795053807476167,0.6091019541249784,0.8541817788123207,0.9026547950514539,0.0,0.0,0.0,0.0,0.0,0.0,0.0,0.0,Lucas Cumpe,2864.0
16.92846522957009,159.29115659106452,-61.664101076822945,-14.758999840738971,-12.0633000875309,3.995238095238095,-9.531495086328846,-35.21315720937204,-9.977330597790957,15.884943649700682,0.22119999999999998,0.5414,22.4,0.040400000000000005,0.013000000000000001,0.1493358440366113,-0.10410882212416736,1.8674698668765164,0.5514696179475134,0.9427170868347339,0.7004309416074121,0.5146492710796693,0.6585564660646869,0.38802805403097695,0.37365334093503616,0.8419254658385092,0.8135976129582267,0.8626373626373626,0.5486114847276703,0.4929664173361652,0.6124162708561686,0.9522085757379875,0.9761904761904763,0.01176470588235294,0.0,0.0,0.0,0.0,0.0,0.0,0.0,Lucas Cumpe,2864.0
18.983020579315173,177.40482403390132,-61.00632958083055,-15.876877556137275,-11.850197799496494,3.995766205956568,-4.757100774606715,-34.18836229131097,-10.693790030888994,12.364232665653343,0.2127510204081632,0.4282775510204081,19.32244897959184,0.0601142857142857,0.0086204081632653,0.1199548501694773,-0.2248820831906352,1.2074299291006356,0.6736944553674484,0.8573993281355605,0.8094665211869042,0.5884525041468324,0.6041920431362967,0.4987374574872321,0.5289440979396782,0.8815035897018267,0.8551320519032033,0.8004928336580369,0.5632315758461037,0.3501709468891759,0.5702232264812377,0.7764565388902196,0.8370054559642792,0.0765315065552373,0.0882643156342372,,,,,,,Lucas Cumpe,2864.0
18.620167677934365,202.75727057723512,-72.91174228063163,-15.243438260169551,-12.62270427246649,3.97,-5.2651498901230775,-44.20158302770299,-10.243971619503341,10.695104789333815,0.21680000000000002,0.3396,17.6,0.0888,0.0058000000000000005,-0.20681921933633834,-0.5029198010965191,0.8296073181280672,0.8522932781348731,0.8633582089552239,0.9142513240250361,0.5492650474962133,0.6360774418465713,0.4466064895677018,0.5860234968318285,0.9576642335766424,0.8130297418019392,0.7877356799707608,0.5322291766971594,0.3017875304429114,0.8513240250361097,0.9985401459854014,0.9956204379562044,0.0029197080291970797,0.0,0.0,0.0,0.0,0.0,0.0,0.0,Lucas Do Valle Cardoso,2900.0
18.631496215255236,191.0460381529427,-66.92441700930053,-14.504219014523747,-13.153191698183477,4.0,-4.121790233067298,-38.70196365456991,-10.633283244867046,10.190030835910948,0.273,0.5566,19.6,0.1504,0.013000000000000001,0.29097871929668245,-0.36651383426042605,0.9989314460525367,0.7468421052631579,1.0,0.8534482758620691,0.5071949630582981,0.45223470025943335,0.5486866853654513,0.7302998090838381,0.7997640653357532,0.9345454545454546,0.9254858934169279,0.6921646592971457,0.3171159052402457,0.5020918283168736,0.6911100324990503,0.7304879078208752,0.01684210526315788,0.0,0.0,0.0,0.0,0.0,0.0,0.0,Lucas Do Valle Cardoso,2900.0
21.43127632009422,214.6407532552509,-52.319376962546244,-13.611823158629415,-10.677772129289238,4.0,-7.134323104102597,-28.49095945385941,-10.436889354184387,14.032390237518811,0.2028,0.585,14.6,0.0576,0.0058000000000000005,-0.12350594342297541,-0.21107007786429363,1.1584310235773951,0.8816,0.8643582089552238,0.8120835820895522,0.8502487562189055,0.5865240115213407,0.5524487038491752,0.4590717946251557,0.9094736842105263,0.9039999999999999,0.9103999999999999,0.36222629494845854,0.4769689511625545,0.7167522388059702,0.9872,0.9456,0.0,0.0,0.0,0.0,0.0,0.0,0.0,0.0,Lucas Do Valle Cardoso,2900.0
18.577192218350756,173.47063975996903,-72.36823766814766,-15.859756097560975,-12.423938403726442,4.0,-10.26035617499032,-38.86972512582268,-11.554515098722415,12.600053232675185,0.2274,0.495,16.4,0.074,0.0048000000000000004,0.29839818041037547,-0.23539488966318234,0.9021486643437864,0.5799261904761904,0.8757277777777777,0.6743512345679011,0.5617614638447972,0.491302380952381,0.7332282186948854,0.4064277777777778,0.846716049382716,0.7886836860670194,0.7639880952380953,0.4764166666666667,0.5713514109347443,0.7026644620811286,0.5837928571428571,0.8458476190476191,0.0041666666666666605,0.0,0.0,0.0,0.0,0.0,0.0,0.0,Lucas Do Valle Cardoso,2900.0
22.05864584735496,204.91825083517907,-72.04791505190016,-14.844901838413751,-12.064567972273625,4.0,-7.874292800124003,-44.810220797285,-9.719136798051862,13.265205154248093,0.195,0.5266,14.4,0.046799999999999994,0.0,0.16579669354740023,-0.26807963876209934,0.9323241840942742,0.9029411764705882,0.7464441733925034,0.8179535188325973,0.5118895797490615,0.6261114003123373,0.5661544650040226,0.6505126749010143,0.8980449657869013,0.7500402252614642,0.95929203539823,0.6426146419951729,0.3664253456293892,0.6951785406244608,0.8057522123893804,0.9422833649588869,0.0,0.0,0.0,0.0,0.0,0.0,0.0,0.0,Lucas Do Valle Cardoso,2900.0
18.840980858855737,188.6400558524193,-72.98662644133182,-13.751506649222637,-13.271690647969999,3.985964912280702,-13.426464484061304,-37.775683968831935,-10.84441725382639,12.097171650299753,0.22479999999999997,0.4282,20.6,0.0728,0.0,-0.05192724999080508,-0.2513821240732859,1.2877739421930086,0.7036343070064542,0.8344655887506377,0.7585756056808688,0.5598846674207643,0.536175542100088,0.8187124645438573,0.402346081526333,0.8242543428384135,0.8230053994376304,0.7054028877503493,0.6117246656464169,0.3447578139054618,0.7549542982332922,0.7860651629072681,0.7927269501186596,0.0,0.0,0.0,0.0,0.0,0.0,0.0,0.0,Lucas Do Valle Cardoso,2900.0
16.840082317140332,153.50828979637535,-68.51602820158294,-17.520721442783064,-9.958446748982137,4.0,-8.388975745817486,-38.896205391692924,-11.514390847747183,13.762711975439846,0.20400000000000001,0.2964,24.0,0.06240000000000001,0.0,0.04796807897313824,-0.0063492063492063405,1.6286274319681688,0.5132917800852945,0.9792,0.717697019247147,0.5597147209527765,0.49680468213664836,0.5303193855824334,0.24069016416307482,0.7493517288366547,0.7250828343522275,0.7980695463474252,0.5774760347046035,0.5030112520987691,0.7429043767974475,0.7289941107300948,0.7062222261095197,0.0017543859649122799,0.0,0.0,0.0,0.0,0.0,0.0,0.0,Lucas Do Valle Cardoso,2900.0
21.180299009555974,208.39423022797638,-53.99957532789072,-15.151139881790039,-10.358266842774173,4.0,-4.582646455711471,-30.453010869419536,-10.098765630654176,12.644254352458686,0.24500000000000002,0.43999999999999995,20.0,0.0612,0.0,0.32004141369466443,-0.20309597523219813,1.2166311500676827,0.7934210526315789,1.0,0.971290424857324,0.6397839179047734,0.6751192442742144,0.6092186267365103,0.3947110430254178,0.8855263157894736,0.9313432835820896,0.724307121745148,0.5832101637561182,0.19826519372767484,0.6069713306346778,0.8418991756499683,0.9223684210526315,0.0,0.0,0.0,0.0,0.0,0.0,0.0,0.0,Lucas Do Valle Cardoso,2900.0
23.254926403519754,204.01427306708638,-61.96136011958582,-16.02934320581379,-10.409435999375258,4.0,-9.825362616922721,-32.21369508581785,-10.253423175290184,12.769899963633979,0.24020000000000002,0.41459999999999997,16.2,0.019,0.004399999999999999,0.00899254198486935,-0.8328039394535558,1.3027286439051144,0.8289579336951173,1.0,0.9276190476190476,0.6470247900488004,0.7533697018966323,0.25735774068025846,0.6358019426676143,1.0,0.7978575984546133,0.9582089552238806,0.8572355613238157,0.40091338180890423,0.8168041778684219,0.8449689440993788,0.829265806657111,0.0,0.0,0.0,0.0,0.0,0.0,0.0,0.0,Lucas Do Valle Cardoso,2900.0
20.14757473313254,190.0212285123036,-71.02070380521882,-14.181473968897905,-12.560873862792533,4.0,-5.054779027598501,-44.70238080603192,-10.679884442805337,12.15868830290737,0.19319999999999998,0.442,20.6,0.044,0.0058000000000000005,0.13894236482471775,-0.15501874731083656,0.9197385620915032,0.706119321291735,0.9283582089552238,0.7712419838410575,0.7038851198552691,0.6328717659649209,0.3760261815036038,0.6651831156205834,0.8757525998905308,0.9911111111111112,0.860448823207444,0.40843055212072193,0.3015028404461456,0.7812469929326662,0.8827586206896552,0.8800000000000001,0.00098522167487684,0.0,0.0,0.0,0.0,0.0,0.0,0.0,Lucas Do Valle Cardoso,2900.0
19.519388004895962,190.85444931567818,-52.07029120059285,-13.486547234894847,-10.113487817928998,4.0,-6.61488149549349,-29.703651941693558,-9.346288194058085,13.194565483476131,0.24539999999999998,0.42560000000000003,15.8,0.0774,0.0,0.21025481250695446,-0.3952589295649271,1.2260981417603207,0.5777029702970297,0.9068064453504174,1.0,0.6481246606192765,0.8087165775401068,0.49952725039945856,0.4013520731006069,0.93055329062318,0.9176470588235294,0.8063604595753693,0.4118932246165793,0.4415099529104757,0.809999864555539,0.9841584158415841,0.7679704016913319,0.0,0.0,0.0,0.0,0.0,0.0,0.0,0.0,Lucas Do Valle Cardoso,2900.0
22.205168408826943,221.324590685999,-45.350604935666276,-14.794687347795136,-9.266732094633714,3.985714285714286,-2.5340657899666548,-23.240567981716687,-9.964167696976508,10.463901689708141,0.24899999999999997,0.4114,12.6,0.0306,0.0,0.17146229065977298,-0.22667565846165375,0.9217414109624968,0.8642276422764228,0.8490708478513357,0.8725359911406423,0.8430227908836464,0.6684720051373391,0.6262547851090109,0.5995216458870998,0.9667612024957458,1.0,0.8967213114754099,0.44795654274281427,0.3868225008395917,0.7987883030619425,0.9441860465116279,0.880952380952381,0.0,0.0,0.0,0.0,0.0,0.0,0.0,0.0,Lucas Do Valle Cardoso,2900.0
18.64071965186516,173.90644381418375,-68.32677919996362,-13.55471360424921,-10.41147757692207,4.0,-8.33196937221705,-43.178552613537136,-10.185156639026607,13.335090605988437,0.2364,0.391,18.4,0.0928,0.006,0.09438683091933862,-0.09976545642180314,1.4685596137608523,0.6272867998874191,0.7188726504050212,0.7670018771788684,0.49005556303838443,0.5606450915952546,0.7176561212425209,0.46903692670699987,0.8342902711323763,0.604947237753616,0.95929203539823,0.6790852302304671,0.3054595103062184,0.8378787878787879,0.7467504298581862,0.790318041092035,0.02424242424242424,0.0,0.0,0.0,0.0,0.0,0.0,0.0,Lucas Do Valle Cardoso,2900.0
19.15225269382257,189.88154833651112,-59.09293050636633,-11.579452092390998,-10.933382941556104,4.0,-8.268948323487958,-33.612483203128996,-10.112925343592542,11.414261397790266,0.30279999999999996,0.3922,19.8,0.07699999999999999,0.016800000000000002,0.26747252901008645,-0.2951992780238,0.6969271883558197,0.7702958636007936,0.7650714167147521,0.6958880510021973,0.5844756314484076,0.6860433540896109,0.5632896155359199,0.3332065742455996,0.9580645161290322,0.8751989945538332,0.6921133943065713,0.4990328895617897,0.17801983822079342,0.7272228354498281,0.6862365273983129,0.6406635237319083,0.0,0.0,0.0,0.0,0.0,0.0,0.0,0.0,Lucas Do Valle Cardoso,2900.0
20.91076311081819,193.68172347236606,-60.969643868141056,-14.474842293569344,-11.111602252473975,3.938421052631579,-6.789181809622446,-34.762392900856796,-10.388389040579984,12.618343376329912,0.23440000000000003,0.42779999999999996,17.6,0.07120000000000001,0.0,0.19609547123623008,-0.1177732793522267,1.4579215704735904,0.7684415584415584,0.8005828231318427,0.8986221186221186,0.7361538461538462,0.5211853723618429,0.6553710994887465,0.48145070615658847,0.8926144443791504,0.7890950226244343,0.7750684319311769,0.7465716999050331,0.28279341573459216,0.8753846153846154,0.7164635364635364,0.9430769230769231,0.0,0.0,0.0,0.0,0.0,0.0,0.0,0.0,Lucas Do Valle Cardoso,2900.0
17.10345341717161,165.63573162908432,-69.47002159702694,-15.508550565214463,-11.432966508260005,3.97,-5.610255494488674,-42.59625775439413,-11.153962582986217,12.86197130831655,0.22759999999999997,0.33080000000000004,21.8,0.0986,0.0124,0.24424275820032068,-0.05305947796320067,0.9016069818969464,0.5838550233708151,0.9069298245614036,0.872262198746418,0.5802183158244041,0.4695576768788451,0.48821466151424364,0.44977885666773404,0.9572815533980583,0.7854879918242207,0.6832705897893139,0.49691510668352484,0.3284436472596192,0.6493343910841004,0.8470510534310811,0.8341463414634147,0.0017543859649122799,0.0,0.0,0.0,0.0,0.0,0.0,0.0,Lucas Do Valle Cardoso,2900.0
21.8560989010989,198.34361263736264,-61.915393486332256,-14.933516483516485,-10.36893286362164,4.0,-6.146932234432234,-34.965865384615384,-9.794560439560438,10.29441391941392,0.265,0.3094,15.0,0.074,0.012,0.14750457875457873,-0.09800366300366299,1.096771978021978,0.7903135888501742,1.0,0.9284210526315789,0.6354680008338546,0.7666797073985777,0.6138410127883811,0.6853724053724053,0.9902439024390244,0.9804878048780488,0.9714285714285715,0.408664343786295,0.5267277950974998,0.6628404344193818,1.0,0.7312781954887219,0.0,0.0,0.0,0.0,0.0,0.0,0.0,0.0,Lucas Do Valle Cardoso,2900.0
19.766726363067825,198.7322710927284,-49.34580762463276,-14.191847177213031,-10.115532381583122,4.0,-7.1680613593723335,-25.2760279862414,-10.469254860992667,13.874916140769798,0.21300000000000002,0.42279999999999995,22.2,0.066,0.0124,0.08715532435044632,-0.6176981351981352,1.7281403149695833,0.7849103497248359,0.9307699557063425,0.7316330354853344,0.5938389407218924,0.6608792707436117,0.41315441632531397,0.49241151952887846,0.9862595419847328,0.9291792413752293,0.7196752821227642,0.5850056216344163,0.4951025153800466,0.861688506661582,0.7650446114497242,0.8391721622800384,0.0,0.0,0.0,0.0,0.0,0.0,0.0,0.0,Lucas Do Valle Cardoso,2900.0
18.6972078137071,170.92234001949748,-48.506664611096674,-13.919361365559354,-9.32081155036019,4.0,-7.138757449508884,-27.971773488945296,-10.080260870764818,15.924300114041865,0.22279999999999997,0.43260000000000004,19.8,0.0706,0.0124,0.25356932641724605,-0.7134803921568628,1.6739138432108303,0.5802114655910036,0.8753617669459253,0.9128712871287128,0.4921536298929038,0.6974525166191834,0.30138374093819637,0.7211399889988999,0.9322625595892923,0.8383760683760684,0.9185185185185185,0.5746950250580614,0.4553379782422686,0.8350617283950615,1.0,0.8027136046938027,0.0014814814814814799,0.0,0.0,0.0,0.0,0.0,0.0,0.0,Lucas Do Valle Cardoso,2900.0
19.96826510653642,188.01365065115104,-59.89681685729728,-14.156455345188288,-11.394041569836704,3.994983203428172,-6.218274536347777,-33.987237861688854,-10.2740968902261,12.138306142562271,0.2349384615384615,0.4404358974358974,17.625641025641027,0.0602179487179487,0.0094487179487179,0.1252606765893608,-0.3163685327370112,1.2172051329876985,0.7273284277082761,0.8977647707466855,0.8600481734930877,0.6238166238223553,0.6593065398442233,0.5834932478995085,0.5344561053915664,0.9070305370807086,0.8602982006775071,0.8100103753700512,0.5731929664522294,0.4330780170221071,0.7341305686304905,0.8185083209047349,0.8639526861310795,0.0553239065513476,0.0046296296296296,,,,,,,Lucas Do Valle Cardoso,2900.0
17.29827403913605,178.2317006886796,-57.085307960855324,-13.868908330514149,-9.813219148561197,4.0,-6.463907798596786,-34.23549013977831,-10.740963816302827,14.037181272897945,0.2244,0.4162,26.6,0.12799999999999997,0.0064,0.38329786469468713,-0.02594417077175696,0.9656907915753268,0.6043321860976862,0.9083338455171622,0.7653862688370687,0.5248423627272967,0.4516724219290117,0.5077648391522669,0.24938761761855596,0.9068702290076336,0.916030534351145,0.7086606519165581,0.4982962673814645,0.33554838442065327,0.719084588015325,0.5620409546118689,0.7336350710706281,0.06575342465753424,0.0,0.0,0.0,0.0,0.0,0.0,0.0,Lucas Do Valle Cardoso,2900.0
18.056314374806252,169.82329609271818,-69.72915025211947,-16.003975377273214,-10.40023496242731,3.9785714285714286,-8.50692034865698,-40.57472156155812,-11.180018831749042,12.958149400973761,0.23020000000000002,0.5130000000000001,25.6,0.08080000000000001,0.0168,0.3565662966658244,-0.07829543104099529,1.6629626933907828,0.6313274690123951,0.782054987528798,0.6095084156813465,0.6259897272618046,0.5220015747395623,0.3901167063552247,0.6708474117742067,0.7015091254138739,0.7792563250561845,0.811774099883856,0.7775406504065041,0.6065047645966244,0.5087601146733424,0.7830695308083662,0.7609833399973345,0.0113821138211382,0.0130081300813008,0.0,0.0,0.0,0.0,0.0,0.0,Luka Paichadze,2966.0
19.7911021055246,177.021525849477,-63.16002795992402,-16.015487206714106,-10.848339234584563,4.0,-4.960273945987106,-37.027094253671656,-10.807770065406327,12.498936746439739,0.21079999999999996,0.4284,21.6,0.11979999999999999,0.0252,0.2940873116017483,-0.18584717915490348,1.3563279164671227,0.624237239638559,0.8247996063061944,0.7717479026330043,0.722299631832342,0.567953484794092,0.2682608146735015,0.5476638810268596,0.8745452758261107,0.8974681393372983,0.48785765026778344,0.5610553516683259,0.19678034763751834,0.6293423792626651,0.7564946764946765,0.8612064570943077,0.04125596184419712,0.0,0.0,0.0,0.0,0.0,0.0,0.0,Luka Paichadze,2966.0
17.78276100968678,172.2073138319809,-78.19528801961125,-13.622419739891608,-12.507525350605667,4.0,-6.186048420355601,-55.29884018068568,-9.896498759867331,15.31604443179464,0.2274,0.38899999999999996,25.6,0.05900000000000001,0.0084,0.07699617988797178,-0.4487573154274053,1.6524606555567822,0.6836995059756343,0.8874587458745875,0.8623117310401213,0.42053868580358966,0.36775157494472216,0.40837084190616324,0.525027888629562,0.7026295746983605,0.98189268792419,0.802923304520889,0.4980232036490383,0.5372587842430332,0.32509725365267095,0.7352926110897682,0.79406710108642,0.0,0.0,0.0,0.0,0.0,0.0,0.0,0.0,Luka Paichadze,2966.0
19.888105405332293,187.36300314997794,-70.32158470007839,-15.453550744307046,-12.468458964935841,4.0,-7.105996944232238,-40.448088699349206,-11.109113491550467,12.263624144296413,0.23040000000000002,0.4814,23.2,0.047799999999999995,0.004,0.14187914792956807,-0.019278499278499263,1.5835693811324063,0.7293003897355914,0.939622641509434,0.8422331462998824,0.5279573028061038,0.3958117555260806,0.6476926186332604,0.502060612420067,0.7446704239157069,0.7152808467145335,0.8130628495591999,0.7063138159488526,0.47538832387633223,0.21838845523894806,0.5805072158447333,0.7165915753438132,0.0,0.0,0.0,0.0,0.0,0.0,0.0,0.0,Luka Paichadze,2966.0
19.144774011299432,177.22494170926376,-54.33991073614601,-15.749932741458164,-11.14045328838348,4.0,-6.408797417271994,-26.064131019639497,-10.868892924401399,11.892296655008519,0.23220000000000002,0.4244,16.6,0.06720000000000001,0.026000000000000002,0.031369383911756775,-0.22296206618240516,1.8509685230024213,0.7666619737194958,0.9571596420178989,0.7721017520552544,0.5415372981350932,0.6221613919304035,0.7014028389489616,0.5791147780273324,0.9201271186440678,0.8665771175726927,0.9109113294335283,0.6549057368560144,0.4287552180832517,0.45345135989953744,0.8542222888855557,0.7583267313907032,0.00847457627118644,0.0,0.0,0.0,0.0,0.0,0.0,0.0,Luka Paichadze,2966.0
20.049337267377332,187.07819277030688,-49.778270239552604,-15.501309010659991,-9.892698394316042,4.0,-1.9890788335957468,-26.66009382340036,-10.062077084892755,10.326986907312289,0.21380000000000005,0.4992,15.2,0.034,0.0,0.02426679658260848,-0.08731319206050124,0.9528931161758253,0.782395595455812,0.9021897810218977,0.7913075249901512,0.7615849056603773,0.5506515875672195,0.5185675338620153,0.5719031461487463,0.9230611313868614,0.8521473434051943,0.860926094890511,0.6438689654509757,0.3983646944651739,0.5054046206557492,0.6987096146023836,0.7692581904600237,0.0,0.0,0.0,0.0,0.0,0.0,0.0,0.0,Luka Paichadze,2966.0
21.187837388447143,193.6280304158353,-46.504434045376954,-13.571244924903464,-10.10205532653482,4.0,-4.313264987045475,-25.42748816224426,-9.764591709103906,12.674211064454965,0.26739999999999997,0.5306,14.0,0.054000000000000006,0.0156,0.3910288672483794,-0.43146609488072896,1.332887370082492,0.6967074217074216,0.9679012345679012,0.8899201087880332,0.9179953054166891,0.8720027720027719,0.5392755340868549,0.6836342753009419,0.9313980647313981,0.8666666666666666,0.8597879931213266,0.6787966537966538,0.5854116816380966,0.8546703296703295,0.6175021607411544,0.8320546737213403,0.03243243243243242,0.0,0.0,0.0,0.0,0.0,0.0,0.0,Luka Paichadze,2966.0
23.73841620104134,215.98113393546095,-41.756528512006795,-12.938281488225869,-10.012530161200875,4.0,-5.725994419654041,-18.133263901117072,-9.159477583415292,10.21301904160636,0.17980000000000002,0.4436,10.6,0.022,0.0,-0.016937309150879758,-0.22685838547907516,0.9296901318925791,0.8065221878224973,0.7854054054054054,0.9675675675675676,0.8838709677419356,0.5692861622233439,0.9003095975232199,0.6345699779475871,0.9543859649122807,0.9706501547987617,0.7805444633687918,0.4329263129103337,0.32002062184025626,0.9243243243243242,0.9351351351351351,0.8395815170008719,0.0,0.0,0.0,0.0,0.0,0.0,0.0,0.0,Luka Paichadze,2966.0
19.007829165938098,191.7170249884754,-77.19766197999536,-15.22743168704001,-13.404743505161331,4.0,-8.339796372538112,-47.59431480392313,-10.521097935112625,13.889722323779853,0.221,0.4664,20.2,0.07660000000000002,0.0,0.00468335214357247,-0.5626743921113566,1.3711456230428078,0.7630491247882552,0.8372797744890768,0.7026342582257648,0.6489290419725202,0.39820353980364087,0.2614251900778696,0.5154338962352107,0.824867306606437,0.9444833427442123,0.7425037862373555,0.7517104272539055,0.3247229481000967,0.5807834228461124,0.6727640408125747,0.7592431027011411,0.0,0.0,0.0,0.0,0.0,0.0,0.0,0.0,Luka Paichadze,2966.0
17.49184750733138,194.5148973607038,-62.21053280999595,-11.812316715542522,-10.991705830523802,3.992727272727273,-7.833137829912023,-36.37096774193548,-9.961407624633432,10.766275659824046,0.2284,0.42680000000000007,16.6,0.1826,0.0378,0.2713196480938416,-0.4482111436950146,1.1166568914956012,0.808324009845603,0.6368355962340327,0.8715447154471544,0.629849356498892,0.7237348327907666,0.3051917264391058,0.8630955904113643,0.964516129032258,0.9060639964197807,0.6033310856243934,0.6234788838180679,0.47246536404743383,0.6390944066291803,1.0,0.7116655478481391,0.0113821138211382,0.0130081300813008,0.0,0.0,0.0,0.0,0.0,0.0,Luka Paichadze,2966.0
21.543609391885255,198.5923445328618,-67.90911605681626,-15.488100501031536,-11.01934790670329,4.0,0.5398338491010903,-44.61503463012083,-9.945575449454761,8.619108581393064,0.21539999999999998,0.49939999999999996,11.8,0.052000000000000005,0.02,-0.10091118970429314,-0.04841954022988504,1.943164849199332,0.8367881241565452,1.0,0.8772199730094468,0.48080210170954274,0.7106543265163954,0.6186224181142512,0.6951756289687324,0.9083253588516745,0.9904761904761905,0.9551724137931036,0.5644279455168747,0.4981228934404977,0.6941160593792173,0.9587301587301587,1.0,0.0,0.0,0.0,0.0,0.0,0.0,0.0,0.0,Luka Paichadze,2966.0
16.72062420077634,163.30201180068642,-67.77260607380026,-15.964886967345114,-13.860519200033869,3.997183098591549,-11.346709185933209,-34.184409289960044,-11.20043694678959,14.787172417670025,0.18919999999999998,0.38360000000000005,25.8,0.0546,0.0066,0.15230480204237845,-0.07771253387118383,1.593872382010171,0.589739734632046,0.8205007824726135,0.7465787260399006,0.5822741833655545,0.43680295815854836,0.6375880199862871,0.5997023292040876,0.72235834825678,0.6407767049029574,0.685103179324616,0.49899664389094944,0.4652222923875353,0.6603164584994242,0.7508156155389114,0.5672075290296478,0.008333333333333321,0.0,0.0,0.0,0.0,0.0,0.0,0.0,Luka Paichadze,2966.0
20.34890825799737,183.61063873989573,-46.85092190545227,-15.070845189829853,-9.251229125114325,4.0,-1.2834683714839719,-28.20433465118817,-10.627918586789555,13.586874018953608,0.21760000000000002,0.379,14.6,0.0944,0.013800000000000002,0.06638914070828403,-0.18304541982490158,1.0542595250686209,0.7382113821138211,0.8065040650406503,0.7007880159401406,0.5121825496605481,0.7791970497024557,0.4035747975099245,0.7789805269186714,0.9512195121951219,0.7619478669013494,0.865040650406504,0.5962618389070489,0.358228932523627,0.6218965109988495,0.7916664507788471,0.8487804878048781,0.0113821138211382,0.0130081300813008,0.0,0.0,0.0,0.0,0.0,0.0,Luka Paichadze,2966.0
19.209441715517187,155.58271928071926,-62.77610949832551,-12.916322168397642,-11.325609168466695,4.0,-10.155129021921473,-36.20957953995689,-10.234787175089062,14.065317575506253,0.2332,0.4016,22.6,0.0258,0.0,0.3526735654282824,-0.21000343053173243,1.1889249995287732,0.5131646999592604,0.8058443854995578,0.8124615384615386,0.8551724137931036,0.42146150466014476,0.5019227691524922,0.5878052292535051,1.0,0.8719926739926741,0.7004064350737493,0.7129868868382709,0.2701576283518974,0.615948717948718,0.893661971830986,0.9561149425287357,0.0,0.0,0.0,0.0,0.0,0.0,0.0,0.0,Luka Paichadze,2966.0
23.93871608800451,211.2457715780297,-46.268629010375605,-14.76860232546213,-10.754076465244086,4.0,1.965094562591363,-26.990111051212722,-9.432600419580254,9.71166668853223,0.24500000000000002,0.34,11.6,0.057600000000000005,0.0046,0.15097200373225267,-0.19166666666666668,0.946854708510196,0.8175977240211154,0.9058428850992453,0.9235294117647058,0.3940316347484641,0.4816471458225358,0.877389202256245,0.5232095418812686,1.0,1.0,0.9733981440565621,0.6662998102466793,0.21693387916368487,0.9038175270108043,0.8988235294117647,0.8656546489563567,0.0,0.0,0.0,0.0,0.0,0.0,0.0,0.0,Luka Paichadze,2966.0
20.270250698474104,196.206323769611,-66.11436557610041,-13.52415645819901,-10.858772302943315,3.957446808510638,-5.858034064044702,-41.97029658284978,-10.205474532559638,12.344921555985389,0.2202,0.46040000000000003,18.0,0.076,0.0154,-0.020244143563292516,-0.1412929292929293,1.4436790242854074,0.677204043833925,0.7753706847764572,1.0,0.6263547943229357,0.617717018381155,0.6805246512866606,0.7430270446399477,1.0,0.9221052631578948,0.6314402942840973,0.6234644406715715,0.5499932915492687,0.4867980009825611,0.6546554731374465,0.984090909090909,0.0111111111111111,0.0,0.0,0.0,0.0,0.0,0.0,0.0,Luka Paichadze,2966.0
18.287986046678895,185.3208190743338,-68.23205708546445,-11.102804329845004,-12.386169359352328,4.0,-12.073908728018125,-39.6770877836516,-9.807344913151365,12.815258028553961,0.21540000000000004,0.5188,16.6,0.0402,0.0,-0.11422318121336353,-0.42871622253389435,1.8284047901607507,0.7485015851872309,0.7415741410072099,0.9974025974025974,0.6687596088801426,0.4015716572243185,0.5095875613577998,0.7011527157637831,0.5641468436073656,0.7334153677878043,0.889094561630076,0.6678606369953766,0.6829851308112177,0.4977329714689505,0.9328443227540848,0.8236482396628272,0.0,0.0,0.0,0.0,0.0,0.0,0.0,0.0,Luka Paichadze,2966.0
20.622595724535305,192.2052072041786,-60.219963508281886,-14.65632994971918,-11.778673011853432,3.997957298327899,-5.036390459036685,-34.51534778862103,-10.184146561662784,11.952966964283323,0.2214356435643564,0.4817623762376237,18.04620462046205,0.0702541254125412,0.0079537953795379,0.0901601558844463,-0.2513341470781136,1.4851789661508572,0.7781909584721789,0.8867991618363028,0.8246202417272867,0.5495023052656816,0.5958190080651623,0.5982156937335399,0.6347810583170784,0.8943070305734396,0.8769609978297237,0.8230462830286798,0.6814262149590695,0.4478593180165413,0.6684930894404902,0.797857990426344,0.8526319653134428,0.0600103644330382,0.065040650406504,,,,,,,Luka Paichadze,2966.0
22.5712137504073,225.32500256016388,-68.48593223003255,-14.917181026858447,-13.94831132047615,4.0,-7.445729181213052,-35.90506214215892,-10.623264208909372,10.353615649583393,0.2202,0.4554,17.4,0.11879999999999999,0.0112,0.08718219056928736,-0.3927910440813665,0.5754955080761532,0.8309593632174277,0.8083333333333332,0.9414285714285715,0.6590981240981241,0.5625371223758321,0.4202660242982823,0.6631666899408836,0.8805194805194805,0.6374675324675325,0.7664935064935066,0.7871572871572872,0.2540380766187218,0.5746981334078108,0.8058080808080808,0.8695852534562212,0.0111111111111111,0.0,0.0,0.0,0.0,0.0,0.0,0.0,Luka Paichadze,2966.0
21.18435924728148,192.03281371678858,-69.81272332312344,-14.484331588809201,-15.24317552780974,4.0,-4.797244127958974,-39.40095093001612,-10.536062340382845,10.649041191853446,0.20400000000000001,0.5672,15.4,0.06939999999999999,0.006,-0.05679553927786446,-0.016875522138680023,1.7374331350764973,0.8896000000000001,0.8726025974025973,0.8755555555555554,0.5169698848954664,0.5143056344172623,0.5603798069286441,0.7781500855733414,1.0,0.8361481481481482,0.7182837902837903,0.7552338266384778,0.35935170978891906,0.6935703703703704,0.7703703703703704,0.8370962962962963,0.0,0.0,0.0,0.0,0.0,0.0,0.0,0.0,Luka Paichadze,2966.0
21.30795903204819,212.37738311611082,-54.03156821307955,-13.693791984105331,-10.110360022287551,4.0,-5.566190526161144,-30.569217649239896,-9.685587340231285,11.593579308945646,0.21660000000000004,0.5028,18.8,0.1316,0.0252,0.17602028809089063,-0.29826622172784567,1.5642910851330267,0.8802059502936184,0.901010101010101,0.8303030303030303,0.7499038814293051,0.627006363399806,0.6364331923209389,0.4341391746556017,1.0,0.9171717171717171,0.8913542201677795,0.5509045392143188,0.5726265152216806,0.712617702448211,0.8655737704918032,0.9866666666666667,0.0,0.0,0.0,0.0,0.0,0.0,0.0,0.0,Luka Paichadze,2966.0
18.502960910724887,170.8278136632174,-59.80627635308954,-17.192222546259813,-13.50461307502874,4.0,-2.948115549047226,-32.07129671570665,-11.105665866224873,13.015637399177772,0.2284,0.2542,20.4,0.0978,0.0056,0.006220349698610561,-0.8810486270113598,1.4941098928676568,0.6204263383275226,0.7897532221419523,0.8158547008547009,0.5470435675662298,0.6909093193454157,0.41249198807181653,0.33328179080118636,0.8140942928039703,0.7893783962056726,0.7211173582100491,0.3469108444751564,0.6501393176035888,0.7792605516166153,0.8771831215379603,0.9252199413489736,0.0523076923076923,0.02666666666666666,0.0123076923076923,0.0,0.0,0.0,0.0,0.0,Maksim Ivannikov,2817.0
17.815229840780688,184.31006878714507,-68.98103065788462,-16.325592486609434,-10.421545185729657,3.9966101694915253,-10.216217257318952,-39.338844559395405,-10.673677635923399,13.998236297600704,0.2212,0.33480000000000004,24.0,0.11820000000000001,0.023200000000000002,0.4079340010272213,-0.22890307432680315,0.8832440017609509,0.7522403368196036,0.8860705239033413,0.5867707865861387,0.6573383303586416,0.6920423970648185,0.42209694399784503,0.4830591105710848,0.8535189992919519,0.7235131124134165,0.6762868238676594,0.27854957049226015,0.39250934823690237,0.6628459244319522,0.6835599694423224,0.8428291887484711,0.03755511173079096,0.01076233183856502,0.0,0.0,0.0,0.0,0.0,0.0,Maksim Ivannikov,2817.0
19.883370979970937,199.71664402603147,-54.71575494704386,-16.47316294939028,-10.1788200415027,4.0,-4.400552984351635,-29.61840920578758,-11.529589862260696,13.484780096249025,0.21319999999999997,0.4452,27.0,0.07420000000000002,0.0,0.10077491522924957,-0.30619721572839664,0.9391568469493061,0.6876114203339607,0.8261183041381062,0.7631236534136736,0.3388328754791147,0.590322217867999,0.5216779970553016,0.5155575392789921,0.8739443932780736,0.8799511599511598,0.7552208345409082,0.42506318038317153,0.32982491925791874,0.7295679333680375,1.0,0.7333158094570519,0.0523076923076923,0.02666666666666666,0.0123076923076923,0.0,0.0,0.0,0.0,0.0,Maksim Ivannikov,2817.0
21.454974652623974,194.8234832246565,-70.36363321142464,-17.01793494589116,-11.804022049316627,4.0,-6.518502575112902,-39.547377446119754,-10.289392339855528,10.813596144871326,0.19720000000000001,0.5521999999999999,16.8,0.06399999999999999,0.004399999999999999,0.10173257538602945,-0.24434894234525867,2.1348989845611976,0.8163095855882571,0.7157480817055285,0.6953255730979608,0.8120162446249403,0.5352405767558854,0.474184432250586,0.4475679472712482,0.9951219512195122,1.0,0.8707633829585049,0.5719326239068574,0.6297861059091627,0.8690118392246052,0.7019609347580287,0.7834347282193675,0.00439560439560438,0.0,0.0,0.0,0.0,0.0,0.0,0.0,Maksim Ivannikov,2817.0
18.345243320812056,174.8552872759284,-62.91612197137861,-16.14652006921876,-11.707408728769279,4.0,-9.796187541829715,-28.384187463446107,-11.868095760652633,10.986277592537881,0.244,0.38999999999999996,20.6,0.08,0.0046,-0.013665730083026345,-0.12449548088344356,1.7850288813453041,0.6483976214730024,0.8623376623376624,0.8445068445068445,0.6360008163737113,0.701251791007204,0.44770111424080944,0.49518515667272683,0.9362068965517242,0.7928271867927041,0.47791940155612966,0.5209197569662686,0.514715767121541,0.922077922077922,0.720182571786421,0.7360436546483059,0.00172413793103448,0.0,0.0,0.0,0.0,0.0,0.0,0.0,Maksim Ivannikov,2817.0
13.536592505854802,132.06253073770492,-74.79688675735467,-16.499121779859486,-13.700779468127513,3.9971428571428573,-6.696344408665107,-42.23175863583138,-12.061934279859482,12.395908957845432,0.1848,0.4016,23.8,0.0804,0.0032,0.2381271955503513,-0.3628073770491803,1.609162031615925,0.4252283317331556,0.7532132157983542,0.7154226178396353,0.39294542828309786,0.3534647971885972,0.45027363205008325,0.4145342415297848,0.6974190080687315,0.759747463985954,0.5310334831714073,0.4964351022900038,0.5085473771368969,0.8257250876176283,0.4494935620488617,0.6369422441759841,0.00974572826991712,0.0,0.0,0.0,0.0,0.0,0.0,0.0,Maksim Ivannikov,2817.0
22.26908833778786,220.23791824399746,-68.20422942779838,-14.088371092723753,-14.737299431258194,4.0,-6.678588036715425,-38.42708010581735,-9.649610412801398,11.376719651517735,0.2124,0.46719999999999995,19.2,0.0438,0.0076,0.35158130789266834,-0.2395860382463854,1.170196096563558,0.8879999999999999,0.968170426065163,0.8521917220235053,0.8886857142857142,0.6653593885560835,0.8171074138558542,0.43433700922415514,0.9728380952380953,0.9096077669902913,0.8165720320218022,0.5236331792091259,0.40751170634704925,0.6955809523809524,0.7806957393483709,0.6633623476166143,0.0,0.0,0.0,0.0,0.0,0.0,0.0,0.0,Maksim Ivannikov,2817.0
19.364088287652905,181.9666358876124,-64.94881090477132,-16.152603954251134,-12.099271119962289,3.9973900029377263,-5.520432042434684,-36.34968178202418,-10.85986037326532,12.035648364228573,0.2152119205298013,0.4091788079470199,19.096026490066222,0.0731854304635761,0.0103940397350993,0.1253581401337136,-0.31127280021095,1.30978170693195,0.7096230371875141,0.816331491469872,0.7961286277788527,0.6133930706703344,0.6040958098161866,0.534794934560507,0.5488487607146754,0.8722308331616855,0.8362326195894741,0.7732091608775584,0.4845308829747959,0.4908258221151463,0.701626524283275,0.7479590074941789,0.8100815652326907,0.0580512443854874,0.0812695781507614,0.0615384615384615,,,,,,Maksim Ivannikov,2817.0
18.251315627351865,168.34564765696285,-60.60083593318344,-13.4863503766309,-11.979652326451369,4.0,-4.994828068492876,-36.06824636855881,-9.738238975803712,11.666480182754233,0.215,0.2226,20.8,0.0686,0.0068000000000000005,0.089090166636696,-0.34388059701492535,1.6765050417257754,0.620792917089797,1.0,0.7856323250934029,0.5752128222188102,0.7527344385837925,0.620071837560019,0.5441589759238672,0.9217882530677992,0.9672504614830488,0.8916122641934177,0.5216532515587039,0.49634882410489095,0.6408848968729208,0.7063156060477207,0.8837695536245803,0.0150375939849624,0.0,0.0,0.0,0.0,0.0,0.0,0.0,Maksim Ivannikov,2817.0
16.231736567102423,158.37085705439364,-63.27326588147737,-14.741679436801387,-12.989129955878028,3.995454545454545,-7.2029638127199105,-34.45455223199126,-10.842903586196268,12.962508596654937,0.1864,0.34520000000000006,20.0,0.0704,0.013800000000000002,0.057470386128922725,-0.1893822393822394,1.4184628324872228,0.5789010681305091,0.7677376938554249,0.5818937941789747,0.4756488679782591,0.43980011032862765,0.3897392096503419,0.5466355568635317,0.747751140617906,0.743986543313709,0.6628989581139451,0.5517475125266308,0.29492046435116015,0.6470677454920926,0.5867231358273879,0.7862004460752571,0.00176991150442476,0.0,0.0,0.0,0.0,0.0,0.0,0.0,Maksim Ivannikov,2817.0
21.336268774421722,206.30235826131602,-68.7395047590526,-15.387701719859672,-12.016244462711928,4.0,-7.95647674766835,-39.197251005390605,-11.034973881235562,12.853143057813526,0.194,0.5274000000000001,20.0,0.0444,0.0046,0.05269897464419153,-0.2725806451612903,1.3983641439205956,0.8397714285714285,0.8297142857142857,0.8580571428571429,0.6123042671614101,0.538264935064935,0.909090909090909,0.5127665223665223,0.8918857142857142,0.729879365079365,0.7592727272727273,0.43016219336219336,0.3608034632034632,0.6980244897959184,0.9611428571428572,0.8601904761904763,0.0,0.0,0.0,0.0,0.0,0.0,0.0,0.0,Maksim Ivannikov,2817.0
19.770824119121333,182.8448632275877,-76.3567415561121,-16.866224384490636,-13.498007287284931,4.0,-5.7801026630748,-46.358473724418,-11.489006473402759,13.635072976559044,0.18319999999999997,0.4462,22.0,0.08239999999999999,0.0086,0.15950129334030264,-0.1297631779984721,1.3851662578907162,0.8236195627676357,0.7086174466345435,0.5808552902642197,0.4985392818512893,0.6283665643369181,0.3552893702502882,0.6180499897571406,0.8066810137941587,0.7632930675281077,0.7091029841314888,0.5135992360663828,0.4663939592884824,0.7400896307736926,0.7121652568198585,0.7313284348440036,0.0,0.0,0.0,0.0,0.0,0.0,0.0,0.0,Maksim Ivannikov,2817.0
17.14092322822546,145.37754994160676,-54.412446530754416,-17.22055442866802,-9.198439523562822,3.996363636363637,-5.986262216485341,-30.242922121826787,-11.082839756592291,15.322207880017213,0.2384,0.48319999999999996,23.4,0.09659999999999999,0.0076,0.21874731083656035,-0.10780748663101603,1.3605568873317353,0.4960580215367991,0.963963963963964,0.8221000660562648,0.44745521975675356,0.36983656563442374,0.42331270038005275,0.5273397846446857,0.5892323227578082,0.8698070230939576,0.8503463587122411,0.18929535961907595,0.6453800077888208,0.691894112673663,0.7485197649892367,0.8650136374907017,0.0051724137931034395,0.0,0.0,0.0,0.0,0.0,0.0,0.0,Maksim Ivannikov,2817.0
19.23977280348759,187.0723336991647,-51.01292001607235,-17.510950551795624,-10.874290054484643,4.0,4.408487287360527,-32.43835703615633,-10.243073669288458,11.645264008292179,0.221,0.27480000000000004,18.6,0.0618,0.0124,0.1509195323455887,-0.285709560392659,0.7548560301201147,0.7523854809493107,0.9,0.7608345614196678,0.5599868748273004,0.6831951736207055,0.6063998649105032,0.607568158791563,0.92473519388413,0.8799591661293789,0.819260999048233,0.30266648245371647,0.5017042000552638,0.42303375702311874,0.6032375425992447,0.8403840840011053,0.0,0.0,0.0,0.0,0.0,0.0,0.0,0.0,Maksim Ivannikov,2817.0
16.08965951495386,149.71954585707567,-74.44428989927808,-16.906942230528227,-14.713160343954607,3.9854361567635905,-4.894464904083988,-42.11232219962501,-11.891286758643435,12.08845038079359,0.1812,0.2848,25.6,0.07999999999999999,0.004399999999999999,0.02199502861295862,-0.26534796655612347,1.4399388043020207,0.5213366581389716,0.9681415929203541,0.638177528693869,0.5790263164007153,0.44671532401274006,0.6367112296803608,0.43704030118589926,0.8713527180783819,0.8050433518818998,0.5049692975565434,0.3410810898541491,0.31339671180963863,0.8156036911315289,0.6191111273653317,0.8218800083617867,0.0,0.0,0.0,0.0,0.0,0.0,0.0,0.0,Maksim Ivannikov,2817.0
17.807149189263374,172.60182088868527,-81.20020623084548,-14.881028596015213,-15.472512430203427,4.0,-9.868556669961666,-46.043489966326725,-10.662046203549327,11.727427635210862,0.1894,0.37,17.2,0.008799999999999999,0.0,-0.1353443490151786,-0.22612451880962134,1.6240404011367435,0.705072588512079,0.8273491214667686,0.8793251850576691,0.7461257475963359,0.4467564183375349,0.45736990597425214,0.5260252162650064,0.8770433013969919,0.9204196328212813,0.6291075161813267,0.3502466712283122,0.43012993456979964,0.7372089435783703,0.6643703344340286,0.7485434011473726,0.0,0.0,0.0,0.0,0.0,0.0,0.0,0.0,Maksim Ivannikov,2817.0
24.20018062397373,228.81605911330053,-61.017425692590486,-13.374055829228244,-12.511777088321189,4.0,-7.4245484400656805,-33.57859879584017,-9.55072249589491,11.422276956759715,0.242,0.41600000000000004,10.8,0.05,0.013600000000000001,-0.025801860974274744,-0.522375478927203,1.2447400109469076,0.9928571428571429,0.9857142857142858,0.9859154929577464,0.5735703391553191,0.8856136820925554,0.698905628895323,0.6776812721458819,1.0,0.9609756097560975,0.9142857142857143,0.3476792913353403,0.561508072827207,0.7848432055749129,0.9110275689223059,0.9894736842105264,0.0,0.0,0.0,0.0,0.0,0.0,0.0,0.0,Maksim Ivannikov,2817.0
17.797160075383207,155.81021926342348,-46.10052321508035,-14.648942653223013,-9.79521019438795,4.0,-8.855038566840884,-22.332073509899978,-11.544239406357253,17.074981115628724,0.221,0.21259999999999998,22.0,0.074,0.0058000000000000005,0.10667940063705457,-0.5192207593386404,0.9115494767560538,0.5233382813788554,0.8594202898550725,0.7527669613980738,0.40008031610122685,0.6471512882846058,0.49845918926540145,0.4716233174852455,0.8640728868618635,0.8356990727792957,0.8998149861239593,0.491321558419207,0.39980830082636293,0.49624057263159455,0.4977260503840114,0.6667785355219471,0.00465116279069766,0.0,0.0,0.0,0.0,0.0,0.0,0.0,Maksim Ivannikov,2817.0
20.458740797399606,199.07650118488738,-60.74000555993082,-17.456819525353055,-12.267839771899142,4.0,-4.509676285394781,-32.96381773470941,-9.770414235727426,12.228561993153003,0.22400000000000003,0.46559999999999996,17.0,0.044599999999999994,0.011,0.07657128673340904,-0.41462086918240193,1.9008872557067105,0.8963636363636365,0.8111831135616303,0.7896837944664032,0.8093964858670741,0.6827654698242933,0.731460291626532,0.44044524529179263,0.9025210084033614,0.9310160427807487,0.8034721161191751,0.4530061115355233,0.4347145182183545,0.8770355731225298,0.7664426877470356,0.7863674560733385,0.0,0.0,0.0,0.0,0.0,0.0,0.0,0.0,Maksim Ivannikov,2817.0
15.61067912755568,136.01558172564802,-64.76665160413853,-17.756232720607205,-13.89572805378665,4.0,-4.320534671073196,-35.58181198806716,-11.921495761901726,14.709151591297408,0.20859999999999998,0.1652,20.0,0.081,0.0,0.02929990197595832,-0.39862669228037906,0.961426689852539,0.4557282900733156,1.0,0.7138847187702704,0.4559210830842185,0.44456727495410353,0.46671198361640515,0.5401380906118505,0.7334557987670813,0.7406618184883914,0.6629895208674997,0.24370173144140583,0.5187452610874402,0.6210866545722897,0.5537468342887355,0.736468531575875,0.0,0.0,0.0,0.0,0.0,0.0,0.0,0.0,Maksim Ivannikov,2817.0
17.63575519932342,171.72155172413792,-65.66762939428303,-17.50492061661477,-11.902526368872659,4.0,-4.762114135240073,-36.753640807801226,-11.37903163802714,12.634604172272839,0.21259999999999998,0.3262,23.6,0.138,0.0086,0.34081741180691705,-0.6762170196952806,1.406501877266495,0.6301038797862754,0.7659603554340396,0.7829621849227688,0.2791857008051635,0.33896201252800007,0.47619195750186777,0.6825425481959057,0.6866128426926975,0.7766862447896931,0.8233069562016931,0.326150112636271,0.49190669571730894,0.8376670516416432,0.6539283311969337,0.8985645933014353,0.027749836370526,0.0,0.0,0.0,0.0,0.0,0.0,0.0,Maksim Ivannikov,2817.0
17.347752525252524,163.1043181818182,-75.87824365107994,-16.30808080808081,-12.632561832898144,3.9799999999999995,-9.273863636363638,-45.54987373737374,-12.026439393939395,15.932575757575757,0.202,0.4588,25.8,0.1702,0.007200000000000001,0.07616161616161615,-0.3296969696969697,1.230909090909091,0.48920334984095,0.8726801801801802,0.7639035683728421,0.5320727019743294,0.43656254423560714,0.45459489796507035,0.3359950187846715,0.5995291894830393,0.6535964285721391,0.6172505383156344,0.724704193182454,0.2961926529269254,0.4944245629028237,0.5784601683375062,0.7152952459729239,0.06506983240223464,0.0,0.0,0.0,0.0,0.0,0.0,0.0,Mamedov Edgar,2922.0
19.460999881884298,168.90789311437365,-72.59837315261288,-16.7375014764463,-10.80511295150468,4.0,-2.78942468566296,-48.063090010656374,-10.732559762003348,12.52931573366077,0.21319999999999997,0.3738,19.6,0.0774,0.0052,0.03805298592605956,-0.03905060933425574,1.478544087660024,0.6196363788580678,0.7582184517497349,0.8639443436176648,0.6358304961768153,0.4509650713795862,0.5996852671225363,0.6856376811594203,0.9554347826086957,0.7864692653673163,0.7959145427286357,0.41560438073646094,0.40102326692879486,0.5277291553196444,0.7196675442766421,0.8073108445777113,0.0,0.0,0.0,0.0,0.0,0.0,0.0,0.0,Mamedov Edgar,2922.0
14.64979004016358,139.53676246493973,-48.94043103486219,-14.27846009876617,-8.29527523685137,3.996969696969697,-5.9674100077808045,-29.781637799382302,-11.247673598471689,16.633056009420443,0.1944,0.43360000000000004,35.2,0.079,0.020399999999999998,0.33133871027020056,-0.08626284419164675,1.0791675000604843,0.48044755489001056,0.9229268292682928,0.7733333333333333,0.47134778590652154,0.40906645971236194,0.3629288353145285,0.18837275217115598,0.8590034415681579,0.9035949631369478,0.6669370728737494,0.6176004514131218,0.3443639513022806,0.37533233009543526,0.537056668394768,0.7603001876172608,0.00665492268545702,0.0,0.0,0.0,0.0,0.0,0.0,0.0,Mamedov Edgar,2922.0
19.05909773659134,173.69560873449072,-62.81723431745176,-16.40038887755366,-13.977772999327673,3.9890909090909092,-1.6235838208801308,-34.0314334780904,-10.5476193006847,9.774473249993893,0.19599999999999998,0.3742,16.6,0.043199999999999995,0.004,0.018090602073064642,-0.19823813583404376,1.9743545270545635,0.6344529684152325,0.9309090909090909,1.0,0.6392484318161102,0.4754230674985392,0.5570254865907039,0.8898550724637682,0.9636363636363636,1.0,0.9191919191919192,0.7172405372405372,0.4723475102966489,0.33390116765014216,0.8347678736357981,0.9472727272727273,0.0,0.0,0.0,0.0,0.0,0.0,0.0,0.0,Mamedov Edgar,2922.0
19.134431833905296,181.5867831415072,-60.837250261064014,-15.373747086859092,-11.459411063372135,3.9969071083483705,-4.644693841251423,-34.71275050044351,-10.47164336520636,11.828088487720144,0.2187509529860228,0.4392210927573062,19.123252858958068,0.0742884371029224,0.0102185514612452,0.1108571056375423,-0.2443781064121772,1.5057657487641416,0.6964595202252092,0.8969064001690777,0.7985405137987696,0.62208255802002,0.5706909881624139,0.536710907356103,0.5585367368080755,0.8895413122990684,0.8677832947353709,0.8185039776285142,0.6645477867510643,0.4562543341575949,0.5236199908320955,0.7714948651965633,0.8297240557850329,0.0533902249865807,0.0307463292156264,,,,,,,Mamedov Edgar,2922.0
19.64913096374056,197.68430826888874,-60.02749120095168,-15.456283891939387,-10.989131123061451,4.0,-5.116869311602787,-33.65318477955485,-10.448570191191,11.636548096397792,0.211,0.4422,15.8,0.07819999999999999,0.0154,0.16224041228998054,-0.0385998013902681,1.6351874945783684,0.724688862886927,0.9468354430379747,0.9219047619047618,0.8862886926922668,0.6382466500113559,0.5784278268269333,0.4540223150498653,0.9012658227848102,0.959493670886076,0.6469581250221608,0.7129028826720563,0.6054623286194396,0.37353718360419774,0.6856973429125327,0.7897514448817502,0.03291139240506328,0.0,0.0,0.0,0.0,0.0,0.0,0.0,Mamedov Edgar,2922.0
18.839494623024038,183.3283395689278,-54.80139592086141,-14.419405431170137,-10.76806807223944,4.0,-1.7443546649429003,-32.38644231585408,-9.732881236410648,10.2497557997558,0.2252,0.5004,12.6,0.0814,0.0134,-0.0019906890495125728,-0.3218967960144431,1.863927836869013,0.7559378185524974,1.0,0.7573981740016842,0.4120686863108084,0.6431081007367405,0.6011168727562823,0.7055409809797525,0.9565217391304348,0.9623188405797102,0.8861111111111111,0.8365942028985508,0.7001672240802674,0.5321630204657728,0.7171708958505928,0.9394495412844037,0.0,0.0,0.0,0.0,0.0,0.0,0.0,0.0,Mamedov Edgar,2922.0
17.846879111464677,165.4526649940336,-56.627580693115206,-14.599883731603587,-11.348071468135847,4.0,-3.525579047211089,-34.13819875776398,-10.286347642505278,13.27049995410458,0.21960000000000002,0.43800000000000006,19.2,0.06420000000000001,0.0108,0.1507786922865098,-0.21854480922803904,1.39169139919836,0.5296613827669728,0.9978260869565216,0.9040816326530612,0.698334252619967,0.5953200316554353,0.6349463023590245,0.35140272941300993,0.9165250965250966,0.7298179812465527,0.8365692222835079,0.48967625122904623,0.5365593320273123,0.1404291759249994,0.7469158278003855,0.8937368050668543,0.00408163265306122,0.0,0.0,0.0,0.0,0.0,0.0,0.0,Mamedov Edgar,2922.0
17.266138545252815,154.4704783400792,-59.70382539728786,-16.13122169327746,-11.943347217427505,4.0,-3.9653857168892714,-33.53140762503803,-10.665342724828783,12.532879580173184,0.1988,0.49499999999999994,20.4,0.13679999999999998,0.007000000000000001,0.005742355168270974,-0.06459472528362628,1.7285676122472187,0.4812622937427939,1.0,0.6145422732426218,0.4527487300079092,0.698924395969394,0.49633217363178544,0.5364861677929222,1.0,0.9725806451612904,0.9607142857142857,0.4966376042329027,0.3356031617759379,0.47960039347212263,0.6093048381812902,0.6457717139269674,0.0,0.0,0.0,0.0,0.0,0.0,0.0,0.0,Mamedov Edgar,2922.0
17.63720872583104,157.73087924931824,-73.6069602803631,-17.264699280414316,-14.118444670422658,4.0,-4.481790030349485,-43.69974831986356,-11.314948740092793,13.272670760779718,0.1856,0.36879999999999996,25.2,0.11120000000000001,0.0182,0.12997266840116498,-0.27862638961643676,1.0814867073222234,0.5614423375193875,0.7367774720234819,0.6129108476064998,0.5388695652173914,0.424575585241518,0.6741616161616162,0.3545609423903314,0.8522415458937198,0.7813865123441348,0.6248216340621404,0.558309067560581,0.15015981499085515,0.6013471534275057,0.651489679402723,0.7785821339426182,0.03291139240506328,0.0,0.0,0.0,0.0,0.0,0.0,0.0,Mamedov Edgar,2922.0
17.61966764418377,152.49284946236563,-72.39818952998273,-16.249022482893448,-11.310305854518413,3.991666666666667,-7.968010752688173,-43.09330400782013,-10.613519061583577,12.84430596285435,0.2378,0.44299999999999995,20.8,0.041400000000000006,0.0046,0.19663978494623655,-0.3022873900293255,1.611962365591398,0.5732303204747959,0.8564573570759137,0.69300089411714,0.4119176884031305,0.59973438500691,0.6477032378994466,0.4666913669567248,0.6966105419642569,0.6613495782567947,0.8095407685098406,0.7662564500317789,0.28524339758953243,0.5793066821790605,0.993103448275862,0.8613827575434401,0.0,0.0,0.0,0.0,0.0,0.0,0.0,0.0,Mamedov Edgar,2922.0
18.819301988036596,207.29357526709745,-60.90225447093849,-12.842960303243553,-11.147404733237765,4.0,-6.131152637387244,-35.74172917599641,-9.475581976521017,10.436574355447508,0.236,0.47300000000000003,19.8,0.12520000000000003,0.0474,0.12112828673789267,-0.07025782099673725,1.2076896471754845,0.9096619515703669,0.7986602381798791,0.7845784823438796,0.44537052586000214,0.6508892863490935,0.5246011604827531,0.4257222531670511,1.0,0.8793103448275861,1.0,0.6520668547813722,0.5714676520901022,0.5057554582888968,0.6706457740846072,1.0,0.0045977011494252795,0.0,0.0,0.0,0.0,0.0,0.0,0.0,Mamedov Edgar,2922.0
22.466096011563994,230.81968294121006,-50.035203306330935,-14.26713962378987,-10.780776085302726,4.0,-1.2716729748749453,-28.11988797382886,-9.581854613233926,9.986127964699392,0.22080000000000002,0.4248,13.0,0.1082,0.01,0.061647678642752536,-0.405137227304715,1.4137797896418587,1.0,0.9724137931034482,0.9485554520037279,0.5781244766207172,0.6367642578687434,0.6595824536711236,0.7066228140119766,0.8949255377826807,0.9135135135135135,0.8110904007455731,0.6970617453376073,0.35992828152537765,0.8423074728493448,1.0,1.0,0.0,0.0,0.0,0.0,0.0,0.0,0.0,0.0,Mamedov Edgar,2922.0
15.98703080369747,149.21744423649187,-56.01033518008385,-16.73590649781126,-9.2127435277303,4.0,-4.877747842033556,-31.294556461223124,-11.422295765152906,13.532914913867293,0.2278,0.3484,20.0,0.0474,0.005,0.4429204453013977,-0.4870381108476346,0.9986565581803678,0.48463968538896357,0.8097463284379172,0.7931972789115646,0.7747159291318627,0.43548971479357357,0.380281287591574,0.3094893308209842,0.7747036493170497,0.8467175215374658,0.8189967575815373,0.4607204776151292,0.30262680116755175,0.48625819378009066,0.7743211846860382,0.7132925806064965,0.0,0.0,0.0,0.0,0.0,0.0,0.0,0.0,Mamedov Edgar,2922.0
21.399205252700693,203.16806086922196,-62.2422320594056,-15.987508256687587,-11.314756342619855,4.0,-6.1084119527888525,-35.80355241516336,-11.169784234003078,14.141781141857129,0.21459999999999999,0.5032,20.6,0.0242,0.0,0.0021103567152199604,-0.2597666811405413,1.4058394057816552,0.7734562514661036,1.0,0.8223563218390805,0.8414088215931533,0.4922580645161291,0.4276310791279804,0.29537890172754305,0.8504884792626729,0.8138538512179064,0.8502365591397849,0.4632545383003034,0.5887144975899147,0.45699507389162564,0.5261297208538588,0.7144149659863945,0.0,0.0,0.0,0.0,0.0,0.0,0.0,0.0,Mamedov Edgar,2922.0
20.375321814973866,178.86143919571225,-54.766876147455775,-15.220314923932222,-11.662095429056361,4.0,-9.657457305502845,-24.437069143446852,-10.64683870967742,12.856899364159926,0.21960000000000002,0.6040000000000001,20.0,0.0492,0.0036,0.12352821332268049,-0.6019302906221912,1.855357768234628,0.6048747799331997,0.976991150442478,0.9862745098039216,0.7636204328397442,0.6506462248045093,0.5413875639676291,0.5223261978998599,0.9967213114754099,0.9302028542175439,0.6740730222910071,0.9030285381479324,0.4976374705425245,0.5758215730222751,0.8384923691610148,0.7870606346624822,0.0,0.0,0.0,0.0,0.0,0.0,0.0,0.0,Mamedov Edgar,2922.0
17.13800139637506,158.52436208511764,-71.85944627314157,-16.768245156328152,-13.90245745763102,3.9971428571428573,-4.6038268862568605,-42.88698813577118,-10.712598794957021,13.017527300659822,0.22000000000000003,0.38759999999999994,24.2,0.1214,0.024200000000000003,0.6053834252303907,-0.3839590056339019,1.1682205038746465,0.6144347409947407,0.8072668624592392,0.5844464544935608,0.4715294073274202,0.4401382648026468,0.36222868882055625,0.4313807161327209,0.9319082875567233,0.5601493361890058,0.969811320754717,0.5504650294712536,0.3623603897332174,0.4979192742831737,0.6936439536762725,0.6990124786785169,0.00948172916169094,0.0,0.0,0.0,0.0,0.0,0.0,0.0,Mamedov Edgar,2922.0
17.515937292791513,178.54565623350788,-55.294914525890114,-14.0760091476204,-11.435984770413034,4.0,-2.4578546394403173,-31.884460547504027,-9.498999309868875,10.058393888956548,0.24380000000000002,0.36479999999999996,12.2,0.08520000000000001,0.0073999999999999995,0.05515906845830117,-0.4588614189637207,1.2554926318353428,0.773089911355002,0.9533816425120772,0.847378640776699,0.8504795528096499,0.7722878851836218,0.588934270238618,0.544096587089411,0.9339805825242719,0.8760758279289304,0.8653409002079326,0.5308107528073758,0.8080494263018535,0.7141198818066695,0.7462039986185196,0.8912621359223302,0.0,0.0,0.0,0.0,0.0,0.0,0.0,0.0,Mamedov Edgar,2922.0
19.008748977596902,172.08125082290982,-74.51154133154849,-16.84394837113731,-13.139223818032809,3.992727272727273,-5.17887166596844,-44.52056875536139,-10.924603507091987,12.102947513316177,0.19820000000000002,0.318,26.0,0.13040000000000002,0.041600000000000005,-0.0699341672152732,-0.24060127276717136,1.5935218544895964,0.5339566559761735,0.9218181818181819,0.8987878787878788,0.6696255863049031,0.4929299461720172,0.2531915170760386,0.6345218087234894,0.9059863945578233,0.8267543146290774,0.9509090909090908,0.45158094909518054,0.48914586362404194,0.6775528158477466,0.7711293667026927,0.7377643256716176,0.0020408163265306,0.0,0.0,0.0,0.0,0.0,0.0,0.0,Mamedov Edgar,2922.0
22.061212465662592,213.27768265737933,-69.82000383494596,-16.646385182541728,-13.126084623401098,4.0,-2.8377135417699266,-41.424825366614456,-10.677593660989842,10.892598540371097,0.1692,0.5532,23.6,0.07819999999999999,0.004399999999999999,0.16885522886831397,-0.3580838460538692,1.6610704679579957,0.8514379084967321,0.9981481481481481,0.8437956204379562,0.5293729970566455,0.757420447497734,0.6526276404281519,0.27580691954485514,0.9218491484184914,0.910948905109489,0.8470588235294118,0.6696949891067538,0.6028483470682959,0.3646932778541791,0.8418518518518517,0.929033920137398,0.015382535820492019,0.0,0.0,0.0,0.0,0.0,0.0,0.0,Mamedov Edgar,2922.0
22.167699576100222,199.76824225462602,-55.5997566186168,-13.789146911736575,-11.927533298824043,3.9913043478260866,-3.150033677286398,-32.17016835428184,-9.619688601645123,11.065509877331086,0.2556,0.6042,14.6,0.07579999999999999,0.0118,0.10283568377751451,-0.31056185609269527,1.5292749175750426,0.7667668781128181,0.9161290322580644,0.9080271611907094,0.4488106924266919,0.3646348635172453,0.6743664307061032,0.809717223116896,0.9158870967741937,0.8825,0.8153105302187615,0.7018852614838205,0.4554899722743347,0.5446443189158976,0.9540540540540541,0.8107817494914269,0.0,0.0,0.0,0.0,0.0,0.0,0.0,0.0,Mamedov Edgar,2922.0
17.248699574297007,168.59292018567834,-59.239804486268234,-14.28343208426239,-11.121818848398071,3.995121951219512,-3.321896402766927,-35.2164912507057,-10.406236997952748,11.114949146598082,0.2536,0.3046,13.2,0.09019999999999999,0.012,0.008672108897848396,-0.19093465045592703,0.7534259111412718,0.6681413854174462,0.833750641664402,0.7324153757888697,0.5889814986217071,0.5739015427515882,0.2699246282285073,0.5036480322510484,0.9266165413533833,0.9247685478757134,0.7537539500926227,0.3857471336801931,0.22855901758937236,0.44556370846795695,0.9382922996333158,0.8915767680069739,0.0,0.0,0.0,0.0,0.0,0.0,0.0,0.0,Marco Riehle,2833.0
14.971365301365301,141.54528138528138,-85.86889622509011,-16.92707292707293,-16.11284227903616,3.993846153846154,-5.955594405594405,-52.993273393273384,-12.156893106893104,14.282933732933733,0.2052,0.3578,29.0,0.09240000000000001,0.0,0.2832001332001332,-0.21890775890775888,1.057096237096237,0.39056776556776557,0.8944561056920607,0.4829682676873688,0.4653897600526814,0.4520372885541425,0.3588198131456558,0.41496336996337,0.6159890109890109,0.8230952380952381,0.5606395851339672,0.44415750915750907,0.4289152981849611,0.40302197802197803,0.5529466600814915,0.5298841420751533,0.0,0.0,0.0,0.0,0.0,0.0,0.0,0.0,Marco Riehle,2833.0
15.227460597436735,153.54483274777837,-60.067834831871394,-17.203871609702695,-10.186580636342452,3.9717994578339044,-1.639180071847638,-37.29993880194648,-11.976278677744748,14.266215507878716,0.20180000000000003,0.35219999999999996,27.2,0.0838,0.0062,0.12419198506872293,-0.06214514037298844,0.9810374338948733,0.5271531581100197,0.7231454778574061,0.7141358715403301,0.43707035822698825,0.3279639829220026,0.295671977729013,0.4632719275235198,0.883595139725713,0.851592664092664,0.6040100658152192,0.30250988765030457,0.1562739819471145,0.3609946210771341,0.5334753196145784,0.7276354073111455,0.0033730158730158597,0.0,0.0,0.0,0.0,0.0,0.0,0.0,Marco Riehle,2833.0
18.018108670493113,166.39634479606966,-79.46615174556125,-15.969383514504571,-11.409086745264416,3.9921732522796356,-5.422477833978201,-52.53988353905815,-9.935804730852421,11.81831136581687,0.2372,0.35819999999999996,22.4,0.051000000000000004,0.0,0.19072940998839752,-0.5549992194159472,0.8058822871918983,0.6231951569125815,0.7310492139439508,0.8080075187969925,0.6066117301196503,0.4190592213101155,0.46525272802482814,0.4952540995029498,0.8645727956254271,0.7731079574487852,0.9478092959671909,0.39430241534993704,0.46307209993208964,0.7926555023923445,0.3780198178588572,0.6257274917213599,0.009552704576976401,0.0,0.0,0.0,0.0,0.0,0.0,0.0,Marco Riehle,2833.0
17.180991200828156,145.6812069774026,-74.9862195251774,-17.555568827307958,-12.45055567212227,4.0,-3.856308395710569,-47.77909665817275,-11.19877700801614,13.854087036152254,0.2242,0.2954,22.8,0.0854,0.0198,0.09726988993293341,-0.4642952257082692,1.249407195059369,0.4467163028057869,0.6725027272381751,0.8125498435291743,0.3670259644597804,0.3341542551047941,0.2534884801311231,0.9234432234432234,0.7649105859094176,0.9297524905001542,0.7822888691753215,0.3859085222520262,0.3612148050149374,0.7139647263718203,0.7969232278747327,0.7099014312642982,0.0401098901098901,0.0,0.0,0.0,0.0,0.0,0.0,0.0,Marco Riehle,2833.0
21.53608585858586,202.4328787878788,-63.74695835910122,-15.097474747474745,-11.421579571222427,4.0,-6.194444444444445,-37.88825757575758,-9.582954545454545,12.437752525252524,0.21600000000000003,0.3256,19.4,0.1366,0.004399999999999999,0.1756060606060606,-0.50510101010101,0.5656565656565656,0.7102762172284645,0.8107954545454545,0.9014481897627965,0.5743055555555555,0.6789813869027352,0.6173886734891244,0.5390999786598377,0.8645833333333334,0.649445755225942,0.8955555555555555,0.4472098916846899,0.3681652875486947,0.9522727272727274,0.8292424242424243,0.8382495731967563,0.026111111111111078,0.0,0.0,0.0,0.0,0.0,0.0,0.0,Marco Riehle,2833.0
17.366189493341196,164.21305862695954,-53.48999532597778,-14.27751732271856,-10.378579531589855,4.0,-1.9728143889134604,-32.54194309302669,-10.546417514374172,12.227276524644946,0.23559999999999998,0.261,18.0,0.1516,0.0274,0.04850901764214456,-0.4216433239962651,0.7826782642881714,0.5521908788758466,0.7339944448749203,1.0,0.694064185271501,0.510783594813418,0.4284352729737894,0.4672821817547053,0.7447087400502134,0.8205803778030207,0.7483212270283193,0.1215056324538764,0.6429282580127849,0.753152771900127,0.9309952038369304,0.943884892086331,0.0,0.0,0.0,0.0,0.0,0.0,0.0,0.0,Marco Riehle,2833.0
17.991124676130795,143.95937503269207,-56.47745868119746,-15.392154606352893,-11.25977463805442,3.9627906976744187,-3.4195252591825414,-35.06271380598186,-10.425353858707592,15.119272789407432,0.24500000000000002,0.32220000000000004,22.0,0.0764,0.0274,0.18288593178434054,-0.26718206767166375,0.7081662115933842,0.4389707866952449,0.9080634278002698,0.6316769865841072,0.7483384932920536,0.40650944228343605,0.525652536318171,0.4678601702958951,0.8800000000000001,0.8287972003916277,0.8243327335432598,0.40157777194861594,0.1978019285321748,0.5885103596094308,0.892004048582996,0.9050269905533064,0.0070175438596491195,0.0,0.0,0.0,0.0,0.0,0.0,0.0,Marco Riehle,2833.0
15.95393869362863,157.68363417933375,-68.91925492978797,-15.827707086686383,-12.883511228937397,3.991044776119403,-4.352712359859687,-41.15726941330215,-10.894528922209231,12.205429305087467,0.18639999999999998,0.24480000000000005,16.0,0.10559999999999999,0.014600000000000002,-0.0386210651810074,-0.09753389733360843,0.5414564046128802,0.5523082437275985,0.8376463560334528,0.7024392575108547,0.45279729191557144,0.7049853813950325,0.47920748705694943,0.6001266427718042,0.8859761051373954,0.9114074074074073,0.8162962962962963,0.15202717797787293,0.3546925236277452,0.4008134937980204,0.5617817602548786,0.7731541218637992,0.0,0.0,0.0,0.0,0.0,0.0,0.0,0.0,Marco Riehle,2833.0
16.130996105759376,156.8638270137323,-54.171508372811005,-11.597849286055885,-12.458515546412139,4.0,-9.743262963722074,-28.57049463687914,-9.251086698093872,13.449700758352119,0.24539999999999998,0.38899999999999996,16.8,0.0968,0.013000000000000001,-0.22024499555919927,-0.30328619252579075,0.9398919177427068,0.5584199134199134,0.9030112044817928,0.8147593582887701,0.650201171377642,0.6338110516934046,0.6543104150751209,0.4855755029284441,0.8933333333333333,0.7645887445887446,0.783008658008658,0.5922813852813853,0.5023073593073594,0.49364705882352944,0.7611408199643493,0.8521212121212122,0.0,0.0,0.0,0.0,0.0,0.0,0.0,0.0,Marco Riehle,2833.0
17.556838589292248,178.04660594576677,-74.74611567507671,-17.583856190160002,-12.425406814623253,4.0,-7.2249240053344135,-43.17124671450101,-11.520410652535968,13.179728702077933,0.1916,0.40120000000000006,22.8,0.055200000000000006,0.011,0.24306612002410571,-0.30568472286201703,1.358074743282203,0.7034035267933573,0.8823025435073628,0.7175703945726409,0.3432387914554024,0.5986474659642379,0.3431445599408899,0.5513914196459277,0.7236226260976107,0.8256660223867485,0.9360662199448168,0.46926884087034343,0.5729096148332415,0.2661692380539705,0.4903770397460412,0.673014085942077,0.0,0.0,0.0,0.0,0.0,0.0,0.0,0.0,Marco Riehle,2833.0
19.37091589099703,172.25189910175712,-69.38343816243271,-15.411488272340199,-15.091553048478627,3.9852676205617383,-9.706629919611665,-34.1943024344647,-10.972009641948791,12.007277533849543,0.20259999999999997,0.49560000000000004,20.8,0.0436,0.0034000000000000002,0.39684687453450135,-0.5361543952213323,1.5779134805098294,0.5847100244260488,0.8779084967320262,0.8141488012076247,0.7274173786547011,0.5952449000724863,0.41246946743904145,0.642337103838118,0.8022988505747127,0.7191210277214334,0.7604608665460593,0.5937028306196663,0.6321556444883016,0.7977101645255804,1.0,0.6761815291227056,0.0,0.0,0.0,0.0,0.0,0.0,0.0,0.0,Marco Riehle,2833.0
15.40737135702653,129.9586230565541,-84.04306640664781,-15.845099376133856,-16.980280996965845,4.0,-11.42557649454201,-47.320805444943375,-11.042251889148442,14.570947795085726,0.182,0.3454,18.8,0.0358,0.0,-0.11645616059409161,-0.29929641239986066,1.3360945898876935,0.4964580661547983,0.5333457090820846,0.7546480546480546,0.41500779471913385,0.4488178484927744,0.6797660947267247,0.6492332141375836,0.8147411354808595,0.6340105289104783,0.6723654824416758,0.5198625629186507,0.6376200316805433,0.6192834339216834,0.610715158392685,0.8544706719018645,0.0,0.0,0.0,0.0,0.0,0.0,0.0,0.0,Marco Riehle,2833.0
16.911211424898234,187.3130831071499,-62.07285174990553,-16.20332779223056,-10.70535339606177,4.0,-3.71600032557892,-34.4399084100583,-11.3644384859328,10.35617665995682,0.2294,0.40659999999999996,21.8,0.1282,0.027600000000000003,0.19119984180203756,-0.5549848532755639,1.2745621328758534,0.7723787812982501,0.5157061030876378,0.8586317722681359,0.5290126033296993,0.5289944176258666,0.5076727890077377,0.524337033904547,0.8965934287442048,0.9307317073170731,0.8553482880755607,0.5294361204764204,0.7245803868109397,0.769733321973247,0.3943265720038984,0.4084562345252222,0.0,0.0,0.0,0.0,0.0,0.0,0.0,0.0,Marco Riehle,2833.0
18.316328422167654,187.54437593288074,-62.89458295103886,-13.300417689826181,-12.230774360110075,4.0,-8.549705239780442,-34.78501612980885,-10.089132240358227,12.060462708844915,0.24020000000000002,0.6622,18.6,0.0852,0.008,0.09607242163801819,-0.3144151138716356,2.297846700611488,0.8039398084815321,0.903125,0.8132994186046512,0.4989491844934806,0.4461127803834712,0.7212959117755628,0.7560054347826087,0.8316421568627451,0.8162890989729226,0.8373516383297505,0.8627717391304348,0.8204246713852376,0.6551806265984654,0.706609952120383,0.6874904092071611,0.0,0.0,0.0,0.0,0.0,0.0,0.0,0.0,Marco Riehle,2833.0
18.136732841747023,191.8757686276221,-49.9785826113071,-14.864652240755808,-10.703922491139656,4.0,-3.3768717452511785,-27.461027454744716,-9.914537899456656,12.342429220040913,0.20140000000000002,0.4703999999999999,16.8,0.0486,0.0048000000000000004,0.23354812215911283,-0.1788311264992056,1.3813585953601302,0.8259553123575012,0.8716981132075471,0.6283187722228283,0.8441717791411042,0.6294824861033013,0.5012182824820073,0.5268990289795473,0.8641509433962264,0.8234017327861377,0.788348314072383,0.517098688241169,0.5303474244598682,0.3741676657256958,0.7734660478544392,0.8023164614683083,0.0,0.0,0.0,0.0,0.0,0.0,0.0,0.0,Marco Riehle,2833.0
18.23689328128643,181.39655840108705,-72.87400095521167,-16.572097846170816,-13.302775927571158,4.0,-2.6817830075387783,-44.48288742475638,-11.552450085365944,11.717993336191402,0.164,0.413,25.6,0.1172,0.0144,-0.012205510052122092,-0.6830313158890969,1.2232564262631276,0.7730370370370371,1.0,0.4788666999708588,0.4858138295657966,0.3878031722243037,0.5133979989731207,0.39284154142902733,0.7138588564066272,0.874074074074074,0.8693899782135077,0.12977573896344968,0.5298825173272531,0.3984667582531951,0.6704973426030001,0.45373792376115335,0.0,0.0,0.0,0.0,0.0,0.0,0.0,0.0,Marco Riehle,2833.0
21.13908243057179,191.55590227020386,-49.86927746278576,-15.253711403202615,-10.383322738098384,3.9783533765032373,-2.472148295737565,-26.840132254424578,-10.549914913948216,11.651598766122357,0.24240000000000003,0.4438000000000001,14.8,0.028999999999999998,0.0,-0.04989275294548188,-0.3797154536284971,0.891269095792685,0.7995887568383324,0.6823580456517638,0.7239234449760765,0.6333680807025459,0.5235675021074002,0.6191384129924027,0.5012519606407552,0.9552046783625731,0.9293831352574987,0.8651461988304094,0.7123444976076555,0.48063471333420393,0.25238288593127295,0.7601538171317459,0.8653763440860216,0.0,0.0,0.0,0.0,0.0,0.0,0.0,0.0,Marco Riehle,2833.0
17.183657145989805,165.17170167877754,-63.434007873168014,-12.668082359661238,-13.138384384076613,4.0,-8.115274081252618,-37.24099458681347,-10.501904182531021,14.230631721166958,0.22400000000000003,0.3962,22.2,0.0752,0.027600000000000003,0.0107457323187219,-0.22468565143040048,1.1022703021021414,0.6838335334133653,0.8550551254984754,0.7763638714662727,0.6578010514550648,0.3852404699365842,0.7484593837535014,0.4704651382243664,0.7597390680410095,0.8126650660264106,0.9558823529411764,0.45308839664898215,0.1937364511989445,0.6856929868721682,0.7491590429275158,0.7503801520608243,0.0014705882352940998,0.0,0.0,0.0,0.0,0.0,0.0,0.0,Marco Riehle,2833.0
18.32052147023684,177.88501124464122,-65.73475034966197,-14.001019045611073,-11.522040391126584,3.984313725490196,-3.4591503267973858,-42.112226790357724,-10.28719165085389,11.662564129594491,0.26420000000000005,0.479,16.2,0.0612,0.0098,0.03687012439384354,-0.3151767517042659,1.1162783751493428,0.740120758187453,0.9109891656113691,0.7308024966980465,0.3839535728096302,0.5313564467222717,0.6918414918414919,0.4280463605391464,0.9304347826086957,0.8172982654198357,0.8621291865920229,0.44977551354316814,0.5684772741758811,0.5163087182504658,0.6561433772984611,0.7629823267312974,0.019580419580419582,0.0,0.0,0.0,0.0,0.0,0.0,0.0,Marco Riehle,2833.0
18.25424095727051,172.89950397530106,-62.67514277785352,-14.919085090251038,-11.76688231389955,3.98769489576764,-5.40227738677451,-36.83936109002155,-10.559042318819383,12.823810526144868,0.2204034707158351,0.3702089660159074,19.93926247288504,0.077410701373825,0.0092769342010122,0.0870189394618597,-0.3207701376756434,1.0898351096996186,0.6511057697349546,0.8609289353516847,0.7949061022652288,0.5689970055380732,0.595650262232509,0.505537492752031,0.5285639493166584,0.8570924142607297,0.8375452845220589,0.7975694563359929,0.4438066914749534,0.4686987062415472,0.6059009949907801,0.7367568638925739,0.7942840099060616,0.0541177558879551,0.0506969556406625,0.0722388761535296,0.050314465408805,,,,,Marco Riehle,2833.0
20.907853083853087,176.22972372372374,-51.0702912576103,-15.74629706629707,-12.613611192930241,3.9972972972972975,-0.20632709632709645,-26.86421806421806,-10.469255717255717,10.832120582120583,0.2072,0.493,20.0,0.0396,0.011,0.004435204435204473,-0.07120166320166318,1.1593578193578193,0.7212942942942944,0.8933471933471934,0.8303333333333333,0.5701607158998463,0.5763933933933933,0.732057057057057,0.634883475448693,0.918918918918919,0.8538288288288289,0.876033264033264,0.7529992166079122,0.40527627627627627,0.5469939939939941,0.9351351351351351,0.9243243243243244,0.0,0.0,0.0,0.0,0.0,0.0,0.0,0.0,Matthias Bluebaum,3095.0
18.91634106634107,174.019708994709,-64.65402237244783,-13.84045584045584,-12.38541227883773,4.0,-10.601953601953602,-34.33633496133496,-10.477960927960927,12.988095238095237,0.23199999999999998,0.38180000000000003,18.6,0.03899999999999999,0.0036,0.14587912087912086,-0.32584452584452583,1.008872608872609,0.6225569716992881,0.9271028037383179,0.890364847279552,0.8706588769879909,0.6218761290570116,0.40794580237834677,0.6370783499580779,0.8513900390393943,1.0,0.6049870553242137,0.6435105082504596,0.5874125269799977,0.3337498089735115,0.7029291371307677,0.9462924462924462,0.0018018018018018,0.0,0.0,0.0,0.0,0.0,0.0,0.0,Matthias Bluebaum,3095.0
20.089920646595406,181.00610103762887,-58.43771909087216,-15.900481565785606,-11.67171289968074,4.0,-5.068781839860021,-31.72351173117652,-10.946503034948359,12.873271980579082,0.1888,0.48200000000000004,26.0,0.09720000000000001,0.0098,0.3342255376108212,-0.6149100440618069,1.222681400102197,0.6944484192639628,0.8569449838187703,0.650488940426476,0.7475075496728226,0.630077112463418,0.34967564720215877,0.40641574740523634,0.8273173224322943,0.8463751020778514,0.8378640776699029,0.687201887306052,0.4198075418437789,0.38684418625483286,0.8368475557826607,1.0,0.0,0.0,0.0,0.0,0.0,0.0,0.0,0.0,Matthias Bluebaum,3095.0
16.073508782883785,141.44259213009212,-62.49364791545064,-15.273587523587526,-11.443768281196004,4.0,-7.090981934731936,-36.32081633644134,-10.864504245754246,14.500010406260406,0.21380000000000005,0.5444,24.0,0.0548,0.0078,0.1223068598068598,-0.10822302697302696,0.8366074897324897,0.4564915928161429,0.8833491095885148,0.6343538674834351,0.632315423184669,0.4590379658806009,0.2978819988186483,0.4811016486570729,0.8826565776025239,0.6467712921785628,0.7102189855147332,0.7212775950580457,0.25717372950485623,0.2847566888083258,0.7935124137356891,0.7815314372388491,0.0,0.0,0.0,0.0,0.0,0.0,0.0,0.0,Matthias Bluebaum,3095.0
15.995950869675934,150.24592115620953,-65.53946264113368,-16.931742728712038,-12.84224031742159,3.9729166666666673,-3.412258652472846,-37.97481763654078,-11.723687431494337,13.372367458841245,0.18519999999999998,0.38139999999999996,30.0,0.0722,0.003,0.10301239744909818,-0.08698210825832306,1.1261662265696795,0.5129189076094937,0.9138686131386862,0.6497495290418756,0.25641752145450086,0.5045279375519285,0.4417113040637622,0.42128382789744967,0.8204379562043795,0.9805194805194806,0.676531862745098,0.6266084660473346,0.343721141907327,0.41156955798244976,0.5600627045775177,0.8121657754010695,0.10635028480536209,0.08688725490196078,0.0,0.0,0.0,0.0,0.0,0.0,Matthias Bluebaum,3095.0
17.671701322447593,185.73518289860164,-66.6834010439274,-15.100063302259866,-12.534883432019194,3.984355997788833,-7.447591505462528,-35.83284753462168,-11.162814615841931,11.41044334848897,0.2088,0.4838,22.0,0.0528,0.0038,0.06230619198797176,-0.41677357447563024,1.5410977686956284,0.6707421431295232,0.8676297412022457,0.9682242990654206,0.40945271011357437,0.6864850061618514,0.503368561461137,0.4509910810481664,0.8289971363471785,0.9926605504587156,0.7513788342007701,0.7120373610751989,0.43432663210796,0.3675106776436664,0.7612437561095199,0.7120052285974513,0.00188679245283018,0.0,0.0,0.0,0.0,0.0,0.0,0.0,Matthias Bluebaum,3095.0
20.81273866377525,184.9415235678955,-45.98307716536075,-15.88560423316521,-9.132734845079405,3.9454545454545453,-7.03502762481421,-19.634859551018085,-11.262406983260643,13.022101526522258,0.22599999999999998,0.5055999999999999,14.8,0.0492,0.0048000000000000004,-0.04809066949310852,-0.6145177586641001,1.407758065105626,0.7303707553707554,0.908108108108108,0.7677522268985684,0.5975202368605249,0.6797359474188742,0.5766181274776632,0.7353630234911457,0.780131962360878,0.8728212225200178,0.931960531960532,0.5597573652451702,0.44932389667182493,0.5881290631290631,0.8724012474012474,0.8657957676250359,0.0,0.0,0.0,0.0,0.0,0.0,0.0,0.0,Matthias Bluebaum,3095.0
19.056098438118045,177.7085516725286,-59.477921399688896,-13.988950299868506,-11.301434255014371,3.9836734693877554,-5.705012775146728,-33.199844560139404,-10.741027185939856,11.474674207032212,0.2304,0.46559999999999996,16.0,0.0508,0.008,-0.017874600442586704,-0.1884927464961888,1.145448049518393,0.7132437231920881,0.9494949494949495,0.939105339105339,0.467255416222714,0.6943044906900327,0.4722406509153497,0.6870995919360807,0.7921912759262157,0.8456979432883047,0.9521601557746135,0.8596754364396361,0.2002635899193558,0.792199099428015,0.8614457831325302,0.8646342947547767,0.0,0.0,0.0,0.0,0.0,0.0,0.0,0.0,Matthias Bluebaum,3095.0
21.625571973606032,191.80623760828095,-52.291663715101244,-16.467725016641424,-12.247834132231409,4.0,-1.3652198678514469,-28.92384738584429,-10.640026737967915,13.352989425435245,0.21879999999999997,0.44139999999999996,22.4,0.06899999999999999,0.0086,0.38639401534138373,-0.3485616000786279,1.1892320819875,0.7114871761664269,0.9798561151079136,0.7375609503396382,0.4736201035709547,0.5116329910799602,0.4358093569179829,0.5348752039564776,0.9755395683453237,0.7898274387483021,0.9488471924115489,0.570694605487112,0.44847810934939647,0.30374140966946717,0.6532841416958519,0.8645967365967365,0.0,0.0,0.0,0.0,0.0,0.0,0.0,0.0,Matthias Bluebaum,3095.0
18.857013291327036,177.1476371560469,-64.54193076142673,-15.799549730563564,-12.734159314382515,4.0,-3.5636881245689738,-38.51580725157246,-11.103537400973128,13.17481106063392,0.2314,0.35259999999999997,24.4,0.0392,0.0,0.0412129351543548,-0.36834833577488324,0.9274211275861045,0.6593978210691713,0.9527842679127726,0.8588095565328935,0.2954624833475002,0.4247104878860548,0.5034695684337029,0.555939663719014,0.9077550208789024,0.9226051401869159,0.8061721183800623,0.6333379649487401,0.26172176280610593,0.39101298939968476,0.6360766817166318,0.7790221275426058,0.0,0.0,0.0,0.0,0.0,0.0,0.0,0.0,Matthias Bluebaum,3095.0
18.6106733056574,171.65697832590726,-69.97525983524591,-14.431211046269372,-14.071787526980378,4.0,-7.267151215984725,-40.32305873456457,-10.217120086070246,12.33506877462339,0.2182,0.6044,24.8,0.1332,0.014400000000000001,0.04243119781826039,-0.22068388806458797,1.4426522158017385,0.5830759154428262,0.669743709872629,1.0,0.5320411539305547,0.5537834744487087,0.7252126154546216,0.5263132563534022,0.761211161686127,0.6586776091794327,0.8317752907614657,0.6936449615240149,0.8796210508743375,0.39357044527381807,0.7071203070581091,0.8379043364822676,0.0,0.0,0.0,0.0,0.0,0.0,0.0,0.0,Matthias Bluebaum,3095.0
19.17401930099113,188.58979134063642,-57.31079629212935,-14.846075781287047,-10.693883976484637,4.0,-6.45440674349125,-32.66318229240765,-10.543606487409306,13.890358988950538,0.23800000000000004,0.476,17.8,0.1002,0.0228,0.07131479110352351,-0.3030075401906388,0.9601963294921042,0.7297425978277042,0.8822695035460992,0.743269379870511,0.5585146736237497,0.816083916083916,0.6451788249256604,0.4286740909687314,0.7812742812742812,0.7313831164894995,0.7595744680851064,0.6066269188811608,0.4907608685416388,0.31055222719645015,0.7492077542710455,0.7688930155937965,0.0014184397163120401,0.0,0.0,0.0,0.0,0.0,0.0,0.0,Matthias Bluebaum,3095.0
17.88875099589385,156.3777340605912,-53.00325516306602,-15.100044942902084,-11.182801648326794,4.0,-1.8322128250699676,-30.90975005617863,-10.168451002022431,12.190005311433882,0.24980000000000002,0.5034,16.2,0.0876,0.0,0.09505720005720006,-0.12027537741823453,1.3908302179730752,0.5307297093011378,0.85,0.6711062004913723,0.4737196380053523,0.8107829348335678,0.49948516069673393,0.48031272036696987,1.0,0.8893393393393394,0.9986486486486486,0.7334500478261781,0.669429633715348,0.2752715127941167,0.5080351470044056,0.866988416988417,0.0,0.0,0.0,0.0,0.0,0.0,0.0,0.0,Matthias Bluebaum,3095.0
17.79428949400409,148.573204195649,-66.37946804808453,-14.242979630176475,-12.64205362393375,3.996551724137931,-6.846992313343705,-41.9942033544041,-11.454832481558343,16.805041631193927,0.2032,0.5848000000000001,23.4,0.0962,0.0052,0.24191137994720008,-0.38697136530003384,1.143206665799008,0.48133523588617616,0.6772089532825729,0.7468544206249124,0.7419821361950534,0.29601839024499993,0.4747380749996866,0.48352788424655896,0.7523884431859892,0.7268837501966336,0.7600161223112043,0.6862664722643711,0.5812117531535079,0.0936034891221624,0.8020875065127303,0.7156718938977814,0.0163934426229508,0.0,0.0,0.0,0.0,0.0,0.0,0.0,Matthias Bluebaum,3095.0
19.27788979257637,180.7481821723644,-57.7872149091916,-15.142528377897015,-11.28453497107793,3.99485961341864,-5.216436893079165,-32.08487658203392,-10.745449619747612,12.691751921225396,0.2150051157781367,0.4567692514808831,20.822294022617125,0.0687323640280021,0.0092587506731287,0.1162294291180645,-0.2491385958083418,1.3445084460948056,0.6860217317779287,0.8718358234281046,0.7767062293841047,0.5583900159976267,0.5961095084029905,0.5447498303966489,0.5214183198605007,0.8694039284792554,0.8619962052726318,0.814359055670247,0.6867393780209047,0.423802802934685,0.4566979016100948,0.7447442556093133,0.8287972774948719,0.0626903211061562,0.0633807507599006,0.0460013218770654,0.0352941176470588,,,,,Matthias Bluebaum,3095.0
19.401076954904184,197.27949162914652,-71.87835819297774,-14.497363736702173,-11.492313558371732,4.0,-8.823009105438029,-43.899988306323735,-10.553553385681598,13.387869899539528,0.2386,0.387,19.0,0.06060000000000001,0.0108,0.0659559857413876,-0.18930655220977802,1.631226072720742,0.7970757769252141,0.851360420629662,0.846985446985447,0.38122130649308333,0.7087760088272382,0.6319839851419804,0.58230557806829,0.927027027027027,1.0,0.8045632333767927,0.7177751374255612,0.3097477321749689,0.5305602618884085,0.8898305084745763,0.8485157288435976,0.00169491525423728,0.0,0.0,0.0,0.0,0.0,0.0,0.0,Matthias Bluebaum,3095.0
18.34398784499165,138.47986844164254,-56.127425473622395,-17.05670172651041,-12.228258849719358,4.0,-4.389094537088424,-29.515063925296054,-11.795309280848734,14.857002845840588,0.17779999999999999,0.4426,27.8,0.0448,0.0068000000000000005,0.2901163582616805,-0.02667497231450718,1.4315824397317864,0.4477576706870817,0.658962912087912,0.6203520120130964,0.5650718167701863,0.7390475739082286,0.40078452839290807,0.23460038792097687,0.7579918538446723,0.6784565465079241,0.8231003122256915,0.5897042918532428,0.4459136108456761,0.44706178332537033,0.5159782689715071,0.6866576110104927,0.0,0.0,0.0,0.0,0.0,0.0,0.0,0.0,Matthias Bluebaum,3095.0
17.828118749926027,164.8363721281114,-66.17020728660066,-14.958248772563048,-12.05042716261421,4.0,-4.422663675842403,-40.414983144451355,-11.141240677474183,12.817356146344551,0.2138,0.5008,23.8,0.041600000000000005,0.0073999999999999995,0.22114490111291393,-0.4605579132568337,1.565609308400192,0.6378472102897025,0.8809273728705008,0.5542218209424312,0.3827243843080162,0.4331830616884368,0.43494862334302853,0.7343497236688774,0.9791469194312796,0.7659615458713829,0.7756741136003649,0.577016665260799,0.20415814033892862,0.6144640884092971,0.8953005484967107,0.7050413377196407,0.0016260162601626,0.0,0.0,0.0,0.0,0.0,0.0,0.0,Matthias Bluebaum,3095.0
16.413729298490438,146.58983237007723,-53.99593654598275,-12.417869409238337,-11.90722312475628,4.0,-6.206106427583745,-29.8165193638899,-9.647654285586844,11.999436065072356,0.21139999999999998,0.35679999999999995,16.6,0.079,0.0048000000000000004,-0.007106971340210965,-0.3619943755190644,1.1715020528930602,0.40661525246386665,1.0,0.8439953271028037,0.5427590756743419,0.7483157865105281,0.5114770903946756,0.5846390034187257,0.8574468085106381,0.9301204819277109,0.977570093457944,0.6828868224716101,0.3428088782961545,0.549262710016842,0.6936738542956874,0.7900442433883476,0.0025,0.0,0.0,0.0,0.0,0.0,0.0,0.0,Matthias Bluebaum,3095.0
21.083568897227433,203.8391626345413,-47.02215972864367,-14.841814145536867,-9.854121883352937,4.0,-4.34222851270348,-24.163602251407127,-9.417573922297928,11.597180986654672,0.2198,0.473,16.4,0.07179999999999999,0.0,0.28137885886281266,-0.0884305614985974,1.32406452863449,0.7722790697674419,0.9925925925925926,0.9163902439024391,0.6785619204223855,0.6668191517312334,0.8068458673109834,0.3991992103188926,1.0,1.0,1.0,0.7141198714312724,0.3476752714733429,0.24457166211448683,0.811393626184324,0.8605891472868217,0.0,0.0,0.0,0.0,0.0,0.0,0.0,0.0,Matthias Bluebaum,3095.0
18.17613123718387,175.29037024379127,-57.399100362610305,-12.445333029543557,-11.309590603363699,4.0,-4.465732513100934,-34.73407761828814,-10.38368079289132,11.939314194577353,0.2594,0.5432,21.8,0.1368,0.0,0.14879129642287536,-0.0892200197463355,1.1987449684818106,0.7427367018745837,0.8177777777777777,0.8683870967741936,0.6071771474790315,0.6180993275605038,0.5755202683414216,0.5162654232879753,0.8240473245154947,0.7932572081073366,0.7092974276017381,0.7654638880959178,0.5702226549578819,0.49026144257303256,0.6282227931614173,0.7194975735084214,0.0,0.0,0.0,0.0,0.0,0.0,0.0,0.0,Matthias Bluebaum,3095.0
17.680535310504304,183.88574428692257,-63.16274113020014,-15.311125699342753,-12.938436748298864,4.0,-8.000715056141413,-34.27166127367677,-11.19561282212445,14.554810469384112,0.20379999999999998,0.41340000000000005,24.2,0.09,0.0134,0.15442442442442444,-0.3608055186969915,1.264372527566326,0.6665294443218527,0.7788316266577135,0.8228305183459522,0.41602922869186065,0.5436797534338746,0.4451875814723046,0.5841202154559628,0.794708153531683,0.7216099284241393,0.7149440921439605,0.4463156523909606,0.3544081291578189,0.5524636188549485,0.7671041141381219,0.8633686518085495,0.00198019801980198,0.0,0.0,0.0,0.0,0.0,0.0,0.0,Maxim Lugovskoy,2802.0
20.139196771469816,182.29283734175874,-79.78497111351616,-16.11265657675325,-15.067574486706757,3.995454545454545,-5.298381044036692,-49.61011140063372,-11.500970556458423,13.80926840561815,0.22240000000000001,0.4758,19.6,0.0956,0.018,0.2727013972744523,-0.24646232624860404,1.417239860908092,0.6522016790157814,0.8432584269662922,0.7785087719298246,0.307868880021883,0.4706431661864075,0.539769286450608,0.550500612941127,0.9004500160720024,0.839695446481372,0.7207676838124805,0.5941758189640506,0.15414538385663806,0.749890133463202,0.7062832643406268,0.7477287485070907,0.02745098039215686,0.0,0.0,0.0,0.0,0.0,0.0,0.0,Maxim Lugovskoy,2802.0
20.25493555921542,206.46212201765007,-66.00998086331022,-15.71573192961585,-11.415530986839878,3.994871794871795,-10.357351459714867,-36.218378994029806,-10.816976292141993,14.519117004160393,0.18480000000000002,0.5352,25.0,0.0804,0.0028,0.22802715714785657,-0.5164220857414072,1.3840237782973144,0.8383569739952719,0.8909376050184832,0.7414689836475049,0.5784677450749062,0.5121271197723248,0.587430988517329,0.3775185501206132,0.7557030481809244,0.834825870646766,0.7121139383549746,0.46073385583587917,0.545373400079234,0.6703623904000958,0.754523895023491,0.8707425887570871,0.0,0.0,0.0,0.0,0.0,0.0,0.0,0.0,Maxim Lugovskoy,2802.0
20.389162200003703,185.15889315166504,-60.57691667006769,-14.12809957625812,-12.879263780666175,4.0,-5.385851832205616,-34.598033331894136,-10.556602663344169,12.970934514300518,0.2398,0.47140000000000004,14.4,0.08399999999999999,0.0134,-0.1100209506539112,-0.10179797319385417,1.2356787374506815,0.6539762582637649,0.9678571428571429,0.7347102905636902,0.5918180785827845,0.583041099951055,0.46544628382803355,0.8559918408975011,0.7555950600092375,0.6909994760824757,0.8748374821626763,0.38632132763532656,0.5183016110463873,0.6042745810383219,0.9018867924528301,0.7812461654062773,0.0,0.0,0.0,0.0,0.0,0.0,0.0,0.0,Maxim Lugovskoy,2802.0
22.374643166811175,202.33765694824254,-48.83941387018024,-17.057197525511903,-9.723364922337908,4.0,1.4570830971119861,-26.502495956446342,-10.400441039151605,9.38700247615554,0.2172,0.251,15.8,0.0528,0.0,0.3012818481958247,-0.6695728840125391,2.102935119722537,0.8976377952755905,0.7668041577297475,0.6232511266688925,0.6415804334266829,0.49681099763948416,0.3794803249206124,0.6144306354338936,0.8913385826771654,0.973228346456693,1.0,0.5753560260709039,0.3110082035612567,0.8778947368421053,0.9058899352644442,0.991578947368421,0.01574803149606298,0.0,0.0,0.0,0.0,0.0,0.0,0.0,Maxim Lugovskoy,2802.0
23.143065487294287,224.51155069850347,-50.94649266344135,-14.982532230651245,-13.21184186337502,3.995454545454545,2.6316028789951496,-29.967343147618454,-9.385124673548066,9.973291827301745,0.20620000000000002,0.4422,11.8,0.12639999999999998,0.026600000000000002,0.06798128342245988,-0.08651908966546445,0.584052045765452,0.8741573033707866,0.9526334269662922,0.96875,0.5326194991664283,0.6290339446192699,0.49691860969092466,0.6487666714346313,1.0,0.9104142210296831,0.8495786516853933,0.5131545757662448,0.11747701669683111,0.7992490085922009,0.7586516853932583,0.911407799074686,0.0,0.0,0.0,0.0,0.0,0.0,0.0,0.0,Maxim Lugovskoy,2802.0
19.633513288029953,196.8597694559266,-73.3429416323564,-16.349422435994548,-15.461467204780499,3.9435586734693877,-5.80177932997165,-38.044894334191795,-11.061074542277144,9.432137541389832,0.2042,0.41579999999999995,22.4,0.0854,0.0154,0.29056516058173,-0.6220641569459173,1.1316365729218518,0.7022989946277196,0.6438074766943814,0.8157206632653061,0.629004951174018,0.5491989008566389,0.3313373803224994,0.6043390332536838,0.9051373954599761,0.7912241885702906,0.7425160543608125,0.7263396793902747,0.4004405081925243,0.5993807329383366,0.490105563581466,0.5433515389429368,0.032,0.0,0.0,0.0,0.0,0.0,0.0,0.0,Maxim Lugovskoy,2802.0
17.117485495347566,153.35828899835798,-56.57631859931712,-16.5295785440613,-10.77497212969479,3.989655172413793,-5.886888341543513,-28.442334428024083,-11.331371100164205,12.399170771756978,0.23399999999999999,0.32459999999999994,15.0,0.0902,0.0056,0.1241696770662288,-0.5021160372194855,1.9590755336617405,0.5787159017357036,0.6448747878587414,0.6583482686930962,0.5696968865285698,0.3718283447457227,0.3633214083111659,0.5291929736023284,0.7586248853575587,0.6838473088473088,0.876923076923077,0.5799148729841799,0.4553830802465149,0.6694487328150693,0.8129814164296925,0.9487179487179487,0.0,0.0,0.0,0.0,0.0,0.0,0.0,0.0,Maxim Lugovskoy,2802.0
18.32620777099135,196.3469792169015,-66.85931224691134,-14.91733832355364,-12.721979391986924,3.9924528301886797,-5.974115155025254,-38.51241748023102,-10.08019998569388,11.354285259390696,0.21259999999999998,0.37279999999999996,17.2,0.0958,0.0108,0.059003509613942476,-0.5081201067882533,1.515687235942508,0.826199460916442,0.8455379908210097,0.9086180520142785,0.5195638131979395,0.6172556782729055,0.4078870057212961,0.6629673878730482,0.5510285980343405,0.6197901522757963,0.8217211820985405,0.7446710861805201,0.4419411864694883,0.5116274601098227,0.9054054054054055,0.9536231884057971,0.0,0.0,0.0,0.0,0.0,0.0,0.0,0.0,Maxim Lugovskoy,2802.0
20.36356827593941,202.06035333509558,-49.173171864181924,-14.717940707631428,-9.929157974291748,4.0,-8.797128701767877,-22.303867381186972,-11.59741907576959,14.172341976465688,0.2166,0.4847999999999999,16.4,0.0998,0.0324,0.03758520975015821,-0.36797715457509267,0.8824958546608033,0.8341119665927182,0.8340496587774068,0.8880921895006402,0.6048311955875831,0.4494612051943513,0.5579328226458299,0.5471364470977574,0.6936827494572503,0.7564661359780764,0.7499946614784145,0.5761658988608314,0.36423580049977605,0.6600339566475545,0.677632572032864,0.8659793814432989,0.0,0.0,0.0,0.0,0.0,0.0,0.0,0.0,Maxim Lugovskoy,2802.0
18.487388622056816,163.6059844427121,-70.3872822977028,-14.612371229076036,-13.275954228365586,4.0,-6.543654286217216,-43.7314125615041,-10.306242613222016,14.082352620682139,0.2164,0.47380000000000005,20.0,0.0412,0.0028,0.17370327993897788,-0.0708384674059731,1.7266466752164693,0.6083910654562829,0.8953296703296705,0.9342105263157894,0.37925273348205674,0.4935222821746195,0.7082775919732441,0.533693092621664,0.7238911450867972,0.8645763656633221,0.6063621937069141,0.6654579892157532,0.18450870666872626,0.9517206477732794,0.8054960771493953,0.7791285278413425,0.0,0.0,0.0,0.0,0.0,0.0,0.0,0.0,Maxim Lugovskoy,2802.0
20.113815993250775,203.17944659375092,-69.34475712755278,-14.249896652505347,-13.07528658008223,3.994871794871795,-5.94124107384977,-41.24965078791166,-9.940888185844708,11.117334357769138,0.259,0.5233999999999999,17.2,0.0586,0.0,0.24925981499894548,-0.4786770315465967,1.038659043659044,0.850830889540567,0.9046185425932262,0.8442398670246771,0.6103716046662799,0.5937534699452287,0.42666439178693416,0.5670362377355245,0.8678000581226387,0.845756119881034,0.5371455276644541,0.5996078222041056,0.7690681549807723,0.5279775896762422,0.633614214831038,0.737308569566634,0.0,0.0,0.0,0.0,0.0,0.0,0.0,0.0,Maxim Lugovskoy,2802.0
20.124371582223027,163.3753583491948,-55.896333724857854,-15.682601287047948,-11.743973653556612,3.992,-6.633914770838999,-29.499267651590685,-11.154600561950513,14.826024200126891,0.21260000000000004,0.5118,21.0,0.06939999999999999,0.0,0.2988208707211698,-0.03700564971751412,1.4390240792773195,0.6244985044865404,1.0,0.6236193087404452,0.5037345186662235,0.7402033898305085,0.4396105018278497,0.46711748089066135,0.6711744765702891,0.7849039548022599,0.6792175141242938,0.7326699900299103,0.43487803256895974,0.39716666666666667,0.8073725490196079,0.8370023263542705,0.0,0.0,0.0,0.0,0.0,0.0,0.0,0.0,Maxim Lugovskoy,2802.0
19.21982503770739,183.22552036199096,-46.06989376058116,-14.500874811463046,-9.643190894819465,4.0,-0.9916440422322772,-25.10325791855204,-9.954425339366514,10.123499245852187,0.26860000000000006,0.318,11.6,0.0092,0.0,-0.14544193061840122,-0.42502564102564105,1.4317647058823528,0.7871502612526067,0.7752307692307692,0.8541577825159914,0.6188205440614822,0.7099709146574819,0.43525679295828545,0.8306122448979592,0.958,0.9460000000000001,0.9025641025641026,0.7337826253348642,0.4407869287784,0.4678414989417122,0.7922034724337496,0.7145738653670424,0.0,0.0,0.0,0.0,0.0,0.0,0.0,0.0,Maxim Lugovskoy,2802.0
19.91606783761843,176.65251367299305,-60.06620498752592,-14.689133706750335,-13.877901688498138,4.0,-4.912365208194421,-33.58157232198285,-9.89793110827737,12.89269904617719,0.21280000000000002,0.45200000000000007,16.8,0.0476,0.0162,-0.00035176306001493687,-0.2989877003490688,1.2507231284491993,0.5957171211950912,1.0,0.9030105057544082,0.48973886217053464,0.7667194594023863,0.33477525440040434,0.6654662836722594,0.9342250196695515,0.8854697361385009,0.6623341797200963,0.605068306010929,0.39965907743870754,0.6563932599003409,0.5787579146528792,0.6594539783583844,0.0,0.0,0.0,0.0,0.0,0.0,0.0,0.0,Maxim Lugovskoy,2802.0
18.25982646982647,174.7355264365264,-72.44071785756864,-12.975511895511895,-15.088151794002588,3.992,-13.909575979575976,-38.92821826321826,-10.600699744699744,15.069439819439818,0.21519999999999997,0.4772,20.6,0.09340000000000001,0.013600000000000001,0.004622266622266618,-0.2557109557109557,1.5032102712102713,0.7442938517179023,0.9563218390804599,0.7671190476190477,0.34268092830141617,0.683556525534701,0.5459890369479697,0.4903237287750065,0.7949873417721519,0.4784237549330695,0.7221552139843279,0.421176363974347,0.5736103572203116,0.49167244987319025,0.9274767932489452,0.9533333333333334,0.0,0.0,0.0,0.0,0.0,0.0,0.0,0.0,Maxim Lugovskoy,2802.0
19.96555994489083,185.6835953648529,-60.6335924458232,-15.11320314091874,-11.865440787386037,3.995618640742192,-6.477530827577984,-33.119095059669604,-10.73544697122144,12.681505700208406,0.2126176470588235,0.4517058823529412,18.5686274509804,0.0688725490196078,0.0096029411764705,0.0767269385987549,-0.3104350225870186,1.3696288364024582,0.7230756140888208,0.8145929614403074,0.7879775832412915,0.4846004653139436,0.5699021309389886,0.5254217686024126,0.5969996592135364,0.8321877075579587,0.8327592272122828,0.7687301059598027,0.5623949362409549,0.4140846930637947,0.6442515095390285,0.7609593890335032,0.8167294243548086,0.0715682013211295,,,,,,,,Maxim Lugovskoy,2802.0
17.17011621547717,137.83766771488473,-59.27225478597616,-17.3237626469784,-9.651248040921015,4.0,-5.427348236259229,-34.625356622003466,-11.770728739403882,15.526189499589828,0.177,0.2904,20.0,0.091,0.0034000000000000002,-0.020379637225412424,-0.20246376811594202,0.9146866739586181,0.3952750241469297,0.8694444444444445,0.3856947039138324,0.5323042260382413,0.4343036339501619,0.638360551767877,0.38205451116733263,0.7816166570538525,0.8192735393309635,0.7710903746240088,0.14121868845979732,0.21182970344276622,0.5198189727080331,0.5343300596147674,0.4698718910588573,0.0,0.0,0.0,0.0,0.0,0.0,0.0,0.0,Maxim Lugovskoy,2802.0
21.798994501433526,206.2140264613435,-64.34061132427571,-14.704718046181464,-11.88468594883814,3.9877289377289378,-8.277104196616392,-34.917443125979716,-10.852000438585803,12.307611494196859,0.2562,0.49079999999999996,17.8,0.127,0.0242,0.146066859969299,-1.0480132875254828,1.2132980840297916,0.8788230106857557,0.635410089476727,0.7794915434528241,0.5096836421168205,0.7189977932748022,0.5517363158788259,0.5766244988384477,0.8286103330220976,0.8780864197530864,0.9173933427097983,0.449151147113549,0.549801296919175,0.7455377087543879,0.5948805025995396,0.7814296088805893,0.0,0.0,0.0,0.0,0.0,0.0,0.0,0.0,Maxim Lugovskoy,2802.0
22.00533966263711,208.06009606251004,-62.279128154465276,-15.583817318556495,-10.84189275035973,4.0,-8.377221390262456,-32.49229209786923,-10.76748974920451,11.783585151787149,0.2496,0.41200000000000003,14.2,0.0726,0.0076,0.14030545101577285,-0.09600870827285919,1.413015049113828,0.8404598628479224,0.7475880944235375,0.8761646745969223,0.5643470233824274,0.6704604611384303,0.5016127622661808,0.7517236459711467,0.9392405063291139,1.0,0.5757008896419998,0.4831372303099952,0.3771068320283247,0.683221957754359,0.9038725292456636,0.9115369100443728,0.0,0.0,0.0,0.0,0.0,0.0,0.0,0.0,Maxim Lugovskoy,2802.0
20.957008403361343,203.9484593837535,-49.68286768580448,-13.063865546218485,-10.494570767036972,4.0,-6.081008403361344,-27.05025210084034,-9.189319327731093,12.196148459383753,0.2492,0.4218,14.2,0.048799999999999996,0.009600000000000001,0.13408963585434172,-0.18276190476190474,1.7453697478991597,0.848844537815126,0.9107142857142858,1.0,0.4404067139050742,0.8242647058823529,0.8037911164465786,0.5465811934529909,0.9053571428571429,1.0,0.8125995520159283,0.8100591456094632,0.6323367346938775,0.8497142857142856,0.834733449477352,0.8525,0.0,0.0,0.0,0.0,0.0,0.0,0.0,0.0,Maxim Lugovskoy,2802.0
18.055792693899026,153.3158262813682,-68.31493204515934,-16.984331398857275,-10.812290626165174,4.0,-4.790604116008686,-39.83854066968486,-10.669767909652517,10.780602675209172,0.2252,0.3302,21.8,0.0464,0.014000000000000002,0.27725253878541845,-0.15141567907968462,1.4636707829248417,0.4662495080676899,0.7128654249414087,0.8312507813042572,0.4983226723525231,0.5884390119684237,0.32616002562366997,0.6409535695368562,0.9694117647058824,0.8175186640586911,0.6480679248386169,0.7730324763431955,0.34679450169114145,0.6146189325613063,0.8731482873154196,0.7616093710211358,0.0,0.0,0.0,0.0,0.0,0.0,0.0,0.0,Mayank Chakraborty,3073.0
17.668878380339873,180.41188649762177,-56.027451427370444,-15.973140952636163,-10.701430564727806,3.9909090909090907,-4.568092215448516,-29.949507073312343,-10.94305816640986,12.116868454255151,0.2318,0.3928,19.4,0.0772,0.0184,-0.022781654049708597,-0.03187057010785822,1.8188526718920968,0.6879978901876713,0.7551165987297375,0.6264619808415429,0.4410296921245827,0.47119056936575177,0.6035221874637934,0.6363382764842619,0.8264894878033564,0.9231143552311435,0.7074014792992895,0.7593018093018092,0.5415093827502587,0.46455260068398746,0.5905205905205906,0.888888888888889,0.00437956204379562,0.02627737226277372,0.0,0.0,0.0,0.0,0.0,0.0,Mayank Chakraborty,3073.0
15.236637915001577,147.10172427892292,-73.42742317882617,-14.674876785356982,-12.604925737313883,4.0,-7.84468638684538,-45.15177857282946,-10.668005445340036,13.516849748859556,0.21960000000000002,0.3888,25.4,0.0888,0.0,0.3455367761731981,-0.12069296354336685,1.2025442380760591,0.5003074416364129,0.7839074679406588,0.7486355442739947,0.6049743036031844,0.3158420756197283,0.38082536264313455,0.5060874083294176,0.8804123711340207,0.7511619039524213,0.6584287407356175,0.5213885928254609,0.38754525903119963,0.5475768301087957,0.7233412635474491,0.6269945550414127,0.0016260162601626,0.0,0.0,0.0,0.0,0.0,0.0,0.0,Mayank Chakraborty,3073.0
17.954814603807627,169.64357871440623,-77.96794152621833,-16.289028884043837,-13.069637244923012,4.0,-7.874347653011661,-46.24491689765868,-11.403881323063775,12.91387047648264,0.2432,0.4344,22.6,0.032999999999999995,0.0052,0.09978431007344266,-0.21128628765717491,1.3474913720377328,0.7006158543004526,0.8879661016949152,0.6207845777410995,0.4837735710617066,0.5076614247948072,0.35226278266071925,0.4833852686247675,0.8135948232558402,0.8649152542372882,0.8556240369799692,0.2388736613423422,0.5623354611490206,0.7237458807466177,0.8032731675104557,0.6249651478465037,0.0057142857142857,0.0,0.0,0.0,0.0,0.0,0.0,0.0,Mayank Chakraborty,3073.0
18.680814292272096,160.98678836082928,-71.2804520435291,-16.77810722951388,-11.53463882861102,4.0,-8.507208201006154,-41.43567447045708,-10.23461060678452,13.209787292843558,0.19460000000000002,0.3532,19.6,0.0958,0.020999999999999998,0.10821360651283922,-0.2387356547970359,1.8953570257534451,0.5602634936684481,0.7353481041994995,0.8806201550387597,0.636252356231266,0.4731607831850425,0.6174919494683164,0.4698533279723008,0.7818948734587929,0.7134373632343842,0.7164030077116943,0.5846213106071548,0.47612126245847175,0.7477484472049689,0.9767857142857143,0.9492753623188406,0.01860465116279068,0.0,0.0,0.0,0.0,0.0,0.0,0.0,Mayank Chakraborty,3073.0
19.76132031886749,199.86061826703335,-57.516253089404074,-14.17174402268742,-10.662677590828574,4.0,-3.1214464101256554,-33.39691767238937,-10.003609422194328,9.840142028821273,0.24500000000000002,0.382,18.0,0.0624,0.0,0.26201621069545594,-0.16665986741458438,1.2489974517333007,0.8773584905660379,0.8587012987012986,0.8331536388140162,0.7141993880673125,0.6359767486182581,0.5287486506354431,0.7056590859421047,0.9216981132075471,0.8285064935064934,0.915,0.6091693212447928,0.5608464136766024,0.5749502994786014,0.904793472718001,0.908108108108108,0.0,0.0,0.0,0.0,0.0,0.0,0.0,0.0,Mayank Chakraborty,3073.0
20.38177627337202,187.16107160465737,-54.17430084890178,-10.469556642773165,-10.026771550915658,4.0,-8.670352144726362,-29.88971536390185,-9.910033564683129,10.79212841809838,0.21339999999999998,0.3412,19.6,0.06140000000000001,0.0066,0.17166552888079795,-0.11215989684074787,0.9061281146888156,0.7196495619524406,1.0,0.7582603254067585,0.5149584708157924,0.8255891524888485,0.5492561125030282,0.6585944551901999,0.8808510638297872,0.8723404255319149,0.7572340425531915,0.6133202217057035,0.40680678460939496,0.4802122705948917,0.5027853694669357,0.8394681508967222,0.0,0.0,0.0,0.0,0.0,0.0,0.0,0.0,Mayank Chakraborty,3073.0
21.250433869659638,204.39917223867823,-76.98347597181886,-14.020202576030973,-14.854486928110768,4.0,-5.038372207662978,-47.79992599832265,-10.04731623200495,10.776827970313454,0.223,0.4218,15.4,0.1542,0.0366,-0.07419357729916734,-0.6001063578703332,1.6635340146823605,0.8666666666666666,0.9465116279069768,0.7984090452158064,0.6051338788036805,0.4959447851095599,0.5363326270404126,0.464867004525703,0.9170180061484409,0.7498682476943346,1.0,0.7352876592007027,0.6663298185895816,0.6626043039086518,0.8430769230769231,0.729530495831505,0.0,0.0,0.0,0.0,0.0,0.0,0.0,0.0,Mayank Chakraborty,3073.0
21.438951000690132,201.3064320220842,-66.61150522566975,-14.75879917184265,-13.334189835745661,4.0,-4.568478260869566,-38.92815734989648,-9.217826086956523,10.195945479641132,0.227,0.4862,12.8,0.09179999999999999,0.0112,0.30007936507936506,-0.43809523809523815,1.9351104209799863,0.8439285714285714,0.8542857142857143,0.8316666666666667,0.6319444444444444,0.8498015873015874,0.6992374051069703,0.8413095238095238,1.0,0.8183333333333334,0.7999603174603175,0.836111111111111,0.46869047619047616,0.6970238095238095,0.9767857142857143,0.8666666666666666,0.0,0.0,0.0,0.0,0.0,0.0,0.0,0.0,Mayank Chakraborty,3073.0
17.16787849286056,160.7977368996379,-58.14364348173454,-16.489026098244175,-11.43064645365502,3.9922969187675066,-5.3642993782879005,-29.795010077201614,-11.201525671244108,12.144567278130763,0.1976,0.544,21.4,0.0774,0.0124,0.16581821753091486,-0.26214302794288447,1.247627587620414,0.6651720542231491,0.963590545707334,0.6393233692503765,0.5608027909731073,0.6906409711762509,0.48976428635796027,0.6440273432974163,0.7444907890163364,0.7248175182481752,0.7149808828640946,0.892457420924574,0.3805584520912988,0.4319893407484649,0.663327282792003,0.7071383514205898,0.00246913580246912,0.0,0.0,0.0,0.0,0.0,0.0,0.0,Mayank Chakraborty,3073.0
16.55390588287945,161.58967081266908,-51.61975334010857,-13.720495447484428,-10.31958091257528,4.0,-10.757355100925576,-23.515310098289426,-10.08655896717784,12.779547186343986,0.252,0.5075999999999999,15.0,0.06620000000000001,0.0066,0.018009753960411802,-0.06819221967963383,2.0180241850794944,0.5615281026907107,0.8253731343283581,0.8128740910830462,0.7335723925197609,0.8185144261342219,0.5350061721467848,0.5057840928382955,0.7389898396968311,0.5892475160346329,0.9059701492537313,1.0,0.5346949463210263,0.4606650955747577,0.7596118309551145,0.8324706139631513,0.013186813186813178,0.0,0.0,0.0,0.0,0.0,0.0,0.0,Mayank Chakraborty,3073.0
17.469865053344872,163.39428388425523,-61.62342830804387,-14.883877844947824,-10.857677245954136,4.0,-8.644620485795551,-33.86002272546338,-10.717091740358995,13.339861734476017,0.20779999999999998,0.3476,25.4,0.07,0.0128,0.7112419496751954,-0.11516292957897922,1.0862521492519104,0.5097302467383019,0.7045644344148372,0.8820936639118457,0.6565477560414269,0.5761411584196394,0.477170953327455,0.2843548089808158,0.9363636363636363,0.8779063360881544,0.5407646745276204,0.5945513328252108,0.2589302527162135,0.2749833365713688,0.8140495867768596,0.8693901035673187,0.0012658227848101199,0.0,0.0,0.0,0.0,0.0,0.0,0.0,Mayank Chakraborty,3073.0
19.881575161081805,191.61531383438404,-58.375094009822874,-15.243222516467299,-9.506479070050435,3.995238095238095,-2.7882547559966917,-34.93059175696747,-10.09556581937986,10.19378181380079,0.2116,0.4640000000000001,18.2,0.0678,0.0086,0.13930836188900705,-0.18665169955492533,0.7940556702416285,0.7176164454852979,0.8902652200120554,0.8466546112115733,0.7272179363548699,0.5248011440863264,0.5978268017451154,0.6633104905516193,0.7176355352267489,0.8787602382725241,0.8944677871148459,0.6390730726820715,0.2677819803303489,0.6436041083099907,0.7222822040208489,0.9014705882352942,0.0,0.0,0.0,0.0,0.0,0.0,0.0,0.0,Mayank Chakraborty,3073.0
16.28399580819963,172.23767045741567,-77.84843742543798,-17.191424465309815,-12.634064926352108,3.9974522292993626,-7.4505260906534785,-45.387052189599956,-10.900527327915864,11.717705345093881,0.21260000000000004,0.2932,33.8,0.10499999999999998,0.0052,0.11861189950361925,-0.45351878982452226,1.3711416685938977,0.669076479076479,0.6878499278499278,0.7079797979797979,0.3221071721071721,0.6122253422253422,0.4508314808314807,0.35698178698178695,0.7181178581178582,0.9227272727272726,0.7488744588744589,0.37181818181818177,0.36742365742365746,0.6653613353613353,0.8791919191919192,0.742022152022152,0.0097258297258297,0.0,0.0,0.0,0.0,0.0,0.0,0.0,Mayank Chakraborty,3073.0
19.228460064028354,187.82901051465944,-60.58633925726912,-14.108837853358,-10.141018866212097,4.0,-9.166753548958017,-33.5932939744167,-10.434487576075643,12.858052561751347,0.2284,0.4276,22.8,0.127,0.0094,0.11886554288581119,-0.046374281213823455,1.5455229099622094,0.7963943229766015,0.7300441715686625,0.9142857142857143,0.6095838444414157,0.692359200146762,0.43081602795511664,0.5105120257559861,0.7949091909741333,0.7167040719324703,0.8415795266923499,0.6247798178832661,0.6431052721214603,0.5188895811834342,0.8660846791793976,1.0,0.017721518987341763,0.0,0.0,0.0,0.0,0.0,0.0,0.0,Mayank Chakraborty,3073.0
19.616280553505717,203.55316832858418,-66.8769515786044,-13.071768622484896,-11.54684090985702,3.976271186440678,-7.1495025151161995,-39.949865923550135,-9.936624659907443,10.801379865870604,0.22000000000000003,0.38199999999999995,19.6,0.0668,0.0118,0.12572565354220389,-0.04923703747233156,1.2420097332832811,0.8324453324453325,0.6975038228769572,0.888888888888889,0.7448725403949285,0.47399744265415905,0.47468980752562845,0.5914935810458198,0.7148170237722477,0.777522643194285,0.569898592286652,0.8034215034215034,0.4395469395469395,0.7367854367854368,0.8096237096237096,0.8792207792207792,0.0,0.0,0.0,0.0,0.0,0.0,0.0,0.0,Mayank Chakraborty,3073.0
19.145164591506056,166.6594968446188,-61.121060638870745,-16.179282506111775,-11.070288565415742,4.0,-4.934851327534254,-33.1635681391779,-11.01778270509978,11.2447126044687,0.21880000000000002,0.43979999999999997,17.6,0.07780000000000001,0.0218,0.34972994485189607,-0.3175280004548297,1.3209016999260903,0.5854129446313617,0.7786756115174086,0.8238403585059538,0.8782411339867959,0.5433521730075899,0.27961373911913123,0.6890030044487238,0.9368221643381481,0.9966942148760332,0.7703125152891583,0.7488838813391216,0.6101524889355054,0.449619164601183,0.7832858968091895,0.8489337822671157,0.00246913580246912,0.0,0.0,0.0,0.0,0.0,0.0,0.0,Mayank Chakraborty,3073.0
18.698923089845824,181.1132634027233,-48.239415407057116,-16.075438743855848,-10.977529858449893,3.986046511627907,2.546767966122805,-27.5756226701463,-9.904618432600428,9.760979820244637,0.2476,0.51,14.2,0.079,0.0072,0.36709761417188275,-0.12597792305219158,1.3246697292083638,0.6461861084264848,0.9701149425287356,0.9197067448680352,0.5259345629215787,0.7298109010011123,0.641148479388523,0.5552783611236912,0.8212549712770658,0.8860281083497137,1.0,0.6009231115732713,0.43599314135538353,0.6650372467725081,0.8709677419354838,0.8903225806451612,0.0,0.0,0.0,0.0,0.0,0.0,0.0,0.0,Mayank Chakraborty,3073.0
17.02126594582143,148.30607791084105,-59.59911362561886,-15.69291318674836,-10.94940598089499,4.0,-6.6846928541931785,-33.34230063684963,-10.644576889690452,13.714775922757752,0.23279999999999998,0.1452,22.6,0.06480000000000001,0.029600000000000005,0.09932505737826954,-0.37645774515339736,0.6253428509625785,0.5112233593651255,0.6600181283247645,0.7127274314649904,0.44951511475483796,0.603170082929119,0.34874634440761654,0.37683626061200426,0.8751196172248804,0.968421052631579,0.6076413842836054,0.2973535904144379,0.33738102697574446,0.7618261974761658,0.6689952153110048,0.8356117566643884,0.0,0.0,0.0,0.0,0.0,0.0,0.0,0.0,Mayank Chakraborty,3073.0
21.439932595038215,216.68733948097073,-58.37451835265415,-16.788542534170315,-11.613809227474393,4.0,-2.1144118632365356,-30.80710163026969,-10.496455315511293,9.445802218008073,0.2202,0.5274,18.6,0.0772,0.027000000000000003,0.14338584794298453,-0.07210852208031418,1.9383373641757644,0.9241558441558441,0.9150278293135437,0.8405522208883554,0.6161570082578486,0.7987012987012987,0.5797686347266179,0.5677914802284549,0.8558441558441559,0.9448979591836736,0.855930735930736,0.6639390301575175,0.5575044563279857,0.6348051948051948,0.8880301211393649,0.8202597402597401,0.0,0.0,0.0,0.0,0.0,0.0,0.0,0.0,Mayank Chakraborty,3073.0
18.81073428218555,177.710547838978,-61.9513124802642,-15.107239839245397,-11.474164654888158,3.9977023883333342,-5.741319118313645,-35.36677874848132,-10.510939063261072,12.251426555592058,0.2211072555205047,0.4132996845425867,20.037854889589905,0.0701955835962145,0.0105362776025236,0.1656403680992816,-0.2766321840453347,1.438558645460231,0.6805607000568328,0.8773873786264954,0.8037472146842501,0.5793645136830858,0.6274054590635182,0.5424175976491951,0.5346000963814053,0.8618853022441373,0.8393939121182533,0.8035958281103739,0.6049792628294827,0.4769014871578562,0.5643391902910363,0.7557638943008674,0.840385084923787,0.0549908533349424,0.1197181633681717,,,,,,,Mayank Chakraborty,3073.0
19.226044184085104,179.75494545192876,-60.1304854645487,-14.916575264063388,-11.64713005452842,3.997489122164326,-5.800078549389338,-33.97523746176535,-10.54730525859737,12.758352001630849,0.2184744094488189,0.4293562992125984,19.478346456692915,0.0748681102362204,0.0077244094488188,0.1105719796233681,-0.3231800080995068,1.1470312567457437,0.683461207402864,0.8575456299736959,0.8206016155046688,0.5899845222942149,0.5818256518303804,0.556483714700332,0.5854763256278884,0.8607800494567907,0.8320177614670267,0.809372368939382,0.4991417856013042,0.4269263799100587,0.6561537962478937,0.7449471342377539,0.7955644763712062,0.0663492273495283,0.0221801295368446,,,,,,,Mykola Bortnyk,3170.0
19.900599929199025,196.55555643357712,-52.77894119990676,-12.196236139702737,-12.401874205743637,4.0,-3.96180925009689,-32.53337687089895,-8.655579653612108,12.969934920147574,0.30379999999999996,0.5848000000000001,14.4,0.15800000000000003,0.0,0.2459416445623342,-0.2909029137452876,0.9741318911409863,0.8172187321530554,0.9242718446601941,0.9039999999999999,0.6530871642960568,0.6765094352099552,0.407442947923976,0.49294510004308306,0.8200699029126213,1.0,0.8077669902912621,0.7831705311250714,0.4482437149215227,0.6123259771358722,0.9202588235294119,0.6552780786918754,0.0,0.0,0.0,0.0,0.0,0.0,0.0,0.0,Mykola Bortnyk,3170.0
21.27131627293899,183.32613849789306,-64.5630772214358,-12.00113030234734,-13.617809124646413,4.0,-3.6564401622718052,-40.59836874492047,-9.462227754215583,10.772898866965805,0.24580000000000002,0.3506,12.4,0.09740000000000001,0.0166,0.05174104124408381,-0.2530825496342738,0.8019904931669638,0.7567630326251015,0.8629629629629629,0.9413793103448276,0.5646567481050239,0.7906898633824533,0.4980180027575479,0.682634859230604,0.9012823268142418,0.9448275862068964,1.0,0.47792871241147095,0.7172110159344202,0.7514803204458377,0.8046135109964897,0.9333333333333332,0.0,0.0,0.0,0.0,0.0,0.0,0.0,0.0,Mykola Bortnyk,3170.0
17.655457473957245,171.50661022326344,-62.62671793251006,-16.815127808224908,-11.69618114493807,4.0,-4.605096640589047,-36.51312858218633,-11.76025917248881,14.76307541591711,0.1794,0.3376,28.2,0.08620000000000001,0.006,0.07803361502740243,-0.054260622794907155,1.0559108689285863,0.4493441745305006,0.9488636363636364,0.5834728849796363,0.4496779415332718,0.345155185318348,0.7461510336733772,0.6977488151658767,0.8549763033175356,0.7205105291993128,0.6405001910367197,0.5247156352941921,0.10302087347598936,0.6563333935181006,0.5855732149832689,0.4824762262378255,0.061175140025850894,0.0,0.0,0.0,0.0,0.0,0.0,0.0,Mykola Bortnyk,3170.0
20.4734593837535,203.39497198879553,-40.20790736215121,-9.484593837535012,-10.725666465792667,4.0,-6.908193277310924,-18.79152661064425,-8.712773109243699,10.414845938375349,0.2042,0.5698000000000001,12.0,0.0678,0.0118,-0.012184873949579834,-0.11915966386554619,1.8869887955182072,0.9883495145631068,0.801174637420592,0.8048735979632611,0.6307100150380182,0.8765432098765432,0.8171679423297548,0.8826991278352405,1.0,0.9035714285714285,0.9111111111111111,0.8023483797755642,0.6780817887614005,0.8320987654320987,0.7797914419273642,0.7559087928591071,0.0,0.0,0.0,0.0,0.0,0.0,0.0,0.0,Mykola Bortnyk,3170.0
18.50819941045397,149.15619390660765,-61.5084931021668,-15.41473865078353,-10.699054309309359,4.0,-5.04532408335003,-36.60272611913565,-10.76215496985483,13.0155050302666,0.2136,0.3194,17.4,0.0316,0.004399999999999999,0.04674571805006589,-0.40060575702931944,1.7046029671590683,0.575810066366883,0.7936980379115397,0.9092783505154639,0.7065296915891904,0.440745431881271,0.6546876324001998,0.733323693989387,1.0,0.9591855480710348,0.9492957746478874,0.6348541197300197,0.3720672112451673,0.4616622479037712,0.7894752823122857,0.8041497375688611,0.0,0.0,0.0,0.0,0.0,0.0,0.0,0.0,Mykola Bortnyk,3170.0
17.25365271532342,155.38789259771707,-70.52617267486764,-14.486065951804449,-12.737312995402627,4.0,-12.966988066413005,-36.24836273492448,-11.510639916983743,13.42319699066067,0.23720000000000002,0.519,21.4,0.0348,0.004,0.1691793497059841,-0.5206191629194049,1.4742563126945691,0.549401302894039,0.8793855932203389,0.8695607056381874,0.5183347745878012,0.6684947538337369,0.4465003459010723,0.4714063761097659,0.905,0.925,0.4412694569353165,0.6038801452784504,0.6528531073446329,0.45184077020638763,0.7865816326530612,0.8189285714285715,0.00169491525423728,0.0,0.0,0.0,0.0,0.0,0.0,0.0,Mykola Bortnyk,3170.0
18.61111322369387,177.69525614682294,-67.80780798369037,-16.09163002895722,-12.685038469538377,3.981868131868132,-3.5192937630725654,-40.17838666709635,-10.787650613595314,11.472323426701305,0.2004,0.3924,20.6,0.083,0.0,0.10793460507746219,-0.1554724640438926,0.8376387156110658,0.6740929176603714,0.5730902977007998,0.777178660506179,0.5768099716785068,0.5780667470755443,0.6667764710937181,0.38102549275522124,0.7615528425402565,0.7501290866981454,0.632992564670103,0.3723821789816981,0.4435728625845428,0.8790345727332027,0.8638251366120219,0.7108245349087337,0.0,0.0,0.0,0.0,0.0,0.0,0.0,0.0,Mykola Bortnyk,3170.0
16.72970754847966,143.61403708674658,-67.97333563623806,-14.471378411317318,-12.630386067425485,3.9935483870967743,-7.471485243979575,-41.877278891100104,-10.28110140232332,14.764745992810973,0.2254,0.3256,24.2,0.07279999999999999,0.0,0.21996282069082546,-0.8780468983816974,1.35624134154055,0.39375256433920797,0.6624352828379674,0.8613911343110449,0.6724771232082194,0.4263302650963935,0.31560966171462296,0.5588866978435657,0.6489602764303276,0.7011394777061598,0.7780240866717059,0.35454482323728875,0.7317424807357693,0.7682011779208329,0.8578362416107381,0.8816158415841585,0.05298690942919796,0.0,0.0,0.0,0.0,0.0,0.0,0.0,Mykola Bortnyk,3170.0
20.923333333333332,211.04666666666662,-78.65927919501134,-14.4,-13.929279195011338,4.0,-4.55,-50.0,-9.905000000000001,10.125,0.26180000000000003,0.37300000000000005,15.0,0.045000000000000005,0.005,0.045,-0.3233333333333333,0.5766666666666665,0.8582278481012657,0.9800000000000001,0.6849023284888263,0.6414756451103648,0.6667874763595077,0.4649656674671744,0.7268853870662189,0.8385185185185187,0.9633333333333333,0.7964373897707231,0.38693389592123767,0.4106910837471416,0.5043338085351347,0.8653586497890295,1.0,0.0,0.0,0.0,0.0,0.0,0.0,0.0,0.0,Mykola Bortnyk,3170.0
19.36080415825929,183.0676410177745,-51.649754080540745,-14.820241424475203,-10.80700900795214,4.0,-3.8151642536018975,-29.61430856942822,-9.679253247902581,13.086222422819294,0.217,0.44399999999999995,18.6,0.0336,0.0038,0.0033192915383435605,-0.2770516950452523,1.1195344181308287,0.6374765974765975,1.0,0.8652014652014651,0.6393532085198752,0.6698015873015872,0.806951566951567,0.6467019400352734,0.9016269841269843,0.8714506172839507,0.8058238366571701,0.34179894179894177,0.6717948717948717,0.6399603174603175,1.0,0.9828571428571429,0.0,0.0,0.0,0.0,0.0,0.0,0.0,0.0,Mykola Bortnyk,3170.0
19.875587838129803,192.32371570089015,-66.38631968691803,-16.196435053150118,-11.031089153688406,4.0,-8.82180856235416,-38.51448853815573,-11.237764454239047,15.415266074669432,0.20940000000000003,0.38480000000000003,19.4,0.08679999999999999,0.007000000000000001,0.29938877365828365,-0.10257183908045978,0.5199436630369025,0.7212085980036298,0.9800000000000001,0.8103563596491228,0.5653627873563218,0.528411032970357,0.4414577661826981,0.7221913547799271,0.6375136116152451,0.672062726860254,0.6987719298245614,0.5004291947014299,0.29136199611202096,0.40972228523895937,0.6402349894131881,0.9859375,0.0017543859649122799,0.0,0.0,0.0,0.0,0.0,0.0,0.0,Mykola Bortnyk,3170.0
21.432913640032286,179.46813559322032,-60.186075396367855,-15.28253576931543,-11.771189784804275,4.0,-5.93079022672243,-34.855424462543105,-10.188367158265464,13.842232005282852,0.2072,0.5027999999999999,21.4,0.06639999999999999,0.0034000000000000002,0.3398467972705261,-0.06765632108004986,1.1188917748917748,0.6935160960072801,0.7109473433327376,0.7724704673857217,0.6876605402711649,0.5712754730955163,0.8310734463276838,0.4873545405794296,0.8054032533272665,0.788476851325219,0.7790126265498806,0.60803990306891,0.33436331234078925,0.6336904478754097,0.7683653736776248,0.6444881399266565,0.00338983050847456,0.0,0.0,0.0,0.0,0.0,0.0,0.0,Mykola Bortnyk,3170.0
20.04870146008077,184.32177591384487,-73.9153030268129,-15.107041524282902,-15.092230126326186,4.0,-6.320588692140416,-44.25833592212903,-10.079871077974525,12.942764316040178,0.19860000000000003,0.26080000000000003,18.0,0.0422,0.013000000000000001,0.22033861447654557,-0.5165258361810084,1.4329812571191882,0.726068376068376,1.0,0.613974814294449,0.615534188034188,0.49563260221936006,0.556947143842121,0.5752780704835498,0.7552492877492878,0.782457264957265,0.8823195631528964,0.4642161339421613,0.4772364672364672,0.6432882241215575,0.769180423837958,0.9418803418803419,0.00444444444444444,0.0,0.0,0.0,0.0,0.0,0.0,0.0,Mykola Bortnyk,3170.0
19.53333333333333,189.81058663558662,-61.78602578418054,-14.177544677544677,-11.481888255043017,4.0,-5.591200466200466,-35.89063714063714,-10.201573426573427,11.556818181818182,0.23279999999999998,0.4122,18.2,0.11940000000000002,0.0112,0.11072261072261073,-0.2943278943278943,1.3130147630147633,0.7729685807150595,0.9948717948717949,0.9424242424242424,0.706178831229133,0.6968341182626897,0.43376184513005445,0.6830716902145474,0.8679487179487179,0.9148018648018648,0.9034632034632034,0.5284037558685446,0.5069644976083608,0.5788994037484982,0.7544387537345284,0.791958041958042,0.0012820512820512799,0.0,0.0,0.0,0.0,0.0,0.0,0.0,Mykola Bortnyk,3170.0
20.71263557399102,202.0625596369504,-56.613856378014496,-14.830977818144365,-10.791117026522446,4.0,-3.558929390724632,-32.93247814430222,-10.370351220517046,11.869997222196211,0.20939999999999998,0.571,17.4,0.1076,0.0134,0.27562486540136144,-0.4655192152236133,1.4126101680103123,0.9121100917431193,0.9412844036697248,0.8700243400112339,0.4330229571307035,0.7437097002006984,0.6851701665697665,0.4977372586278214,0.9933333333333334,0.8954128440366972,0.8275213262514083,0.4622119366760731,0.5517585848391717,0.877687074829932,1.0,0.8857798165137615,0.0,0.0,0.0,0.0,0.0,0.0,0.0,0.0,Mykola Bortnyk,3170.0
20.9470521078177,194.46372163867306,-47.38744802588271,-15.711960485618826,-10.064551994356284,3.990243902439025,0.7115413543089367,-27.119187457965257,-10.474523705379166,11.280990360688863,0.2212,0.34340000000000004,16.0,0.0398,0.0,0.015070242208740486,-0.08495814890564425,1.3920294073335178,0.8056413573027441,0.8658536585365854,0.9042553191489361,0.5046123137141736,0.6906872012870344,0.7777804525758305,0.5536869179198529,0.9132070576024909,0.9272703684483654,0.9695121951219512,0.5700865359307142,0.1740539459564587,0.786436037829766,0.9873375060182955,0.9328230409963675,0.0,0.0,0.0,0.0,0.0,0.0,0.0,0.0,Mykola Bortnyk,3170.0
18.087587283457076,185.29970781322237,-65.58288407321011,-15.244861439721518,-12.027315282587068,4.0,-8.12932664327867,-36.1974885099671,-11.045164395855428,13.061272198199669,0.2062,0.462,20.4,0.0776,0.0024000000000000002,-0.010974844306654685,-0.51217970683419,0.9899509939898291,0.8277697139461845,0.8233009708737864,0.7835617742242528,0.4833084990395099,0.5314117556407677,0.767686574482691,0.46549300214348754,0.7144008041580857,0.7811012342565741,0.7333931754519989,0.43916467028117506,0.1896375561109998,0.5434422589276958,0.8412736939435967,0.7182691523211225,0.0,0.0,0.0,0.0,0.0,0.0,0.0,0.0,Mykola Bortnyk,3170.0
21.26299133771777,190.58801445335854,-55.10180266943396,-15.339359621436483,-12.253541208942588,4.0,-3.3883676765710526,-28.36263950491975,-10.673482014988668,10.915587357424581,0.1996,0.35700000000000004,20.8,0.0666,0.010600000000000002,-0.02109409398274955,-0.4979609571613298,1.4013301631883133,0.7450471698113208,0.9391304347826086,0.6527515723270441,0.695489553352521,0.42044493263441823,0.43139262755894203,0.6856224924261032,1.0,0.975,0.6956487558107739,0.5196919304978147,0.3178501990610067,0.7506324647877533,0.7748397547308853,0.779597057882955,0.0,0.0,0.0,0.0,0.0,0.0,0.0,0.0,Mykola Bortnyk,3170.0
20.84007030603805,218.38068100358424,-44.259229938740496,-14.32453818582851,-9.526357041028891,4.0,-0.050117176730080135,-25.282830162668873,-9.750876757650952,10.675489385166804,0.2332,0.5126,15.4,0.0618,0.0084,-0.045456299972429025,-0.3769644334160463,1.1994761510890544,1.0,0.9714285714285713,0.7971547662196448,0.6171714114084538,0.5868656895840658,0.6250977676597725,0.4569640270152878,1.0,1.0,0.9140672691363936,0.38370822467027094,0.47335167550825397,0.7994125689978225,0.7818231243204059,0.8037075827398408,0.0,0.0,0.0,0.0,0.0,0.0,0.0,0.0,Mykola Bortnyk,3170.0
21.253293696059266,216.61144956788274,-50.53515428346368,-15.493215325995186,-10.05780494702449,4.0,2.1161876293020816,-29.196378532836423,-10.11655978100354,8.212616674093871,0.25680000000000003,0.49079999999999996,13.2,0.0786,0.0054,-0.07958584719020287,-0.39969047512199224,0.981711236857586,0.8857650073622093,0.7202265819287096,0.9126277977341808,0.7405977916094654,0.5421260153377535,0.7500290829349412,0.6747117655031566,0.9584415584415584,1.0,0.8851063829787235,0.41298924426139133,0.5839712022166117,0.573177478818001,0.8261875111190179,0.968421052631579,0.0,0.0,0.0,0.0,0.0,0.0,0.0,0.0,Mykola Bortnyk,3170.0
19.113362750848754,181.31986482162853,-57.9404343027464,-13.819042286567484,-9.588455508242392,4.0,-7.073414920279423,-32.99034376721947,-10.659065216232069,12.189887395794452,0.2784,0.49700000000000005,15.4,0.11420000000000001,0.0,-0.08568851206029256,-0.041843971631205665,0.8585270801116265,0.6930201713180436,0.9636363636363636,0.8944183476098371,0.5587340028086166,0.524379549334373,0.5684387952473058,0.6944039638589332,0.9425531914893618,0.9068493150684931,0.8043712976035915,0.6039781669802071,0.31680279498991243,0.5900687770405054,0.9127659574468086,0.942608455374413,0.0,0.0,0.0,0.0,0.0,0.0,0.0,0.0,Nikolozi Kacharava,2828.0
19.54194091517357,181.88747390790985,-62.00742866357406,-14.74653732239964,-11.942474479420612,3.998299365586835,-6.347688484695752,-35.32680221856516,-10.2670518661046,12.624826342024862,0.2263590504451038,0.4071543026706232,18.608308605341247,0.0773709198813056,0.0105519287833827,0.0869155871558298,-0.2544191363873826,1.2976356179371713,0.700795517698743,0.879753375786565,0.8243625621229772,0.5943669292964939,0.5991742375716492,0.5432013883267277,0.5600776249241685,0.8786987347366766,0.8317889779322418,0.8355441491480056,0.5636312000529293,0.479706871360825,0.6363282004455928,0.7987580113314919,0.8310326777729414,0.047476557299453,0.0803986710963454,,,,,,,Nikolozi Kacharava,2828.0
21.2560278193707,180.81880606986505,-62.205451816080654,-16.97527937856801,-13.596592570204786,4.0,-8.571021905809072,-28.481950130856546,-10.03549290372605,11.454885073083826,0.2116,0.43179999999999996,15.4,0.058800000000000005,0.0066,0.23547765554677652,-0.3534801762925882,1.9084761766191924,0.708673378474697,0.8898286705703752,0.8083526372059872,0.6510082561178427,0.5803985930403187,0.534100217135478,0.7847200742344571,0.7940259890546529,0.7988877999524828,0.9410192444761225,0.5840918457798628,0.3928529655292984,0.703829591351865,0.9180327868852458,0.9395833333333334,0.00163934426229508,0.0,0.0,0.0,0.0,0.0,0.0,0.0,Nikolozi Kacharava,2828.0
17.620512060005886,180.14836282968918,-65.15511445850034,-15.137448115828349,-11.789472974041072,4.0,-8.243501813903325,-36.72706065954178,-10.026783508187076,12.769152613001275,0.24780000000000002,0.36760000000000004,15.6,0.06100000000000001,0.004200000000000001,0.015352077001013181,-0.11059270516717326,1.0486149785926724,0.7230334164337336,1.0,0.8806722689075631,0.549735100809229,0.6776732480406229,0.41467807852913774,0.6401536098310292,1.0,0.7884474445515911,0.799475919400018,0.573231627923512,0.3561559028688154,0.6058172946597994,0.8786663052317701,0.7888858769314178,0.0,0.0,0.0,0.0,0.0,0.0,0.0,0.0,Nikolozi Kacharava,2828.0
19.534349491920707,154.4552280270121,-67.23393381918262,-15.865354502236062,-12.249349444703197,4.0,-8.811832545265828,-39.43836671407886,-10.448389651328181,15.579359038429505,0.23399999999999999,0.4508,22.2,0.0922,0.016999999999999998,0.25520906213559885,-0.2569884288624918,1.5467022898807008,0.4977402958798308,0.8755555555555554,0.7113325950535252,0.475506214978032,0.4006190192236703,0.4278520918489385,0.7098625808125216,0.7823728813559322,0.8172587102819662,0.8998290598290598,0.6269151599068824,0.3905635904847572,0.7679586563307493,0.7282130789107534,0.6626913138541045,0.0,0.0,0.0,0.0,0.0,0.0,0.0,0.0,Nikolozi Kacharava,2828.0
17.965860805860807,170.19137973137975,-75.65527257121815,-12.472771672771673,-13.182928248873827,4.0,-7.462820512820514,-47.964896214896214,-9.891941391941392,11.32008547008547,0.2516,0.3434,19.6,0.076,0.0324,0.12297924297924298,-0.2854456654456654,1.3921123321123323,0.6578632478632478,0.9566666666666667,0.9871794871794872,0.5534615384615386,0.6627604267077951,0.46933905276010535,0.43178137651821863,0.8342105263157894,0.6008608058608058,0.7390733243364822,0.5515924426450741,0.7726585695006747,0.7099145299145299,0.7868437118437118,0.8791452991452993,0.0,0.0,0.0,0.0,0.0,0.0,0.0,0.0,Nikolozi Kacharava,2828.0
19.788301184499613,180.3052083946965,-69.87011436543017,-11.610299844873968,-11.770785705513985,4.0,-6.000949083316423,-46.506229041076764,-9.994367681422185,12.012516990773165,0.1976,0.36479999999999996,16.8,0.0738,0.003,-0.037571263066259075,-0.030369357045143618,1.8986913559236982,0.6956049650304095,1.0,0.723414820473644,0.6552522488910999,0.7616883116883116,0.6627578304048892,0.5015051800961513,0.9114517265680057,1.0,0.7794372294372295,0.587839406375658,0.5754291991638093,0.6377076411960132,0.7890374331550802,0.8101571706906865,0.01212121212121212,0.0,0.0,0.0,0.0,0.0,0.0,0.0,Nikolozi Kacharava,2828.0
16.93527328585393,157.32575615501844,-64.85311063486185,-15.452361159177428,-11.841767332068333,3.990713587487781,-5.591228089348706,-38.22834180312441,-10.561753556401523,12.831627717770775,0.23419999999999996,0.359,19.2,0.08,0.0048000000000000004,0.17345051395542277,-0.05917861848296631,1.1956474866881597,0.6440000265114704,0.6552155704032909,0.6421650304303823,0.571889237871881,0.6078150681546701,0.551870316723658,0.5792424398158917,0.6900669291810442,0.7038767984468353,0.6402632168243395,0.46088170376888654,0.40227618548729077,0.559779992487852,0.8185616650660261,0.8934520691461498,0.011290322580645159,0.0,0.0,0.0,0.0,0.0,0.0,0.0,Nikolozi Kacharava,2828.0
20.764434607020814,191.9109256338567,-61.48241234496961,-16.89072334934404,-11.727590374457986,3.995,-6.723560828733243,-32.2887220111358,-10.742393719979926,12.895577938681388,0.23160000000000003,0.6198,21.8,0.0666,0.0034000000000000002,0.16473032714412025,-0.3950725261070088,1.5849726384209142,0.756657824933687,0.9382716049382716,0.7936936936936937,0.6430556197222864,0.44619979838370644,0.6395176431958041,0.605707502374169,0.8650574712643678,0.9220987654320988,0.6726582904743823,0.5634312119369591,0.7386734125814586,0.47055984366329195,0.7961746361746362,0.7809116809116808,0.00172413793103448,0.0,0.0,0.0,0.0,0.0,0.0,0.0,Nikolozi Kacharava,2828.0
21.506366765311746,185.83754212384957,-38.036182691110156,-16.611088648751725,-8.308521646035611,4.0,-2.568253552711862,-16.328087806817244,-10.05846275738505,11.838231720591335,0.21139999999999998,0.3466,23.0,0.07460000000000001,0.0248,0.18750792704281077,-0.09422555764019176,1.3663329263329262,0.6841738364436158,0.8182512297188165,0.687018015370804,0.8800000000000001,0.5532026061531972,0.3525085510509977,0.6385354594159626,0.8264591439688715,0.9276264591439688,0.8587116299178555,0.5655697800474248,0.3286932078689903,0.4381887930007255,0.7752633493230121,0.7666986709788267,0.0,0.0,0.0,0.0,0.0,0.0,0.0,0.0,Nikolozi Kacharava,2828.0
17.65793650793651,176.17063492063494,-75.58405035991039,-14.624099883855981,-13.852344978570859,4.0,-5.345020325203253,-46.44799167634534,-10.083307200929152,10.768713704994193,0.2676,0.22139999999999999,16.4,0.0422,0.004399999999999999,0.14701509872241578,-0.19944444444444442,1.0914092140921408,0.6694048861067641,0.8846913580246915,0.9372103589277601,0.6652777777777777,0.5373964555953803,0.4687103925824962,0.4812602156146757,0.8319444444444443,0.6751951834463571,0.8047222222222222,0.5551634077663913,0.35113852569819554,0.6508333333333333,0.8141328156113102,0.7992683881064162,0.0,0.0,0.0,0.0,0.0,0.0,0.0,0.0,Nikolozi Kacharava,2828.0
19.425078777715814,184.3807375737109,-80.8406534297768,-15.328289967400247,-13.878597158197092,4.0,-8.159012222325496,-50.227810082773075,-10.494286824467371,13.2473428253865,0.1738,0.351,18.8,0.06520000000000001,0.0094,-0.009558115427910496,-0.6605951993679711,1.579936908978874,0.7463466579292267,0.7830357142857143,0.8134260593742996,0.4701059554941757,0.4477906895738661,0.43529386659276587,0.4017916455939858,0.8279017857142857,0.8228477228047183,0.7890256389252949,0.564090499871388,0.6362374720964935,0.48552169262595307,0.6680692184380397,0.8945519101921828,0.01428571428571428,0.0,0.0,0.0,0.0,0.0,0.0,0.0,Nikolozi Kacharava,2828.0
18.71061213237321,181.75378067921588,-67.52037876243318,-17.407389002465393,-10.57919943041004,4.0,-2.4443867536775343,-41.8429623061986,-10.462031856886615,11.215590587205012,0.2242,0.3278,21.4,0.08800000000000001,0.0,0.41962563684501236,-0.2424118449249951,0.9431914910594029,0.6631950245985333,0.8913580246913579,0.8394987468671677,0.36704188828027834,0.3199687840348314,0.4364787786459613,0.5406175233626214,0.964102564102564,0.8574576041242707,0.8957264957264958,0.2581542510541478,0.3138439193341154,0.7155929038281978,0.8651480553234938,0.7605695989596918,0.03047619047619048,0.0,0.0,0.0,0.0,0.0,0.0,0.0,Nikolozi Kacharava,2828.0
18.459440363819233,193.08666247574763,-79.4285105051098,-12.905203209829816,-14.099711367376463,4.0,-7.788018772693749,-50.70746543284006,-9.690173695059684,11.762061972689974,0.2344,0.5094,18.8,0.0644,0.0,0.01151335802932037,-0.07227464248594082,0.8238236944406616,0.7376628835645229,0.9531914893617021,0.9553293700834684,0.5530805473254026,0.47789532097170745,0.5440261439912643,0.5223296720331949,1.0,0.6310865548047271,0.6553854160411536,0.4503432814908225,0.45766775564473505,0.40675996870625397,0.5493155451299854,0.7955023118957545,0.0,0.0,0.0,0.0,0.0,0.0,0.0,0.0,Nikolozi Kacharava,2828.0
21.222371541501975,216.49212276214834,-65.59161306203056,-15.464920302771963,-11.648761528795387,3.9913043478260866,-5.697083365625565,-38.34124622180887,-11.098347671084243,12.667441680229405,0.2314,0.47519999999999996,24.2,0.094,0.0108,0.14274561471492414,-0.09447415329768269,1.1767428763336691,0.9129457743038593,0.6827612251126991,0.6816141976008379,0.592326597979312,0.3601260009445005,0.4474778920609541,0.6050831737545357,0.8412060301507538,0.8001929674811599,0.5041382641436922,0.6732273973678848,0.5273791392472964,0.7037645602265377,0.7016294173338988,0.8331658291457286,0.014488171193043858,0.0,0.0,0.0,0.0,0.0,0.0,0.0,Nikolozi Kacharava,2828.0
18.499860225674176,163.4860644697854,-55.19366719575701,-16.31640876757156,-11.479774266282691,4.0,-3.5059007512495883,-29.97045084952062,-10.590623148065008,12.669490586932445,0.2102,0.45680000000000004,17.4,0.08399999999999999,0.029199999999999997,0.2641527241527241,-0.03289036544850496,1.2838312731335988,0.6285108102903937,0.7873497622135754,0.6707426231512806,1.0,0.5440696020426186,0.5270130720944988,0.4946829233976695,0.8264591439688715,0.9146899512074608,0.863076709282935,0.626551090027184,0.4739506262146313,0.3352866152946262,0.6340474555580987,0.6732651763688614,0.0,0.0,0.0,0.0,0.0,0.0,0.0,0.0,Nikolozi Kacharava,2828.0
19.100025817294874,192.4809361683059,-59.9284587065239,-12.998300392155489,-13.684577101134423,4.0,-8.850087059606508,-30.598833652991402,-9.572498702911444,11.77583820227537,0.2312,0.5436,14.6,0.0814,0.0064,0.2734094679212274,-0.6148264436962141,1.2454032075960382,0.8340852130325814,0.8751427088738971,0.8592913310866128,0.6992044762642056,0.6806718924972004,0.5874599486713074,0.39803576335156754,0.8829268292682926,0.8910233029381965,0.9121951219512194,0.7501745968279355,0.5803652358712037,0.6001630958558826,0.6947291843141163,0.9170731707317075,0.03047619047619048,0.0,0.0,0.0,0.0,0.0,0.0,0.0,Nikolozi Kacharava,2828.0
16.103251975806366,171.33600743168938,-61.203040652197295,-14.44319194812995,-11.023901183925792,4.0,-7.652759903877938,-34.6035923838012,-11.482199213458385,14.002603980995962,0.2052,0.2062,28.6,0.0946,0.021800000000000003,0.12288028601120451,-0.1084341923607915,1.1076913853114083,0.7175804433519355,0.921951219512195,0.5037806890044053,0.42702417121998754,0.410278645141288,0.4478006744640261,0.41479600393432847,0.7668492316068523,0.8662489480910622,0.8215701219512195,0.5042103593720629,0.5166326720485515,0.4494982367359549,0.6374044977411639,0.45502255730270563,0.075,0.0,0.0,0.0,0.0,0.0,0.0,0.0,Nikolozi Kacharava,2828.0
17.94002658160553,154.43791600212654,-59.59849366170356,-12.397979797979797,-12.119025293814142,4.0,-5.3411483253588505,-38.11294524189261,-9.346666666666666,13.719271664008508,0.20659999999999998,0.37879999999999997,16.0,0.077,0.0,0.08543328017012228,-0.2242424242424242,1.5269909622541202,0.5977991760810777,0.7526197757390418,0.8017590416255971,0.628099721776791,0.582109645368829,0.5089583849650073,0.7127322018412853,0.5804048828569262,0.8380165289256197,0.7565230284496339,0.5410810330283026,0.5761833036651605,0.6666161194935174,0.8979001019367991,0.8951786421344388,0.0,0.0,0.0,0.0,0.0,0.0,0.0,0.0,Nikolozi Kacharava,2828.0
17.447272727272725,150.07362429324695,-63.02343185286311,-15.943129407280352,-11.535643275263222,4.0,-5.296613938123372,-34.39352010672766,-10.946437964551173,11.09191283908265,0.2258,0.3018,22.2,0.0502,0.008199999999999999,0.3028905406263897,-0.16296804523219613,1.0317667238421955,0.48329098329098324,0.8141636141636142,0.8654654654654654,0.4192203192203191,0.5182817982817983,0.5183686983686984,0.7490719290719291,0.9333333333333332,0.8852509652509652,0.7728977328977329,0.7438313038313038,0.33175879175879175,0.5451889251889251,0.7476698676698676,0.92994752994753,0.0,0.0,0.0,0.0,0.0,0.0,0.0,0.0,Nikolozi Kacharava,2828.0
19.901162452775356,207.00241983919403,-58.33390328841019,-15.1493364332074,-10.457562108520634,4.0,-6.348488811392038,-33.49590235396687,-9.38149956408021,12.49888598275695,0.267,0.38680000000000003,12.2,0.10940000000000001,0.012,0.11146953405017919,-0.06593625883948462,2.290474668216604,0.8450704225352113,1.0,0.8364762810332896,0.7119329128354732,0.8470862221613922,0.545385568051792,0.7558697552787715,1.0,0.8959329007754391,0.8057745195741713,0.46487589418666386,0.8649380581964852,0.7252365348331455,0.8299955693398318,1.0,0.0,0.0,0.0,0.0,0.0,0.0,0.0,0.0,Nikolozi Kacharava,2828.0
17.654406490092065,157.54493588046546,-56.5710347800484,-17.762414039139422,-11.148191549966183,3.9971014492753625,0.6276428994757068,-32.88482583295942,-11.796429568395155,12.396081861660722,0.1976,0.4566,22.0,0.0368,0.0,0.12372100078586179,-0.05909395915831102,1.254069108097211,0.5567494406844755,0.7067246376811595,0.8290472807640696,0.6047667984189722,0.4910227352544066,0.24666570678523853,0.43669895944901355,0.8885118416401555,0.9555555555555555,0.5697927841667609,0.4882839890841827,0.4001532051876027,0.28562287496239247,0.6491061195196932,0.7076362779438071,0.0,0.0,0.0,0.0,0.0,0.0,0.0,0.0,PavelShkapenko,2817.0
19.407708916373263,172.97129788450542,-44.4379984746198,-12.517498721073693,-10.248621086036854,4.0,-2.668788179711715,-24.1349492943336,-9.486765369684935,10.618624176221,0.22480000000000003,0.4302,15.0,0.065,0.025,-0.027910685805422643,-0.039314194577352454,0.9447646775601095,0.654912740410934,0.7927958833619211,0.7633527730131504,0.908108108108108,0.7370132476916901,0.6335801856379938,0.5181801150809581,0.9552452830188679,0.9830188679245284,0.8272155517438536,0.36423274878834894,0.39869941880861187,0.8225157232704403,0.9079207814799947,0.936613972463029,0.0,0.0,0.0,0.0,0.0,0.0,0.0,0.0,PavelShkapenko,2817.0
18.01343137254902,167.85524064171122,-54.372472783557875,-16.597504456327986,-10.02020896894111,4.0,-4.951871657754011,-29.838814616755798,-11.255561497326205,14.291488413547237,0.2084,0.5306,22.6,0.057999999999999996,0.006,0.17109625668449197,-0.44909090909090904,1.0915864527629233,0.6424181192254834,0.8203750824615964,0.7571109740320937,0.30755346130140326,0.6720317715513046,0.5214846266230789,0.5025983025384313,0.7733591213234979,0.8410517387616624,0.6448184131390238,0.30599697170120754,0.53866924573705,0.5756982569061599,0.9174057315233786,0.688886794324603,0.0015151515151515,0.0,0.0,0.0,0.0,0.0,0.0,0.0,PavelShkapenko,2817.0
17.26012992831541,159.80424731182796,-84.30421624660168,-16.635035842293906,-13.407495816494158,4.0,-5.484923835125448,-53.51760752688172,-10.743729838709678,11.484576612903226,0.20380000000000004,0.33099999999999996,26.2,0.08839999999999999,0.0134,0.2604166666666667,-0.1614516129032258,1.659711021505376,0.5782970221752712,0.6356256978315802,0.6206499701848539,0.33897461179950916,0.3714883543269316,0.5007130124777184,0.38978049993781866,0.8770378891514323,0.956043956043956,0.8332267960038138,0.31315296194913156,0.3472185771364978,0.6413186813186813,0.8462219950592044,0.9470142260839935,0.0,0.0,0.0,0.0,0.0,0.0,0.0,0.0,PavelShkapenko,2817.0
21.68070903750417,210.87500669204525,-37.93677519609325,-14.047923879566884,-9.093476478656601,4.0,-4.229955040299868,-18.123402518940043,-9.99110345550508,13.549086176875225,0.22400000000000003,0.40919999999999995,15.2,0.0524,0.0196,-0.04066645942913692,-0.709002743688342,1.456835545172259,0.8828699308286992,0.9029702970297031,0.8982760712985502,0.7343352192362094,0.8196268509331105,0.5560966541958712,0.5231003981539363,1.0,0.9386138613861386,0.9056930693069308,0.4623553714697076,0.5568766149533815,0.6520142702529362,1.0,0.8821428571428571,0.04356435643564356,0.011881188118811881,0.0,0.0,0.0,0.0,0.0,0.0,PavelShkapenko,2817.0
18.543968675003157,175.63307187065806,-59.89870479681915,-13.036781609195401,-12.602722732906056,4.0,-4.253486169003411,-36.243993937097386,-9.111625615763547,11.349905267146646,0.23659999999999998,0.5162000000000001,16.2,0.1006,0.0188,0.04244916003536694,-0.2612428950359985,1.4579613489958316,0.738716130205492,0.8489716312056738,0.8973013275140935,0.7168470631023822,0.6376923076923076,0.6255264593562465,0.6208547008547008,0.9105673758865247,0.81177304964539,0.9933333333333334,0.6455002727768685,0.683307874158938,0.4904909983633388,0.8591889434442626,0.7698490634660848,0.0,0.0,0.0,0.0,0.0,0.0,0.0,0.0,PavelShkapenko,2817.0
18.956781175813433,152.12626882455407,-67.37720404566164,-15.871891360855708,-12.066212809016754,4.0,-4.841383272452882,-41.859955974981446,-10.755727588766637,14.017966960411783,0.2344,0.3476,19.8,0.07239999999999999,0.008799999999999999,0.10702045926154584,-0.24332801701222748,1.1798904886850559,0.5743844794686608,0.671975253205608,0.7432130387054379,0.7421885482328564,0.6800770478303109,0.3835005536287555,0.7804614460931469,0.8856159257596168,0.817248629731791,0.9607843137254901,0.413279220870226,0.27757213279934934,0.584130338362918,0.8053684578156963,0.8415506660679538,0.0,0.0,0.0,0.0,0.0,0.0,0.0,0.0,PavelShkapenko,2817.0
19.71521210137948,187.44665592336167,-57.01326055794103,-16.590158007535408,-11.047080049836213,4.0,0.5928549818475192,-35.08364084843296,-10.003663220027827,11.118426586043856,0.2098,0.47619999999999996,17.0,0.0196,0.0,0.08503535137330445,-0.06449653278011484,1.6747745689643345,0.8126599326599326,0.9288888888888888,0.8569414312271455,0.7788690476190476,0.6447425904568761,0.4292027208098636,0.6105924036281178,0.9377777777777778,0.9644444444444444,0.7657912457912458,0.3899746499746499,0.520434274719989,0.6569056556556556,0.812060743489315,0.914074074074074,0.0,0.0,0.0,0.0,0.0,0.0,0.0,0.0,PavelShkapenko,2817.0
21.778828274899702,199.27093035932322,-57.41793897469667,-14.281261991976276,-10.863591556242097,4.0,-4.889946363160649,-33.48395800627943,-10.292126504447934,12.392945447409733,0.2292,0.5296000000000001,15.8,0.0608,0.0062,0.2457544043258329,-0.32119745334031047,0.7447161172161172,0.8177940839257051,0.8457319466248038,0.8527860582435223,0.3718829742355023,0.8119289234708577,0.47258114243968985,0.6884512491254065,0.8074294886493923,0.9380952380952381,0.9256410256410256,0.6433900753473386,0.5649774700286336,0.3156789822670641,0.8899740708729473,1.0,0.0,0.0,0.0,0.0,0.0,0.0,0.0,0.0,PavelShkapenko,2817.0
16.729021104758385,147.28017157857346,-62.94819354875419,-15.401573261807437,-12.151103522239906,4.0,-4.5288874885766415,-39.29543417561016,-10.663466696579096,15.092271596059039,0.22680000000000003,0.2842,25.0,0.06639999999999999,0.0084,-0.0637063259289074,-0.19568887114671274,1.1478044606909992,0.508098300030976,0.8525105868118572,0.7135639028554535,0.4299570259699368,0.6857599606492867,0.42185179873642936,0.5052959801761426,0.8775357051134162,0.7659622734893582,0.8869921346105805,0.40095173215480184,0.3323694114749798,0.5582640228890811,0.81134148309437,0.6740888906005271,0.0,0.0,0.0,0.0,0.0,0.0,0.0,0.0,PavelShkapenko,2817.0
19.143809523809523,175.74950493950496,-67.8772768264741,-14.453990453990453,-14.069486838684119,3.991111111111111,-7.715651015651015,-37.21479076479076,-10.525707625707627,12.11123876123876,0.23120000000000002,0.5612,19.8,0.0792,0.0,0.16404928404928404,-0.3749494949494949,1.7657886557886555,0.6582001332001332,0.6746129656507015,0.7452464202464203,0.5381679641113604,0.4850899100899101,0.6294289044289044,0.5384199134199134,0.7937728937728938,0.7290621328357176,0.9401098901098901,0.4734732248883192,0.8855242242034695,0.7228354978354978,0.8161172161172161,0.9130952380952382,0.04339826839826838,0.0,0.0,0.0,0.0,0.0,0.0,0.0,PavelShkapenko,2817.0
18.7523637400051,171.38214476706833,-57.71225941066248,-14.93000100676056,-11.220200040611791,3.993177080188576,-4.486481855419873,-33.41423332332095,-10.46184420499383,12.807323940255952,0.2219833005893909,0.4365009823182711,18.66797642436149,0.0699518664047151,0.0083506876227897,0.109415998592515,-0.2727597304676071,1.246761336594005,0.6406714250136087,0.8577254784615315,0.7846992475657609,0.5690556799800853,0.6089286295020155,0.5438925556852968,0.544677094936243,0.8775042162025998,0.8774229471344235,0.821885214270693,0.4532515903566547,0.4572899845498004,0.6232441080263111,0.7920767786201475,0.8438562622755391,0.0633393149025136,0.0811618482191793,0.0256410256410256,,,,,,PavelShkapenko,2817.0
19.918933099220137,185.8153113473722,-58.166905902298666,-11.318594903295569,-12.088562922193201,4.0,-8.952449866702436,-32.6878722435974,-10.302966265310975,13.183540298800898,0.18120000000000003,0.4122,20.0,0.0412,0.0,0.014599506491619318,-0.46724415793714746,0.8353305570815708,0.723314797233148,0.9623762376237623,0.8609792486097925,0.5012739516868254,0.4601857281722558,0.6157729713342003,0.6456753975155775,0.8889732808897328,0.8926352909263529,0.7557010076511277,0.521804538839667,0.27015119576811025,0.8930539887187752,0.8345042723450427,0.7803994163381753,0.00792079207920792,0.0,0.0,0.0,0.0,0.0,0.0,0.0,PavelShkapenko,2817.0
19.783640444920934,191.66024222728493,-46.94637123805082,-15.92418252479228,-11.636995512150705,4.0,2.167330586080586,-25.459246292325567,-9.894548378450818,9.801270883587957,0.2294,0.4402000000000001,17.6,0.034199999999999994,0.0048000000000000004,0.18928671937818278,-0.11814437594925395,0.9250188734030198,0.7197964631297964,1.0,0.9462869198312237,0.4063901936897717,0.7215271570545833,0.6959969191614761,0.6059464226130893,0.8899999999999999,0.9249549549549549,0.9133133133133132,0.38546418630806817,0.2640973402576778,0.8810970464135022,0.8073886544772619,0.8337003670337004,0.0,0.0,0.0,0.0,0.0,0.0,0.0,0.0,PavelShkapenko,2817.0
18.67249134849135,154.73595477109762,-52.74559062304009,-16.27329615329615,-11.715168078046116,4.0,0.2456548385119813,-29.751354619926047,-10.61154427897285,11.3601176686891,0.2082,0.4718,13.4,0.0536,0.008,-0.03830340544626258,-0.3781412432841004,1.2388205348205346,0.566833426948761,0.7959724770642203,0.7727490482431504,0.7972844036697249,0.5861864819322224,0.5289943206640454,0.45529189290395056,0.9019266055045871,0.86,0.8496269113149847,0.3316734693877551,0.7884323784559696,0.4641055982025838,0.7492048929663608,0.9204081632653061,0.0,0.0,0.0,0.0,0.0,0.0,0.0,0.0,PavelShkapenko,2817.0
19.625099919654,196.7521495119408,-57.31809994810673,-16.153635229157054,-10.765952658502131,3.9633333333333334,-2.6237071986597607,-31.84236969417235,-11.228988153238628,11.333219652289861,0.22640000000000002,0.4474,21.0,0.1412,0.0021999999999999997,-0.07695625416688032,-0.28787083098278543,1.2666658119219787,0.8738981820695375,0.692156862745098,0.788963963963964,0.23687875855395032,0.48368044515103337,0.4266347549595631,0.6929729729729729,0.9253603603603604,0.8559909909909911,0.6347963180571876,0.5043322734499205,0.5358079306928412,0.5301736135112094,0.7021966083730791,0.7177344992050874,0.00166666666666666,0.0,0.0,0.0,0.0,0.0,0.0,0.0,PavelShkapenko,2817.0
19.52002353524093,183.55027251331603,-57.33112785993975,-14.193298649820388,-10.319381916672075,4.0,-4.171404682274248,-33.83149851356373,-9.998940914158306,11.18339681654899,0.24860000000000002,0.4932,11.0,0.1252,0.0052,0.22691068995416824,-0.4994301994301994,0.8899123621949709,0.8122023809523811,0.8666666666666666,0.7578183683405203,0.471516958779617,0.6169355638501208,0.630300922705986,0.5662680703028805,1.0,0.747738603988604,0.7576436222005842,0.5262591575091575,0.612378479467087,0.5650008951433002,0.9010989010989011,0.8839514652014652,0.0,0.0,0.0,0.0,0.0,0.0,0.0,0.0,PavelShkapenko,2817.0
16.31753789274497,148.83773134819802,-61.428371091186065,-15.820965146020743,-10.792847098278992,4.0,-8.596667113821528,-34.01185089229172,-10.661389905391903,14.455349064618815,0.21919999999999998,0.4662,18.6,0.073,0.0054,0.025756018370515422,-0.38684200363705307,0.8546393369390275,0.48368830566411214,0.8954507857733663,0.836204954954955,0.40436215738635095,0.4215388430952947,0.6749620272200917,0.7578657229866907,0.7967365967365968,0.758665264915265,0.7393473640570416,0.4481320262852521,0.5055600075600075,0.3443678324726712,0.79478391588069,0.7995154751525719,0.028425628425628395,0.0,0.0,0.0,0.0,0.0,0.0,0.0,PavelShkapenko,2817.0
18.24274119067917,134.07441833617506,-52.67155850323221,-15.779784739982949,-11.159645495275404,3.9888888888888885,-2.53391410912191,-28.023177749360617,-11.093925831202046,11.930000532821824,0.2304,0.30219999999999997,16.4,0.08399999999999999,0.025,0.07384644075021311,-0.3654820261437909,0.9643462276214834,0.44553904241108,0.9555555555555555,0.5304330587591727,0.43259697363967164,0.6472094358065104,0.45363236288557546,0.5543872083242343,0.8984375,0.9544554455445544,0.8795637376237624,0.13469468370293888,0.37529383034603436,0.7085164835164836,0.7511838597277427,0.7264500900639514,0.0,0.0,0.0,0.0,0.0,0.0,0.0,0.0,PavelShkapenko,2817.0
19.66914714708316,185.68588039305516,-54.6932787848912,-14.39293282052921,-10.537660902090387,3.988679245283019,-4.841802946848066,-29.767747142111375,-10.411992670168223,11.270178451573038,0.2516,0.5424,15.8,0.05620000000000001,0.0046,0.28600799747149214,-0.15782765662010942,1.1869249509036222,0.7617840288701767,0.8484152783421374,0.6042365134613713,0.5615201735334929,0.5252048566831581,0.6310086859965964,0.4535527417161497,0.9344114528101803,0.8104016720241711,0.6884940368446169,0.5949286597354013,0.41515804477285423,0.5758312148095223,0.8504302766725271,0.8772709739733818,0.0,0.0,0.0,0.0,0.0,0.0,0.0,0.0,PavelShkapenko,2817.0
23.83037982797665,216.5152569053661,-56.09706050790455,-16.077713150801532,-10.513287343336952,4.0,-1.5976098527240534,-34.35309736605665,-9.996046247694709,12.440693452709342,0.1986,0.4462,21.8,0.0406,0.0134,-0.04628342344330426,-0.038953988745448496,1.3069752998849324,0.8128301886792453,0.9141567187021732,0.9537037037037038,0.6500857055402509,0.7894074074074073,0.6009543693077142,0.5161723044217292,0.9107438016528926,1.0,0.711467736253328,0.349025685602768,0.25035733085643136,0.422978059612708,0.8195899879296105,0.8727731864095502,0.0037037037037037,0.0,0.0,0.0,0.0,0.0,0.0,0.0,PavelShkapenko,2817.0
19.041774193548388,202.84803186626618,-75.19437547431144,-14.063366853859213,-12.026579993052465,4.0,-9.281908710983412,-46.62895063340734,-10.177596970092726,12.984027687083715,0.20140000000000002,0.3218,19.6,0.1292,0.024200000000000003,-0.10496473814809977,-0.29419877236515607,1.187696225675852,0.8631067961165048,0.8108393756912868,0.8101301318246851,0.36350175267688634,0.6713680672929524,0.5487604912469174,0.35145698445513684,0.8639407061958695,0.9670886075949368,0.6277137267882782,0.4139230729426585,0.47903498905168806,0.47551569655538595,0.6846606162377626,0.7636973832232333,0.0,0.0,0.0,0.0,0.0,0.0,0.0,0.0,Sahaj Grover,2803.0
19.15590706390484,182.08170000924173,-55.89029566795172,-15.806202420440462,-10.438770806048659,4.0,-3.419514675966289,-32.304673082426135,-11.40176592610408,13.480631243033912,0.2452,0.5452,19.2,0.07200000000000001,0.013800000000000002,0.12426497687899249,-0.30824617721169445,1.280956874560879,0.7128658166363084,0.835,0.7118518518518518,0.5422719598106978,0.8045441472533794,0.4476755184865624,0.5940436326737697,0.7941325536062378,0.89,0.8540740740740741,0.5103557975458646,0.4769324051201437,0.6687190535412314,0.774676760394136,0.8592838260033645,0.0,0.0,0.0,0.0,0.0,0.0,0.0,0.0,Sahaj Grover,2803.0
20.425715398534336,187.5032390934639,-59.74163886729807,-14.411573724782215,-11.473132125307764,3.9986668820031888,-7.0365804145247175,-33.303827540934755,-10.233564155064062,12.718372211312252,0.2239052132701421,0.4532369668246445,17.796208530805686,0.0738625592417061,0.012431279620853,0.0366558172048489,-0.3082357581028507,1.4917297984232327,0.7126198088419049,0.8747458499596507,0.8401423699484918,0.6045667751708872,0.6747328214815602,0.5410349925880669,0.5769265584637604,0.8691476083680929,0.8774122780265315,0.8166721600384523,0.6540008267483101,0.4667702897293184,0.6440299575686853,0.8306216777114146,0.8607472182155171,0.1145134634953996,0.019852827374671,,,,,,,Sahaj Grover,2803.0
20.58966637078092,190.91452726839725,-58.01121766692199,-16.219871975289927,-9.710416249557117,4.0,-9.152417242200524,-28.83240778829014,-11.235787741670093,13.139683330085806,0.221,0.5304,18.0,0.0422,0.0052,-0.08188962740046327,-0.3658302481831893,1.425125751441541,0.6707305852042694,0.9692307692307691,0.9616099071207431,0.42615936694884066,0.7435314685314686,0.7095948169477582,0.4879406712998044,0.9191176470588236,0.9886363636363636,0.9402680652680653,0.677453686664213,0.38531847409556386,0.6547635800731776,1.0,0.729999386578334,0.0,0.0,0.0,0.0,0.0,0.0,0.0,0.0,Sahaj Grover,2803.0
18.80716532586098,171.22964355660008,-63.38977485913665,-13.624899816204163,-14.61065466871212,4.0,-5.867175871523698,-38.08404290578203,-10.164452680104855,14.961451083190212,0.2386,0.481,20.6,0.0408,0.0,0.2206423815119467,-0.5464882943143813,1.2539259995781737,0.608125770618724,0.7243203883495145,0.8212467306015693,0.3810686027635347,0.9514563106796118,0.2945644232325285,0.36328241592286653,0.7904521997725882,0.7664529664441286,0.5836527032805278,0.5572861883673633,0.3830586456961361,0.825511857416409,0.7805376344086021,0.6786952051219348,0.0,0.0,0.0,0.0,0.0,0.0,0.0,0.0,Sahaj Grover,2803.0
20.992571894269666,192.4842851027061,-65.3262688622259,-15.916109343702132,-12.277810671267186,3.9913043478260866,-9.496195946742077,-31.970021208907742,-11.47430752916225,11.81687148972939,0.2204,0.43499999999999994,21.0,0.0718,0.0098,0.1613433486508778,-0.663045756254664,1.6566992262676248,0.8017929292929293,0.8413043478260869,0.8527525252525253,0.6086224564485434,0.6216063694563164,0.5879371391540001,0.4033696009226232,0.7842543497898747,0.9016867954911433,0.8264090177133655,0.7025966183574879,0.46261172167057635,0.6391991048698366,0.903711558854719,0.8942028985507247,0.0,0.0,0.0,0.0,0.0,0.0,0.0,0.0,Sahaj Grover,2803.0
20.897531601555993,192.27710446442157,-66.59960235733493,-11.025570518253446,-12.301244382635497,3.975609756097561,-12.385061066158626,-36.95538940843819,-9.359098278122667,11.451151540175932,0.23559999999999998,0.5963999999999999,15.2,0.05900000000000001,0.0208,-0.10402989561526146,-0.2320978120978121,1.5925212910578763,0.6951880136352826,0.8444082931579071,0.8999073788206235,0.5160698568704781,0.7807996194804852,0.9732269810993583,0.5931246300460804,0.9468354430379747,0.9095543610195943,0.7106847340489194,0.7900779412483938,0.4184306364177063,0.6440784365397194,0.8926829268292682,0.5597286504046957,0.0,0.0,0.0,0.0,0.0,0.0,0.0,0.0,Sahaj Grover,2803.0
22.633621882369532,219.7788592455488,-53.492501805911445,-15.567475320109883,-11.474643634830603,4.0,-2.0371624043893206,-30.23377103039461,-8.979594166999009,10.800144750811976,0.20539999999999997,0.4473999999999999,12.8,0.0398,0.0,0.03744009222410276,-0.44670682334353706,1.0198263279434727,0.9069767441860466,0.9906976744186047,0.9927272727272728,0.3938953630168919,0.44355758235069853,0.5521044680644155,0.8072052464207129,0.9283965728274174,0.9332025777528721,0.9116279069767442,0.6704084315796279,0.4188401452700755,0.9395348837209301,1.0,1.0,0.0,0.0,0.0,0.0,0.0,0.0,0.0,0.0,Sahaj Grover,2803.0
17.75331334841629,158.14464052287582,-66.98012056767864,-13.958265460030166,-11.179617425396085,4.0,-10.595761689291102,-36.9987091503268,-10.84316968325792,12.595402840623429,0.24240000000000003,0.4046,16.6,0.13140000000000002,0.0256,0.07071493212669684,-0.36031171442936144,1.160055304172951,0.44936764294171877,0.8126803691275167,0.8418384672747088,0.6275802962258061,0.6055016348304939,0.7650570066334992,0.5545065013300389,0.8266368381804623,0.8131921140939598,0.6737677465152297,0.5655209411555199,0.42637873273453764,0.6665604604751153,0.8549044914816728,0.8239495604065372,0.0,0.0,0.0,0.0,0.0,0.0,0.0,0.0,Sahaj Grover,2803.0
22.780891210538265,196.82815625709745,-64.36836363121824,-12.158419259595728,-13.194422227629792,4.0,-9.238873495344084,-36.364115375880075,-9.120087213263684,11.707553940495117,0.26139999999999997,0.5412,15.2,0.0516,0.0058000000000000005,0.05714285714285716,-0.6674158528276175,2.237883261412673,0.8321995464852607,0.915040819150408,0.7787965763308229,0.4153584057118073,0.9306122448979591,0.5372685495950144,0.740948985654868,1.0,0.9205479452054794,0.9195918367346939,0.8502682168757915,0.7320709105560033,0.7930538259305383,0.936986301369863,0.9315068493150684,0.0,0.0,0.0,0.0,0.0,0.0,0.0,0.0,Sahaj Grover,2803.0
17.68993438665789,175.16028678262475,-77.85305656127038,-17.495549126271904,-12.13656296552987,4.0,-8.126360399847545,-47.07887885035168,-11.766815079172586,14.751109859903215,0.189,0.2834,21.6,0.18660000000000002,0.02,0.20673092870424914,-0.3934907660857212,1.4743255026968343,0.7399253731343284,0.9003787878787879,0.5642241345108587,0.308311650821116,0.5806275639347124,0.5991016724623283,0.39629908865482505,0.6418527379053696,0.9062229834434387,0.6960264467137994,0.49044418760382735,0.4304101794736413,0.5013125163655406,0.6624770882429954,0.7058366461155149,0.01414141414141414,0.0,0.0,0.0,0.0,0.0,0.0,0.0,Sahaj Grover,2803.0
17.774934362934363,169.17589189189192,-66.40174820126248,-15.414054054054054,-12.656589900104185,4.0,-7.647490347490347,-37.563320463320466,-10.899984555984556,13.779691119691119,0.22800000000000004,0.5429999999999999,18.8,0.0936,0.014000000000000002,-0.05444015444015442,-0.333003861003861,1.785945945945946,0.5556111362331232,0.7122825762111139,0.8565656565656565,0.4185494227653222,0.6296395459643404,0.60709226787306,0.4606901309614232,0.7093052784327952,0.7120261200798114,0.7579462627387763,0.6455384583941158,0.4475654215516206,0.42863855700607745,1.0,0.943661971830986,0.03624161073825502,0.0093959731543624,0.0,0.0,0.0,0.0,0.0,0.0,Sahaj Grover,2803.0
17.425237799150842,166.14539088278218,-72.43317783916896,-15.679428131602043,-13.692994418985545,4.0,-3.8386855734681817,-45.06874235569887,-10.45753496796975,12.304207608555433,0.2238,0.3176,17.8,0.0628,0.0062,0.06592638592638592,-0.4732633967416575,1.536045226480009,0.634033723164158,1.0,0.7106598533269526,0.6117592317592317,0.5325769226807513,0.5737819472602081,0.4041477467369744,0.8325172999086042,0.7794891164456382,0.7133346533346533,0.5879073674725849,0.4766203462699245,0.4218037777349911,0.8162404096732455,0.8551404151404152,0.0,0.0,0.0,0.0,0.0,0.0,0.0,0.0,Sahaj Grover,2803.0
22.316432002956393,196.17675456657162,-69.58840075492415,-13.499619892302821,-12.850960938642867,3.975609756097561,-6.71330376940133,-41.49626227431106,-9.999235033259422,10.995371396895788,0.2434,0.4066000000000001,18.6,0.0722,0.0098,-0.04691136099672689,-0.14727272727272728,1.6295343680709533,0.8182225960190637,0.9508416351769151,0.7466483897779727,0.7418214748259674,0.6887525320129354,0.5990965452090169,0.7034057548261252,0.9394373353944807,0.9492957746478872,0.8336977852537146,0.8272497897392768,0.3318660737906553,0.5904165284671302,0.8926829268292682,0.9073170731707318,0.0,0.0,0.0,0.0,0.0,0.0,0.0,0.0,Sahaj Grover,2803.0
20.356271525588163,196.03920587759723,-64.15865305609132,-16.772374484598593,-13.251355174290051,4.0,-3.776946398253698,-35.99470854555744,-10.413178510793111,12.049910057401569,0.22139999999999999,0.4822000000000001,21.8,0.0648,0.0052,-0.02658521303258144,-0.041875656884145816,2.2296725685180694,0.7886246192717545,0.8421071885860618,0.9072087020648969,0.570756926245054,0.7031725348065869,0.6203292199884348,0.5766458234103635,0.9645833333333332,0.890909090909091,0.7821014583073663,0.6158217256535004,0.4160765279352236,0.63498246683279,0.9428571428571428,1.0,0.0,0.0,0.0,0.0,0.0,0.0,0.0,0.0,Sahaj Grover,2803.0
20.604416248955722,211.48090956558062,-61.748949816612104,-14.723997493734336,-12.016816357965494,4.0,-5.807837301587301,-35.16913116123642,-10.447453007518797,12.416285505430242,0.217,0.28240000000000004,16.6,0.0668,0.017599999999999998,-0.06525793650793653,-0.34263366750208857,1.3962103174603173,0.7861563190677114,0.9541118421052632,0.7582706766917293,0.30545281320389583,0.6402387826105348,0.6158677283927118,0.6580576903757283,0.8865497076023392,0.7482064536340852,0.9063492063492063,0.4840584782102937,0.404583187927625,0.7688209513763311,0.8829616234679525,0.926438492063492,0.0,0.0,0.0,0.0,0.0,0.0,0.0,0.0,Sahaj Grover,2803.0
19.53491827138379,181.10183609493953,-57.55646132491472,-16.670085087326466,-9.745315444932638,4.0,-4.9315494849977615,-31.17568293775191,-11.710977944469322,12.677149574563368,0.25200000000000006,0.44980000000000003,18.8,0.035199999999999995,0.0,0.2748953201970443,-0.6000123152709359,1.1370639274518584,0.6543621837100098,0.8554195804195805,0.8543900543900543,0.7275247246714638,0.47301284162697205,0.5123284475186649,0.4683717399750008,0.81037718320327,0.9510295260295261,0.7952020202020202,0.4277265759602716,0.561333231985406,0.6178685897435898,0.744827877436573,0.9181235431235433,0.0,0.0,0.0,0.0,0.0,0.0,0.0,0.0,Sahaj Grover,2803.0
19.160981055496503,186.38134482380588,-58.23659460246804,-16.074412408185054,-12.3206630889097,4.0,-5.2548291920284855,-29.554334189716723,-10.666103227167216,11.633747503539135,0.2564,0.37439999999999996,15.2,0.08020000000000001,0.0118,0.14979621372088261,-0.11069327731092435,1.4864465590547051,0.6768897040525762,0.9070422535211268,0.872093023255814,0.603050132720792,0.5621375266630982,0.5330171509049386,0.6841269060485959,0.9883720930232558,0.9558139534883722,0.8321323288568621,0.41858482077223025,0.44622487253760196,0.465649373729445,0.878048780487805,0.8896250455041862,0.0,0.0,0.0,0.0,0.0,0.0,0.0,0.0,Sahaj Grover,2803.0
20.54318598544857,201.3547281141818,-65.79055012271108,-11.09105644546148,-12.840983951849145,4.0,-9.575070881635527,-38.09408240500918,-10.053890003017578,11.864533564261825,0.20779999999999998,0.4854,19.4,0.1272,0.023399999999999997,-0.11899999790446011,-0.18696878064727035,1.697232996789633,0.822185061315496,0.9000343406593407,0.9057971014492754,0.5795583492594362,0.6906843156843157,0.6121541501976285,0.5354589703774486,0.9,0.8069293478260869,0.7092168700864353,0.6612493032329988,0.6255813027552157,0.4394874600037643,0.9202898550724636,0.8189701150298976,0.0,0.0,0.0,0.0,0.0,0.0,0.0,0.0,Sahaj Grover,2803.0
16.645176011156455,168.21568493266895,-58.090667436423246,-16.17272622728104,-9.388954704139225,4.0,-8.00593007952761,-31.750508112577073,-11.874816177132184,15.102267864233898,0.23100000000000004,0.25220000000000004,23.0,0.0968,0.012199999999999999,0.1299986683414373,-0.5936765241963389,0.9347228170697033,0.5997147724787897,0.9,0.7821355110226144,0.6464599094275696,0.4847515011295888,0.3973471015380719,0.29987923620775636,0.7631388616407034,0.8857014330698542,0.7084824019335871,0.43693528900390904,0.23572219110128073,0.5001015315173515,0.6445304459293724,0.8924642787238207,0.034861964070481546,0.0,0.0,0.0,0.0,0.0,0.0,0.0,Sahaj Grover,2803.0
22.684135819687327,212.39084474155462,-68.15281840264942,-13.075592578759668,-11.851646088735933,4.0,-10.64653892400525,-39.38094534192095,-9.655810904300164,12.45771543507255,0.2278,0.3834,18.8,0.0944,0.0048000000000000004,0.031080328481129387,-0.31483557820652835,1.5304555881767385,0.8793290919606708,0.9573033707865168,0.8044830492234972,0.38361103225578014,0.7345165731229482,0.5281839710128053,0.7082936644255778,0.8624801440220269,0.7772408549463546,0.7563709876051103,0.6978450459844086,0.12051016026113641,0.7753036834614877,0.8660848317856006,0.9,0.01654135338345864,0.0,0.0,0.0,0.0,0.0,0.0,0.0,Sahaj Grover,2803.0
19.854319569073667,198.89054974268092,-55.609676299248235,-15.206818996982932,-9.284172672760999,3.989676561807709,-3.176972090086845,-33.02626667380766,-10.02584623174787,11.120723804330362,0.23440000000000003,0.3688,22.8,0.035199999999999995,0.0108,0.06784476784476785,-0.11071755596345759,1.0592459438361077,0.7001200480192077,0.9425703254274683,0.8876447876447877,0.6153829099207251,0.6627755967251765,0.48036479456647524,0.6002211695489006,0.9477551020408164,0.8767346938775511,0.7625206839492554,0.4951544942301244,0.4091274347576868,0.5819713831478538,0.710215113072256,0.8416326530612246,0.0,0.0,0.0,0.0,0.0,0.0,0.0,0.0,Sathvik Adiga,2820.0
17.21781773174386,156.9930154387336,-67.15812965370718,-15.851892384860923,-11.219500248456711,4.0,-5.805820467721972,-40.48575988534949,-10.701553644713698,12.90639697739561,0.20539999999999997,0.29880000000000007,17.2,0.048799999999999996,0.0114,0.3125978763598462,-0.28375610709400034,1.3304292879942676,0.5658533646016546,0.7680952380952382,0.8803921568627452,0.5265595075239398,0.5805423099472347,0.364657351312618,0.4931512605042016,0.9529411764705882,0.6668767507002802,0.6707142857142857,0.5008543417366946,0.5030437756497947,0.6869158361018826,0.8784313725490197,0.8522549019607844,0.00166666666666666,0.0,0.0,0.0,0.0,0.0,0.0,0.0,Sathvik Adiga,2820.0
21.371701116294357,192.67750647905842,-70.48941237195501,-16.617663493508296,-12.555642381689404,3.9970588235294118,-5.594345836335823,-39.38788321260161,-11.804910683809306,11.47397441246002,0.1946,0.4826,18.6,0.0306,0.0,-0.04699864729902276,-0.04431372549019606,2.2405590321234876,0.8102476780185757,0.8124922600619195,0.7801307189542485,0.568407605466429,0.6223413703599462,0.8395975232198142,0.5229530600118835,1.0,0.9789473684210528,0.8071895424836601,0.6644169246646027,0.7451505769772023,0.5612552772305095,0.8471535791350033,0.7971689026487787,0.0,0.0,0.0,0.0,0.0,0.0,0.0,0.0,Sathvik Adiga,2820.0
20.804514472455647,183.71954715219422,-60.240486259583214,-16.231979458450045,-12.196492328677502,3.973398692810458,-2.2170401493930907,-34.625583566760035,-10.249523809523811,11.30673436041083,0.20539999999999997,0.43760000000000004,18.0,0.0704,0.0,0.16452614379084968,-0.30564425770308123,1.2459150326797386,0.6721117175392494,0.8486961795027289,0.8846550097702313,0.2965962975657916,0.5264301596927432,0.5806706450696221,0.6648422847399829,0.8133414190418435,0.8875379017586417,0.7639781685870224,0.596271843863797,0.5228511790193442,0.5909511547036266,0.8862745098039216,0.7787468030690536,0.00206185567010308,0.0,0.0,0.0,0.0,0.0,0.0,0.0,Sathvik Adiga,2820.0
21.233638499917305,172.0633972379955,-67.50484331640732,-17.653472260506827,-12.221391224230242,3.986363636363636,-1.5595798417773856,-42.02399181322013,-11.369349192347979,13.336577379311612,0.2088,0.5237999999999999,22.0,0.0616,0.008,0.1306650495249646,-0.48793345829428303,1.352264802359557,0.6497527084314647,0.5833019312293924,0.7025710472601665,0.5691513581409955,0.459469716401692,0.6980454522136151,0.49787705454483266,0.7658031088082902,0.7331959491285917,0.7036269430051814,0.6713926833097817,0.5406043194993074,0.5594873995171538,0.5630199418905621,0.6541945904435004,0.011881188118811881,0.0,0.0,0.0,0.0,0.0,0.0,0.0,Sathvik Adiga,2820.0
18.317938311688312,178.5439405836225,-64.38824129698787,-17.003198444903976,-11.899903255393676,3.994736842105263,-3.5717284256383195,-36.9670636242505,-11.743777524940082,12.802693136033408,0.20220000000000002,0.2934,20.6,0.049999999999999996,0.002,0.13442279461599915,-0.08279220779220776,1.13096227695245,0.7273195627362318,0.7983850346544646,0.6236164456896441,0.5493466105095927,0.4959698092322441,0.4562837944773547,0.5918372727738257,0.803740997816665,0.8188413893272628,0.7550298171864307,0.22731829005004606,0.5347527761448966,0.7105028187831981,0.6149278706378942,0.5052328287341662,0.0,0.0,0.0,0.0,0.0,0.0,0.0,0.0,Sathvik Adiga,2820.0
19.998945096122515,205.27083711539353,-63.01362683138334,-15.59559302704464,-10.506069402253328,4.0,-9.343261241446726,-34.38575268817205,-11.211993785784108,14.029043313317507,0.2346,0.5544,15.6,0.0536,0.0108,0.2723935786435786,-0.2516990178280501,1.4800048293999908,0.850965250965251,0.8984126984126984,0.8526703389606615,0.7473438300051203,0.47518552538713826,0.4740653672105285,0.6474859442601378,0.76605222734255,0.7126484674871771,0.8142428142428143,0.6088998088998089,0.4881728214389504,0.7569380440348182,0.8820564516129032,0.7994134897360704,0.0,0.0,0.0,0.0,0.0,0.0,0.0,0.0,Sathvik Adiga,2820.0
23.23866142234557,228.47403278429547,-52.81664610734276,-16.29330400500054,-9.121165077402189,3.9741935483870967,1.5533167389639844,-33.05043533985529,-9.78913488551839,9.909882913082559,0.2338,0.5648,17.0,0.07680000000000001,0.019,0.15661262511943583,-0.05245178162798299,1.1346011261964,0.9704918032786886,0.980327868852459,0.8195835179441737,0.6551894845665338,0.5553221704093316,0.5144260931997535,0.5554068955160816,1.0,1.0,0.9289855072463767,0.8496874265569918,0.22742363297222398,0.6142936123282341,0.8831683168316833,0.7793595575773794,0.02499594221717252,0.0,0.0,0.0,0.0,0.0,0.0,0.0,Sathvik Adiga,2820.0
17.642230960408543,157.02179182650343,-78.82585310662911,-16.705632926767414,-13.219643139223791,3.9944741204641745,-8.028913163606077,-45.71023248736656,-11.508835961462998,12.352930451333552,0.18780000000000002,0.39859999999999995,20.4,0.0374,0.004399999999999999,0.17073838564232346,-0.2559420289855072,0.6851012410538145,0.49917309474360066,0.8343909747928786,0.7117471911938054,0.52780794944592,0.5434725254488821,0.48794230306515785,0.6142448203634386,0.8288654037994341,0.7267481250826796,0.7464531245230026,0.33494100251411413,0.31918231217754983,0.492634822204956,0.6217306913961753,0.5527392864563792,0.0,0.0,0.0,0.0,0.0,0.0,0.0,0.0,Sathvik Adiga,2820.0
21.231862746616844,202.53212600425712,-67.77565976256844,-14.998443588607524,-12.26364120956627,3.995081967213115,-3.9229261360408905,-41.14380229134328,-10.383243429145068,10.941314924921484,0.1724,0.509,20.6,0.03,0.0,0.03474453474453476,-0.06714815239405403,1.4647994893896532,0.8759183673469387,0.762576542150103,0.9791044776119403,0.625804641510479,0.5680237298472806,0.7157965275662503,0.5698064889610128,0.8250884353741498,0.7933857244390293,0.6776385973656762,0.7421983957762209,0.4859348512452266,0.8400000000000001,0.8318367346938775,0.8416326530612246,0.0,0.0,0.0,0.0,0.0,0.0,0.0,0.0,Sathvik Adiga,2820.0
22.5009390896048,206.49086822312074,-58.48613427258067,-16.726098865266728,-12.918289831034656,4.0,-1.6889417851397766,-31.493735054997604,-11.316314073301161,11.657245337159253,0.15839999999999999,0.5974,19.0,0.038400000000000004,0.008,0.12491152558584409,-0.10867440546063215,1.7378722664231987,0.9414634146341463,0.8005260640841702,0.8985365853658536,0.6723154605007062,0.7861222942861861,0.6263323434875936,0.5954184600669536,0.8673075083692015,0.8907317073170731,0.7536585365853659,0.8803921568627452,0.6316700502793726,0.798287900526064,0.8146341463414635,0.8331707317073171,0.0009756097560975599,0.0,0.0,0.0,0.0,0.0,0.0,0.0,Sathvik Adiga,2820.0
21.47789144643365,175.9008322169447,-76.86814853086392,-17.006048796330127,-14.44566243497629,4.0,-6.680611374984776,-45.03377582917225,-11.460504201680672,13.758454106280192,0.16560000000000002,0.5655999999999999,25.2,0.0338,0.004,0.2896236755571794,-0.5403401940486339,1.1720821661998133,0.7172954678855545,0.7498257839721254,0.660185330885567,0.45333515520029144,0.4583821821411491,0.5647861326539532,0.3944552948375783,0.7124032702511898,0.6706600227292595,0.6155632984901278,0.604767928676847,0.5057334153173464,0.7955801507594908,0.8146341463414635,0.7580642663569492,0.0009756097560975599,0.0,0.0,0.0,0.0,0.0,0.0,0.0,Sathvik Adiga,2820.0
19.92146105806544,185.2087232593381,-64.59887661509946,-12.550954937277906,-12.190185309830436,4.0,-2.4719752019151717,-42.22244710018263,-9.87888837839145,10.715574312498129,0.2004,0.4002,22.8,0.0516,0.020200000000000003,0.013299916861845573,-0.10473996872531473,0.8159887654099217,0.6492297972269093,0.7798261741601203,1.0,0.6815477185358516,0.7426040447935818,0.5116366382981495,0.5714816765901817,0.8925622597359185,0.7720541534347318,0.7864093191579039,0.5766032991289125,0.25604110304429084,0.5261268016688403,0.6736017586551728,0.7412566209192547,0.0,0.0,0.0,0.0,0.0,0.0,0.0,0.0,Sathvik Adiga,2820.0
20.14677489177489,184.1799134199134,-71.98951613601189,-16.24805194805195,-12.268361734857482,3.991111111111111,-7.693217893217893,-41.06529581529581,-11.113852813852812,12.408152958152959,0.2048,0.4426,16.0,0.05499999999999999,0.0072,0.09401875901875903,-0.3196825396825397,1.7178932178932178,0.7041452193164522,0.86,0.7562626262626263,0.6344590643274854,0.6674474558126324,0.7029593884045939,0.5158386496544392,0.9176515151515151,0.8311363636363638,0.8276307596513076,0.6181700749382797,0.4623927268357694,0.7429040404040403,0.8829545454545455,0.9125,0.0,0.0,0.0,0.0,0.0,0.0,0.0,0.0,Sathvik Adiga,2820.0
19.297468148009322,193.5831801369259,-66.13645444030027,-12.64685724575368,-11.752650814667273,4.0,-9.504868981471272,-37.205976818880046,-9.535952004277556,10.50985142474956,0.2596,0.4412000000000001,12.8,0.0658,0.009,0.0034963232862214254,-0.45692925495557074,1.3606611378152125,0.8121997300944669,1.0,0.887719298245614,0.8252631578947369,0.7034344270012548,0.33666717601946444,0.470440302051354,0.8198650472334682,0.7330094466936572,0.8190126478988168,0.5641003003123516,0.5109002013229796,0.7641813234220483,0.8735222672064777,0.8893387314439947,0.0,0.0,0.0,0.0,0.0,0.0,0.0,0.0,Sathvik Adiga,2820.0
20.720724709362493,208.76750179415868,-55.72699944217278,-16.222576329693414,-11.385555442657324,4.0,-1.38574090740753,-29.959875763117605,-9.89900016972631,9.125749170429398,0.2378,0.4586,19.0,0.0646,0.0064,0.14269971273793064,-0.37820821542445404,0.8635816971867429,0.8407925407925407,0.898360655737705,0.9216783216783216,0.6165247795682578,0.4970343221548622,0.6013237827815833,0.7126223028575132,0.7761175661368525,0.7359040670033921,0.9139243109831344,0.637108460558211,0.646601438475993,0.5940434246060844,0.8265734265734267,0.7307185568055133,0.0,0.0,0.0,0.0,0.0,0.0,0.0,0.0,Sathvik Adiga,2820.0
20.087577201205672,192.81043783963892,-55.33567035538499,-17.240100306406525,-11.979959496724023,3.9741935483870967,-2.7977982347249215,-28.384391494293016,-11.535611844137504,12.627997472513911,0.1868,0.522,19.2,0.0496,0.010400000000000001,0.05379644143772515,-0.27348678601875526,1.1126016798317226,0.7537935110585747,0.8362102217936356,0.7012287305191774,0.6489306511777414,0.4237390250204406,0.33265939459553867,0.3746637646168849,0.8686274509803923,0.7943074003795065,0.8509803921568627,0.6538678787343895,0.31844410136781875,0.5419186322211418,0.6127168804431742,0.7972567981832382,0.02499594221717252,0.0,0.0,0.0,0.0,0.0,0.0,0.0,Sathvik Adiga,2820.0
23.902407375462406,202.7119086500681,-43.31128378606792,-12.451823740248788,-10.244890440851044,4.0,-6.8590995342418495,-22.08586337760911,-9.702687022022886,14.033080328905758,0.19939999999999997,0.6248,19.4,0.1568,0.0226,0.11507906388361797,-0.07620915032679736,1.4361395741092136,0.8587678460583488,0.9111111111111111,0.8175822470515207,0.4980666892815875,0.9426944971537001,0.6929571894835906,0.6636953664147223,0.7679364296929199,0.9340782122905027,0.9519553072625697,0.849983568846533,0.43105351289311294,0.6462143859165581,0.9258064516129032,1.0,0.0,0.0,0.0,0.0,0.0,0.0,0.0,0.0,Sathvik Adiga,2820.0
18.871641065333016,194.63058763991424,-71.07232950347631,-16.38397369744119,-12.445738846970787,4.0,-7.5471193538143995,-39.99366581990421,-11.529275819639597,12.82744403429388,0.2036,0.437,19.2,0.0784,0.014199999999999999,-0.06915568521605671,-0.14441533698499637,1.7808476224497896,0.781831290555155,0.7815273477812178,0.925,0.7980268183828555,0.7212834160340416,0.390824159512399,0.38544255022583196,0.8929953560371517,0.9,0.6792797685371587,0.4971211290441325,0.3425239372146578,0.6284055727554179,0.7962064251537935,0.8548245614035089,0.0,0.0,0.0,0.0,0.0,0.0,0.0,0.0,Sathvik Adiga,2820.0
19.083202731177323,176.62033939029328,-66.0725937594936,-15.694928052256616,-12.276137389646385,3.993007861925308,-6.622676102188823,-37.00068893494888,-10.876118968285438,12.404947825907245,0.2092017543859649,0.4495,19.6374269005848,0.0720116959064327,0.0106491228070175,0.1022292448044189,-0.2842212447775288,1.3159443290565571,0.6849394750153033,0.8486709794154081,0.775593424976446,0.5821062109248497,0.6076342399067226,0.5102559296543574,0.5291675207950881,0.8421517431031124,0.8115587025061157,0.7821548445556171,0.5376116874610225,0.4466785037161884,0.6642103108069303,0.7636730670629904,0.8022757100543207,0.0585318774199869,0.060179035631987,,,,,,,Sathvik Adiga,2820.0
23.41248283348172,198.03513014843094,-57.26926547289177,-14.834701613591736,-10.66595526811319,4.0,-9.724577087729141,-28.72337012598943,-10.871621665792587,13.550960288324328,0.225,0.48179999999999995,20.0,0.0762,0.0038,0.0806683904330963,-0.2301246478272005,0.7747368613628326,0.7897011134600437,0.9217072723942114,0.7890702022777495,0.44210131545724146,0.6132477574286722,0.6568628555475502,0.6344241741096215,0.9617647058823529,0.8081767947273374,0.7468980984907194,0.5683184019561692,0.4513955828639313,0.6478365032907604,0.8932038834951456,0.7317499846168101,0.0,0.0,0.0,0.0,0.0,0.0,0.0,0.0,Sathvik Adiga,2820.0
18.726141023055725,170.8063319217584,-64.50155277002116,-16.076685967793047,-13.221177022222545,4.0,-5.156936882435976,-34.88214069656901,-9.784370408780571,10.619758207779986,0.196,0.5936,11.2,0.055999999999999994,0.0052,-0.016736285157337737,-0.47697692507129885,1.1774090398409818,0.6157381916329284,0.9607142857142857,0.8879667116509221,0.6862222222222223,0.8345750685373327,0.5147007940751734,0.6592892487629329,0.8452991452991453,0.891340530814215,0.8940170940170941,0.5670072617441038,0.7168547008547008,0.8398993710691822,0.9398238993710691,0.8735042735042736,0.021333333333333322,0.0,0.0,0.0,0.0,0.0,0.0,0.0,Satria Duta Cahaya,2815.0
21.65612266144521,180.04999455384896,-70.72627538052049,-15.0878139962872,-12.03677780667912,4.0,-5.755041327619689,-43.46546765745957,-10.418523632978637,12.037349040503743,0.21539999999999998,0.38439999999999996,16.4,0.11140000000000001,0.0204,-0.07439352453710392,-0.11965217391304347,1.3669576987069403,0.6332689259365046,0.679060893277655,0.9186046511627908,0.7444280753446281,0.7372048701140408,0.41824614575872865,0.6413984565996543,0.6855039017829715,0.8725748046502764,0.8179866255337954,0.7832261855791267,0.3953958655809312,0.8352941176470589,0.9274725274725274,0.8026322514694607,0.0,0.0,0.0,0.0,0.0,0.0,0.0,0.0,Satria Duta Cahaya,2815.0
22.35970567410903,219.83781150779896,-51.33292210900147,-15.543900734898468,-9.90429068085757,4.0,-4.340368280287161,-28.184894569464255,-10.126930990603729,12.76746314710972,0.24559999999999998,0.3746,12.8,0.08020000000000001,0.019200000000000002,0.05933864507048896,-0.1785029650623838,1.0460204457759972,0.9505376344086022,0.9975308641975309,0.8607413813615938,0.40663943838258537,0.8619718309859156,0.690634728322143,0.37114585803499134,0.9214655515730785,1.0,0.7685628925065544,0.5938069689940848,0.21086283688729143,0.8423349481050526,0.935064935064935,0.9394736842105263,0.0,0.0,0.0,0.0,0.0,0.0,0.0,0.0,Satria Duta Cahaya,2815.0
16.633573305663422,163.50382636415176,-69.54222696269714,-17.44659813370702,-12.345483347993579,4.0,-2.811227709850989,-41.20313764713014,-11.162292609351434,11.426512485336014,0.2036,0.4974,20.6,0.05960000000000001,0.0058000000000000005,0.11862281555648269,-0.671188700975935,2.121081729654946,0.6329748080461958,0.794415487714073,0.7254252121293201,0.6934619638687478,0.4372867856676885,0.4527441060117859,0.33774594215121984,0.9462878355225586,0.8528374382811992,0.9319355505060937,0.8069969328441922,0.5878217738012141,0.4730514350157574,0.7497821350762527,0.8286840031520881,0.02553191489361702,0.0,0.0,0.0,0.0,0.0,0.0,0.0,Satria Duta Cahaya,2815.0
17.055575388776198,160.32227045300877,-58.96711399977617,-15.21766058147397,-11.789319544062833,4.0,-3.5886612576064905,-33.91601081812035,-10.9729939148073,12.517532116294793,0.24180000000000001,0.5008,17.8,0.14240000000000003,0.017400000000000002,0.1505922920892495,-0.13542934415145363,0.9885598377281948,0.5157575757575757,0.7414141414141413,0.968888888888889,0.7626936026936026,0.5884151863462208,0.5131893649135029,0.47596656217345873,0.6971810054568675,0.7782747010333217,0.7723905723905723,0.6814141414141414,0.4141832114245907,0.8305723905723905,0.8471264367816091,0.8711111111111112,0.00444444444444444,0.029629629629629624,0.0,0.0,0.0,0.0,0.0,0.0,Satria Duta Cahaya,2815.0
22.826815776815778,197.71623250044303,-57.87032658621841,-15.59014012303486,-10.155087889729721,3.9797348484848483,-4.7141528062580695,-33.62107288423078,-10.807310890863523,13.037703159413686,0.189,0.35960000000000003,21.6,0.0422,0.025,0.08576555023923446,-0.6980506822612085,1.4143866610971874,0.6404106858054226,0.7288825757575758,0.7922547846889951,0.6660984848484849,0.5371375748548043,0.7482992160934068,0.29389670037013627,0.9174242424242424,0.8726973684210527,0.9185606060606061,0.3755049878125846,0.6089729845626073,0.790944825614637,0.8105263157894737,0.7566287878787878,0.0,0.0,0.0,0.0,0.0,0.0,0.0,0.0,Satria Duta Cahaya,2815.0
18.639849302044084,195.93780789897562,-74.79272363215286,-15.88461605579296,-12.247725410347517,3.96140350877193,-5.735754540656802,-43.04947012073618,-11.414289467227302,9.577728453835977,0.1974,0.3492,23.2,0.09000000000000001,0.008400000000000001,0.2811821536189308,-0.5969276411504412,1.0371038246280981,0.7364678168969249,0.6283256244400938,0.8812949640287769,0.40183389148658055,0.6048714916691381,0.5022616796978909,0.6537055705454596,0.6447295592625304,0.9255813953488372,0.696971024674944,0.6101874401227964,0.17956920028439302,0.6970287791737926,0.7514038326860636,0.8421149805819061,0.08489208633093526,0.0,0.0,0.0,0.0,0.0,0.0,0.0,Satria Duta Cahaya,2815.0
19.927389087200407,218.7489821897369,-55.53725354083815,-15.473703892571816,-11.449590972609542,4.0,-3.0881608023117457,-31.1859312142331,-10.102294180973427,11.762427521861486,0.20340000000000003,0.4232,23.0,0.0366,0.0076,0.20076208283755453,-0.22954954954954956,1.2407384743233798,0.8499478351591028,0.8389582779697051,0.9150943396226415,0.7018728162124388,0.8088941053729787,0.5309690283223132,0.40037896024375774,0.9188679245283019,0.834663536776213,0.9972602739726029,0.42338017652452714,0.6161705101327742,0.6698532494758911,0.9055555555555556,0.8023410202655485,0.0111111111111111,0.0,0.0,0.0,0.0,0.0,0.0,0.0,Satria Duta Cahaya,2815.0
19.40436106425029,184.9891398842308,-64.03154601366595,-15.473255501473782,-11.977710342835085,3.99147674627954,-4.980591425612962,-36.84074027496603,-10.628457413407572,11.87773219834994,0.2138292011019283,0.4199669421487603,20.046831955922865,0.0743608815426997,0.0106088154269972,0.1155191423854562,-0.2839446654954676,1.2184486308654865,0.7196739323687626,0.8124043732056258,0.8312356728480664,0.6148317011877884,0.5681030727842072,0.5241165066334134,0.5308153756603795,0.8484449138226635,0.8421110516496444,0.772863992373034,0.5706821967716209,0.4319634421421083,0.6892739534263851,0.7840365940582451,0.8232682437063502,0.0640219011712888,0.1481481481481481,,,,,,,Satria Duta Cahaya,2815.0
21.07089872916729,194.07869114836873,-49.13982552026685,-15.95308720811849,-10.193817377684065,3.9924528301886797,-0.39707646392988083,-26.848512816419383,-9.770665249826221,10.030880765522515,0.2226,0.49499999999999994,22.2,0.0996,0.0,0.0829076160162837,-0.4788596245188044,2.0593058036134972,0.8508196721311474,0.8622641509433961,0.8147900182592818,0.6483294435227623,0.6928240024744818,0.6229142648258021,0.7804048939244932,0.9721311475409836,0.9688524590163935,1.0,0.7602326811211,0.6827092540157188,0.7400486914181376,0.8163934426229508,0.8867924528301888,0.00163934426229508,0.0,0.0,0.0,0.0,0.0,0.0,0.0,Satria Duta Cahaya,2815.0
18.83351186153002,179.7007819500372,-61.07124183636135,-16.976462974193147,-12.441644436498676,4.0,-0.816480519842699,-36.37874956125772,-10.333403330012779,11.87549898544366,0.2092,0.4532,21.2,0.0516,0.0,0.052470285765788674,-0.19609266906755904,1.5500328446845686,0.7015627977892128,0.635793567668672,0.551657288124144,0.5187725411635914,0.681444151539326,0.5526031169377303,0.4376846328257248,0.9645015862414427,0.9811320754716981,0.8182769420705636,0.6827307328392651,0.5170270117506718,0.44095148711946175,0.4122027740661903,0.6971262690915387,0.0,0.0,0.0,0.0,0.0,0.0,0.0,0.0,Satria Duta Cahaya,2815.0
18.02606090947017,152.49229745515228,-78.91281749511862,-17.418544013350022,-14.508116827617574,4.0,-4.760228410513141,-48.9881967042136,-12.048826658322904,14.811095118898624,0.20600000000000002,0.40380000000000005,22.4,0.08299999999999999,0.0026,0.24667855652899462,-0.3146862745098039,0.781037755527743,0.5381185359292693,0.9416666666666667,0.7927076982744068,0.6544414015869673,0.2526410385729337,0.44832207866631074,0.33535218512756204,0.8213358458961475,0.8095955340214873,0.5250292471936545,0.39069554717230354,0.12441378006471175,0.6820682969741282,0.6423206133291981,0.837751256281407,0.0,0.0,0.0,0.0,0.0,0.0,0.0,0.0,Satria Duta Cahaya,2815.0
19.41712235133288,193.3850736982316,-67.60926644403753,-15.33401686033265,-10.593448490061675,3.9964285714285714,-0.814382985435617,-44.459492262123845,-10.025592828224408,9.621238410712095,0.2524,0.43879999999999997,18.2,0.0638,0.0036,0.2314461853935538,-0.4805107173528226,1.1325674325674329,0.7947243022464262,0.9894736842105264,0.8732382567831547,0.7683601447457991,0.7323373971161582,0.5377672580809898,0.5410302309526496,0.8227736864905006,0.8134785568413886,0.8651821862348177,0.6030814178834671,0.34816995502325254,0.6700039624884426,0.9340242198416394,0.8389644696869635,0.0,0.0,0.0,0.0,0.0,0.0,0.0,0.0,Satria Duta Cahaya,2815.0
20.286712686712686,171.00854295854296,-60.774281102597435,-14.463983463983464,-11.404738183054508,3.9909090909090907,-3.6711126711126716,-38.70973245973246,-10.018626418626418,13.503003003003005,0.2468,0.5642,16.4,0.05000000000000001,0.0,0.24878904878904878,-0.365048165048165,0.9542393042393043,0.6307894329547873,0.7826191259262125,0.8953346694914448,0.6597124146336745,0.44264882276693296,0.37354349910760765,0.6687173474075577,0.9401574803149607,0.7136624813790168,0.7964310588326337,0.6094937994544294,0.5038410840032652,0.6107513348346584,0.8645669291338581,0.8197942819901922,0.0,0.0,0.0,0.0,0.0,0.0,0.0,0.0,Satria Duta Cahaya,2815.0
18.947229180569103,167.9339992484459,-54.31955253459819,-12.948142897945269,-10.315169170926291,4.0,-8.523571783947277,-31.012166884498896,-10.030730731718874,14.51022893443842,0.20940000000000003,0.534,26.4,0.1044,0.0468,0.1676161717070808,-0.056429538840605996,1.1574080464989556,0.545304397994947,0.7729328549276578,0.6780023279101755,0.548103375666195,0.506022590302538,0.48695372803614234,0.551936352230938,0.8992198335644938,0.789174734900876,0.8380414312617702,0.7164726261934495,0.41980149588220994,0.6974273607748185,0.8727905569007264,0.8589137522228809,0.00082987551867218,0.0,0.0,0.0,0.0,0.0,0.0,0.0,Satria Duta Cahaya,2815.0
17.128596949062125,153.79624011335125,-57.731981744558176,-16.89344430293287,-10.322812423944416,4.0,-4.874099800028174,-31.426345307923214,-11.181427307990015,12.96614739826052,0.2424,0.26339999999999997,20.2,0.05500000000000001,0.0058000000000000005,0.4042133207086292,-0.1729435552773731,0.7270913853337534,0.4729617828376137,0.853424686772961,0.7632439099599136,0.44672195249619745,0.4505471061740075,0.6019165669232903,0.6841501782245842,0.818070932885013,0.5954861155578323,0.583555953981772,0.4760541038255449,0.2686512368964661,0.6931289370512312,0.7630280604378662,0.6979582397251222,0.023188405797101443,0.0,0.0,0.0,0.0,0.0,0.0,0.0,Satria Duta Cahaya,2815.0
21.943500891199747,199.7709493509172,-67.7470182185306,-16.136690031799976,-12.386684580434647,4.0,-4.2606206690616695,-41.17350966466878,-10.6445287723608,12.855015499795286,0.20779999999999998,0.46440000000000003,22.6,0.0466,0.0014,0.5098271472680649,-0.4469160794599237,0.9057558882290829,0.8338129496402878,0.6755992754498201,0.8179421375180557,0.5489949441972837,0.5907803170279877,0.627371319318814,0.4872053272921878,0.880264677147171,0.9925925925925926,0.8688524590163935,0.46768029349887935,0.5564521244536733,0.43160416578335586,0.6928403476049569,0.8438848920863309,0.08489208633093526,0.0,0.0,0.0,0.0,0.0,0.0,0.0,Satria Duta Cahaya,2815.0
17.80888941222087,152.50200593149225,-59.943100257409675,-17.40202446220205,-12.942926969106676,4.0,-5.475354720959981,-32.208901371546084,-11.67006085518393,15.75616812158905,0.20259999999999997,0.3468,22.0,0.10879999999999998,0.013000000000000001,0.03260693069954622,-0.05146709579889299,1.5681992860086598,0.5940771159412275,0.7777687443541103,0.8793902439024391,0.3611332337813174,0.529245893479343,0.38438517412385004,0.4375383920505871,0.8177009936766033,0.6090390465129141,0.5110523938572719,0.3516030639898236,0.28308878564976125,0.9585365853658537,0.9162244897959184,0.8768518518518519,0.0,0.0,0.0,0.0,0.0,0.0,0.0,0.0,Satria Duta Cahaya,2815.0
18.69780622297931,201.1111209076,-67.98545312722976,-14.58337921708069,-12.543097309289935,3.9970588235294118,-7.757033623584936,-39.35604795526821,-11.139562436756744,13.396608591221348,0.2132,0.5216000000000001,24.6,0.12480000000000002,0.027000000000000003,0.11088959195812735,-0.07152368587502908,0.9049037446288377,0.9128557874762808,0.487587902930687,0.6685483950931215,0.5157478677299532,0.36090759496993974,0.3650094169864561,0.4634823012847731,0.6638431524479618,0.882258064516129,0.5229404560539118,0.6125997684257831,0.5921078084751226,0.8087895605219739,0.5485356265529092,0.6592927510713106,0.014373814041745698,0.0,0.0,0.0,0.0,0.0,0.0,0.0,Satria Duta Cahaya,2815.0
20.2783655379708,194.00900687032265,-41.72617437274157,-14.39600049073733,-10.099640665221022,4.0,-2.363364924549135,-18.283036590602382,-9.392306312108945,8.808174610477241,0.2252,0.5468,10.8,0.04,0.0,-0.03725095080358239,-0.04949086001717577,1.7692327628511841,0.8408187134502925,0.8977777777777778,0.984375,0.8883054993252362,0.6942349865047233,0.8468165204678362,0.6248536363565855,0.9348717948717947,0.941025641025641,0.9086549707602339,0.7538388535995161,0.7335129310344828,0.4664368882529045,0.7867154416212946,0.987719298245614,0.0,0.0,0.0,0.0,0.0,0.0,0.0,0.0,Satria Duta Cahaya,2815.0
19.159667839443124,179.9058260507699,-69.39694454612733,-17.197508795823403,-11.744290193613418,4.0,-7.613232039496085,-39.979464589717395,-11.325009930768358,14.462561003291341,0.18980000000000002,0.506,21.4,0.0756,0.0134,0.04712811636968939,-0.11658249158249154,1.0771152536601973,0.6557166070595553,0.8467514124293786,0.7409911218724778,0.52922453492878,0.5339981488474723,0.4434563716258631,0.48672993083271415,0.7165266343825666,0.9054285714285715,0.6122255851493139,0.4983291271034235,0.26427667037719904,0.6070127692501351,0.561832226755489,0.7520654094461434,0.04293785310734462,0.0,0.0,0.0,0.0,0.0,0.0,0.0,Satria Duta Cahaya,2815.0
18.86608424530542,184.10503773748505,-65.48879046776429,-15.15516587622861,-12.069431986270043,3.996724105428236,-7.576002421920576,-36.62904810577142,-10.718991974897593,12.663125791895704,0.2205198555956679,0.443797833935018,20.51985559566787,0.0710469314079422,0.0098483754512635,0.067103626064888,-0.2517718502697898,1.5464830931443925,0.7223895325763718,0.8454891858816096,0.8134406920884387,0.554727272942902,0.6055151556413063,0.5477392451548216,0.5466365278774583,0.8706232110511796,0.843949765246131,0.7779550219764003,0.6008284342668512,0.4537426353141969,0.5764192858273071,0.7740343077653636,0.8344071560416961,0.0834750574237121,0.0136054770760426,0.0124223602484472,,,,,,Seyed Abolfazl Moosavifar,2879.0
18.49393710660437,186.09403876824928,-61.95922186481139,-16.698657750218857,-10.347699227472516,3.9932203389830505,-8.374192518750949,-30.156671948331184,-11.177363991940263,10.802143232919324,0.23700000000000002,0.2834,21.8,0.054200000000000005,0.0134,0.3310457487799147,-0.4439750971597537,1.0733736528116546,0.7058987386765115,0.6903872181956514,0.7040579063483802,0.48390753442289103,0.6685800474035768,0.4769990395115021,0.4123380553661392,0.9276190476190476,0.73614327686977,0.641490473634043,0.4022566848386734,0.5736873156342183,0.5488300542956046,0.7355951194036937,0.797721122347244,0.00176991150442476,0.00176991150442476,0.0,0.0,0.0,0.0,0.0,0.0,Seyed Abolfazl Moosavifar,2879.0
17.944948726617085,157.63363618435878,-75.65472023419841,-12.24017729697243,-14.664328828594018,4.0,-12.19625920291488,-45.38263231537826,-10.118487998647733,14.94716540830892,0.19619999999999999,0.5242,17.8,0.0504,0.0034000000000000002,0.24947130193073405,-0.11411238825031926,1.2689847682367967,0.57499777094723,0.8626086956521739,0.8920871559633028,0.6296826923828964,0.6374011660670164,0.5977122977232378,0.6915990941548442,0.8973913043478261,0.8573304551178269,0.6507427536231885,0.7677156031904288,0.32814190389872794,0.5146171623409256,0.8210228641293247,0.9126900272457459,0.01043478260869564,0.0,0.0,0.0,0.0,0.0,0.0,0.0,Seyed Abolfazl Moosavifar,2879.0
17.117907626756015,185.58418086194388,-75.80729537267337,-16.643168412182497,-12.044673669604272,4.0,-6.556383550169796,-43.06484356111531,-12.21340058450249,10.715174404900997,0.19380000000000003,0.34319999999999995,25.8,0.0934,0.0162,0.06186037289599837,-0.12022400870785292,0.8231587008223297,0.720526437312399,0.7160959280575028,0.7580675742486607,0.4075750101483121,0.5440229295999065,0.64212185602727,0.5206299590027003,0.883072780549616,0.8683752789963826,0.6158651134117893,0.3430493196065123,0.32246212943594194,0.5274925151047655,0.7280915364683548,0.8703609635957823,0.0,0.0,0.0,0.0,0.0,0.0,0.0,0.0,Seyed Abolfazl Moosavifar,2879.0
23.277538326318812,242.02934922279434,-60.389815194008904,-15.355639965396062,-10.516980244954437,3.99375,-8.747927144268607,-29.266614970121065,-10.70733029742176,10.210927428153038,0.2124,0.4386,16.6,0.065,0.0108,0.06355995685263978,-0.15142773892773892,1.689140277707351,1.0,0.7863003663003664,0.965079365079365,0.6788331993210042,0.7229036412598056,0.4145383509833893,0.7668761909657332,0.9467542213883677,0.8921200750469044,0.9157955865272939,0.5690767672391461,0.2960154157013495,0.8211169652265543,0.8461409956565319,0.9968253968253968,0.0,0.0,0.0,0.0,0.0,0.0,0.0,0.0,Seyed Abolfazl Moosavifar,2879.0
14.05540428611636,143.7169833675097,-63.42369459693956,-13.6750110570544,-11.094272378291333,4.0,-8.64388779435219,-38.07975553857907,-10.890525511640064,14.9597576829775,0.2096,0.32859999999999995,24.0,0.048,0.002,-0.03279776982563358,-0.6405789875758916,1.573069572326538,0.4894570135746606,0.9513043478260869,0.8239281264345204,0.2941565254864487,0.5575557179393495,0.29183656071124103,0.529037782337015,0.8609523809523809,0.9173109243697478,0.8405602240896359,0.4825515490477127,0.43082085007916204,0.6986237973450249,0.6612105711849957,0.6830514413123109,0.00196078431372548,0.0,0.0,0.0,0.0,0.0,0.0,0.0,Seyed Abolfazl Moosavifar,2879.0
21.032569174868463,196.05654068493055,-56.24861825755046,-14.564045044206043,-10.777111996321011,4.0,-13.637417007193658,-23.839439196151876,-11.034510379353502,13.603905365675635,0.2338,0.5774,14.4,0.0662,0.004200000000000001,0.2477851549161194,-0.4446474305828444,1.2844562206084889,0.7683397070058456,0.8320789856029587,0.8759212785629377,0.4730285650936844,0.6006809678679238,0.6452093165865465,0.5350532833078454,1.0,0.7899453963472038,0.8765322324547477,0.5978366499267923,0.5700692358205208,0.6509984356456119,0.8141396465946131,0.9827586206896551,0.00176991150442476,0.00176991150442476,0.0,0.0,0.0,0.0,0.0,0.0,Seyed Abolfazl Moosavifar,2879.0
16.902923464679223,176.63762765084186,-67.83662796115068,-15.781915324629116,-12.085331736514389,4.0,-4.836930590919932,-40.23854166657023,-11.245392314855106,12.351483672338098,0.225,0.3426,20.0,0.0716,0.0,-0.012280670352129675,-0.29138570625351984,1.606753230906006,0.687914919747281,0.842932525465554,0.6468726927075641,0.42017516161135243,0.6426189543489308,0.5845080575476194,0.4109973784638141,0.8777398429498122,0.9456811198361216,0.9331564986737402,0.3595689110212147,0.5201852493045429,0.3382733374490848,0.5751050392495227,0.8090863516731419,0.0,0.0,0.0,0.0,0.0,0.0,0.0,0.0,Seyed Abolfazl Moosavifar,2879.0
17.406223367787064,202.30071684587813,-75.252413625145,-16.042177614621576,-13.150933503298537,3.9932203389830505,-7.987700365365756,-41.89673427234936,-10.720074722070349,10.551986513577546,0.18240000000000003,0.3708,25.0,0.1262,0.009600000000000001,-0.1326646532496724,-0.30186414642401516,1.4441094535134993,0.8316034383793849,0.7821176470588235,0.755721606998964,0.664053061840767,0.40308648129150715,0.6236129424998346,0.45846491197208666,0.9855707061007617,0.7801325408212065,0.6406692314106361,0.7499675616588098,0.3881982898479153,0.30374400246803923,0.7051317408853305,0.6695626811354464,0.0,0.0,0.0,0.0,0.0,0.0,0.0,0.0,Seyed Abolfazl Moosavifar,2879.0
18.356705607843015,186.24239135411798,-67.72069377234838,-16.358554043557664,-11.003646747088371,4.0,-6.1225306851242625,-39.5945130053075,-11.352819226173489,12.7113699349029,0.1762,0.3402,28.2,0.07139999999999999,0.0072,0.028871521298471314,-0.042173889862853864,1.5620277323899636,0.7152295229522952,0.8093508662398081,0.6105061934764906,0.49053833954824044,0.7580483383966623,0.4273697335310123,0.42629636457621667,0.9811881188118811,0.9732673267326731,0.9614457831325302,0.44204682946780044,0.15234956542125808,0.40533951673997004,0.4757635350454151,0.7335622133641936,0.0,0.0,0.0,0.0,0.0,0.0,0.0,0.0,Seyed Abolfazl Moosavifar,2879.0
17.79415645773097,167.23300330627004,-59.28445745634531,-15.593735054332488,-11.027495726580476,4.0,-7.2779579597956126,-31.92502390079652,-11.56480897933659,14.104564164496384,0.22820000000000001,0.39139999999999997,20.0,0.09640000000000001,0.023399999999999997,0.3490869593032797,-0.3555405915944134,0.6550968376992341,0.6240543307624052,0.6824381199592102,0.8661368482264005,0.40682431872382735,0.5058299686778411,0.5349697507461483,0.539073080437686,0.7150165362587723,0.7935064935064935,0.6043248547132852,0.5696810652034533,0.2460282926492252,0.5178358621076707,1.0,0.8257881249185598,0.01043478260869564,0.0,0.0,0.0,0.0,0.0,0.0,0.0,Seyed Abolfazl Moosavifar,2879.0
17.577276152177806,167.00395444559769,-52.39880437720833,-16.69958982940887,-9.22606260846791,3.981481481481482,-3.6570757389010735,-29.082582930621594,-11.337274256471739,13.622299505181378,0.23159999999999997,0.5491999999999999,20.8,0.0486,0.014600000000000002,0.08686321442306603,-0.2769486488268099,1.725172702985449,0.6189876318140527,0.7792512943050577,0.8991437674233372,0.38078767395203644,0.8092958330285519,0.3562286692086999,0.3944425063472682,0.8956525041778498,0.885483870967742,0.7913283593007094,0.725925925925926,0.29564794027159613,0.5423178829476833,0.7031853877475998,0.9612244897959183,0.022580645161290318,0.0,0.0,0.0,0.0,0.0,0.0,0.0,Seyed Abolfazl Moosavifar,2879.0
16.443588995798862,159.03041402286408,-74.4849826069728,-17.365549949536177,-13.379433750176208,3.98974358974359,-4.000195752354817,-44.29547380271443,-10.642031764709289,11.207958822774525,0.23020000000000002,0.426,16.8,0.06520000000000001,0.0052,0.05447021187086668,-0.3891117257469707,2.1309191194207564,0.6888799381721525,0.8058608058608059,0.6878725813002861,0.4180852086628123,0.5119724941388237,0.6268142794179195,0.6684633301481128,0.7083633028021298,0.6996804131157013,0.9768115942028984,0.9358231140839838,0.5661047699912715,0.39002921020110104,0.6940705822657288,0.6647859050285744,0.0,0.0,0.0,0.0,0.0,0.0,0.0,0.0,Seyed Abolfazl Moosavifar,2879.0
20.01835953520164,191.28436545910228,-59.391123203416704,-15.737115516062886,-11.508061002459765,4.0,-4.388015493278651,-34.66507177033493,-9.679815447710187,12.586956026429709,0.22119999999999998,0.5434000000000001,17.4,0.0334,0.0046,-0.010478468899521514,-0.07786283891547044,1.3278514467988152,0.6930198575824964,0.96,0.9236842105263158,0.5776106880517555,0.6897208931419458,0.4303029179863872,0.8493896713615022,0.975,0.8647887323943662,1.0,0.7843460925039872,0.42621212121212115,0.6027352472089313,0.8735087719298246,0.9921052631578947,0.00227272727272726,0.0,0.0,0.0,0.0,0.0,0.0,0.0,Seyed Abolfazl Moosavifar,2879.0
21.01263259775455,202.5336856368564,-61.05431206473427,-17.271157568718543,-9.857467310572442,4.0,-0.7521293070073558,-36.69367982965544,-11.332317073170731,10.852439024390245,0.23359999999999997,0.2504,17.2,0.047200000000000006,0.0048000000000000004,-0.04437282229965154,-0.33147115756871853,0.851074332171893,0.8518793434082736,0.8582278481012657,0.6945733036803837,0.3244660502703415,0.7493965409822241,0.557964958929451,0.525005210011383,0.9682926829268294,0.8999447054229914,0.9320893329415222,0.44935421747508303,0.3432504161291444,0.4582990633426073,0.7147932395104004,0.6975633823912559,0.00240963855421686,0.0,0.0,0.0,0.0,0.0,0.0,0.0,Seyed Abolfazl Moosavifar,2879.0
16.86140080450094,151.96460661699592,-82.68959267509692,-17.859901354016802,-14.218102443863534,3.974797843665768,-5.524697826925549,-49.677788216827075,-12.345942474301337,12.962041797171631,0.171,0.31720000000000004,25.6,0.0448,0.008199999999999999,-0.0969982240811682,-0.10345561779897663,1.5994615472328904,0.47521708446615774,0.9012441952159819,0.7247086779124254,0.5586485097564662,0.5395884694303088,0.47996166245435956,0.26191648337040857,0.7932690861920836,0.8651727314624367,0.7243937803109844,0.455509749265012,0.2447609831619118,0.49388117997692227,0.7436143838240555,0.7228034124167134,0.0,0.0,0.0,0.0,0.0,0.0,0.0,0.0,Seyed Abolfazl Moosavifar,2879.0
21.08911903007334,186.12460639131604,-71.6150698570106,-15.5960861377221,-12.336872444417443,3.994202898550725,-7.889285129428828,-42.33504111543905,-10.409781731410325,12.95779380285644,0.22559999999999997,0.4654000000000001,18.4,0.07139999999999999,0.0168,-0.0666292358259934,-0.2980114865892316,1.0828724661075435,0.7076330532212884,0.6672108147606869,0.8000463768115942,0.7497412008281573,0.4833776045108145,0.4759004697901362,0.5286466162413161,0.7823236602689179,0.9565217391304348,0.6987346729996347,0.5712252587991719,0.4889274698963767,0.7119536231884058,0.6872283522104494,0.7570792351723299,0.0,0.0,0.0,0.0,0.0,0.0,0.0,0.0,Seyed Abolfazl Moosavifar,2879.0
20.353576565031823,193.1151326477659,-60.50541401725358,-15.318860870762421,-11.27046982992633,4.0,-6.654983955180413,-32.61526084746301,-10.531110905182,11.885272391260603,0.22599999999999998,0.4286,18.0,0.08420000000000001,0.009,-0.09105747540323864,-0.02667390360399478,1.485385869968122,0.8066704408668934,0.8533497993207779,0.7340152856449773,0.452491970887269,0.6832134200300104,0.6120673371658938,0.5836006352775291,0.8951219512195122,0.8191489361702129,0.9063829787234041,0.5392963149801118,0.318951668743013,0.7129791644574904,0.9469387755102041,0.814414879876001,0.0,0.0,0.0,0.0,0.0,0.0,0.0,0.0,Seyed Abolfazl Moosavifar,2879.0
22.155603279441358,219.23498683935063,-60.76017525787249,-15.54273690857274,-13.34921006479336,4.0,-6.709812112524818,-32.628451483717605,-9.839424105514812,13.309459417250832,0.219,0.49099999999999994,13.2,0.028800000000000003,0.0066,0.0052841991166579,-0.08083139173656415,2.1666110610235423,0.928604118993135,0.973228346456693,0.8917405719021965,0.6057886065000472,0.5740618264461715,0.6183757336201129,0.8606083403864038,0.8817387552583325,0.861348853132489,0.9869565217391305,0.447104374170714,0.5732614401460687,0.6043528111617626,0.9007874015748032,0.8739370078740158,0.0,0.0,0.0,0.0,0.0,0.0,0.0,0.0,Seyed Abolfazl Moosavifar,2879.0
16.447243824896063,184.76579249350755,-85.82426470984011,-16.61627260711083,-15.70604032152768,4.0,-7.478152585624613,-51.38880809721785,-11.360360811235719,12.72536971287659,0.16060000000000002,0.285,23.2,0.0756,0.002,-0.006983937742374963,-0.07190818281335523,1.214900116747604,0.7082856748169636,0.973228346456693,0.9385826771653545,0.5054889191482643,0.39533229175969414,0.5758735421230241,0.62980076642962,0.6806457087600892,0.8235020622422198,0.7934568705227636,0.5427964546358557,0.2952473938081558,0.4016161851311851,0.48514276482611846,0.665671706290951,0.0,0.0,0.0,0.0,0.0,0.0,0.0,0.0,Seyed Abolfazl Moosavifar,2879.0
16.88390669827253,158.63654851771216,-66.54660898785319,-13.24323458196838,-11.630046854525277,4.0,-9.268479849566944,-38.450294100691124,-11.087575030012005,13.133021428910547,0.22599999999999998,0.5566,29.4,0.0736,0.0258,0.10186015083999703,-0.09030459641483707,1.6954209649961676,0.6268325607370329,0.762358757062147,0.7367584531628482,0.620127771447562,0.4399278753087815,0.3386719560268629,0.4780388100548624,0.9355932203389831,0.8144501204290908,0.6407589730807578,0.6436953982186969,0.6982971158933606,0.4163377179458189,0.7424912761714856,0.8050494350282484,0.00196078431372548,0.0,0.0,0.0,0.0,0.0,0.0,0.0,Seyed Abolfazl Moosavifar,2879.0
19.34811573409852,176.29498684839788,-53.5358477935212,-16.433787661406022,-10.122033828910968,3.9970588235294118,-6.824252749880441,-26.855906264945,-11.387923242467718,14.090997130559538,0.23339999999999997,0.5298,23.0,0.11599999999999999,0.0154,-4.543280726921894e-05,-0.07505021520803437,1.1420934959349593,0.640468529334168,0.8121439816802634,0.880573388444288,0.5558542135151723,0.5641882442696242,0.6081397396062626,0.5018047720497523,0.9324602833834262,0.8062219466099693,0.6086285244024617,0.49700338932780996,0.28730553239586487,0.6442972481582017,0.902166523543724,0.734234382786621,0.01021897810218978,0.0,0.0,0.0,0.0,0.0,0.0,0.0,Silvius Tiberius,2907.0
23.107658517952636,197.87947815037364,-56.340837767704194,-13.089389441891637,-10.826967692310857,3.9940298507462684,-8.262097647742952,-30.279303444580002,-10.036445921652243,12.159336529727224,0.1916,0.542,19.8,0.0496,0.009,0.13142195819983354,-0.15358919687277894,1.2343622161664303,0.7704887218045113,0.8660287081339714,0.8193665983139666,0.6112971823498139,0.786967418546366,0.7878102118040199,0.6798568390673653,0.8989974937343359,0.9388409749864858,0.7484886458570669,0.6357167428374858,0.27083182555318774,0.8644736842105264,0.8734335839598998,0.7532030834662414,0.0,0.0,0.0,0.0,0.0,0.0,0.0,0.0,Silvius Tiberius,2907.0
17.30901742562697,148.92749091961701,-65.79618535233074,-14.839903758288619,-12.290164666903868,4.0,-7.11577431230816,-40.035228024906864,-10.858697787553597,15.343583197630371,0.21539999999999998,0.37960000000000005,25.8,0.059199999999999996,0.0124,0.137453719432664,-0.3838244257519311,0.42166579191952325,0.4610444933386984,0.7681983781878012,0.7542601990183397,0.38613987957017726,0.5552229820194632,0.4867812876579506,0.3572358768482646,0.8332064452208374,0.6702949553691152,0.6450293429595438,0.1829727990336549,0.6276427295165629,0.6201214477482145,0.7750332224089267,0.9520836555103351,0.00314960629921258,0.0,0.0,0.0,0.0,0.0,0.0,0.0,Silvius Tiberius,2907.0
20.086657530395673,194.66159603626397,-58.53006494891864,-14.62449926207042,-10.14149231556422,3.9970588235294118,-2.739879822896902,-35.436520486330735,-10.421157495256168,10.836425609670393,0.2656,0.4152,17.2,0.0862,0.0374,0.009839061072457658,-0.05533769063180823,1.6202192705039002,0.846040342202339,0.8817518248175183,0.828843889804568,0.5900099167417274,0.698346395775169,0.5236788495582939,0.5364893737627432,0.9854014598540146,0.9277777777777778,0.8598540145985402,0.8861313868613138,0.3098529431917706,0.5037751640435888,0.8609083536090836,0.9037848067045147,0.01021897810218978,0.0,0.0,0.0,0.0,0.0,0.0,0.0,Silvius Tiberius,2907.0
19.968800316823575,184.2938937275759,-66.16558003333476,-16.174436072110492,-11.735002804075373,3.9641025641025642,-1.835862350397234,-40.497777366188224,-10.462165573444643,10.575561568778621,0.20340000000000003,0.39760000000000006,20.2,0.0868,0.0,-0.02721747388414055,-0.21857592020382718,1.3852052125307939,0.7250354426767754,0.8271802438456163,0.6462689175750581,0.6859969325153374,0.6717020656985323,0.4173339141138797,0.5263455354842282,0.9261503067484662,0.8197406228158732,0.7652453242419661,0.655477369694202,0.5139252832253649,0.6432668711656442,0.5801665354309378,0.9037974683544304,0.03558282208588956,0.0,0.0,0.0,0.0,0.0,0.0,0.0,Silvius Tiberius,2907.0
20.86835926835927,188.5073546273546,-63.54007460005873,-16.165911365911366,-11.929653269637397,4.0,-7.4983346983347,-36.06255346255346,-10.09272181272181,14.209100009100009,0.2312,0.45499999999999996,19.0,0.06920000000000001,0.010799999999999999,0.06059514059514061,-0.4066830466830467,1.7116753116753116,0.7114973589102029,0.8609674728940784,0.8403636363636364,0.6812459765854262,0.7087140518333179,0.3289608006672226,0.4795974423130386,0.8043703085904921,0.847256046705588,0.9612640163098878,0.706557316282087,0.460504123806876,0.6644981929385599,0.6972677231025854,0.7424587155963303,0.0,0.0,0.0,0.0,0.0,0.0,0.0,0.0,Silvius Tiberius,2907.0
17.77,173.10441558441556,-67.38907608151484,-15.879220779220779,-11.809833657272431,3.984025974025974,-5.72564935064935,-39.08235930735931,-10.19551948051948,11.319480519480521,0.21400000000000002,0.23980000000000007,19.0,0.056999999999999995,0.0036,0.11738095238095239,-0.025324675324675316,0.9729220779220779,0.5947619047619048,0.9563875205254515,0.7978571428571428,0.6307024710641195,0.4946305418719211,0.4825657815691457,0.39983659738075217,0.8380952380952381,0.8088095238095239,0.9271428571428573,0.3624077856542112,0.34327526132404185,0.6199443309704032,0.6824466338259442,0.8928571428571429,0.0,0.0,0.0,0.0,0.0,0.0,0.0,0.0,Silvius Tiberius,2907.0
20.352843816859224,163.78602446575547,-46.303337183614,-16.905524931410305,-10.589153740788856,3.9970588235294118,-1.047757305746432,-24.750892547005968,-10.650283772559089,13.643216290367238,0.20400000000000001,0.5037999999999999,21.2,0.051000000000000004,0.0118,-0.018157718543129697,-0.19695939993455655,1.5602531148531298,0.6001248697149464,0.6496052819898608,0.7740590125839791,0.52694361966557,0.4585113137859362,0.4947879228488337,0.5261314713755032,0.9501073422069558,0.891124871001032,0.6280170692941025,0.5348001175114686,0.44210269135436375,0.533766130130172,0.7435199807160667,0.9239373121511377,0.01021897810218978,0.0,0.0,0.0,0.0,0.0,0.0,0.0,Silvius Tiberius,2907.0
18.493265720081133,184.17534346522962,-56.08835944375462,-17.250514163462604,-9.316746312655559,3.9970588235294118,-2.2319548303109196,-34.02905502911406,-11.5120271865823,14.25487925484141,0.2324,0.44559999999999994,25.8,0.08499999999999999,0.0156,0.13742585248201183,-0.14281856437891674,1.045721393034826,0.712467625681932,0.8612667886978074,0.7726898538040338,0.5330880359322586,0.49356199644667703,0.45205099143917293,0.3772795878174894,0.7868020200781042,0.9529411764705882,0.7006667576061909,0.40127030967317234,0.34189862629761275,0.63976724364438,0.7064711558444056,0.6640225999976197,0.01320405272905544,0.0,0.0,0.0,0.0,0.0,0.0,0.0,Silvius Tiberius,2907.0
18.84947162022704,177.70508221534226,-62.33071325840278,-16.5350257997936,-12.726883881037796,4.0,0.7623151014791885,-37.41315445476436,-10.405576883384935,9.987612659098726,0.2716,0.5273999999999999,13.8,0.0794,0.0124,-0.10097695218438252,-0.24874853801169589,0.8695032679738561,0.7292564012326075,0.974025974025974,0.9033707865168539,0.6231848987466966,0.7284675668020018,0.42833248723391293,0.6868689900202505,0.8753246753246753,0.8497217068645639,0.9081890331890332,0.4493442422934444,0.5603866640289075,0.7268407362945178,0.8656311962987442,0.8256756260556657,0.0,0.0,0.0,0.0,0.0,0.0,0.0,0.0,Silvius Tiberius,2907.0
16.441004251899095,176.1706786762651,-65.01537748942769,-16.775683515825072,-12.002283887153094,4.0,-6.22659511031604,-34.28048850748548,-11.189518247733618,11.45919177908561,0.21139999999999998,0.4378,28.6,0.1216,0.0256,0.3027033839470644,-0.13878806472335284,1.0447222150204962,0.6465581880758637,0.8323693293540145,0.785823754789272,0.6552880491218565,0.35124086950054806,0.4090575428796505,0.32624412093018906,0.8878019323671499,0.8634349491920705,0.6876157206563265,0.5183628201475585,0.3791274713709524,0.5191121040246711,0.7236850422140954,0.8391887389638514,0.0282051282051282,0.0,0.0,0.0,0.0,0.0,0.0,0.0,Silvius Tiberius,2907.0
20.45404661182922,218.12052996474736,-60.671266525742695,-16.156882099490794,-11.109589674978885,4.0,-7.0714717978848425,-32.394939287113196,-10.138457109283198,12.200073443008225,0.24580000000000002,0.6338,15.4,0.0826,0.030199999999999998,-0.16284625930278102,-0.443273795534665,1.4822722287504895,0.96875,0.9342465753424658,0.8729166666666668,0.7798356164383562,0.6492218417047184,0.6341388888888888,0.6173557838660578,0.9150684931506848,0.8320000000000001,0.94375,0.4759939117199391,0.6994166666666667,0.8864166666666666,0.8300833333333333,0.8688641552511417,0.0,0.0,0.0,0.0,0.0,0.0,0.0,0.0,Silvius Tiberius,2907.0
21.88976628486832,165.22320702820633,-54.17377626515868,-16.18240688795387,-9.837712684046009,4.0,-7.223899018232818,-28.068092566619917,-10.106040790088826,13.244375681782765,0.2082,0.542,14.4,0.0508,0.0,0.04324540283621631,-0.042502103786816264,1.671802399875331,0.627159420289855,0.8951111111111111,0.8204734299516909,0.48424245098371965,0.5655181753385603,0.7832173913043479,0.5985714285714285,0.9019999999999999,0.9695652173913043,0.9521739130434783,0.34087271040514094,0.6432560386473429,0.9012623742773421,0.8153526570048308,0.7047707293894037,0.0,0.0,0.0,0.0,0.0,0.0,0.0,0.0,Silvius Tiberius,2907.0
20.08867824452931,202.20357960105298,-62.88536677590395,-15.709055326076603,-10.782735615693,4.0,-7.45438699893487,-35.47035256410256,-10.678587340555426,13.209751069458516,0.2394,0.41580000000000006,18.2,0.08059999999999999,0.0134,0.29541085392149224,-0.4707937157405242,1.0777730150070577,0.7829111786558596,0.9815384615384616,0.7231035512950408,0.39315746900853277,0.7701071151071152,0.5302245862884161,0.3316996832954279,0.8266121112929623,0.8105369807497468,0.9384615384615385,0.43736600279153465,0.5039005084749766,0.3846588517865113,0.8560744810744811,0.9134615384615385,0.02606837606837606,0.0063492063492063405,0.0,0.0,0.0,0.0,0.0,0.0,Silvius Tiberius,2907.0
18.555681552490064,186.6789815680773,-52.2520555348565,-14.139427947938582,-10.899181635706006,4.0,-5.782689385083002,-26.024593757306526,-9.378334697217676,9.972171888395295,0.1746,0.5576,15.2,0.0248,0.004200000000000001,0.13028797443691062,-0.11524043332553968,1.9564122048164603,0.897397416413374,0.9317293233082709,0.9,0.7780451127819549,0.7830557110862262,0.5366115421532556,0.6351587079400629,0.9276190476190476,0.9851063829787234,0.9114968271743187,0.7341353383458646,0.7055357142857143,0.8645833333333333,0.831469298245614,0.9127659574468086,0.0,0.0,0.0,0.0,0.0,0.0,0.0,0.0,Silvius Tiberius,2907.0
18.81571290294702,154.82688600812378,-49.96640847262421,-16.288241292887392,-11.791295344977504,4.0,-2.4198288825512058,-26.020135684037676,-11.224484832771584,13.77757756460116,0.2254,0.526,17.2,0.07780000000000001,0.0034000000000000002,0.19331120905712554,-0.05681203007518794,1.499215106732348,0.5254973434674332,0.974025974025974,0.839858511422255,0.6526466270302588,0.6168412691532029,0.4744385026737968,0.582477067198555,0.7791678125795773,0.7687965367965368,0.8314112554112555,0.5001293608352432,0.5372462158039341,0.6452933704063792,0.9238991596638655,0.9186440677966102,0.013445378151260502,0.0,0.0,0.0,0.0,0.0,0.0,0.0,Silvius Tiberius,2907.0
20.084744626497244,189.12159968294296,-60.348829334836005,-15.047833604065843,-11.572144026264176,3.9975223916299054,-6.02146617819899,-33.728595157572805,-10.3836709097039,12.407358149339805,0.2224988505747126,0.4590781609195402,17.951724137931034,0.0733770114942528,0.010551724137931,0.0794613565037897,-0.2596336361993679,1.299676719221988,0.7491456730736458,0.8866004180579032,0.835668632131144,0.6619750917527819,0.6509219086731469,0.5290219154489285,0.5474364924436995,0.875217252475004,0.850597772845492,0.8255469092639479,0.5359597585518888,0.469210094564713,0.7042789371016757,0.8269638961347887,0.8561340131772671,0.0715150539902737,0.0375591378244332,,,,,,,Silvius Tiberius,2907.0
20.45347545219638,178.11265826873384,-67.4470779938052,-14.46124031007752,-12.947210422745759,4.0,-14.77611434108527,-32.049144056847545,-10.537577519379846,13.32420865633075,0.22719999999999999,0.4328,21.4,0.0512,0.0,0.08010335917312664,-0.2883139534883721,1.5441214470284237,0.629102564102564,0.9157530209254346,0.9080459770114941,0.6229670329670329,0.8066603511431097,0.44404698749526333,0.5061892130857648,0.7081318681318681,0.8244252873563219,0.851105216622458,0.4614614121510673,0.7981800766283526,0.5730438718369752,0.8822222222222222,0.6734293292913982,0.00219780219780218,0.0,0.0,0.0,0.0,0.0,0.0,0.0,Silvius Tiberius,2907.0
23.515772797135845,208.5841064750301,-57.387444789642345,-15.614267954122692,-12.054875442761114,4.0,-1.7499922610362781,-32.53748911841003,-9.185971704891887,9.755151691579655,0.24180000000000001,0.43579999999999997,14.6,0.0262,0.0064,0.09726447359204578,-0.7742146469266239,1.6339657108672168,0.916138125440451,1.0,0.8958365079755204,0.8952629745733194,0.7756697408871321,0.553264013102565,0.5837806884748339,1.0,0.8737010282737419,0.9304347826086957,0.8470121372498053,0.6460887949260041,0.7603864734299517,0.9434343434343434,0.937704918032787,0.034482758620689655,0.0,0.0,0.0,0.0,0.0,0.0,0.0,Silvius Tiberius,2907.0
18.631783493672124,207.23960190136663,-75.83561507670163,-15.268866790842997,-12.605081468978657,4.0,-11.521623622210205,-42.20430038432352,-10.965392106791645,12.729649296445396,0.233,0.458,20.8,0.0954,0.024399999999999998,0.2286202101428473,-0.10551210496683065,1.3378320131253045,0.8279329608938546,0.9128491620111732,0.9676470588235293,0.7218102262630689,0.6930701294269319,0.5643270272345198,0.4032400455765556,0.8386871508379888,0.8369413407821229,0.7297547650345054,0.6265712290502793,0.5207711805058174,0.6285945980359389,0.9061452513966481,0.7833966237022432,0.0,0.0,0.0,0.0,0.0,0.0,0.0,0.0,Silvius Tiberius,2907.0
20.657572155976414,195.8868957992362,-69.26958319596554,-16.599594731509622,-15.016842957480623,4.0,-9.262723092510326,-33.95525355259398,-11.644936871638999,13.209768009768009,0.21439999999999998,0.44400000000000006,20.2,0.11520000000000001,0.028200000000000003,0.18435663627152993,-0.08528745486192289,1.314149845426441,0.7094771968854282,0.9384615384615385,0.9150663129973475,0.7194266319516598,0.7016411397279028,0.47664641624597126,0.5127316065469569,0.8272895810159436,0.7861538461538462,0.7708323860047999,0.5040778724427222,0.32789375252111624,0.6047599489868678,0.9062068965517242,0.9117241379310345,0.0282051282051282,0.0,0.0,0.0,0.0,0.0,0.0,0.0,Silvius Tiberius,2907.0
22.35544453354718,206.01901470195133,-53.2499328527544,-14.478039739820014,-11.531287392538767,4.0,-3.4451991446137398,-28.668035284683235,-9.821092221331195,10.693720930232558,0.19820000000000002,0.5696,14.0,0.0194,0.013800000000000002,0.0553411743740533,-0.13776209569633785,1.036731711663548,0.8429785107446277,0.9172413793103449,0.8893153423288356,0.6874154705539708,0.7740652696667812,0.6475120186385681,0.6361344988790386,0.8332884262094306,0.942608695652174,0.8714042978510745,0.6671464267866067,0.4391248786462145,0.768643709749385,0.8834462768615692,0.8994756143055233,0.01739130434782608,0.0,0.0,0.0,0.0,0.0,0.0,0.0,Sravan Renjith,2804.0
19.69034049175226,211.62670468529296,-60.84030676599495,-15.69239196533314,-13.794628009022087,4.0,-1.8423256482080013,-34.12710383298619,-9.555843711843712,10.171986401398167,0.20679999999999996,0.357,16.6,0.0058000000000000005,0.0058000000000000005,0.10242754195695374,-0.22943580167109573,2.22529244176303,0.9060773480662985,0.8795580110497238,0.8928176795580111,0.68031626495509,0.5059998418702649,0.34918923292143156,0.707704626224924,1.0,1.0,0.9540372670807453,0.5184733073453432,0.42140493047325345,0.6584641141547218,0.9679558011049725,0.9179487179487179,0.0025641025641025598,0.0,0.0,0.0,0.0,0.0,0.0,0.0,Sravan Renjith,2804.0
20.599808982436468,195.95242421289535,-53.22488154677925,-16.05792006649649,-11.069141449526485,3.996875,-5.3417311333012005,-24.356288691252008,-9.996679463675308,9.600004257472248,0.23220000000000002,0.32339999999999997,13.8,0.08159999999999999,0.013000000000000001,0.039577292948519346,-0.570220072890384,1.6282624072270668,0.7706238892461742,0.9465977605512489,0.9313953488372093,0.6300806926877918,0.8319084950145257,0.6475958414554905,0.6746044954427559,0.875968992248062,0.8790697674418604,0.7992953668423384,0.5487465561669104,0.5082603203581151,0.7178906568747451,0.7956956344349246,0.9131578947368422,0.0,0.0,0.0,0.0,0.0,0.0,0.0,0.0,Sravan Renjith,2804.0
19.732951109736824,192.279370447674,-65.58438211173117,-14.053992303992306,-12.529552695116047,3.996875,-8.94015559506631,-34.13456374974232,-10.794145408163265,10.87115264034907,0.21959999999999996,0.2374,13.2,0.1726,0.023200000000000002,-0.046154444100872674,-0.08452861952861952,1.0625964148285578,0.7771051761084984,0.9235063017455044,0.8457738275014023,0.6818251331540368,0.5817829457364341,0.7145001030715317,0.6996159187189088,0.8004587881664295,0.8198860939724726,0.9295004306632213,0.39198087503735346,0.4979030136837445,0.7518087855297158,0.789918565499961,0.9454545454545455,0.0,0.0,0.0,0.0,0.0,0.0,0.0,0.0,Sravan Renjith,2804.0
18.787537408243928,164.280155145062,-42.94603903097655,-16.809718749159742,-9.32305326156997,3.996666666666667,-2.5234603129789464,-20.33878256836331,-11.529341776236187,13.581650970664944,0.22459999999999997,0.48600000000000004,16.8,0.0354,0.006,0.10835188620902907,-0.5119686886612352,1.1574378209781935,0.6572971008215029,0.8722689075630253,0.7236077316835089,0.6931584736090761,0.6045083600450489,0.47451255549628735,0.40548284341492347,0.8754911329080126,0.9570903010033444,0.8001034259857789,0.6277650790688996,0.319542831993329,0.6194424656736466,0.6692442306026296,0.7649132355766153,0.0016806722689075599,0.0,0.0,0.0,0.0,0.0,0.0,0.0,Sravan Renjith,2804.0
19.586430401533377,192.72067254721716,-59.81662988162661,-15.228031058694672,-10.049323004251084,4.0,-4.964302711442299,-35.8443642551194,-10.190582643900722,12.459973791781572,0.221,0.32839999999999997,17.0,0.0996,0.023,0.010941605220781424,-0.4222600350746804,0.821604829613983,0.7548387096774193,0.8495041952707856,0.912962962962963,0.41775558428322873,0.8043608124253285,0.5991148785162219,0.3714567117497655,0.9754385964912281,0.765871219266805,0.8631578947368421,0.47598493752992904,0.29690366786771893,0.6248443689869836,0.7983283270210266,0.8947368421052632,0.0,0.0,0.0,0.0,0.0,0.0,0.0,0.0,Sravan Renjith,2804.0
20.84963155320436,201.16121882950833,-54.8922830318459,-15.587911298176966,-10.836916553317717,4.0,-1.8419833861064987,-30.063646234227047,-9.700195968645016,9.13837040862734,0.25279999999999997,0.2952,12.8,0.0228,0.0062,0.14557016471234335,-0.2776595744680851,1.0525117130684376,0.87655010814708,0.9118279569892472,0.8468413978494624,0.7300740532547995,0.6162128074826925,0.48444337333218224,0.6227850198851083,0.9204301075268816,0.9674019038774089,1.0,0.42573422873150124,0.6050823797784342,0.7153023773896194,0.7596491228070176,0.9131578947368422,0.0,0.0,0.0,0.0,0.0,0.0,0.0,0.0,Sravan Renjith,2804.0
20.538328657464554,193.79788463696553,-61.99712888884902,-13.856828638761082,-11.46657451784689,4.0,-8.596653948303594,-31.91073953540568,-9.290979688026036,9.124647439494257,0.2258,0.5168,12.8,0.09840000000000002,0.009600000000000001,0.05179740395765535,-0.10562974600680805,1.4643496801705758,0.9223880597014926,0.8475438596491228,0.8746268656716417,0.7262795047319792,0.8619047619047618,0.6180217587130391,0.6143380840160101,0.8102985074626865,0.9228070175438596,0.76732390678188,0.7195862791306624,0.49297861434546436,0.8004020438348796,0.8188785800726098,0.9104477611940298,0.00333333333333332,0.0,0.0,0.0,0.0,0.0,0.0,0.0,Sravan Renjith,2804.0
18.983713323713324,152.90482924482924,-55.361748246420575,-16.567965367965368,-10.525567390239727,4.0,-1.513852813852814,-33.32558922558922,-10.975382395382393,13.546608946608947,0.2136,0.286,20.2,0.06399999999999999,0.0058000000000000005,0.2711784511784512,-0.04779220779220778,1.5656084656084654,0.5782535895471743,0.8684598276341395,0.5634940144355886,0.8200387331966279,0.49555110479390097,0.746635523307676,0.26420800265061384,0.8174784592723807,0.8814285714285713,0.9368972890942955,0.7492481203007519,0.10029677854964673,0.579091326267012,0.7278672032193159,0.8618180484513683,0.0018348623853211,0.0,0.0,0.0,0.0,0.0,0.0,0.0,Sravan Renjith,2804.0
18.421761844712663,190.50273224043718,-53.42201748767322,-13.987870053443823,-11.402513494398741,4.0,-1.4701855521527656,-30.72125142616946,-9.371752837326607,9.53155587581817,0.2306,0.3342,11.8,0.0646,0.009600000000000001,-0.06909265597790185,-0.4643247462919593,1.4288716747733141,0.7176494802922713,0.8238962642790983,0.8166718122877432,0.4889001602493421,0.5875402461077052,0.6274291006924535,0.5204913333039298,0.9934959349593496,0.9110425028300917,0.8630029844602243,0.6564886281774209,0.3888193004895691,0.6673664711330657,0.7707317073170732,0.88130081300813,0.0,0.0,0.0,0.0,0.0,0.0,0.0,0.0,Sravan Renjith,2804.0
20.257399226367774,172.76170334161617,-65.24233428352933,-16.998737006184555,-12.90322448069453,4.0,-4.83023484543269,-35.372542421299656,-10.811027403162065,11.67343187324417,0.1848,0.4122,16.6,0.078,0.0188,-0.01148338507183227,-0.5591814682244884,1.603231463217537,0.6991687133950502,0.8869565217391304,0.7929003852504128,0.5721614820777784,0.6569046837763216,0.6276510424466297,0.5237531912007635,0.9,0.782259588135273,0.8028793408043062,0.33800798303053126,0.8536846659152749,0.7281097769847861,0.899458174713477,0.8791044776119403,0.0,0.0,0.0,0.0,0.0,0.0,0.0,0.0,Sravan Renjith,2804.0
20.43685452298157,182.298616078821,-66.25318683382177,-16.80255304804485,-11.73705425510723,3.982857142857143,-7.124202061599602,-33.37836695408417,-11.592900432900432,10.399032775057364,0.2278,0.3632,20.4,0.063,0.009,0.3041820133418494,-0.09298594847775174,1.5409234617841174,0.6960180041024108,0.9571428571428571,0.7781727215873556,0.8142624854819976,0.6669791996621265,0.32090592151978836,0.7047993935360337,0.9454545454545455,0.7506873614190688,0.6947186147186147,0.6032932920737799,0.3117456070922774,0.5243653432527097,0.7246753246753247,0.9154471544715447,0.0048780487804878005,0.0,0.0,0.0,0.0,0.0,0.0,0.0,Sravan Renjith,2804.0
24.46027555859407,230.71549679348868,-72.95360722250399,-15.780646311285148,-15.050682017785345,4.0,-4.1425483091991815,-39.022206409186836,-10.402621447778344,7.445097272730862,0.2136,0.4438,12.0,0.1004,0.0254,-0.12265194756991624,-0.27886861398274704,1.6254252738184083,0.9932203389830508,0.9854545454545456,0.9577464788732394,0.6466337715873957,0.9381818181818182,0.4716969001804429,0.5620812083595563,0.9048780487804878,1.0,0.9329783579525935,0.355113768030408,0.6709378220542768,0.7016751506823647,0.6900760570790673,0.777157490396927,0.0036363636363636203,0.0,0.0,0.0,0.0,0.0,0.0,0.0,Sravan Renjith,2804.0
20.07694836564402,174.73588220383255,-59.75108176776043,-15.874177720140455,-11.186899403081181,3.9956521739130437,-3.8883301653487985,-35.092405616008094,-10.88895699193836,13.18403595484341,0.198,0.4358000000000001,18.4,0.054400000000000004,0.003,-0.00489986204271918,-0.4963555055480521,2.0219350789537125,0.6327231055848707,0.8873475148704506,0.747163698619249,0.5723527186662198,0.48033099668521206,0.3313571019727516,0.4413814584943766,0.8806201550387597,0.800455159661475,1.0,0.7420218495153101,0.33026973932805964,0.4141714647273641,0.6423198981840013,0.9066953664891809,0.00620155038759688,0.0,0.0,0.0,0.0,0.0,0.0,0.0,Sravan Renjith,2804.0
21.245820105820105,194.90031746031747,-64.58955122436981,-16.54179894179894,-11.89008032489892,3.942857142857143,-6.1798941798941796,-35.01005291005291,-10.234920634920636,11.324338624338624,0.21719999999999998,0.4386,15.6,0.029600000000000005,0.0,0.04656084656084658,-0.14497354497354492,1.9453968253968257,0.840696835377796,0.7909494684724042,0.8854303189165573,0.6318770933449833,0.7428571428571428,0.437616730166153,0.5468376731666159,1.0,0.9229357798165138,0.7788359788359789,0.727687443541102,0.5456672297541104,0.7798377028714107,0.8090092713945924,0.9880952380952381,0.0,0.0,0.0,0.0,0.0,0.0,0.0,0.0,Sravan Renjith,2804.0
18.89987505719213,165.73292847170896,-61.61545483337382,-17.857361067117164,-11.267962253686106,3.957142857142857,-8.640870376236231,-30.111159797745167,-12.213648329989795,14.518404134257793,0.19540000000000002,0.5466,21.2,0.030199999999999998,0.0,0.15153521275472492,-0.3766728844777626,2.2418232264573725,0.629748845077754,0.8080551760036437,0.7893883792048929,0.5745215662189805,0.5182070337978414,0.3384699799564851,0.5088380791869602,0.8066580176440062,0.7616062425312912,0.9063829787234041,0.6800432451133022,0.3971723250318585,0.7432658709565818,0.7573364660252107,0.8051063829787234,0.0,0.0,0.0,0.0,0.0,0.0,0.0,0.0,Sravan Renjith,2804.0
20.59434676434676,190.07535653235652,-63.203255410665484,-16.482490842490844,-12.055082028492105,4.0,-3.1818315018315015,-36.62487637362638,-9.797446886446886,10.938472222222222,0.2226,0.4422,22.8,0.05500000000000001,0.0124,0.04713003663003661,-0.1143131868131868,1.5032106227106228,0.7256083646394026,0.9774647887323944,0.9247524752475247,0.49443543081285374,0.685805496855211,0.30550186589958006,0.5057639132371611,0.8708687770185468,0.9294937944498676,0.8767244492596605,0.4567174722618524,0.39406942530899586,0.7190566247635999,0.8486528941355674,0.8794205382076669,0.0,0.0,0.0,0.0,0.0,0.0,0.0,0.0,Sravan Renjith,2804.0
18.537921760335557,170.01893242996692,-49.03073146740527,-16.85314446693757,-11.03157336652303,4.0,2.0172070706553464,-29.050201888132925,-9.895373395373396,11.782354578906304,0.1972,0.3696,14.6,0.0806,0.0162,-0.03729530212288833,-0.20127160127160124,1.1550030667272044,0.7358921628811131,0.8795580110497238,0.6800699318102634,0.5835962936435827,0.7098569010999951,0.3432786157259422,0.4975927585043607,0.9405405405405405,0.9728813559322035,1.0,0.1595136483988436,0.7668518518518519,0.7441487967038112,0.7817846299338013,0.9179729729729729,0.0,0.0,0.0,0.0,0.0,0.0,0.0,0.0,Sravan Renjith,2804.0
22.556565656565656,211.21696969696973,-64.99565816899151,-15.604040404040404,-11.027678371011705,4.0,-8.996969696969698,-33.2459595959596,-10.291212121212121,10.170202020202021,0.2354,0.6112,18.8,0.0702,0.0116,0.0108080808080808,-0.39959595959595956,1.5030303030303032,0.8538497652582159,0.8954545454545453,1.0,0.8792488262910798,0.4120571916346565,0.3563646212941987,0.7388010111953773,0.8869696969696971,0.7707925407925409,0.8154033290653009,0.6015877080665814,0.6744289044289044,0.7999405758560688,0.9833333333333332,1.0,0.0,0.0,0.0,0.0,0.0,0.0,0.0,0.0,Sravan Renjith,2804.0
20.107083749021832,187.7219212741365,-60.79647346535791,-16.08580697484199,-11.344004000242888,3.993026326177529,-4.88004662484256,-33.30296889126288,-10.609526897884436,11.432853597539312,0.2141141552511415,0.3822465753424657,17.881278538812786,0.0747808219178082,0.0128219178082191,0.1011121330264179,-0.2597439947783068,1.4648755845906352,0.7491405362401807,0.8725823384423768,0.7958233067930093,0.6387548979832577,0.6593536052349815,0.4908724731119138,0.5487989735135371,0.8649202792458325,0.8764477853605398,0.8304636607519179,0.5325262668015605,0.4658190674220556,0.6297813591709156,0.7982141223345598,0.8634884189161933,0.0721298899073268,0.0545454545454545,,,,,,,Sravan Renjith,2804.0
21.025415687598787,198.44478691663804,-54.40964565543322,-16.765609775871347,-10.112766307417052,4.0,-4.664749083914074,-28.542509335064665,-10.346578039666571,12.022566886500488,0.18560000000000001,0.39,17.8,0.0608,0.012199999999999999,0.0153818280981259,-0.4291341120314963,1.8116173095851162,0.7910907471044928,1.0,0.785071071006159,0.5821650079984747,0.5830714936606757,0.5137824495179055,0.6986786699578917,1.0,1.0,0.9549295774647888,0.5580538439510604,0.27763233408405297,0.30542388270642484,0.6241462038491572,0.7728485214157531,0.0,0.0,0.0,0.0,0.0,0.0,0.0,0.0,Sravan Renjith,2804.0
18.9749989328097,158.93808453570108,-68.33396874326249,-12.27179344887447,-13.477324203008086,4.0,-7.967457098949884,-41.84856213893396,-9.19747630837531,12.428644454879194,0.2374,0.45999999999999996,16.4,0.008400000000000001,0.004200000000000001,0.09156955234924158,-0.20830316742081445,0.9998036369845471,0.5377634983211167,0.9681159420289855,0.8119635627530364,0.76006192438881,0.7988962158978566,0.5546805748832864,0.40843570480438485,0.9658563134978229,0.8207944389275074,0.7015791632485644,0.6545937855302735,0.4960215337675292,0.42842742386350174,0.898076923076923,1.0,0.0,0.0,0.0,0.0,0.0,0.0,0.0,0.0,Steven Zierk,2953.0
19.19484477579669,179.49313428525096,-51.36888865844905,-15.004148709213748,-9.067418504810984,4.0,-9.057350906286656,-24.184579731485524,-10.130778250659015,12.075387444006875,0.2234,0.5378000000000001,17.0,0.056600000000000004,0.0046,0.15680700408725634,-0.019144144144144122,1.168111958036081,0.5537775530346039,0.9847457627118643,0.9192762198220052,0.46206631455407987,0.8354920958694543,0.762182641265393,0.3875712911838303,0.9027782631486982,0.9463917525773196,0.910850952297746,0.3414913718917793,0.37937915971301517,0.5361206322520318,0.5952469145919722,0.9571684945164506,0.0,0.0,0.0,0.0,0.0,0.0,0.0,0.0,Steven Zierk,2953.0
22.05455656955657,193.71456924456925,-72.07938906893244,-16.823762723762723,-11.034518354061722,3.985714285714286,-5.291622791622792,-42.80089407589408,-11.260262080262079,11.14595667095667,0.19860000000000003,0.43900000000000006,23.6,0.0548,0.0082,0.15544401544401545,-0.03828828828828828,1.509785304785305,0.7844663382594417,0.7588416988416988,0.6850738916256158,0.6274604997941005,0.5555806832150055,0.5226436781609196,0.46009558074513973,0.5969569076465627,0.7077348777348778,0.8664092664092664,0.3869085341499135,0.35263712446551254,0.7235467980295567,0.7286371100164204,0.8010344827586205,0.0,0.0,0.0,0.0,0.0,0.0,0.0,0.0,Steven Zierk,2953.0
16.984604558877816,179.0202404023625,-60.31765114346003,-15.583656330749353,-9.707038371219351,4.0,-3.0014765596160946,-37.36521779254337,-10.122632890365448,11.462370801033593,0.29159999999999997,0.4034,16.4,0.029800000000000004,0.0,0.08244739756367661,-0.08053248431155406,1.9080564784053156,0.7844593068430279,0.9292307692307691,0.7705065359477123,0.8010081319349446,0.5958820101467159,0.4877913752913753,0.5765478551696062,0.8746794871794872,0.9368464052287582,0.8796422182468694,0.3333156648033529,0.5396035940803382,0.5873943023840424,0.7450490196078431,1.0,0.0,0.0,0.0,0.0,0.0,0.0,0.0,0.0,Steven Zierk,2953.0
19.58878914782684,214.71473945550127,-58.543697877385554,-15.245113524985218,-10.699678831000828,4.0,0.5188824896924334,-37.38008472860117,-9.960803301661361,10.22310001917059,0.25260000000000005,0.3966,15.2,0.08380000000000001,0.02,0.08909522922353716,-0.11790149557591414,1.511327036740028,0.9425287356321839,0.8729411764705883,0.9964912280701753,0.5874850943512201,0.7159161595672752,0.5523799541265111,0.5496421835521866,1.0,0.8407031778228532,1.0,0.639706044107133,0.615542264752791,0.7130346056918065,0.9317647058823528,0.9411764705882353,0.0,0.0,0.0,0.0,0.0,0.0,0.0,0.0,Steven Zierk,2953.0
20.899755155239024,199.1812844264457,-63.004086786264835,-11.414110381852318,-10.881714678086267,4.0,-9.956787537432698,-37.27806482645193,-9.65068752036494,12.177278157923318,0.25959999999999994,0.4852,15.0,0.039,0.0064,0.08459712330680072,-0.2346835482319352,1.8984697978246365,0.8571470849363717,0.7665984670698105,0.9901639344262296,0.5644886726944405,0.5761662376766448,0.5969051675314507,0.7062245595990666,0.8770642201834862,0.6603288604652842,0.925161678447887,0.7486231313926043,0.7135117218475255,0.7791315080951934,0.9724770642201837,1.0,0.0,0.0,0.0,0.0,0.0,0.0,0.0,0.0,Steven Zierk,2953.0
17.605146664500264,162.85469783673307,-66.34428510852231,-16.148932666689472,-14.580168710945642,4.0,-6.7291070430886055,-36.52756470464712,-11.557285590287677,15.198773607136207,0.21459999999999999,0.5498000000000001,24.0,0.0786,0.0092,0.05044720296531095,-0.19403833107191318,1.3275055656590995,0.6358559250238272,0.5471109953180004,0.744897504456328,0.62779091343728,0.3922624875814602,0.3503563446067152,0.47195390539125553,0.8303158464342675,0.8261983082706766,0.7789772727272728,0.49242147934043884,0.4484576240867666,0.6957927713338856,0.7224991997439181,0.5884864681097184,0.0,0.0,0.0,0.0,0.0,0.0,0.0,0.0,Steven Zierk,2953.0
17.952646143203044,167.8844742303701,-56.076636722823956,-15.488458434221148,-9.929573999429511,4.0,-5.794699066067105,-30.880387409200967,-10.208751297129021,12.225233483223798,0.252,0.45299999999999996,14.2,0.0606,0.0,0.064421768707483,-0.22677966101694916,1.6751297129021097,0.6065543173974087,1.0,0.6860373506275146,0.5520252507782774,0.8472178615035759,0.5616440282484422,0.5925818466542081,0.9408163265306122,0.8700680272108844,0.9103061224489796,0.8064529914529913,0.5139443588294459,0.545465109961597,0.6991538727616209,0.8376068376068376,0.0,0.0,0.0,0.0,0.0,0.0,0.0,0.0,Steven Zierk,2953.0
20.531680367246715,182.99453578164474,-59.42449740432572,-17.015515462083197,-11.039667682963486,4.0,-1.6752161844774203,-35.40752998113946,-10.433351126294438,12.14678303263229,0.2432,0.3166,17.8,0.082,0.0,0.31199601437671254,-0.26593359666915767,1.9113358955197324,0.6829083820662768,0.7151267056530215,0.8534502923976609,0.4749090803293474,0.660185272468069,0.48533880306071975,0.6319256349829798,0.9596491228070174,0.9070175438596492,0.8353606237816764,0.32045235809257805,0.5649105350440778,0.6998440545808967,0.8192982456140351,1.0,0.04155945419103312,0.0,0.0,0.0,0.0,0.0,0.0,0.0,Steven Zierk,2953.0
18.841585998365655,163.61969036460565,-69.3535949620762,-15.752356789644926,-10.768057030775555,4.0,-9.254649313123888,-42.35054475223967,-10.165507694321253,14.937520618029094,0.229,0.5202,18.0,0.1548,0.012,-0.05165581860497115,-0.6381055408174052,1.1145791405113439,0.609023370995202,0.8536836403033586,0.8599012880703022,0.4006903358823096,0.42031064954082514,0.5225175172117098,0.4443315757708966,0.8491452991452991,0.8663536776212833,0.841675695196822,0.7351608067795604,0.6501998001998002,0.5804810598752332,0.9643835616438355,0.873931623931624,0.0,0.0,0.0,0.0,0.0,0.0,0.0,0.0,Steven Zierk,2953.0
18.373131884343035,201.94924496240932,-55.72474455342609,-14.031992525570416,-11.321247962815033,4.0,-2.936105920535012,-33.97445990689746,-10.161412765538945,12.700474527930762,0.2298,0.31179999999999997,19.0,0.13740000000000002,0.009600000000000001,0.12235608444794124,-0.45650625054637645,1.074093452224845,0.8360734718458296,1.0,0.780516975308642,0.5571568192141432,0.5991728771454381,0.4042376071124176,0.6658780602636535,0.7848069105691057,0.8374614197530864,0.9008130081300812,0.731667795844625,0.37640045179877407,0.5629112089732009,0.5983084340024191,0.8081404320987655,0.016260162601626,0.0,0.0,0.0,0.0,0.0,0.0,0.0,Steven Zierk,2953.0
19.36789137482541,175.35170555747766,-83.73213464053339,-16.132401747844025,-14.080436130813888,4.0,-5.6752985686643855,-51.1240901984905,-10.52858378503056,9.808675790309973,0.21660000000000004,0.44539999999999996,19.2,0.05960000000000001,0.0056,0.33681877010212846,-0.07681159420289851,1.6716939607119514,0.6280946065428823,0.9173913043478261,0.9673913043478262,0.5183546384702385,0.49764385013970747,0.592867746288799,0.5164220453875626,0.7906596701649176,0.8383156498673738,0.6286270326375274,0.6297545255712225,0.5104855264675354,0.50683632542703,0.8801451905626134,0.9282758620689655,0.0,0.0,0.0,0.0,0.0,0.0,0.0,0.0,Steven Zierk,2953.0
18.87326821910753,171.46960968252216,-57.99050935383535,-14.606450460108997,-13.289164237927817,3.98974358974359,-7.5499156510634275,-30.473669205017842,-9.373241679410977,13.312188289950125,0.2566,0.6,13.8,0.062,0.0078,0.07251328298674066,-0.6269212375381672,1.7302484220705168,0.557988088801881,0.8309440772356373,0.8455564043799338,0.5688775655983618,0.7886171450341173,0.47042678969773544,0.7149298612725723,1.0,0.847318563789152,0.9304347826086957,0.5698446651387827,0.6540106951871658,0.5842132618560067,0.8408940108259124,0.989090909090909,0.00196078431372548,0.0,0.0,0.0,0.0,0.0,0.0,0.0,Steven Zierk,2953.0
19.278841248914432,179.99751574773063,-61.92329280476924,-14.86285697840166,-11.658305532191456,3.997164545493161,-6.318116390435636,-35.264117848899765,-10.471925456511578,12.654864856177689,0.229142991533396,0.4555211665098777,19.07808090310442,0.0720037629350893,0.0086575729068673,0.110845693588937,-0.2605567421077535,1.367035678991741,0.6841169480645961,0.8640223326210286,0.8128097811652888,0.6009804113295153,0.6036135455427919,0.5498711649820898,0.5606592208455203,0.8865020942704139,0.8488184156791808,0.8206249796434268,0.6115966927346287,0.4221707615470756,0.6161515962686758,0.7862253798130928,0.8517428941931985,0.0686931799312895,0.068315809468791,,,,,,,Steven Zierk,2953.0
15.716114996114996,133.0496891996892,-69.1636090721448,-13.335975135975136,-10.683741162276876,4.0,-12.12039627039627,-39.188034188034194,-11.375594405594406,13.54013209013209,0.24819999999999998,0.38079999999999997,16.0,0.046799999999999994,0.0,0.11244755244755242,-0.15272727272727274,1.3993317793317792,0.43681410359602857,0.8966292134831461,0.706600592390066,0.6028900236330578,0.31353868909892146,0.6117353308364544,0.5668508886629038,0.8778195488721805,0.9212865497076024,0.8890259356255807,0.45020011825313244,0.16733563314041275,0.7740943267259057,0.7448051948051948,0.8144565960355434,0.0,0.0,0.0,0.0,0.0,0.0,0.0,0.0,Steven Zierk,2953.0
20.875640679100535,189.72440188880125,-44.72014753798071,-11.495558411803536,-10.093194333252082,4.0,-4.671626332890186,-26.56777168526599,-9.546213019709949,13.65421624494104,0.2824,0.47359999999999997,23.2,0.09119999999999999,0.0092,0.17915000266624007,-0.5664531835825807,0.7525985727341096,0.6744261397911652,1.0,0.760348667048419,0.7440616031186751,0.8123587989592952,0.39818537615324867,0.5933057017424263,0.8653305338168863,0.8741617357001973,0.9032258064516128,0.7680680992421882,0.43288105919684866,0.5964476949196813,0.6949672329324934,0.876503149456003,0.0,0.0,0.0,0.0,0.0,0.0,0.0,0.0,Steven Zierk,2953.0
17.89261375417906,172.52037818169424,-59.22617959062518,-16.393287374344204,-10.018259618348281,4.0,-5.562019070992152,-33.47858703093,-10.903538955782228,13.12951245977168,0.2542,0.4694,20.6,0.047,0.009,0.18079436902966312,-0.32241565900588826,1.6926922934899007,0.645664260227367,1.0,0.7628967795958087,0.876037296037296,0.5724391035070646,0.4284748908049879,0.5463198074848561,0.8727123362074819,0.9333333333333332,0.7957430918595968,0.592822172433823,0.4636375706278619,0.49064672113215807,0.6638848530110666,0.6275097502281968,0.0,0.0,0.0,0.0,0.0,0.0,0.0,0.0,Steven Zierk,2953.0
19.577010567622207,172.81304657684726,-67.83310770543804,-15.192709372259852,-12.501913549573652,4.0,-4.98472908243542,-40.36324772706497,-10.879754679286735,12.089246705182592,0.19619999999999999,0.4502,21.0,0.05940000000000001,0.007600000000000001,-0.0026477094973778982,-0.056390993340145856,0.9494922161263355,0.6333652409849904,0.752275641025641,0.6519096637593321,0.5547285206809893,0.45547808238486204,0.6471101871101871,0.5404520718780115,0.8901672240802675,0.9589048239895698,0.7389165391228767,0.4119656591856297,0.1485236187096909,0.6412939145142535,0.6957243031819302,0.8675675675675676,0.00338983050847456,0.0,0.0,0.0,0.0,0.0,0.0,0.0,Steven Zierk,2953.0
22.129728715728714,214.58487445887445,-57.32405909908937,-15.662453102453103,-10.446650729681002,3.9733333333333336,-5.5934632034632035,-30.601861471861476,-11.035445887445887,12.042481962481963,0.257,0.4974,13.4,0.06920000000000001,0.0,-0.09572582972582973,-0.23353535353535354,1.5615699855699856,0.9415730337078652,0.9118644067796609,0.8426354738601098,0.5911280416581888,0.8486273573645262,0.47769617952566723,0.8337078651685393,1.0,0.8656636831079794,0.8786516853932584,0.5871486155919474,0.6625468164794006,0.6249866238630284,0.755014982568918,0.9191011235955056,0.0,0.0,0.0,0.0,0.0,0.0,0.0,0.0,Steven Zierk,2953.0
18.806868137987415,163.48750455580728,-55.38624160060774,-13.1632417031682,-10.237162332621025,4.0,-9.096049206390001,-30.18804187793496,-10.928748434993006,14.227001954499448,0.221,0.5236,21.8,0.1442,0.03660000000000001,0.12538044203263046,-0.32184400964888765,1.096238218847641,0.6525471458159224,0.8970919324577862,0.6507258553982962,0.46648382715488007,0.41294753731637845,0.5892530302461166,0.834319526627219,0.8175326254356813,0.6716503201750831,0.9682926829268294,0.7395449410523487,0.22430742466285167,0.5871173764424682,0.6479406583804024,0.7684607278917078,0.0,0.0,0.0,0.0,0.0,0.0,0.0,0.0,Steven Zierk,2953.0
20.897222559653247,205.09876445527144,-73.66141102986376,-11.927183844459254,-11.241352141766459,4.0,-14.534866109194137,-44.04230090019301,-9.862662965504336,13.946954931253448,0.225,0.4514,21.8,0.041800000000000004,0.0092,-0.08559632816680839,-0.03923666171646234,1.3492057056120434,0.8147058823529412,0.8455210101551565,0.924025974025974,0.7406201641495759,0.7360614039236708,0.5350246915526686,0.5273921121123417,0.9529411764705882,0.9372549019607843,0.7459671047906342,0.2922722741947993,0.5277271747859983,0.4740162276747643,0.6851321164090174,0.923249299719888,0.0,0.0,0.0,0.0,0.0,0.0,0.0,0.0,Steven Zierk,2953.0
18.234537229135487,174.7705196447869,-62.044197961891214,-15.357944945614005,-11.69800519100884,3.996536774016318,-5.684050575643736,-35.06975998317222,-10.634072295070936,12.40309825460221,0.220984282907662,0.4420451866404715,19.715127701375245,0.0728821218074656,0.0103300589390962,0.1018162669291287,-0.2468128718806826,1.4358830808230665,0.6751429516095463,0.8749830015744449,0.7986316119290738,0.5789990279639087,0.5586855208723454,0.5209733655028117,0.5535579026482267,0.857816476732793,0.8218448882883932,0.8054426148312245,0.5629648549428239,0.4991774484096771,0.6334666956243352,0.7395721727678761,0.7889236497669997,0.0659387355916211,0.0887205181473786,0.0922644506904558,,,,,,Svyatoslav Lisenkov,2825.0
18.03082634252126,175.55579638189812,-71.7487642388824,-14.608252011641842,-14.752588355757377,4.0,-8.541696627289848,-39.178365576670664,-10.337978085944188,11.670116418421502,0.22039999999999998,0.5474,22.6,0.0998,0.0222,0.023927980368658376,-0.36009016720881126,1.1109644467271587,0.7141698926761715,0.8227983927653458,0.7934640522875818,0.5645806623122713,0.605530687718519,0.6256489994768313,0.3926447339588793,0.7920599250936329,0.8002643754130865,0.8629213483146068,0.45679110086547514,0.6821696361393825,0.2817036972374986,0.7843510737628384,0.8789915966386556,0.0,0.0,0.0,0.0,0.0,0.0,0.0,0.0,Svyatoslav Lisenkov,2825.0
18.518241803549596,167.75643065774395,-60.11850653151953,-13.557212170509024,-14.264342939747184,4.0,-4.956338360497048,-32.69695074006976,-9.69476290766578,11.05110058696926,0.20459999999999998,0.619,15.2,0.0514,0.014600000000000002,0.15679642731899912,-0.2478260805264909,2.0000874795950034,0.5591851314837782,1.0,0.9121303445413034,0.690612702366127,0.6721080144859077,0.4996515601989497,0.7329249492900609,0.9050362610797744,0.7849069623125584,0.9150684931506848,0.8401960784313726,0.667044932079415,0.3435997295469912,0.85,0.9070588235294117,0.0,0.0,0.0,0.0,0.0,0.0,0.0,0.0,Svyatoslav Lisenkov,2825.0
21.787792177629136,214.59668199554068,-51.565386673032904,-8.295206243032329,-11.097266550401901,4.0,-16.94446070234114,-23.651614176885914,-9.40567586399108,13.828836863619472,0.2496,0.6516,14.2,0.1044,0.019200000000000002,-0.008259940542549232,-0.14153660349312522,1.700587606837607,0.9777777777777779,0.9822222222222223,0.9133333333333333,0.48769252833563226,0.7925195618153364,0.42851532676140697,0.6724761989125528,0.7790297339593114,0.9924528301886791,0.8379879275653923,0.9482226693494299,0.47150458305387877,0.8641509433962264,0.9063492063492063,0.8168253968253968,0.0,0.0,0.0,0.0,0.0,0.0,0.0,0.0,Svyatoslav Lisenkov,2825.0
18.8239969143792,170.0121515781497,-49.53055609261183,-15.476433120530576,-11.042647921852671,3.9964912280701754,-0.056326385509317414,-28.554572939113257,-10.256226637812315,11.859159684136127,0.2184,0.5086,17.2,0.076,0.0073999999999999995,0.25920574218460873,-0.09335732493627229,0.7816131745193531,0.6079306644037339,0.8730434782608697,0.8446321070234113,0.598004259952211,0.6030936454849498,0.43214271452104025,0.7344544708777686,0.9060869565217391,0.82,0.8556521739130435,0.40946599902613523,0.4262732293602348,0.6904075774971298,0.7797376828233415,0.8489689512304697,0.0,0.0,0.0,0.0,0.0,0.0,0.0,0.0,Svyatoslav Lisenkov,2825.0
19.0915687072158,172.15602627971847,-51.71885144335708,-17.710380829472403,-10.057773121219112,4.0,-0.8375309609311123,-30.243923240938166,-10.78522484249002,13.915981551693733,0.23900000000000002,0.4248,16.2,0.08940000000000001,0.0,0.24502865639578691,-0.5572289866457187,1.5308127394712794,0.6766835714965533,1.0,0.7992848305211491,0.4301215544512275,0.44753437787506745,0.5134309071729958,0.7727030052527339,0.8947368421052632,0.9533834586466166,0.9954887218045112,0.27607285562459494,0.6314872896527032,0.8408163265306122,0.6780870440114753,0.8251342642320086,0.00150375939849624,0.0,0.0,0.0,0.0,0.0,0.0,0.0,Svyatoslav Lisenkov,2825.0
19.924455640047842,210.86213364789077,-53.64794703993397,-12.438465451958706,-11.283998233556373,4.0,-4.16492879686283,-30.116402009205604,-9.520299309804557,9.876146761454107,0.2246,0.4554,16.2,0.057600000000000005,0.0198,-0.0310777043910477,-0.1898213055634345,1.8814322568445505,0.8855072463768116,0.9220338983050848,0.819536231884058,0.8017873651771957,0.5784366435169678,0.6381963034918081,0.48979870927402247,0.9222058462294276,0.9487272727272726,0.8911078359125522,0.7101958568738229,0.5427076215359191,0.6215469953775039,0.9179849340866291,0.9318840579710145,0.04927536231884058,0.0,0.0,0.0,0.0,0.0,0.0,0.0,Svyatoslav Lisenkov,2825.0
19.464703182392775,199.81962382474495,-61.799518281853395,-14.990464937780823,-12.45144389691596,4.0,-4.939397954449689,-34.29959508943076,-10.127942966345888,11.009326563069715,0.20459999999999998,0.434,22.4,0.0488,0.0038,-0.12592314644171004,-0.44421789693366076,1.2880327503699385,0.8369699166364626,0.8268152020993185,0.9584905660377359,0.3755898841287827,0.4855638622501036,0.5785129991579452,0.4810558108645305,0.9268411442483263,0.9473394106423575,0.6853728186144897,0.5383702931139479,0.3045264720391746,0.8483906770255272,0.7315597229414361,0.8407063618916333,0.02193548387096774,0.0,0.0,0.0,0.0,0.0,0.0,0.0,Svyatoslav Lisenkov,2825.0
18.264643743184138,149.95057869110892,-59.33591818757176,-15.969552808899042,-12.839396023081864,4.0,-6.038388087925716,-30.23752132668833,-11.268040704943276,13.016980763966469,0.1992,0.4196,18.6,0.0364,0.0,0.16018623046184385,-0.08011235752741415,1.8102365657520916,0.5089079746177834,0.9151785714285715,0.8636704899305055,0.6426837146871394,0.5670975062888347,0.3932979341886682,0.4803446946135625,0.7592312082894275,0.7980335852654281,0.8395967950374775,0.5292223892459742,0.45123355418166733,0.8706199460916443,0.7627722513335722,0.8666666666666668,0.008333333333333321,0.0,0.0,0.0,0.0,0.0,0.0,0.0,Svyatoslav Lisenkov,2825.0
14.824562387860047,126.07752436847275,-66.643026409047,-16.355112241968186,-10.39391448264983,3.9900381811870878,-6.2402169640752465,-41.6119799373413,-12.425364705226169,16.393523741026655,0.18760000000000002,0.4648,30.6,0.0966,0.023200000000000002,0.23352148808053363,-0.04530364779750758,0.8117807613235051,0.42366392613162895,0.5365914723315125,0.4693600878197194,0.3748947723186147,0.38724530102493354,0.3759385297069522,0.23400966277501847,0.5865273665152451,0.49977924969849186,0.5553049813576175,0.5474685667493562,0.22114096167399433,0.5117232493363681,0.49846702255917813,0.4530799682716462,0.00130718954248366,0.0,0.0,0.0,0.0,0.0,0.0,0.0,Svyatoslav Lisenkov,2825.0
18.247367424242423,183.79132575757575,-60.651802706057175,-12.788383838383838,-10.680356998986463,3.977777777777778,-5.443592171717172,-37.163667929292934,-10.308882575757575,11.75530303030303,0.2544,0.5072,18.8,0.096,0.0156,0.11538510101010102,-0.08958333333333333,0.33402777777777776,0.7374652777777777,0.6556375665286813,0.7395152646363099,0.6037090485418974,0.6238855371460399,0.5354882955117739,0.46871459901113727,0.888888888888889,0.7405427631578947,0.630124553542095,0.595086812888964,0.3262045278878539,0.723985235618115,0.6889092230319942,0.7177555868838763,0.0203125,0.0,0.0,0.0,0.0,0.0,0.0,0.0,Svyatoslav Lisenkov,2825.0
17.249120002039984,174.06006935944512,-68.58569093538918,-16.669094247246022,-11.998409468640919,4.0,-6.9813583741330065,-35.98252626478988,-11.03876300489596,10.084460424316607,0.1928,0.5648000000000001,22.0,0.0358,0.0094,0.22221261729906164,-0.08888565891472866,1.8519961240310074,0.6511021815751094,0.8515827922077921,0.8287946428571429,0.7910926757066463,0.5379505745361415,0.44997497656087226,0.7056333556149733,0.9107438016528926,0.7696202665627964,0.7232198199527746,0.6339805064587818,0.5814280288561705,0.38174580977561057,0.8374870867768596,0.8642949380165289,0.0203125,0.0,0.0,0.0,0.0,0.0,0.0,0.0,Svyatoslav Lisenkov,2825.0
20.745261703141438,191.23805226362714,-61.76733956827859,-16.457879078218703,-12.644809548165274,4.0,-3.4821693239815694,-34.0814074001724,-10.48220788915555,11.381133671414897,0.2262,0.42519999999999997,18.6,0.1022,0.028999999999999998,-0.10978921064000875,-0.20780677982218415,1.4559808577204767,0.6805288821403366,0.9261538461538461,0.9607476635514018,0.7070596693026598,0.48895958153776614,0.6324640071627105,0.610830858732154,0.9036976838683461,0.9347826086956521,0.6767417872659645,0.4606238050327245,0.5095474588769997,0.6928989853551257,0.7705562400985742,0.994392523364486,0.0,0.0,0.0,0.0,0.0,0.0,0.0,0.0,Svyatoslav Lisenkov,2825.0
18.58640119825579,180.4359426451906,-55.597445242345806,-15.478410001729685,-10.57852654993265,3.9935483870967743,-11.430172943006259,-26.755912069554334,-11.200793583725773,15.852821518506127,0.2152,0.469,20.0,0.091,0.018,0.07897104393658871,-0.09324009324009322,1.7797707967986607,0.6391231010076511,0.8741935483870968,0.9342105263157894,0.6126697920076528,0.5930358846231942,0.44361207426483756,0.7254833641639002,0.8680351906158359,0.867741935483871,0.790501756308208,0.5122891210606285,0.5773653341565056,0.8657894736842107,0.7882111383788905,0.9299660441426146,0.0,0.0,0.0,0.0,0.0,0.0,0.0,0.0,Svyatoslav Lisenkov,2825.0
18.924674931797476,165.99834381740604,-69.80870480294453,-17.32340827350863,-14.74822584837826,4.0,0.9955604200000941,-44.92662867444034,-10.409453365051046,12.603450938433657,0.2284,0.4122,21.4,0.0838,0.0242,0.22473922565358784,-0.7080403456853055,0.9601063038953315,0.664170855257991,0.8141193977591037,0.6707875206157229,0.4655377214664598,0.4445661783278606,0.6005500113028288,0.42498773315843136,0.88125,0.9058823529411765,0.8666666666666666,0.6032597384748292,0.5614566639992697,0.7117647058823529,0.6476934932851645,0.7691493069190293,0.0352073598130841,0.0,0.0,0.0,0.0,0.0,0.0,0.0,Svyatoslav Lisenkov,2825.0
21.60541480377546,185.69095600816914,-57.36876278819195,-14.875917646409452,-11.358167766941186,4.0,1.6687779433681076,-37.00229066622509,-9.70370094386488,9.902536291880555,0.22000000000000003,0.4814,12.4,0.09280000000000002,0.014599999999999998,-0.03067008886681013,-0.16273665617927907,1.124863387978142,0.768107302533532,1.0,1.0,0.7149262362323323,0.7039783076668323,0.8140710382513661,0.7378546523071732,0.9672131147540984,0.8765482695810565,1.0,0.5357521237740848,0.8440893659357463,0.8063296903460838,0.9081967213114754,0.9114754098360656,0.0,0.0,0.0,0.0,0.0,0.0,0.0,0.0,Svyatoslav Lisenkov,2825.0
16.779755700507582,170.0464080605434,-59.84948417626136,-11.864440429853962,-12.175697377812924,4.0,-11.761186750660434,-31.499154702914105,-8.68616635142951,12.137161436409556,0.2212,0.5636,11.0,0.045399999999999996,0.0066,-0.12967787749742635,-0.14599686028257455,1.6072483406317992,0.6811800048065368,0.8685865607414763,0.8404710406152368,0.8174364482635159,0.8698173515981736,0.5501467280059988,0.543198144162237,0.8641599105395583,0.6840625823318403,0.9459720730397422,0.7702333132243525,0.45549117689545654,0.699937106918239,0.856140350877193,0.7910526315789473,0.0,0.0,0.0,0.0,0.0,0.0,0.0,0.0,Svyatoslav Lisenkov,2825.0
17.778541033434653,166.3595720841528,-60.863742568084305,-14.129423684367364,-9.760782916138425,4.0,-8.91934561058466,-34.64969306871685,-10.251836223851242,12.847338935574232,0.24900000000000003,0.5022,15.8,0.0738,0.0086,0.13309374813755287,-0.30543178973717144,1.5583157518326478,0.5349868444567123,0.9591397849462366,0.9217391304347826,0.4577893348282517,0.5599328370354664,0.6191099577945803,0.6331258141677674,0.9898305084745763,0.7972801429276664,0.8357317649307012,0.5370564740189848,0.46098945256307494,0.7871663752035216,0.8018473251853336,0.7217458091230882,0.0,0.0,0.0,0.0,0.0,0.0,0.0,0.0,Svyatoslav Lisenkov,2825.0
21.472954242899686,194.15485243967268,-66.80758521270609,-14.187239316571794,-13.51923670840765,4.0,-8.036059406646697,-35.5018234333061,-10.159565487999378,10.596339140225533,0.1876,0.5576000000000001,19.2,0.0344,0.0,-0.17438078906307403,-0.28509722816526406,0.8599730185898349,0.7970398428731762,0.9022727272727273,0.9636363636363636,0.5433445566778901,0.5710757575757576,0.6286419753086419,0.7100533108866441,0.8785000000000001,0.6569113355780022,0.7579826038159372,0.6302429854096521,0.3756425364758698,0.7429629629629629,0.9863636363636363,1.0,0.0,0.0,0.0,0.0,0.0,0.0,0.0,0.0,Svyatoslav Lisenkov,2825.0
18.713518373047044,198.6842493671991,-55.56456886503255,-16.31611242035437,-12.31379815716837,4.0,-1.477821419219691,-30.061717727153706,-10.810659858601728,11.415540717465305,0.3096,0.3948,17.2,0.1318,0.0222,0.16399362834948067,-0.266483372610631,0.6297137121410492,0.8453355611250348,0.8728533777222915,0.8694687538518429,0.6599313458371215,0.5051631712417033,0.5321807365523212,0.6940768483839644,0.8362147566168856,0.6950028824542887,0.7852560171897842,0.3446529863543109,0.5801222176477869,0.7887580464359492,0.8270676691729323,0.7921284693214518,0.00150375939849624,0.0,0.0,0.0,0.0,0.0,0.0,0.0,Svyatoslav Lisenkov,2825.0
15.509669051878353,154.4623156430133,-66.66326902755074,-13.432160604253628,-11.756517884636793,3.986538461538461,-3.9789505068574833,-40.96134466308885,-10.265954084675014,9.745120254422579,0.15019999999999997,0.4282,18.4,0.0906,0.021399999999999995,-0.03267342476644802,-0.4515722520373683,1.366307891075333,0.664922480620155,0.8461538461538461,0.5865097112190136,0.564773404889684,0.5795510690859529,0.5856120623562484,0.6583290740267485,0.9526088252832439,0.8442307692307691,0.8306350626118068,0.6728234943351222,0.6398777579010136,0.582449527216969,0.7043828264758497,0.7567233154442456,0.0,0.0,0.0,0.0,0.0,0.0,0.0,0.0,Svyatoslav Lisenkov,2825.0
19.813873756101174,185.66827335370013,-60.68563464334503,-14.493250401839855,-11.641753393994875,3.996919355192813,-5.895679518637632,-34.59451720908403,-10.21308429043327,12.155730815451824,0.2247698630136986,0.4343698630136986,18.504109589041096,0.0763753424657534,0.0121260273972602,0.1289340894187899,-0.2747692881807454,1.7321465153257192,0.7326914523932752,0.8870677309613303,0.8293579932362855,0.6429873959254572,0.5926138077252463,0.556236759505097,0.5906453218520709,0.8749206378120111,0.8591588555267295,0.8524724165188357,0.6575562253571386,0.4912206118629408,0.6476685725947036,0.8071773382013957,0.8365680168144037,0.0669961372208386,0.0573389964667968,0.1043478260869565,,,,,,Yagiz Kaan Erdogmus,3086.0
20.16710182627744,176.06122959228216,-61.41601465571513,-15.702493571122435,-10.495501585648295,4.0,-1.6085590385256445,-39.328037148594376,-10.177870612886327,11.896447301061956,0.23879999999999998,0.197,22.8,0.0842,0.0142,-0.06847925298030064,-0.5180257988475642,1.553767074225757,0.628592157089898,0.9025996292863763,0.8067959337349396,0.4024711345381526,0.3983031806714036,0.5056118383791576,0.7084149096385542,0.925301204819277,0.8353125,0.8499869670991659,0.7132986111111111,0.321832297137267,0.6519917168674698,0.8758847891566266,0.7498230421686747,0.0375,0.0,0.0,0.0,0.0,0.0,0.0,0.0,Yagiz Kaan Erdogmus,3086.0
21.08680889497352,197.76159740642498,-59.31148103959963,-13.664341195820617,-11.33126864786333,4.0,-5.3973474801061005,-35.32630653242444,-9.87698753600867,12.284770352623521,0.227,0.39880000000000004,15.6,0.046,0.004399999999999999,-0.07186028160444177,-0.39359288097886536,1.3104505480923723,0.8419614867890729,0.9451612903225806,0.8522423533995713,0.8626523297491039,0.7477446587440744,0.6446279083895268,0.615409366268513,1.0,0.8475901875901876,1.0,0.7424150932493536,0.4806966937526315,0.38336683215437384,0.7381310893669258,1.0,0.0,0.0,0.0,0.0,0.0,0.0,0.0,0.0,Yagiz Kaan Erdogmus,3086.0
20.629444238630015,177.7901924149433,-49.14747020555244,-14.113861089080794,-10.899841923350984,3.9932203389830505,-0.5693738991342865,-31.421553251028364,-9.150094154528446,13.014033772587391,0.23479999999999998,0.4514,20.4,0.0898,0.0318,0.3740902608463832,-0.4551625168682385,1.5454358235690364,0.6635410397819017,0.8991150442477875,0.7820264533038677,0.5781979613778316,0.5210683630274721,0.6793932679677861,0.4992130859860766,0.8103493125232255,0.9264957264957264,0.9978260869565216,0.901945181255526,0.4407766282117095,0.271577172362863,0.7670070342636714,1.0,0.012328870735950358,0.0,0.0,0.0,0.0,0.0,0.0,0.0,Yagiz Kaan Erdogmus,3086.0
18.36628775834658,174.7510969793323,-44.61460107556536,-12.65866454689984,-9.174275161415919,4.0,-3.7720588235294117,-23.878537360890302,-9.678124006359301,10.547058823529412,0.2682,0.25820000000000004,16.8,0.0926,0.0058000000000000005,0.05088235294117647,-0.6222893481717012,1.941470588235294,0.7033203843794724,1.0,0.9,0.6275311797178491,0.5172684522592517,0.6913187487221426,0.499930484563484,1.0,1.0,1.0,0.58318407960199,0.5297945205479453,0.6733561643835617,0.8055551012062973,0.8729452054794521,0.0,0.0,0.0,0.0,0.0,0.0,0.0,0.0,Yagiz Kaan Erdogmus,3086.0
19.95224048386037,175.88202986325686,-66.03105242302777,-15.128804812306885,-12.217999944558226,3.988679245283019,-13.070890309644335,-30.98812249359016,-11.050206922621786,12.436292814410624,0.2002,0.5172000000000001,26.2,0.0878,0.0048000000000000004,0.2284336992965617,-0.11066990993360067,1.7826575340214315,0.6050958994708994,0.7396164858348403,0.9234567901234568,0.5832528659611993,0.6401609626504141,0.7124050632911392,0.7054358940012949,0.8799107142857142,0.7378062839059674,0.724119575045208,0.7271428571428571,0.5438987258053714,0.549890873015873,0.7623985890652557,0.7138215792646172,0.0,0.0,0.0,0.0,0.0,0.0,0.0,0.0,Yagiz Kaan Erdogmus,3086.0
18.256024228344234,181.39707679835954,-53.84060217320592,-13.204915791330603,-11.071752039544013,4.0,-8.96204560499074,-29.135143694658574,-10.329978045055721,14.863233002373729,0.2224,0.5730000000000001,19.8,0.0896,0.0094,0.1176960719872114,-0.09498708577588938,1.7667582137966462,0.6838378834787503,0.9054098883572568,0.7975821371610845,0.5975255131292283,0.5504699469161369,0.500412270199803,0.6772109505946206,0.8621945773524722,0.8002360446570972,0.7008931419457735,0.547600462832661,0.5633097949599035,0.8456898395721926,0.7625240641711231,0.8013108171498263,0.0175438596491228,0.0,0.0,0.0,0.0,0.0,0.0,0.0,Yagiz Kaan Erdogmus,3086.0
21.551207564365463,192.38487126908177,-37.518446157050704,-13.021569074200652,-9.020542306515274,4.0,1.5341193893825475,-23.356345408976985,-8.643836864889497,10.98972810814916,0.26539999999999997,0.4704,13.2,0.09259999999999999,0.0246,0.2179691653375863,-0.8082706766917293,1.6715424925951243,0.790699919549477,0.8991150442477875,0.9733547868061143,0.5784254683369727,0.5765778923301047,0.6184713158164484,0.6884287394021907,0.9942857142857143,1.0,0.9969230769230769,0.6016383616383616,0.740320497488639,0.8247787610619468,0.8849557522123893,1.0,0.01061946902654866,0.0,0.0,0.0,0.0,0.0,0.0,0.0,Yagiz Kaan Erdogmus,3086.0
19.612854864433814,198.6558031442242,-50.31795465627582,-14.31615402141718,-10.09769947286274,3.924110275689223,-3.1469355206197305,-24.286580086580084,-9.877470950102529,7.482775119617226,0.23620000000000002,0.5404,14.8,0.05639999999999999,0.011600000000000001,0.10770107085896559,-0.18313055365686942,2.836591478696742,0.8920353982300885,0.8140581542351454,0.9371428571428572,0.723574722672317,0.6191292890083865,0.6511346149660995,0.6699873577749683,1.0,0.9840707964601769,0.9876106194690266,0.7823931197806306,0.5154506587212557,0.6582400598279945,0.7211271166823952,0.8205723228258439,0.0,0.0,0.0,0.0,0.0,0.0,0.0,0.0,Yagiz Kaan Erdogmus,3086.0
22.126938684075782,212.08077508960574,-57.47592783396641,-16.184882232462876,-10.252150312205014,4.0,-4.968433179723503,-30.85302419354839,-10.71829877112135,11.500860855094727,0.24939999999999998,0.5704,16.2,0.0934,0.0,0.14596454173067078,-0.3571326164874552,1.4742978750640041,0.8537281861448969,0.9944444444444445,0.9486895161290322,0.6855978979375992,0.6092229115778164,0.3381614403649702,0.7845930441187581,0.9228571428571428,0.7848847926267282,0.9681003584229391,0.7160711924907457,0.4682507418179681,0.7749308755760369,0.8774193548387096,0.7906963645673324,0.0,0.0,0.0,0.0,0.0,0.0,0.0,0.0,Yagiz Kaan Erdogmus,3086.0
21.6960898336636,190.8853736063572,-54.12738670067732,-15.051694389399307,-10.07184315496984,4.0,-5.170822074100762,-28.103919614083548,-10.767966132228429,11.038858664104566,0.19219999999999998,0.457,17.6,0.093,0.0298,0.05642018455133209,-0.26368982565703875,1.3738399887908086,0.7175045537340619,0.8432416444838806,0.8626523749474568,0.585911934743011,0.8042735042735043,0.4441797864310847,0.644146487075924,0.7993989071038252,0.8311040481766476,0.8533296930812458,0.6793736864228668,0.23320609980929702,0.6666456494325347,0.8483606557377049,0.8991803278688526,0.0,0.0,0.0,0.0,0.0,0.0,0.0,0.0,Yagiz Kaan Erdogmus,3086.0
19.728525597798704,180.93191683137618,-68.57801139978451,-13.447482850831298,-12.576510682813606,4.0,-9.086883501918381,-41.052038135100574,-10.449351354493665,14.034255125373019,0.213,0.347,21.4,0.12840000000000001,0.040999999999999995,0.01218346703871644,-0.00851063829787234,1.6350744874626983,0.6031358775486222,0.8263967882234862,0.7675645161290322,0.8517884423291615,0.4648176449850167,0.29033218515680553,0.5168289852517773,0.7844262295081967,0.6414127913460466,0.6180748976833815,0.6023585110758564,0.43251979180531713,0.5765622245725365,0.9198315118397085,0.7800607850049944,0.019444444444444438,0.0,0.0,0.0,0.0,0.0,0.0,0.0,Yagiz Kaan Erdogmus,3086.0
18.714533117716687,158.1214077321908,-57.02029524226875,-15.288958538252507,-9.703384450877863,4.0,-2.3884717336578696,-33.63113882266642,-10.553951286197755,10.545609589383659,0.23479999999999998,0.376,17.8,0.141,0.0058000000000000005,0.2195385359185103,-0.2723851757998099,1.4535605088108299,0.5452297534061576,0.8840579710144928,0.842810475049329,0.5639955493040538,0.5924115667106171,0.5637647394902519,0.6627570903543444,0.8179904306220095,0.9345454545454546,0.951258581235698,0.5200821455609803,0.31030099500711605,0.8842588121680347,0.8918778427550358,0.8754385964912281,0.0146788990825688,0.0,0.0,0.0,0.0,0.0,0.0,0.0,Yagiz Kaan Erdogmus,3086.0
22.900060519107864,198.74278700926047,-41.754767532842166,-14.52468153558541,-9.734306770266619,4.0,-1.7975296726229295,-21.42935133255076,-9.41270718664406,11.143808964827617,0.21939999999999998,0.37839999999999996,14.8,0.07519999999999999,0.013000000000000001,0.16473596800139126,-0.22583870266510156,1.7677023607669233,0.8106832905512773,0.9069306930693071,0.935972754363559,0.7711521152115212,0.6958568079030124,0.7287032779906342,0.6685787682216497,0.910891089108911,0.9663366336633663,1.0,0.6671564980252814,0.4395157715005217,0.5910989374799549,0.8462290673511795,0.9333333333333332,0.0,0.0,0.0,0.0,0.0,0.0,0.0,0.0,Yagiz Kaan Erdogmus,3086.0
24.01127264057071,241.79973864697814,-64.68571222604025,-16.190196221034338,-10.521915185480706,4.0,-9.444219719183645,-37.07137620014171,-10.90197491699697,15.443970016797119,0.187,0.36619999999999997,20.6,0.0774,0.0758,-0.029641080539843802,-0.1812014070937241,1.5400020146990385,0.7846589759158065,0.8672131147540985,0.9012345679012345,0.8869945355191258,0.5886604793708619,0.5352575345599817,0.48819878793364174,0.9072657356810362,0.862214126695001,0.7089330623091612,0.4950773914803375,0.26909500302325196,0.6143523641076504,0.8996154624569925,0.7590112897406792,0.06260869565217392,0.0417391304347826,0.0208695652173913,0.0,0.0,0.0,0.0,0.0,Yagiz Kaan Erdogmus,3086.0
19.417803379416284,174.1973008558262,-41.46252320276001,-11.135747202106648,-9.482589035544729,4.0,-3.51181698485846,-23.40883805134957,-9.11033245556287,11.186800526662278,0.205,0.3874000000000001,21.2,0.0458,0.004,-0.10377551020408164,-0.19122448979591836,1.4836712749615977,0.7139038841342988,1.0,0.9804811372334609,0.7969980250164582,0.6527065085192086,0.7116222760290556,0.6515773088896576,0.9642857142857142,0.8128571428571428,0.7669387755102041,0.7074149659863946,0.6571186440677966,0.5135483870967741,0.8563611207194743,0.85,0.0,0.0,0.0,0.0,0.0,0.0,0.0,0.0,Yagiz Kaan Erdogmus,3086.0
18.118121390432602,165.9753985026505,-57.12847797233292,-16.304872956047408,-10.955296697534667,3.9904761904761905,-3.5829954121236596,-31.638537480209475,-11.185812356979406,12.548560740085508,0.2098,0.35180000000000006,23.0,0.0752,0.0052,0.12801898448166454,-0.34112206667564055,1.7300428901537732,0.6262939958592132,0.9969230769230769,0.7240530484008744,0.5896706192358366,0.5845473367212498,0.43785055524185956,0.2954370267413745,0.9314285714285713,0.7813250517598344,0.8126415613372135,0.799047619047619,0.5354515050167225,0.3077082337951903,0.632269469660774,0.9012987012987013,0.0,0.0,0.0,0.0,0.0,0.0,0.0,0.0,Yagiz Kaan Erdogmus,3086.0
19.52523698655232,198.53241932018392,-60.13793774498737,-15.123643529675258,-10.00195781638771,4.0,-6.841247781673208,-36.402188833672646,-10.520165563742875,14.751265780164328,0.21159999999999995,0.4784,19.4,0.1024,0.0154,0.0356033636432191,-0.2810571451863917,1.797109964603059,0.8205862758161226,0.8627954155892252,0.6911671107527833,0.5148946353395858,0.28335131659415247,0.4897144585463552,0.675907844923884,0.8825224305459548,0.9035087719298247,0.7348445370852874,0.7052919989119071,0.2369282046502117,0.7703157108163647,0.7366603844525842,0.6355492419504543,0.0175438596491228,0.0,0.0,0.0,0.0,0.0,0.0,0.0,Yagiz Kaan Erdogmus,3086.0
17.840382014130768,179.9061277638945,-78.1742410691158,-14.062525842386261,-14.272174929871184,3.992156862745098,-9.150123870811807,-46.176842632276326,-11.314565006279862,12.80983434976456,0.20600000000000002,0.2542,19.6,0.0536,0.0072,-0.051290587113119526,-0.012549019607843121,0.9679393421467202,0.7076183101181891,0.587337381794012,0.840310068407814,0.447639774745448,0.39533225230792723,0.39693806237321316,0.6464939380991226,0.6911856663020647,0.716011964107677,0.4626966371092246,0.6167543689278485,0.18567036795719674,0.7740806152969661,0.8679861248432234,1.0,0.01282695602512848,0.0,0.0,0.0,0.0,0.0,0.0,0.0,Yagiz Kaan Erdogmus,3086.0
18.397944097944098,160.77198198198198,-68.80848729616588,-12.0001386001386,-12.307327675006245,4.0,-10.921159621159623,-38.27244167244167,-10.06115038115038,10.753730653730655,0.2878,0.5958,15.6,0.07339999999999999,0.0056,0.2052321552321552,-0.28914298914298914,1.2423654423654422,0.6156772420471051,0.7927754677754677,0.9942307692307691,0.510331741755927,0.7218660295774135,0.5596495599920257,0.6951712795241374,0.8739726027397261,0.7390674394099052,0.8904109589041095,0.856117146905999,0.5280364527530328,0.44421368154244867,0.7955536411015863,0.9134615384615385,0.0,0.0,0.0,0.0,0.0,0.0,0.0,0.0,Yagiz Kaan Erdogmus,3086.0
20.748444637304566,189.186293255169,-59.02206897423512,-15.055782813900612,-10.406367800958236,4.0,-5.0756944820823175,-34.29480933461198,-9.48720602515631,11.297791482474338,0.2372,0.5756,17.8,0.045,0.0078,0.531944992579103,-0.3354219057718527,2.2566636962722297,0.7142976883556593,0.8563418803418802,0.7519754738015607,0.6695721187025534,0.6485442952109619,0.4061831147918104,0.4332689800805743,0.8804347826086957,0.9333333333333332,0.8832961724266072,0.7548186134852801,0.4363379990916222,0.3574702860210106,0.984,0.9733333333333334,0.0,0.0,0.0,0.0,0.0,0.0,0.0,0.0,Yagiz Kaan Erdogmus,3086.0
17.822302618366763,153.67322345773306,-63.844522626153164,-16.213530558450913,-11.90063748794542,4.0,-4.73777412094951,-38.12581563002354,-10.549115929315553,13.682351100531776,0.2142,0.3804,22.4,0.0664,0.0,0.0021113038507651035,-0.2553863247663952,1.4266087533954075,0.4237848685916489,0.7006056762327573,0.8070529689727877,0.7022501747030049,0.4345521544608631,0.4492221883913289,0.5920126778061552,0.7983691254279489,0.8218487394957983,0.7135027594557409,0.6013620468694288,0.41754242924142354,0.6863932220413352,0.7954797373883011,0.6896678466247632,0.0074074074074074,0.0,0.0,0.0,0.0,0.0,0.0,0.0,Yaroslav Remizov,2864.0
24.63802120477345,195.0770836304854,-73.82096414548005,-15.245851756763182,-14.31832068044892,4.0,-6.284980744544288,-45.5612846479342,-9.846983311938382,13.436456996148909,0.2198,0.4154,16.8,0.06799999999999999,0.011199999999999998,0.12419055769505064,-0.05692958683972802,1.2707935149526934,0.6834709802852396,0.8518785890073831,0.7421650088786369,0.514972771839966,0.522679665599057,0.8191304347826087,0.7239857982655259,1.0,0.8813781788351107,0.8853318077803204,0.5287444514901712,0.2750206879839109,0.571775645679591,0.7935359718645654,0.7962718799727211,0.0,0.0,0.0,0.0,0.0,0.0,0.0,0.0,Yaroslav Remizov,2864.0
17.78397313426314,173.55926492594378,-69.62424295136255,-14.550444995967922,-11.490147583018446,3.997014925373134,-13.87913989076705,-34.655528805471235,-10.94396269292588,11.897966091414853,0.19899999999999998,0.34500000000000003,24.6,0.054200000000000005,0.016599999999999997,-0.04279846099514878,-0.33430898858268143,1.5244905771985586,0.6211715322421191,0.7744237993704944,0.8849020205096965,0.6888764603891975,0.7513437596705468,0.3349293227253052,0.5406078920892072,0.739865655610241,0.8841485376554392,0.6838215669042736,0.6771144278606964,0.4088530348938833,0.5580381949251885,0.9223880597014926,0.8029241547365216,0.0,0.0,0.0,0.0,0.0,0.0,0.0,0.0,Yaroslav Remizov,2864.0
20.82207264957265,195.8155769230769,-57.16078599652112,-13.847863247863248,-10.225486851221973,4.0,-9.826602564102563,-28.96207264957265,-9.923653846153845,11.624893162393164,0.2222,0.6234,14.4,0.0944,0.0222,-0.02705128205128206,-0.1296581196581196,1.1931410256410255,0.7233080038074956,0.8274039297513476,1.0,0.580694835139587,0.6233400914587691,0.5747393914156012,0.5760959546255514,0.9793814432989691,0.9447626320478554,0.7972644829137738,0.8126034557862638,0.3959710803236067,0.3605850944928397,0.8509365471177581,0.6125980779676148,0.0,0.0,0.0,0.0,0.0,0.0,0.0,0.0,Yaroslav Remizov,2864.0
17.753856711172414,155.04311388265342,-71.61025163877908,-16.41014707616709,-12.23556443567141,3.986440677966102,-5.201682093120729,-43.8786074535513,-11.389720220672844,13.51902896243819,0.21319999999999997,0.45119999999999993,24.4,0.05800000000000001,0.0448,0.41704248337901595,-0.18643953101784422,1.6187569258428964,0.5566249313796936,0.8610169491525423,0.8016527809973137,0.557328572965291,0.5704515127778965,0.5345397831118545,0.42666375682998386,0.8813523212728253,0.6781717631290153,0.5752425661545206,0.39319683243407644,0.7248102493865206,0.6095717807692502,0.7970166946198145,0.7687413811127626,0.04606060606060606,0.0,0.0,0.0,0.0,0.0,0.0,0.0,Yaroslav Remizov,2864.0
19.244894609288657,188.3644958112995,-52.10270504522195,-15.513114242242523,-8.825311340415066,4.0,-4.351877109424948,-29.019711590087212,-10.73539997918453,12.34270921613232,0.1796,0.3246,21.8,0.10500000000000001,0.0132,0.06360811406878024,-0.06434663375839844,2.320871276137045,0.7881855262422288,0.9829457364341085,0.5871699284287293,0.85245947850599,0.5126136004166602,0.29997681196968334,0.3076056435187448,0.8267371388301621,0.9072586328400281,0.9006950236308034,0.5505404374446405,0.23574135215220066,0.7821517931609675,0.812118268491717,0.865708245243129,0.0,0.0,0.0,0.0,0.0,0.0,0.0,0.0,Yaroslav Remizov,2864.0
19.552329023925864,169.37995032864222,-55.94413736131111,-14.216781924454443,-14.498323895189449,4.0,-6.925133653765073,-26.024802659317153,-10.692860212763126,12.413764984178128,0.20339999999999997,0.4534000000000001,17.2,0.054599999999999996,0.003,0.00505337718188716,-0.2854049822253585,1.0392385441214977,0.6475183405008854,0.7333087422534984,0.7969643308879333,0.8635932203389831,0.5206823440734756,0.591214611231584,0.4712662491761187,0.8564634454844422,0.9233493549203138,0.7352390589425752,0.7397419681254742,0.40190838410435925,0.4845287089285499,0.7270933468251961,0.8204293785310736,0.0,0.0,0.0,0.0,0.0,0.0,0.0,0.0,Yaroslav Remizov,2864.0
16.892252221462748,176.68617680565052,-62.48619689174751,-14.91742993848257,-10.740089578008618,4.0,-9.864456596035541,-36.469845067213484,-10.578933697881066,16.084557985873772,0.2284,0.5466,24.6,0.1226,0.0086,0.14245841877420823,-0.06762816131237179,1.5260719981772612,0.6737065637065637,0.9730630630630632,0.6032269863848811,0.5742532005689901,0.6344733455259771,0.475361376414008,0.29447131341868177,0.9004761904761904,0.7260360360360361,0.8177606177606178,0.7388789541421119,0.43120978120978115,0.36007857481541683,0.676638217164533,0.612531328320802,0.02285714285714284,0.0,0.0,0.0,0.0,0.0,0.0,0.0,Yaroslav Remizov,2864.0
18.353405363519272,163.39332502591702,-60.07719190900489,-15.760831020869764,-11.371066480980977,4.0,-6.605017958679331,-33.80120673947873,-10.507178235965528,13.968108526969434,0.23280000000000003,0.3242,23.6,0.087,0.0,0.04712516623558852,-0.4492138601212604,1.3301421824769366,0.5554023793160398,0.7427640449438202,0.8516853932584268,0.4816991589074483,0.4461223676045366,0.6945402250526567,0.36565189780323604,0.9539325842696629,0.8979872984855888,0.8842105263157893,0.4507915604906323,0.44388076550054284,0.5028742961458359,0.878988764044944,0.808561797752809,0.016,0.0,0.0,0.0,0.0,0.0,0.0,0.0,Yaroslav Remizov,2864.0
14.01012841594237,150.27395662046825,-59.68401785969523,-13.923075718424556,-10.861345398650677,3.991860465116279,-11.110981912144704,-30.804615926708948,-11.123502466525721,14.147643097643098,0.231,0.382,29.4,0.0738,0.02,0.14055516404353616,-0.3671114243207266,1.329646073134445,0.5133726318658852,0.8857971014492753,0.8377865612648222,0.56231884057971,0.45876084684930263,0.37373972104856656,0.38952319294898,0.5471870882740447,0.48314910726454957,0.7122529644268775,0.4071421107628003,0.4747905592658216,0.5575687156421789,0.525204443232929,0.6667709327154604,0.0,0.0,0.0,0.0,0.0,0.0,0.0,0.0,Yaroslav Remizov,2864.0
18.80250819000819,177.87371070049645,-49.42471135497648,-15.503255110397967,-9.525490659327213,4.0,-1.619556360627789,-28.47667728024871,-9.46466868074011,11.16493673636531,0.2504,0.47859999999999997,15.4,0.09860000000000001,0.0224,0.1184375470089756,-0.5692786942786943,1.2817611442611443,0.6731800088456434,0.8611764705882352,0.8276642548911457,0.5781516434324927,0.6266575353793399,0.4440585451819419,0.5389135289444886,1.0,0.9136842105263158,0.9905882352941177,0.6580105654055233,0.5688572079549523,0.5866387894870867,0.613587147519036,0.9333227344992052,0.03530060672917814,0.0,0.0,0.0,0.0,0.0,0.0,0.0,Yaroslav Remizov,2864.0
14.691813380143415,146.54285572912985,-55.76827621356814,-17.628638187915776,-10.284290209468328,4.0,-3.675374932258901,-31.60539984920242,-11.76044420489621,15.185871170173495,0.19859999999999997,0.4518,26.2,0.0678,0.0238,0.25231939633844636,-0.1653266888150609,1.29551106241606,0.49910844688397765,0.9220435428005939,0.6842899554675903,0.5606049011261669,0.4368152856019387,0.3885845448190821,0.29519624686137175,0.9443768996960487,0.7055237637654865,0.7284078084187802,0.5625908806394145,0.2015901187974849,0.3189778034570754,0.7285369220151828,0.616946390026871,0.0,0.0,0.0,0.0,0.0,0.0,0.0,0.0,Yaroslav Remizov,2864.0
19.622043728175463,209.85651176547464,-55.028865869479716,-14.947614232750734,-11.638809489664563,3.995348837209302,-1.5947755239608483,-30.643376460796656,-9.55636456807192,9.356725568555701,0.23539999999999997,0.262,17.8,0.0772,0.009600000000000001,0.21581569601214268,-0.42879818594104313,1.8331140275456324,0.8907216494845361,0.712731745231852,0.7679311242429308,0.6062530739995529,0.6285005810077771,0.3349266449719136,0.632637209958762,0.956701030927835,1.0,0.8206940233137929,0.6697366369228104,0.28823154003869583,0.865414825724104,0.8732394366197184,0.952112676056338,0.00470588235294116,0.0,0.0,0.0,0.0,0.0,0.0,0.0,Yaroslav Remizov,2864.0
17.79739118880293,174.850477754374,-66.42236803610106,-13.291164961689969,-12.45240701324629,4.0,-9.054148047533745,-38.24530885341137,-10.899582340859729,13.52024318064004,0.23320000000000002,0.3524,22.6,0.11139999999999999,0.014599999999999998,-0.02612770155143036,-0.23389830508474577,0.5151858304297329,0.6151156344051956,0.9013828069994677,0.7924334140435836,0.5719993750473183,0.49100283952572876,0.3435180926265124,0.43832914657417854,0.9050242130750605,0.8855096814585173,0.5207152550718344,0.3591163056205077,0.10467874273493764,0.5966273577855499,0.6950587600793525,0.7706292005159422,0.0,0.0,0.0,0.0,0.0,0.0,0.0,0.0,Yaroslav Remizov,2864.0
16.735959146614846,152.43017299911622,-36.34269716337877,-11.941514917255411,-7.783308015902199,3.2,-3.558022996889038,-18.56364379258423,-8.268447279126082,10.572239838378188,0.18719999999999998,0.4206,15.0,0.0578,0.013000000000000001,0.04883061056528085,-0.3742642323484243,1.131980587398544,0.7938937168039335,0.927027027027027,0.86203007518797,0.815149359886202,0.7906752174554033,0.48010347809109416,0.5704965912396253,0.9200501253132831,0.9125381020117862,0.8650375939849624,0.8056086161349321,0.5960563172637476,0.7432330827067669,0.9196078431372549,0.8007315586262955,0.0,0.0,0.0,0.0,0.0,0.0,0.0,0.0,Yaroslav Remizov,2864.0
19.034699821774726,181.8146499755029,-68.41060729331033,-15.178970837800799,-12.219051620989225,4.0,-7.716726903495629,-37.59279288235002,-10.866183067888917,11.163118019214247,0.21059999999999998,0.2734,18.6,0.0986,0.0214,0.27002023673428815,-0.14419063713760266,1.6210320024426093,0.6516054647826959,0.9008403361344538,0.7712110658163058,0.7537460054444314,0.5681618221058915,0.5487663234307808,0.7705508870214752,0.8253968253968254,0.7895424836601308,0.9529411764705882,0.4959125415732367,0.4845221548944368,0.7244820384861402,0.6261224865533068,0.7692398470971549,0.0,0.0,0.0,0.0,0.0,0.0,0.0,0.0,Yaroslav Remizov,2864.0
18.82334837275883,175.9680204616356,-71.42447678427752,-15.992406439125016,-12.663071573128146,4.0,-7.833616006697207,-42.23119150638617,-11.381699416538126,14.677508157597146,0.2206,0.39540000000000003,25.2,0.0354,0.0,0.2225879066368499,-0.15705424599751625,1.5516816791121575,0.6112748674589392,0.9193548387096774,0.8640674603525124,0.6317542315376689,0.5754512060665228,0.5440852930099026,0.5012418834254134,0.8831085891553941,0.9325387641749595,0.7561365723286875,0.5530255224352576,0.3959759382219122,0.5409622984501397,0.761959976135742,0.7492699421076899,0.0,0.0,0.0,0.0,0.0,0.0,0.0,0.0,Yaroslav Remizov,2864.0
20.509684643088004,192.00299242774034,-75.94962867697446,-16.112764336503833,-13.994403125215285,4.0,-6.871410102502539,-41.9385538830917,-10.821615569304644,9.78911833964355,0.23959999999999998,0.4720000000000001,15.4,0.0364,0.004,0.18832440668575123,-0.12150706436420722,1.329841628959276,0.7261851638080306,0.8195110109394731,0.9772151898734176,1.0,0.5444832680308312,0.6111930603201308,0.42719272583813783,0.875,0.9155612244897959,0.6318852936042731,0.5396733207846245,0.44748967120550953,0.5978764828008029,0.85066772994283,0.846524696835256,0.0,0.0,0.0,0.0,0.0,0.0,0.0,0.0,Yaroslav Remizov,2864.0
22.417901425117044,200.41018418480218,-69.9823635919443,-16.94510469722694,-13.003951285518408,4.0,-7.6606343571538815,-39.26432834285126,-10.483724340175954,13.375379430982147,0.22559999999999997,0.3534,22.0,0.0908,0.0064,-0.050854041261511516,-0.15190615835777127,1.6645727221279003,0.7327650939116966,0.9154471544715447,1.0,0.6416691060242374,0.7302541544477028,0.591113449576997,0.5927049491979718,0.9054308667025548,0.8521320915478023,0.7795210166177908,0.3407108571381098,0.5482600359930184,0.5182728824829376,0.7091108458359334,0.9056910569105691,0.0016129032258064401,0.0,0.0,0.0,0.0,0.0,0.0,0.0,Yaroslav Remizov,2864.0
20.44080648465147,179.39990479960085,-54.4553831146704,-15.776245989011946,-11.09216185695826,4.0,-6.567586660101857,-28.22384867350673,-10.650159977211649,13.854620042120041,0.2068,0.42519999999999997,17.6,0.055200000000000006,0.016800000000000002,0.08934264515571508,-0.4701002022430593,1.3255900015398494,0.6166969070387409,0.6330650337669421,0.6780421641753189,0.5128842677554883,0.7650260609349051,0.533697724923871,0.35521465407197506,0.9439350734810266,0.8257340512659661,0.9038034656722965,0.6156080758902246,0.2849362583711067,0.7911951857149904,0.8969696969696969,0.7815986198964923,0.0,0.0,0.0,0.0,0.0,0.0,0.0,0.0,Yaroslav Remizov,2864.0
18.932833190932964,180.48513288590507,-61.79955684996022,-15.205461238822464,-11.617036146550824,3.989673939466125,-6.008484127408078,-34.764245872473914,-10.50965513216192,12.315651727990865,0.2179610619469026,0.4117858407079646,19.92920353982301,0.0743610619469026,0.0101415929203539,0.1149456222158854,-0.3234641657918972,1.3920729754192716,0.6988364201017333,0.8690295973043726,0.8094239089202008,0.6221179410434432,0.6013448263565279,0.5158349625549052,0.5240186434488472,0.8654264255816666,0.8298730978744105,0.8084477676940216,0.5998889745890837,0.4429843880293923,0.6041650358587694,0.7859437022515383,0.8270138035598263,0.0675337547306534,0.0496224313882709,0.0382165605095541,,,,,,Yaroslav Remizov,2864.0
21.818553859388924,223.49624551158203,-46.84630513014717,-13.940427960892219,-10.02294606159147,4.0,-1.6240793864527838,-24.99601128446812,-9.685640868020998,9.422800431278418,0.26,0.472,14.0,0.12060000000000001,0.0198,0.33639258858120447,-0.7951626563628202,1.2726579809274763,0.9704918032786886,0.7235246295360948,0.869293213476978,0.6421502467673845,0.6285851875208781,0.6179850805929161,0.66550807889554,0.8681071737251512,0.9114754098360656,0.9744176013805005,0.48516314489750006,0.7911864406779661,0.6694743704110341,0.7789669289905836,0.8953846153846154,0.0,0.0,0.0,0.0,0.0,0.0,0.0,0.0,Zachary Tanenbaum,2806.0
19.76756683801567,185.8321974374657,-61.724222780885405,-14.94673989765705,-11.686693793062467,3.9930112074346655,-4.929259847321321,-35.86234439612132,-10.484365568830032,12.192169514672123,0.2248846367165834,0.4328569051580699,17.917914586799778,0.0741907931225734,0.0104342762063227,0.0681550252494551,-0.3245259939033235,1.1311661243696876,0.7255309596975925,0.8696679513721375,0.8280414640211219,0.5783745047511952,0.5623121574096533,0.5742864371333465,0.5420696974457092,0.8810172604679494,0.8563879800817428,0.7939704996802696,0.4909295803974093,0.4358945252899733,0.7344496480817198,0.8037269618801309,0.8495803116352063,0.0482839043290323,0.0176798613938301,0.0625,,,,,,Zachary Tanenbaum,2806.0
21.88667399930987,196.16401526915112,-65.61857895066814,-14.564492753623188,-11.989795306775804,3.9826086956521736,-4.086684782608695,-38.498063319530715,-9.545094461697724,9.082942977915804,0.2182,0.5394,10.2,0.05900000000000001,0.0,-0.02647903726708072,-0.07492149758454104,1.4762543133195307,0.8049178324203602,0.8869565217391304,0.9521935428912173,0.7292943995674026,0.6219465401467424,0.8044416453112107,0.7581113460183228,0.9689922480620154,0.9720930232558139,0.7483901672981552,0.64428028998302,0.7060869565217391,0.7904443382704252,0.6812045790407772,0.8777408637873754,0.0,0.0,0.0,0.0,0.0,0.0,0.0,0.0,Zachary Tanenbaum,2806.0
17.725700286446557,174.1519101462385,-70.49327199654172,-14.228720036182722,-12.318998666223616,4.0,-5.969120307553143,-43.29412784562038,-9.932862957937584,11.250557816975727,0.2032,0.40519999999999995,15.6,0.0752,0.0086,-0.0756867179255239,-0.3757394843962008,1.7944120307553142,0.7388777851802503,0.8485961739792518,0.9644444444444444,0.46124504298721486,0.5774895572263994,0.6176845066252128,0.6758393874982815,0.9233082706766919,0.7609030487611433,0.8691729323308269,0.599578111946533,0.5678905597326651,0.9518987341772153,0.8627074542897327,0.9293233082706767,0.0,0.0,0.0,0.0,0.0,0.0,0.0,0.0,Zachary Tanenbaum,2806.0
17.881112285334012,154.57974048058034,-72.09713981363187,-16.241180643420286,-13.17311971610673,3.9964912280701754,-6.081036973478183,-44.57039854094725,-10.683917773156296,14.656022605406704,0.2118,0.23659999999999998,15.8,0.0968,0.023399999999999997,-0.1175979277659009,-0.19418182249089297,0.8787369616820906,0.49145301782383005,0.871395881006865,0.8869565217391304,0.3273650690260363,0.5618835151712533,0.5772071142955364,0.5937954559089469,0.9686956521739131,0.8614187643020594,0.6566209857815031,0.3168727877338681,0.268331500193789,0.5962793457072634,0.8098485588666341,0.8742028985507246,0.0,0.0,0.0,0.0,0.0,0.0,0.0,0.0,Zachary Tanenbaum,2806.0
19.4180250184598,189.16195282977893,-63.72948628843305,-12.063797072492724,-12.22613485725553,4.0,-5.167972607103041,-40.54853552244857,-9.43835338574469,11.715307156611505,0.2616,0.3742,11.2,0.056400000000000006,0.0,-0.06380127119257552,-0.177123745819398,0.6437022397891962,0.8045152389313934,0.9752424046541694,0.8840336134453782,0.7603187094235688,0.7774265319365903,0.5557101370973189,0.5187037886087396,0.8174711725652672,0.7017926723427352,0.8399407923704599,0.38732469576459344,0.6060547295841413,0.8571428571428571,0.9116769095697981,0.9008403361344538,0.0016806722689075599,0.0,0.0,0.0,0.0,0.0,0.0,0.0,Zachary Tanenbaum,2806.0
17.038265110167778,147.76785273903374,-63.62340792826294,-16.385546796038007,-10.585266630506728,4.0,-1.390721649484536,-41.397925510410346,-11.561670709520921,13.697723367697595,0.2232,0.36360000000000003,27.2,0.0334,0.0048000000000000004,0.11311552456033958,-0.3363897311501921,0.7129780675156661,0.5204682460164702,0.9333333333333332,0.8566396462785557,0.36206047329399815,0.3376803863026191,0.5042788998163138,0.38261853614414487,0.925132506261285,0.904092071611253,0.7360129547112435,0.20379247361754566,0.3314917473040314,0.5850343642611684,0.683840437450535,0.7202425712553062,0.0028985507246376803,0.0,0.0,0.0,0.0,0.0,0.0,0.0,Zachary Tanenbaum,2806.0
18.670034843205578,187.62031229836106,-78.58274209326696,-16.332559039876113,-12.62765756623121,4.0,-6.7749709639953535,-48.00961414376049,-11.269221835075493,12.4312814556717,0.21259999999999998,0.41159999999999997,20.2,0.039,0.0048000000000000004,-0.1223061040134211,-0.6283262356433087,1.6494644470254225,0.7965856345993669,0.8090508374963268,0.7099950911495962,0.34997486555311696,0.6101000710142317,0.493447264364611,0.3685749495819654,0.8962550412905704,0.8997616123672614,0.5818307734597012,0.43256409422809144,0.44427915852194866,0.7779017536591502,0.8215300847977621,0.9710843373493976,0.0,0.0,0.0,0.0,0.0,0.0,0.0,0.0,Zachary Tanenbaum,2806.0
17.946217871962553,177.8812443112443,-50.08386497440847,-16.67409328260392,-9.995309770746882,3.9787234042553195,-1.3626781020398042,-27.35951459887631,-10.814553319021403,12.143560694624524,0.2218,0.40939999999999993,21.6,0.0704,0.0086,0.2586036186036186,-0.2365023156512518,1.0221839626094944,0.6992310015706173,0.696614715476622,0.7273655913978494,0.3360641110376735,0.5716412951552494,0.48552612128577416,0.4210759439694689,0.9797752808988764,0.8099504651443761,0.7975093632958801,0.4550628246949378,0.28459078665899123,0.8359677419354838,0.9107315452458622,0.8303763440860216,0.02666666666666666,0.0,0.0,0.0,0.0,0.0,0.0,0.0,Zachary Tanenbaum,2806.0
20.807817567467872,202.76247790418014,-52.0790560740891,-16.466294837177045,-9.457457871264964,4.0,-4.659069983621796,-26.886843580777008,-11.224828471515206,12.615438670266922,0.22240000000000001,0.48460000000000003,17.4,0.0748,0.014800000000000002,0.04333635813672114,-0.5320269133725819,1.428869608841279,0.8134600863317667,1.0,0.9292335383230839,0.4568326284722296,0.6342447340830333,0.5497724979407559,0.7411486387705931,0.9132743362831859,1.0,0.9858129315756434,0.07797682744070192,0.609297534272313,0.7743471213844904,0.8767412049565589,0.7784426651683288,0.0,0.0,0.0,0.0,0.0,0.0,0.0,0.0,Zachary Tanenbaum,2806.0
21.826697073829568,196.11522619486908,-59.90920965083723,-14.656015630182008,-10.615659955191585,4.0,-7.3513568575793915,-33.914843059660924,-10.875365085134593,13.504030936911274,0.21880000000000002,0.4364,16.4,0.06920000000000001,0.009,0.20267181116001556,-0.27669245647969054,1.4427484639330177,0.8410669929865575,0.8230436350522898,0.892808734471567,0.6411061379020191,0.7272483871738139,0.7730977280923188,0.579497277116962,0.9063829787234041,0.8440677966101695,0.7579856016140865,0.4135533839936848,0.5879658659445971,0.8238893957952506,0.859146697837522,0.8173313271240327,0.017319915254237282,0.0,0.0,0.0,0.0,0.0,0.0,0.0,Zachary Tanenbaum,2806.0
17.736072909546593,173.78570426065164,-69.40699503438043,-16.665791752107538,-11.982048121644041,3.9945454545454546,-9.35790385053543,-39.23354294827979,-12.290269309637731,16.12801549327865,0.1996,0.23099999999999996,22.4,0.0946,0.018000000000000002,-0.025565732513100913,-0.5075160628844839,0.8890535429482798,0.7413175230566534,0.6196103896103896,0.6669410878976096,0.5466286467156032,0.3264927536231884,0.3363500846979107,0.3309715791454922,0.7693254281949934,0.6749215132693394,0.5805605119518162,0.49751063429324294,0.21693054771315637,0.4958855637116506,0.6863485789572745,0.619673630717109,0.009523809523809521,0.0,0.0,0.0,0.0,0.0,0.0,0.0,Zachary Tanenbaum,2806.0
20.075464439594874,191.23228016597582,-61.996481133399946,-11.44780327389023,-11.010747585709877,4.0,-9.60553356749009,-36.46292338683643,-9.25462481114655,11.78515149167323,0.253,0.15960000000000002,16.0,0.1564,0.0262,-0.043506561984822875,-0.6153994653994654,0.8034452034452034,0.7190315315315315,0.706113256113256,0.8164092664092664,0.8905405405405405,0.5869773795305709,0.6977182583565561,0.742901692901693,0.95,0.7748230373230373,0.8958333333333334,0.5307314474867666,0.2531464390506944,0.5485885113544688,0.8391891891891892,0.8263835263835263,0.0,0.0,0.0,0.0,0.0,0.0,0.0,0.0,Zachary Tanenbaum,2806.0
17.71619206118062,150.27465085639,-67.97280490879488,-16.72063954352284,-11.048451138994897,4.0,-3.469464174269666,-43.431766174329105,-10.876952658325658,13.57446878064727,0.21939999999999998,0.6012000000000001,20.2,0.078,0.011,0.29330916223364734,-0.47225653065469986,1.265783629033057,0.5249317879390203,0.9205339992316558,0.7587719298245614,0.47666640346574873,0.5888116832862862,0.45324187607589705,0.5262324357675875,0.8531519575315196,0.821246666332604,0.7316484425338757,0.6969408460998432,0.46999274172853145,0.72250957519878,0.6478474720311063,0.9454545454545455,0.03592009220130618,0.0,0.0,0.0,0.0,0.0,0.0,0.0,Zachary Tanenbaum,2806.0
20.322462141517015,170.60137429643527,-56.0100518966733,-16.60491825247923,-9.22399386933479,4.0,-2.800390310908604,-31.752876239614046,-11.118284642187081,11.490411417850442,0.242,0.4710000000000001,19.0,0.0668,0.0,0.3102033637094613,-0.3549484052532833,1.1050271374966496,0.5885311937070303,1.0,0.8333773288537895,0.7152069490586932,0.3838785557418569,0.5478571597385409,0.530384946519731,0.8098240906380442,0.9731707317073169,0.751654740608229,0.5036000594225211,0.438640304675472,0.7868459302325581,0.7962451550387597,0.8366036821705427,0.0048780487804878005,0.0,0.0,0.0,0.0,0.0,0.0,0.0,Zachary Tanenbaum,2806.0
21.514855496825298,197.27624957289336,-56.00321820840011,-14.696700508368318,-11.383263607978794,4.0,-6.219897672677357,-29.887788612668505,-9.848812004741996,12.033244198034863,0.23399999999999999,0.577,14.4,0.0646,0.0058000000000000005,-0.040271654677969004,-0.2231843882495907,1.157902913832907,0.7375878490006725,1.0,0.9103448275862069,0.625816770690393,0.6899719844827265,0.7419962961498255,0.4210044023497382,0.9885057471264368,0.8721881164680818,0.8620689655172414,0.41479451793420863,0.5064297119732817,1.0,0.8150019726978617,0.8667392619479735,0.0,0.0,0.0,0.0,0.0,0.0,0.0,0.0,Zachary Tanenbaum,2806.0
19.677095666138445,183.0028260907512,-50.436967092915005,-15.177298683084098,-10.671504127000599,4.0,-0.18040911140052102,-29.625061474290085,-10.258301590590335,11.475607893450634,0.251,0.367,12.6,0.06860000000000001,0.0,-0.0027435178776342717,-0.3613091063915047,1.2318922735165723,0.6748437870172944,0.9655753968253968,0.7965029761904762,0.6583333333333333,0.5666022565742714,0.6057264145112945,0.6977426853826108,0.8479477611940298,0.896268656716418,0.8435515873015873,0.5954710144927536,0.38711827122153203,0.6464285714285714,0.76342469201611,0.8804563492063492,0.0,0.0,0.0,0.0,0.0,0.0,0.0,0.0,Zachary Tanenbaum,2806.0
17.489717005991004,168.7926674621523,-67.24000708178085,-13.14574688641957,-11.081192156481919,4.0,-10.450666219206004,-38.0411094538494,-10.554819598776941,12.033527232952991,0.23620000000000002,0.5098,20.8,0.0866,0.017599999999999998,-0.032957267506898355,-0.16260342555994728,1.5476434732890845,0.633624862551636,0.766922305764411,0.7777894736842106,0.6835065925683775,0.39244816586921843,0.5844661654135338,0.5205363408521303,0.8637593984962406,0.7489874686716792,0.7563205741626795,0.7342222948676038,0.3591724271152189,0.6886849832090106,0.8793485888634629,0.8888985507246376,0.0038095238095238,0.0,0.0,0.0,0.0,0.0,0.0,0.0,Zachary Tanenbaum,2806.0
18.087957675103087,183.63504045837158,-68.478776974378,-16.565010096117238,-12.034161799591166,4.0,-9.261711755929309,-37.11854581661733,-11.680123125842297,14.180775619719338,0.1866,0.29660000000000003,29.2,0.0748,0.0076,0.091394722863646,-0.2485638376437928,1.5952183577777717,0.7077863798840942,0.753989417989418,0.8110476190476191,0.4364011503794104,0.2005427440430346,0.42616378744228456,0.5197304380773355,0.7860358781761576,0.7323315996931246,0.7161627849478317,0.22463660297813978,0.3673241059373435,0.7694884082308712,0.7706837881219903,0.9129399198931909,0.0,0.0,0.0,0.0,0.0,0.0,0.0,0.0,Zachary Tanenbaum,2806.0
23.66071689106738,214.2245366538635,-46.712449623258806,-14.635943852888047,-11.309807989219465,4.0,-0.3299473102647782,-25.882268126807965,-9.845042076027028,11.290559731948473,0.21400000000000002,0.5027999999999999,11.6,0.081,0.0106,-0.17907048216968496,-0.5771849825201398,0.924232584822707,0.8170661896243292,1.0,0.9232558139534884,0.7190256153357056,0.43370980919476587,0.6202376566036226,0.6945645788679844,1.0,0.9511627906976745,0.7686225402504473,0.6969014084507041,0.45196912886235363,0.5552457859860415,0.8098865321320116,0.7957595303484594,0.0,0.0,0.0,0.0,0.0,0.0,0.0,0.0,Zachary Tanenbaum,2806.0
18.86254511148395,165.37832067711216,-74.09065611511727,-16.11712900216953,-12.505084833046363,3.9966101694915253,-5.0110812915897665,-47.492958220850625,-10.763159059069157,13.802146122116644,0.22160000000000002,0.3408,22.0,0.06339999999999998,0.007999999999999998,0.05502638849728014,-0.4771957151176015,1.1912141947956243,0.5666762681227484,0.8931186460598225,0.7272627083620333,0.7705454943642022,0.5684916947404892,0.3602999957291182,0.3034674550778697,0.847894214432305,0.7297863306735051,0.9100558265264148,0.3404877475465711,0.4009288878912794,0.8371734148204736,0.7129724020755843,0.7701336272213803,0.06229508196721312,0.0087431693989071,0.0,0.0,0.0,0.0,0.0,0.0,Zachary Tanenbaum,2806.0
18.090178756579014,170.12066920775362,-52.98800425038238,-13.626356535563698,-11.412486816616859,4.0,-4.869067162705271,-28.80270554167613,-10.343826343698467,12.066438149878048,0.24020000000000002,0.4206,13.4,0.0674,0.0,0.004522608103170736,-0.24502044060867592,1.226858169824922,0.7438426171148864,0.7982092457420924,0.8880692461727279,0.5571644409067514,0.6441504640096463,0.63952630105721,0.4511816214071174,0.8707453006911698,0.7520993906509055,0.7729578192623215,0.5520892461773583,0.6560283052482647,0.6899913729374358,0.8627737226277372,0.8819714488728119,0.0,0.0,0.0,0.0,0.0,0.0,0.0,0.0,Zaur Mammadov,2896.0
18.42152219839126,172.92407120060068,-78.68998509697687,-16.66504116387125,-12.605680128677479,4.0,-5.64442316282764,-49.64219951055423,-10.98940496628409,12.856763835237805,0.19140000000000001,0.48580000000000007,31.0,0.10759999999999999,0.0054,0.17236380792232894,-0.4827048932543388,1.0454802267996426,0.5793006885635585,0.9980676328502416,0.7307361170899698,0.6255607001889187,0.42041973959211054,0.4648253046827778,0.4931217204264836,0.7436462138233636,0.7721208328359325,0.699687018209374,0.5393856517384379,0.5619017667790814,0.29411264010645566,0.7434702958416901,0.5158522828876497,0.0,0.0,0.0,0.0,0.0,0.0,0.0,0.0,Zaur Mammadov,2896.0
19.471524204719735,199.2845022386583,-50.891868984505074,-16.132544649483005,-11.044407573531936,3.9804878048780488,-4.717369390985999,-23.370929290555583,-10.052050042052146,10.444944157225548,0.2656,0.5352,16.4,0.08600000000000001,0.012,0.18914343491812202,-0.20963055954088955,0.932906112402909,0.7980683178797868,0.7553276353276354,0.9876543209876543,0.7717942782526116,0.6104366993007672,0.5260781557611552,0.8397232587064675,0.8707692307692307,0.6291378017693807,0.7320202406769571,0.8839506172839506,0.47889066485312226,0.5903014406711382,1.0,1.0,0.00493827160493826,0.0,0.0,0.0,0.0,0.0,0.0,0.0,Zaur Mammadov,2896.0
20.57724369747899,188.51879311724693,-72.96448776236119,-16.465370148059225,-12.133609811180708,4.0,-2.4083953581432573,-46.189547819127654,-10.174991596638657,10.407426970788313,0.23220000000000002,0.42119999999999996,17.6,0.1082,0.0306,0.16745578231292516,-0.5018967587034814,1.6309163665466186,0.7384489795918368,0.9311475409836065,0.7379491468718635,0.461910541550904,0.799311475409836,0.369239928045345,0.7662082224194025,0.986,0.9071595851455336,0.7943894279023084,0.858,0.31695001478852414,0.35641708486673357,1.0,0.9021887015675836,0.0,0.0,0.0,0.0,0.0,0.0,0.0,0.0,Zaur Mammadov,2896.0
22.241720141383723,189.0447389477667,-52.6901878257662,-14.860966457265866,-9.72456520446654,3.9804878048780488,-6.714237546449491,-27.412041441898463,-9.858274061638232,11.899409081074344,0.2338,0.4122,12.2,0.051000000000000004,0.0,0.13848112199668128,-0.7289991421194112,1.3235691657054145,0.7345470771976796,0.8164212405176261,0.8949135802469135,0.5117838938932125,0.7674408872148986,0.8083096882192928,0.48197054886211516,1.0,0.8592592592592592,0.6838518518518517,0.5929876543209877,0.5115235984742486,0.8400000000000001,0.9521606425702812,0.984,0.00493827160493826,0.0,0.0,0.0,0.0,0.0,0.0,0.0,Zaur Mammadov,2896.0
23.02816548075169,201.91119777412882,-45.76750401174579,-14.031198686371098,-9.864826580620084,4.0,-4.4649151614668865,-24.261749680715194,-9.023932676518886,11.87911877394636,0.26660000000000006,0.5294,12.6,0.0494,0.0,-0.06017241379310344,-0.21379310344827585,1.3183232986681261,0.7725243664717348,0.9800000000000001,0.985,0.8625925925925927,0.9614035087719298,0.6484405458089668,0.6314814814814815,1.0,0.9052631578947368,0.8629629629629629,0.7091617933723195,0.4996491228070175,0.7089863547758284,0.975,0.9550000000000001,0.0,0.0,0.0,0.0,0.0,0.0,0.0,0.0,Zaur Mammadov,2896.0
16.475086161785672,180.20015012901712,-59.861919789127384,-11.86689763438532,-12.215830180870293,4.0,-5.73439253685559,-35.49264151283855,-9.110782222703406,10.558624298525777,0.2004,0.421,13.6,0.0646,0.0066,-0.14275681625435316,-0.1701300997852722,1.3391060827514027,0.8862745098039216,1.0,0.8069771498342927,0.5568542584352298,0.640404653821546,0.6090559300643335,0.6240516545601291,0.8874402433724468,0.861573347287633,0.8446212383258388,0.6438683948155534,0.5190062465664231,0.9142857142857143,0.6675772438484302,0.889795918367347,0.0,0.0,0.0,0.0,0.0,0.0,0.0,0.0,Zaur Mammadov,2896.0
19.938667961006793,211.52268465559322,-49.82955442635067,-14.900568657690096,-10.282269036936347,4.0,0.03688531687032359,-31.013750603330813,-9.16491622518609,11.495064779922352,0.24220000000000003,0.41839999999999994,17.4,0.1136,0.0204,0.08228580327530852,-0.11258214736475602,0.9476669957929328,0.8452429149797572,0.9886792452830189,0.8318384318384318,0.6948396198396198,0.6057530781214993,0.6887253511136332,0.5581431317280374,0.9711538461538461,0.9052631578947368,0.7805152394775037,0.3920727538652067,0.47846258253408197,0.5662661070555807,0.7147089397089397,0.8863305613305613,0.0,0.0,0.0,0.0,0.0,0.0,0.0,0.0,Zaur Mammadov,2896.0
16.039797301034234,152.14478043249818,-56.43879537744465,-16.329203768228158,-9.379438409725314,4.0,-8.478319783197833,-29.44025496377413,-11.20848680935789,14.396908356838669,0.2238,0.43179999999999996,23.6,0.08499999999999999,0.0,0.27032842947477087,-0.17177976881809634,1.431024740519514,0.5837103662887635,0.9975903614457831,0.7014625231927016,0.5583182033375788,0.5673854400140049,0.5144858246294699,0.5579363868110898,0.8536652579649668,0.9052404204607143,0.707977587689473,0.3605348540806023,0.4137250800737859,0.6349222206365063,0.6058041786096864,0.8867132867132866,0.0020408163265306,0.0,0.0,0.0,0.0,0.0,0.0,0.0,Zaur Mammadov,2896.0
19.062085747232878,192.81160356544507,-56.32908039247108,-15.257891521432688,-11.654305921238816,4.0,-4.4374604315842765,-30.374353475958685,-11.052243648014537,12.447174605757926,0.191,0.4288,26.2,0.0712,0.010400000000000001,0.14172596010479815,-0.2829268292682926,1.1804878872827413,0.7552337828845935,0.8006451572303297,0.919099599136602,0.705063213074314,0.5349349423286335,0.316765892723538,0.531015545678121,0.7967684242984892,0.6438596954921995,0.8938883749614555,0.6429232192414431,0.2912142388480783,0.5466168150458952,0.8703172602720383,0.8195475433015199,0.0008695652173913,0.0,0.0,0.0,0.0,0.0,0.0,0.0,Zaur Mammadov,2896.0
21.944729344729346,198.47792022792024,-63.97902411961935,-13.897435897435898,-11.826460017055256,4.0,-11.741452991452991,-32.030626780626775,-10.178205128205128,11.695156695156697,0.2098,0.616,13.0,0.0774,0.0,-0.10341880341880341,-0.30797720797720796,1.4487179487179487,0.763432446531038,0.8944444444444445,0.8547270260097859,0.8091940532081378,0.8896416473524692,0.6605622247314171,0.5728841033534131,1.0,1.0,0.7465072667604313,0.6974569640062598,0.7480607966457022,0.5037154242850446,0.6870486018838398,1.0,0.0,0.0,0.0,0.0,0.0,0.0,0.0,0.0,Zaur Mammadov,2896.0
20.981101130107213,204.3839580583191,-40.931591884105096,-16.59691769428078,-9.5420185988523,3.989655172413793,2.691580540262082,-21.42953142943001,-10.088516694033935,10.044156819816049,0.26660000000000006,0.43599999999999994,14.8,0.0446,0.009600000000000001,0.18234864827156919,-0.21536623844940275,0.5829029696169655,0.8318373169119437,0.8512820512820513,0.8168091168091168,0.8766381766381768,0.8438725564098698,0.5118254879448909,0.575787264145473,1.0,0.9897435897435898,0.9173193859761024,0.4063144263144263,0.3447149644164569,0.5048654938207178,0.7597876197876198,0.935042735042735,0.0,0.0,0.0,0.0,0.0,0.0,0.0,0.0,Zaur Mammadov,2896.0
19.63336634981495,158.00667777359368,-54.38832500036938,-16.48890714685107,-10.530168750250512,4.0,0.6599032328004292,-35.3598210719706,-10.5479858044344,13.878654540336782,0.198,0.4572,17.0,0.0608,0.028999999999999998,0.39985659892201947,-0.2767806648180479,1.3183398187136504,0.5954254639173139,1.0,0.7177658543855727,0.46310284055180395,0.7740116521015397,0.6913318864497848,0.5462664878157836,0.8732394366197184,1.0,0.8262910798122066,0.45268717438364525,0.24450460946741998,0.360371885913902,0.9662921348314606,0.8981141530832938,0.00093896713615022,0.0,0.0,0.0,0.0,0.0,0.0,0.0,Zaur Mammadov,2896.0
20.669805826340756,214.5004795347217,-67.1302131881162,-14.288131347519164,-12.363830091287213,3.993103448275862,-1.9053433596071774,-43.339236809853084,-9.84358130181389,10.61680627368845,0.25200000000000006,0.5254000000000001,18.8,0.0494,0.0,-0.007892416165100818,-0.38617921815482753,0.960945545084838,0.9022875816993464,0.7092104983394355,0.8472222222222221,0.6787185954999495,0.579568593431734,0.5292163666594376,0.47905488348214814,0.9073954864964854,0.8777777777777779,0.8317647058823529,0.44893867682914335,0.6210573529701702,0.44963340396192775,0.7057148622742407,0.908235294117647,0.0,0.0,0.0,0.0,0.0,0.0,0.0,0.0,Zaur Mammadov,2896.0
22.94240145819093,231.76349168375486,-54.28277310268301,-13.178833447254501,-11.561591740185863,4.0,-6.114604693552062,-28.454904306220094,-9.283547505126451,10.31070858965596,0.2686,0.573,10.8,0.0332,0.0,0.11338801549327862,-0.39066985645933017,1.0321667805878332,0.9818181818181818,0.9166666666666667,0.9078947368421053,0.7613528138528138,0.5162992709045341,0.7303485987696513,0.8399003189792662,1.0,0.95,0.8038345864661653,0.6828092959671906,0.519366028708134,0.7012645249487355,0.5964792663476873,0.9954545454545455,0.0,0.0,0.0,0.0,0.0,0.0,0.0,0.0,Zaur Mammadov,2896.0
20.354597865023273,197.7444774272788,-66.9024967029881,-14.997855765077412,-13.391298779229379,4.0,-1.3768473788926896,-42.318768142537785,-10.016217550839684,11.198490913588842,0.215,0.519,21.8,0.0912,0.0194,0.5577692610364193,-0.19348472893166094,0.720977563596762,0.7652080344332856,1.0,0.8304244703814287,0.6932543590936705,0.48306060723564315,0.686805356288857,0.42747644344487956,1.0,0.9164084170253467,0.996078431372549,0.31070727829694833,0.39220636705572137,0.5156615869815295,0.6049986428322153,0.7382223687101737,0.042563366810138656,0.0,0.0,0.0,0.0,0.0,0.0,0.0,Zaur Mammadov,2896.0
19.514165119507588,185.7455481960961,-62.4000556770754,-15.990255406693763,-14.480380664112705,4.0,-1.81678374897553,-35.973626373626374,-10.848320036128255,12.709310552461236,0.2234,0.42799999999999994,23.0,0.1334,0.0056,-0.19181444126649605,-0.24325722983257228,0.6934530918092562,0.7092564922169053,0.9927710843373493,0.7587544313500048,0.7275567576428161,0.4174288273442233,0.48799165263881267,0.5871962007270242,0.7536535333631161,0.8084072553952073,0.7147336110755179,0.3029494625194123,0.273555548392522,0.4198729603447064,0.7714599686028258,0.8664860960635608,0.00136054421768706,0.0,0.0,0.0,0.0,0.0,0.0,0.0,Zaur Mammadov,2896.0
19.581766383483405,185.996981024414,-59.88936701290241,-14.910583740825873,-11.630186580403224,3.9974489323865305,-4.620328537024676,-34.53716599258612,-10.225423006468572,12.036871912019516,0.2253396226415094,0.4308443396226415,17.69811320754717,0.071566037735849,0.0086132075471698,0.0857443862727131,-0.2862441701631776,1.20699826311254,0.7399651738894121,0.8907149303877279,0.795326783240845,0.6225193888484144,0.6789024268211569,0.5801694411605492,0.5569469859331259,0.8891760074194384,0.8828067620099898,0.8392907758038143,0.5093609282426584,0.4316991398603156,0.5799764924682054,0.7966567827079085,0.8610647670458746,0.0376136490795019,0.073170731707317,,,,,,,Zaur Mammadov,2896.0
21.402111642591404,167.7395575454903,-55.996746950425326,-15.474763751910896,-10.234194666476593,4.0,-0.14661036828524487,-35.1801604866501,-10.297527426762809,11.336509749660317,0.24860000000000002,0.4662,12.6,0.06799999999999999,0.0086,0.016817101653255003,-0.4124092148936869,1.1725291549236718,0.6413395343144754,1.0,0.7273185969373589,0.5359319206609847,0.7952773613193403,0.6503391161562077,0.5396381741102239,0.9982758620689655,0.9168543279380718,0.807025568848229,0.787037037037037,0.2829330232842763,0.41651215208722175,0.8243628185907046,0.8468913502432457,0.0,0.0,0.0,0.0,0.0,0.0,0.0,0.0,Zaur Mammadov,2896.0
18.897544418507675,178.3262952836637,-47.07895851725682,-12.689241972856669,-9.082628197460764,4.0,-5.837221914133532,-25.51104648413487,-9.32505113555759,11.366231186886598,0.2398,0.3496,14.4,0.0846,0.0172,0.2009372917714527,-0.16153290602148596,0.7600528766169281,0.7019202528115995,1.0,0.95,0.6873217348689047,0.8849056603773585,0.34043661748931753,0.7013548613548612,1.0,0.8942857142857144,0.8972972972972972,0.4885363627914051,0.5456703524367805,0.6529894633668218,0.8082136731193336,1.0,0.0028571428571428402,0.0,0.0,0.0,0.0,0.0,0.0,0.0,Zaur Mammadov,2896.0
19.502380952380953,200.75708994708992,-48.18547008362428,-10.92169312169312,-11.49420024235444,3.996296296296296,-4.057936507936508,-27.83703703703704,-9.16904761904762,11.29814814814815,0.202,0.5372,14.8,0.11320000000000001,0.022799999999999997,0.07243386243386242,-0.1423280423280423,0.6821164021164021,0.9265407016118109,0.8138155221454693,0.8624457022508885,0.6521419864166715,0.5619345628150592,0.711504227859368,0.5598608173488989,0.8119257601684875,0.6762262727114414,0.8135803443170195,0.6281163617217322,0.49101533213911674,0.6053833906867999,0.863768115942029,0.8268699151430321,0.01869158878504672,0.0,0.0,0.0,0.0,0.0,0.0,0.0,Zaur Mammadov,2896.0
22.87978354695672,223.01938621367316,-65.8291203625437,-14.798190886645893,-11.286185202061862,3.9899999999999998,-5.476323407775021,-38.02273409951678,-9.693276460381723,9.457589693837571,0.2426,0.3324,15.4,0.0892,0.0182,0.07424006666791046,-0.3469644334160463,1.8813756475556134,1.0,0.8721966205837173,0.7414050084936161,0.615115454845957,0.6076617951260662,0.48212712835007643,0.662150507720128,0.8175824175824176,0.9896103896103895,0.8477067236560908,0.662774574003647,0.520979020979021,0.7271330819717916,0.8930402930402931,1.0,0.0,0.0,0.0,0.0,0.0,0.0,0.0,0.0,Łukasz Licznerski,3005.0
18.730669903984108,171.23880173708008,-50.05382028534336,-14.071602875046201,-12.583773354751235,4.0,-0.5436853916050474,-28.04139316764855,-9.720757721475081,10.907392225182758,0.21459999999999999,0.5418000000000001,17.6,0.0344,0.0058000000000000005,0.06938878115348707,-0.5018153853161027,1.8260914121746261,0.6747997025700118,0.8440944881889763,0.9417043740573152,0.712086598241548,0.4880916048445053,0.4279121735707327,0.6581293861002171,0.9735294117647058,0.9338582677165356,0.8551181102362204,0.9244094488188976,0.3022810255715056,0.4480933044900999,0.6999059451527283,0.8055398797476769,0.0,0.0,0.0,0.0,0.0,0.0,0.0,0.0,Łukasz Licznerski,3005.0
18.806768149882906,165.31258391881343,-35.97836599719253,-12.460031225604997,-10.586824232945846,4.0,2.4167447306791567,-19.04806791569087,-9.609730679156907,9.309543325526931,0.15399999999999997,0.4204,10.8,0.0162,0.0,0.12542935206869632,-0.05835284933645586,1.421775956284153,0.8625749700119952,1.0,0.8704918032786886,0.8390243902439025,0.8672131147540985,0.7483806477409036,0.8573770491803279,0.9360655737704917,0.9327868852459016,0.9809905824904082,0.76781287485006,0.6541068678911415,0.6768230638778971,0.9065573770491803,1.0,0.0,0.0,0.0,0.0,0.0,0.0,0.0,0.0,Łukasz Licznerski,3005.0
20.947253540110683,191.4644412730127,-62.05656457977559,-16.323592280735134,-11.356028211382075,4.0,-0.20898625184339484,-38.51572078714936,-10.771072974644403,11.118835925978782,0.24379999999999996,0.5740000000000001,22.0,0.0328,0.01,0.25610714682143254,-0.4158766630195202,1.3317187574330434,0.7016690721649484,1.0,0.9134943837513465,0.5855516264829698,0.37880630590110503,0.6515351044144858,0.5687695033949997,1.0,0.8544,0.9177901136664023,0.7349233215366466,0.14929945395938624,0.6816642560393907,0.539909644087256,0.6339237851188151,0.0128,0.0,0.0,0.0,0.0,0.0,0.0,0.0,Łukasz Licznerski,3005.0
21.638360472273515,213.90228974315932,-63.81816802834017,-14.625751217055566,-11.353974642407652,4.0,-0.608018577583795,-41.80846623020536,-9.55957696827262,10.137619607184824,0.22640000000000002,0.5132000000000001,13.4,0.016399999999999998,0.0,-0.00014996362822447816,-0.3754440154440154,2.0698528342006606,0.8606076276664512,1.0,0.7910989010989011,0.47732040508511087,0.5525451411333764,0.6409730661495368,0.6712281835811247,0.893686274509804,1.0,1.0,0.7420620555914673,0.16513251454427919,0.6216849816849817,0.9014505494505494,0.8487136393018746,0.02117647058823528,0.0,0.0,0.0,0.0,0.0,0.0,0.0,Łukasz Licznerski,3005.0
21.92878787878788,209.93619528619524,-62.247560172778435,-15.47643097643098,-11.507577007795263,4.0,-7.393939393939394,-34.02819865319866,-10.84267676767677,13.001262626262625,0.2672,0.469,13.8,0.0344,0.0,0.06153198653198653,-0.24191919191919187,1.0381313131313132,0.7943557284242908,1.0,0.974712643678161,0.4738019449676509,0.6726185586934987,0.7514003561599482,0.852112676056338,0.7975966562173458,0.8625894599869877,0.7766539689171509,0.8395646606914212,0.308519739305868,0.8964216005204945,0.9175430295144024,0.8758429364063167,0.02298850574712642,0.0,0.0,0.0,0.0,0.0,0.0,0.0,Łukasz Licznerski,3005.0
17.033433360910628,156.45135984725417,-54.410561244127976,-16.326903667616413,-12.695558790424359,4.0,-0.4550616005517917,-30.130453665947858,-10.615669529423252,11.813086009835697,0.21000000000000002,0.46099999999999997,19.8,0.0526,0.0,0.19339897425566385,-0.12656950532638964,1.5046672698048276,0.5422437736504464,0.8440944881889763,0.7708982522693402,0.7040618463358458,0.49408972437203663,0.3769049805358374,0.5930171823284184,0.9818181818181818,0.8859243834190149,0.7542916639552286,0.816971432289972,0.13094337079473445,0.36422025807085523,0.7593931246399077,0.8132321874399846,0.0,0.0,0.0,0.0,0.0,0.0,0.0,0.0,Łukasz Licznerski,3005.0
23.300157990225436,182.1483860980176,-69.54946045573769,-15.68203020333284,-13.31821767163741,3.9916666666666663,-6.832240278247987,-41.658158053884506,-9.879721260102261,13.829240344800647,0.231,0.5117999999999999,17.8,0.08820000000000001,0.0106,0.1591965647253545,-0.1611111111111111,1.550150177521984,0.5794600261417867,0.9263157894736842,0.8714539007092199,0.3987399229065082,0.6832100484041197,0.29989149787131336,0.5091939874909529,0.8939420803782505,0.8648391812865498,1.0,0.7974790312255865,0.10557483208698906,0.8578488372093023,0.8928191489361701,0.7453921519661706,0.0,0.0,0.0,0.0,0.0,0.0,0.0,0.0,Łukasz Licznerski,3005.0
18.962168855931342,170.77409048960658,-56.3654286754995,-15.393237469153117,-11.05420638687433,4.0,-4.314762595894672,-32.27680111231721,-10.44440072690905,13.117979615648872,0.22240000000000001,0.5237999999999999,19.4,0.04360000000000001,0.0,-0.0030666780500298585,-0.06400052038231833,2.0820314424753934,0.6733422936267308,0.9160180995475112,0.7079547907057049,0.42257409074341457,0.48837566796168036,0.7899219620958752,0.5055996028893225,0.9421402292045503,0.8142842643887173,0.7304360328821928,0.8079079798705967,0.5203330936975796,0.6617065489028107,0.8524802300503236,0.7896084682740035,0.0,0.0,0.0,0.0,0.0,0.0,0.0,0.0,Łukasz Licznerski,3005.0
18.64739310224676,195.32138655361712,-71.15726947897534,-15.083031294729327,-13.347979187139439,4.0,-8.651801727171176,-40.81019990913221,-10.136134207622646,12.871876846819456,0.1924,0.4852,17.8,0.0608,0.0166,-0.16385528792449092,-0.3394320080072967,1.1831037156726436,0.827972027972028,0.8337425064230659,0.8831858407079647,0.5004340720101672,0.6848232148602322,0.49770321358963365,0.45762956568197577,0.7296491119499968,0.9887653330276281,0.964516129032258,0.4911465249938349,0.2957956205377311,0.5179234388890256,0.9417414443963116,0.9376322792251995,0.0,0.0,0.0,0.0,0.0,0.0,0.0,0.0,Łukasz Licznerski,3005.0
18.399358540391887,168.12932399982643,-75.44007090458496,-16.75712807011622,-12.92464670979482,4.0,-2.167969853753092,-46.734060348748805,-10.70707101148084,9.850805089308817,0.253,0.3022,16.6,0.0388,0.0,0.07288254600452934,-0.08732398214627256,1.8467283301750175,0.7455994627629605,0.8938271604938273,0.8163276647082641,0.42904278982536576,0.5618383549068907,0.7817080216505503,0.4315914675593481,0.8663738397329546,0.9046959732317988,0.8946150422785937,0.5632021429233804,0.431464203966621,0.5948005238933373,0.7184616624110662,0.9663551401869158,0.0,0.0,0.0,0.0,0.0,0.0,0.0,0.0,Łukasz Licznerski,3005.0
22.612133374252657,191.3373871227547,-48.502833319693195,-12.778458575682881,-9.943954785124486,3.9899999999999998,-7.24827513696606,-24.991924685716885,-9.769828577274188,12.239608441071306,0.2352,0.4692,18.4,0.1034,0.027000000000000003,0.3516788937494113,-0.5945595489781537,1.9081541164511908,0.747175572519084,0.8320610687022899,0.7706190424763972,0.599633410491424,0.3812118763825948,0.4681236350421522,0.6753786773999105,1.0,0.9923664122137404,0.7050872775431556,0.9443037974683545,0.4848133609513739,0.5948775639287973,0.953235187204653,0.8150455552819503,0.0,0.0,0.0,0.0,0.0,0.0,0.0,0.0,Łukasz Licznerski,3005.0
20.78396160673197,207.08069064851392,-57.13516824128968,-12.00131085358881,-11.463461601557276,4.0,-6.556866143520539,-33.86999280823487,-9.926178782101468,12.682641947713277,0.21399999999999997,0.5172,21.2,0.0812,0.0018,-0.024505431675242977,-0.10731707317073172,1.0695008994686859,0.7618039576622181,1.0,0.82062893081761,0.6880349746893695,0.46347733866607144,0.690561288011175,0.5627590192532026,1.0,1.0,0.9547169811320755,0.5331607430159426,0.23471161985486835,0.8535204786010124,0.6664754545746423,0.6681677733219381,0.00094339622641508,0.06320754716981132,0.0,0.0,0.0,0.0,0.0,0.0,Łukasz Licznerski,3005.0
21.19931528046422,192.1487988394584,-62.69626101341246,-16.442437137330753,-12.46225907917648,4.0,-3.4430947775628624,-35.57850096711799,-10.385181818181817,11.615212765957446,0.2062,0.4678,23.8,0.0522,0.0,0.06387040618955511,-0.1471411992263056,1.6628820116054157,0.6620280464216635,0.9914893617021278,0.8755556154053327,0.5702589305388928,0.6235222314717332,0.6466121856866538,0.451583245599001,0.8505174081237911,0.7957321083172146,0.7212388781431335,0.39096720368239357,0.6751898734177215,0.9470454545454545,0.8038636363636364,0.8201363636363637,0.0,0.0,0.0,0.0,0.0,0.0,0.0,0.0,Łukasz Licznerski,3005.0
16.308273723132213,151.15494159928124,-57.828964765922265,-17.744972009122954,-11.520985810915008,3.98974358974359,-1.8359406316953488,-31.598558124265672,-12.245232738959155,13.126980959292279,0.2202,0.38639999999999997,27.0,0.0256,0.005,0.35540534936761353,-0.0519413919413919,1.215309973045822,0.4900469404696023,0.6917442749097426,0.96,0.5018060746208228,0.5553808930877275,0.27423994770217786,0.3752185733930338,0.8701348920863309,0.7985234280108381,0.8008462370962371,0.3531988844488844,0.34672968218831524,0.7413039568345324,0.7451865430732337,0.9755395683453237,0.00125,0.0,0.0,0.0,0.0,0.0,0.0,0.0,Łukasz Licznerski,3005.0
15.004798158393635,117.38230674983988,-68.73908981322133,-15.97411739576987,-13.738332459083855,4.0,-5.384790649758471,-41.82255138707553,-11.632545236833502,15.81324731529991,0.2096,0.5064000000000001,27.6,0.05439999999999999,0.0,0.2466036346228492,-0.10347164065473924,1.2805112039329072,0.22048044298044292,0.7639543114543115,0.7935989010989012,0.417045027045027,0.47675713925713914,0.4452507177507178,0.2887504612504612,0.776970326970327,0.756014526014526,0.9828571428571429,0.4220354645354645,0.3119305694305694,0.4256730431730432,0.8724046224046222,0.7892229392229393,0.0,0.0,0.0,0.0,0.0,0.0,0.0,0.0,Łukasz Licznerski,3005.0
16.861493205435654,164.75900171291536,-64.9717506663927,-13.313406417722964,-12.57941367883989,3.991666666666667,-9.413172319287426,-36.5323101518785,-10.870263788968826,13.74514902363823,0.1988,0.2324,36.0,0.09919999999999998,0.0014,0.34500399680255794,-0.06853785542994172,1.5258880895283773,0.5854382428279498,0.689581852809915,0.7748796630565583,0.5415685347544553,0.3816715421853856,0.4388180211679316,0.42042696490556003,0.7757698412698413,0.7392755790453991,0.5380584574942573,0.5450760295306047,0.3187287678841588,0.3604116328870443,0.7198076267091162,0.7059211066576967,0.0,0.0,0.0,0.0,0.0,0.0,0.0,0.0,Łukasz Licznerski,3005.0
18.202997245467834,190.7294243202479,-57.84842769725386,-13.76320038202391,-11.12752513082189,4.0,-4.8783747095511805,-33.65230099524217,-9.770578311990075,11.343551832375361,0.24300000000000002,0.3798,14.8,0.0506,0.0052,0.17742730189789013,-0.08653931759814111,1.1389432380020614,0.7630147014701469,0.9663366336633663,0.8915115511551155,0.779085108510851,0.5679320712291009,0.2755437334942285,0.7432920215098433,0.8474871794871796,0.9626666666666667,0.7122981583872673,0.8087179487179487,0.11580826104588478,0.730049304930493,0.6831585620100471,0.8296765676567656,0.0,0.0,0.0,0.0,0.0,0.0,0.0,0.0,Łukasz Licznerski,3005.0
19.297864387423736,183.74645350247047,-58.877732606518585,-14.875984465488203,-11.384926394915851,3.99659545263092,-4.807911838256159,-33.62388324399714,-10.28150531173316,12.09988319524101,0.2263564356435643,0.4382623762376237,18.65841584158416,0.061579207920792,0.0081980198019801,0.113054282157283,-0.2416018330959639,1.4091084314995164,0.7318157414107506,0.8728244164421621,0.806961028703006,0.5608371129858756,0.5707266115715012,0.515879840282597,0.5761409268904504,0.895608448152996,0.888487670919632,0.8285143593674782,0.6142986406114554,0.3428385039115424,0.672051543059208,0.8133490997806213,0.8671610749753331,0.0699501148742161,0.3160377358490566,,,,,,,Łukasz Licznerski,3005.0
19.583782374488255,198.70405914673563,-46.81007364509906,-16.456397328162033,-10.475726952575902,4.0,-3.0335347985347987,-22.87341628959276,-10.18821816418875,12.217219887955181,0.2266,0.30519999999999997,18.8,0.0578,0.016999999999999998,0.01661215255332902,-0.0752262443438914,1.4421647274294334,0.8110805860805861,0.9071078431372548,0.7672161172161173,0.6615196078431371,0.6183634992458522,0.5816311139840552,0.6414835164835165,0.9426470588235294,0.9735294117647058,0.9057692307692307,0.5221261581555698,0.3388386123680241,0.5208521870286577,0.7421245421245422,0.9029411764705882,0.0043040293040293,0.0,0.0,0.0,0.0,0.0,0.0,0.0,Łukasz Licznerski,3005.0
16.273658953848674,160.2962447572939,-72.13378658165325,-17.0336059052387,-13.621897459480294,4.0,-5.4017228561191875,-42.33099704665847,-11.153434638712167,13.407871324555558,0.1814,0.4768,25.0,0.099,0.0018,-0.037953425123236455,-0.16782274012801157,1.6716403409629663,0.5183093340063042,0.8776666666666667,0.5944461351186854,0.38784142630227275,0.43144379456576065,0.5832725729752732,0.4995264611136678,0.9243333333333332,0.8556666666666667,0.8397169811320755,0.5690754716981131,0.242465522616273,0.4995957474182167,0.644033594109526,0.6753106304647952,0.044276729559748394,0.06320754716981132,0.0,0.0,0.0,0.0,0.0,0.0,Łukasz Licznerski,3005.0
