Name,Forcing_Style_Prob,Forcing_Style_Score
4empechement,0.27513340888408244,0.1302
AFRUZA Khamdamova,0.4199857686313182,0.2397
Aadit Bhatia,0.8707126588429327,0.7848
Aaditya Dhingra,0.8667603395813502,0.7774
Aakaash Meduri,0.88761005081855,0.8145
Aakash G,0.8724896817681372,0.7881
Aansh Nandan Nerurkar,0.6288859881575102,0.446
Aaradhya Das,0.6098247293978274,0.4252
Aarav Dengla,0.33460091886981586,0.1718
Aarav Sinha,0.13300820896747698,0.0527
Aaravamudhan Balaji,0.8189525238251708,0.7065
Aarit Kapil,0.5531799802085562,0.361
Aaron Bendayan Claros,0.4562804574076459,0.2672
Aaron Cooper,0.19185650705421137,0.0783
Aaron Jacobson,0.0908734512566886,0.036
Aaron Matthes,0.5051616313424705,0.3102
Aaron Mendes,0.2284910065005031,0.0935
Abdimalik Abdisalimov,0.9470963177377371,0.9377
Abdulla Gadimbayli,0.03933940133690421,0.0134
Abhimanyu Puranik,0.3822468958870958,0.2074
Abigail Zhou,0.3750045316689972,0.2004
Abtin Atakhan,0.5802228917101038,0.3918
Adam Collins,0.5161169247774934,0.3232
Adam Gibała,0.9583431962559497,0.9625
Adam Kozak,0.7642354108795325,0.6219
Adam Kujawski,0.27615534844087475,0.1317
Adam Mekhane,0.5638459346255035,0.3725
Adani Clarke,0.6435516954492255,0.4627
Adar TARHAN,0.03164650284599274,0.0082
Adham Fawzy,0.9258789913925867,0.8917
Adham_Hossam2011,0.7564255467114978,0.6111
Adi Menahem,0.3290920116427292,0.1681
Aditya Mittal,0.6694194544940111,0.4957
Aditya S Samant,0.6076600937146838,0.4237
Aditya Varun Gampa,0.5087555941237469,0.3135
Adnan Sitnic,0.42562478866108844,0.2434
Adrian Antonio Garcia Garcia,0.38508447481752384,0.2115
Adrian Gschnitzer,0.6355226424099607,0.4516
Adrian Martinez Fernandez,0.7377508923352311,0.5863
Adrian Suarez Uriel,0.7753421947560218,0.6386
Adán Rios Escobar,0.9263268614317586,0.8924
Aghasiyev Kamal,0.49414482194130904,0.2991
Agustin Ambrogi,0.44719187519887393,0.259
Agustin Fuentes,0.5510927205957385,0.3577
Ahmad Ahmadzada,0.4584143654359945,0.2686
Ahmad Al khatib,0.19243370818292072,0.0787
Ahmed Kandil,0.6271745343074393,0.4442
Ahn Hongjin,0.8678772253620142,0.7788
Aiaru Altynbek,0.39185298460927587,0.2171
Airat Sadubayev,0.5195390443907644,0.3269
Aisen Mestnikov,0.6303890815416154,0.4475
Ajay Karthikeyan,0.9721747337699057,0.9874
Akeem Brown,0.7372353912012938,0.5855
Akhmedov_David,0.8228996780469867,0.7124
Aksel Bu Kvaloy,0.42377903070358736,0.2419
Akshay Borgaonkar,0.43967726867692847,0.2512
Akylbek2021,0.8053830504539057,0.6842
Al-Saffar Araz Basim,0.45846436378711247,0.2694
Alain Fayard,0.9512884009331035,0.9499
Alain Otero Marino,0.2991172992846974,0.1421
Alain Prieto Aranguren,0.811242231962656,0.6987
Alan Morris-Suzuki,0.7386751725327811,0.5892
Alan Pichot,0.8525290295269583,0.7551
Alba De Lomas Busquets,0.7864482697385405,0.6575
Alban alban1987@hotmail.com,0.6898142382443864,0.5228
Albert Fishman,0.5505928048758835,0.3566
Alberto Barp,0.6810347889295941,0.5087
Alberto Fabris,0.7462806961063513,0.6
Alberto Guzman Moneo,0.899909527695371,0.839
Alberto Martin Fuentes,0.8006031453568342,0.6787
Alberto Santos Flores,0.5795027155291248,0.39
Aleexeey Sueetin,0.8069545454691802,0.6872
Alejandro Castellanos Gómez,0.4484676024528952,0.2609
Alejandro Castellanos Villela,0.865174901687028,0.7744
Alejandro Cosoi Scherzer,0.4832790585054271,0.2913
Alejandro Cuellar Montes,0.6722509209893227,0.4998
Alejandro Domingo Nunez,0.8872449798009283,0.8134
Alejandro Garcia Garcia,0.8919006851136808,0.8241
Alejandro González Vega,0.8801698531513805,0.8
Alejandro Pacheco,0.2754164852658737,0.1314
Alejandro Uzcategui Rodriguez,0.6334067387018827,0.4494
Alekhine Nouri,0.7441249346460969,0.5978
Aleksa Micic,0.7759015524900927,0.6397
Aleksa Petrovic,0.17967978295818907,0.0712
Aleksandar Indjic,0.9397768541022451,0.9221
Aleksandar Topalov,0.9577448466042451,0.9618
Aleksander Hnydiuk,0.5530955485872775,0.3607
Aleksander Kumala,0.4451898071986607,0.2564
Aleksandr Devaev,0.9534828290137174,0.9547
Aleksandr Domalchuk-Jonasson,0.9315764504512589,0.9039
Aleksandr Ivanov,0.8192251259708223,0.7072
Aleksandr Lenderman,0.024754512874786742,0.0052
Aleksandr Rakhmanov,0.6821918150811508,0.5098
Aleksandr Shimanov,0.6903880424857023,0.5243
Aleksandr Usov,0.3057606160111599,0.1473
Aleksandra Goryachkina,0.3089178757494916,0.151
Aleksandra Lach,0.8866876622213745,0.8126
Aleksandra Maltsevskaya,0.550053799110314,0.3547
Aleksandra Tarnowska,0.6897251938599932,0.5224
Aleksandras Jegorovas,0.5149424592850564,0.3202
Aleksei Belov,0.1640369725060574,0.0635
Aleksei Pridorozhni,0.798026368568422,0.6738
Aleksei Sarana,0.6075185081553373,0.4234
Aleksey Sorokin,0.3011338619889591,0.1432
Alen Yeremyan,0.4610080946799623,0.2731
Alena Nikulina,0.44620519488828847,0.2571
Alessandro Manzone,0.7735722844674309,0.636
Alessio Boraso,0.5313133248843857,0.3391
Alex Arias Igual,0.8189855785206739,0.7069
Alex Bullen,0.528778848281711,0.3362
Alex Fier,0.9251303133442409,0.8902
Alex Fishbein,0.26437190565363905,0.1232
Alex Garrido Outon,0.6559058074779844,0.4768
Alex Goldin,0.804166069860224,0.6827
Alex Jian,0.908291624156413,0.8564
Alex King,0.4071264533634533,0.2297
Alex Krstulovic,0.24837505896298467,0.108
Alex Ostrovskiy,0.18181319161797888,0.0731
Alex Sahakyan,0.41657989708657067,0.2378
Alex Truskavetsky,0.6544216050346561,0.4761
Alex Villa Tornero,0.12956735700105124,0.0516
Alex Wang,0.530221997639674,0.338
Alexander A. Chernov,0.9170219321514008,0.8738
Alexander Alexikov,0.9564991876592064,0.9599
Alexander Donchenko,0.6511133828375143,0.4724
Alexander Fikiet,0.6356805167268488,0.4519
Alexander Gelman,0.8688011095742644,0.7814
Alexander Grischuk,0.7081733386957267,0.5436
Alexander Herbrig,0.3410081919285134,0.18
Alexander Hernandez Jimenez,0.8145494864224375,0.7024
Alexander Jasinski,0.6343426519525861,0.4508
Alexander Katz,0.23322088897106402,0.0965
Alexander Khlebovich,0.11996580258313654,0.0464
Alexander Khripachenko,0.2999215061936522,0.1425
Alexander Mikhnenko,0.5638001357445204,0.3722
Alexander Moskalenko,0.3886524652197996,0.2137
Alexander Reprintsev,0.3048407419408493,0.1466
Alexander Rustemov,0.6060081683611253,0.4219
Alexander Spichkin,0.8774701209280366,0.7963
Alexander Suvorov,0.7795305866327318,0.6456
Alexander Timerkhanov,0.5651964365722512,0.3729
Alexander Velikanov,0.7018400507080067,0.5384
Alexander Zlatin,0.3800659077683692,0.2059
Alexander Zubov,0.9707910657305586,0.9859
Alexandr A Smirnov,0.5590411721465605,0.3666
Alexandr Kostiukov,0.9395900313425948,0.921
Alexandr Provotorov,0.6882319932348118,0.521
Alexandr Triapishko,0.2423934834927592,0.1028
Alexandra Afanasieva,0.6653809046775306,0.4894
Alexandra Kosteniuk,0.2376824722201289,0.1006
Alexandra Obolentseva,0.933676804704548,0.9069
Alexandra Prado,0.8975804935415461,0.8341
Alexandra Samaganova,0.9467805141394481,0.9365
Alexandra Shvedova,0.5661497844767176,0.3733
Alexandra Zherebtsova,0.9466972104488104,0.9362
Alexandre Bouget,0.5937514693639694,0.4048
Alexandre Qashashvili,0.24290407197707986,0.1035
Alexandros Papasimakopoulos,0.7410900065229663,0.5918
Alexandru Calin,0.9459520731132475,0.9336
Alexandru-Bogdan Banzea,0.27175965696807325,0.1265
Alexei Gubajdullin,0.9494328938528097,0.944
Alexei Kornev,0.491800696765588,0.298
Alexei Saveliev,0.8894196884850512,0.8174
Alexei Shirov,0.05964750912082101,0.0241
Alexey Chos,0.916996817437717,0.8735
Alexey Dreev,0.5069675259546785,0.3124
Alexey Evdokimov,0.9153513620578115,0.8686
Alexey Jarovinsky,0.5862219444444444,0.3978
Alexey Kislinsky,0.6515256119921529,0.4735
Alexey Kolmagorov,0.7882987342610097,0.6616
Alexey Kornyukov,0.7321842484025273,0.5781
Alexey Kovalchuk,0.5789583086989023,0.3881
Alexey Reshetnikov,0.8032880651768828,0.6816
Alexey Slavin,0.9675151425308245,0.9792
Alexey Streltsov,0.30298496008504133,0.1447
Alexey Zhuravlev,0.8553947431223896,0.7596
Alfeu Junior Varela Bueno,0.7264853342275878,0.5714
Alfie Onslow,0.8634863241656443,0.7729
Alfonso Llorente Zaro,0.8556693920749858,0.761
Alfredo Cecilio Miserendino,0.82625215690844,0.7165
Algol Jorajuria,0.7213170140713125,0.5647
Ali Elier,0.37209162840091475,0.2
Ali Farahat,0.2536546882333605,0.1132
Ali Mortazavi,0.9751244528630252,0.9904
Ali Rastbod,0.5794685444813734,0.3892
Alicja Sliwicka,0.6924959666788488,0.5262
Alikhan Daulet,0.9822405470035889,0.9959
Alikhan Khazhatuly,0.18149957718072593,0.0724
Alikhon Avazkhonov,0.803813276246171,0.6824
Alina Kashlinskaya,0.8890594356091037,0.8167
Alina Semenova,0.67087180785298,0.498
Alireza Firouzja,0.8033175794990669,0.682
Alisa Genrietta Yunker,0.3677057588045406,0.1959
Aljoscha Feuerstack,0.7915970527864763,0.6675
Alkhoori Eisa Mohmood,0.20161782783181437,0.0839
Allahverdi Hamidov,0.24557577458285934,0.1058
Alma Jaqueline Mora Velasco,0.8337140086901365,0.7262
Almas Rakhmatullaev,0.3848432536474661,0.2111
Alon Mindlin,0.3917977553982195,0.2167
Alopekos,0.345055303958132,0.1811
Altay Eynullayev,0.6042140419348361,0.4182
Alua Nurman,0.7761859429126282,0.6404
Alvar Alonso Rosell,0.5708505659309238,0.3777
Alvaro Alves De Almeida Junior,0.2480662614708346,0.1076
Alvaro Bayo,0.7006002955932967,0.5351
Alvaro Blanco Fernandez,0.9401678230680316,0.9224
Alvaro Donatti,0.6975293852022142,0.5302
Alvaro Rodriguez,0.6387226074951162,0.4579
Aman Hambleton,0.7823666771486513,0.6497
Amani Alazmi,0.6855530176266588,0.5176
Ameet Ghasi,0.984445110090691,0.9978
Amelia Hernandez,0.8616789104154297,0.7699
Amgalantengis Enkh-Amgalan,0.8286248784248528,0.7217
Amin Tabatabaei,0.804655341281558,0.6831
Amina Kairbekova,0.7510205263949521,0.6056
Amir Ali Ghafourian,0.27217003752450886,0.1269
Amir hosein Kashefi,0.7122763601207498,0.5484
Ana Kuchava,0.9265513055576345,0.8942
Anastasia Avramidou,0.9495355789157,0.9447
Anastasia Bodnaruk,0.9765854172288553,0.9922
Anastasia Travkina,0.520430916473982,0.3284
Anastasiia Hnatyshyn,0.08557124202138698,0.0341
Anastasios Mihailidis,0.23495629342659968,0.0987
Anastassia Sinitsina,0.9057396028999698,0.8516
Anatole Vlachos,0.8995624710302401,0.8378
Anatoliy Emeliantsev,0.901235089157413,0.843
Anatoliy Shapkin,0.7826783712113449,0.6505
Anatoly Bykhovsky,0.9853721097102943,0.9989
Anatoly Donskov,0.6119964202056817,0.4263
Anatoly Krutko,0.6164419054126073,0.4327
Anatoly Moskvin,0.8219307622974228,0.7102
Anderson Esmeraldas,0.7954616512581932,0.6709
Andre Bold,0.36793743299641435,0.1963
Andre Kunz,0.5969599240026218,0.4082
Andre Mendez Machado,0.1493253008341952,0.0579
Andreas Brenke,0.38334368743981906,0.2085
Andreas Mende,0.9376847390520741,0.9165
Andreas Skotheim,0.6478744301236139,0.4683
Andrei Belozerov,0.7310216734906148,0.5766
Andrei Ioan Trifan,0.39745056392931055,0.2215
Andrei Macovei,0.5523601994886426,0.3588
Andrei Negrean,0.1757790239347854,0.0694
Andrei Olhovik,0.567946592469149,0.3751
Andrei Purygin,0.09145639033191019,0.0364
Andrei Shishkov,0.17265894922963032,0.0668
Andrei Skvortsov,0.32483478995669773,0.1647
Andrei-Mihai Bonte,0.6090857625533532,0.4245
Andrej,0.951133145083596,0.9488
Andres Carrasco Miranda,0.7890112756570863,0.6627
Andres Ferriz Barrios,0.6236336155253323,0.4401
Andrew Green,0.9183731255625922,0.8783
Andrew Hong,0.6683318088637987,0.4942
Andrew Jing,0.902635225691685,0.846
Andrew Tang,0.81078092087926,0.6968
Andrew Titus,0.11048647867167669,0.0434
Andrew Wu,0.43989191890343315,0.2516
Andrey Drygalov,0.5210603641447313,0.3291
Andrey Esipenko,0.7194448267814961,0.561
Andrey Gonzalez Zharikov,0.28790402331008463,0.1377
Andrey Gorovets,0.959101378380445,0.9644
Andrey Ivanov,0.8980514919000531,0.8353
Andrey Klymchuk,0.6813643619843264,0.5095
Andrey Levitskiy,0.04732929424802768,0.0171
Andrey Marcelo Souza Neves,0.5549247501528143,0.3618
Andrey Rychagov,0.8832551715105204,0.8074
Andrey Tsvetkov,0.7836973081990812,0.6534
Andrii Palchuk,0.6124811266602358,0.4275
Andrii Vachylia,0.9131540581089295,0.8657
Andriy Diachek,0.3177111617353945,0.1573
Andriy Prydun,0.6420053177233398,0.4612
Andrzej Krzywda,0.588669021895582,0.4022
Andrés Delgado,0.45138270618270615,0.2631
Andy Woodward,0.7318366888855196,0.5774
Angel Gabriel Cordoba Roa,0.2616096484164506,0.1213
Angie Garcia,0.5318836238287155,0.3399
Anil Berk Erdogan,0.44465423977272567,0.256
Anish Giri,0.9016167090442406,0.8445
Ankush Khandelwal,0.5690695610996452,0.3759
Anna Cramling,0.6172247075071327,0.4338
Anna Jakubowska,0.5629352417812032,0.3711
Anna Kubicka,0.7393076896042857,0.5904
Anna M. Sargsyan,0.40339550857176454,0.2241
Anna Shukhman,0.04950416971204468,0.0186
Anna-Maja Kazarian,0.19122496616123072,0.0776
Anthony Atanasov,0.16693695881964424,0.0649
Anthony Wirig,0.531697069671721,0.3395
Antoine Bournel,0.9111710626255546,0.8605
Anton Barash,0.7279502383522642,0.5725
Anton Demchenko,0.8330499484961027,0.725
Anton Isajevsky,0.8995306952091375,0.8375
Anton Karpenko,0.520220261661437,0.3276
Anton Korobov,0.8689392221126455,0.7818
Anton Vasilenok,0.6679699023268533,0.4928
Antoni Kozak,0.6663684427241098,0.4902
Antoni Szustakowski,0.909481952586528,0.8583
Antonin Ferey,0.9676778468611756,0.98
Antonio Arencibia,0.5040192951506788,0.3091
Antonio Carlos Bambino Filho,0.9503467265061003,0.9466
Antonio Lopez Del Alamo,0.9510132542674112,0.9484
Antonio Naranjo Moreno,0.40999132034632035,0.2327
Antonio Pedro Freixial Vasques,0.7001501478799451,0.534
Antonio Ruperez Benito,0.128574217665904,0.0501
Antonios Gkavardinas,0.03499377031598088,0.01
Anusha Subramanian,0.24158227739240878,0.1024
Anysia Thomas,0.7610752419119884,0.616
ApacheSVD,0.5144258315572658,0.3199
Apoorv Kamble,0.4136629382458638,0.2341
AradNazari,0.21620297785934145,0.0913
Aradhya Garg,0.13607146753327068,0.0542
Aram Hakobyan,0.513964927800268,0.3195
Aran Köhler,0.7978258876817084,0.6735
Arash Tahbaz,0.9479795592493225,0.9406
Aravindh Chithambaram,0.735332354049024,0.5826
Aref Vasli,0.8729643440342757,0.7892
Ari Guz,0.5023986846537812,0.3076
Ari Kiremitciyan,0.6397011762301362,0.459
Arian Baradaran Tamadon,0.7750704300036377,0.6371
Ariel Nicolas Tokman,0.9196107384908107,0.8805
Arina Kiseleva,0.6853204648228525,0.5165
Arjun Adireddy,0.2788314506180246,0.1332
Arjun Erigaisi,0.8562669295098605,0.7625
Arman Erzhanov,0.915159856959041,0.8675
Arman Geivondian,0.18434212835596464,0.0738
Arman Ghevondyan,0.5511893650127073,0.3581
Arman Mikaelyan,0.3704462474588722,0.1985
Armin Kekic,0.7951530978954386,0.6701
Armin Mušović,0.05723614585283694,0.0223
Arnaldo Jesus Fernandez De La Vara Mulet,0.8359744674605682,0.7295
Arnold Essing,0.20625876013228517,0.0879
Arnold Mayeregger,0.9174244558492525,0.8764
Aron Pasti,0.15592617430230732,0.0609
Arsal Gardezi,0.7171459755599321,0.5592
Arsene Kukhmazov,0.5794975274331394,0.3896
Arseniy Astafurov,0.6540248791368485,0.4757
Arseniy Nesterov,0.4438600431747826,0.2545
Arseny Alavkin,0.7769727470419855,0.6419
Artak Manukyan,0.3058696361425247,0.1477
Artem Alek Fedorov,0.09532165724736072,0.0378
Artem Bardyk,0.01306005135504094,0.0011
Artem Chernobay,0.942490032883007,0.9288
Artem Dyachuk,0.36183068354420034,0.1933
Artem Galaktionov,0.9867147832755128,0.9996
Artem Gulevich,0.5476788149166634,0.3529
Artem Koval,0.37133648957121745,0.1996
Artem Legenya,0.9028120575822352,0.8464
Artem Omelja,0.6879652553291898,0.5202
Artem Sadovsky,0.8224690896171841,0.7117
Artem Timofeev,0.63582639311734,0.4527
Artemii Khanbutaev,0.6989698392386532,0.5325
Artemiki Lebedev,0.03318552402556354,0.0089
Artemy Gogolev,0.4206299613142684,0.2401
Arthur De Winter,0.3152268238156086,0.1558
Arthur Lucas,0.8914316809191579,0.8223
Arthur Muromtsev,0.6666228573755993,0.4913
Arthur Olinto de Souza,0.8382921479540819,0.734
Artin Ashraf,0.8108195344920439,0.6972
Artiom Samsonkin,0.024551593161659148,0.0048
Artiom Stribuk,0.6928703580753467,0.5273
Artur Dilmukhametov,0.8732106298492527,0.7896
Artur Gabrielian,0.5182812851518264,0.325
Artur Tin Lun Dai Lima,0.76864368706545,0.6282
Artyom Bogdanov,0.44400304194078855,0.2549
Artyom Manukyan,0.7086968164448237,0.5443
Arush Chitre,0.8541610375189672,0.7573
Arvids Andrejevs,0.05610816316857847,0.0215
Arvind Jayaraman,0.8676528504088008,0.7785
Aryan Tari,0.06641337006636945,0.026
Arystanbek Urazayev,0.15133977983240196,0.0586
Asa Hoffmann,0.9203756636938041,0.8827
Ashot Nadanian,0.03596677487369136,0.0115
Ashritha Eswaran,0.37003720000535145,0.1978
Asish Panda,0.3783736136192327,0.2048
Aslan Aitbayev,0.39946107331900327,0.2223
Assel Lesbekova,0.5847945012291101,0.3952
Assel Serikbay,0.638160535116579,0.4564
Aswath S,0.7497369463916627,0.6041
Asylbek Abdyjapar,0.8572234219487684,0.7644
Atanas Dimitrov,0.9348769742896426,0.9095
Atilla Eynullayev,0.6439137498235329,0.4635
Atousa Pourkashiyan,0.22938301569487596,0.0942
Attila Jr. Forgacs,0.5503722092905339,0.3558
Attila Turzo,0.8737268183865089,0.7904
Augustin Droin,0.4949939374018067,0.2998
Augustinas Bazilius,0.41123474603795784,0.2334
Aung Thant Zin,0.7017503375783921,0.5377
Aurelio Vila Dupla,0.9104566714884348,0.8594
Austin Mei,0.7356525556321596,0.5829
Avi Kaplan,0.6464733347779357,0.4668
Avital Boruchovsky,0.3323190451488551,0.1703
Axel Bachmann,0.8423382776063264,0.7403
Axel Delorme,0.5064469407164001,0.3113
Ayan Allahverdiyeva,0.37032942812188585,0.1981
Aydin Suleymanli,0.8149232250893863,0.7039
Aydin Turgut,0.5826180311828862,0.3933
Ayrat Vafin,0.6990508257796646,0.5328
Azer Mirzoev,0.8916512065376866,0.823
Aziz Degenbaev,0.753949541027352,0.6093
BOZNENA PIDDUBNA,0.40712881732411665,0.2301
Baadur Jobava,0.6267403780133959,0.4434
Babageldi Annaberdiyev,0.722328103354406,0.5662
Bach Ngoc Thuy Duong,0.8491574302699607,0.7495
Bahadir Ozen,0.982955873951665,0.997
Bahadur Khodzhamkuliev,0.9385521865840769,0.9191
Baira Kovanova,0.855478763273155,0.7607
Bakhtiyar Askarov,0.9556930642091126,0.9588
Bakhtiyar Nugumanov,0.8032156242552484,0.6813
Balaji Daggupati,0.023790700488310286,0.0041
Balázs Csonka,0.08644766619199157,0.0345
Bao Nghia Dong,0.6193174012534087,0.4353
Barad Yeganegi,0.5154088201935604,0.3217
Barbara Skuhala,0.4749908882624997,0.2839
Bardiya Daneshvar,0.9819293709841572,0.9955
Barnabas Kovacsy,0.30455313244663373,0.1462
Bartosz Przybylski,0.6132691998368263,0.4282
Batuhan Özen,0.8975141150683801,0.8338
Bayastan Sydykov,0.4754101265697271,0.2846
Beksultan Moldagali,0.02262827846249408,0.0037
Belka1989,0.954963697534453,0.9573
Ben Finegold,0.7878531701807562,0.6601
Ben Johnson,0.7752751007534974,0.6378
Bence Pribelszky,0.6628534537931142,0.4865
Benedikt Dauner,0.8158479459044246,0.7043
Benedikt Huber,0.7911925171349095,0.666
Benik Agasarov,0.05730326951139758,0.0226
Benjamin Bok,0.6135395572125466,0.4286
Benny Aizenberg,0.6195316750824065,0.436
Bernardo Vainzoff Sztokbant,0.41440135547597007,0.2349
Bharath Subramaniyam.H Harishankkar,0.42492039182855434,0.243
Bianka Havanecz,0.5333147415297589,0.3406
Bibisara Assaubayeva,0.8008163860443205,0.6794
BikingBrian,0.938481743225941,0.9187
Bilel Bellahcene,0.7264622479845578,0.5711
Bintang Rasyid,0.203266583227591,0.0853
Björn Andersson,0.6732746597118865,0.5006
Blanka Ejsymont,0.6966036447068611,0.5295
Blaz Bratovic,0.5971130357427465,0.4089
Blazej Grot,0.6401538023350533,0.4594
BobbyFischer1508,0.9543395551021773,0.9562
Bobur Sattarov,0.6386216850268533,0.4575
Bogdan Belyakov,0.25964517202670845,0.1187
Bogdan Daniel Deac,0.6040436266278795,0.4174
Bogusz Piliczewski,0.7253464694250442,0.5692
Bojan Maksimović,0.8505055832879167,0.7506
Bojan Todorovic,0.9604574491750488,0.967
Boris Bruned,0.8977724454422977,0.8349
Boris Ferrufino,0.8343676013054171,0.7273
Boris Grachev,0.1634100063190313,0.0627
Boris Savchenko,0.5175159678271308,0.3243
Boris Stankovic,0.7913096382078955,0.6664
Bovie Mei Liu,0.6118588331787221,0.426
BozeKat,0.9190147627522472,0.8798
Brahian Diaz Herquinio,0.460080559688012,0.2716
Brandon Jacobson,0.6719223352721404,0.4991
Brett Passen,0.8878342856879045,0.8156
Brewington Hardaway,0.4196669055443838,0.2393
Bruno André Leite Martins,0.5727460482873014,0.3796
Bruno Morado Rodrigues,0.45300530660657523,0.2646
Bryan Enming Lin,0.4670054865607768,0.2776
Bryan Weisz,0.42246249530305846,0.2416
Bryan Xie,0.755258776467057,0.6104
Bulat Mirzanurov,0.7832603225283798,0.6527
Burak Firat,0.8800322213781768,0.7996
Burak Ozalp,0.9245664447078512,0.8894
Buyankhishig Batpelden,0.8289511703794217,0.7228
Byambaa Uyanga,0.7890516530674374,0.6631
CAMPO ELIAS GUZMAN,0.9390071046320964,0.9199
Caio Poeta,0.3333200886260806,0.1714
Caleb Levi,0.05612563879382637,0.0219
Calin Gheorghiu,0.5406648766425716,0.3466
Camilo Corredor Castellanos,0.9519113463818426,0.951
Carles Martín Barceló,0.6938624478150073,0.528
Carlos Alberto Gallegos Diaz,0.960522539909834,0.9673
Carlos Alvarado,0.8572237193460754,0.7647
Carlos Andres Obregón,0.9684323301191062,0.9826
Carlos Andres Perdomo,0.8129632547551203,0.6994
Carlos Daniel Albornoz Cabrera,0.7129355943201106,0.5495
Carlos Eduardo Cardozo Munar,0.6697998048264913,0.4968
Carlos Martins,0.5866826742161305,0.3985
Carlos Morales,0.6311222681298954,0.4482
CarlosjPineror,0.9730114197295133,0.9881
Casper Liu,0.6660397087241192,0.4898
Cedric Chassard,0.4312701487022337,0.2475
Cem Kaan Gokerkan,0.014274866365420158,0.0015
Cengiz Hasman,0.9727058132020876,0.9878
Cervantes Landeiro Thalia,0.6682174989772072,0.4931
Cesar Ugarte,0.8343547289935346,0.7269
Chamal Gedgaf,0.961599128778403,0.9692
Chanchal Kumer Ghosh,0.3762039989382088,0.2015
Charles Storey,0.575542608401084,0.3818
Chelsie Monica Ignesias Sihite,0.8729247496581876,0.7889
Cherry Ann Mejia,0.48416415621370595,0.2931
Chesswizard_2007,0.8627910355384616,0.7714
ChessyInstinct,0.30391305624028836,0.1458
Chris Baker,0.7678784630395467,0.6267
Chris L Chambers,0.6140197809175947,0.4289
Christian Almeida do Nascimento,0.3175531891322191,0.157
Christian Gian Karlo Arca,0.928250715195151,0.8961
Christian Koepke,0.029676376055128934,0.0071
Christian Polster,0.8550443002766158,0.7588
Christian Silvestre,0.9455836608412115,0.9332
Christian Stevens,0.6824592158356824,0.5102
Christiansen Sava,0.8663433664263327,0.7763
Christof Sielecki,0.4195711973255083,0.239
Christopher Chabris,0.6781424880502674,0.5058
Christopher Guzman,0.48397792568155823,0.2924
Christopher Pace,0.7653726332720344,0.623
Christopher Woojin Yoo,0.030116104056517233,0.0074
Christos Krallis,0.31381264359581346,0.1536
Cindy Qiao,0.615393497835773,0.4312
Claudius Gottstein,0.2678730872586693,0.125
Clemens Rietze,0.7018350684606341,0.538
Clement Cristian Daianu,0.3291681084525283,0.1685
Coachpoker,0.3061609304619025,0.1481
Collin Colbow,0.438261369213018,0.2505
Colombiano07,0.619425236394102,0.4356
Conrad Holt,0.19719666671718267,0.0813
Conrad Thake,0.9382332308975995,0.918
Cptn2,0.6117479182286159,0.4256
Craig Clawitter,0.17472248210560157,0.0686
Cristhian Montero,0.8931829794157029,0.8275
Cristhian Portal,0.656420767731294,0.4772
Cristi Machidon,0.7700962261490762,0.6312
Cristian Adrian Dolezal,0.856101591385159,0.7622
Cristian Robledo,0.8397381481716127,0.7362
Cristian Sanhueza,0.1757733947813414,0.069
Cristian Silva Lucena,0.7911248854052183,0.6653
Cristiano G Souza,0.8628202791871814,0.7718
Cristobal Henriquez,0.976689558629776,0.9926
Cumali Unver,0.8819127696066339,0.8048
Cyrielle Monpeurt,0.5013660959906246,0.3065
César Augusto Blanco Gramajo,0.9263595349981995,0.8928
Dachey Lin,0.6787485175292284,0.5069
Dalton Perrine,0.8054472945847742,0.6846
Damian Lewtak,0.805298077730485,0.6839
Damian Śliwicki,0.1911799583686471,0.0772
Damir Ismagilov,0.9339134188508049,0.9076
Dan Herman,0.6538534529188884,0.475
Dan Shapiro,0.9369634613263175,0.9147
Dana Tuleyeva-Aketayeva,0.8719472611348259,0.7863
Daniel Aguiar De Sousa,0.9603294031171735,0.9666
Daniel Barria,0.8803031723732575,0.8015
Daniel Beniosev,0.9353124639293711,0.9102
Daniel Centron Antuna,0.2650464913165603,0.1236
Daniel Chan,0.3541805697356583,0.1866
Daniel Cremisi,0.5527283507865323,0.3596
Daniel Dardha,0.3279348950937807,0.167
Daniel Garcia Ramos,0.2540712514454329,0.1139
Daniel Girsh,0.6636675590423646,0.4879
Daniel Gormally,0.8260243372738911,0.7158
Daniel Gutiérrez Olivares,0.9585749179940732,0.964
Daniel Kopylov,0.6015140754036205,0.4145
Daniel Marcolino,0.5799599862422583,0.3911
Daniel Melamed,0.4721599203036281,0.2813
Daniel Naroditsky,0.2588462080548151,0.1184
Daniel Pinto,0.8807818176438034,0.8019
Daniel Rangel,0.9158700142701145,0.8701
Daniel Ser,0.8139668637678945,0.7013
Daniel Taboas Rodriguez,0.8920142615416136,0.8245
Daniel Tabuenca Mendataurigoitia,0.9753156336371676,0.9907
Daniel Teidi Awoki,0.2769796672529027,0.1325
Daniel Titichoca Daza,0.9575398951149363,0.9614
Daniel Yedidia,0.8175455853046906,0.7054
Daniil Dubov,0.5201532671600425,0.3273
Daniil Lintchevski,0.02446754582363985,0.0045
Daniil Manelyuk,0.5134269009263295,0.3187
Daniil Plyasunov,0.035185466684182175,0.0104
Danila Bilan,0.2518123598341554,0.1117
Danila Poliannikov,0.874286307949907,0.7918
Dantelle Joubert,0.8610871018683532,0.7688
Danyyil Dvirnyy,0.7396341535218453,0.5911
Daouda Ethmane,0.9506307160266525,0.9477
Daria Yurasova,0.76986628992377,0.6304
Daria Zaichenko,0.4047649548029201,0.2263
Darius Viškelis,0.0702515067727321,0.0278
Dariusz Bieliński,0.8716019407092096,0.7855
Dariusz Swiercz,0.6385327516641722,0.4571
Darko R Mitrovic,0.73159751250273,0.577
Darvi Abraham Crispin Ferreras,0.779420014245951,0.6453
Dashgyn Ibadov,0.13664521671530552,0.0549
Davi Sulzbacher,0.7633278842709836,0.62
David Alexandru,0.796903760192413,0.672
David Anton Guijarro,0.7934397008125809,0.669
David Bernat,0.9571217676208811,0.9607
David Blanco Diez,0.7920822131870032,0.6683
David Brodsky,0.20340217449277515,0.0857
David Gasparyan,0.7490359706299768,0.603
David Gavrilescu,0.09178605322664525,0.0367
David George Samir,0.3275754906834553,0.1666
David Gorodetzky,0.5932520083500163,0.4045
David Haydon,0.4377192947155314,0.2497
David Howell,0.713451076593997,0.5514
David Kalashian,0.7596225821252961,0.613
David Levine,0.8367282040078715,0.7314
David Martinez,0.43955607201834823,0.2508
David Navara,0.041509900700114975,0.0145
David Okike,0.7096741458054667,0.5458
David Paravyan,0.01586569761019877,0.0022
David Rodríguez López,0.6611733213591604,0.4835
David Sh. Gevorgyan,0.963854062252764,0.9722
David Shapiro,0.1084929231880016,0.0427
David Temirkanov,0.7318863483133138,0.5777
David Torres Domínguez,0.4273300728956538,0.2456
David Zakarian,0.9462516270493072,0.9354
David Zhurbinsky,0.14793440963504953,0.0571
Davis Zong,0.6668682559909618,0.4917
Dawid Czerw,0.7761960500305117,0.6412
Dawid Janaszak,0.6041589391013951,0.4178
Dawid Niekraś,0.3934439597646254,0.2197
De Silva L.M.S.T,0.7176621108583829,0.5596
Deepak Aaron,0.2903890165194649,0.1391
Deepweb2020,0.9075382793976662,0.8553
Dejan Djordjevic,0.9087419904370856,0.8575
Dejan Jakovljevic,0.716403546631749,0.5566
Dejan Tasev,0.8685306530512429,0.7807
Denes Boros,0.23001758460828653,0.0946
Deniel Causo,0.07598333199399523,0.0304
Deniel Safarov,0.2017364898357374,0.0846
Denis Garrido,0.8268567905492172,0.7176
Denis Khismatullin,0.3603381082169802,0.1918
Denis Kovalev,0.5088816205149866,0.3143
Denis Kozlov,0.13353480667928727,0.0534
Denis Lazavik,0.7914230402873779,0.6668
Denis Makhnev,0.8830730252118467,0.8071
Denis Pershin,0.5888913635302269,0.403
Deniz Arman,0.04289062323565783,0.016
Dennis Wagner,0.3228049750571358,0.1633
Derek Wu,0.19392409681831607,0.0794
Derlei Alex Florianovitz,0.3601189266166388,0.1915
Dev Shah,0.7113857962519877,0.5473
Devina Devagharan,0.4728564623311586,0.282
Devindya Oshini Gunawardhana,0.7813517866557574,0.6471
Dewar B. Feliz Dotel,0.5941480536979278,0.4063
Deysi Cori,0.47757372141086396,0.2872
Diana Mirza,0.8821087092179665,0.8052
Diana Preobrazhenskaya,0.2723856122010885,0.1273
Diego Adla,0.6622154590892511,0.4857
Diego Berardino,0.579285126821862,0.3889
Diego Carbone,0.7139386297945645,0.5525
Diego Flores Quillas,0.4915866291611185,0.2976
Diego Garcia,0.9743303859250521,0.99
Diego Zilleruelo,0.2723879529287721,0.1276
Dila Baloglu,0.46435475918178426,0.2746
Dimitar Mardov,0.5367219573925229,0.3421
Dimitrios Vazelakis,0.8277857416423003,0.7202
Dimitris Alexakis,0.6486725720006155,0.4694
Dimitris Makridis,0.15402752648638784,0.0597
Dina Belenkaya,0.6824991177349637,0.5106
Dinara Wagner,0.8660091684751562,0.7755
Dinesh Rajan M,0.2841708477389374,0.1369
Diogo Duarte Guimaraes,0.24286927407399075,0.1032
Dion Krivenko,0.9414694128337985,0.9254
Dion Su,0.7693646628490208,0.6297
Dirk Troltenier,0.31182788160802916,0.1529
Djuro Skaric,0.9379252136752138,0.9169
Dmitrii Marcziter,0.8112017078048949,0.6983
Dmitrij Kollars,0.5830619602730188,0.3937
Dmitrij Skurikhin,0.790751382805647,0.6649
Dmitriy Bocharov,0.9713372859095509,0.987
Dmitriy Kushko,0.9754063644868098,0.9911
Dmitry Andreikin,0.4864401382955731,0.2942
Dmitry Frolyanov,0.5381636715298896,0.3436
Dmitry Gordievsky,0.8949958824486774,0.8297
Dmitry Gurevich,0.9109002702215573,0.8601
Dmitry Kirillov,0.31381357172127766,0.154
Dmitry Kononenko,0.17864285977701078,0.0709
Dmitry Kryakvin,0.5571379017793273,0.3644
Dmitry MIschuk,0.2736737644981625,0.1291
Dmitry Maximov,0.7195340084267903,0.5614
Dmitry Minko,0.24437675211955884,0.1046
Dmitry Petukhov,0.12639969908133422,0.0494
Dmitry Ponomarev,0.03934065425242209,0.0137
Dmitry Rostovtsev,0.8279528193373993,0.7206
Dmitry Semenenko,0.2319103947160833,0.0954
Dmitry Sumaneev,0.9662311724700535,0.9777
Dmitry Tatarinov,0.7852252215682506,0.656
Dmitry Vyatkin,0.8738832926206165,0.7907
Dmitry Zacurdajev,0.4345542266487404,0.249
Dmitry Zenin,0.9843547854316382,0.9974
Dobre Claudiu Cristian,0.8316037324397657,0.7243
Dolzhykova Kateryna,0.7289618846550848,0.5744
Domantas Klimciauskas,0.8847850202034635,0.81
Dominick Orzech,0.9292754704338545,0.8976
Dominik Horvath,0.5290346693300475,0.3365
Dominik Marczuk,0.9380824547566435,0.9173
Dominique Myers,0.6342974819699992,0.4505
Donát Daróczi,0.9789524845306573,0.9937
Dorian Kang,0.6664891047908442,0.4909
DrMamaliga,0.9206801980493735,0.8835
Dragan Popadic,0.9653719157212558,0.9763
Dragomirescu Robin,0.8173236500389477,0.705
Dragos Ceres,0.7428236896497152,0.5952
Duc Minh Lai,0.8761101060759333,0.7948
Dumitru-Daniel Dinu,0.26719363923374884,0.1243
Dushyant Sharma,0.11984442530765319,0.046
Dávid Haszon De,0.4209636727532887,0.2404
EREBUNI91,0.23604232489755547,0.0994
Edgar Hayrapetyan,0.7620580991951722,0.6171
Edgard Vinicius Zanette,0.9356954425601784,0.9113
Edgardo J. Almedina Ortiz,0.9187844610403155,0.8794
Ediz Gürel,0.03181496985695214,0.0085
Edmund C Player,0.8520714173545182,0.7536
Eduard Ashiev,0.8453473678081528,0.7455
Eduard Kanter,0.8951725875236665,0.8301
Eduardo Barbosa Mesquita,0.48773682871467977,0.2957
Eduardo Iturrizaga Bonelli,0.9311036505671003,0.9024
Eduardo Marra,0.8971004346630039,0.8323
Eduardo Mendez Fortes,0.4712605013341471,0.2809
Eduardo Muzzi,0.4159573126985238,0.2371
Eduardo Peralta,0.9585117106559737,0.9633
Edvin Trost,0.5626189578406694,0.3707
Eelke De Boer,0.25005273476599144,0.1087
Eesha Karavade,0.7501479927150001,0.6045
Egor Baskakov,0.37772267487280037,0.2033
Egor Bykov,0.5868877967699745,0.3993
Egor Koshulyan,0.4344805555988073,0.2486
Egor Kurchenko,0.52371777418051,0.3314
Egor Lashkin,0.7286023940813788,0.574
Eivind Grunt Kreken,0.7242323633824392,0.5681
Ekaterina Borisova,0.8373029842413503,0.7328
Ekaterina Goltseva,0.588162171408593,0.4015
Ekaterina Miroshnik,0.9435723041494825,0.9306
Ekaterini Pavlidou,0.8473954944623138,0.7473
Eldiar Orozbaev,0.03704982664814952,0.0122
Elham Amar,0.05825761469021654,0.0234
Elijah Logozar,0.3252760434703978,0.1651
Eline Roebers,0.9256082900086273,0.8909
Elis Denele Dicen,0.34269172692329913,0.1803
Elliott Winslow,0.9488413749880946,0.9417
Elnaz Kaliakhmet,0.44405004740547477,0.2553
Elnur Aliyev,0.041936502359590885,0.0152
Eltaj Safarli,0.09792098711918928,0.0382
Elvin Wilson,0.9627684451497671,0.9703
Emanuel Vaglio,0.20166429264592498,0.0842
Emerson Veiga,0.5840473892025108,0.3948
Emilia Dyalog,0.9058897078017208,0.8519
Emilia Sprzęczka,0.3778531791059795,0.2037
Emilia Zavivaeva,0.3570684895632107,0.1896
Emilio Cordova,0.78463005283699,0.6545
Emilio Hernandez,0.9001881492427835,0.8408
Emin Ohanyan,0.10369356838353294,0.0401
Emre Mecit,0.3963758905146479,0.2208
Enes Tanriverdi,0.8554262270055343,0.7599
Enkhrii Enkh-Amgalan,0.7827372592685605,0.6508
Enrico Vianello,0.9408105786024695,0.9243
Enrique Butti,0.8223901458101635,0.7113
Enrique Fernando Asensio Ramos,0.7303679397616777,0.5763
Enrique Fonseca Manrique,0.9236242700555373,0.8891
Enrique Tejedor Fuente,0.27667309719614475,0.1321
Enzo Federzoni,0.6497506613956159,0.4709
Enzo Ferrara,0.8933172567780027,0.8278
Eray Kilic,0.060975958388130205,0.0249
Erez Kupervaser,0.6796930975492324,0.5083
Eric Hansen,0.8827265394512374,0.8063
Eric Hon,0.7844745927376282,0.6542
Eric Liu,0.8861325181846998,0.8122
Eric Rosen,0.48948503070414695,0.2968
Erick Zhao,0.35644641071317995,0.1889
Erik Blomqvist,0.45721181244656994,0.2679
Erik Golubovic,0.7851742534696846,0.6557
Erik Rönkä,0.6227309629408836,0.439
Erik van den Dikkenberg,0.9812597088577222,0.9948
Ermes Espinosa Veloz,0.3491646249702646,0.1837
Ernesto Javier Fernandez Guillen,0.12846320551700177,0.0497
Ernesto Real de  Azua,0.6267576684942642,0.4438
Ervin Ozkan,0.40455284696161764,0.2256
Erzhan Zhakshylykov,0.6210838663710876,0.4386
Esper Van Baar,0.3514246035372299,0.1863
Ethan Saya,0.1696674421338977,0.0657
Ethan Sheehan,0.5801419135443229,0.3915
Etienne Bacrot,0.5395840900345376,0.3447
Ettore Stromboli,0.25649267677207405,0.1158
Eugene Yanayt,0.9159112608307707,0.8709
Eugenia Karas,0.08866684686440068,0.0349
Evan Ai,0.6811088040866469,0.5091
Evan Rabin,0.23205848819683278,0.0957
Evan S. Rosenberg,0.42806393437360474,0.246
Evandro Amorim Barbosa,0.5287628008131701,0.3358
Evelina Zavivaeva,0.7686112967466462,0.6278
Evgeni Krasilnikov,0.612164775561501,0.4267
Evgenij Kretov,0.9152646267535175,0.8683
Evgenij Novikov,0.6975976182926409,0.5306
Evgenij Shuvalov,0.6669672745714863,0.492
Evgenios Ioannidis,0.5867521192911525,0.3989
Evgeniy Najer,0.44313055037406957,0.2538
Evgeniya Doluhanova,0.6300952210578459,0.4471
Evgeny Alekseev,0.7623566333669057,0.6178
Evgeny Degtiarev,0.6465729395972388,0.4672
Evgeny Egorov,0.5135974633724367,0.3191
Evgeny Ermolaev,0.8098368661095436,0.6942
Evgeny Melikhov,0.754835147707953,0.6096
Evgeny Postny,0.33642292382691874,0.174
Evsuld Myagmarsuren,0.32027538479658857,0.1596
Ewa Barwinska,0.5570362647073323,0.364
Eyal Noy,0.7791926322578437,0.6449
Eytan Rozen,0.7044325869004716,0.5406
FAUSTO CASTELLA GARCIA,0.29577497859315843,0.141
Fabian Fiorito,0.8547551475542324,0.7581
Fabian Vivas,0.20805321653822118,0.0883
Fabiano Caruana,0.953301194824465,0.9544
Fabio Colonetti,0.708699546079788,0.5447
Facundo Vazquez,0.39275880629136084,0.2186
Farid Mustafayev,0.6587645015620393,0.4801
Farid Orujov,0.12307517386715165,0.0475
Farzad Bolourchifard,0.8855738082700876,0.8108
Faustino Oro,0.6341013010641925,0.4501
Federico Perez Ponsa,0.2571044197347139,0.1169
Federico Sellitti,0.4488522466511002,0.2623
Felix Hindermann,0.7147043312883119,0.554
Felix Ilinca,0.64040493115804,0.4597
Felix Kuznetsov,0.1759146935227719,0.0698
Felix Meissner,0.6997123653238749,0.5332
Felix Rose,0.44525032675679055,0.2568
Ferenc Jr. Gombocz,0.7704578770511664,0.6319
Fernando Bolaños Soza,0.9433230462228657,0.9302
Fernando Broca,0.8953730798790588,0.8308
Fernando Díaz,0.677791781835095,0.505
Fernando López Gracia,0.9358277355652114,0.9117
Fernando Mata,0.07990868109542346,0.0315
Fernando Valenzuela,0.19779781787426748,0.082
Fidel Corrales Jimenez,0.35908525742631625,0.19
Filip Boe Olsen,0.30226714925938186,0.144
Filip Dowgird,0.9584410787254829,0.9629
Filip Haring,0.800073263954487,0.6772
Filip Ochedzan,0.8632173199930095,0.7725
Flavio Wisniacki,0.9146064666763495,0.8672
Florescu Codrut Constantin,0.8971454753077304,0.8327
Florian Gatterer,0.8638167584956689,0.7733
Florian Jenni,0.5743235955267549,0.3807
Floryan Eugene,0.9267592820275029,0.8946
Flávio Bezerra,0.9001385790561119,0.8404
Francesco Bettalli,0.5687153791948281,0.3755
Francesco Sonis,0.9712929600824154,0.9866
Francisco Ferrari Pironti,0.6633286465064773,0.4872
Francisco Fiorito,0.9328523155627366,0.9058
Francisco Javier Muñoz,0.550371361269949,0.3555
Francisco Orantes Taboada,0.34707634305109625,0.1826
Francisco Silva Gonzalez,0.9077784109257279,0.8557
Franciszek Sernecki,0.35468221334229494,0.1878
Franck Steenbekkers,0.8807909165627311,0.8022
Franco Manteiga,0.7999135406186305,0.6757
Frank Buchenau,0.4416021546398238,0.2527
Frankie Badacsonyi,0.7168295877537474,0.5584
Frederick Waldhausen Gordon,0.9355200075204338,0.9106
Frederico Matsuura,0.8298121071886566,0.7232
Frederik Svane,0.5412613017857668,0.3473
Frode Elsness,0.19335481458128315,0.079
Fruzsina Szente-Varga,0.7440729249261813,0.5974
Fy Antenaina Rakotomaharo,0.5578989341245393,0.3659
GERARDO MARIN,0.9152582745615063,0.8679
GIRINATH PDS,0.5039472614975324,0.3087
Gabor Nagy,0.37666433068659644,0.2019
Gabriel Carckeno Do Carmo,0.9343723123848362,0.9091
Gabriel Gonzaga Garcia,0.1522496838096562,0.059
Gabriel Gähwiler,0.9826887776518582,0.9967
Gabriel Lenoir,0.8895619807520625,0.8178
Gabriel Petesch,0.7082200077775018,0.544
Gabriel Voiteanu,0.7686961319881286,0.6286
Gahan MG,0.2631380408108916,0.1221
Gaioz Nigalidze,0.9124775644318671,0.8638
Galina Novikova,0.19969175475892173,0.0831
Gara Balajaev,0.9290749025790832,0.8972
Garnik Nersesyan,0.58774998687149,0.4004
Garrett Smith,0.9651740100221937,0.9755
Garv Gaur,0.5766009490235664,0.3848
Gary Leschinsky,0.9412794931446488,0.925
Gasan Guliev,0.3605775859827452,0.1922
Gastón Martin,0.8393361342927342,0.7351
Gata Kamsky,0.9616933439965148,0.9696
Gaurang Bagwe,0.3837457699352006,0.21
Gawain Maroroa Jones,0.546684149420144,0.351
Gellert Karacsonyi,0.02795821800440499,0.0059
Gennady Kozlov,0.8065476427935646,0.6865
Geordie Derraugh,0.4728015993710309,0.2816
Georg Seul,0.8877584242514759,0.8148
Georg Von Buelow,0.8480350339346794,0.7484
George Danzer,0.7154239780188364,0.5547
George Stoleriu,0.567390763520517,0.374
Georgi Orlov,0.9181227124298555,0.8779
Georgijs Germanovs,0.23343292461672385,0.0972
Georgios Alexandros Kouskoutis,0.8580322441122737,0.7655
Georgios Kanakaris,0.7620631081303844,0.6174
Georgios Souleidis,0.9676087061105209,0.9796
Gerardo Antonio Gracia Alvarez,0.8276135077638698,0.7199
Gerardo Fernandez,0.915422299903414,0.8694
Gergana Peycheva,0.6689326711967739,0.495
German Bazeev,0.9503625232206152,0.9469
German Spata,0.588793341855406,0.4026
Germán Della Morte,0.8666995272313525,0.777
Gerodot71,0.944389781547264,0.9317
Gerson Príncipe,0.8560674372063091,0.7618
Gevorg Harutjunyan,0.055897064681465713,0.0212
Gianmarco Leiva,0.4474151141989008,0.2601
Giannis Kalogeris,0.8080120109608309,0.6894
Giga Quparadze,0.48685655021524293,0.295
Gil Popilski,0.5286368529138606,0.3354
Gilbert Elroy Tarigan,0.32387034617376437,0.1644
Giorgio Belli,0.6010424142651049,0.4141
Giovanna Arbunic Castro,0.9392635262458281,0.9206
Giovanni B Tavares Da Silva,0.732666897943575,0.5788
Giovanni Marchesich,0.8910458817291239,0.8212
Girish Koushik,0.5152424171332421,0.3206
Gisela Roque Sola,0.9480564875627715,0.941
Giulia Sala,0.9222878292551894,0.8865
Gizem Olcayoz,0.9112524075540633,0.8609
Glaucio Cella,0.049882215262246433,0.0193
Gleb Dudin,0.9208625590107365,0.8839
Glek_Igor,0.6753950636524637,0.5028
Gloomy_Wanderer,0.7302499572904191,0.5759
Gnel Melikyan,0.7782245936505918,0.6434
Goltsev Dmitry,0.12347955833254791,0.0482
Gonzalo Navarrete,0.029122953485788555,0.0063
Graham Horobetz,0.6568534241715616,0.4776
Grayson Rorrer,0.5942477407447434,0.4067
Greg Shahade,0.1244867769627838,0.049
Grigor Dilanyan,0.6754800773546457,0.5039
Grigor Grigorov,0.5340000204271739,0.341
Grigoriy Oparin,0.8397069538880706,0.7358
Grigoriy Sharankov,0.2931616599611108,0.1403
Grigory Seletsky,0.908036480783411,0.856
Grzegorz Kopacz,0.8798135918953497,0.7993
Grzegorz Nasuta,0.7497201329623822,0.6037
Grzegorz Toczek,0.7629650067629298,0.6193
Guadalupe Montano Vicente,0.9335021947895263,0.9065
Guerau Masague Artero,0.9306896142825603,0.9006
Guillermo Baches Garcia,0.37788100554484316,0.2041
Guillermo José Llanos,0.7790888799989235,0.6445
Gukesh D,0.6058128858330843,0.4215
Guliskhan Nakhbayeva,0.690251184218224,0.5239
Gulrukhbegim Tokhirjonova,0.5462209572862399,0.3503
Gumersindo Fernandez Garcia,0.5596729957360111,0.3673
Gunay Mammadzada,0.6376064925265359,0.456
Gunnar Lund,0.8923544028644466,0.8252
Gustavo Eduardo Nunez V,0.7329769759765327,0.5792
Gustavo Horokoski De Souza,0.966690401656529,0.9788
Gyula Pap,0.5625102074844166,0.3699
HRVOJE FAJDETIĆ,0.7879761169130686,0.6605
Haik Martirosyan,0.9008213803227294,0.8423
Hajiyev Kanan,0.6620751999350446,0.4853
Halldor Gretar Einarsson,0.9371316358310594,0.9154
Halsagar Chincholimath,0.4269794739410104,0.2453
Hamed Wafa,0.4485092317764658,0.2612
Hamidreza Ebrahimi Herab,0.30015305288414307,0.1429
Hampus Sorensen,0.906062225448428,0.8523
Han Schut,0.3135057585561095,0.1532
Hanna Wesołowska,0.8679082206579902,0.7792
Hans Niemann,0.8859899092853004,0.8115
Haowen Xue,0.30363210486520475,0.1451
Harald Schmidt,0.8090888224327835,0.6928
Harika Dronavalli,0.34056436266795487,0.1781
Harold Wanyama,0.917730800863699,0.8772
Harry Cun,0.3556927101485523,0.1885
Harry Grieve,0.7423051467749213,0.5933
Harsha Bharathakoti,0.8470591938492438,0.7469
Harshavardhan GB,0.7785197674148875,0.6438
Harshin Reddy Jagirapu,0.43277953045031775,0.2482
Hasan Atis,0.6720703291457503,0.4994
Havard Haug,0.08079668776265565,0.0319
Hayk Yeritsyan,0.8923125322725209,0.8249
HeartAblaze,0.123159355537283,0.0479
Heinz Georg,0.8996649787041363,0.8382
Henning Holinka,0.7525449960694167,0.6078
Henrik Cernov,0.19631076307507944,0.0809
Henrique Barbosa Veloso,0.5475670239437538,0.3521
Henrique M A Albergaria Paiva,0.7332025385879376,0.5803
Henry Deng,0.41598786732608817,0.2375
Henry Roger Lopez,0.9623571708651527,0.9699
Henryk Seifert,0.67547130657974,0.5035
Hernan Ramon Filgueira,0.9461984049807721,0.9347
Hikaru Nakamura,0.9632648056451257,0.9711
Hoang Thi Bao Tram,0.9067418811949104,0.8542
Hong Anh Nguyen,0.3195928850834376,0.1592
Hovik Hayrapetyan,0.3096990104589465,0.1518
Hrant Melkumyan,0.696910983730058,0.5299
Hubert Zieba,0.5775359071720614,0.3859
Hugo Guillemette,0.6497861429625846,0.4712
Hugo Wernberg,0.8025310519592835,0.6809
Hui Li,0.20466967181057374,0.0865
Humberto L. Blanco Ronquillo,0.5240982406450984,0.3325
Huseyin Said Deveci,0.7016184716850445,0.5365
Héctor Elissalt Cardenas,0.855740682166808,0.7614
IULIAN NECULA,0.9230002700288902,0.8879
Ian Dzhumagaliev,0.5164773724082934,0.3239
Ian Harris,0.510079162557141,0.3154
Ian Nepomniachtchi,0.477086142145846,0.2861
Ian Ocampos,0.4742292363304973,0.2831
Ieuan Ward,0.8692725032010875,0.7822
Ignacio Gago,0.5522949814208278,0.3584
Ignacio Sainz Aguirre,0.9201050784019461,0.882
Igor Bjelobrk,0.8830728940881306,0.8067
Igor Da Paz Palácio,0.9541029391152449,0.9555
Igor Gulkov,0.8997334663879741,0.8386
Igor Janik,0.9403031473803779,0.9228
Igor Kovalenko,0.8658904855109929,0.7751
Igor L. Vakhlamov,0.11222061271683774,0.0442
Igor Lutz,0.9314529939005041,0.9035
Igor Lysyj,0.576482873161163,0.384
Igor Miladinovic,0.18268312213489912,0.0735
Igor Vershinin,0.6695126506742655,0.4961
Igor Wilk,0.5251334756530464,0.3328
Ihor Samunenkov,0.3402147162947172,0.1777
Ihor Vypkhaniuk,0.798498753899739,0.6746
Ilamparthi A R,0.6538860430105666,0.4753
Ilan Schnaider,0.029134133441490056,0.0067
Ilan Vardi,0.9825513514750799,0.9963
Ildar Idrisov,0.6043032038658298,0.4186
Ilija Stanojevic,0.663737283934474,0.4883
Ilja Biriukov,0.9430905650163208,0.9299
Ilja Haitin,0.529651440171957,0.3373
Ilja Sirosh,0.25615026230436216,0.115
Iljya Grigorjev,0.1614854133099265,0.062
Ilya Gruzman,0.9306573071968216,0.9002
Ilya Gutkin,0.741926189363696,0.5929
Ilya Khakhinov,0.7714352635296989,0.6338
Ilyass Msellek,0.8069683037822873,0.6876
In Hei Henry Ho,0.8440321465630959,0.7436
In Vau,0.706126231347545,0.5425
Inayat Bolat,0.2008354841693251,0.0835
Ind1anStar-inactive,0.8368575287772757,0.7317
IndianGrandmaster13,0.260032743542381,0.1191
Indy Southcott-Moyers,0.251730093717978,0.1113
Inigo Riveiro,0.7802301316008584,0.646
Iniyan P,0.9014030618403392,0.8438
Ioan Rees,0.7229994718662687,0.5677
Irene Sukandar,0.48945577962766534,0.2965
Irina Bulmaga,0.8681779824710711,0.7796
Irina Mikhaylova,0.6752460705227128,0.5024
Irina Petrova,0.569819866702826,0.377
Isaac Chiu,0.8090754022874819,0.6924
Isaak Parpiev,0.49749495855273046,0.3017
Isabelle Tamarozi,0.6438657021811504,0.4631
Isak Storme,0.5100694441265009,0.315
Isaque Goncalves Santos,0.968081790528425,0.9814
Ishvi Aggarwal,0.8216635317993047,0.7098
Ismael Gimenez,0.5474776097426949,0.3518
Ismayil Shahaliyev,0.5265010185431696,0.334
Israel Caspi,0.40406141255959727,0.2245
Isuru Alahakoon,0.23917029425896413,0.1013
Italo Romero,0.9683951630444755,0.9822
Itay Sitbon,0.06815466744279636,0.0263
Itgelt Khuyagtsogt,0.44713154684621886,0.2586
Iulian-Ioan Taras,0.7780459345605794,0.643
Iung Alicio de O. Pinheiro,0.7094425528096722,0.5451
Ivan Aldokhin,0.46961699430974246,0.2794
Ivan Andrade,0.9284339348189926,0.8965
Ivan Ivanisevic,0.5788845246562246,0.3878
Ivan Kalajzic,0.775900389700432,0.6393
Ivan Kochiev,0.32796441978458646,0.1673
Ivan Krylov,0.6373195481912719,0.4557
Ivan Kubatko,0.400754701047513,0.223
Ivan Martic,0.6283503890823562,0.4456
Ivan Mezentsev,0.8148861121528534,0.7035
Ivan Paquico Rodriguez,0.9158956429330345,0.8705
Ivan Povshednyi,0.6273217884077149,0.4445
Ivan Provotorov,0.24339248693760038,0.1039
Ivan Stankovic,0.927061210247113,0.895
Ivan Vihor Krsnik Cohar,0.1706747121369933,0.066
Ivan Yeletsky,0.1817006310966378,0.0727
Ivan Zemlyanskii,0.6031096099984821,0.416
Ivashentseva Dominika,0.46510517477230406,0.275
Iwo Godzwon,0.6232715500213228,0.4393
Iwo Karolczuk,0.8515448175684899,0.7529
J,0.9161638565207058,0.872
Jaan Ehlvest,0.932209416750883,0.9046
Jacek Stachanczyk,0.7629401090034476,0.6189
Jack Mizzi,0.25466510407238974,0.1143
Jack Rodgers,0.6881525356727289,0.5206
Jacob Dreelinck,0.49212657604545085,0.2983
Jacob Flynn,0.9475795792891724,0.9395
Jacob Templen Grave,0.7216678674572397,0.5651
Jacorey Bynum,0.7866854263684897,0.6586
Jacques Muller Luxama,0.6677748002742543,0.4924
Jaime Rodriguez Santiago,0.8839327182535802,0.8089
Jaime Santos Latasa,0.9523239079755095,0.9521
Jaime Vaglio,0.9284596678736333,0.8968
Jaiveer Mahendru,0.7219123485640775,0.5655
Jaka Brilej,0.8739852575487932,0.7911
Jake Darmanin,0.3695959173064039,0.1974
Jake Kleiman,0.7015195952918946,0.5362
Jake Shanty,0.49847222989687967,0.3028
Jakhongir Vakhidov,0.4541308452013094,0.2657
Jakob Leon Pajeken,0.5443722549107246,0.3484
Jakob Postlmayer,0.8722280557619158,0.787
Jakob Weihrauch,0.4243489880651648,0.2427
Jakub Borawski,0.555107996984084,0.3625
Jakub Chyży,0.5264853970995271,0.3336
Jakub Fus,0.5758030876071172,0.3829
Jakub Kosakowski,0.06890517185516828,0.0267
Jakub Kusa,0.30251949220335356,0.1443
Jakub Luberanski,0.17396440918319125,0.0675
Jakub Pulpan,0.48428116863119985,0.2935
Jakub Seemann,0.6619815108287573,0.4846
Jakub Suder,0.8972156608892913,0.8334
Jaloliddin Ilkhomi,0.3318813675259349,0.1699
James Allen,0.9263804835928573,0.8935
Jan Boder,0.8785132878439945,0.7978
Jan Enrique Zepeda,0.7694149221422407,0.6301
Jan Gustafsson,0.24070398485855798,0.1017
Jan Helmer,0.7131776130815647,0.551
Jan Jodilyn Fronda,0.6836047492244626,0.5128
Jan Klimkowski,0.7816237771247606,0.6475
Jan Kokoszczynski,0.8647063150023666,0.7737
Jan Malek,0.7865440640866405,0.6583
Jan Marn,0.8524017937837775,0.7547
Jan Murawski,0.5992365577739833,0.4115
Jan Petr,0.8060910098999428,0.6857
Jan Roebers,0.5797369596846036,0.3907
Jan Subelj,0.7338515606975118,0.5811
Jan Zienkiewicz,0.6153796304576719,0.4308
Jan-Krzysztof Duda,0.8475503463866568,0.7477
Jann-Christian Tiarks,0.5632486800927804,0.3714
Jarmo Hartikainen,0.34090656811722414,0.1792
Jaroslav Sobek,0.9304156650289388,0.8991
Jason Morefield,0.6481064874184513,0.469
Jasper Rom,0.8147806278053439,0.7028
Javier Benitez,0.6854324918851623,0.5173
Javier Buenafé Moya,0.7753203287912998,0.6382
Javier Quispe Santacruz,0.8761849489499621,0.7952
Javier Ruiz Vazquez,0.567763067491296,0.3748
Javohir Bozorov,0.7704715597613169,0.6323
Javokhir Sindarov,0.7965065300956684,0.6712
Jay Bonin,0.7467907105333939,0.6004
Jean Marco Cruz Mendez,0.9415103195915518,0.9258
Jean Meunier-Pion,0.17456240709889856,0.0679
Jean-Christophe Martine,0.6842593311320397,0.5147
Jeet Jain,0.8627768945029299,0.7711
Jeevan Karamsetty,0.733051012394255,0.58
Jeff Quirke,0.7991577493947767,0.6753
Jeffery Xiong,0.6026713948630618,0.4156
Jeffinho023,0.8092767418381703,0.6935
Jemal Ovezdurdyeva,0.6696966632848949,0.4965
Jennifer Perez Rodriguez,0.5498676630308708,0.3544
Jenny Astrid Chirivi Castiblanco,0.766876643849388,0.626
Jens Albert Ramsdal,0.48846143355704613,0.2961
Jens E Ingebretsen,0.3771664062521242,0.2026
Jens Hirneise,0.6067463103835025,0.4223
Jerzy Jesús Perez Leiva,0.6845237206598824,0.5154
Jerzy Slaby,0.6249590388756389,0.4416
Jesper Kjaergaard-Jensen,0.5856845744537506,0.3967
Jesper Lauridsen,0.04804286014766666,0.0174
Jesus Alberto Alcazar Jimenez,0.6361948908171313,0.4538
Jesus Martin Duque,0.762718689610917,0.6182
Jesús Alberto Coca Cubillos,0.9525398459521661,0.9529
Jesús Manuel Vargas Pereda,0.8873499406027158,0.8137
Jia Haoxiang,0.7679032375807131,0.6271
Jiner Zhu,0.9223990635320007,0.8868
Joa Max Bornholdt,0.33836318204319793,0.1751
Joachim Mouhamad,0.386946222395729,0.2122
Joakim Nilsson,0.2383181595188352,0.1009
Joao Avalos,0.8631866251332715,0.7722
Joao Batista Dias,0.9001304439536462,0.8401
Joaquin Fiorito,0.7282596810517544,0.5737
Joaquin Rodrigo Jimenez,0.782289507260759,0.6494
Joey Grochal,0.8401200482482938,0.7373
Johan-Sebastian Christiansen,0.4100122429859687,0.233
Johann Hjartarson,0.935198693219536,0.9098
John Bartholomew,0.2807993648816024,0.1347
John Curtis,0.7451118685265148,0.5981
John Funderburg,0.7636872439197331,0.6212
John Merriman,0.8749094947242877,0.7929
John S. White,0.46752487257591613,0.2779
Johnathan Bakalchuk,0.6335412756871197,0.4497
Jonah Willow,0.8222710997773263,0.7106
Jonas Bjerre,0.734351685935277,0.5814
Jonas Eilenberg,0.3914208559162245,0.2163
Jonas Gallasch,0.4937947941816619,0.2987
Jonas Wyss,0.10027749098939225,0.0393
Jonathan Blackburn,0.8918411974191486,0.8237
Jonathan Dourérassou,0.307524741714703,0.1503
Jonathan Hrach,0.9473493086312686,0.9388
Jonathan Pein,0.5735502061780569,0.3803
Jonathan Subervi,0.6732698976402228,0.5002
Jonathan Yedidia,0.9253412710128559,0.8905
Jonny Cueto,0.9082963516270123,0.8568
Jorden Van Foreest,0.4838926702815883,0.292
Jorge Carlos Antonio,0.9198752554662079,0.8809
Jorge Soto Vega,0.6620471600237795,0.485
Jose A. Hernandez Izquierdo,0.3912581824340716,0.216
Jose Antonio Garrido Diaz,0.7140606521679966,0.5529
Jose Antonio Herrera Reyes,0.9471158412774294,0.938
Jose Camacho Collados,0.6763639714955466,0.5046
Jose Esteban Marin Masis,0.7158593408768251,0.5555
Jose Felix Calvo Gonzalez,0.15753506389561234,0.0612
Jose Fernando Cuenca,0.9648256280012028,0.974
Jose Gabriel Cardoso,0.5593385759614822,0.367
Jose Garcia Molina,0.8440567337962538,0.744
Jose Guilherme Barria Santos,0.9115768709143846,0.8616
Jose Javier Gonzalez Castillo,0.6044438821513888,0.4189
Jose Martinez,0.8569338617447544,0.764
Jose Rafael Gascon,0.6160825796915067,0.4319
Josefine Heinemann,0.465601078066611,0.2757
Josep Lacasa Diaz,0.665206969084377,0.4891
Josep Ruscalleda,0.9694578804232652,0.984
Joseph Bellissimo,0.29511548262103815,0.1406
Joseph Girel,0.418085224426231,0.2386
Joseph Levine,0.33899751562733516,0.1766
Joseph Zeltsan,0.38691537937765563,0.2119
Joshua Colas,0.3364231180165495,0.1744
Josue Araujo Sanchez,0.969396203631457,0.9833
José Carlos Ibarra Jerez,0.5777302374267255,0.3863
José Francisco Veiga,0.7819780695159498,0.6486
José Remolar,0.8090739248508456,0.692
José Renato Ruiz Maranhão,0.6198190254419222,0.4364
Jovana Srdanovic,0.9010208416161379,0.8427
Joy Romany,0.9219566314077557,0.8857
JozefKneht,0.7051081040126463,0.5414
Juan Alberto Gomez Aguirre,0.48674032790247956,0.2946
Juan Antonio Urbina Perez,0.5381494002905675,0.3432
Juan Carlos Mesa Cruz,0.7194111289891274,0.5607
Juan Carlos Ricaurte Lopez,0.28391199538784456,0.1365
Juan Cruz Arias,0.7527139198698718,0.6082
Juan David Becerra Morales,0.5212787224677294,0.3299
Juan David Lopez Perdomo,0.7128697290225273,0.5492
Juan Fernando Aguilar Novoa,0.7864509471024681,0.6579
Juan Manuel Aranda,0.9173521932474348,0.8757
Juan Manuel Garcia Almaguer,0.6641739089125822,0.4887
Juan Pablo Demaría,0.6616722636270245,0.4842
Juan Rottenwohrer Suarez,0.8251454285787952,0.7147
Juan Sebastian,0.9039788900592267,0.849
Juan Sebastian Melian,0.7704350210755732,0.6315
Judah Nathan Levitan,0.5076145147939572,0.3128
Jude Shearsby,0.5391991141218279,0.3443
Jules Moussard,0.46684503010667305,0.2772
Julia Elizabeth Sloan,0.950199073845333,0.9458
Julia Tsukerman,0.6319620005524719,0.4486
Julian Antonio Rojas Alarcon,0.9334759046908261,0.9061
Julian Colville,0.035382114365486494,0.0111
Julian Estrada,0.3549218554740441,0.1881
Julien Dubreuil,0.24465582152666307,0.1054
Julio Antonio Hernando Rodrigo,0.49764444141876235,0.302
Julio Cesar Diaz Rosas,0.5996521376592181,0.413
Jun Ying Tan,0.46949822352571313,0.279
Jun Zhao,0.5761356254426822,0.3833
Jung Min Seo,0.8175700038966331,0.7058
Junior Tay,0.5397666141028963,0.3451
Justin Blackman,0.9310319294926087,0.902
Justin Chen,0.5626065566417675,0.3703
Justin Liang,0.9066973234197071,0.8538
Justin Sarkar,0.7370891733464557,0.5852
Justin Storm,0.9874690957559128,1.0
Justo Reinaldo Chemin,0.5285282291819742,0.3351
Jéssica Trindade Hubner,0.7475663565520491,0.6019
József Mátyás Herpai,0.32265925110942006,0.1622
K Priyanka,0.8779076650859027,0.7967
Kaan Kucuksari,0.40477540739504453,0.2267
Kaan Ozcan,0.8022455212509403,0.6805
Kacper Drozdowski,0.2804931136950739,0.1343
Kacper Karwowski,0.5475985157264812,0.3525
Kacper Piorun,0.6578371594401371,0.4787
Kacper Polok,0.8274250951892175,0.7187
Kacper Tomaszewski,0.2732649786107274,0.1288
Kacper Ugorek,0.9065585026757276,0.8534
Kadir Soria Delgado,0.7117374454124834,0.5481
Kaganskiy Gleb,0.22404395046387032,0.092
Kaiser Luiz Mafra,0.8414320517842271,0.7391
Kaivalya Sandip Nagare,0.0168286610465953,0.0026
Kalyani Sirin,0.1977424554549963,0.0816
Kamal Aghasiyev,0.6443767281516296,0.4642
Kamil Warchoł,0.687696814298742,0.5199
Kanishka Bhatia,0.6172407412215487,0.4341
Karina Ambartsumova,0.6699278100591366,0.4972
Karina Ivanova,0.31807309401275624,0.1581
Karl Bowden,0.1486719221964231,0.0575
Karl-Emil Elmer Nielsen-Refs,0.7840088914727417,0.6538
Karol Kucza,0.09804998447709687,0.0386
Karsten Hansch,0.33512354146172063,0.1725
Karsten Schulz,0.9264103736509288,0.8939
Karsten Schuster,0.6426665863071871,0.462
Karthik Rajaa,0.7221695367464546,0.5659
Karthikeyan Murali,0.7160063884935155,0.5558
Kashish Jain,0.6980341868559444,0.531
Kaspar Kappeler,0.8512593713620487,0.7521
Katarzyna Dwilewicz,0.8004730846379271,0.6779
Kateryna Lagno,0.2634531421819454,0.1224
Katharina Reinecke,0.5026216867931745,0.308
Kaua Marques Silva,0.6865599479933404,0.5184
Kavyev_Ruslan,0.8568578944909445,0.7636
Kayden Troff,0.13254240513152316,0.0523
Kazybek Nogerbek,0.7010596774569612,0.5354
Keaton Kiewra,0.6369429467501683,0.4545
Keith Jeffrey Khumalo,0.9396495580600787,0.9217
Kelsey Liu,0.7628385701489793,0.6186
Kelvin Sánchez,0.8086099049906214,0.6909
Kemal Bashirov,0.6452161424342087,0.4649
Kemel Antonio Gallo García,0.6048953115328037,0.4193
Ken Arnold,0.26181383040646033,0.1217
Kerem Tinmaz,0.696111310188545,0.5291
Kerry Stead,0.9278299978199434,0.8957
Ketevan Arakhamia-Grant,0.8928030969920128,0.8267
Keti Tsatsalashvili,0.7004652967748435,0.5343
Kevin Bordi,0.3064346283845067,0.1484
Kevin Chor,0.7389411365065742,0.59
Kevin Cupid,0.6513851646819893,0.4727
Kevin Davidson,0.903391721401379,0.8475
Kevin George,0.3592834617539339,0.1904
Kevin Joel Cori Quispe,0.6521904592539104,0.4742
Kevin Noboa Silva,0.5363875512051653,0.3417
Kevin Yang,0.917765177711378,0.8776
Khagan Ahmad,0.07348705448835653,0.0293
Khumoyun Begmuratov,0.7145907960360824,0.5536
Kiborg95,0.9219907018986868,0.8861
Kim Sergey,0.9313019333893203,0.9028
Kim Yew Chan,0.7199575249622806,0.5622
Kingsman132,0.44874679775221227,0.262
Kiren Vivek Nasta,0.2566339519709126,0.1161
Kirill Alekseenko,0.35001634240970325,0.1848
Kirill Klukin,0.5756560103743148,0.3822
Kirill Kotlyar,0.6052455866643803,0.42
Kirill Kozionov,0.9381632320764048,0.9176
Kirill Kuderinov,0.4951607150793228,0.3006
Kirk Ghazarian,0.860552278151704,0.7677
Kjell Petersson,0.9342946185732866,0.9083
Klementy Sychev,0.22098104366009158,0.0917
Klendi Zeneli,0.2567036861112211,0.1165
Kler Çaku,0.3310747962966487,0.1692
Klára Kovács,0.936043333599158,0.9128
Koen Leenhouts,0.053836745922633246,0.0204
Komal Kishore Pothuri,0.3771829425781479,0.203
Konstantin Bazarov,0.684570871192484,0.5158
Konstantin Begunov,0.8373430555747339,0.7332
Konstantin Borsuk,0.9421582918744393,0.9269
Konstantin Egorov,0.7072141942109851,0.5432
Konstantin Garagulya,0.6145566296953653,0.4301
Konstantin Loy,0.5878661905331066,0.4007
Konstantin Popov,0.5112918333825517,0.3169
Konstantinos Markidis,0.5061583613148445,0.3106
Konstnatin Andreev,0.443626269352969,0.2542
Koorosh Bahmani,0.4746731254553331,0.2835
Koosha Jaferian,0.18139906922057245,0.072
Korun Gulamirian,0.9229329455539608,0.8876
Kosma Pacan-Milej,0.6163594412030836,0.4323
Kostya Kavutskiy,0.9124147660818714,0.8631
Krikor Sevag Mekhitarian,0.7692046680535609,0.6293
Krishna Nathan,0.6417719471634533,0.4609
Kriti Patel,0.5710990203525808,0.3785
Krzysztof Budrewicz,0.9615189774460987,0.9688
Krzysztof Jakubowski,0.8656382852671716,0.7748
Kshatriya Vekhande,0.4044647696720037,0.2252
Kuzmicz Krystian,0.8942970547693889,0.8289
LUIS MIGUEL FLORESVILLAR,0.574449645429844,0.3811
Ladislav Langner,0.2588070201240623,0.118
Lagmantr,0.10386797181510825,0.0408
Lakshmi C,0.9515965129905556,0.9506
Lala Huseynova,0.2502929501589215,0.1095
Lamine Brahami,0.8722952494003717,0.7878
Lars Andreassen,0.38980282560781215,0.2152
Laura Viñolas,0.34933739455589297,0.184
Laurin Jahnz,0.23463295346334814,0.0983
Lawrence Trent,0.7161394442748255,0.5562
Lazaro Lorenzo De La Riva,0.8007855723318169,0.679
Le Thao Nguyen Pham,0.7457081786397712,0.5993
Leancy Beatriz Fernandez Bustamante,0.46991549999359206,0.2798
Leandro Formes De Arruda,0.30738200466246535,0.1499
Leandro Jiménez,0.8370591700236798,0.7321
Leandro Krysa,0.4507533524455639,0.2627
Lefong Hua,0.9248833492673867,0.8898
Leinier Dominguez Perez,0.32057134798877285,0.1603
Lenaerts Lennert,0.6926947627220127,0.5265
Lenin Guerra Tulcan,0.8401492742018029,0.7377
Lenka Ptacnikova,0.848169709801598,0.7488
Lennis Martinez Ramirez,0.6296655654651306,0.4468
Leo Crevatin,0.5160283063157473,0.3224
Leo Valle Luis,0.5312708245836825,0.3388
Leon Livaic,0.673452192869898,0.5017
Leon Luke Mendonca,0.959274173396268,0.9651
Leon Mazi,0.8780503915155842,0.797
Leonardo Duarte,0.6200350985149921,0.4367
Leonardo Tristan,0.03534258887782231,0.0108
Leonardo Valdés,0.9342583434042228,0.908
Leonardo Vincenti,0.475012306812957,0.2842
Leonid Guerb,0.8537415896666983,0.7562
Leonid Nozdrachev,0.2344133378828542,0.098
Leonid Sokolin,0.6383123778178119,0.4568
Leonid Starozhilov,0.7724875051000151,0.6349
Leslie Carolin Torres Hernandez,0.8371275429683159,0.7325
Lev Zverev,0.2691754241615934,0.1254
Levan Pantsulaia,0.940476040761963,0.9236
Levente Miszler,0.8893900384018197,0.8171
Levon Aronian,0.8615270106086917,0.7696
Levy Rozman,0.5731862000349031,0.38
Lewis Martin,0.32186101685843616,0.1614
Liam Baruch,0.3143982690379409,0.1547
Liam Putnam,0.10447736215096795,0.0412
Lianet Diaz Garcia,0.9693146502799028,0.9829
Licael Ticona,0.42592745062965287,0.2438
Liem Le,0.8099092949269142,0.6946
Lile Koridze,0.7598094046380377,0.6134
Lilia Fuentes,0.7347139601739611,0.5818
Lilit Mkrtchian,0.8765372958959334,0.7955
Lily Jeanette Duarte Cramer,0.6445799100798391,0.4646
Linus Olsson,0.9710732336733638,0.9863
Linxi Zhu,0.42602506070911694,0.2445
Liwia Jarocka,0.7847425163280799,0.6553
Liya Kurmangaliyeva,0.8971525660192755,0.833
Loay Sameer,0.8438863636363637,0.7429
Logan Clark Shafer,0.19533417800121025,0.0801
Logman Guliev,0.7738836602494936,0.6367
Loic Travadon,0.8083282200303179,0.6905
Looi Xin Hao,0.6292230682071231,0.4464
Lorenzo Perea Fruet,0.8606556148653695,0.7685
Loris Tavernier,0.18960852596339586,0.0757
Lovro Novosel,0.9475275519364826,0.9391
Lubov Markelova,0.8087138180753388,0.6913
Luca Albertini,0.7386513491631459,0.5889
Luca Ernst,0.8427767270077752,0.7414
Luca Moroni Jr,0.4994259277629977,0.305
Luca Silva,0.6142063988939814,0.4297
Luca Suvorov,0.9213108169413882,0.8846
Lucas Aguiar Cunha,0.6927853309798445,0.5269
Lucas Aparecido Oliveira Dos Santos,0.9847239895612049,0.9985
Lucas Cumpe,0.12875537832947398,0.0505
Lucas DI NICOLANTONIO,0.7378245394885239,0.5866
Lucas Do Valle Cardoso,0.10950231358292088,0.043
Lucas Foerster-Yialamas,0.5473229210330113,0.3514
Lucas Liascovich,0.08467517074254119,0.0338
Lucas Pereira Mendes Da Silva,0.2528216050096058,0.1124
Lucas Ranaldi,0.6073679895161156,0.423
Luciano Justi Antunes,0.9493766857800885,0.9436
Lucius Melillo,0.5190900852605449,0.3265
Ludvig Carlsson,0.21233680906630661,0.0898
Luis David Jimenez Almeida,0.9629107032812764,0.9707
Luis Eduardo Ballester Llagaria,0.38289039581174145,0.2082
Luis Enrique Valle Maytin,0.47720580049889527,0.2865
Luis Eusebio Oro,0.7659516203474521,0.6249
Luis Fernández Siles,0.9171164231476521,0.875
Luis Galego,0.7879938919023515,0.6609
Luis Guillermo Antúnez Soler,0.2288013186567553,0.0939
Luis Manuel Perez Rodriguez,0.19558577896139523,0.0805
Luis Roque,0.8884958378362999,0.8163
Luiz Araujo,0.5820686238244734,0.3929
Luka Paichadze,0.030150787735192038,0.0078
Lukasz Jarmula,0.7662606219274412,0.6252
Lukasz Swiatlowski,0.9508192135567677,0.9481
Lázár Mátyássy,0.498638025445573,0.3032
MF Pablo Alexander Ruiz Aguilar,0.38361342851065483,0.2093
MI Marcelo Playa,0.03914046446705467,0.013
MIJuanReyesRosa,0.5693921135398017,0.3766
MN Vinicius Saito,0.9539827635742931,0.9551
MYMChessAcademy-inactive,0.5988697301710715,0.4108
Maciej Czopor,0.7818524881565858,0.6482
Maciej Klekowski,0.8080093397781123,0.6891
Maciej Sroczyński,0.942630595998265,0.9291
Maciej Świcarz,0.7777538815999862,0.6427
Madara Golsta,0.44458156662520104,0.2557
Mads Vestby-Ellingsen,0.4786756179974673,0.2883
Maftuna Bobomurodova,0.5236972045272451,0.331
Magnus Carlsen,0.6836590604954521,0.5135
Mahammad Muradli,0.7379002891645816,0.5878
Mahdi Gholami Orimi,0.8808708715713394,0.8026
Mahel Boyer,0.20607394256604783,0.0872
Mahmoud Alhadad,0.040022539277737294,0.0141
Mai Narva,0.5219823342603319,0.3302
Maka Purtseladze,0.7166687647277026,0.5577
Maksim Chigaev,0.8081266500286052,0.6898
Maksim Ivannikov,0.09405577171645473,0.0371
Maksim Tsaruk,0.2540399681304741,0.1135
Maksim Volkov,0.7223385598785816,0.5666
Maksim Zhukov,0.9159181671515306,0.8712
Maksims Golubovskis,0.8909805418291532,0.8208
Maksym Dubnevych,0.4787007093148811,0.2887
Maksym Goroshkov,0.02082151925636075,0.0033
Maly Alexey,0.33469161801956404,0.1722
Malyi Viacheslav,0.6833923734588908,0.5124
Mamedov Edgar,0.014339299094023312,0.0019
Mamikon Gharibyan,0.8000452588395868,0.6768
Manoj Mishra,0.765881717930062,0.6245
Manolache Marius,0.9382591930171019,0.9184
Manuel Petrosyan,0.20618932086735575,0.0876
Manvel Arakelyan,0.5031640455003001,0.3083
Marat Denishev,0.748222292306125,0.6026
Marat Gilfanov,0.3409501676369735,0.1796
Marc Balague Camps,0.9175454594864483,0.8768
Marc LLari,0.555210734999682,0.3629
Marc Lonoff,0.8288474163633376,0.7224
Marc Morgunov,0.9300726329577713,0.8987
Marcel Beulen,0.28795632418629746,0.138
Marcel Petersen,0.18896416575292627,0.075
Marcel Winkels,0.8665084461453997,0.7766
Marcell Szabo,0.12884543776475293,0.0508
Marcelo Jorquera,0.9358641774528783,0.9121
Marcelo Villalba,0.8551169122206069,0.7592
Marcin Krzyżanowski,0.16892865811989097,0.0653
Marcin Molenda,0.8202003315542304,0.708
Marcin Sieciechowicz,0.6895023293695903,0.5221
Marco Cattaneo,0.849587179366156,0.7499
Marco Cordeiro,0.8983978731027609,0.836
Marco Dobrikov,0.8360106364470731,0.7299
Marco Lantini,0.7378261392922622,0.587
Marco Materia,0.6945111537463555,0.5284
Marco Riehle,0.036274484693690975,0.0119
Marcos Lianes,0.9698040761516289,0.9848
Marcos Rodriguez Fontecha,0.820473110501257,0.7087
Marcos Vinicius Torsani,0.6032165219737321,0.4163
Marcus Harvey,0.3463991127087248,0.1818
Marek Karas,0.8448025634542015,0.7451
Marek Pniaczek,0.17202590759504272,0.0664
Margarita Fakhretdinova,0.8424064649763036,0.7406
Margarita Novikova,0.7210016772512688,0.564
Margarita Potapova,0.8586023426812007,0.7659
Margarita Zvereva,0.46621201907052684,0.2768
Maria Florencia Fernández,0.9164684134595064,0.8727
Maria Fominykh,0.9459837327798237,0.934
Maria Gevorgyan,0.8489664956201363,0.7492
Maria Larina,0.9318199073664637,0.9043
Maria Teresa Jimenez Salas,0.4076955628355313,0.2312
Marianna Grineva,0.7506860482680803,0.6052
Mariano Ortega Amarelle,0.5062817906362049,0.3109
Marie Sebag,0.6239089481288012,0.4404
Mariia Berdnyk,0.8415423320594411,0.7395
Marina Korneva,0.7722836244909489,0.6345
Mario Andres Fernández Sánchez,0.9418932837090213,0.9262
Mario Gavilán Díaz,0.4545825773911413,0.266
Mario Sibilio,0.6601783667884222,0.4816
Marius Deuer,0.9130014381472844,0.8649
Marius Fromm,0.5692929313028656,0.3763
Mariya Yakimova,0.949505375996994,0.9443
Mark Biernacki,0.4367168415351649,0.2494
Mark Dejmek,0.7599847282541584,0.6137
Mark Josse,0.9499058098337538,0.9455
Mark Liubarov,0.20283306964225972,0.085
Mark Smirnov,0.05812244472911916,0.023
Mark Timmermans,0.7831868067649451,0.6523
Mark van der Werf,0.6830098810499059,0.5117
Marko Jelcic,0.9421662107996841,0.9273
Marko Nenezic,0.9855941046557671,0.9993
Marko Perestjuk,0.7522751067332762,0.6074
Marko Srebrnic,0.8853587379255448,0.8104
Markus Ragger,0.2546671652316911,0.1147
Marlon Javier La Villa Rivas,0.6610936252321464,0.4831
Marlon Jodar,0.25152974251446647,0.1102
Maroun Tomb,0.8411264916712746,0.7384
Martin Brüdigam,0.8239627461252563,0.7135
Martin Chlpík,0.7166069201794756,0.5573
Martin Holten Fiskaaen,0.35042069119099256,0.1852
Martin Horak,0.6360421044611424,0.4531
Martin Horcajuelo Rocamora,0.9733694794646096,0.9885
Martin Matthiesen,0.8514530628147025,0.7525
Martin Mena,0.881861372735241,0.8041
Martin Portero Rubio,0.8422635500504757,0.7399
Martyn Kravtsiv,0.38736818283175267,0.213
Martyna Starosta,0.5048349986161267,0.3098
Marvin Guevara,0.6571130719288354,0.4783
Mary Kiseljova,0.7517277718501774,0.6063
Marya,0.8142404843910767,0.7017
Maryana Huda,0.760509451580809,0.6152
Masruri Rahman,0.19794000745775478,0.0824
Matan Prilleltensky,0.6153211991669626,0.4304
Matei-Valeriu Mogirzan,0.2486528828623149,0.1083
Matensien,0.8899109860496683,0.8186
Mateu Boci,0.3395314634513599,0.177
Mateus Costamilan Tomiello,0.6202841254593063,0.4378
Mateus Felizardo Viageiro Alice,0.7834763874857307,0.6531
Mateusz Bartel,0.9308129901908615,0.9009
Mateusz Brozyna,0.7361762236306068,0.5837
Matfey Rogov,0.14961133557648987,0.0583
Matheus Santos,0.8367246322305029,0.731
Mathias Womacka,0.27322716709509803,0.1284
Mathieu Ternault,0.44733111245183854,0.2597
Mathis Sabatier,0.31404109548062126,0.1544
Matias Jaque,0.9368917385975332,0.9139
Matt Herman,0.9652219254727988,0.9759
Matt Pon,0.9443770387780266,0.9314
Matt Zavortink,0.36386664403904495,0.1944
Matthew Guo Diao,0.3889365950865523,0.2141
Matthew O'Brien,0.7521630137738562,0.6071
Matthew Wadsworth,0.8727659599607194,0.7885
Matthia Bach,0.8426755164910537,0.741
Matthias Bluebaum,0.07311502950317723,0.0289
Matthias Dann,0.2744990245160011,0.1295
Matthias Mattenberger,0.7438734256139712,0.597
Matvey Galchenko,0.727275812365658,0.5718
Matyas Palczert,0.1469218360466386,0.0568
Matyáš Zeman,0.46528773394549977,0.2753
Matías Mingo Fernández,0.8884904289883027,0.816
Matías Pérez Gormaz,0.7031494979077617,0.5395
Mauri Lehtosaari,0.6826162231914885,0.5109
Maurizio Brancaleoni,0.5971636937271427,0.4096
Max Chen,0.3055597628095081,0.1469
Max Warmerdam,0.5508244986042088,0.3573
Maxi Perez,0.9677317197876395,0.9803
Maxim Gavrilov,0.8760947711297167,0.7944
Maxim Lugovskoy,0.11163528885056077,0.0438
Maxim Matlakov,0.6372024501113235,0.4549
Maxim Novik,0.5997985344016642,0.4134
Maxim Omariev,0.9404461161973934,0.9232
Maxim Ventura,0.510864509335481,0.3158
Maxime Lagarde,0.7899244340495949,0.6635
Maxime Vachier-Lagrave,0.8228508563366873,0.7121
Maximilian Mostbauer,0.31509734458946126,0.1551
Maximiliano Rossi,0.39031049945187146,0.2156
Maya Porozhnyak,0.8107251009170315,0.6965
Mayank Chakraborty,0.12889496923167446,0.0512
Md Bashiq Imrose,0.1217797351945747,0.0471
Md Jamal Uddin,0.9309417477571958,0.9013
Medet Dzhaparov,0.45192780795945675,0.2638
Medina Paz Miguel 1968,0.950204709097734,0.9462
Mees van Osch,0.41465100776795244,0.2353
Megan Althea Paragua,0.20425730441376544,0.0861
Meilis Annaberdiev,0.29189852124373783,0.1395
Melih Kaan Can,0.7564242840333593,0.6108
Melih YURTSEVEN,0.891351620901251,0.8219
Melika Mohammadi,0.3285866279354222,0.1677
Meri Arabidze,0.8722515843030199,0.7874
Meri Grigoryan,0.49927173181409945,0.3046
Mert Acikel,0.6853704678491452,0.5169
Mert Erdoğdu,0.4146958919036443,0.2356
Michael Buscar,0.8759231121956322,0.7941
Michael Concio Jr.,0.7280809990224113,0.5733
Michael Fernandez,0.8856475930559913,0.8111
Michael Klenburg,0.9742857205007673,0.9896
Michael Kotyk,0.8750678009072296,0.7933
Michael Song,0.8105076681362442,0.6954
Michal Fiedorek,0.5878966935376175,0.4011
Michal Fudalej,0.9164303442543389,0.8724
Michal Koziorowicz,0.5401479457153564,0.3455
Michal Mazurkiewicz,0.8210038981320462,0.7095
Michal Provaznik,0.9585371686349771,0.9636
Michal Redzisz,0.8018841871592542,0.6801
Michal Tworuszka,0.8916627355804166,0.8234
Michalina Rudzińska,0.5279006780501517,0.3347
Michał Bartel,0.9042967368886716,0.8494
Michał Kopczyński,0.4087062082623113,0.2319
Michał Walentukiewicz,0.9641653285704214,0.9725
Michel Alejandro Diaz Perez,0.7424216500633027,0.5941
Michel Bifulco,0.9375568329936961,0.9161
Michel Coto,0.4096414961892288,0.2323
Michel Samuel Lopez Abreu,0.7576837463117736,0.6115
Michel Saucey,0.6252010258054346,0.4419
"Michelle Catherina, P",0.5785027296158302,0.3866
Miguel Angel Marino,0.6779169966393406,0.5054
Miguel Munoz,0.6053074606530402,0.4204
Miguel Santos Ruiz,0.7830951334403192,0.6516
Mihael Ankerst,0.5785525248058272,0.3874
Mihai-Lucian Grunberg,0.508812451556746,0.3139
Mihailo Djokic,0.5550926167669928,0.3622
Mihnea Costachi,0.6581202826796,0.479
Mika Karttunen,0.8547745674651448,0.7584
Mikayel Manvelyan,0.25629422765303655,0.1154
Mikayel Mkrtchyan,0.579211629640228,0.3885
Mikayel Rostomyan,0.6984432558092672,0.5317
Mike Hehir,0.9512425490778067,0.9492
Mike Ivanov,0.5716953535542544,0.3788
Mike Sailer,0.2747773673853409,0.1299
Mikelis Vingris,0.7210691274046865,0.5644
Mikhael Garakov,0.47913536432974213,0.2891
Mikhail Antipov,0.3408697680234952,0.1788
Mikhail Bryakin,0.8004970557502518,0.6783
Mikhail Chernov,0.5301286399570179,0.3377
Mikhail Demidov,0.9600629819130496,0.9662
Mikhail Golubev,0.31666834107028374,0.1566
Mikhail Gusev,0.45963025006602587,0.2712
Mikhail Kazakov,0.799965026639855,0.6761
Mikhail Kobalia,0.7471577168332054,0.6011
Mikhail Pesotskiy,0.7914574776747789,0.6672
Mikhail V. Kuznetsov,0.32135753672037914,0.1607
Mikhail Yashmetov,0.5916139345505134,0.4041
Mikkel Jacobsen,0.31619634399379143,0.1562
Mikołaj Gbiorczyk,0.6257028930178764,0.4427
Milad Khodabandeh,0.47838314164949763,0.2876
Milan Jocev,0.5389919234781279,0.344
MillyNeuf,0.9422320558157236,0.9276
Milos Milosevic,0.7618461772768237,0.6163
Milton Pantzar,0.21448235550988004,0.0902
Mina Wael Sabry,0.9012432803973839,0.8434
Miran Oganian,0.05951719637448446,0.0237
Miras Assylov,0.9633440089296574,0.9714
Miroslav Simonovic,0.8701333794953637,0.7837
Mirosław Lewicki,0.8994998507258319,0.8371
Mitch Fishbein,0.8620760182511662,0.7703
Mitrabha Guha,0.882445674812422,0.8056
Miłosz Szpar,0.42236831730711366,0.2412
Mladen Gajic,0.5527119311481077,0.3592
Mobina Alinasab,0.6839197076480374,0.5139
Mohamed Anees M,0.8522607860075544,0.754
Mohamed Ezat,0.5621362737508421,0.3696
Mohamed Haddouche,0.9818412820972242,0.9952
Mohamed Nouali,0.36876580293420574,0.1967
Mohamed Salem Yahi,0.878485102337744,0.7974
Mohammad Fahad Rahman,0.647023655261912,0.4675
Mohammad Mohammadian,0.6454389221364147,0.4657
Mohammadhossein Shamsi,0.44864044933183067,0.2616
Mohammed Seder,0.2501255390918346,0.1091
Mohsen Gabr,0.9386990231990232,0.9195
Moksh Amit Doshi,0.7065666407086024,0.5429
Momchil Petkov,0.8675922886728564,0.7781
Monika Marcińczyk,0.7688801828119205,0.6289
Moritz Weishäutel,0.020306158099898945,0.003
Mostafa Sakhaei,0.6200595950959304,0.4371
Mounika Akshaya Bommini,0.8994491269950362,0.8367
Mr. Sai Han Thiha,0.7253066061175468,0.5688
Mrudul Dehankar,0.4303967170742335,0.2468
Muhittin Büker,0.8941452635284202,0.8282
Mukhammadali Abdurakhmonov,0.5996117312155592,0.4126
Mukhammadzokhid Suyarov,0.2968147910464244,0.1414
Mukhiddin Madaminov,0.5310213068101215,0.3384
Munkhgal Gombosuren,0.47001179629759937,0.2801
Murad İbrahimli,0.7454274112983656,0.5989
Mustafa Yilmaz,0.6320276763901496,0.449
Mykhailo Shinkarev,0.8399187329321725,0.7369
Mykhaylo Kepeshchuk,0.8787075893919596,0.7985
Mykola Bortnyk,0.03391508243506799,0.0096
Mykola Korchynskyi,0.17459164686583495,0.0683
Myroslava Hrabinska,0.6894331525491195,0.5217
Máté Gyenes,0.38272926425913123,0.2078
Nad Titus Petre,0.930430828577258,0.8994
Nadezhda Antonova,0.9658830713381498,0.977
Nadezhda Kostina,0.21495619793680548,0.0905
Nadya Toncheva,0.7196655265328195,0.5618
Nafisa Muminova,0.8381159105880007,0.7336
Nahun Gavarrete,0.7428516176264439,0.5955
Nail Bashirli,0.27523193371684923,0.131
Nameer Issani,0.8538363029607574,0.7566
Namitbir Singh Walia,0.6356822231020927,0.4523
Narayan Venkatesh,0.915467272088479,0.8698
Narek Ghimoyan,0.1556203980188106,0.0601
Narmin Khalafova,0.9369551686994491,0.9143
Nasrin Babayeva,0.9128385228855056,0.8642
Nasyrova Ekaterina,0.8056339803389807,0.6853
Natalia Zhukova,0.4840315157245733,0.2928
Natalie Wisniowski,0.5190783543728031,0.3262
Nataliya Buksa,0.2922161708686658,0.1399
Nate Solon,0.7878469753222894,0.6597
Nathaniel Mullodzhanov,0.48144717640485046,0.2909
Naveen Jain,0.8826354044179527,0.8059
Nayem haque,0.5489310676849838,0.354
Nazar Firman,0.049459571026926816,0.0182
Nebojsa Ristic,0.8454788246480781,0.7462
Necmettin KORKMAZ,0.2614171165910443,0.1206
Neeraj Harish,0.5228360746545522,0.3306
Nemo Zhou,0.7209085226735346,0.5636
Nesa Modric,0.27975070913019995,0.134
Neven Hercegovac,0.7592498702443269,0.6126
Newansa M Esandi,0.558867444498736,0.3662
Nguyen Ngoc Truong Son,0.17287041920945845,0.0672
Nhat Minh To,0.40421907888071223,0.2249
Nhung Hong Nguyen,0.743532312851128,0.5967
Nicholas Figorito,0.8091036877937533,0.6931
Nicholas Ladan,0.7387978882224265,0.5896
Niclas Huschenbeth,0.4608514559821419,0.2727
Nicodim_Cosmin Stepanencu,0.9173161576281735,0.8753
Nicola Altini,0.1527145472201045,0.0594
Nicolai Maxime Østensen,0.8341857475380328,0.7265
Nicolas Brunner,0.8709539742860253,0.7852
Nicolas Cogan,0.7023240291624753,0.5391
Nicolas De La Colina,0.9293555303747028,0.8983
Nicolas Perossa,0.7705408198285516,0.633
Nicolò Napoli,0.5266975483057538,0.3343
Nihal Sarin,0.3181181329195564,0.1584
Nikhil Dixit,0.34708818584246215,0.1829
Nikita Fedotov,0.7759446559374884,0.6401
Nikita Filindash,0.7846336818970763,0.6549
Nikita Khoroshev,0.88364478002723,0.8082
Nikita Kraiouchkine,0.49879809140133835,0.3035
Nikita Matinian,0.4211477627773286,0.2408
Nikita Meshkovs,0.5296010972745464,0.3369
Nikita Shandrygin,0.134305137345926,0.0538
Niklas Schmider,0.35657041460624234,0.1892
Niklesha Tharushi,0.2900526612528157,0.1388
Nikolai Aliavdin,0.8924682868918652,0.8256
Nikolai Kabanov,0.49903414327843265,0.3039
Nikolai Vlassov,0.2461448923062574,0.1069
Nikolaos Skiadopoulos,0.8334811909887738,0.7258
Nikolaos Spyropoulos,0.7936459412724752,0.6694
Nikolas Koutlas,0.8605093980026186,0.7673
Nikolas Theodorou,0.7386452914726889,0.5885
Nikolay Kleimenov,0.6610670140409212,0.4827
Nikolay Maevskiy,0.7471217420923935,0.6007
Nikolay Milchev,0.947203865827065,0.9384
Nikolay Pavlov,0.46883667937883555,0.2787
Nikoloz Petriashvili,0.9522921556954455,0.9518
Nikolozi Kacharava,0.07463243689225008,0.0301
Nils Grandelius,0.6754242994118085,0.5032
Nils Richter,0.823729181198164,0.7132
Nima Hosseinzadeh,0.07077715423214002,0.0282
Nimay Agrawal,0.34512920392136226,0.1814
Nino Batsiashvili,0.46617129322501805,0.2764
Niranjan Navalgund,0.5122718310084103,0.3176
Nisha Mohota,0.7578331317662083,0.6119
Nisim Iliaguev,0.26144653273833174,0.121
Nita Lucian,0.9548882317463363,0.957
Nitai Leve,0.08947274547008192,0.0353
Nitin Senthilvel,0.9846019367529528,0.9981
Nitish Belurkar,0.2152459096613196,0.0909
Nitish Nathan,0.618736924654625,0.4349
Nitzan Steinberg,0.9261659693398545,0.892
Noah Thomforde-Toates,0.49084478318161173,0.2972
Noam Vitenberg,0.478609689475855,0.2879
Nodar Lortkipanidze,0.6362270196243388,0.4542
Nodirbek Abdusattorov,0.2792908958596755,0.1336
Novak Čabarkapa,0.5765803721034257,0.3844
Novendra Priasmoro,0.7831000261006161,0.6519
Noël Studer,0.8686040714514505,0.7811
Nurai Sovetbekova,0.7501906387322623,0.6048
Nurgazy Zheenbekov,0.9122764429516529,0.8623
Nurgyul Salimova,0.03881308671667821,0.0126
Obolenskikh Dmitry,0.7925970014074724,0.6686
Okan Bulgurlu,0.4057053800720964,0.2271
Olaf Michalski,0.8525413236659911,0.7555
Oleg Artemenko,0.41539313189359994,0.2364
Oleg Badmatsyrenov,0.6035030612103381,0.4167
Oleg Kozlov,0.9608751035356555,0.9677
Oleg Papayan,0.2865592997073604,0.1373
Oleg Rychkov,0.46579916479592925,0.2761
Oleg Terletsky,0.5112553073698186,0.3165
Oleg Vastrukhin,0.9664186488300107,0.9781
Oleg Yaksin,0.9199407177426349,0.8813
OlegKrivonosov,0.595667237863384,0.4071
Oleksandr Bortnyk,0.19496903740297292,0.0798
Oleksandr Kuzhilniy,0.8596139017668062,0.7666
Oleksandr Matlak,0.9118307055284525,0.862
Oleksandr Prokhorov,0.9643745520464332,0.9729
Oleksandr Shymanskyi,0.5906565018086466,0.4037
Oleksandr Vasynda,0.5573373650455343,0.3647
Oleksandr Yevchenko,0.6733108602709278,0.5009
Oleksandr Yurovskykh,0.3507701816770846,0.1859
Oleksiy Solovchuk,0.8544519799333881,0.7577
Olexandr Shevchuk,0.9006369027695437,0.8419
Olexiy Bilych,0.40666031065295993,0.2286
Olga Artemyeva,0.49766625644930756,0.3024
Olga Babiy,0.7871150399512545,0.659
Olga Badelka,0.9694026944017271,0.9837
Olga Girya,0.3609987159172434,0.1926
Olga Karavaeva,0.7860307126875548,0.6568
Olga Kuznetsova,0.6424009451290758,0.4616
Olga Matveeva,0.5488364604281519,0.3536
Olga Sikorova,0.9366666374337104,0.9135
Olga Yushko,0.6602556749549514,0.482
Olga Zhuravleva,0.6570256473919701,0.4779
Oliver Stork,0.6849804352871208,0.5161
Oliver Wartiovaara,0.7177694388004582,0.5599
Olzhas Khamzin,0.8896871082659326,0.8182
Om Kadam,0.4067521776273466,0.2289
Omar Garcia Blanco,0.3260767355393049,0.1655
Omer Akkara,0.6832158370114298,0.5121
Omran Alhosani,0.5615471033279573,0.3685
Ondrej Toman,0.5007182138420234,0.3058
Onno Elgersma,0.747814071951949,0.6022
Orest Vovk,0.3813284023063589,0.2067
Ori Kobo,0.6599823609074418,0.4813
Ori Taichman,0.3331722145470858,0.1707
Oriol Serra Canals,0.7329975398024904,0.5796
Ortik Nigmatov,0.6682344931886857,0.4935
Oscar Ardila,0.905616109084882,0.8508
Oscar yosimar Acosta cruz,0.9412078313195383,0.9247
Oskar Wieczorek,0.887545834652637,0.8141
Owen McCoy,0.9170667424403494,0.8742
PAULO CÉSAR COSTA,0.5701088586375345,0.3774
Pablo Barrionuevo,0.9462050031655022,0.9351
Pablo Glavina,0.8662601152986429,0.7759
Pablo Lalanne,0.31512513774688483,0.1555
Pablo Salinas Herrera,0.7129657809551111,0.5499
Pablo Zarnicki,0.8246078442438962,0.7139
Paco Rubio Tent,0.4046223874975767,0.226
Padmini Rout,0.813208324171705,0.6998
Panagiotis Hristodoulou,0.7131346547171609,0.5506
Pantata007,0.7954437438147861,0.6705
Paolo Ciuffoletti,0.3439410325961568,0.1807
Papp Levente,0.603883297022624,0.4171
Papp Petra,0.5718155712258717,0.3792
Pappu Murthy,0.8740352059292883,0.7915
Parham Maghsoodloo,0.9203768377769794,0.8831
Paris Prestia,0.8247014060223485,0.7143
Pariston Hill,0.33875684550825663,0.1763
Patrick Aizpurúa,0.907109158867474,0.8545
Patrick Perry,0.3837345680732384,0.2096
Patrik Aalto,0.7423937918377181,0.5937
Patrik Stevik,0.5750026807934193,0.3814
Patryk Chylewski,0.7206473142143276,0.5629
Patryk Cieslak,0.282213499249827,0.1362
Patryk Stanisz,0.9355691667526237,0.9109
Patty Castillo,0.834971423074008,0.7276
Pau Marin Ferragut,0.5367655287552101,0.3425
Paul Burke,0.9160028970617982,0.8716
Paul Cristian Rusan,0.8554362695354767,0.7603
Paul Makarov,0.932570328413598,0.905
Paul Richter,0.964696435548935,0.9737
Paul Rohwer,0.9293183783431427,0.898
Paulina Cagara,0.8593655226128479,0.7662
Paulius Pultinevičius,0.47666366960039486,0.2853
Paulo Jodorcovsky Werjivker,0.711299333729267,0.5469
Pavel Chernomordik,0.9613721644969896,0.9685
Pavel Eljanov,0.47944832617125516,0.2894
Pavel Kiselev,0.8802538160909986,0.8004
Pavel Plotnikov,0.9224054424910098,0.8872
Pavel Politov,0.6246666896211721,0.4412
Pavel Ponkratov,0.8905186818383228,0.82
Pavel Salman,0.9314138643445254,0.9032
Pavel Skatchkov,0.5376339801118906,0.3429
Pavel Smirnov,0.6949104963607428,0.5288
Pavel Tregubov,0.3227213295403982,0.1625
Pavel-Alexandru Nastore,0.8915168812521174,0.8226
PavelShkapenko,0.04537965471739095,0.0163
Pawel Flis,0.743072057580707,0.5959
Pawel‚ Dudzinski,0.5856497691658767,0.3963
Paweł Kowalczyk,0.33614806936713576,0.1737
Paweł Kukuła,0.9657919484114019,0.9766
Paweł Sowiński,0.7295941959492177,0.5751
Pedro Espinosa,0.43794624372745145,0.2501
Pedro Filipe Rego,0.702312426060838,0.5388
Pedro Gil Ferreira Da Silva,0.7461103137914659,0.5996
Pedro Martinez,0.7257727707907241,0.5699
Pere Garriga Cazorla,0.9580129004398261,0.9622
Peter Keller,0.8111599966567129,0.6976
Peter Lizak,0.3265581902483068,0.1659
Peter Prohaszka,0.4021139360784581,0.2237
Peter Roberson,0.6388075569011787,0.4583
Peter Sadilek,0.8353352544931812,0.7284
Peter Svidler,0.7975119852504788,0.6727
Petr Matyukov,0.8671800785211309,0.7777
Petro Golubka,0.8695768941427732,0.7826
Phileas Mathieu,0.9024727413389732,0.8456
Philipp Sonnenschein,0.3314889575664231,0.1696
Phuong Hanh Luong,0.5971381719129687,0.4093
Piero Mazzilli,0.7704932817017197,0.6327
Pierre Barbot,0.6701616438172981,0.4976
Pierre Villegas,0.37702834261184026,0.2022
Piotr Brodowski,0.887125787667714,0.813
Piotr Brzezina,0.383559489539823,0.2089
Piotr Dobrowolski,0.10380464904479339,0.0404
Piotr Kejna,0.8283314138598061,0.721
Piotr Lopusiewicz,0.48733347922097153,0.2954
Piotr Piesik,0.9646503195656061,0.9733
Piotrek Mickiewicz,0.857296437163893,0.7651
Plamen Stefanov,0.45358330510462475,0.2649
Polina A Smirnova,0.5874269462669839,0.4
Polina Gutkovich,0.9064930783990975,0.8531
Polina Shuvalova,0.44167008558259113,0.2531
Pouria Darini,0.4958813578060095,0.3009
Pouya Idani,0.8440087316740467,0.7432
Praggnanandhaa Rameshbabu,0.980528104020195,0.9944
Pranav Anand,0.9216460073859404,0.8853
Pranav Senthilkumar,0.6787067564863598,0.5065
Pranav V,0.7904965687429463,0.6646
Pranesh M,0.5557439519998235,0.3633
Praveen Balakrishnan,0.20910459784239058,0.0887
Prithu Gupta,0.5938831546566105,0.4056
Priyansh Garg,0.4707788763138076,0.2805
Prraneeth Vuppala,0.12149326329589132,0.0468
Przemyslaw Koc,0.9100905500057251,0.859
Punin Andrii,0.33594110479970235,0.1733
Qi Pang,0.47756906535346877,0.2868
Qianyun Gong,0.44779213951978186,0.2605
Qingyu Yuan,0.3229251824174426,0.1636
Quiet_Desperation,0.5803908552458966,0.3922
Quoc Hy Nguyen,0.602150830263926,0.4148
RICHARD POLACZEK,0.6591075246447754,0.4805
Raahul V S,0.8395058862576017,0.7354
Rachid Schrik,0.8623291350273764,0.7707
Radmila Kovacevic,0.1361249784085766,0.0545
Radoslaw Szczepanek,0.17750930915294275,0.0701
Radosław Dzierżak,0.06910317706492644,0.0271
Rafael Leitao,0.6905860545769771,0.525
Rafael Merino García,0.9429087878742047,0.9295
Rafael Miranda,0.8000082598577449,0.6764
Rafael Teixeira,0.6519292837613324,0.4738
Rafael Vahanyan,0.7053945219768332,0.5417
Rafael Ventura dos Santos,0.9420749010077095,0.9265
Rafail Antoniou,0.36310231134769233,0.1937
Rafal Szyszylo,0.9524321619966107,0.9525
Rafał Lewandowski,0.28167433736849445,0.1354
Rafał Tymrakiewicz,0.6886332098501935,0.5213
Raja Rithvik R,0.6633936885548538,0.4876
Rakesh Kulkarni,0.4155587671088899,0.2367
Ralph Federick Tan,0.14322263936579654,0.0557
Ramil Faizrakhmanov,0.33869418516930944,0.1755
Ramiro Corona Monraz,0.9343562715364794,0.9087
Ramon Jr. Manon-og,0.7155035698230237,0.5551
Ramyres Santana Coelho,0.30383927183733667,0.1455
Randal Ferguson,0.8180029556798146,0.7061
Ranesh Ratnesan,0.9650310661664079,0.9751
Ranindu Dilshan Liyanage,0.4617580392624073,0.2735
Raphael Alonso,0.9005151307739638,0.8416
Raphael Lagunow,0.6872306995760508,0.5187
Raphael Mayaud,0.596968097651571,0.4085
Raset Ziatdinov,0.8305212976008003,0.7239
Rashad Zeynalli,0.3179139979865911,0.1577
Rasmus Skytte,0.04836076735403055,0.0178
Rasmus Svane,0.38930073377032703,0.2148
Rastko Svicevic,0.8232691898369879,0.7128
Ratko Novak,0.35060757909229057,0.1855
Raunak Sadhwani,0.9375391270736018,0.9158
Ravan Aliyev,0.7889348495429597,0.6623
Raven Sturt,0.9309975672877847,0.9017
Raymond Gao,0.8412868970583423,0.7388
Raymond Kaufman,0.34680217105131933,0.1822
Razvan Preotu,0.3760667467250321,0.2011
Read Samadov,0.7451753032654012,0.5985
Rebeca Garcia Hernandez,0.6306114166605041,0.4479
Rebeca Jiménez Fernández,0.8536491278674117,0.7558
Reem Sherman,0.5967587396035628,0.4074
Regita Desyari Putri,0.8303406612113073,0.7236
Reinis Paikens,0.9192620076011278,0.8801
Remy Rushbrooke,0.7001183391371321,0.5336
Renato Quintiliano,0.5669406831071834,0.3737
Renato Terry,0.7167141636673928,0.5581
Rene Humberto Perera Alfonso,0.27767144803213684,0.1328
Rene' Phillips,0.7824740758563642,0.6501
Renzo Jhonathan Rengifo Blancas,0.751974851113291,0.6067
Reza Mahdavi,0.45852112989889016,0.2701
Rian Kapriaga,0.6361732235343954,0.4534
Ribeiro Domingues Ribeiro,0.2818893870710133,0.1358
Ricardo D Darruda,0.8071889862937406,0.6883
Ricardo Maruchi Desideri,0.8963123320371075,0.8315
Richard Bethke,0.2585336046213097,0.1176
Richard Persson,0.8135747429208051,0.7002
Richard Pert,0.13800298984911857,0.0553
Richard Stalmach,0.8702782327896148,0.784
Richard Vedder,0.9199957720497312,0.8816
Richard Yi,0.8089482568980658,0.6917
Rick Frischmann,0.05182039683071371,0.02
Rick GC,0.8523546070921165,0.7544
Rinat Jumabayev,0.908651871384379,0.8571
Rishabh Chandrashekhar Gokhale,0.9184823589679871,0.8787
Robby Kevlishvili,0.4143856019848119,0.2345
Robert Aloma,0.31126160428691885,0.1525
Robert Baskin,0.32349966787920403,0.164
Robert Díaz Villagrán,0.8266189548255172,0.7173
Robert Gabriel,0.20496806859191521,0.0868
Robert Hungaski,0.6283327301015944,0.4453
Robert Kula,0.7386381417281374,0.5881
Robert L. Hess,0.8444484314326969,0.7447
Robert Mcligeyo,0.599010717908904,0.4111
Robert Piliposyan,0.3889400467189291,0.2145
Robert Ramirez,0.8721675299329809,0.7866
Robert Safin,0.6260354707670855,0.443
Robert Sava,0.5540780574328814,0.3614
Roberto Al Avila Bautista,0.9635394575135192,0.9718
Roberto Carlos Gomez Ledo,0.7917716470482151,0.6679
Roberto De Abreu,0.8926960994098938,0.8263
Roberto Junio Brito Molina,0.26727795860950143,0.1247
Roberto Martin del Campo,0.4321780502874587,0.2479
Robinson Perez,0.9532685024266637,0.954
Rodion Radzhabov,0.429268571786949,0.2464
Rodolfos Stamatiou,0.5771458898878956,0.3855
Rodrigo Espinoza Villanueva,0.8683863980195412,0.7803
Rodrigo Mendoza Acuna,0.9170737690124204,0.8746
Rodrigo Román,0.6503442496870578,0.472
Rodrigo Vasquez,0.8506806778886004,0.7514
Rogerio Paulo Muller Fernandes,0.9014329282351756,0.8442
Rohan Rajaram,0.24701420627361195,0.1072
Rohit S,0.7804144502636293,0.6464
Rohith Krishna,0.9273066702636374,0.8954
Rohun Trakru,0.3545969086019738,0.1874
Roman Dehtiarov,0.6207577267458846,0.4382
Roman Ganzhurov,0.9020428098295319,0.8453
Roman Gavrilin,0.6844915867088716,0.515
Roman Goldin,0.8959641600957038,0.8312
Roman Jiganchine,0.4131315189395461,0.2338
Roman Kezin,0.8440696433964086,0.7443
Roman Komov,0.4814057575063634,0.2905
Roman Kozelov,0.4835444488379822,0.2917
Roman Kuzmin,0.61836298989296,0.4345
Roman Novoselov,0.7148775744852159,0.5544
Roman Ovetchkin,0.9424142549052232,0.928
Roman Pyrih,0.6495873112209293,0.4705
Roman Shogdzhiev,0.23531202793512543,0.0991
Roman Shton,0.3932120126196629,0.2193
Roman Tomaszewski,0.7680009303977656,0.6275
Roman Yanchenko,0.1916251636377732,0.0779
Ronaldo Alonso Moreira,0.8952548743280712,0.8304
Ronan Le Goff,0.512222689771187,0.3173
Rosh Jain,0.6394081779780996,0.4586
Roshan Sethuraman,0.4601082228019714,0.272
Roven Vogel,0.726092191218605,0.5703
Roza Idrisova,0.9064572556140043,0.8527
Ruben Akhayan,0.16269419088712675,0.0623
Ruben Gideon Köllner,0.9546148908778488,0.9566
Rubens Gazineu,0.4852910681837622,0.2939
Rubén Domingo Núñez,0.977810767223097,0.9933
Rudi Olenik Campa,0.8802773539045667,0.8007
Rudik Makarian,0.7810146985270022,0.6468
RupeshReddyY,0.8359240454314308,0.7291
Rushan Bogaudinov,0.7017097621435249,0.5369
Ruslan Gnechko,0.6471599970608932,0.4679
Ruslan Kashtanov,0.8750751312046932,0.7937
Ruslan Kavyev,0.5860844028201935,0.3974
Ruslan Momunaliev,0.7982168696661718,0.6742
Rustam Khusnutdinov,0.645351614418036,0.4653
Rustam Rustamov,0.24139602463933615,0.102
Rustem Gorbenko,0.5410955259033507,0.3469
Ryan Amburgy,0.30793620103740554,0.1506
Ryan Hamley,0.6718686218945253,0.4987
Ryo Chen,0.5576416655873097,0.3655
Rômulo Cardoso,0.5048119660334408,0.3095
S R,0.8785618604398284,0.7981
S.L. Narayanan,0.7378297936887717,0.5874
SALVA-DALI,0.6865530245838529,0.518
SHAPIRO VIKTOR,0.9124396053955561,0.8635
Saadat Bashirli,0.6788475031310681,0.5076
Sabir Umarov,0.9124115803220001,0.8627
Sabrina Vega,0.38136049009058204,0.2071
Safin Safarullakhan,0.16365030296936317,0.0631
Sahaj Grover,0.054940151694799856,0.0208
Sahebali Atanejhad,0.7493559699920943,0.6033
Sahib Singh,0.19039494411251057,0.0768
Sahil Tickoo,0.6733518275205826,0.5013
Sai Krishna G V,0.7035175935503295,0.5399
Sai Nirupama Kotepalli,0.9490593193175132,0.9421
Saidakbar Saydaliev,0.5614390013471005,0.3681
Sakshi Chitlange,0.6141911116065508,0.4293
Salem AR Saleh,0.813580108720133,0.7006
Salomeja Zaksaite,0.6909833211818921,0.5254
Sam Schmakel,0.7433567629950081,0.5963
Sam Sevian,0.24581651835015544,0.1065
Sam Shankland,0.3752862752596718,0.2007
Sambit Panda,0.5709924277290556,0.3781
Sameer Mujumdar,0.8905267745807117,0.8204
Sammed Shete,0.8983379879783554,0.8356
Samuel Fieberg,0.4681037761547165,0.2783
Samuel Jesus P Goncalves,0.7582375733847511,0.6122
Samuel Malka,0.9680702790170962,0.9811
Samuel Zenelaj,0.11404345873981023,0.0449
SamuelGhimpu2003,0.5154432820902807,0.3221
Samvel Ter-Sahakyan,0.5982109128694434,0.41
San Thit Lwin,0.5757402994578246,0.3826
Sanan Sjugirov,0.5937991901696439,0.4052
Sandi Stojanovski,0.7644408785725274,0.6223
Santiago  Rodriguez,0.7227428221085558,0.567
Santiago Avila Pavas,0.39256837344781265,0.2182
Santiago Guevara,0.7326445950105572,0.5785
Santiago Quiñones García,0.8648579030235446,0.774
Sarah Sima Derlich,0.7170842089501588,0.5588
Saravana Krishnan P,0.5446369059736952,0.3488
Sargis Manukyan,0.5109608721200004,0.3161
Sargis Sargissyan,0.5862934823936985,0.3981
Sarp Sahin,0.5785260980380933,0.387
Sarveshwaran V,0.6240456859787867,0.4408
Sasvatha A,0.5212716604743037,0.3295
Satbek Akhmedinov,0.22642643712499302,0.0928
Sathvik Adiga,0.08259354132411463,0.033
Satria Duta Cahaya,0.05002529647201559,0.0197
Savitha Shri B,0.6611896703183298,0.4839
Savva Vetokhin,0.5022682842654226,0.3072
Sayed Javad Alavi,0.35948532522960946,0.1907
Sean Senft,0.9391715047705462,0.9202
Sebasti&aacute;n Mar&iacute;n,0.6626166707344805,0.4861
Sebastian  Zsombor Peczely,0.45395391022185744,0.2653
Sebastian Bazzano,0.7862029420310603,0.6571
Sebastian Mihajlov,0.5840018808990644,0.3944
Sebastian Półtorak,0.5355565627311407,0.3414
Sebastien Azar,0.08996185601727216,0.0356
Sebastien Maze,0.8202243255253995,0.7083
Semen Kazmin,0.7289820296767977,0.5748
Semen Khanin,0.39574166033134367,0.2204
Semen Mitusov,0.28880744408531445,0.1384
Semen Novozhilov,0.913588224811323,0.8668
Semetey Tologontegin,0.8148536214726254,0.7032
Semyon Puzyrevsky,0.3974154410621479,0.2212
Senthil Maran,0.2987639314445566,0.1417
Seo Jungmin,0.9774925449996298,0.9929
Serafin Moral Garcia,0.8435966332812773,0.7417
Serban Cristian,0.861463669907835,0.7692
Serdar Murat Yildiz,0.07978779090087765,0.0312
Sergei Iskusnyh,0.3929476420324945,0.2189
Sergei Ljukin,0.31898474774201824,0.1588
Sergei Lobanov,0.6255185701316046,0.4423
Sergei Mihajlovskij,0.5078038887697369,0.3132
Sergei Zhigalko,0.40763116383323517,0.2308
Sergey Drygalov,0.5161012175912039,0.3228
Sergey Grigoriants,0.38000116687665747,0.2056
Sergey Nefedov,0.21145207957364187,0.0891
Sergey Rodchenkov,0.7257040886380179,0.5696
Sergey Sergienko,0.5240936603809194,0.3317
Sergey Shipov,0.8366750608841453,0.7306
Sergey Shtyka,0.8223720737928826,0.7109
Sergey Sklokin,0.4060656018127936,0.2282
Sergey Slugin,0.6901629915381828,0.5236
Serghei Gostev,0.4729809367725877,0.2824
Sergio Barrientos Chavarria,0.6828648781040035,0.5113
Sergio Hernández Leon,0.9215762784244201,0.885
Sergio Joshafatt Morales Garcia,0.7358882401011566,0.5833
Sergiy Zavgorodniy,0.6606372389360197,0.4824
Serhan Berat Özdemir,0.5331365391402708,0.3403
Sethuraman S.P,0.6514532867814018,0.4731
Setu Madhav Yellumahanthi,0.397595595582409,0.2219
Seyed Abolfazl Moosavifar,0.10835824923015784,0.0419
Seyed Kian Ghoreishi Amiri,0.1468757680011435,0.0564
Seyed Poormosavi,0.9562889487647684,0.9596
Shaaketh Sivakumar,0.6022037937372748,0.4152
Shaashwath Sivakumar,0.9560458827033742,0.9592
Shahdad Teimouri Yadkuri,0.4422057861585483,0.2534
Shahruh Turayev,0.787403475113925,0.6594
Shakhriyar Mamedyarov,0.3332387555244566,0.1711
Shamil Arslanov,0.10494513235039551,0.0416
Shamsiddin Vokhidov,0.540154141731656,0.3458
Shane Melaugh,0.7829124084431905,0.6512
Shanmukha Meruga,0.7181149289729857,0.5603
Shant Sargsyan,0.6839998163075928,0.5143
Sharapov Evgeny,0.5616131024556357,0.3692
Sharath Radhakrishnan,0.36130004433742546,0.1929
Sharvesh Deviprasath,0.9232464125228157,0.8883
Shawn Martinez,0.8802783528969064,0.8011
Shawn Rodrigue-Lemieux,0.47402610010619944,0.2827
Sherif Khater,0.7645306105325703,0.6226
ShimanovAlex,0.9424244727002342,0.9284
Shiyam Thavandiran,0.3783181644225989,0.2045
Sho Glashausser,0.7655745977850963,0.6234
Shreyas Royal,0.8795271208605684,0.7989
Shubh Laddha,0.45526573270482606,0.2668
Shubhi Gupta,0.515323794165256,0.321
Shukhrat Makhmudov,0.7608038566660522,0.6156
Shyaamnikhil P,0.7096588812040913,0.5455
Shyam Gandhi,0.6690603574453262,0.4954
Siar Yaran,0.36330377808588515,0.1941
Siem van Dael,0.3205395668858749,0.1599
Sihan Tao,0.369487397132921,0.197
Silvius Tiberius,0.09813261088599888,0.039
Simao Poscidonio Dias,0.5796228936565793,0.3904
Simeon Todev,0.13047902853697915,0.0519
Simon Lamaze,0.7663768930552445,0.6256
Simon Williams,0.9166472021669568,0.8731
Sina Movahed,0.6429011271417939,0.4623
SirMittensofMittensville,0.7144005090616441,0.5532
Siva Mahadevan,0.6788516426335441,0.508
Sivanesan Nithyalakshmi,0.945577972861343,0.9328
Skat2704,0.27280045835605377,0.128
Slaven Pastar,0.9092561029586117,0.8579
Slobodan Filipovic,0.9056846827404321,0.8512
Sofia Blokhin,0.9263600118181795,0.8931
Sofia Pogorelskikh,0.8192342776733694,0.7076
Sofiia Hryzlova,0.920946374013722,0.8842
Soham Kamotra,0.7017435668655493,0.5373
Soltan Muradov,0.7700802436786232,0.6308
Sondre Melaa,0.6632681691692214,0.4868
Soren Bech Hansen,0.7516804021699026,0.6059
Sourath Biswas,0.6347404408579126,0.4512
Sravan Renjith,0.06495350301936006,0.0256
Sreyas Payyappat,0.18997550307311015,0.0764
Sricharan Pullela,0.9610005687725932,0.9681
Srihari L,0.44094677383315306,0.2519
Srihari L R,0.7620217787876973,0.6167
Srinath Narayanan,0.4950150317886008,0.3002
Sriram Krishnakumar,0.4074429554546922,0.2304
Srishti Pandey,0.775878086466748,0.639
Srivastan Karthikeyan,0.5068862958638839,0.3121
Stamatis Kourkoulos-Arditis,0.6687577389975178,0.4946
Stanislav Bukreev,0.310799031842927,0.1521
Stanislav Kovalevsky,0.3845070815267227,0.2108
Stanislav Tsyhanchuk,0.8391871327552834,0.7347
Stanisław Osiecki,0.6986683604339994,0.5321
Stanley Badacsonyi,0.8334295063091005,0.7254
Stanoje Jovic,0.4472214725111724,0.2594
Stefan Eilers,0.9490901607778636,0.9425
Stefan Mladenovic,0.6583818377987075,0.4794
Stefanos Kazantzoglou,0.124298909042228,0.0486
Stelios Halkias,0.6743845894015528,0.502
Stepan Osinovsky,0.8999960219610118,0.8397
Stephan Becking,0.6872979376171067,0.5191
Stephen Capp,0.4241518821078116,0.2423
Stephen Willy,0.27078715913092866,0.1258
Steve Harrington,0.5461932046215643,0.3499
Steven Cooklev,0.6682467436458697,0.4939
Steven Javier Rojas Salas,0.7004752324908036,0.5347
Steven Zierk,0.02786008950909351,0.0056
Stöttner Lukas,0.951263147952913,0.9495
Sujana Lohani,0.9756986191192898,0.9915
Suleyman Suleymanlı,0.5677492286733059,0.3744
Sully McConnell,0.7719416404130917,0.6341
Sultai Chyngyz,0.6123058216242445,0.4271
Sultanbeibarys Dumanuly,0.5186077656979173,0.3254
Sune Berg Hansen,0.9131826520552465,0.866
Supratit Banerjee,0.19918792629510165,0.0827
Suresh Harsh,0.776328992413385,0.6416
Susanna Gaboyan,0.9095986373956183,0.8586
Suvradeepta Das,0.9493119863262306,0.9429
Suvrajit Saha,0.7631693235787724,0.6197
Suyog Wagh,0.7733188050628844,0.6356
Sven Tica,0.8398962361913449,0.7365
Svetlana Vifleemskaia,0.8999542015637205,0.8393
Svyatoslav Korneev Leskova,0.8900973556385082,0.8193
Svyatoslav Lisenkov,0.08314668792618653,0.0334
Swara Lakshmi Nair,0.11273191632106849,0.0445
Sweafty,0.9521018255592558,0.9514
Szymon Gumularz,0.8081580055172202,0.6902
Sébastien Bouchet,0.8969000913987248,0.8319
Símon Þórhallsson,0.6276303332878188,0.4449
Sławomir Kurpiewski,0.900210277725596,0.8412
Sơn Đặng,0.520249037307912,0.328
Tabaré Bustelo,0.9528735140102771,0.9536
Tahsin Tajwar Zia,0.2526277176529038,0.1121
Talaibek Osmonbekov,0.7903412024424703,0.6642
Talibov Shiroghlan,0.6836188403086784,0.5132
Tamas Banusz,0.9135355312932525,0.8664
Tamas-Kristof Balla,0.23437549542672048,0.0976
Tamaz Mgeladze,0.599605745902991,0.4122
Tangi Migot,0.8911061113865533,0.8215
Tanitoluwa Adewumi,0.36456204009549975,0.1952
Tanraj Sohal,0.7208200030629508,0.5633
Tarasova Viktoriya,0.9762417306949087,0.9918
Tarini Goyal,0.322064307603162,0.1618
Tarun Kanyamarala,0.8359147462886171,0.7288
Tatev Abrahamyan,0.605739459192784,0.4208
Tatiana Bogumil,0.9505530260294801,0.9473
TatjanaVasilevich,0.5615722267174543,0.3688
Tehni4arce,0.9074900300164825,0.8549
Teimur Toktomushev,0.16488112090755616,0.0642
Tejas Rama,0.8055109961553846,0.685
Teodora Injac,0.9475871069020197,0.9399
Terry Luo,0.9659285706280963,0.9774
ThaKanielOutis,0.9105206994183991,0.8597
Tharushi T.H.D. Niklesha,0.7602831693780361,0.6145
The_filthy,0.4996445452563124,0.3054
Theo Bressy,0.7365061813982853,0.584
Theodore Slade,0.6715307456631565,0.4983
Thomas Bauer,0.8566067611336317,0.7629
Thomas Beerdsen,0.04180523454300094,0.0148
Thomas Carroll,0.8743734808752663,0.7922
Thomas Christensen,0.5838245944155969,0.3941
Thomas Decker,0.7976287859548001,0.6731
Thomas Diem,0.6557566609769602,0.4764
Thomas Eggleston,0.6782888084740215,0.5061
Thomas Kahlert,0.7536818779076676,0.6089
Thomas Michalczak,0.38707907645134465,0.2126
Thomas Rendle,0.925639021513369,0.8913
Thomas Thiel,0.24567454075756712,0.1061
Thore Perske,0.9236151994348978,0.8887
Tiago Batista Oliveira,0.9045824229557777,0.8497
Tiago Carvalho Mangialardo,0.6232791877671757,0.4397
Tiago Cunha Navarro,0.5613379356253982,0.3677
Tigran Mukhutdinov,0.6898867144382482,0.5232
Tigran Nazaretyan,0.8407865143521382,0.738
Tihomir Yanev,0.7424946629119585,0.5944
Tikhon Popov,0.3956265843371328,0.22
Tikhonov Viacheslav,0.5153324327441534,0.3213
Tim Grutter,0.5466572742186088,0.3506
Tim Kett,0.158182933249673,0.0616
Timofey Iljin,0.09416853985010717,0.0375
Timofey Smirnov,0.8275211975679877,0.7191
Timur Gareyev,0.8899407430591444,0.8189
Timur Kocharin,0.6584877957502704,0.4798
Timur Yonal,0.8539470372640112,0.757
Tobias Kölle,0.5770422278402898,0.3852
Tobias Lang Nilsen,0.32274737400753817,0.1629
Tobias Rizzo,0.8682938877793017,0.78
Tobias Voege,0.5764158195433317,0.3837
Todd Andrews,0.617000379420394,0.4334
Todd Bryant,0.5575144903067776,0.3651
Tom Decuigniere,0.26105198162260657,0.1202
Tom O'Gorman,0.8063023173418784,0.6861
Tomas Kraus,0.7901660636294243,0.6638
Tomas Laurusas,0.9514871015369758,0.9503
Tomasz Jaskolka,0.10360388590458938,0.0397
Tomasz Mika,0.6495713409010453,0.4701
Tommi Luukkonen,0.9665909548555444,0.9785
Tomáš Vaněk,0.6373181818181818,0.4553
Tor Fredrik Kaasen,0.6663768299441213,0.4905
Torben Søraas,0.7728559071945342,0.6353
Trisha Kanyamarala,0.6982507135815823,0.5314
Tsvetan Stoyanov,0.1810849437134338,0.0716
Tuan Minh Le,0.516458765381792,0.3236
Tudor Henry Edward,0.4465755963386309,0.2575
Tuna Özateş,0.5505692624161235,0.3562
Tunahan Makaraci,0.06077170216221058,0.0245
Turkan Mamedjarova,0.8926523572120901,0.826
Tyhran Ambartsumian,0.4607371092079813,0.2724
Tykhon Cherniaiev,0.06101544366306262,0.0252
Tyler Tanaka,0.5507488688283855,0.357
Tymon Ochedzan,0.5404544141051603,0.3462
Tymur Keleberda,0.5179503770800814,0.3247
Tyrell Harriott,0.711650278402184,0.5477
UKR_Master,0.8325465591828115,0.7247
Ufuk Sezen Arat,0.046931148411663307,0.0167
Ugur Doga Yazici,0.6070651706910268,0.4226
Uliana Dudkina,0.7056658400791906,0.5421
Ulises Hernández Bermúdez,0.6875078886925491,0.5195
Ulrich Zimmermann,0.9028338725259528,0.8468
Umid Aslanov,0.3266873881760784,0.1662
Umut Erdem Gündüz,0.49463594844921666,0.2994
Unknown_IM,0.776188703650425,0.6408
Uurtsaikh Agibileg,0.7393917273591407,0.5907
Uwe Kleibel,0.40574966386677547,0.2275
Vache Hovakimyan,0.7374951919878108,0.5859
Vaclav Finek,0.607672162257206,0.4241
Vadim Bobkov,0.8254595402467478,0.715
Vadym Petrovskyi,0.40599165261913156,0.2278
Vahan Nalbandyan,0.37926187040076886,0.2052
Vahap Sanal,0.47975638807626214,0.2902
Vahe Baghdasaryan,0.338256802624643,0.1748
Vahe Danielyan,0.8135883029678477,0.7009
Vaibhav Raut,0.7035817371995317,0.5403
Vaishali R,0.4266480345529491,0.2449
Valdis Troņenkovs,0.5096099309242283,0.3147
Valentin Dragnev,0.0496690931381006,0.0189
Valentina Golubenko,0.8284711239439485,0.7213
Valentina Gunina,0.3924395853195227,0.2178
Valentyn Hulka,0.47680842560873915,0.2857
Valentyn Prokofiev,0.713012526262234,0.5503
Valeria Viana,0.251171530577845,0.1098
Valerie Ruchinskaya,0.7965540323786158,0.6716
Valerio Carnicelli,0.7911370499918566,0.6657
Valeriy Grinev,0.7229772916969031,0.5673
Valery Kazakouski,0.9648505082171251,0.9744
Valery Skatchkov,0.5982437115932775,0.4104
Valiantsin Yezhel,0.8387640994218117,0.7343
Vantika Agrawal,0.9327687920973965,0.9054
Vardan Danielian,0.8566457491668098,0.7633
Varun Krishnan,0.38854557471673934,0.2134
Varuzhan Akobian,0.8903911653390036,0.8197
Vasif Durarbayli,0.16578752675241862,0.0646
Vasil Trickov,0.7137370039777305,0.5518
Vasilii Titarov,0.8703187733328057,0.7844
Vasiliy Korchmar,0.2751861004803125,0.1306
Vasily Volovich,0.06916466514758957,0.0275
Veaceslav Slovineanu,0.2610112646376025,0.1199
Vedant Goswami,0.9034423815776448,0.8479
Vedant Nitin Vekhande,0.5419500216276012,0.3477
Vedant Panesar,0.6410073786720859,0.4605
Velimir Ivic,0.7638847971634041,0.6215
Veronika Minina,0.9364748516575586,0.9132
Veronika Shubenkova,0.8170572062491542,0.7046
Viachaslau Zarubitski,0.7738288907016145,0.6364
Viacheslav Mikhailov,0.7657941135277933,0.6241
Viacheslav Rozhkov,0.1457026189533856,0.056
Victor Bologan,0.9130068653016613,0.8653
Victor Labussiere,0.948494636054631,0.9414
Victor Mikhalevski,0.693611842049311,0.5276
Vidar Grahn,0.754897323152448,0.61
Vidit Gujrathi,0.8511661945298321,0.7518
Vignesh N.R,0.45697354822878805,0.2675
Vignir Vatnar Stefansson,0.6488883318552714,0.4698
Vihaan Jammalamadaka,0.07976286782886492,0.0308
Viktor Berezin,0.9337933702475694,0.9072
Viktor Dmitrenko,0.6405353704378379,0.4601
Viktor Ianov,0.9595259501072982,0.9659
Viktor Neustroev,0.4765874033595342,0.285
Viktor Parfenov,0.5565253881527211,0.3636
Viktor Poddubnyi,0.9039725730172279,0.8486
Viktor Romanchuk,0.2372779537661272,0.1002
Viktor Skliarov,0.616717761469422,0.433
Vilka Sipilä,0.7821895702571169,0.649
Vilmos Balint,0.7599978523817057,0.6141
Vince Gergő Turcsányi,0.807188794161896,0.6879
Vincent Keymer,0.8107179825131713,0.6961
Vincent Riff,0.15591180805569343,0.0605
Vinicius Tiné Martins,0.8497489962631564,0.7503
Vinzent Spitzl,0.3485104116722459,0.1833
Visakh NR,0.3091618516935077,0.1514
Vitaliy Bernadskiy,0.5848330670656757,0.3955
Vitaliy Garbuz,0.07247114229856164,0.0286
Vitaly Rodchenkov,0.9454050517008061,0.9325
Vitaly Teterev,0.8605971119071285,0.7681
Vitor Ferreira,0.44156395511483576,0.2523
Vitorio Chemin,0.5637839031551963,0.3718
Vittorio Cinà,0.8067472994202964,0.6868
Vitus Bondo Medhus,0.4990404456338394,0.3043
Vivaan Vishal Shah,0.11464086131328521,0.0453
Vjacheslav Weetik,0.42599474278037947,0.2442
Vlad Lymar,0.6503035303821666,0.4716
Vlada Sviridova,0.7279298242299677,0.5722
Vladimir Belous,0.9528705623060949,0.9532
Vladimir Bugayev,0.8255035730169691,0.7154
Vladimir Burmakin,0.8123716517523828,0.6991
Vladimir Bychkov,0.9452952031774158,0.9321
Vladimir Chernikov,0.9306425170068028,0.8998
Vladimir Damjanovic,0.5186284963373973,0.3258
Vladimir Demin,0.2517001465239206,0.1109
Vladimir Dobrov,0.6127579405746414,0.4278
Vladimir Fedoseev,0.8837429899229654,0.8085
Vladimir Grabinsky,0.8477052335849373,0.7481
Vladimir Hamitevici,0.9697997877364782,0.9844
Vladimir Mikhailovsky,0.18986207213461295,0.0761
Vladimir Sakun,0.3705105291166421,0.1993
Vladimir Seliverstov,0.9649982299345579,0.9748
Vladimir Zakhartsov,0.814515870444646,0.702
Vladimir Zemerov,0.9493159429041352,0.9432
VladimirKramnik,0.33580022790418557,0.1729
Vladimír Bochnička,0.7535474072362655,0.6085
Vladislav Artemiev,0.6787799252973559,0.5072
Vladislav Efremov,0.7633391600257877,0.6204
Vladislav Gontcharov,0.8808899213549223,0.803
Vladislav Kovalev,0.8104737761693777,0.695
Vladislav Voitovich,0.18604326963234366,0.0742
Vladyslav Baziuk,0.30721867483239157,0.1495
Vladyslav Sydoryka,0.7011576951742553,0.5358
Vo Quoc Bao Tran,0.5529105645138016,0.3603
Vojislav Milanovic,0.8049596283091791,0.6835
Vojtěch Plát,0.7138690904993835,0.5521
Volen Dyulgerov,0.11549598518886572,0.0456
Volkan Yirik,0.968316190703485,0.9818
Volodar Murzin,0.9203172235366237,0.8824
Volodya Torosyan,0.5939226048161087,0.4059
Volodymyr Onyshchuk,0.9707056669655716,0.9855
Volodymyr Vetoshko,0.1868349328971533,0.0746
Volodymyr Vusatiuk,0.7164696773217714,0.557
Volodymyr Yaniuk,0.8767887847529637,0.7959
Vsevolod Ovchinnikov,0.8287184807837857,0.7221
Vsevolod Rytenko,0.5993522302288803,0.4119
Vugar Manafov,0.8271134248200515,0.7184
Vugar Rasulov,0.45847644497724616,0.2698
Vuk Damjanovic,0.5885603614360795,0.4019
Vuk Djordjevic,0.253193761301279,0.1128
Wagner Guimarães,0.6200960627257348,0.4375
Walter Cuevas Araya,0.2579174253911928,0.1173
Wanderlei Lukachewski Junior,0.7656734921230253,0.6237
Ward Al-Tarboush,0.0818758653738345,0.0327
Wellington Albuquerque Jr.,0.9542524002251064,0.9558
Wesley So,0.5967701823002012,0.4078
Wiktoria Śmietańska,0.9461516562670642,0.9343
Wilfredo Sariego Figueredo,0.7881647828127798,0.6612
Willi Skibbe,0.7246778247813163,0.5685
William Alfaro Caracas,0.8747303050007422,0.7926
William Coe,0.35965870119349974,0.1911
William Ferreira Da Cruz,0.9053709636098379,0.8505
William Graif,0.2440849514467061,0.1043
William Hernandez Gonzalez,0.7636286041812929,0.6208
William Olsson,0.8928282965907041,0.8271
Wilson Morales,0.9550432232631202,0.9577
Witold Klepek,0.881889070266241,0.8045
Wladimir Zampronha,0.24455592708181978,0.105
Wojciech Przybylski,0.6904689822770347,0.5247
Wojciech Śmieszek,0.45250142038743435,0.2642
WonderChampion,0.6917311678000779,0.5258
Wouter Terlouw,0.5208182350341347,0.3288
Xavier Martinez Pla,0.869801408701435,0.7829
Xeniya Balabayeva,0.6529684871182002,0.4746
Xiaobing Gu,0.8836300616736505,0.8078
Xu Yi,0.23006134476180778,0.095
Yaacov Norowitz,0.4082942316950815,0.2315
Yagiz Kaan Erdogmus,0.08157576986940551,0.0323
Yago Labussiere,0.9800329288882391,0.9941
Yahli Sokolovsky,0.915359076306278,0.869
Yair Parkhov,0.30140942778684915,0.1436
"Yang, Kaiqi",0.7708952773835733,0.6334
Yaroslav Demchenko,0.23712242754364493,0.0998
Yaroslav Remizov,0.033405671650528095,0.0093
Yaroslav Shevchenko,0.44704383062450576,0.2583
Yasin Emrah Yagiz,0.967990894297983,0.9807
Yelfry Torres,0.9470819322200356,0.9373
Yelyzaveta Hrebenshchykova,0.7280190961300329,0.5729
Yevhenii Yelisieiev,0.8735334602574604,0.79
Yichen Han,0.2717569610051154,0.1262
Yidong Chen,0.4974383513628181,0.3013
Yilin Li,0.7416715086399559,0.5922
Yinn Long Wong,0.5240978623412353,0.3321
Yoav Milikow,0.777742181481164,0.6423
Yoel Estarling Polanco Nunez,0.9017805482384735,0.8449
Yotam Shohat,0.5064548334303325,0.3117
Yovann Gatineau,0.604940844880148,0.4197
Yudel Romero Arzuaga,0.39202053324185565,0.2174
Yulia Efremova,0.44670462312008763,0.2579
Yuliia Osmak,0.9358848674649547,0.9124
Yuniesky Quesada,0.25156828579319024,0.1106
Yuri Kozin,0.41802897820591306,0.2382
Yuri Zhizmer,0.2635096187724841,0.1228
Yurii Khodko,0.16407860127480817,0.0638
Yuriy Dovzik,0.9573105176182348,0.961
Yuriy Kuzubov,0.870021216960196,0.7833
Yvain Bruned,0.8436161031071835,0.7421
ZAHAR HILKEVICH,0.8351534254358004,0.728
Zacarias M Ruben D,0.7368720059877611,0.5848
Zachary Calderon,0.45191137323163505,0.2635
Zachary Liu,0.7128580657233803,0.5488
Zachary Tanenbaum,0.009931685149084737,0.0007
Zahar Efimenko,0.8718720198514249,0.7859
Zala Urh,0.9185229713985773,0.879
Zane Nasir,0.3068944977817627,0.1492
Zarikovs1999,0.9440385891465736,0.931
Zarina Nurgaliyeva,0.45740001277968556,0.2683
Zarina Shafigullina,0.8520565117449351,0.7532
Zaur Mammadov,0.009268705128995764,0.0004
Zaur Tekeyev,0.4584267319347705,0.269
Zbigniew Pakleza,0.9477433952043262,0.9403
Zeinep Sultanbek,0.8437151414603272,0.7425
Zhamsaran Tsydypov,0.7109505492993604,0.5466
Zhanibek Amanov,0.5129098498831535,0.318
Zhaoqi Liu,0.9592170421955274,0.9647
Zhongyi Tan,0.18945256416155878,0.0753
Zlatko Lisjak,0.9594606533713798,0.9655
Zmiyevik2200,0.3400523760024101,0.1774
Zoey Tang,0.545139325246003,0.3492
Zoran Velickovic,0.912950532305737,0.8646
Zou Chen,0.7417595630786875,0.5926
Zozek Salah Mohammed Mohammed,0.7262198654986155,0.5707
Zsigmond Szajbely,0.5132033606901348,0.3184
Zsoka Gaal,0.8846441846260124,0.8096
Zsolt Korpics,0.47948597580472574,0.2898
Zurab Javakhadze,0.7988372872981913,0.675
Zurab Tqebuchava,0.8269161917864093,0.718
Zviad Izoria,0.7672421437793565,0.6263
abelmat,0.5435309186755821,0.3481
anon102030,0.897749801125458,0.8345
anon219,0.38076638806820645,0.2063
anon481216,0.807758109882921,0.6887
anon569,0.7471894485684896,0.6015
anon6121824,0.34081352522632963,0.1785
anushurvan graf,0.9738684136170834,0.9892
asghar golizadeh,0.5486711871600398,0.3532
bait_or_mate,0.38409034028069955,0.2104
barte bongo,0.9046349089071578,0.8501
boris abrashkin,0.8604406851768136,0.767
bratkoo,0.3296763097461185,0.1688
broskolis,0.7602975438566922,0.6148
buddika amarasinghe,0.7786433462296554,0.6442
c_r_e_e_p_e_r,0.5528419252525097,0.3599
champ2005,0.9737483929119662,0.9889
edison ruge,0.9496173459166168,0.9451
elamier fathy,0.5019059973473535,0.3069
esapunov,0.9703883520797149,0.9852
freshfoodcompany,0.2118013735425389,0.0894
goofypenguin96,0.33873993252788304,0.1759
hermionegrangermagic,0.22791283633974246,0.0931
infinitegiantkiller,0.43119225327887734,0.2471
kamran SHIRAZI,0.3544993959257117,0.187
khoipham,0.8363592517728586,0.7302
kirillshevchenko,0.5871214699762671,0.3996
londonkid,0.5810673691805271,0.3926
malakismayil,0.675731445388315,0.5043
mapleaff,0.7349279139995074,0.5822
mattcolins2025,0.7097292540062022,0.5462
mauro vargas,0.8994224876920243,0.8364
moshe katzir,0.5500821006851557,0.3551
natelleka,0.13353121009500807,0.0531
paradise10,0.7969873506284302,0.6724
parintele_chess,0.8016975784933489,0.6798
patzer-reloaded,0.8845539228332211,0.8093
pawel jaracz,0.8105784165231386,0.6957
realmadridtv,0.7044926459195533,0.541
samarth Rao 1664 Leavud Rating,0.8877808496628529,0.8152
sau6on,0.5897985701748119,0.4033
scandalgod,0.545794253171902,0.3495
shakked tifferet,0.7751803032486537,0.6375
sofiko tereladze,0.6003076798603922,0.4137
starplatinum2030,0.26004644844849184,0.1195
thechesscorner 64,0.8003933025686557,0.6776
thisunaa,0.9173870290071717,0.8761
vesal hamedi nia,0.795041064231807,0.6698
winniethepooh04,0.6092465091365689,0.4249
x-0147207515,0.8947047569049202,0.8293
x-0618534659,0.2653329911144493,0.1239
x-3704738925,0.8111762388349,0.698
x-3738459472,0.7365224378016654,0.5844
x-5963514717,0.6159339091457174,0.4315
x-8127726737,0.7299639956545313,0.5755
x-9960558865,0.7425966382376612,0.5948
yaguigor,0.4594518262233634,0.2705
zbigniew wieczorek,0.9464553059816021,0.9358
Ágoston Juhász,0.8094299475496459,0.6939
Álvaro Valdés,0.8814222822986162,0.8037
Ömer Faruk Özer,0.8453533442493356,0.7458
İlhan Serhat Salman,0.39949239167884354,0.2226
Łukasz Licznerski,0.042496384581017295,0.0156
Štěpán Hrbek,0.30664485417693255,0.1488
Аrtеm Odеgоv,0.4147666537187097,0.236
Азат Габдрахманов,0.46179630256806253,0.2738
Александр Брюхович,0.9555714651257515,0.9584
Алексей Мокшанов,0.28097888140126165,0.1351
Андрей Хромкин,0.6441534075920867,0.4638
Артём Синявский,0.364760747295583,0.1955
Валерий Свиридов,0.9396451425830523,0.9213
Варвара Полякова,0.463041788570515,0.2742
Владимир Матвеев,0.956807370699871,0.9603
Володимир Михальський,0.9370097226191035,0.915
Гор Глиджян,0.4068357669161703,0.2293
Григорий Гусаров,0.3497348008913298,0.1844
Гульдона Каримова,0.8860583450200427,0.8119
Гурвич Виталий,0.4594543447195488,0.2709
Даниил Постников,0.7883804512501218,0.662
Данил Найдин,0.7199757956456192,0.5625
Денис Денисенко,0.32160385806527353,0.161
Димитрий Король,0.8942494970085171,0.8286
Евгений Бурмакин,0.8505791583681865,0.751
Екатерина Кабанова,0.9555216605200705,0.9581
Игорь Князев,0.5013463128772748,0.3061
Илья Дерябин,0.6479834207761777,0.4686
Илья Чеклецов,0.827611251964945,0.7195
Максим Матюнин,0.45474677782479234,0.2664
Максим Щекачихин,0.7818154336944698,0.6479
Маргарита Филиппова,0.23325781218165886,0.0968
Матфей,0.40173736949327327,0.2234
Матфей Юрасов,0.37045040985919375,0.1989
Микола Боднар,0.7335846653274215,0.5807
Михаил Экдышман,0.8809314840168069,0.8033
Наталья Зайнуллина,0.9113101395442728,0.8612
Нечитайло Нікіта,0.94697953260631,0.9369
Никита Довбня,0.8260885289430945,0.7161
Никита Майоров,0.8208072177939624,0.7091
Николай Гриценко,0.2331625505441369,0.0961
Николай Оглоблин,0.9036615628285943,0.8482
Николай Хныкин,0.6460079442210362,0.4664
Олег Губанов,0.5259107494248555,0.3332
Олег Кислов,0.17836309826899677,0.0705
Павел Торопов,0.22511575480956908,0.0924
Рамиль Садыков,0.6594426919593154,0.4809
Рамиль Хасангатин,0.36406127657024073,0.1948
Руслан Габдушев,0.9406846086429763,0.9239
Руслан Пахомов,0.7397127633269263,0.5915
Сергей Ярый,0.8263551351564823,0.7169
Соловьев Александр,0.9031920816049878,0.8471
Спартак Высочин,0.07382777326579745,0.0297
Феликс Тульчинский,0.6057431263949449,0.4212
Шубин Кирилл,0.6459199526381043,0.466
Эдуардо Гербелли Нето,0.585891395437489,0.397
Эмир Шаршенбеков,0.7856852775328749,0.6564
Яков Гинзбург,0.10846531700275,0.0423
Ян Дьомін,0.5850670640248723,0.3959
אהרן בגראטיוני,0.8458727139506488,0.7466
