,Name,ELO,SVM_Distance,Similarity_Score,Rank_Percentile
182,Ali Farahat,2616.0,6.1459741177445215,0.99786249050482,1.0
1053,Ivan Provotorov,2569.0,5.815942748026472,0.9970291821316671,0.9996289424860854
2677,Николай Хныкин,2201.0,5.802515245937394,0.9969891433648624,0.9992578849721707
492,ChessyInstinct,2341.0,5.649090342258694,0.9964916340001602,0.9988868274582561
737,Emilio Cordova,2890.0,5.64135029663414,0.9964644701049779,0.9985157699443413
1960,Raja Rithvik R,2919.0,5.554598070307839,0.9961452927918605,0.9981447124304267
936,Haik Martirosyan,3001.0,5.488177686315956,0.9958816576236621,0.997773654916512
543,Daniel Chan,2818.0,5.408573002448532,0.9955419375326872,0.9974025974025974
2191,Shawn Rodrigue-Lemieux,2903.0,5.396106018562761,0.9954862634842335,0.9970315398886828
756,Erick Zhao,2827.0,5.379639262932963,0.9954116654148769,0.9966604823747681
106,Alessandro Manzone,2800.0,5.313320713104246,0.9950985988488008,0.9962894248608535
502,Christof Sielecki,2608.0,5.313108948812142,0.9950975658861282,0.9959183673469387
2232,Srishti Pandey,2525.0,5.272768500455691,0.9948967861962814,0.9955473098330241
1974,Rashad Zeynalli,2763.0,5.2454833948164366,0.9947563676448953,0.9951762523191094
1507,Mariia Berdnyk,2488.0,5.208660784222491,0.9945607542494924,0.9948051948051948
602,David Zakarian,2609.0,5.171705672939383,0.994357141482544,0.9944341372912802
2475,Vojtěch Plát,2886.0,5.136670378967447,0.9941571138564295,0.9940630797773655
1884,Pavel Ponkratov,2873.0,5.125563822658038,0.994092243315145,0.9936920222634509
847,Fy Antenaina Rakotomaharo,2781.0,5.103970690611393,0.9939640674516745,0.9933209647495361
425,Benny Aizenberg,2621.0,5.103546002377388,0.9939615190000086,0.9929499072356215
1776,Nisha Mohota,2318.0,5.102770483650876,0.9939568625393018,0.9925788497217068
1623,Michel Bifulco,2364.0,5.046286621432055,0.9936079432663889,0.9922077922077922
1703,Nad Titus Petre,2610.0,5.000678910635597,0.9933116610008261,0.9918367346938776
113,Alex Goldin,2654.0,4.991753898098877,0.993252104922908,0.9914656771799629
1224,Julian Antonio Rojas Alarcon,2802.0,4.927887503074678,0.9928102810184781,0.9910946196660483
666,Dmitry MIschuk,2814.0,4.922535630254736,0.9927719782757544,0.9907235621521335
2601,kamran SHIRAZI,2540.0,4.876131267996366,0.9924312609342422,0.9903525046382189
186,Alikhan Daulet,2709.0,4.865525662669968,0.9923511799507445,0.9899814471243042
2031,Rodion Radzhabov,2693.0,4.845836432058614,0.9922002744713843,0.9896103896103896
2624,vesal hamedi nia,2462.0,4.799892504434639,0.9918365585227937,0.989239332096475
548,Daniel Gormally,2792.0,4.795918363833338,0.9918043177260449,0.9888682745825603
1724,Nazar Firman,2589.0,4.778746970310613,0.9916635545479855,0.9884972170686457
705,Eduardo Marra,2606.0,4.759403646356378,0.99150211394066,0.9881261595547309
1917,Piotr Dobrowolski,2706.0,4.751825902869066,0.9914380279795757,0.9877551020408163
2312,Thomas Rendle,2760.0,4.747105278965017,0.9913978630825687,0.9873840445269016
2684,Руслан Пахомов,2511.0,4.7466617948222245,0.9913940801633023,0.987012987012987
2471,Vladyslav Baziuk,2800.0,4.745449162955654,0.9913837279930504,0.9866419294990724
560,Daniel Titichoca Daza,2580.0,4.72411176958101,0.9911995390945112,0.9862708719851577
1159,John S. White,1948.0,4.717276683984308,0.9911397159385917,0.9858998144712431
1147,Joakim Nilsson,2631.0,4.703636509465389,0.9910191249372844,0.9855287569573283
1781,Nitish Belurkar,2790.0,4.687419827277982,0.9908736376316634,0.9851576994434137
475,Carlos Daniel Albornoz Cabrera,2819.0,4.679626134789289,0.9908028884017943,0.984786641929499
71,Aleexeey Sueetin,2458.0,4.673381275170034,0.9907458071959252,0.9844155844155844
998,Igor Wilk,2633.0,4.6694928227973405,0.9907100875987304,0.9840445269016698
2143,Semen Mitusov,2709.0,4.626972884305711,0.9903104729304603,0.9836734693877551
2286,Tanraj Sohal,2528.0,4.625717132660934,0.990298415767469,0.9833024118738405
439,Bogdan Belyakov,2710.0,4.618770894162878,0.9902314522442532,0.9829313543599257
2271,Sweafty,2633.0,4.6105141670872944,0.9901512597656725,0.9825602968460111
776,Evandro Amorim Barbosa,2797.0,4.597820925167089,0.9900267052814307,0.9821892393320965
1438,Maciej Czopor,2816.0,4.594215209118587,0.9899910400828534,0.9818181818181818
399,Babageldi Annaberdiyev,2744.0,4.569683461950365,0.9897450154204498,0.9814471243042672
1078,Jake Shanty,3079.0,4.553841880577909,0.9895829724279337,0.9810760667903525
1692,Mukhammadzokhid Suyarov,3094.0,4.5518591875898045,0.9895625139590906,0.9807050092764379
1646,Mikhail Chernov,2512.0,4.542564342838923,0.9894660735888328,0.9803339517625231
1585,Maxime Lagarde,3016.0,4.535719996067335,0.9893944957051094,0.9799628942486085
2333,Tobias Voege,2744.0,4.524448277028804,0.9892755664541347,0.9795918367346939
1024,Irina Bulmaga,2606.0,4.519505303181652,0.9892229973380626,0.9792207792207792
260,Andrey Ivanov,2360.0,4.516258283746622,0.9891883262770058,0.9788497217068646
128,Alexander Herbrig,2577.0,4.480272504159529,0.9887966128462886,0.9784786641929499
1638,Mikayel Rostomyan,2819.0,4.473921442080136,0.9887260377436015,0.9781076066790353
1789,Novendra Priasmoro,2900.0,4.463387696717315,0.9886080130449701,0.9777365491651205
798,Fabiano Caruana,3171.0,4.460407568206903,0.9885744012954003,0.9773654916512059
2356,Tymon Ochedzan,2232.0,4.451805783590889,0.9884768342353476,0.9769944341372913
2146,Semyon Puzyrevsky,2911.0,4.446940832452152,0.9884212886916833,0.9766233766233766
2533,Yoav Milikow,2756.0,4.443426982959953,0.9883810048372619,0.976252319109462
2552,Zahar Efimenko,2764.0,4.441747941175509,0.9883617069112924,0.9758812615955473
931,Gunnar Lund,2827.0,4.438138024247778,0.9883201093137145,0.9755102040816327
8,Aarav Dengla,2871.0,4.429181554268236,0.9882162670909685,0.975139146567718
2399,Vasilii Titarov,2544.0,4.426316741494996,0.9881828599979695,0.9747680890538033
1475,Marcel Petersen,2703.0,4.412916496993904,0.9880253506742975,0.9743970315398887
1101,Jan Malek,2912.0,4.40384618563987,0.9879175610925918,0.974025974025974
1393,Loay Sameer,2607.0,4.3401199227505325,0.9871327591127371,0.9736549165120594
2371,Vaclav Finek,2958.0,4.337036056371956,0.9870935299432336,0.9732838589981447
2557,Zarina Shafigullina,2446.0,4.332392889698778,0.9870342425149508,0.9729128014842301
2242,Stefan Mladenovic,2679.0,4.305496916469781,0.9866854899774954,0.9725417439703155
205,Alvaro Blanco Fernandez,2320.0,4.3035891686959244,0.9866604041649771,0.9721706864564007
1932,Pranesh M,3196.0,4.245349406154102,0.9858717426187524,0.9717996289424861
1351,Leandro Formes De Arruda,2401.0,4.243603623948917,0.9858474055927982,0.9714285714285714
1506,Marie Sebag,2667.0,4.227571517309721,0.9856219697288919,0.9710575139146568
1084,Jakub Chyży,2587.0,4.226858634516401,0.9856118637529935,0.9706864564007421
1790,Noël Studer,2650.0,4.1868911250204865,0.985033939975331,0.9703153988868275
1766,Nikolay Milchev,2570.0,4.186316358184823,0.9850254643557292,0.9699443413729129
2243,Stefanos Kazantzoglou,2538.0,4.174437655443298,0.9848492366805767,0.9695732838589981
660,Dmitry Frolyanov,2670.0,4.17359631140591,0.9848366776806529,0.9692022263450835
802,Farid Orujov,2821.0,4.168749214326193,0.9847641236971589,0.9688311688311688
343,Artem Koval,2619.0,4.1675701485642405,0.9847464231808521,0.9684601113172542
2678,Олег Губанов,2465.0,4.1665995279413535,0.9847318367186211,0.9680890538033395
2584,anushurvan graf,2365.0,4.151298953720768,0.9845000775127285,0.9677179962894249
1644,Mikhail Antipov,2987.0,4.141333298846692,0.9843472683060117,0.9673469387755103
265,Andrey Tsvetkov,2961.0,4.140522630489735,0.9843347728463725,0.9669758812615955
2630,x-5963514717,2620.0,4.135374767471036,0.9842551954513128,0.9666048237476809
2298,ThaKanielOutis,2498.0,4.1207887935737615,0.9840275541188059,0.9662337662337662
11,Aarit Kapil,2731.0,4.1168555204608195,0.983965615740474,0.9658627087198516
932,Gustavo Eduardo Nunez V,2235.0,4.10806003924998,0.9838262546247132,0.9654916512059369
32,Aditya Mittal,3004.0,4.099320917441564,0.9836866067884708,0.9651205936920223
1155,John Bartholomew,2868.0,4.099098720395102,0.9836830407500291,0.9647495361781077
988,Igor Bjelobrk,2694.0,4.095646625085119,0.9836275395319156,0.9643784786641929
2390,Valery Kazakouski,3028.0,4.093366877904189,0.983590785056888,0.9640074211502783
17,Abdimalik Abdisalimov,2783.0,4.072084253619814,0.9832437256459494,0.9636363636363636
971,Hovik Hayrapetyan,3060.0,4.066593085730514,0.9831530154222552,0.963265306122449
1697,Mykhailo Shinkarev,2535.0,4.040691625810221,0.9827185930674481,0.9628942486085343
45,Ahmad Al khatib,2726.0,4.028700843809578,0.9825137734180395,0.9625231910946197
542,Daniel Centron Antuna,2621.0,4.007372082117651,0.9821435393139556,0.9621521335807051
1873,Paul Makarov,2402.0,3.99227026712465,0.9818767521383522,0.9617810760667903
1882,Pavel Plotnikov,2556.0,3.9899848690977047,0.9818360391285482,0.9614100185528757
1256,Kamal Aghasiyev,2587.0,3.963684222798169,0.9813609999785953,0.961038961038961
2665,Максим Щекачихин,2719.0,3.9549897321585545,0.9812012965576561,0.9606679035250464
2027,Roberto De Abreu,2123.0,3.9484328821697874,0.9810799710453179,0.9602968460111317
794,Eytan Rozen,2944.0,3.9459457393521555,0.9810337492662732,0.9599257884972171
682,Dominik Horvath,2890.0,3.939265904414417,0.9809090605137922,0.9595547309833025
627,Derlei Alex Florianovitz,2223.0,3.934355289215609,0.9808168845046176,0.9591836734693877
1798,Oleg Badmatsyrenov,2749.0,3.922405527170569,0.9805907516664152,0.9588126159554731
2418,Vignir Vatnar Stefansson,2842.0,3.9061439101928075,0.9802788210420461,0.9584415584415584
2513,Xeniya Balabayeva,2495.0,3.9030275037077216,0.9802184836192825,0.9580705009276438
142,Alexander Zlatin,2562.0,3.900888428977706,0.9801769638811528,0.9576994434137291
522,Cristian Adrian Dolezal,2542.0,3.893078080347739,0.9800246376539736,0.9573283858998145
647,Dinara Wagner,2656.0,3.876991820302657,0.9797072837410293,0.9569573283858999
2653,Гульдона Каримова,2429.0,3.8750199465836426,0.9796680439685171,0.9565862708719851
2370,Vache Hovakimyan,2687.0,3.8569908120024623,0.9793058066161959,0.9562152133580705
1214,Juan Manuel Garcia Almaguer,2489.0,3.8402599024855304,0.9789640059427601,0.9558441558441558
963,Henrique M A Albergaria Paiva,2314.0,3.832933123277807,0.9788125913780121,0.9554730983302412
910,Gonzalo Navarrete,2634.0,3.824919899171838,0.9786457699378741,0.9551020408163265
75,Alejandro Cuellar Montes,2562.0,3.817370805662777,0.9784874359056582,0.9547309833024119
1629,Miguel Munoz,2777.0,3.8098380606732585,0.9783283005053947,0.9543599257884973
2085,SALVA-DALI,2757.0,3.8097060459106578,0.9783255013467692,0.9539888682745825
193,Aljoscha Feuerstack,2778.0,3.7928648934889493,0.977965497996232,0.9536178107606679
202,Alvar Alonso Rosell,2899.0,3.787795450152829,0.9778559915476684,0.9532467532467532
485,Cesar Ugarte,2305.0,3.7877381055778914,0.9778547497942098,0.9528756957328386
2012,Robby Kevlishvili,3092.0,3.7869441270146362,0.9778375497920806,0.952504638218924
2501,William Ferreira Da Cruz,2514.0,3.777570258208974,0.9776334935822926,0.9521335807050093
2647,Валерий Свиридов,2933.0,3.7750664147123674,0.9775786783990199,0.9517625231910947
431,Bilel Bellahcene,2460.0,3.7649820302392145,0.9773565749623706,0.9513914656771799
2303,Thomas Bauer,2607.0,3.763321483937415,0.9773197967651428,0.9510204081632653
2558,Zaur Mammadov,2896.0,3.7547513814241293,0.9771290543888046,0.9506493506493506
1630,Miguel Santos Ruiz,2823.0,3.74778014322903,0.9769727428080835,0.950278293135436
255,Andrew Wu,2549.0,3.7465639688217367,0.9769453666522164,0.9499072356215214
2186,Shant Sargsyan,3024.0,3.7441742693371554,0.9768914817806155,0.9495361781076067
2480,Volodymyr Onyshchuk,2964.0,3.7430578867997406,0.9768662665649259,0.9491651205936921
1117,Javier Ruiz Vazquez,2703.0,3.741141159203724,0.9768229116599408,0.9487940630797773
1806,Oleksandr Bortnyk,3210.0,3.729166048235247,0.9765502425301508,0.9484230055658627
251,Andrew Hong,2977.0,3.725944788415023,0.97647636276244,0.948051948051948
2664,Максим Матюнин,2574.0,3.7110560541047137,0.976131927322994,0.9476808905380334
1910,Philipp Sonnenschein,2515.0,3.705762085576418,0.9760082749986565,0.9473098330241188
246,Andrei-Mihai Bonte,2399.0,3.703478634819894,0.9759547472786181,0.9469387755102041
1459,Maksym Goroshkov,2845.0,3.7014354830289546,0.9759067538206281,0.9465677179962895
733,Emerson Veiga,2384.0,3.7008565608794504,0.9758931380111509,0.9461966604823747
1615,Michal Provaznik,2278.0,3.700566176627718,0.9758863055680654,0.9458256029684601
1564,Matthew Wadsworth,2777.0,3.6928076841929913,0.975703055314754,0.9454545454545454
1748,Nikita Fedotov,2565.0,3.6883795156422705,0.9755978570526426,0.9450834879406308
2538,Yulia Efremova,2328.0,3.6747273064992223,0.9752707243213523,0.9447124304267162
1096,Jan Gustafsson,2836.0,3.674667281274794,0.9752692766073797,0.9443413729128015
1347,Lawrence Trent,2710.0,3.6678342125809023,0.9751039327209013,0.9439703153988869
694,Dávid Haszon De,2423.0,3.6598486012360345,0.9749093347288773,0.9435992578849721
2580,anon219,2896.0,3.649688651751773,0.9746596081505876,0.9432282003710575
1667,Mitch Fishbein,2574.0,3.6492631311123374,0.9746490964097594,0.9428571428571428
1049,Ivan Martic,2579.0,3.64899331915234,0.9746424289785405,0.9424860853432282
760,Erik van den Dikkenberg,2146.0,3.6481039046557457,0.9746204382044559,0.9421150278293136
2330,Tobias Kölle,3017.0,3.64577542141505,0.9745627784514278,0.9417439703153989
945,Hans Niemann,3214.0,3.6172943720621005,0.9738471037002694,0.9413729128014843
1848,Pablo Lalanne,2485.0,3.6158554498567996,0.9738104309041528,0.9410018552875695
1029,Isabelle Tamarozi,2126.0,3.611817818471578,0.97370725922858,0.9406307977736549
780,Evgenij Novikov,2563.0,3.6103843360629293,0.9736705350941048,0.9402597402597402
495,Christian Almeida do Nascimento,2635.0,3.609940112470853,0.9736591444819355,0.9398886827458256
198,Alon Mindlin,2903.0,3.6093542568530337,0.9736441148639791,0.939517625231911
913,Greg Shahade,2783.0,3.6086975221523163,0.9736272569858472,0.9391465677179963
1523,Marko Nenezic,2873.0,3.6042475609992666,0.9735127532060845,0.9387755102040817
1486,Marco Lantini,2517.0,3.602174684590797,0.9734592501979441,0.9384044526901669
1421,Luis Enrique Valle Maytin,2439.0,3.5905088259198914,0.9731561765936542,0.9380333951762523
184,Ali Rastbod,2931.0,3.590239875021015,0.9731491498326245,0.9376623376623376
352,Arthur Lucas,2331.0,3.5833883004883953,0.9729695374306524,0.937291280148423
2549,Zachary Calderon,2289.0,3.575129419465731,0.9727514798369917,0.9369202226345084
2051,Roman Novoselov,2641.0,3.5740477731743843,0.972722795013769,0.9365491651205937
168,Alexey Kislinsky,2687.0,3.5680690158772146,0.9725637105496124,0.9361781076066791
29,Adham Fawzy,2973.0,3.565227327280712,0.9724877823284697,0.9358070500927643
1128,Jeffinho023,2500.0,3.554761027413753,0.9722063642829799,0.9354359925788497
418,Ben Finegold,2587.0,3.5525135819445213,0.9721455712313669,0.935064935064935
2331,Tobias Lang Nilsen,2596.0,3.536066167790012,0.9716967235057332,0.9346938775510204
26,Adam Mekhane,2531.0,3.520138644796444,0.9712553750633033,0.9343228200371058
2266,Sven Tica,2742.0,3.5200603701802544,0.9712531896828795,0.9339517625231911
1245,Kacper Drozdowski,3061.0,3.517486902726419,0.9711812501565551,0.9335807050092765
2514,Xiaobing Gu,2418.0,3.5168092857575113,0.9711622788008594,0.9332096474953617
227,Anatoly Bykhovsky,2677.0,3.504341869174863,0.9708110564046657,0.9328385899814471
699,Ediz Gürel,3250.0,3.4975931776119653,0.970619210238971,0.9324675324675324
457,Bryan Enming Lin,2839.0,3.4928747951808363,0.9704843542840869,0.9320964749536178
2622,thechesscorner 64,2511.0,3.487112259052611,0.9703188411988939,0.9317254174397032
497,Christian Koepke,2536.0,3.4755646043761663,0.9699844542112032,0.9313543599257885
1846,Pablo Barrionuevo,2430.0,3.4747258118074624,0.9699600234607009,0.9309833024118739
2446,Vlad Lymar,2635.0,3.4646839976175885,0.9696660444425704,0.9306122448979591
629,Devina Devagharan,2606.0,3.461002258321977,0.9695575630123789,0.9302411873840445
2545,Yuriy Kuzubov,2952.0,3.457944122967608,0.9694671702910946,0.9298701298701298
1594,Medina Paz Miguel 1968,2443.0,3.456392539181043,0.9694212090475103,0.9294990723562152
2068,Rudi Olenik Campa,2705.0,3.4536760152921397,0.9693405783807417,0.9291280148423006
1381,Liam Putnam,3170.0,3.449221013503025,0.9692079011076404,0.9287569573283859
1301,Kim Yew Chan,2573.0,3.4485473722842555,0.9691877906400836,0.9283858998144713
1008,Ilja Sirosh,2584.0,3.4370642161865232,0.9688430174843402,0.9280148423005566
803,Farzad Bolourchifard,2748.0,3.436795658708186,0.9688349097270759,0.9276437847866419
704,Eduardo Iturrizaga Bonelli,3010.0,3.4357530809640187,0.9688034149228874,0.9272727272727272
1955,Rafael Ventura dos Santos,2453.0,3.428447332299876,0.9685818528085165,0.9269016697588126
1136,Jerzy Slaby,2641.0,3.4252537483943124,0.9684845231390962,0.926530612244898
1783,Nitzan Steinberg,3006.0,3.3974467067347947,0.9676246432236918,0.9261595547309833
1837,Ori Kobo,2811.0,3.3965577764143537,0.9675967839530689,0.9257884972170687
559,Daniel Teidi Awoki,2336.0,3.3964745256224615,0.9675941736687635,0.925417439703154
2251,Steven Javier Rojas Salas,2592.0,3.396195963030885,0.9675854380090441,0.9250463821892393
2416,Vidit Gujrathi,3054.0,3.391555688811004,0.9674395849072194,0.9246753246753247
24,Adam Kozak,3045.0,3.388296159746397,0.9673367523894864,0.92430426716141
2084,S.L. Narayanan,3044.0,3.385862952375512,0.9672597844093552,0.9239332096474954
858,Gaioz Nigalidze,2815.0,3.3818956466935086,0.9671339134373513,0.9235621521335807
618,Denis Khismatullin,2940.0,3.37634816488269,0.9669571240151806,0.9231910946196661
2562,Zhamsaran Tsydypov,3070.0,3.37532567837581,0.9669244389005702,0.9228200371057514
432,Bintang Rasyid,2475.0,3.375177138979402,0.9669196880482157,0.9224489795918367
320,Arjun Erigaisi,3183.0,3.3712531906222774,0.9667939463982066,0.922077922077922
413,Bartosz Przybylski,2707.0,3.3659575412547555,0.9666235170877848,0.9217068645640074
799,Fabio Colonetti,2370.0,3.362277563328319,0.9665045877375732,0.9213358070500928
469,Camilo Corredor Castellanos,2575.0,3.3589915652874707,0.9663980453533417,0.9209647495361781
412,Barnabas Kovacsy,2570.0,3.355812968553896,0.9662946740561413,0.9205936920222635
1986,Rebeca Garcia Hernandez,2173.0,3.346536198027505,0.965991225895537,0.9202226345083488
2272,Szymon Gumularz,3068.0,3.344882030909104,0.9659368409949647,0.9198515769944341
312,Aravindh Chithambaram,3035.0,3.333598344989645,0.9655636171960058,0.9194805194805195
2628,x-3704738925,2743.0,3.3231976421345424,0.965216108866609,0.9191094619666048
2284,Tangi Migot,2523.0,3.322462302387108,0.9651914121430445,0.9187384044526902
242,Andrei Olhovik,2633.0,3.31332232545513,0.9648830277405196,0.9183673469387755
389,Axel Bachmann,2939.0,3.312024282576229,0.9648390186028761,0.9179962894248609
527,Cristobal Henriquez,3003.0,3.3096446766746928,0.9647582018620137,0.9176252319109462
1815,Olexandr Shevchuk,2475.0,3.3081938871439904,0.9647088420150786,0.9172541743970315
108,Alex Arias Igual,2320.0,3.304199836731068,0.964572609127531,0.9168831168831169
1885,Pavel Salman,2576.0,3.3024842653666875,0.9645139373764627,0.9165120593692022
1337,Kuzmicz Krystian,2735.0,3.3023817703632803,0.9645104291332511,0.9161410018552876
1282,Kemal Bashirov,2657.0,3.300810585047466,0.9644566080944502,0.9157699443413729
1563,Matthew O'Brien,2712.0,3.2819885734077188,0.9638057175467573,0.9153988868274583
2038,Rohan Rajaram,2646.0,3.264856071860316,0.9632032907307676,0.9150278293135437
786,Evgeny Degtiarev,2392.0,3.264451500450014,0.9631889489355692,0.9146567717996289
1425,Luis Guillermo Antúnez Soler,2601.0,3.259715051137653,0.9630206444765698,0.9142857142857143
1220,Jude Shearsby,2632.0,3.258573640454478,0.9629799752039455,0.9139146567717996
1787,Nodirbek Abdusattorov,3140.0,3.2575213826392373,0.9629424444136035,0.913543599257885
2657,Денис Денисенко,2447.0,3.2546322074185694,0.9628392082291987,0.9131725417439703
1465,Manolache Marius,2794.0,3.2527579478434463,0.9627720892655013,0.9128014842300557
211,Amelia Hernandez,2230.0,3.2488417149409488,0.9626314690020151,0.912430426716141
1030,Isak Storme,2539.0,3.2412367476685864,0.962356937617262,0.9120593692022263
1383,Licael Ticona,2781.0,3.2398322280578613,0.9623060243482638,0.9116883116883117
2307,Thomas Decker,2388.0,3.236992453708269,0.9622028814748658,0.911317254174397
2637,Ömer Faruk Özer,2722.0,3.232807298507585,0.9620503788962117,0.9109461966604824
2604,londonkid,2506.0,3.230075717722861,0.9619505244243075,0.9105751391465677
1466,Manuel Petrosyan,3005.0,3.227403171598639,0.9618525838004917,0.9102040816326531
2101,Sam Schmakel,2903.0,3.227080369492943,0.9618407377180331,0.9098330241187385
462,Burak Ozalp,2503.0,3.22574358012701,0.9617916430572271,0.9094619666048237
1807,Oleksandr Kuzhilniy,2636.0,3.2218951652602614,0.9616499680615057,0.9090909090909091
846,Fruzsina Szente-Varga,2414.0,3.21270909258348,0.9613097516869896,0.9087198515769944
1362,Leon Livaic,2998.0,3.210837853665871,0.9612400940025985,0.9083487940630798
102,Aleksei Sarana,3204.0,3.2047474040063912,0.9610125400815809,0.9079777365491651
1321,Konstantin Garagulya,2530.0,3.2024322716005633,0.9609257053616121,0.9076066790352505
2620,sofiko tereladze,2391.0,3.2023738606770538,0.9609235121187558,0.9072356215213359
131,Alexander Katz,2723.0,3.200226841124395,0.960842812743709,0.9068645640074211
9,Aarav Sinha,2602.0,3.2000069425631326,0.9608345384633316,0.9064935064935065
2687,Спартак Высочин,2724.0,3.197689456485013,0.9607472347213545,0.9061224489795918
1708,Nahun Gavarrete,2216.0,3.193975694432141,0.9606069414846377,0.9057513914656772
996,Igor Miladinovic,2877.0,3.186142680714304,0.9603094587107646,0.9053803339517625
2014,Robert Baskin,2695.0,3.1852307041507038,0.9602746839438825,0.9050092764378479
2598,goofypenguin96,2585.0,3.1766185526515676,0.9599448489336628,0.9046382189239333
2157,Sergey Drygalov,3142.0,3.1736272616210384,0.95982967321593,0.9042671614100185
770,Ettore Stromboli,2512.0,3.1703762799496085,0.9597041386323345,0.9038961038961039
1831,Omar Garcia Blanco,2673.0,3.1667383583198623,0.959563217028052,0.9035250463821892
544,Daniel Cremisi,2635.0,3.163892532469432,0.9594526497613812,0.9031539888682746
2344,Tor Fredrik Kaasen,2870.0,3.16308388760448,0.9594211791471386,0.9027829313543599
79,Alejandro Pacheco,2577.0,3.1610643808963212,0.9593424823597008,0.9024118738404453
107,Alessio Boraso,2512.0,3.159448926834844,0.9592794256304459,0.9020408163265307
1254,Kaivalya Sandip Nagare,2827.0,3.1558455232289573,0.9591384348214271,0.9016697588126159
1075,Jaka Brilej,2573.0,3.153869574326497,0.9590609233384013,0.9012987012987013
1266,Karsten Schuster,2465.0,3.152314619859223,0.958999827455302,0.9009276437847866
2126,Sasvatha A,2381.0,3.1480116668315867,0.9588303044079123,0.900556586270872
1799,Oleg Kozlov,2747.0,3.135475976334832,0.9583326050101106,0.9001855287569573
1458,Maksym Dubnevych,3003.0,3.1294911596308497,0.9580929673389532,0.8998144712430427
1186,Jose Javier Gonzalez Castillo,2640.0,3.1207699111124123,0.9577413996088793,0.8994434137291281
556,Daniel Ser,2515.0,3.118168873816715,0.9576360028916185,0.8990723562152133
2543,Yurii Khodko,2695.0,3.1180224807199624,0.9576300634298877,0.8987012987012987
553,Daniel Naroditsky,3073.0,3.111871701487897,0.9573797935878328,0.898330241187384
322,Arman Geivondian,2737.0,3.1109236088352814,0.957341091096525,0.8979591836734694
2239,Stanley Badacsonyi,2770.0,3.107282308756983,0.957192135689125,0.8975881261595547
2414,Victor Mikhalevski,2763.0,3.1020449021034535,0.9569770165014269,0.8972170686456401
172,Alexey Reshetnikov,2911.0,3.097212362606304,0.9567776111838157,0.8968460111317255
1446,Mahammad Muradli,3203.0,3.0963450409258853,0.9567417295644212,0.8964749536178107
2385,Valentyn Prokofiev,2683.0,3.0959087602434527,0.9567236696206254,0.8961038961038961
2203,Siem van Dael,2169.0,3.0927800446444715,0.9565939446110063,0.8957328385899814
2137,Sebastian Mihajlov,2844.0,3.0923759362058876,0.9565771621362816,0.8953617810760668
2202,Siar Yaran,2753.0,3.0922999583601536,0.9565740061126086,0.8949907235621521
1209,Juan Cruz Arias,2858.0,3.073242947558108,0.9557754504982454,0.8946196660482375
54,Aksel Bu Kvaloy,2924.0,3.0697631644807553,0.955628130956443,0.8942486085343229
429,Bibisara Assaubayeva,2854.0,3.0667829817278376,0.955501590518529,0.8938775510204081
608,De Silva L.M.S.T,2709.0,3.066330256673221,0.9554823374483895,0.8935064935064935
2016,Robert Gabriel,1917.0,3.0659967099741303,0.9554681476036181,0.8931354359925788
2105,Sameer Mujumdar,2549.0,3.06552631476196,0.9554481285788565,0.8927643784786642
332,Arsene Kukhmazov,3054.0,3.0647139206214726,0.9554135345977246,0.8923933209647495
1916,Piotr Brzezina,2733.0,3.0646666605628967,0.9554115213461977,0.8920222634508349
2367,Unknown_IM,2896.0,3.061722856990687,0.9552859460339431,0.8916512059369203
2305,Thomas Carroll,2545.0,3.0565888454377594,0.9550661349197579,0.8912801484230055
562,Daniil Dubov,3102.0,3.0551843014999003,0.9550058206389428,0.8909090909090909
2072,Ruslan Gnechko,2498.0,3.0544978264538907,0.9549763137946639,0.8905380333951762
1670,Mladen Gajic,2524.0,3.0491124874904942,0.9547441945998829,0.8901669758812616
2609,moshe katzir,2281.0,3.0433879123574163,0.954496203878351,0.889795918367347
1897,Pedro Filipe Rego,2497.0,3.0418272174774996,0.9544283698014924,0.8894248608534323
123,Alexander Alexikov,2279.0,3.037853120201217,0.9542552045112119,0.8890538033395177
1925,Polina Shuvalova,2908.0,3.032465896638306,0.9540194639733202,0.8886827458256029
750,Eray Kilic,3023.0,3.0311544484792856,0.9539619012945152,0.8883116883116883
5,Aakash G,2675.0,3.0290561470561377,0.9538696590186213,0.8879406307977736
27,Adani Clarke,2267.0,3.0284484972347565,0.9538429136336741,0.887569573283859
1723,Nayem haque,2576.0,3.027643949488014,0.9538074791874455,0.8871985157699444
1719,Nataliya Buksa,2654.0,3.0254499610157266,0.9537107184490813,0.8868274582560297
1359,Lennis Martinez Ramirez,2805.0,3.023257969309486,0.953613853206555,0.8864564007421151
691,Duc Minh Lai,2731.0,3.019882064585519,0.9534642929548441,0.8860853432282003
2036,Rodrigo Vasquez,2863.0,3.0189445323430606,0.9534226768331441,0.8857142857142857
2118,Santiago Guevara,2270.0,3.0183642215861672,0.9533968996830166,0.885343228200371
994,Igor Lutz,2155.0,3.0182906857598715,0.953393632285298,0.8849721706864564
1527,Marlon Javier La Villa Rivas,2502.0,3.0073522854737673,0.9529051754810185,0.8846011131725418
2411,Viacheslav Rozhkov,2487.0,2.9957660910863533,0.9523824860324268,0.8842300556586271
1822,Olga Kuznetsova,2614.0,2.9945604547097213,0.952327780488405,0.8838589981447125
2606,mapleaff,2399.0,2.975561222699816,0.9514577727821054,0.8834879406307977
642,Dimitar Mardov,3022.0,2.9734165086508275,0.9513586213125141,0.8831168831168831
274,Angie Garcia,2165.0,2.962786262374107,0.9508643355124516,0.8827458256029684
641,Dila Baloglu,2559.0,2.960914047862656,0.9507767892476628,0.8823747680890538
1726,Necmettin KORKMAZ,2486.0,2.9598232820137165,0.9507257159864265,0.8820037105751392
791,Evsuld Myagmarsuren,2580.0,2.95592226075333,0.9505426458028071,0.8816326530612245
2212,Siva Mahadevan,2792.0,2.955621520054904,0.9505285056684669,0.8812615955473099
1606,Michael Concio Jr.,2918.0,2.949658084793607,0.9502473260864436,0.8808905380333952
1707,Nafisa Muminova,2306.0,2.947341995673109,0.9501377132845795,0.8805194805194805
1229,Julio Cesar Diaz Rosas,2627.0,2.9455446755695283,0.9500524944544803,0.8801484230055658
2006,Richard Vedder,2522.0,2.9393054079259295,0.9497555912925484,0.8797773654916512
1149,Joao Batista Dias,1981.0,2.938892781963033,0.9497358971649458,0.8794063079777366
1135,Jerzy Jesús Perez Leiva,2601.0,2.9383770564305243,0.9497112719429706,0.8790352504638219
1272,Kateryna Lagno,2830.0,2.9370352322379185,0.9496471480407316,0.8786641929499073
415,Bayastan Sydykov,2700.0,2.936641610799204,0.9496283227386525,0.8782931354359926
2503,William Hernandez Gonzalez,2610.0,2.9358515758529995,0.9495905184866849,0.8779220779220779
1515,Mark Biernacki,2303.0,2.932007201741757,0.9494061761917827,0.8775510204081632
1176,Jose A. Hernandez Izquierdo,2637.0,2.9314245656979105,0.9493781824712235,0.8771799628942486
1395,Logman Guliev,2567.0,2.9274926454763266,0.9491888831049817,0.876808905380334
2337,Tom O'Gorman,2640.0,2.9267372953899153,0.9491524407003471,0.8764378478664193
1906,Peter Svidler,2863.0,2.9253096408582584,0.9490834949172657,0.8760667903525047
730,Eltaj Safarli,3007.0,2.92015210181314,0.9488336838751807,0.87569573283859
804,Faustino Oro,3172.0,2.91581734374967,0.9486228287287697,0.8753246753246753
1294,Kevin Joel Cori Quispe,2676.0,2.914870473192699,0.9485766609624611,0.8749536178107606
844,Frederik Svane,3055.0,2.9107289438630426,0.9483742656699254,0.874582560296846
313,Aref Vasli,2633.0,2.902939389048213,0.947991550281758,0.8742115027829314
674,Dmitry Tatarinov,2673.0,2.8994984555984127,0.9478216382221947,0.8738404452690167
1067,Jacob Flynn,2583.0,2.899189805600723,0.9478063715856716,0.8734693877551021
1713,Narek Ghimoyan,2793.0,2.898574250004292,0.947775911991459,0.8730983302411874
810,Felix Meissner,2469.0,2.8971126802569414,0.9477035217010858,0.8727272727272727
2460,Vladimir Sakun,2903.0,2.88390571661325,0.9470450803601471,0.872356215213358
150,Alexandra Obolentseva,2747.0,2.8817399226013594,0.9469363590604994,0.8719851576994434
974,Hugo Guillemette,2364.0,2.8780460805340056,0.9467504445699819,0.8716141001855288
2013,Robert Aloma,2539.0,2.87602808712471,0.9466486176024952,0.8712430426716141
103,Aleksey Sorokin,2923.0,2.873695987291317,0.9465307121111449,0.8708719851576995
1205,Juan Alberto Gomez Aguirre,2657.0,2.871561209744872,0.9464225672823738,0.8705009276437848
907,Gloomy_Wanderer,2751.0,2.8674711158483603,0.9462147922463536,0.8701298701298701
38,Adrian Martinez Fernandez,2586.0,2.8632811455561313,0.9460011556651722,0.8697588126159554
1262,Karl-Emil Elmer Nielsen-Refs,2164.0,2.8609872982853055,0.9458838591860804,0.8693877551020408
286,Antoine Bournel,2641.0,2.8571753946621152,0.9456884050786342,0.8690166975881262
2579,anon102030,2778.0,2.8558580023646574,0.9456207016368405,0.8686456400742115
2040,Rohith Krishna,3005.0,2.84793593856016,0.9452118907036589,0.8682745825602969
2044,Roman Gavrilin,2651.0,2.8469860523181065,0.9451626787329388,0.8679035250463822
916,Grigoriy Oparin,3055.0,2.8430853638453835,0.9449601538947326,0.8675324675324675
968,Hikaru Nakamura,3319.0,2.8397749552019187,0.9447877241821236,0.8671614100185528
903,Gizem Olcayoz,1965.0,2.833652704512044,0.9444674928068127,0.8667903525046382
1573,Matías Pérez Gormaz,2801.0,2.8321113389932906,0.9443865948634279,0.8664192949907236
2646,Артём Синявский,2588.0,2.8303418596915977,0.9442935877193624,0.8660482374768089
778,Evgeni Krasilnikov,2481.0,2.828840111198587,0.9442145382028111,0.8656771799628943
2583,anon6121824,2898.0,2.826487756323928,0.9440905020154907,0.8653061224489796
2693,Ян Дьомін,2855.0,2.8163213159492955,0.9435514513551716,0.8649350649350649
1034,Ismayil Shahaliyev,2673.0,2.8140192681859704,0.9434287141641006,0.8645640074211502
2273,Sébastien Bouchet,2580.0,2.813856465068848,0.9434200245756367,0.8641929499072356
1361,Leo Valle Luis,2902.0,2.8129702732022848,0.9433727022295071,0.863821892393321
1121,Jean Marco Cruz Mendez,2790.0,2.8063991911545605,0.943020646349234,0.8634508348794063
1450,Mai Narva,2740.0,2.802535396017295,0.9428126784491122,0.8630797773654917
18,Abdulla Gadimbayli,2831.0,2.8022536238548232,0.9427974842629309,0.862708719851577
1774,Nino Batsiashvili,2549.0,2.798799558770522,0.9426109200375797,0.8623376623376623
1696,Mustafa Yilmaz,2970.0,2.7981368042273953,0.9425750574317936,0.8619666048237477
423,Benik Agasarov,2806.0,2.794173308270204,0.9423601473215529,0.861595547309833
1414,Lucas Pereira Mendes Da Silva,2494.0,2.7940112067757106,0.9423513417422114,0.8612244897959184
2559,Zaur Tekeyev,2903.0,2.7902597233121673,0.9421472027895854,0.8608534322820037
1401,Lubov Markelova,2111.0,2.7895515713452745,0.942108592276322,0.8604823747680891
1929,Pranav Anand,3142.0,2.788925506507973,0.9420744372520989,0.8601113172541744
604,Davis Zong,2544.0,2.78357585744278,0.9417818145376674,0.8597402597402597
494,Chris L Chambers,2181.0,2.7809450756681926,0.9416374041002616,0.859369202226345
1706,Nadya Toncheva,2662.0,2.7750346872062437,0.9413117412954262,0.8589981447124304
2159,Sergey Nefedov,2787.0,2.7720202885128478,0.941144992315629,0.8586270871985158
997,Igor Vershinin,2609.0,2.771838710802334,0.9411349337215921,0.8582560296846011
909,Goltsev Dmitry,2859.0,2.770934418090871,0.9410848159429557,0.8578849721706865
1241,József Mátyás Herpai,2632.0,2.764398719675042,0.940721403118025,0.8575139146567718
975,Hugo Wernberg,2566.0,2.760922145470878,0.9405272358846964,0.8571428571428571
626,Derek Wu,2777.0,2.760640913586233,0.9405115030180092,0.8567717996289425
524,Cristian Sanhueza,2567.0,2.760222459401005,0.9404880863510106,0.8564007421150278
1690,Muhittin Büker,2214.0,2.759596955063481,0.9404530670718787,0.8560296846011132
1844,Owen McCoy,2905.0,2.7518146412951534,0.9400157521773659,0.8556586270871985
1189,Josefine Heinemann,2493.0,2.7498429409278673,0.93990447910653,0.8552875695732839
104,Alen Yeremyan,2868.0,2.7495312031115944,0.9398868684774704,0.8549165120593692
1877,Paulius Pultinevičius,2799.0,2.748623576386347,0.9398355675037828,0.8545454545454545
1876,Paulina Cagara,2210.0,2.747199262454373,0.9397549796657046,0.8541743970315399
2602,khoipham,2620.0,2.7466420024863094,0.9397234223491887,0.8538033395176252
2672,Нечитайло Нікіта,2271.0,2.745457553343285,0.9396562962735965,0.8534322820037106
843,Frederico Matsuura,2295.0,2.740985176139109,0.939402202812955,0.8530612244897959
2181,Shakhriyar Mamedyarov,3094.0,2.7293604794463997,0.9387370688086744,0.8526901669758813
1277,Kazybek Nogerbek,3083.0,2.7252051509550332,0.9384976606430643,0.8523191094619667
143,Alexander Zubov,3018.0,2.724759385931244,0.9384719261445091,0.8519480519480519
2417,Vignesh N.R,2899.0,2.7244593575660456,0.9384545995163829,0.8515769944341373
1928,Praggnanandhaa Rameshbabu,3189.0,2.7234061825602494,0.9383937425971713,0.8512059369202226
1371,Leonid Sokolin,2635.0,2.719727669975194,0.938180741122813,0.850834879406308
515,Conrad Holt,2954.0,2.7092275301200583,0.9375689486000308,0.8504638218923933
2142,Semen Khanin,2919.0,2.709115519198787,0.9375623918969131,0.8500927643784787
1413,Lucas Liascovich,2929.0,2.707941587325114,0.937493635609078,0.849721706864564
1786,Nodar Lortkipanidze,2956.0,2.7036698339107117,0.9372428454573516,0.8493506493506493
1463,Mamikon Gharibyan,2947.0,2.6954885002547853,0.9367599052013271,0.8489795918367347
992,Igor Kovalenko,2958.0,2.694085580634562,0.9366767441990876,0.84860853432282
1452,Maksim Chigaev,3077.0,2.687865475775813,0.9363068048732022,0.8482374768089054
1754,Nikita Shandrygin,2774.0,2.6806838960631225,0.9358771771768244,0.8478664192949907
1622,Michel Alejandro Diaz Perez,2742.0,2.677308367185672,0.9356743097321677,0.8474953617810761
879,Georgios Alexandros Kouskoutis,2540.0,2.6757198373558184,0.9355786332684265,0.8471243042671615
663,Dmitry Kirillov,2511.0,2.6756939212405166,0.9355770712540195,0.8467532467532467
762,Ernesto Javier Fernandez Guillen,2881.0,2.675272498212391,0.935551666323085,0.8463821892393321
1251,Kadir Soria Delgado,2317.0,2.673403319976506,0.935438872901235,0.8460111317254174
1750,Nikita Khoroshev,2785.0,2.671360923917642,0.9353154167492183,0.8456400742115028
747,Enrique Tejedor Fuente,2688.0,2.6665300708537085,0.9350225324317147,0.8452690166975881
1549,Mateus Costamilan Tomiello,2606.0,2.663968604949628,0.9348667360376434,0.8448979591836735
1671,Mobina Alinasab,2753.0,2.6616905775771125,0.9347278873620702,0.8445269016697589
2441,Vitorio Chemin,2091.0,2.6597660535060967,0.9346103706627832,0.8441558441558441
233,Andre Kunz,2222.0,2.6575897959619725,0.9344772453779652,0.8437847866419295
1059,Iwo Godzwon,2720.0,2.6566864222280753,0.9344219105200129,0.8434137291280148
430,BikingBrian,2306.0,2.653243334528444,0.9342106105127679,0.8430426716141002
1647,Mikhail Demidov,3036.0,2.6496915813053485,0.9339919787443373,0.8426716141001855
144,Alexandr A Smirnov,2634.0,2.649615846159615,0.933987309446246,0.8423005565862709
341,Artem Galaktionov,2913.0,2.6491402474385017,0.9339579803467628,0.8419294990723563
1769,Nikolozi Kacharava,2828.0,2.646574101441492,0.9337995228810546,0.8415584415584415
1863,Patrick Perry,2254.0,2.643532318731422,0.9336112377351544,0.8411873840445269
1076,Jake Darmanin,2468.0,2.639881238601462,0.9333845804818374,0.8408163265306122
1569,Matvey Galchenko,2968.0,2.637255672505667,0.9332211426653563,0.8404452690166976
1468,Marat Denishev,2855.0,2.6372127928914137,0.9332184703821014,0.8400742115027829
2413,Victor Labussiere,2551.0,2.6353101272256128,0.9330997951303405,0.8397031539888683
68,Alberto Guzman Moneo,2347.0,2.6328214935711367,0.9329442757081735,0.8393320964749537
984,Ian Ocampos,2600.0,2.629295063052724,0.9327233277423209,0.8389610389610389
171,Alexey Kovalchuk,2674.0,2.627689786850304,0.9326225258238182,0.8385899814471243
2492,Wanderlei Lukachewski Junior,2483.0,2.6232609346545726,0.9323436929221041,0.8382189239332096
1134,Jens Hirneise,2558.0,2.6198005199437286,0.9321250868247464,0.837847866419295
2636,Álvaro Valdés,2536.0,2.617366039614522,0.9319709002158313,0.8374768089053803
270,Andrzej Krzywda,2545.0,2.616476513181154,0.9319144815495537,0.8371057513914657
293,Antoni Kozak,3022.0,2.615331234903885,0.931841777823732,0.8367346938775511
2685,Сергей Ярый,2627.0,2.6140141351357666,0.9317580776942945,0.8363636363636363
1125,Jeevan Karamsetty,2785.0,2.6114825975635894,0.9315969339271125,0.8359925788497217
881,Georgios Souleidis,2753.0,2.608621148945886,0.931414365381321,0.835621521335807
1072,Jaime Santos Latasa,2985.0,2.604591556245035,0.931156500439807,0.8352504638218924
634,Diana Preobrazhenskaya,2495.0,2.604324135883366,0.9311393557289704,0.8348794063079777
888,Gerodot71,2737.0,2.59860629053658,0.9307718290056757,0.8345083487940631
1582,Maxim Novik,2635.0,2.5943016678159356,0.9304939430653741,0.8341372912801485
62,Alan Pichot,3007.0,2.587211076486197,0.9300339571595886,0.8337662337662337
237,Andreas Skotheim,2640.0,2.5862790333018415,0.9299732840539569,0.8333951762523191
1901,Peter Keller,2466.0,2.5861433746411846,0.9299644490430614,0.8330241187384044
400,Bach Ngoc Thuy Duong,2380.0,2.5858368275559673,0.9299444808241432,0.8326530612244898
630,Devindya Oshini Gunawardhana,2532.0,2.58368987501858,0.9298044825366277,0.8322820037105751
752,Eric Hansen,2959.0,2.582188343893418,0.9297064171732905,0.8319109461966605
1517,Mark Josse,2296.0,2.577665134102256,0.9294102394185716,0.8315398886827459
1618,Michalina Rudzińska,2586.0,2.573779598083786,0.9291548959377577,0.8311688311688312
1828,Oliver Wartiovaara,2643.0,2.5722903566092237,0.9290568023413385,0.8307977736549165
2487,Vugar Rasulov,3148.0,2.5719581199234796,0.9290349014131375,0.8304267161410018
1586,Maxime Vachier-Lagrave,3249.0,2.5698909384261075,0.9288984931629247,0.8300556586270872
2607,mattcolins2025,2607.0,2.5696355733597196,0.9288816254533105,0.8296846011131725
1655,Mikkel Jacobsen,2550.0,2.5674374121183012,0.9287362767406363,0.8293135435992579
614,Denes Boros,2985.0,2.556812718048838,0.9280298680034276,0.8289424860853433
1908,Petro Golubka,2750.0,2.5508021380900727,0.927627384510139,0.8285714285714286
841,Frankie Badacsonyi,2504.0,2.548806602066188,0.927493300182529,0.8282003710575139
2121,Saravana Krishnan P,2515.0,2.548558724970924,0.9274766288106803,0.8278293135435992
1289,Kevin Bordi,2953.0,2.548352619921726,0.92746276419443,0.8274582560296846
2378,Vaibhav Raut,2645.0,2.545292535712858,0.9272566257553608,0.82708719851577
2368,Uurtsaikh Agibileg,2723.0,2.544300947792113,0.9271897130463725,0.8267161410018553
1994,Rene Humberto Perera Alfonso,2372.0,2.534650899500712,0.9265355568096423,0.8263450834879407
1232,Jung Min Seo,2828.0,2.5294277061594874,0.9261792344886765,0.825974025974026
116,Alex Krstulovic,2646.0,2.525449053261747,0.9259067473015244,0.8256029684601113
655,Dmitrij Kollars,3049.0,2.522779675073836,0.9257234104402786,0.8252319109461966
2092,Sahebali Atanejhad,2491.0,2.5211936063519937,0.9256142793592684,0.824860853432282
57,Al-Saffar Araz Basim,2564.0,2.520429147964017,0.9255616273709014,0.8244897959183674
1962,Ralph Federick Tan,2472.0,2.519582315668255,0.9255032618808334,0.8241187384044527
1895,Paweł Sowiński,2949.0,2.5153088423090786,0.9252080825256188,0.8237476808905381
34,Aditya Varun Gampa,2687.0,2.5143736375664414,0.9251433424072735,0.8233766233766234
197,Almas Rakhmatullaev,3047.0,2.5141398301007145,0.9251271488969004,0.8230055658627087
1269,Kashish Jain,2815.0,2.5117539604801644,0.9249617193707783,0.822634508348794
2440,Vitor Ferreira,2603.0,2.5101328644810756,0.9248491255484804,0.8222634508348794
195,Allahverdi Hamidov,2817.0,2.5093869186273254,0.9247972634758758,0.8218923933209648
1267,Karthik Rajaa,2713.0,2.508287329666074,0.9247207543191666,0.8215213358070501
19,Abhimanyu Puranik,2989.0,2.5072859185624736,0.9246510141521106,0.8211502782931355
2588,boris abrashkin,2682.0,2.5057098991742057,0.9245411369783416,0.8207792207792208
80,Alejandro Uzcategui Rodriguez,2527.0,2.5050841862741615,0.9244974726310025,0.8204081632653061
1042,Ivan Aldokhin,2607.0,2.496284879479714,0.9238809654845667,0.8200371057513914
2210,Sina Movahed,3201.0,2.493913101983341,0.9237140026269737,0.8196660482374768
309,Aram Hakobyan,3048.0,2.49219970334524,0.9235931778296746,0.8192949907235622
1909,Phileas Mathieu,2701.0,2.4917899051813173,0.923564253836488,0.8189239332096475
185,Alicja Sliwicka,2642.0,2.485692423147132,0.9231326990897767,0.8185528756957329
1993,Renato Terry,3145.0,2.4839046263671545,0.9230057433154173,0.8181818181818182
1440,Maciej Sroczyński,2579.0,2.4820145849439594,0.9228713179320507,0.8178107606679035
2319,Tigran Nazaretyan,2637.0,2.475478730080475,0.9224048090848366,0.8174397031539888
261,Andrey Klymchuk,2904.0,2.4744604392636305,0.9223318944008466,0.8170686456400742
1525,Marko Srebrnic,2486.0,2.4697816470884346,0.9219960625239524,0.8166975881261596
1954,Rafael Vahanyan,2660.0,2.4671940216607178,0.9218097589208886,0.8163265306122449
1992,Renato Quintiliano,2823.0,2.4653534666753556,0.9216769950736784,0.8159554730983303
49,Airat Sadubayev,2715.0,2.4634113969385645,0.9215366850901058,0.8155844155844156
1887,Pavel Smirnov,2743.0,2.462979319189296,0.9215054372298204,0.8152133580705009
713,Egor Bykov,2704.0,2.4628824054789424,0.9214984268679189,0.8148423005565862
1250,Kacper Ugorek,2802.0,2.462529905898122,0.9214729235849366,0.8144712430426716
1677,Mohammad Fahad Rahman,2784.0,2.4621086352147783,0.9214424347832287,0.814100185528757
2145,Semetey Tologontegin,2670.0,2.459841081738336,0.9212781380969792,0.8137291280148423
1693,Mukhiddin Madaminov,3030.0,2.4588712272549085,0.9212077709170782,0.8133580705009277
777,Evelina Zavivaeva,1583.0,2.457367851693766,0.9210985807624283,0.812987012987013
2551,Zachary Tanenbaum,2806.0,2.451300067514148,0.9206564702730562,0.8126159554730983
2215,Slaven Pastar,2802.0,2.45017644189834,0.9205743527134097,0.8122448979591836
1327,Koosha Jaferian,2773.0,2.4498887288061333,0.9205533133880092,0.811873840445269
2165,Sergey Slugin,2649.0,2.448960081582112,0.9204853703263174,0.8115027829313544
2427,Viktor Skliarov,2690.0,2.448753288457227,0.9204702333967353,0.8111317254174397
1762,Nikolas Koutlas,2572.0,2.44776104524189,0.9203975661361907,0.8107606679035251
2053,Roman Pyrih,2961.0,2.439293011084634,0.9197749352993025,0.8103896103896104
925,Guillermo José Llanos,2406.0,2.4374310537724906,0.9196374358940934,0.8100185528756957
1047,Ivan Krylov,2649.0,2.4372063921884006,0.9196208308440919,0.809647495361781
435,Blaz Bratovic,2482.0,2.4369847278930425,0.9196044442591501,0.8092764378478664
1344,Lars Andreassen,2367.0,2.4368385806812043,0.9195936386247303,0.8089053803339518
1818,Olga Babiy,2455.0,2.4325395750525747,0.9192751911460988,0.8085343228200371
127,Alexander Grischuk,3134.0,2.42907912556438,0.9190180241616193,0.8081632653061225
1581,Maxim Matlakov,3035.0,2.427659359586541,0.9189122967666887,0.8077922077922078
2289,Tarun Kanyamarala,2557.0,2.427279454770898,0.9188839846083684,0.8074211502782931
266,Andrii Palchuk,2671.0,2.4263977371927012,0.9188182404465409,0.8070500927643784
1732,Nguyen Ngoc Truong Son,2979.0,2.4257130941222016,0.9187671573969536,0.8066790352504638
2075,Ruslan Momunaliev,2676.0,2.42478716990452,0.9186980251051586,0.8063079777365492
831,Francesco Sonis,3007.0,2.4213351659784745,0.9184398152064184,0.8059369202226345
911,Graham Horobetz,2700.0,2.4189037200688315,0.9182574947563767,0.8055658627087199
934,Gyula Pap,3000.0,2.4157897521522242,0.9180234536086462,0.8051948051948052
1888,Pavel Tregubov,2596.0,2.414685367168121,0.9179403032004378,0.8048237476808905
1306,Kirill Kotlyar,2653.0,2.408920113874708,0.917504982577239,0.8044526901669758
1557,Mathis Sabatier,2452.0,2.4086819982470953,0.9174869579112988,0.8040816326530612
2447,Vlada Sviridova,2166.0,2.4081384176786704,0.9174457970001162,0.8037105751391466
1356,Lenaerts Lennert,2617.0,2.4080402575678894,0.9174383621461927,0.8033395176252319
3,Aaditya Dhingra,2694.0,2.407736043484352,0.9174153164589829,0.8029684601113173
2669,Микола Боднар,2635.0,2.4040782961041476,0.9171377657724894,0.8025974025974026
2124,Sarp Sahin,2453.0,2.403111773156148,0.9170642841929063,0.8022263450834879
2422,Viktor Ianov,2552.0,2.399926318514158,0.9168216847518814,0.8018552875695732
2469,Vladislav Kovalev,2844.0,2.398876711579237,0.9167416070330584,0.8014842300556586
94,Aleksandr Usov,2966.0,2.3981248902122205,0.9166842052077221,0.801113172541744
1112,Jason Morefield,2871.0,2.3964154205303485,0.9165535526701672,0.8007421150278293
2261,Suresh Harsh,2811.0,2.3962565365038166,0.9165413999169899,0.8003710575139147
1635,Mika Karttunen,2754.0,2.3929225069459132,0.9162860146874171,0.8
82,Aleksa Micic,2380.0,2.3920874671441448,0.9162219398931533,0.7996289424860853
1659,MillyNeuf,2636.0,2.38879910914494,0.9159691821272249,0.7992578849721707
917,Grigoriy Sharankov,2508.0,2.3882465088775664,0.9159266389057448,0.798886827458256
1685,Moritz Weishäutel,2770.0,2.38626063392059,0.9157735901783953,0.7985157699443414
2249,Steve Harrington,2127.0,2.386015426152193,0.9157546748055728,0.7981447124304267
2275,Sławomir Kurpiewski,2139.0,2.3847109952817425,0.9156539859154185,0.7977736549165121
2167,Sergio Barrientos Chavarria,2744.0,2.383643345881562,0.9155714928685883,0.7974025974025974
1933,Praveen Balakrishnan,2855.0,2.378118300732866,0.9151434232506446,0.7970315398886827
2112,Samvel Ter-Sahakyan,3031.0,2.377214275041476,0.9150731939351829,0.796660482374768
1099,Jan Klimkowski,2999.0,2.3770376701816334,0.9150594682159569,0.7962894248608534
1931,Pranav V,3169.0,2.3759517255775924,0.914975024425759,0.7959183673469388
1162,Jonas Bjerre,2962.0,2.3703462769574983,0.9145379288706824,0.7955473098330241
276,Anish Giri,3150.0,2.3697590416397425,0.9144920203790556,0.7951762523191095
2462,Vladimir Zakhartsov,2977.0,2.369390797775261,0.9144632206519079,0.7948051948051948
1924,Polina Gutkovich,2246.0,2.3691434669229396,0.9144438723903119,0.7944341372912801
363,Arush Chitre,2934.0,2.359907899377137,0.9137185448471057,0.7940630797773655
1334,Krzysztof Budrewicz,2594.0,2.358894611714488,0.9136386268263854,0.7936920222634508
2070,RupeshReddyY,2492.0,2.352334743673242,0.9131196265897731,0.7933209647495362
310,Aran Köhler,2134.0,2.352288774670992,0.9131159796996257,0.7929499072356215
1820,Olga Girya,2595.0,2.351427229693429,0.9130476045357268,0.7925788497217069
1308,Kirill Kuderinov,2669.0,2.349646627689145,0.9129061355483299,0.7922077922077922
779,Evgenij Kretov,2761.0,2.349024566734834,0.9128566636951077,0.7918367346938775
228,Anatoly Donskov,2510.0,2.3458561973169845,0.9126042919754894,0.7914656771799629
1528,Marlon Jodar,2338.0,2.3395684713880875,0.9121014946561852,0.7910946196660482
1811,Oleksandr Vasynda,2650.0,2.3394030447153344,0.9120882311055575,0.7907235621521336
2464,VladimirKramnik,3062.0,2.3380638396243096,0.9119807899581043,0.7903525046382189
2342,Tommi Luukkonen,2449.0,2.3342389297590787,0.9116732732419229,0.7899814471243043
822,Filip Haring,2804.0,2.3289194178803836,0.911243979832612,0.7896103896103897
149,Alexandra Kosteniuk,2828.0,2.3280959642043637,0.9111773576686475,0.7892393320964749
1859,Parham Maghsoodloo,3272.0,2.3272211645961223,0.9111065318826549,0.7888682745825603
2106,Sammed Shete,2658.0,2.327136137408064,0.9110996451692801,0.7884972170686456
2641,Аrtеm Odеgоv,2906.0,2.326193427384128,0.9110232588107079,0.788126159554731
2550,Zachary Liu,2561.0,2.3259342846090343,0.9110022504907138,0.7877551020408163
2299,Tharushi T.H.D. Niklesha,2132.0,2.320053180453277,0.9105242733630365,0.7873840445269017
1307,Kirill Kozionov,2492.0,2.3174070147630514,0.9103084563986448,0.787012987012987
684,Dominique Myers,2419.0,2.315642000093476,0.910164243896476,0.7866419294990723
1471,Marc LLari,2555.0,2.308031586517761,0.9095400307195469,0.7862708719851577
1299,Kiborg95,2839.0,2.3051667857880904,0.9093040469084788,0.785899814471243
2099,Salem AR Saleh,3186.0,2.3030463734830944,0.9091290242521537,0.7855287569573284
334,Arseniy Nesterov,3101.0,2.3014859658785705,0.9090000312858052,0.7851576994434137
436,Blazej Grot,2708.0,2.3003987019246583,0.9089100539233679,0.7847866419294991
381,Attila Turzo,2534.0,2.300025579062604,0.9088791574098767,0.7844155844155845
2196,Shreyas Royal,2843.0,2.2993215836588687,0.908820837249952,0.7840445269016698
2054,Roman Shogdzhiev,2822.0,2.299295338826882,0.9088186624348882,0.7836734693877551
1489,Marcos Lianes,2916.0,2.29808650979374,0.9087184405185933,0.7833024118738404
2168,Sergio Hernández Leon,2503.0,2.2955770799634276,0.9085100716261593,0.7829313543599258
319,Arjun Adireddy,2601.0,2.2954116547713523,0.9084963206341387,0.7825602968460111
2511,Wouter Terlouw,2552.0,2.292902704009485,0.908287535786993,0.7821892393320965
2631,x-8127726737,2379.0,2.285840765312976,0.9076975685954769,0.7818181818181819
1410,Lucas DI NICOLANTONIO,2603.0,2.2824689878637754,0.9074146833975597,0.7814471243042672
1572,Matías Mingo Fernández,2382.0,2.2792968049026294,0.90714783326399,0.7810760667903525
1802,Oleg Terletsky,2533.0,2.2756770708937886,0.9068424910752287,0.7807050092764378
1997,Reza Mahdavi,3057.0,2.275336468821366,0.9068137133014068,0.7803339517625232
2065,Ruben Gideon Köllner,2830.0,2.267586074991085,0.9061567166513429,0.7799628942486085
1663,Miran Oganian,2766.0,2.2658320046838005,0.9060074499596827,0.7795918367346939
2255,Suleyman Suleymanlı,2823.0,2.265714783220375,0.9059974671449952,0.7792207792207793
414,Batuhan Özen,2504.0,2.2640323585725195,0.9058540837664396,0.7788497217068646
1070,Jacques Muller Luxama,1876.0,2.2631150285849904,0.9057758224746465,0.7784786641929499
563,Daniil Lintchevski,2914.0,2.2603039772221987,0.9055356367246143,0.7781076066790352
983,Ian Nepomniachtchi,3195.0,2.259440271322317,0.9054617287073926,0.7777365491651206
2056,Roman Tomaszewski,2218.0,2.253427375520963,0.9049457637297219,0.7773654916512059
1922,Plamen Stefanov,2201.0,2.2530032075716866,0.9049092709896188,0.7769944341372913
1529,Maroun Tomb,2552.0,2.249751395662914,0.9046290888444565,0.7766233766233767
2114,Sanan Sjugirov,3121.0,2.248928839146478,0.904558098910257,0.776252319109462
1823,Olga Matveeva,2444.0,2.248324836134959,0.9045059409290802,0.7758812615955473
1470,Marc Balague Camps,2545.0,2.2476608817867563,0.9044485765051442,0.7755102040816326
2,Aadit Bhatia,2528.0,2.2388833726215918,0.9036873146918186,0.775139146567718
1747,Nikhil Dixit,2535.0,2.236826675148297,0.9035081581514879,0.7747680890538033
2434,Vinzent Spitzl,2574.0,2.2367065073943975,0.9034976812785537,0.7743970315398887
1026,Irina Petrova,2305.0,2.235237785774099,0.9033695480848286,0.7740259740259741
21,Abtin Atakhan,2923.0,2.2341615149012872,0.9032755563672533,0.7736549165120594
1584,Maxim Ventura,2505.0,2.234099501224275,0.9032701381696194,0.7732838589981447
493,Chris Baker,2166.0,2.228118532237221,0.9027462998878861,0.77291280148423
2520,Yair Parkhov,2687.0,2.226215672529114,0.9025791094453146,0.7725417439703154
244,Andrei Shishkov,2498.0,2.2248523484457445,0.9024591664643714,0.7721706864564007
800,Facundo Vazquez,2792.0,2.2229026812101065,0.9022874091318513,0.7717996289424861
2274,Símon Þórhallsson,2603.0,2.22194789127233,0.9022031978901822,0.7714285714285715
2431,Vincent Keymer,3165.0,2.2212576754794,0.9021422814563549,0.7710575139146568
2456,Vladimir Fedoseev,3109.0,2.212230485080612,0.9013424486421564,0.7706864564007421
1363,Leon Luke Mendonca,3039.0,2.210397152361545,0.9011793009279778,0.7703153988868274
536,Dan Herman,2442.0,2.2098702744400427,0.9011323698070323,0.7699443413729128
397,BOZNENA PIDDUBNA,2487.0,2.2073675339610475,0.9009091696343997,0.7695732838589981
1668,Mitrabha Guha,2921.0,2.2032724627857396,0.9005429944480806,0.7692022263450835
321,Arman Erzhanov,2653.0,2.202897235026831,0.9005093820063013,0.7688311688311689
1953,Rafael Teixeira,2234.0,2.2009003332280885,0.9003303319704623,0.7684601113172542
581,David Anton Guijarro,3066.0,2.1943023457292323,0.8997366915634523,0.7680890538033395
807,Felix Hindermann,2596.0,2.1940651878334503,0.8997152953844619,0.7677179962894248
1227,Julien Dubreuil,2440.0,2.1921611110139985,0.8995433641425142,0.7673469387755102
1445,Magnus Carlsen,3309.0,2.1866074665054915,0.8990403937409599,0.7669758812615955
2329,Timur Yonal,2478.0,2.1814899951480315,0.8985749479644428,0.7666048237476809
2102,Sam Sevian,3093.0,2.180673151098432,0.8985004781813307,0.7662337662337663
2039,Rohit S,2813.0,2.1803065031033437,0.8984670359630222,0.7658627087198516
2674,Никита Майоров,2430.0,2.1797274224053034,0.8984141977024531,0.7654916512059369
775,Evan S. Rosenberg,2492.0,2.176000595671847,0.8980735592675065,0.7651205936920222
2680,Павел Торопов,2595.0,2.1759682254966553,0.8980705961463098,0.7647495361781076
1979,Raunak Sadhwani,3166.0,2.174314053911141,0.8979190738700122,0.764378478664193
1226,Julian Estrada,2557.0,2.168471885262597,0.8973823320499638,0.7640074211502783
447,Boris Savchenko,2749.0,2.1673434025431506,0.8972783665321796,0.7636363636363637
2348,Tuan Minh Le,3224.0,2.1595808639977436,0.8965606844869723,0.763265306122449
1686,Mostafa Sakhaei,2558.0,2.150828397368305,0.895746162113839,0.7628942486085343
1020,Inigo Riveiro,2564.0,2.150351168203655,0.8957015876625901,0.7625231910946196
1555,Mathias Womacka,2608.0,2.1431627431866946,0.8950281304454194,0.762152133580705
1531,Martin Chlpík,2306.0,2.1421385042740315,0.8949318614137863,0.7617810760667904
1959,Rafał Tymrakiewicz,2471.0,2.1366431512184514,0.8944140172550761,0.7614100185528757
2375,Vahap Sanal,2966.0,2.135973922493812,0.8943508002278752,0.7610389610389611
1998,Rian Kapriaga,2414.0,2.1333128555747933,0.8940990988247263,0.7606679035250464
2521,"Yang, Kaiqi",2604.0,2.133089115913555,0.8940779119653923,0.7602968460111317
2052,Roman Ovetchkin,2658.0,2.129063241496434,0.893696045875718,0.759925788497217
2292,TatjanaVasilevich,2719.0,2.124530760779326,0.8932646756838174,0.7595547309833024
1720,Nate Solon,2603.0,2.1210196865718514,0.8929294571856947,0.7591836734693878
1317,Konstantin Bazarov,2744.0,2.1202797685823525,0.8928586956899313,0.7588126159554731
1509,Mario Andres Fernández Sánchez,2156.0,2.1187679074843446,0.89271398204042,0.7584415584415585
335,Arseny Alavkin,2579.0,2.1176547270346937,0.8926073197544807,0.7580705009276438
517,Cptn2,2800.0,2.111885997888555,0.8920530785727893,0.7576994434137291
1259,Karina Ambartsumova,2750.0,2.1073096537624787,0.8916116110388612,0.7573283858998144
2377,Vahe Danielyan,2730.0,2.10638591920753,0.8915223087134313,0.7569573283858998
1886,Pavel Skatchkov,2726.0,2.1063779703709242,0.8915215399768108,0.7565862708719852
873,Georg Seul,2605.0,2.1021665410040837,0.8911135768476819,0.7562152133580705
2019,Robert L. Hess,2876.0,2.1013133075987485,0.8910307598333695,0.7558441558441559
1894,Paweł Kukuła,2602.0,2.1008661107064315,0.8909873316823076,0.7554730983302412
362,Artyom Manukyan,2591.0,2.1002998977118086,0.8909323238570356,0.7551020408163265
2062,Roven Vogel,2945.0,2.0985106908676805,0.8907583415489589,0.7547309833024118
2103,Sam Shankland,2984.0,2.0974537012903225,0.890655445604025,0.7543599257884972
366,Aryan Tari,3041.0,2.096040295154932,0.8905177203282915,0.7539888682745826
995,Igor Lysyj,2947.0,2.095382366157727,0.8904535584589387,0.7536178107606679
565,Daniil Plyasunov,2910.0,2.094837490835469,0.8904003967318089,0.7532467532467533
722,Eldiar Orozbaev,2788.0,2.0944425178073107,0.8903618463456058,0.7528756957328386
2229,Srihari L R,2918.0,2.0930128645121204,0.8902222090754779,0.7525046382189239
920,Grzegorz Nasuta,2758.0,2.0922149304913082,0.8901442053906294,0.7521335807050092
1316,Komal Kishore Pothuri,2236.0,2.0900232728833466,0.8899297053493976,0.7517625231910946
152,Alexandra Samaganova,2376.0,2.0882470347801796,0.8897555937117098,0.75139146567718
850,Gabor Nagy,3001.0,2.085679780961649,0.8895035182142252,0.7510204081632653
2472,Vladyslav Sydoryka,2803.0,2.0833105849544546,0.8892704420481999,0.7506493506493507
952,Harsha Bharathakoti,3065.0,2.081396991267318,0.8890818728956569,0.750278293135436
2373,Vadym Petrovskyi,2811.0,2.0794437525873883,0.888889107249941,0.7499072356215213
1969,Ranindu Dilshan Liyanage,2756.0,2.078051142951594,0.8887514912874975,0.7495361781076066
1127,Jeffery Xiong,3117.0,2.0767626108055115,0.8886240273474629,0.749165120593692
588,David Gorodetzky,3034.0,2.076580420410137,0.8886059944385314,0.7487940630797774
1535,Martin Matthiesen,2514.0,2.072827641535837,0.8882339821030542,0.7484230055658627
240,Andrei Macovei,2752.0,2.06910852225914,0.88786423541399,0.7480519480519481
1749,Nikita Filindash,2375.0,2.066794717607208,0.8876336631117595,0.7476808905380334
1856,Papp Levente,2683.0,2.0660374300852045,0.8875581089705366,0.7473098330241187
619,Denis Kovalev,2775.0,2.062837581129606,0.8872383719237662,0.746938775510204
259,Andrey Gorovets,2877.0,2.0624779594569658,0.8872023880437789,0.7465677179962894
1765,Nikolay Maevskiy,2744.0,2.062093909457719,0.8871639487891928,0.7461966604823748
1513,Marius Fromm,2650.0,2.0596820780093923,0.8869222890903165,0.7458256029684601
427,Bharath Subramaniyam.H Harishankkar,3040.0,2.0595300966522325,0.8869070458100617,0.7454545454545455
1085,Jakub Fus,2821.0,2.0590152132149777,0.8868553911995489,0.7450834879406308
1275,Kavyev_Ruslan,2228.0,2.0539457255401175,0.8863457055900303,0.7447124304267161
2123,Sargis Sargissyan,2473.0,2.053010659962349,0.8862514758584437,0.7443413729128014
323,Arman Ghevondyan,2561.0,2.052091759740529,0.886158808829784,0.7439703153988868
2433,Vinicius Tiné Martins,2522.0,2.0514385151444827,0.8860928919915553,0.7435992578849722
314,Ari Guz,2716.0,2.050528328972428,0.8860009925384883,0.7432282003710575
2365,Umid Aslanov,2775.0,2.0487589250658598,0.8858221549241574,0.7428571428571429
1057,Ivan Zemlyanskii,3183.0,2.047188081814732,0.8856631815352867,0.7424860853432282
1681,Mohsen Gabr,2652.0,2.045706490885526,0.885513064095265,0.7421150278293135
1265,Karsten Schulz,2526.0,2.0427254485131616,0.8852104994887097,0.7417439703153988
972,Hrant Melkumyan,2939.0,2.041240420776635,0.8850595152142157,0.7413729128014842
2248,Stephen Willy,2557.0,2.0383800636681313,0.8847682128162996,0.7410018552875696
1845,PAULO CÉSAR COSTA,2322.0,2.0369856823848442,0.8846259745826297,0.7406307977736549
1281,Kelvin Sánchez,2689.0,2.036687679865236,0.8845955561069619,0.7402597402597403
1353,Leandro Krysa,2823.0,2.0344600499739336,0.8843679508029905,0.7398886827458256
2130,Savitha Shri B,2736.0,2.028277537216229,0.8837342151794867,0.7395176252319109
2334,Todd Andrews,2568.0,2.026188417209875,0.8835193900281645,0.7391465677179963
256,Andrey Drygalov,3041.0,2.0240300745239264,0.8832970848413463,0.7387755102040816
1311,Klementy Sychev,2929.0,2.01774848289216,0.882647996680111,0.738404452690167
489,Chelsie Monica Ignesias Sihite,2521.0,2.0157797317359867,0.8824439187561597,0.7380333951762523
1023,Irene Sukandar,2526.0,2.015104950618335,0.8823739011577015,0.7376623376623377
1390,Linxi Zhu,2635.0,2.0080689762159754,0.8816416690124791,0.737291280148423
411,Bardiya Daneshvar,3087.0,2.0065345620629405,0.8814814596668311,0.7369202226345084
1231,Jun Zhao,2861.0,2.0056626559257404,0.8813903396774084,0.7365491651205937
2005,Richard Stalmach,2534.0,2.0044749342048416,0.8812661173191072,0.736178107606679
1487,Marco Materia,2979.0,2.00401032394325,0.8812174936787889,0.7358070500927644
1634,Mihnea Costachi,3014.0,1.999967018986256,0.8807936151395095,0.7354359925788497
867,Gata Kamsky,2868.0,1.99909708945275,0.8807022455628494,0.7350649350649351
1578,Maxi Perez,2673.0,1.998977854985605,0.8806897175294766,0.7346938775510204
1467,Manvel Arakelyan,2833.0,1.9978696938779512,0.8805732279944599,0.7343228200371058
1455,Maksim Volkov,2926.0,1.997408120850488,0.8805246785927903,0.733951762523191
1538,Martyn Kravtsiv,2945.0,1.9945712578946013,0.8802259155477065,0.7335807050092764
1462,Mamedov Edgar,2922.0,1.9920421822733676,0.8799590230159231,0.7332096474953618
1695,Murad İbrahimli,3023.0,1.991936201698942,0.879947827716136,0.7328385899814471
570,Daouda Ethmane,2166.0,1.9888820252227255,0.8796248110011476,0.7324675324675325
820,Filip Boe Olsen,2679.0,1.9845658912513677,0.8791670478035494,0.7320964749536178
2184,Shane Melaugh,2503.0,1.9838604769326311,0.879092089936983,0.7317254174397032
2448,Vladimir Belous,2913.0,1.9836236011635924,0.8790669103430369,0.7313543599257885
1880,Pavel Eljanov,2965.0,1.9808739331689074,0.8787742930618598,0.7309833024118738
508,Cindy Qiao,2393.0,1.980082702770896,0.8786899779952978,0.7306122448979592
2295,Tejas Rama,2588.0,1.9797417390053704,0.8786536286445187,0.7302411873840445
2466,Vladislav Artemiev,3071.0,1.9730123171756375,0.8779342978426081,0.7298701298701299
1304,Kirill Alekseenko,2948.0,1.9728823773521018,0.8779203720709551,0.7294990723562153
1278,Keaton Kiewra,2604.0,1.972237643896233,0.8778512551555704,0.7291280148423006
987,Ignacio Sainz Aguirre,1939.0,1.9709817903620825,0.8777165280402882,0.7287569573283859
394,Ayrat Vafin,2627.0,1.9697611541639102,0.877585456468313,0.7283858998144712
124,Alexander Donchenko,2919.0,1.9694156353312167,0.877548332805672,0.7280148423005566
2218,Sofia Pogorelskikh,2299.0,1.9668081078256394,0.877267859095565,0.7276437847866419
2463,Vladimir Zemerov,2178.0,1.9659123239620735,0.8771713783771048,0.7272727272727273
651,Dion Su,2686.0,1.9650872424056205,0.8770824549775563,0.7269016697588127
1233,Junior Tay,2453.0,1.9644372501049956,0.8770123628960707,0.726530612244898
690,Dragos Ceres,2779.0,1.962186518720344,0.8767693891580332,0.7261595547309833
2241,Stefan Eilers,2518.0,1.9594660061694364,0.876475150434111,0.7257884972170686
1464,Manoj Mishra,2323.0,1.9591809802883535,0.8764442883791937,0.725417439703154
1387,Lilit Mkrtchian,2451.0,1.957059693333428,0.8762143913587911,0.7250463821892393
2131,Savva Vetokhin,3020.0,1.9566028344703152,0.8761648306810081,0.7246753246753247
743,Enrico Vianello,2273.0,1.9555356727187823,0.8760489971215297,0.72430426716141
957,Hayk Yeritsyan,2680.0,1.9543236435998264,0.8759173263345476,0.7239332096474954
1738,Nicodim_Cosmin Stepanencu,2600.0,1.9524619224577657,0.8757148413543395,0.7235621521335807
2450,Vladimir Burmakin,2754.0,1.9524103945960762,0.8757092330379082,0.723191094619666
1264,Karsten Hansch,2606.0,1.948437804313702,0.8752762003446117,0.7228200371057514
139,Alexander Suvorov,2572.0,1.9480562270054103,0.8752345384341143,0.7224489795918367
226,Anatoliy Shapkin,2755.0,1.9480328590287215,0.8752319866510908,0.7220779220779221
2570,Zou Chen,2863.0,1.9473513124446136,0.8751575420769847,0.7217068645640075
135,Alexander Moskalenko,2911.0,1.9396086410412092,0.8743091423050737,0.7213358070500928
1899,Pedro Martinez,2576.0,1.9368275118623979,0.8740031983140284,0.7209647495361781
679,Dolzhykova Kateryna,2422.0,1.9302058041832622,0.8732721975374687,0.7205936920222634
1199,José Francisco Veiga,2448.0,1.9293131182885972,0.8731733729707628,0.7202226345083488
174,Alexey Streltsov,2737.0,1.9288366703316306,0.8731206009638899,0.7198515769944341
78,Alejandro González Vega,2341.0,1.9204589858875876,0.8721896078260926,0.7194805194805195
2037,Rogerio Paulo Muller Fernandes,2311.0,1.9193107325037886,0.8720615516867284,0.7191094619666049
398,Baadur Jobava,3002.0,1.9184688017214038,0.871967587870851,0.7187384044526902
1872,Paul Cristian Rusan,2147.0,1.9184601077615264,0.871966617273044,0.7183673469387755
2176,Seyed Poormosavi,2828.0,1.9169573556281625,0.8717987549701133,0.7179962894248608
1329,Kosma Pacan-Milej,2665.0,1.9153281338192025,0.8716165535504437,0.7176252319109462
1830,Om Kadam,2732.0,1.914499878891598,0.8715238423516329,0.7172541743970315
805,Federico Perez Ponsa,2945.0,1.9139819690176711,0.8714658408060272,0.7168831168831169
702,Eduard Kanter,2524.0,1.9086699987836333,0.8708696553979499,0.7165120593692023
1331,Krikor Sevag Mekhitarian,2880.0,1.906149900930342,0.8705859910625997,0.7161410018552876
1211,Juan David Lopez Perdomo,2213.0,1.9044433501330973,0.870393599144298,0.7157699443413729
1683,Momchil Petkov,3031.0,1.9032204255525889,0.8702555802565204,0.7153988868274582
2306,Thomas Christensen,2211.0,1.898887182026371,0.8697655247585127,0.7150278293135436
448,Boris Stankovic,2678.0,1.8977222423007758,0.8696335111584178,0.7146567717996289
178,Alfonso Llorente Zaro,2885.0,1.8962120032314767,0.8694621981427039,0.7142857142857143
254,Andrew Titus,2664.0,1.8952222485450232,0.8693498221938016,0.7139146567717997
1937,Przemyslaw Koc,2556.0,1.8916749368575116,0.8689463878616522,0.713543599257885
2445,Vjacheslav Weetik,2829.0,1.883764596157337,0.868042937629855,0.7131725417439703
368,Asa Hoffmann,2401.0,1.88200264809252,0.8678409854446792,0.7128014842300556
567,Danila Poliannikov,2733.0,1.8818220934889522,0.8678202757184419,0.712430426716141
1718,Natalie Wisniowski,2211.0,1.8781912930277018,0.8674032364801554,0.7120593692022263
606,Dawid Janaszak,2719.0,1.876982957523686,0.8672641982305144,0.7116883116883117
1460,Maly Alexey,2769.0,1.8765136335556756,0.8672101617461518,0.7113172541743971
199,Alopekos,2344.0,1.8759013598442715,0.8671396384740542,0.7109461966604824
662,Dmitry Gurevich,2564.0,1.8733459848314045,0.8668449612882838,0.7105751391465677
2156,Sergei Zhigalko,3089.0,1.8722551065374606,0.8667189965108355,0.710204081632653
636,Diego Berardino,2659.0,1.870195294959231,0.8664808731033646,0.7098330241187384
247,Andrej,2659.0,1.8692955872847712,0.8663767500053063,0.7094619666048237
1613,Michal Koziorowicz,2561.0,1.8684565451699235,0.8662795858500041,0.7090909090909091
2246,Stephan Becking,2724.0,1.8662422260509386,0.8660228726459188,0.7087198515769945
826,Florian Gatterer,2534.0,1.855640759275258,0.8647880334598841,0.7083487940630798
1782,Nitish Nathan,2818.0,1.8553748980884484,0.8647569433785305,0.7079777365491651
2285,Tanitoluwa Adewumi,2979.0,1.852924866577716,0.8644701502274158,0.7076066790352504
426,Bernardo Vainzoff Sztokbant,2660.0,1.8506086114296627,0.8641985451084644,0.7072356215213358
906,Glek_Igor,2664.0,1.8498159804170111,0.8641054955365317,0.7068645640074211
2679,Олег Кислов,2691.0,1.8485329601760574,0.8639547636829155,0.7064935064935065
72,Alejandro Castellanos Gómez,2525.0,1.8460375360016705,0.8636611927112985,0.7061224489795919
1193,Joseph Girel,2953.0,1.8455719937211983,0.8636063655765907,0.7057513914656772
1728,Nemo Zhou,2251.0,1.8438722752367651,0.8634060312738048,0.7053803339517625
865,Gasan Guliev,2520.0,1.843123974033233,0.8633177555795122,0.7050092764378478
388,Avital Boruchovsky,2923.0,1.8423857594888284,0.8632306227437374,0.7046382189239332
1842,Oscar yosimar Acosta cruz,2250.0,1.8411182384558318,0.8630809058456415,0.7042671614100185
141,Alexander Velikanov,2806.0,1.8388853592498569,0.862816827490142,0.7038961038961039
1130,Jennifer Perez Rodriguez,2447.0,1.8382749917506356,0.8627445659819887,0.7035250463821893
2667,Матфей,2506.0,1.8359333471918022,0.8624670413025564,0.7031539888682746
939,Halsagar Chincholimath,1922.0,1.8310252617736316,0.8618838193816409,0.7027829313543599
706,Eduardo Mendez Fortes,2589.0,1.8308257762279565,0.861860070887743,0.7024118738404452
2257,Sultai Chyngyz,2528.0,1.8305160851114222,0.8618231957708411,0.7020408163265306
566,Danila Bilan,2700.0,1.8257791800660659,0.8612581388819048,0.701669758812616
1187,Jose Martinez,3072.0,1.822938822617627,0.8609183889175501,0.7012987012987013
2117,Santiago Avila Pavas,2760.0,1.8213032934912432,0.8607224384430917,0.7009276437847867
2297,Terry Luo,2757.0,1.820184491614718,0.8605882630961497,0.700556586270872
953,Harshavardhan GB,2862.0,1.8189242455050332,0.8604369949564232,0.7001855287569573
424,Benjamin Bok,3041.0,1.8127813301356221,0.8596976873022671,0.6998144712430426
2193,ShimanovAlex,2958.0,1.8124301541108645,0.8596553239514173,0.699443413729128
731,Elvin Wilson,2509.0,1.8115209172211753,0.8595455904189394,0.6990723562152134
1145,Joa Max Bornholdt,2618.0,1.8108380566039592,0.8594631304844564,0.6987012987012987
1323,Konstantin Popov,3104.0,1.8063816234854508,0.8589239918382884,0.6983302411873841
1590,Mayank Chakraborty,3073.0,1.8063312426672882,0.8589178869043953,0.6979591836734694
751,Erez Kupervaser,2459.0,1.8053519838375793,0.8587991806138107,0.6975881261595547
1058,Ivashentseva Dominika,2336.0,1.7952659477685522,0.8575716843964463,0.69721706864564
283,Anna-Maja Kazarian,2404.0,1.795196518396759,0.8575632039095274,0.6968460111317254
842,Frederick Waldhausen Gordon,2845.0,1.7942502642052034,0.8574475812153557,0.6964749536178108
1691,Mukhammadali Abdurakhmonov,2915.0,1.7935875374908203,0.8573665561250279,0.6961038961038961
1046,Ivan Kochiev,2723.0,1.7895704839494622,0.8568746085247376,0.6957328385899815
1404,Luca Moroni Jr,2875.0,1.7830118706453941,0.8560683726316283,0.6953617810760668
755,Eric Rosen,2918.0,1.7828381476339548,0.856046965972119,0.6949907235621521
659,Dmitry Andreikin,3204.0,1.7796032346797226,0.8556478665165057,0.6946196660482374
2605,malakismayil,2592.0,1.7774777504361001,0.8553851396882974,0.6942486085343228
93,Aleksandr Shimanov,3053.0,1.7770998353366139,0.855338384781589,0.6938775510204082
204,Alvaro Bayo,2369.0,1.7765582333163534,0.8552713569567589,0.6935064935064935
1488,Marco Riehle,2833.0,1.7738193827939002,0.8549320058528552,0.6931354359925789
4,Aakaash Meduri,2519.0,1.7736332437533049,0.8549089187549169,0.6927643784786642
1501,Maria Gevorgyan,2371.0,1.773116208772211,0.8548447741428419,0.6923933209647495
1366,Leonardo Tristan,2839.0,1.7718081732972566,0.8546823909703686,0.6920222634508348
813,Fernando Bolaños Soza,2547.0,1.7709497665003537,0.8545757440381467,0.6916512059369202
1952,Rafael Miranda,2764.0,1.770586717773572,0.854530619971176,0.6912801484230056
2564,Zhaoqi Liu,2478.0,1.768960076552264,0.8543282987571373,0.6909090909090909
531,Dachey Lin,2884.0,1.765963533249983,0.8539549784808792,0.6905380333951763
262,Andrey Levitskiy,2704.0,1.764233152270081,0.8537390403027083,0.6901669758812616
991,Igor Janik,2949.0,1.7640381527548392,0.853714689288793,0.689795918367347
187,Alikhan Khazhatuly,2718.0,1.7599923295493438,0.8532086995262547,0.6894248608534322
1036,Isuru Alahakoon,2601.0,1.7592057643999004,0.853110159892473,0.6890538033395176
1510,Mario Gavilán Díaz,2609.0,1.7585429708172313,0.8530270836577101,0.688682745825603
1453,Maksim Ivannikov,2817.0,1.7572498255706206,0.8528648855860539,0.6883116883116883
681,Dominick Orzech,2770.0,1.7544211652499788,0.8525095728501965,0.6879406307977737
2599,hermionegrangermagic,2509.0,1.753555656866994,0.8524007132154592,0.687569573283859
2267,Svetlana Vifleemskaia,2364.0,1.7495179479111904,0.8518919907958288,0.6871985157699444
1914,Pierre Villegas,2584.0,1.7464714208502707,0.8515071920765506,0.6868274582560296
1092,Jaloliddin Ilkhomi,3000.0,1.7452469682932623,0.8513523023508801,0.686456400742115
16,Aaron Mendes,2804.0,1.7436647137942796,0.8511519542388183,0.6860853432282004
157,Alexandros Papasimakopoulos,2845.0,1.7353670322607027,0.8500976358710957,0.6857142857142857
2540,Yuniesky Quesada,2921.0,1.7349182714602467,0.8500404405589205,0.6853432282003711
1206,Juan Antonio Urbina Perez,2615.0,1.7309977353887547,0.8495399970595742,0.6849721706864564
140,Alexander Timerkhanov,2786.0,1.7304205723632569,0.8494662081640315,0.6846011131725418
440,Bogdan Daniel Deac,3173.0,1.7290035505065395,0.8492849190605118,0.684230055658627
1318,Konstantin Begunov,2576.0,1.7282416820884556,0.8491873739155344,0.6838589981447124
1087,Jakub Kusa,2615.0,1.7275299422278287,0.8490962000327982,0.6834879406307978
643,Dimitrios Vazelakis,1707.0,1.723246729319162,0.848546563062101,0.6831168831168831
819,Fidel Corrales Jimenez,3002.0,1.7223491812912837,0.8484311783250765,0.6827458256029685
2238,Stanisław Osiecki,2238.0,1.7216808048744232,0.8483452079646984,0.6823747680890538
891,Gianmarco Leiva,2814.0,1.721583392546231,0.848332674896324,0.6820037105751392
1219,Judah Nathan Levitan,2400.0,1.71957983001192,0.8480747078794622,0.6816326530612244
585,David Gasparyan,2715.0,1.7179398280567604,0.8478632828281011,0.6812615955473098
719,Ekaterina Goltseva,2639.0,1.7171242268025084,0.847758047644163,0.6808905380333952
2094,Sahil Tickoo,2506.0,1.716618086100051,0.8476927114295754,0.6805194805194805
191,Alireza Firouzja,3212.0,1.7145399833361434,0.8474242141384709,0.6801484230055659
2642,Азат Габдрахманов,2708.0,1.7138091079934004,0.8473296905789549,0.6797773654916512
1447,Mahdi Gholami Orimi,2962.0,1.7129902488693798,0.8472237311240561,0.6794063079777366
1300,Kim Sergey,2549.0,1.7123222049316658,0.8471372423435622,0.6790352504638218
2128,Sathvik Adiga,2820.0,1.7076235061663834,0.8465277879377764,0.6786641929499072
324,Arman Mikaelyan,3014.0,1.7049058399581103,0.8461743802386532,0.6782931354359926
1175,Jorge Soto Vega,2447.0,1.7041672374777894,0.846078216720337,0.6779220779220779
307,AradNazari,2905.0,1.7014147101108295,0.845719413879538,0.6775510204081633
1803,Oleg Vastrukhin,2987.0,1.7008141242806607,0.845641034317498,0.6771799628942486
2438,Vitaly Rodchenkov,2258.0,1.6993388788759312,0.8454483689719035,0.676808905380334
507,Christos Krallis,2804.0,1.699081229210118,0.8454147000724775,0.6764378478664193
1746,Nihal Sarin,3280.0,1.693941107709346,0.844741751031385,0.6760667903525046
275,Anil Berk Erdogan,2616.0,1.689024881030745,0.8440958791976099,0.67569573283859
2321,Tikhon Popov,2725.0,1.6842417982963669,0.8434653984841782,0.6753246753246753
2280,Talibov Shiroghlan,3005.0,1.6841567322870334,0.8434541667615088,0.6749536178107607
1002,Ilan Schnaider,2959.0,1.6833469685641607,0.8433472164399102,0.674582560296846
282,Anna Shukhman,2751.0,1.6811690420192695,0.8430592694991128,0.6742115027829314
1179,Jose Camacho Collados,2534.0,1.679873503666907,0.8428877801884962,0.6738404452690167
2627,x-0618534659,2753.0,1.6789463185382267,0.8427649559043551,0.673469387755102
2187,Sharapov Evgeny,2659.0,1.6787406792206108,0.8427377042682936,0.6730983302411874
1912,Piero Mazzilli,2350.0,1.678277555601401,0.8426763163509385,0.6727272727272727
1660,Milos Milosevic,2500.0,1.673888058776357,0.8420935121373231,0.6723562152133581
347,Artem Timofeev,2876.0,1.6714059711203326,0.8417631835912724,0.6719851576994434
280,Anna Kubicka,2538.0,1.6692468944699783,0.8414753868072261,0.6716141001855288
1788,Novak Čabarkapa,2778.0,1.666540447389668,0.8411140277471597,0.671243042671614
442,Bojan Maksimović,3049.0,1.664200198478122,0.8408010243021352,0.6708719851576994
2629,x-3738459472,2585.0,1.6635853693910443,0.8407187093173719,0.6705009276437848
2048,Roman Komov,2926.0,1.6629830316431757,0.8406380332565764,0.6701298701298701
1202,Jovana Srdanovic,2534.0,1.6585223843788235,0.8400395510070562,0.6697588126159555
2391,Valery Skatchkov,2867.0,1.6574389992278737,0.8398939195462823,0.6693877551020408
959,Heinz Georg,2335.0,1.6568384941098886,0.8398131518650153,0.6690166975881262
921,Grzegorz Toczek,2513.0,1.65482689068791,0.8395423518283002,0.6686456400742115
711,Eesha Karavade,2294.0,1.651059590966585,0.8390342057502275,0.6682745825602968
1598,Melih Kaan Can,2277.0,1.6463084784760422,0.8383915063725644,0.6679035250463822
1536,Martin Mena,2314.0,1.6462172876005097,0.8383791504311922,0.6675324675324675
405,Bakhtiyar Nugumanov,2543.0,1.645506358495787,0.8382827966818815,0.6671614100185529
1116,Javier Quispe Santacruz,1827.0,1.6434846195444788,0.8380085326663649,0.6667903525046383
1589,Maya Porozhnyak,2503.0,1.6420197885710497,0.8378095830526823,0.6664192949907236
648,Dinesh Rajan M,2809.0,1.640354861672967,0.8375832177226241,0.6660482374768089
2539,Yuliia Osmak,2533.0,1.628692881746983,0.8359904979898224,0.6656771799628942
1662,Mina Wael Sabry,2703.0,1.6283922400680142,0.8359492727294273,0.6653061224489796
165,Alexey Dreev,2812.0,1.6269058018687215,0.8357453236315256,0.6649350649350649
1154,Johann Hjartarson,2671.0,1.6180170752339667,0.8345214786706269,0.6645640074211503
1926,Pouria Darini,2787.0,1.6173416011463368,0.8344281777408217,0.6641929499072357
1022,Ioan Rees,2604.0,1.617290046464194,0.8344210549368649,0.663821892393321
452,Brandon Jacobson,2958.0,1.6158961643819474,0.8342283828411577,0.6634508348794063
84,Aleksandar Indjic,2998.0,1.6144567194531358,0.8340292242223633,0.6630797773654916
367,Arystanbek Urazayev,2951.0,1.6103248712836402,0.8334564856440185,0.662708719851577
1938,Punin Andrii,2686.0,1.6099210417851655,0.8334004238263253,0.6623376623376623
395,Azer Mirzoev,2689.0,1.6088300126026596,0.833248885691887,0.6619666048237477
947,Harald Schmidt,2365.0,1.604551615141932,0.8326535751172192,0.661595547309833
941,Hamidreza Ebrahimi Herab,3016.0,1.602388719495277,0.8323519768986019,0.6612244897959184
164,Alexey Chos,2572.0,1.6011955515302052,0.8321854136282018,0.6608534322820037
1610,Michael Song,2573.0,1.600144216889535,0.8320385404681407,0.660482374768089
1283,Kemel Antonio Gallo García,2825.0,1.5982739059681732,0.8317770014109416,0.6601113172541744
893,Giga Quparadze,3100.0,1.593128024428312,0.8310557391638407,0.6597402597402597
1077,Jake Kleiman,2684.0,1.5931119055302814,0.8310534760246702,0.6593692022263451
623,Denis Pershin,2633.0,1.5907049735046073,0.8307152647816202,0.6589981447124305
812,Ferenc Jr. Gombocz,2628.0,1.590479276378594,0.8306835232094194,0.6586270871985158
488,Charles Storey,2488.0,1.589890393306141,0.8306006816134128,0.6582560296846011
2192,Sherif Khater,2601.0,1.5886886640470452,0.8304315272905739,0.6578849721706864
1643,Mikhael Garakov,2689.0,1.5885042927403354,0.8304055634622581,0.6575139146567718
1770,Nils Grandelius,3101.0,1.587779631279405,0.8303034833840254,0.6571428571428571
2347,Tsvetan Stoyanov,2910.0,1.5851083134014754,0.8299267635668202,0.6567717996289425
277,Ankush Khandelwal,2560.0,1.5843790596695744,0.829823805852822,0.6564007421150279
1198,José Carlos Ibarra Jerez,3057.0,1.5806068663731194,0.8292904478847192,0.6560296846011132
2681,Рамиль Садыков,2934.0,1.5766572805797043,0.828730586303069,0.6556586270871985
1982,Raymond Gao,2487.0,1.576602326653779,0.8287227862106515,0.6552875695732838
599,David Shapiro,2793.0,1.5755281814670212,0.8285702667750792,0.6549165120593692
1666,Mirosław Lewicki,2803.0,1.5726394982464793,0.8281595641200732,0.6545454545454545
1957,Rafal Szyszylo,2409.0,1.5699328355033222,0.8277740332253131,0.6541743970315399
2512,Xavier Martinez Pla,2497.0,1.569837674003658,0.827760466180681,0.6538033395176253
95,Aleksandra Goryachkina,2720.0,1.5685119601939848,0.8275713729474178,0.6534322820037106
308,Aradhya Garg,2841.0,1.567216744297478,0.8273864711068007,0.6530612244897959
951,Harry Grieve,2679.0,1.5664856100057518,0.8272820269020065,0.6526901669758812
1441,Maciej Świcarz,2582.0,1.566448082694568,0.8272766646909421,0.6523191094619666
281,Anna M. Sargsyan,2610.0,1.565735670082348,0.8271748443279225,0.6519480519480519
571,Daria Yurasova,2487.0,1.565144147077163,0.8270902658315835,0.6515769944341373
595,David Okike,2400.0,1.5650817811186615,0.8270813465718021,0.6512059369202227
1530,Martin Brüdigam,2566.0,1.5640376594115102,0.8269319675886553,0.650834879406308
2398,Vasil Trickov,2446.0,1.5640015124149453,0.8269267943324466,0.6504638218923933
753,Eric Hon,2423.0,1.559333571899514,0.8262577040884523,0.6500927643784786
2376,Vahe Baghdasaryan,2566.0,1.5590578903544028,0.8262181248135925,0.649721706864564
1550,Mateus Felizardo Viageiro Alice,2379.0,1.5561269831876485,0.8257968976372371,0.6493506493506493
1018,IndianGrandmaster13,2911.0,1.552448571805308,0.8252671003665148,0.6489795918367347
2059,Ronan Le Goff,2518.0,1.549045478102431,0.8247758264608226,0.6486085343228201
1385,Lile Koridze,2503.0,1.5479359504632528,0.8246154190052839,0.6482374768089054
1485,Marco Dobrikov,2732.0,1.5456211188272135,0.8242803852692264,0.6478664192949907
918,Grigory Seletsky,2569.0,1.5436279290418877,0.8239915005868056,0.647495361781076
1921,Piotrek Mickiewicz,2487.0,1.5430376702195963,0.8239058792688473,0.6471243042671614
1545,Matan Prilleltensky,2528.0,1.5418484483081318,0.8237332745636772,0.6467532467532467
1972,Raphael Mayaud,2453.0,1.5394246057440544,0.8233810642603885,0.6463821892393321
2010,Rinat Jumabayev,3055.0,1.5356771149887827,0.8228354259864733,0.6460111317254175
344,Artem Legenya,2500.0,1.5351147831610747,0.8227534358954542,0.6456400742115028
1191,Josep Ruscalleda,2517.0,1.5350494026324304,0.8227439012374084,0.6452690166975881
999,Ihor Samunenkov,3085.0,1.5311090677863293,0.8221685261192212,0.6448979591836734
1330,Kostya Kavutskiy,2769.0,1.5302413524708847,0.8220416242160898,0.6445269016697588
63,Alba De Lomas Busquets,2356.0,1.5286543829987194,0.8218093490736846,0.6441558441558441
2581,anon481216,2486.0,1.5181217849423385,0.8202617373502791,0.6437847866419295
264,Andrey Rychagov,2647.0,1.5180990953434375,0.8202583921435054,0.6434137291280149
533,Damian Lewtak,2742.0,1.5146927240138899,0.8197556272880439,0.6430426716141002
575,Dariusz Swiercz,3050.0,1.5137631425291627,0.8196182349027586,0.6426716141001856
1576,Max Chen,2522.0,1.513196265246636,0.8195344102080668,0.6423005565862708
1768,Nikoloz Petriashvili,2894.0,1.5131047293858746,0.8195208718632655,0.6419294990723562
1593,Medet Dzhaparov,2132.0,1.5107048746887486,0.8191656457464268,0.6415584415584416
833,Francisco Fiorito,2777.0,1.508094404274697,0.8187786259395741,0.6411873840445269
1407,Lucas Aguiar Cunha,2715.0,1.5040526261973843,0.8181781332732714,0.6408163265306123
297,Antonio Carlos Bambino Filho,2605.0,1.4991899199823955,0.8174536245493507,0.6404452690166976
1119,Javokhir Sindarov,3190.0,1.4968327349024113,0.8171016146125668,0.640074211502783
2541,Yuri Kozin,2700.0,1.4964662697190603,0.817046841284938,0.6397031539888682
2404,Vedant Nitin Vekhande,2523.0,1.495800340617767,0.8169472763193384,0.6393320964749536
1591,Md Bashiq Imrose,2569.0,1.493187971984602,0.8165562876470635,0.638961038961039
499,Christian Silvestre,2480.0,1.492092794389623,0.8163921818002021,0.6385899814471243
1920,Piotr Piesik,2765.0,1.478542748679705,0.8143523705974692,0.6382189239332097
345,Artem Omelja,2709.0,1.4785105078921426,0.814347496302395,0.637847866419295
1567,Matthias Dann,2775.0,1.4724667186283416,0.8134320256142413,0.6374768089053804
1896,Pedro Espinosa,2729.0,1.4640951292431676,0.8121582152082861,0.6371057513914656
1244,Kaan Ozcan,2651.0,1.4637555193869458,0.8121063997704365,0.636734693877551
1234,Justin Blackman,2555.0,1.4625205520019318,0.8119178839592388,0.6363636363636364
1040,Iulian-Ioan Taras,2394.0,1.4619847916557864,0.811836055806261,0.6359925788497217
739,Emin Ohanyan,3028.0,1.4608844082535395,0.8116679054546527,0.6356215213358071
98,Aleksandra Tarnowska,2157.0,1.459606777515667,0.8114725250648482,0.6352504638218924
1133,Jens E Ingebretsen,2801.0,1.4595974393611097,0.8114710964643682,0.6348794063079778
25,Adam Kujawski,2406.0,1.4578482189774666,0.811203344850182,0.634508348794063
1210,Juan David Becerra Morales,2591.0,1.4565583830672502,0.8110057239862566,0.6341372912801484
2525,Yasin Emrah Yagiz,2386.0,1.4528221796625616,0.8104323902310034,0.6337662337662338
521,Cristi Machidon,2598.0,1.4522966346539006,0.8103516366687766,0.6333951762523191
2104,Sambit Panda,2712.0,1.4491188033510136,0.8098627799170435,0.6330241187384045
2250,Steven Cooklev,2466.0,1.449021198904811,0.8098477498362132,0.6326530612244898
1976,Rasmus Svane,3077.0,1.447106884967722,0.8095527813945775,0.6322820037105752
2389,Valeriy Grinev,2711.0,1.4449868663747854,0.8092257086063291,0.6319109461966604
869,Gawain Maroroa Jones,2872.0,1.4439829939879454,0.8090706832177481,0.6315398886827458
2419,Vihaan Jammalamadaka,2700.0,1.4392253408123423,0.808334662361014,0.6311688311688312
1449,Mahmoud Alhadad,2004.0,1.43920464943111,0.8083314566303305,0.6307977736549165
28,Adar TARHAN,2828.0,1.4382076089853326,0.8081769359565032,0.6304267161410019
564,Daniil Manelyuk,2766.0,1.4372419623186588,0.8080271901225137,0.6300556586270872
279,Anna Jakubowska,2506.0,1.4350158539947069,0.8076816410676184,0.6296846011131726
2406,Velimir Ivic,2987.0,1.4332353684032464,0.8074049231466631,0.6293135435992578
929,Gumersindo Fernandez Garcia,2456.0,1.4331962030946501,0.8073988327811699,0.6289424860853432
81,Alekhine Nouri,2832.0,1.4286818489578286,0.8066958494770332,0.6285714285714286
1169,Jonathan Pein,2581.0,1.4262709185783775,0.8063196166323606,0.6282003710575139
745,Enrique Fernando Asensio Ramos,2620.0,1.424504953670108,0.8060436797118002,0.6278293135435993
402,Bahadur Khodzhamkuliev,2500.0,1.4220240202108938,0.8056555228390595,0.6274582560296846
1163,Jonas Eilenberg,2639.0,1.4204043581936379,0.8054017991897882,0.62708719851577
2372,Vadim Bobkov,2800.0,1.419235443642509,0.8052185301107727,0.6267161410018552
2179,Shahdad Teimouri Yadkuri,2575.0,1.4179797025204968,0.8050215021125279,0.6263450834879406
288,Anton Demchenko,3030.0,1.4172174978540317,0.8049018372177025,0.625974025974026
285,Anthony Wirig,2906.0,1.4151353187421796,0.8045746548954221,0.6256029684601113
1221,Jules Moussard,3075.0,1.41390558704098,0.8043812264940028,0.6252319109461967
1477,Marcell Szabo,2647.0,1.4110019406417251,0.8039239278792721,0.624860853432282
393,Aydin Turgut,2746.0,1.4084768594439927,0.803525593225398,0.6244897959183674
513,Collin Colbow,2635.0,1.4075638729332312,0.8033814180803094,0.6241187384044526
1541,Mary Kiseljova,2145.0,1.4066970708863389,0.8032444622689606,0.623747680890538
1911,Phuong Hanh Luong,2536.0,1.4050871811512113,0.8029899065772013,0.6233766233766234
1727,Neeraj Harish,2300.0,1.401439481755931,0.8024122132155121,0.6230055658627087
2097,Saidakbar Saydaliev,2819.0,1.4005491134650168,0.8022710101139401,0.6226345083487941
180,Algol Jorajuria,2393.0,1.4001070299174776,0.8022008720407575,0.6222634508348794
948,Harika Dronavalli,2731.0,1.399294763600838,0.8020719543430885,0.6218923933209648
2548,Zacarias M Ruben D,2521.0,1.398992705551196,0.8020239974867966,0.62152133580705
1797,Oleg Artemenko,2696.0,1.3989838030636976,0.8020225839326333,0.6211502782931354
2140,Sebastien Maze,2801.0,1.3973784676464884,0.8017675613961482,0.6207792207792208
2162,Sergey Shipov,2726.0,1.3962191064492258,0.8015832323037178,0.6204081632653061
1418,Ludvig Carlsson,2773.0,1.3954573950669475,0.8014620561408635,0.6200371057513915
59,Alain Otero Marino,2645.0,1.3929997988838423,0.8010707121522653,0.6196660482374768
552,Daniel Melamed,2285.0,1.3917524227374223,0.8008718600945465,0.6192949907235622
1416,Luciano Justi Antunes,2263.0,1.3892376007170721,0.8004705025553733,0.6189239332096474
1215,Juan Pablo Demaría,2496.0,1.388165802799099,0.8002992625655998,0.6185528756957328
1280,Kelsey Liu,2300.0,1.3881033093804316,0.8002892746579372,0.6181818181818182
546,Daniel Garcia Ramos,2855.0,1.3865969279297596,0.8000484062953682,0.6178107606679035
1834,Ondrej Toman,2748.0,1.3825740420798223,0.7994040845422292,0.6174397031539889
410,Barbara Skuhala,2377.0,1.3800100394701191,0.7989926126275225,0.6170686456400742
13,Aaron Cooper,2287.0,1.3787867691580127,0.7987960793774666,0.6166975881261596
1043,Ivan Andrade,2413.0,1.3777475096300869,0.7986289967791753,0.6163265306122448
1420,Luis Eduardo Ballester Llagaria,2510.0,1.3768983521675509,0.798492400032308,0.6159554730983302
2491,Walter Cuevas Araya,2394.0,1.3743624510061387,0.7980840588616334,0.6155844155844156
1349,Le Thao Nguyen Pham,2735.0,1.3717725496057893,0.7976663846709987,0.6152133580705009
1936,Prraneeth Vuppala,2763.0,1.3707623979592762,0.797503302502366,0.6148423005565863
1521,Mark van der Werf,2435.0,1.3700307621081107,0.7973851236047617,0.6144712430426716
1354,Lefong Hua,2618.0,1.369194769704949,0.7972500253471987,0.614100185528757
60,Alain Prieto Aranguren,2266.0,1.3669336862871493,0.7968842926905275,0.6137291280148423
967,Hernan Ramon Filgueira,2680.0,1.3618929491249556,0.7960671793084018,0.6133580705009276
1793,Nurgyul Salimova,2760.0,1.3564148682880708,0.7951764020124168,0.612987012987013
817,Fernando Mata,2547.0,1.3533342535628803,0.7946742032805728,0.6126159554730983
2214,Skat2704,2480.0,1.3531644875494777,0.7946465016643989,0.6122448979591837
1574,Mauri Lehtosaari,2658.0,1.350383646622098,0.7941923426490445,0.611873840445269
1439,Maciej Klekowski,2937.0,1.3503804788620224,0.7941918248754358,0.6115027829313544
461,Burak Firat,2814.0,1.3444198715835451,0.793215848094685,0.6111317254174397
422,Benedikt Huber,2613.0,1.3424534485550739,0.7928931206304005,0.610760667903525
2081,Ryo Chen,2986.0,1.3415091075072034,0.7927380040762066,0.6103896103896104
213,Amin Tabatabaei,3074.0,1.3410878815418785,0.792668786236879,0.6100185528756957
1849,Pablo Salinas Herrera,2966.0,1.3404627203098265,0.7925660253274024,0.6096474953617811
1562,Matthew Guo Diao,2612.0,1.3384430513910859,0.7922337852115258,0.6092764378478664
809,Felix Kuznetsov,2760.0,1.3380871172835063,0.7921751925717659,0.6089053803339518
1777,Nisim Iliaguev,2683.0,1.335009496635931,0.7916680570119307,0.608534322820037
1293,Kevin George,2767.0,1.3347314944079818,0.7916222024577071,0.6081632653061224
594,David Navara,3001.0,1.330014753375246,0.7908430751577167,0.6077922077922078
2125,Sarveshwaran V,2599.0,1.3297660650456677,0.7908019365698015,0.6074211502782931
278,Anna Cramling,2301.0,1.3293077181348085,0.7907261001930763,0.6070500927643785
404,Bakhtiyar Askarov,2938.0,1.3279793858317603,0.7905062050887346,0.6066790352504638
1069,Jacorey Bynum,2679.0,1.3277526215482398,0.7904686490560647,0.6063079777365492
339,Artem Chernobay,2669.0,1.3259258943594583,0.7901659314112418,0.6059369202226345
1705,Nadezhda Kostina,2127.0,1.323776853782351,0.7898093902686835,0.6055658627087198
2444,Vivaan Vishal Shah,2716.0,1.3184186117246552,0.7889184844043722,0.6051948051948052
735,Emilia Sprzęczka,2453.0,1.318033664083,0.7888543734417637,0.6048237476808905
654,Dmitrii Marcziter,2359.0,1.3171965172354563,0.7887149019070758,0.6044526901669759
1054,Ivan Stankovic,2600.0,1.3137117751162481,0.7881336073174207,0.6040816326530613
1736,Nicholas Ladan,2656.0,1.3113905082994632,0.7877457452075466,0.6037105751391466
621,Denis Lazavik,3257.0,1.3106340402850547,0.78761923441889,0.6033395176252319
2537,Yudel Romero Arzuaga,2500.0,1.310280740189227,0.7875601300778562,0.6029684601113172
1990,Reinis Paikens,2808.0,1.3095895305271101,0.7874444613756847,0.6025974025974026
2424,Viktor Parfenov,2511.0,1.3063630773043045,0.7869039307349696,0.6022263450834879
1009,Iljya Grigorjev,2890.0,1.3043838345528158,0.786571850704602,0.6018552875695733
2619,shakked tifferet,2577.0,1.3030429086853248,0.7863466541605707,0.6014842300556587
1999,Ribeiro Domingues Ribeiro,2511.0,1.3027682448470141,0.7863005054700993,0.601113172541744
1481,Marcin Molenda,2664.0,1.300848047638305,0.7859776734744287,0.6007421150278293
2139,Sebastien Azar,2742.0,1.2959293466986805,0.78514910165779,0.6003710575139146
2328,Timur Kocharin,2606.0,1.295562068979673,0.7850871390945326,0.6
729,Elnur Aliyev,2499.0,1.2952633792063777,0.7850367382746332,0.5996289424860853
2259,Sune Berg Hansen,2757.0,1.2932397959273576,0.7846950534192173,0.5992578849721707
1526,Markus Ragger,2888.0,1.2928025791456355,0.7846211770062397,0.598886827458256
67,Alberto Fabris,2251.0,1.2904188056978256,0.7842180679511178,0.5985157699443414
981,Ian Dzhumagaliev,2890.0,1.2899325701572835,0.7841357757583522,0.5981447124304267
10,Aaravamudhan Balaji,2689.0,1.2898845691634415,0.7841276506699879,0.597773654916512
2233,Srivastan Karthikeyan,2464.0,1.2897097847364378,0.7840980631824043,0.5974025974025974
687,DrMamaliga,2477.0,1.2893993208758339,0.7840455006504741,0.5970315398886827
1457,Maksims Golubovskis,2528.0,1.2879049648405205,0.7837923716484891,0.5966604823747681
1824,Olga Sikorova,2402.0,1.2876096533704464,0.7837423234146569,0.5962894248608535
2154,Sergei Lobanov,2933.0,1.2873691066421644,0.7837015502962801,0.5959183673469388
1805,OlegKrivonosov,2729.0,1.2871202945144091,0.7836593703217906,0.5955473098330241
1174,Jorge Carlos Antonio,2045.0,1.2868847473310954,0.7836194336055987,0.5951762523191094
1118,Javohir Bozorov,2508.0,1.2858555968874645,0.7834448799044422,0.5948051948051948
645,Dimitris Makridis,2819.0,1.282639000502991,0.7828986578434008,0.5944341372912801
1389,Linus Olsson,2502.0,1.2823920500526302,0.7828566811506114,0.5940630797773655
33,Aditya S Samant,2908.0,1.2811424424973223,0.7826441826586649,0.5936920222634509
2088,Sabir Umarov,2441.0,1.2781321870103772,0.7821316655980277,0.5933209647495362
1737,Niclas Huschenbeth,2572.0,1.2758559806424854,0.7817435470321812,0.5929499072356216
44,Ahmad Ahmadzada,2961.0,1.275104006129796,0.7816152175270633,0.5925788497217068
2506,Witold Klepek,2579.0,1.274934227526538,0.7815862361445395,0.5922077922077922
153,Alexandra Shvedova,2536.0,1.2699112343329162,0.7807275523150451,0.5918367346938775
56,Akylbek2021,2503.0,1.2675530310197916,0.7803235794279558,0.5914656771799629
625,Dennis Wagner,2836.0,1.2642948538486891,0.7797645568775429,0.5910946196660483
2435,Visakh NR,2949.0,1.2626242612021832,0.779477528925213,0.5907235621521336
1197,Josue Araujo Sanchez,2739.0,1.261332730883777,0.7792554446630147,0.590352504638219
2651,Гор Глиджян,2780.0,1.2611791358083835,0.7792290226583584,0.5899814471243042
993,Igor L. Vakhlamov,2925.0,1.2603668327705524,0.7790892495347956,0.5896103896103896
1669,Miłosz Szpar,2937.0,1.2583279669129608,0.7787381423145601,0.5892393320964749
2029,Roberto Martin del Campo,2488.0,1.2577155950279977,0.7786326095372762,0.5888682745825603
1725,Nebojsa Ristic,2564.0,1.2574264092725782,0.7785827603453106,0.5884972170686457
2234,Stamatis Kourkoulos-Arditis,2852.0,1.257296540155159,0.7785603711844484,0.588126159554731
2149,Serafin Moral Garcia,2670.0,1.2542225486560366,0.7780299486073271,0.5877551020408164
2164,Sergey Sklokin,3023.0,1.2511649439581651,0.7775014534055174,0.5873840445269016
2220,Soham Kamotra,2739.0,1.2504622942944454,0.7773798762711671,0.587012987012987
1879,Pavel Chernomordik,2503.0,1.2496114828223357,0.7772325997457935,0.5866419294990723
1044,Ivan Ivanisevic,2814.0,1.24934710309266,0.7771868211329349,0.5862708719851577
1711,Namitbir Singh Walia,2607.0,1.2475275999591737,0.7768715834848754,0.5858998144712431
1376,Levente Miszler,2567.0,1.247403697567984,0.7768501052441534,0.5855287569573284
554,Daniel Pinto,2562.0,1.2465718899951765,0.7767058748522584,0.5851576994434138
97,Aleksandra Maltsevskaya,2797.0,1.2463346723378432,0.7766647305780688,0.584786641929499
940,Hamed Wafa,2825.0,1.2458359255880707,0.7765782077120797,0.5844155844155844
2127,Satbek Akhmedinov,2703.0,1.2457768001705647,0.7765679490186171,0.5840445269016697
110,Alex Fier,2822.0,1.245432829164895,0.7765082608734687,0.5836734693877551
2293,Tehni4arce,2559.0,1.2437879603900281,0.7762226752872602,0.5833024118738405
2150,Serban Cristian,2644.0,1.2435891334990385,0.7761881369540278,0.5829313543599258
326,Armin Mušović,2431.0,1.239952376372476,0.7755557245786096,0.5825602968460112
896,Giorgio Belli,2504.0,1.2380071026389103,0.7752169311450582,0.5821892393320964
2204,Sihan Tao,2609.0,1.2375344146647125,0.7751345518838836,0.5818181818181818
1903,Peter Prohaszka,2708.0,1.23679448538706,0.7750055552316045,0.5814471243042671
1060,Iwo Karolczuk,2902.0,1.235223927393208,0.7747315757013459,0.5810760667903525
1263,Karol Kucza,2677.0,1.2337986575085171,0.7744827365555235,0.5807050092764379
2254,Sujana Lohani,2315.0,1.2332066874484848,0.7743793267226489,0.5803339517625232
714,Egor Koshulyan,3009.0,1.2277982125028482,0.7734329776445052,0.5799628942486086
23,Adam Gibała,2731.0,1.22771946972364,0.7734191789032141,0.5795918367346938
1050,Ivan Mezentsev,2482.0,1.2271199999078792,0.7733141094237418,0.5792207792207792
2183,Shamsiddin Vokhidov,3030.0,1.2261527542386714,0.7731445070174187,0.5788497217068646
2170,Sergiy Zavgorodniy,2556.0,1.2240456539445619,0.7727747256294507,0.5784786641929499
1758,Nikolai Kabanov,2506.0,1.22276368388132,0.7725495407296225,0.5781076066790353
781,Evgenij Shuvalov,2810.0,1.2202062721429598,0.7720998474553121,0.5777365491651206
1309,Kirk Ghazarian,2926.0,1.2177632439007215,0.771669682381329,0.577365491651206
928,Gulrukhbegim Tokhirjonova,2880.0,1.2166016878698542,0.7714649567583906,0.5769944341372912
1637,Mikayel Mkrtchyan,2599.0,1.2155201313817292,0.7712742150354831,0.5766233766233766
2402,Veaceslav Slovineanu,2510.0,1.2150561955533519,0.7711923616766088,0.576252319109462
476,Carlos Eduardo Cardozo Munar,2368.0,1.2138865732715427,0.7709859108631465,0.5758812615955473
1661,Milton Pantzar,2521.0,1.2137096290996094,0.7709546669278825,0.5755102040816327
790,Evgeny Postny,2800.0,1.2116935027896698,0.7705984576806743,0.575139146567718
374,Assel Serikbay,2269.0,1.2114282313523574,0.7705515605650517,0.5747680890538034
1156,John Curtis,2314.0,1.2108929008214737,0.7704568994272445,0.5743970315398886
1172,Jonny Cueto,2486.0,1.2107951527299292,0.7704396119205931,0.574025974025974
935,HRVOJE FAJDETIĆ,2444.0,1.210361683471584,0.7703629385131557,0.5736549165120594
1,AFRUZA Khamdamova,2682.0,1.2068217494411853,0.7697361111818389,0.5732838589981447
1378,Levy Rozman,2849.0,1.205955025895575,0.7695824550810713,0.5729128014842301
1240,Jéssica Trindade Hubner,1953.0,1.2053417926726588,0.7694736953394843,0.5725417439703154
2122,Sargis Manukyan,2741.0,1.2043335972804563,0.7692948090960633,0.5721706864564008
2335,Todd Bryant,2353.0,1.2043196364690987,0.769292331317679,0.571799628942486
2302,Theodore Slade,2554.0,1.2033889101628148,0.769127103085719,0.5714285714285714
2235,Stanislav Bukreev,2859.0,1.2004294955325632,0.768601179554597,0.5710575139146568
2688,Феликс Тульчинский,2769.0,1.198694538697878,0.7682924677859095,0.5706864564007421
2230,Srinath Narayanan,2844.0,1.1961285098596335,0.7678353510593584,0.5703153988868275
438,Bobur Sattarov,2877.0,1.1954512624404803,0.7677146001747532,0.5699443413729128
20,Abigail Zhou,2282.0,1.1951514203886848,0.7676611253814927,0.5695732838589982
2379,Vaishali R,2805.0,1.194668263183857,0.767574939515636,0.5692022263450834
558,Daniel Tabuenca Mendataurigoitia,2865.0,1.1935488122343498,0.7673751655594637,0.5688311688311688
1365,Leonardo Duarte,2316.0,1.1929970442091458,0.7672766546311746,0.5684601113172542
989,Igor Da Paz Palácio,2264.0,1.1901266047945231,0.7667637066306686,0.5680890538033395
325,Armin Kekic,2360.0,1.189899216898894,0.7667230387665043,0.5677179962894249
944,Hanna Wesołowska,2344.0,1.1895677884234779,0.7666637546201283,0.5673469387755102
783,Evgeniy Najer,2861.0,1.184828789293678,0.7658149218735667,0.5669758812615956
121,Alex Wang,2110.0,1.1838286582413868,0.765635508260911,0.5666048237476808
1106,Jan Subelj,2902.0,1.1782819859425429,0.7646387596681866,0.5662337662337662
2682,Рамиль Хасангатин,2676.0,1.1775407540209013,0.764505336715918,0.5658627087198516
1461,Malyi Viacheslav,2753.0,1.1765419456766413,0.764325466826209,0.5654916512059369
785,Evgeny Alekseev,2946.0,1.1705247977791773,0.7632398622920675,0.5651205936920223
2020,Robert Mcligeyo,2233.0,1.1696922354832635,0.7630893813385409,0.5647495361781076
301,Antonio Ruperez Benito,2750.0,1.1619694201265824,0.7616903845459598,0.564378478664193
1171,Jonathan Yedidia,2424.0,1.1608300156571643,0.7614835002984188,0.5640074211502782
386,Austin Mei,2665.0,1.1597797146624167,0.7612926855446753,0.5636363636363636
696,Edgar Hayrapetyan,2723.0,1.1588395757756187,0.7611217957740556,0.563265306122449
2401,Vasily Volovich,2774.0,1.1548224748492544,0.7603906589864305,0.5628942486085343
1867,Patryk Cieslak,3001.0,1.1538064799591687,0.7602054990962979,0.5625231910946197
1177,Jose Antonio Garrido Diaz,2561.0,1.153298677461379,0.7601129179746495,0.562152133580705
2473,Vo Quoc Bao Tran,2711.0,1.1522263021806882,0.7599173251645032,0.5617810760667904
1540,Marvin Guevara,2116.0,1.1513294777689644,0.7597536677050152,0.5614100185528756
1826,Olga Zhuravleva,2347.0,1.1512843806252135,0.7597454361156878,0.561038961038961
392,Aydin Suleymanli,3066.0,1.1496070355734895,0.7594391330722559,0.5606679035250464
376,Asylbek Abdyjapar,2776.0,1.1454318967149195,0.7586755453705323,0.5602968460111317
329,Arnold Mayeregger,2629.0,1.1350800884591292,0.7567751925253686,0.5599257884972171
2595,elamier fathy,2434.0,1.1340037455479424,0.7565770191006908,0.5595547309833024
170,Alexey Kornyukov,2275.0,1.1338503662753885,0.7565487703994118,0.5591836734693878
1734,Nhung Hong Nguyen,2626.0,1.1337871506930748,0.7565371269921559,0.558812615955473
2410,Viacheslav Mikhailov,2824.0,1.1247111821400821,0.754861546329754,0.5584415584415584
795,FAUSTO CASTELLA GARCIA,2116.0,1.1238368492057615,0.7546997188238046,0.5580705009276438
2353,Tyhran Ambartsumian,2835.0,1.1211090203705467,0.7541943703907658,0.5576994434137291
2000,Ricardo D Darruda,2480.0,1.1184190047745153,0.7536953403228854,0.5573283858998145
1314,Klára Kovács,2463.0,1.116690767476804,0.7533743719947551,0.5569573283858998
229,Anatoly Krutko,2464.0,1.1147216158216402,0.7530083182882013,0.5565862708719852
1577,Max Warmerdam,2946.0,1.1127642063124545,0.7526440857085844,0.5562152133580704
2015,Robert Díaz Villagrán,2729.0,1.1101044273595653,0.752148579414771,0.5558441558441558
91,Aleksandr Lenderman,2913.0,1.1098862608870395,0.7521079063450316,0.5554730983302412
2314,Thore Perske,2592.0,1.106101462763946,0.7514015894052116,0.5551020408163265
1633,Mihailo Djokic,2812.0,1.1037627438130384,0.7509644663474613,0.5547309833024119
824,Flavio Wisniacki,2477.0,1.1025492866255897,0.7507374603195348,0.5543599257884972
2360,Ufuk Sezen Arat,2639.0,1.1017344405647336,0.7505849464325502,0.5539888682745826
610,Deepweb2020,2519.0,1.0987208263287336,0.7500203502591546,0.5536178107606679
465,CAMPO ELIAS GUZMAN,1998.0,1.0930373326914555,0.748953239554647,0.5532467532467532
245,Andrei Skvortsov,2904.0,1.0915355432194582,0.7486707641097446,0.5528756957328386
1074,Jaiveer Mahendru,2682.0,1.091085824068733,0.748586134209255,0.5525046382189239
114,Alex Jian,2361.0,1.0908033587224493,0.7485329691046958,0.5521335807050093
1771,Nils Richter,2703.0,1.0888565529908263,0.7481663419327352,0.5517625231910946
2253,Stöttner Lukas,2360.0,1.088158713589757,0.7480348368232065,0.55139146567718
1761,Nikolaos Spyropoulos,2604.0,1.0872291749662155,0.7478595981834636,0.5510204081632653
267,Andrii Vachylia,2756.0,1.0867054761767552,0.7477608337790163,0.5506493506493506
1052,Ivan Povshednyi,2885.0,1.0839033229827653,0.7472319400156485,0.550278293135436
137,Alexander Rustemov,2973.0,1.0838316549064162,0.7472184033698527,0.5499072356215213
1601,Meri Arabidze,2780.0,1.0835341959747176,0.7471622142847207,0.5495361781076067
2644,Алексей Мокшанов,2611.0,1.0835066355424665,0.7471570077848523,0.549165120593692
2625,winniethepooh04,2329.0,1.0819425266153928,0.7468614124172117,0.5487940630797774
2623,thisunaa,2082.0,1.0809677173064687,0.7466770711663796,0.5484230055658627
1819,Olga Badelka,2534.0,1.0794716985655954,0.746393994177282,0.548051948051948
1063,Jacek Stachanczyk,2446.0,1.076191048760788,0.7457724981589718,0.5476808905380334
134,Alexander Mikhnenko,2637.0,1.0745731405635555,0.745465627475633,0.5473098330241187
2519,Yahli Sokolovsky,2824.0,1.072964962240004,0.7451603606261088,0.5469387755102041
2494,Wellington Albuquerque Jr.,2335.0,1.0704046541427825,0.7446738622392606,0.5465677179962894
2597,freshfoodcompany,2506.0,1.0703665039722061,0.7446666085002717,0.5461966604823748
2380,Valdis Troņenkovs,2577.0,1.0683209110025853,0.7442774684070477,0.5458256029684602
1721,Nathaniel Mullodzhanov,2883.0,1.0680927053611562,0.7442340319442188,0.5454545454545454
183,Ali Mortazavi,2540.0,1.0641623431198868,0.7434851706336773,0.5450834879406308
723,Elham Amar,3016.0,1.0628418282764969,0.743233247719611,0.5447124304267161
1000,Ihor Vypkhaniuk,2700.0,1.0616713067580825,0.7430098046263515,0.5443413729128015
638,Diego Flores Quillas,2677.0,1.0615046502357055,0.7429779809021287,0.5439703153988869
2078,Rustem Gorbenko,2414.0,1.0592032636600228,0.7425382585148049,0.5435992578849722
758,Erik Golubovic,2617.0,1.0586717664042746,0.7424366363267119,0.5432282003710576
949,Harold Wanyama,2510.0,1.0583497949668903,0.742375062701109,0.5428571428571428
900,Girish Koushik,2684.0,1.0581982472104867,0.7423460774720371,0.5424860853432282
1652,Mikhail Pesotskiy,2636.0,1.0574975681687553,0.7422120369722055,0.5421150278293135
1391,Liwia Jarocka,2508.0,1.0526837882337787,0.741289927073045,0.5417439703153989
1809,Oleksandr Prokhorov,2404.0,1.0510510904999242,0.7409766863222892,0.5413729128014843
1492,Marcus Harvey,2830.0,1.0475113578964041,0.7402967253139938,0.5410018552875696
2366,Umut Erdem Gündüz,2678.0,1.0472825755038384,0.7402527377688082,0.540630797773655
811,Felix Rose,2227.0,1.0467280121991172,0.7401460928946334,0.5402597402597402
1716,Nasyrova Ekaterina,2381.0,1.0439473149434786,0.7396109247709551,0.5398886827458256
1290,Kevin Chor,2537.0,1.0414440497385424,0.7391285403374374,0.5395176252319109
1319,Konstantin Borsuk,2758.0,1.0402015461532566,0.7388888926783764,0.5391465677179963
369,Ashot Nadanian,2777.0,1.0380748342781345,0.738478373287927,0.5387755102040817
946,Haowen Xue,3061.0,1.0326541574421944,0.7374301359525199,0.538404452690167
1970,Raphael Alonso,2573.0,1.0318589974402865,0.7372761424969888,0.5380333951762524
456,Bruno Morado Rodrigues,2514.0,1.0315847408533978,0.7372230155303966,0.5376623376623376
587,David George Samir,2588.0,1.0306248305317673,0.7370370143315184,0.537291280148423
1855,Paolo Ciuffoletti,2223.0,1.0263533313234063,0.7362083025033609,0.5369202226345083
2394,Vardan Danielian,2700.0,1.025916484296534,0.736123455594134,0.5365491651205937
416,Beksultan Moldagali,2831.0,1.02421843871398,0.7357934852962499,0.536178107606679
978,Huseyin Said Deveci,2662.0,1.0212292119838322,0.7352119658932307,0.5358070500927644
122,Alexander A. Chernov,2363.0,1.019807329392191,0.7349350678687409,0.5354359925788498
379,Atousa Pourkashiyan,2596.0,1.019522422797623,0.7348795627783439,0.535064935064935
1981,Raven Sturt,2796.0,1.0162587987282672,0.7342432184781501,0.5346938775510204
1109,Jann-Christian Tiarks,2486.0,1.01530071467542,0.7340562254755812,0.5343228200371057
979,Héctor Elissalt Cardenas,2349.0,1.0137816112479463,0.7337595642012205,0.5339517625231911
2527,Yelyzaveta Hrebenshchykova,2446.0,1.0114249982889172,0.7332989310807059,0.5335807050092765
138,Alexander Spichkin,2413.0,1.0095953664648167,0.7329409543385128,0.5332096474953618
298,Antonio Lopez Del Alamo,2451.0,1.0094979155017176,0.7329218789990218,0.5328385899814472
2593,champ2005,3057.0,1.009054322576934,0.7328350378668798,0.5324675324675324
2281,Tamas Banusz,3101.0,1.0076223228567747,0.7325545762639272,0.5320964749536178
231,Anderson Esmeraldas,2604.0,1.0066742383812528,0.7323687881508494,0.5317254174397031
317,Ariel Nicolas Tokman,2704.0,1.0063791464268323,0.7323109447612793,0.5313543599257885
1620,Michał Kopczyński,2600.0,1.0048597112281685,0.7320129822923958,0.5309833024118739
2030,Robinson Perez,2396.0,1.0028234447418196,0.7316133392751801,0.5306122448979592
252,Andrew Jing,2586.0,1.0024269329481728,0.7315354749485825,0.5302411873840446
1742,Nicolas Cogan,2429.0,1.0024101246544532,0.7315321739326809,0.5298701298701298
100,Aleksei Belov,2678.0,0.9985026550158649,0.7307640809042926,0.5294990723562152
210,Ameet Ghasi,2716.0,0.9963461927178967,0.7303395903152479,0.5291280148423005
1547,Matensien,2550.0,0.9956624131033873,0.73020490303815,0.5287569573283859
1757,Nikolai Aliavdin,2705.0,0.9941739274770551,0.7299115624205342,0.5283858998144713
1368,Leonardo Vincenti,2560.0,0.9940718108913273,0.7298914306154192,0.5280148423005566
716,Egor Lashkin,2916.0,0.9939642490255993,0.729870224276746,0.527643784786642
1712,Narayan Venkatesh,2600.0,0.9935452932600217,0.7297876151375717,0.5272727272727272
1566,Matthias Bluebaum,3095.0,0.9933701277731224,0.7297530715245344,0.5269016697588126
1941,Qingyu Yuan,2788.0,0.9930723401144874,0.7296943397524839,0.5265306122448979
1469,Marat Gilfanov,2955.0,0.9922931435134208,0.7295406231133036,0.5261595547309833
2614,pawel jaracz,2783.0,0.9918919598893687,0.7294614578410957,0.5257884972170687
1966,Ramyres Santana Coelho,2233.0,0.9890822593099147,0.7289066132730962,0.525417439703154
2340,Tomasz Jaskolka,2696.0,0.9888827074362503,0.7288671796700233,0.5250463821892394
615,Deniel Causo,2739.0,0.9884542495190098,0.7287824995936526,0.5246753246753246
1763,Nikolas Theodorou,3179.0,0.9866214035441496,0.7284200700094866,0.52430426716141
74,Alejandro Cosoi Scherzer,2084.0,0.9839273868557807,0.7278868002860674,0.5239332096474953
354,Arthur Olinto de Souza,2124.0,0.982741303415053,0.7276518120900836,0.5235621521335807
603,David Zhurbinsky,2636.0,0.9779895352332542,0.7267091140936374,0.5231910946196661
2093,Sahib Singh,2727.0,0.976988674083703,0.7265102949928646,0.5228200371057514
2074,Ruslan Kavyev,2814.0,0.9755979160373842,0.7262338739505146,0.5224489795918368
1122,Jean Meunier-Pion,2449.0,0.9739717189330896,0.7259104373923383,0.522077922077922
908,Gnel Melikyan,2804.0,0.9734473392437293,0.7258060921044744,0.5217068645640074
2079,Ryan Amburgy,2843.0,0.9711779721261999,0.7253542303468061,0.5213358070500927
2633,yaguigor,2738.0,0.9706784218667153,0.7252547010041203,0.5209647495361781
1810,Oleksandr Shymanskyi,2601.0,0.969870001767732,0.7250935856263601,0.5205936920222635
2206,Simao Poscidonio Dias,2474.0,0.9667378378697196,0.7244688024029764,0.5202226345083488
1963,Ramil Faizrakhmanov,2931.0,0.9651460775696297,0.7241509516485025,0.5198515769944342
466,Caio Poeta,2573.0,0.9608403710665385,0.7232900298596607,0.5194805194805194
954,Harshin Reddy Jagirapu,2636.0,0.9605485534688487,0.7232316212241852,0.5191094619666048
892,Giannis Kalogeris,2685.0,0.9593186355434788,0.722985363871097,0.5187384044526901
1948,Radoslaw Szczepanek,2398.0,0.957263559823609,0.7225735898358235,0.5183673469387755
1679,Mohammadhossein Shamsi,2478.0,0.9547384994742201,0.7220671293527839,0.5179962894248609
1852,Padmini Rout,2626.0,0.9547054175176122,0.7220604902121792,0.5176252319109462
487,Chanchal Kumer Ghosh,2098.0,0.9513136414392749,0.7213792851758156,0.5172541743970316
2278,Tahsin Tajwar Zia,2607.0,0.949951977719679,0.7211055202518155,0.5168831168831168
1422,Luis Eusebio Oro,2314.0,0.9443347113097564,0.7199744167435461,0.5165120593692022
148,Alexandra Afanasieva,2603.0,0.9423283043007471,0.719569724027766,0.5161410018552876
1396,Loic Travadon,2622.0,0.9409742192260273,0.719296403149143,0.5157699443413729
253,Andrew Tang,3106.0,0.9396653154295516,0.7190320477356055,0.5153988868274583
1190,Josep Lacasa Diaz,2501.0,0.9395734350965128,0.7190134852412565,0.5150278293135436
1794,Obolenskikh Dmitry,2761.0,0.9372759720664456,0.7185490882097049,0.514656771799629
1784,Noah Thomforde-Toates,2860.0,0.9355863692479858,0.7182072630524827,0.5142857142857142
1511,Mario Sibilio,2272.0,0.9346155939208174,0.7180107505029303,0.5139146567717996
1892,Pawel‚ Dudzinski,2545.0,0.933811849563849,0.7178479868164375,0.513543599257885
789,Evgeny Melikhov,2451.0,0.9325546050241496,0.7175932719428882,0.5131725417439703
2388,Valerio Carnicelli,2730.0,0.9319674807756453,0.7174742741548571,0.5128014842300557
2177,Shaaketh Sivakumar,2930.0,0.9235031326828809,0.7157553550962538,0.512430426716141
644,Dimitris Alexakis,2897.0,0.9184117373399179,0.714718375736697,0.5120593692022264
2560,Zbigniew Pakleza,3004.0,0.9164965818533082,0.7143277226323751,0.5116883116883116
2171,Serhan Berat Özdemir,2622.0,0.9153122774174323,0.7140859878422379,0.511317254174397
1031,Isaque Goncalves Santos,1804.0,0.9122752990647269,0.7134655335797898,0.5109461966604824
2621,starplatinum2030,2370.0,0.91030545112518,0.7130626634334493,0.5105751391465677
884,Gergana Peycheva,2518.0,0.9093524962165089,0.7128676451784719,0.5102040816326531
2287,Tarasova Viktoriya,2403.0,0.9091253968256519,0.7128211585553579,0.5098330241187384
1722,Naveen Jain,2379.0,0.9084924661528477,0.7126915756677271,0.5094619666048238
589,David Haydon,2704.0,0.9083514971880984,0.7126627096737341,0.509090909090909
2453,Vladimir Damjanovic,2659.0,0.9071345463105791,0.7124134445996935,0.5087198515769944
105,Alena Nikulina,2206.0,0.9050718446058257,0.7119906520894145,0.5083487940630798
534,Damian Śliwicki,2576.0,0.8975800109335399,0.7104519403676178,0.5079777365491651
1113,Jasper Rom,2492.0,0.8952420398429606,0.7099707598431372,0.5076066790352505
757,Erik Blomqvist,2583.0,0.8947511791385443,0.7098696751799207,0.5072356215213358
1482,Marcin Sieciechowicz,2752.0,0.8946576913711581,0.7098504205552513,0.5068645640074212
222,Anastasios Mihailidis,2520.0,0.8939666129877955,0.7097080634763107,0.5064935064935064
1753,Nikita Meshkovs,2917.0,0.8935222780061229,0.709616511930733,0.5061224489795918
1752,Nikita Matinian,2820.0,0.892834724863647,0.7094748136827491,0.5057513914656772
50,Aisen Mestnikov,2378.0,0.8914494809699907,0.7091892039616858,0.5053803339517625
1423,Luis Fernández Siles,2402.0,0.8912435910362229,0.7091467394182854,0.5050092764378479
649,Diogo Duarte Guimaraes,2412.0,0.8818285496621856,0.7072009981557262,0.5046382189239332
773,Evan Ai,2492.0,0.8803515562648236,0.7068950668916338,0.5042671614100186
2152,Sergei Iskusnyh,2768.0,0.8782335701856683,0.7064560397525136,0.5038961038961038
2209,Simon Williams,2793.0,0.8780269030272443,0.7064131801352127,0.5035250463821892
2465,Vladimír Bochnička,2491.0,0.8778365539561941,0.7063737014052666,0.5031539888682746
1093,James Allen,2188.0,0.877799613756836,0.7063660395839738,0.5027829313543599
1480,Marcin Krzyżanowski,2829.0,0.8776838379784309,0.7063420256020467,0.5024118738404453
1579,Maxim Gavrilov,2656.0,0.875451682066215,0.7058788120385663,0.5020408163265306
718,Ekaterina Borisova,2604.0,0.8702468118948072,0.7047970518241453,0.501669758812616
2227,Sricharan Pullela,2496.0,0.8699153155474839,0.7047280766195083,0.5012987012987012
1200,José Remolar,2500.0,0.8692943759629248,0.7045988511041649,0.5009276437847866
1632,Mihai-Lucian Grunberg,2628.0,0.8661848269071966,0.7039512202013815,0.500556586270872
1813,Oleksandr Yurovskykh,2652.0,0.8653554889525621,0.703778353707895,0.5001855287569573
768,Ethan Sheehan,2986.0,0.8650492199201381,0.7037145004758183,0.4998144712430427
740,Emre Mecit,2476.0,0.8640195260098196,0.7034997638563262,0.49944341372912804
271,Andrés Delgado,2429.0,0.863307703891647,0.7033512649092442,0.49907235621521334
1651,Mikhail Kobalia,2855.0,0.860487668286182,0.7027625321551657,0.4987012987012987
1406,Luca Suvorov,2560.0,0.8590730156126263,0.7024669443624781,0.49833024118738406
1602,Meri Grigoryan,2348.0,0.8590230911080905,0.7024565096792746,0.49795918367346936
2339,Tomas Laurusas,2819.0,0.8551848855458699,0.7016536582223544,0.4975881261595547
1520,Mark Timmermans,2777.0,0.8532709998979087,0.7012528588720848,0.4972170686456401
1950,Rafael Leitao,2883.0,0.8513152837704059,0.7008429804548076,0.49684601113172544
886,German Spata,2754.0,0.8512234893556325,0.700823734290481,0.49647495361781074
2528,Yevhenii Yelisieiev,2701.0,0.8503785631626526,0.7006465487066139,0.4961038961038961
2050,Roman Kuzmin,2694.0,0.8478172699040476,0.7001090646662401,0.49573283858998146
1348,Lazaro Lorenzo De La Riva,2535.0,0.8473938025333219,0.7000201474640712,0.49536178107606677
1150,Joaquin Fiorito,2889.0,0.8454920929745473,0.6996206519435518,0.4949907235621521
2596,esapunov,2736.0,0.8423540839871553,0.6989607815398712,0.4946196660482375
2439,Vitaly Teterev,2707.0,0.841427928439006,0.6987658689814696,0.49424860853432284
1297,Khagan Ahmad,2977.0,0.8412416738746655,0.6987266624102694,0.49387755102040815
2461,Vladimir Seliverstov,2993.0,0.8401085435902944,0.6984880760447293,0.4935064935064935
2397,Vasif Durarbayli,2981.0,0.8400459395890678,0.6984748913227524,0.49313543599257886
1673,Mohamed Ezat,2692.0,0.8397778592401686,0.6984184285284701,0.49276437847866417
656,Dmitrij Skurikhin,2371.0,0.8324267401042764,0.6968678066192405,0.4923933209647495
2670,Михаил Экдышман,2539.0,0.8303826493322077,0.6964358329333319,0.4920222634508349
825,Florescu Codrut Constantin,2639.0,0.8301811238199708,0.6963932261410373,0.49165120593692024
1710,Nameer Issani,2735.0,0.8301139702211051,0.6963790276884753,0.49128014842300555
361,Artyom Bogdanov,2673.0,0.8251046889870688,0.6953188482202837,0.4909090909090909
92,Aleksandr Rakhmanov,2912.0,0.822902654098919,0.6948521453837493,0.49053803339517627
2282,Tamas-Kristof Balla,2702.0,0.8210926586043108,0.6944682319636823,0.49016697588126157
1915,Piotr Brodowski,2742.0,0.820870707180057,0.6944211358102921,0.4897959183673469
2119,Santiago Quiñones García,2430.0,0.8191702970498591,0.6940601888226348,0.4894248608534323
541,Daniel Beniosev,2401.0,0.8140058895145819,0.6929624775123007,0.48905380333951765
1767,Nikolay Pavlov,2728.0,0.8135193579289144,0.6928589506675352,0.48868274582560295
830,Francesco Bettalli,2599.0,0.808454343908692,0.6917800365929705,0.4883116883116883
358,Artur Dilmukhametov,2453.0,0.8079114704704811,0.6916642728422048,0.48794063079777367
1556,Mathieu Ternault,2559.0,0.8056540146487814,0.6911826287730272,0.487569573283859
853,Gabriel Gähwiler,2931.0,0.8027726848713801,0.6905672726805758,0.48719851576994433
155,Alexandre Bouget,2452.0,0.8025048483941521,0.690510037359088,0.4868274582560297
1305,Kirill Klukin,2960.0,0.7997395665615805,0.689918769133761,0.48645640074211505
2382,Valentina Golubenko,2342.0,0.798605654161971,0.6896761380527568,0.48608534322820035
1570,Matyas Palczert,2779.0,0.7975636324203803,0.689453077405464,0.4857142857142857
2483,Volodymyr Yaniuk,2729.0,0.797197860970094,0.6893747575567437,0.48534322820037107
782,Evgenios Ioannidis,2850.0,0.7913408964696158,0.6881191745163441,0.4849721706864564
287,Anton Barash,2448.0,0.7913103940312967,0.688112628314618,0.48460111317254173
2563,Zhanibek Amanov,2471.0,0.7901267946422026,0.6878585552028099,0.4842300556586271
1913,Pierre Barbot,2344.0,0.7866384350267506,0.6871090820453138,0.48385899814471245
605,Dawid Czerw,2517.0,0.7866293112209846,0.6871071205132172,0.48348794063079775
1739,Nicola Altini,2683.0,0.7859309745254288,0.6869569648469588,0.4831168831168831
443,Bojan Todorovic,2456.0,0.7847233572409182,0.6866972116465594,0.48274582560296847
2057,Roman Yanchenko,2818.0,0.7813026513943617,0.685960797207951,0.48237476808905383
506,Christopher Woojin Yoo,3110.0,0.7811730409167943,0.6859328760297436,0.48200371057513913
1751,Nikita Kraiouchkine,2636.0,0.7791730501033634,0.6855018599418593,0.4816326530612245
1612,Michal Fudalej,2301.0,0.7790857833672522,0.6854830458837028,0.48126159554730985
579,Davi Sulzbacher,2524.0,0.7762827498450191,0.6848784089931705,0.48089053803339515
1791,Nurai Sovetbekova,2440.0,0.7726410672645008,0.6840919325130863,0.4805194805194805
709,Edvin Trost,2861.0,0.7725693679587602,0.6840764373601054,0.48014842300556587
708,Eduardo Peralta,2800.0,0.7720842082582795,0.6839715772890457,0.47977736549165123
653,Djuro Skaric,2431.0,0.7714781471194732,0.6838405598674445,0.47940630797773653
600,David Temirkanov,2525.0,0.7706454320325173,0.6836604971053304,0.4790352504638219
2240,Stanoje Jovic,2532.0,0.7697787208574969,0.6834730246704251,0.47866419294990725
1298,Khumoyun Begmuratov,2965.0,0.7686136389319289,0.6832209197237867,0.47829313543599256
1375,Levan Pantsulaia,2873.0,0.7661149012789172,0.6826798702749324,0.4779220779220779
201,Alua Nurman,2703.0,0.7635783944080696,0.6821301372652978,0.4775510204081633
336,Artak Manukyan,2523.0,0.7621788714979187,0.6818266033338595,0.47717996289424863
915,Grigor Grigorov,2939.0,0.7619802844954666,0.6817835204954816,0.47680890538033394
300,Antonio Pedro Freixial Vasques,2364.0,0.7614752597291172,0.6816739429152474,0.4764378478664193
2041,Rohun Trakru,2734.0,0.7574212291206015,0.6807935930700065,0.47606679035250465
1041,Iung Alicio de O. Pinheiro,2651.0,0.7557510081845695,0.6804305216669464,0.47569573283858996
1940,Qianyun Gong,2728.0,0.7531594490418119,0.6798667372298598,0.4753246753246753
69,Alberto Martin Fuentes,2786.0,0.752675946603234,0.6797614947615102,0.4749536178107607
1424,Luis Galego,2574.0,0.7526392533861017,0.6797535071163148,0.47458256029684603
964,Henry Deng,2672.0,0.7525490757106095,0.6797338761392708,0.47421150278293134
2449,Vladimir Bugayev,2410.0,0.7465590954589967,0.6784284815052983,0.4738404452690167
1759,Nikolai Vlassov,2730.0,0.7452638835689127,0.6781458485572409,0.47346938775510206
1832,Omer Akkara,2785.0,0.7447701558877693,0.6780380760736807,0.47309833024118736
727,Elliott Winslow,2327.0,0.7444245065149389,0.6779626153280001,0.4727272727272727
2529,Yichen Han,2792.0,0.7407858787551209,0.6771676823751773,0.4723562152133581
55,Akshay Borgaonkar,2833.0,0.7401141057593028,0.677020807522445,0.47198515769944344
491,Chesswizard_2007,3047.0,0.7396968569638815,0.6769295636465738,0.47161410018552874
2478,Volodar Murzin,3129.0,0.7358701287249083,0.6760921077703298,0.4712430426716141
577,Darvi Abraham Crispin Ferreras,2442.0,0.734921124322355,0.6758842490865563,0.47087198515769946
460,Bulat Mirzanurov,2154.0,0.7343072751607078,0.6757497618692551,0.47050092764378476
1645,Mikhail Bryakin,2979.0,0.7332888421196468,0.6755265710176709,0.4701298701298701
2216,Slobodan Filipovic,2498.0,0.7321142632883699,0.6752690615258797,0.4697588126159555
316,Arian Baradaran Tamadon,2659.0,0.728598351396613,0.6744976151138,0.46938775510204084
1342,Lala Huseynova,2451.0,0.7279912949137382,0.6743643213937859,0.46901669758812614
960,Henning Holinka,2699.0,0.7247096243150937,0.6736432641552019,0.4686456400742115
1325,Konstnatin Andreev,2642.0,0.7242925446321715,0.6735515633741349,0.46827458256029686
2135,Sebastian  Zsombor Peczely,2566.0,0.7237077085293917,0.6734229566469275,0.46790352504638216
2116,Santiago  Rodriguez,2583.0,0.7215410359339858,0.67294627337953,0.4675324675324675
2349,Tudor Henry Edward,2620.0,0.7182295834568873,0.6722170402051383,0.4671614100185529
2345,Torben Søraas,2406.0,0.7134729686966654,0.6711681042885399,0.46679035250463824
646,Dina Belenkaya,2551.0,0.7132737642821896,0.6711241380804379,0.46641929499072354
2155,Sergei Mihajlovskij,2519.0,0.7116043959122047,0.6707555756862403,0.4660482374768089
1184,Jose Garcia Molina,2534.0,0.7105654086676241,0.6705260824165922,0.46567717996289426
39,Adrian Suarez Uriel,2487.0,0.7066181145044057,0.6696534565683547,0.46530612244897956
224,Anatole Vlachos,2708.0,0.7063614226928996,0.6695966693223084,0.4649350649350649
1890,PavelShkapenko,2817.0,0.7034260520941098,0.6689469338352388,0.4645640074211503
1167,Jonathan Dourérassou,2827.0,0.7018788907828393,0.6686042147211869,0.46419294990723564
665,Dmitry Kryakvin,2946.0,0.7004875429180828,0.6682958578443559,0.46382189239332094
1676,Mohamed Salem Yahi,1874.0,0.6967858943174452,0.6674747787508296,0.4634508348794063
2069,Rudik Makarian,3073.0,0.6967634175153767,0.6674697899564166,0.46307977736549166
597,David Rodríguez López,2500.0,0.6960606515078407,0.6673137899681827,0.462708719851577
1081,Jakob Postlmayer,2683.0,0.695852277345355,0.6672675280212242,0.4623376623376623
1947,Radmila Kovacevic,2250.0,0.6957353614753137,0.6672415696681059,0.4619666048237477
200,Altay Eynullayev,2494.0,0.6949879260692793,0.6670755956531312,0.46159554730983304
1107,Jan Zienkiewicz,2655.0,0.6937356657472122,0.6667974283237359,0.46122448979591835
2110,Samuel Zenelaj,2606.0,0.6889064962148481,0.6657236272589351,0.4608534322820037
2420,Viktor Berezin,2566.0,0.6880799541962697,0.6655396669813509,0.46048237476808906
346,Artem Sadovsky,2708.0,0.6820887543780687,0.6642047261839934,0.4601113172541744
985,Ieuan Ward,2439.0,0.6814333033846518,0.6640585207561019,0.4597402597402597
2534,Yoel Estarling Polanco Nunez,2336.0,0.6722628009369611,0.6620096528744447,0.4593692022263451
218,Anastasia Avramidou,2725.0,0.6691301653669033,0.6613083613235182,0.45899814471243044
479,CarlosjPineror,2726.0,0.6690569059875555,0.6612919525222137,0.45862708719851575
2025,Roberto Al Avila Bautista,2666.0,0.6679482757074799,0.6610435916883415,0.4582560296846011
724,Elijah Logozar,2466.0,0.6674193316625097,0.6609250637674231,0.45788497217068647
1476,Marcel Winkels,2104.0,0.6667934050956692,0.6607847775424238,0.4575139146567718
584,David Brodsky,2876.0,0.6660940556544617,0.6606280019631245,0.45714285714285713
880,Georgios Kanakaris,2612.0,0.6647834164803657,0.6603340966037703,0.4567717996289425
1216,Juan Rottenwohrer Suarez,2478.0,0.6627501576767951,0.6598779023702767,0.45640074211502785
1640,Mike Ivanov,2537.0,0.6612928919201666,0.6595507588575278,0.45602968460111315
2547,ZAHAR HILKEVICH,2615.0,0.6611137135493026,0.6595105243589744,0.4556586270871985
2023,Robert Safin,2590.0,0.656761906435019,0.6585326209748618,0.45528756957328387
42,Agustin Ambrogi,2545.0,0.6557645526530216,0.658308313167547,0.4549165120593692
2612,parintele_chess,2205.0,0.6507899220514801,0.6571884477184878,0.45454545454545453
1874,Paul Richter,2787.0,0.6495332869072463,0.6569052822390767,0.4541743970315399
2428,Vilka Sipilä,2638.0,0.6398557323469394,0.6547208479781629,0.45380333951762525
2064,Ruben Akhayan,2468.0,0.6393029191232156,0.6545958675275309,0.45343228200371055
147,Alexandr Triapishko,2846.0,0.6391951504977245,0.6545715006226751,0.4530612244897959
1346,Laurin Jahnz,2563.0,0.6378204870734203,0.654260612694934,0.45269016697588127
2354,Tykhon Cherniaiev,2871.0,0.6377123734841055,0.6542361565971239,0.45231910946196663
763,Ernesto Real de  Azua,2667.0,0.6368690376405457,0.6540453597710197,0.45194805194805193
2412,Victor Bologan,2854.0,0.6366822478082774,0.6540030936145562,0.4515769944341373
1985,Read Samadov,2979.0,0.6350344935093304,0.6536301401948242,0.45120593692022265
1019,Indy Southcott-Moyers,2630.0,0.6345463981700572,0.6535196282088979,0.45083487940630795
1900,Pere Garriga Cazorla,2801.0,0.6343669863259755,0.6534790025569274,0.4504638218923933
2459,Vladimir Mikhailovsky,2944.0,0.6339269170744091,0.6533793446997496,0.45009276437847867
1479,Marcelo Villalba,2578.0,0.6334073481080518,0.6532616660588568,0.44972170686456403
2002,Richard Bethke,2463.0,0.6330179366460955,0.6531734548695545,0.44935064935064933
1497,Margarita Potapova,2764.0,0.6316214002431861,0.6528570188175917,0.4489795918367347
970,Hong Anh Nguyen,2611.0,0.630452287343255,0.6525920099002807,0.44860853432282005
1891,Pawel Flis,2249.0,0.6233270350732605,0.6509748520736519,0.44823747680890536
408,Bao Nghia Dong,2652.0,0.6202738274521931,0.6502808237907267,0.4478664192949907
2009,Rick GC,2422.0,0.6196411446393704,0.6501369281256065,0.4474953617810761
596,David Paravyan,3147.0,0.6189604238014095,0.6499820762905973,0.44712430426716143
728,Elnaz Kaliakhmet,2602.0,0.615661559042552,0.6492311959881167,0.44675324675324674
111,Alex Fishbein,2713.0,0.6152624050359226,0.649140291212524,0.4463821892393321
2198,Shubhi Gupta,2517.0,0.611853020963748,0.6483633852468474,0.44601113172541745
2481,Volodymyr Vetoshko,2849.0,0.6116892663156186,0.6483260501950553,0.44564007421150276
725,Eline Roebers,2841.0,0.6106968895347071,0.6480997556105349,0.4452690166975881
1833,Omran Alhosani,2453.0,0.6100842973093634,0.6479600311967201,0.4448979591836735
2160,Sergey Rodchenkov,2627.0,0.6093784948869372,0.6477990153300278,0.44452690166975883
1207,Juan Carlos Mesa Cruz,2513.0,0.6037101311172162,0.6465046663251116,0.44415584415584414
2129,Satria Duta Cahaya,2815.0,0.6028349324940168,0.646304625961039,0.4437847866419295
136,Alexander Reprintsev,2641.0,0.602741976664138,0.6462833764381833,0.44341372912801486
1168,Jonathan Hrach,2469.0,0.5996857626094609,0.645584410372949,0.44304267161410016
677,Dmitry Zenin,2555.0,0.598982597266084,0.6454235060352371,0.4426716141001855
2132,Sayed Javad Alavi,2878.0,0.5974734337471661,0.6450780551899429,0.4423005565862709
166,Alexey Evdokimov,2671.0,0.5951498698772619,0.6445458906109361,0.44192949907235624
176,Alfeu Junior Varela Bueno,2432.0,0.5941643288121892,0.6443200646092239,0.44155844155844154
1255,Kalyani Sirin,2633.0,0.5927953633775713,0.6440062745011387,0.4411873840445269
1377,Levon Aronian,3115.0,0.5916213082364861,0.6437370625598117,0.44081632653061226
1004,Ildar Idrisov,2423.0,0.591149283735172,0.6436288012794192,0.4404452690166976
828,Floryan Eugene,2902.0,0.5899637295279092,0.643356823520611,0.4400742115027829
2211,SirMittensofMittensville,2677.0,0.5892302892805663,0.6431885188318472,0.4397031539888683
350,Artemy Gogolev,2696.0,0.5891353700667841,0.6431667348564216,0.43933209647495364
1196,Joshua Colas,2696.0,0.5889984583920622,0.6431353125613114,0.43896103896103894
667,Dmitry Maximov,2762.0,0.5858043660685182,0.6424018944562869,0.4385899814471243
2594,edison ruge,2216.0,0.5851000851600601,0.6422400896275281,0.43821892393320966
2650,Володимир Михальський,2606.0,0.5850519841277286,0.6422290374856092,0.437847866419295
2042,Roman Dehtiarov,2814.0,0.5847554111494038,0.6421608907711813,0.4374768089053803
670,Dmitry Ponomarev,2262.0,0.5843810254194315,0.6420748559910131,0.4371057513914657
2279,Talaibek Osmonbekov,2395.0,0.583882357309573,0.6419602465938513,0.43673469387755104
1062,Jaan Ehlvest,2695.0,0.5836447788933894,0.6419056379976018,0.43636363636363634
1257,Kamil Warchoł,2524.0,0.5825251162485161,0.6416482283462874,0.4359925788497217
1048,Ivan Kubatko,2500.0,0.5814060487707495,0.6413908739261768,0.43562152133580706
741,Enes Tanriverdi,2817.0,0.5793665102869374,0.6409216273375306,0.4352504638218924
557,Daniel Taboas Rodriguez,2704.0,0.5782727824980292,0.6406698768494342,0.4348794063079777
1451,Maka Purtseladze,2573.0,0.5767545474561064,0.6403202863507332,0.4345083487940631
1605,Michael Buscar,2463.0,0.5736149972416253,0.6395968977695193,0.43413729128014844
1991,Remy Rushbrooke,2145.0,0.5702289184029752,0.6388159951975713,0.43376623376623374
707,Eduardo Muzzi,1958.0,0.5692093087477224,0.6385807072581637,0.4333951762523191
2077,Rustam Rustamov,3018.0,0.5690714873849823,0.6385488981158493,0.43302411873840446
1847,Pablo Glavina,2826.0,0.5661009257813046,0.6378629982228583,0.4326530612244898
484,Cervantes Landeiro Thalia,2475.0,0.5655945170982593,0.6377460127951486,0.4322820037105751
1812,Oleksandr Yevchenko,2386.0,0.5655908925540452,0.6377451754306487,0.4319109461966605
1357,Lenin Guerra Tulcan,2518.0,0.5626712954351563,0.6370704009198812,0.43153988868274584
1411,Lucas Do Valle Cardoso,2900.0,0.5513006296419691,0.6344372943508267,0.43116883116883115
2493,Ward Al-Tarboush,2728.0,0.5511830480555622,0.6344100236205893,0.4307977736549165
693,Dushyant Sharma,2639.0,0.5504216170090093,0.634233403846263,0.43042671614100186
454,Brewington Hardaway,2632.0,0.5459797970259306,0.6332023712094716,0.4300556586270872
525,Cristian Silva Lucena,2607.0,0.5408303848052798,0.6320055652533718,0.4296846011131725
1821,Olga Karavaeva,2260.0,0.5405669810737948,0.6319443021243147,0.4293135435992579
2454,Vladimir Demin,2564.0,0.5393696902801972,0.6316657794526255,0.42894248608534324
1560,Matt Pon,2540.0,0.5364096309111241,0.6309768118227408,0.42857142857142855
2568,Zoey Tang,2502.0,0.5352674191931461,0.6307108136846048,0.4282003710575139
478,Carlos Morales,2510.0,0.534382340933977,0.6305046421238911,0.42782931354359927
305,ApacheSVD,2566.0,0.5295153736462339,0.6293700734733868,0.4274582560296846
2577,Zviad Izoria,2911.0,0.5294090160832567,0.6293452638069784,0.42708719851576993
470,Carles Martín Barceló,2462.0,0.5293356705703403,0.6293281543513413,0.4267161410018553
2228,Srihari L,2818.0,0.5293120440662866,0.6293226428799958,0.42634508348794065
355,Artin Ashraf,3065.0,0.5286016442929578,0.6291569086890849,0.42597402597402595
1745,Nicolò Napoli,2553.0,0.5275030855776404,0.6289005582783551,0.4256029684601113
924,Guillermo Baches Garcia,2588.0,0.5230720481568358,0.6278658328740737,0.42523191094619667
872,Geordie Derraugh,2481.0,0.5226651574764878,0.6277707577876321,0.424860853432282
835,Francisco Orantes Taboada,2440.0,0.5220711795528246,0.6276319496835564,0.42448979591836733
1499,Maria Florencia Fernández,2427.0,0.52104240283255,0.6273914826351193,0.4241187384044527
1772,Nima Hosseinzadeh,2693.0,0.520761958858805,0.6273259205100541,0.42374768089053805
446,Boris Grachev,2959.0,0.5198272373972852,0.6271073677512359,0.42337662337662335
535,Damir Ismagilov,2701.0,0.5180928643127114,0.6267017061753095,0.4230055658627087
1419,Luis David Jimenez Almeida,2522.0,0.5175075254124675,0.6265647579316546,0.42263450834879407
2338,Tomas Kraus,2216.0,0.5173484557354104,0.6265275378426965,0.42226345083487943
1108,Jan-Krzysztof Duda,3178.0,0.5130670364937799,0.6255251837440107,0.42189239332096473
555,Daniel Rangel,2459.0,0.5117503164378965,0.6252166997819495,0.4215213358070501
1370,Leonid Nozdrachev,2602.0,0.5114523329134304,0.6251468734457574,0.42115027829313545
377,Atanas Dimitrov,2808.0,0.5088456901065346,0.6245358383240307,0.42077922077922075
2524,Yaroslav Shevchenko,2623.0,0.5076010098570265,0.6242439270147991,0.4204081632653061
635,Diego Adla,2693.0,0.5051357340362612,0.6236654865406783,0.42003710575139147
342,Artem Gulevich,2462.0,0.5031025185471183,0.6231881570884558,0.41966604823747683
1273,Katharina Reinecke,2049.0,0.49965930659846336,0.6223792636480401,0.41929499072356213
2505,Wilson Morales,2736.0,0.4996153861876653,0.6223689412719812,0.4189239332096475
2590,broskolis,2502.0,0.49873086279211165,0.6221610329259168,0.41855287569573285
1379,Lewis Martin,2354.0,0.4941551207361732,0.6210847829439943,0.41818181818181815
1700,Mykola Korchynskyi,2922.0,0.4940436882672419,0.6210585582428357,0.4178107606679035
1100,Jan Kokoszczynski,2759.0,0.49253723379516146,0.6207039573767987,0.4174397031539889
1151,Joaquin Rodrigo Jimenez,2470.0,0.4924985813794125,0.6206948573746645,0.41706864564007423
1730,Neven Hercegovac,2510.0,0.49215802552803023,0.620614676078623,0.41669758812615953
1090,Jakub Seemann,2866.0,0.49107980151954056,0.6203607729762373,0.4163265306122449
2189,Sharvesh Deviprasath,2636.0,0.4904215961552847,0.6202057445930605,0.41595547309833025
420,Bence Pribelszky,2459.0,0.48762509284678934,0.6195468055429353,0.4155844155844156
1111,Jaroslav Sobek,2079.0,0.4833195587824468,0.6185314332464544,0.4152133580705009
695,EREBUNI91,2790.0,0.4830167225417865,0.61845997638038,0.4148423005565863
372,Aslan Aitbayev,2798.0,0.48278917240626384,0.6184062805571348,0.41447124304267163
2578,abelmat,2310.0,0.48111792034668,0.6180118206085431,0.41410018552875694
885,German Bazeev,2885.0,0.4801644268951808,0.6177867010343598,0.4137291280148423
1495,Margarita Fakhretdinova,2445.0,0.4796165575684075,0.617657326335612,0.41335807050092765
163,Alexei Shirov,2955.0,0.4774159803817355,0.6171375107934833,0.412987012987013
613,Dejan Tasev,2739.0,0.4767539058936716,0.6169810644982894,0.4126159554730983
2035,Rodrigo Román,2475.0,0.47674966864022394,0.6169800631694202,0.4122448979591837
268,Andriy Diachek,2684.0,0.47536429103173905,0.6166526237258665,0.41187384044526903
2666,Маргарита Филиппова,2509.0,0.47447785863687475,0.6164430563960666,0.41150278293135434
380,Attila Jr. Forgacs,2606.0,0.47186706575029813,0.6158255705066688,0.4111317254174397
207,Alvaro Rodriguez,2503.0,0.47162159373793777,0.6157674939978361,0.41076066790352506
2408,Veronika Shubenkova,2703.0,0.47044192809748786,0.6154883495100104,0.4103896103896104
732,Emanuel Vaglio,2569.0,0.4703061559281645,0.6154562168331867,0.4100185528756957
1744,Nicolas Perossa,2664.0,0.4687133289307779,0.6150791734282974,0.4096474953617811
1384,Liem Le,3065.0,0.46686160506440366,0.6146406719240135,0.40927643784786644
890,Gevorg Harutjunyan,2882.0,0.4642492239157452,0.6140217247999489,0.40890538033395174
2569,Zoran Velickovic,2426.0,0.4636734228697641,0.6138852515449869,0.4085343228200371
459,Bryan Xie,2594.0,0.45902823239152735,0.6127836205490794,0.40816326530612246
1801,Oleg Rychkov,2780.0,0.45462563205497286,0.6117384549002635,0.4077922077922078
622,Denis Makhnev,3076.0,0.45080285084186844,0.6108301019659006,0.4074211502782931
2217,Sofia Blokhin,2341.0,0.44957410144575505,0.610537967981705,0.4070500927643785
2474,Vojislav Milanovic,2522.0,0.44846063235227174,0.6102731732252301,0.40667903525046384
162,Alexei Saveliev,2811.0,0.446795594951122,0.6098770883841301,0.40630797773654914
396,Aziz Degenbaev,2708.0,0.4465807075450323,0.6098259596557789,0.4059369202226345
943,Han Schut,2314.0,0.44604833410333633,0.6096992802423907,0.40556586270871986
2635,Ágoston Juhász,2745.0,0.4454392784454768,0.6095543359826735,0.4051948051948052
1699,Mykola Bortnyk,3170.0,0.44407126179515455,0.6092287022119466,0.4048237476808905
2270,Swara Lakshmi Nair,2371.0,0.44156720276909667,0.6086324003707864,0.4044526901669759
1568,Matthias Mattenberger,2655.0,0.44117886302624143,0.6085398943304376,0.40408163265306124
583,David Blanco Diez,2413.0,0.4405119500465382,0.6083810114312964,0.40371057513914654
2283,Tamaz Mgeladze,2741.0,0.4373416969063415,0.6076254283641654,0.4033395176252319
2392,Valiantsin Yezhel,2547.0,0.43581879638392174,0.6072622838946709,0.40296846011131726
1814,Oleksiy Solovchuk,2569.0,0.43532787870056744,0.6071451964156401,0.4025974025974026
2374,Vahan Nalbandyan,2770.0,0.43427151062430713,0.6068932031020837,0.4022263450834879
2421,Viktor Dmitrenko,2777.0,0.4331818748467189,0.6066332142506231,0.4018552875695733
2076,Rustam Khusnutdinov,2937.0,0.4281176376387945,0.6054240882157477,0.40148423005565864
1678,Mohammad Mohammadian,1889.0,0.42785098925673193,0.605360387923601,0.40111317254174395
698,Edgardo J. Almedina Ortiz,2401.0,0.4264528936526055,0.6050263348652078,0.4007421150278293
1355,Leinier Dominguez Perez,3011.0,0.42089508194861214,0.6036974152619418,0.40037105751391466
2468,Vladislav Gontcharov,2703.0,0.41990696826942564,0.6034609879743936,0.4
2067,Rubén Domingo Núñez,2746.0,0.4188748077563993,0.6032139699172426,0.3996289424860853
1335,Krzysztof Jakubowski,2805.0,0.41776943632757657,0.6029493725575654,0.3992578849721707
1902,Peter Lizak,2644.0,0.41431414556315715,0.602121877485665,0.39888682745825604
477,Carlos Martins,2471.0,0.4134417426699235,0.6019128563368416,0.39851576994434135
2638,İlhan Serhat Salman,2600.0,0.41104682724492214,0.601338861801684,0.3981447124304267
1148,Joao Avalos,2448.0,0.4098154602905302,0.6010436288625196,0.39777365491651206
2008,Rick Frischmann,2580.0,0.4086532414562658,0.6007649074929469,0.3974025974025974
2499,William Alfaro Caracas,2408.0,0.4085903209631736,0.6007498161414129,0.3970315398886827
1288,Keti Tsatsalashvili,2500.0,0.40617747299588736,0.6001709553875625,0.3966604823747681
688,Dragan Popadic,2415.0,0.4058799329832974,0.6000995538388634,0.39628942486085345
837,Franciszek Sernecki,2501.0,0.4057089004583938,0.600058508737367,0.39591836734693875
1360,Leo Crevatin,2558.0,0.40278920828722065,0.5993576125298365,0.3955473098330241
1397,Looi Xin Hao,2406.0,0.40245489197911777,0.599277331135781,0.39517625231910947
1170,Jonathan Subervi,2384.0,0.4023728570391496,0.5992576307757792,0.3948051948051948
2082,Rômulo Cardoso,2502.0,0.40227724736497095,0.5992346700932529,0.39443413729128013
2659,Евгений Бурмакин,2471.0,0.4020747698490359,0.599186043638731,0.3940630797773655
2396,Varuzhan Akobian,2969.0,0.40188096368396486,0.5991394978429653,0.39369202226345085
676,Dmitry Zacurdajev,2392.0,0.39604346627639053,0.5977366902933393,0.39332096474953615
2615,realmadridtv,2377.0,0.3956417791390967,0.5976401018188569,0.3929499072356215
2258,Sultanbeibarys Dumanuly,2542.0,0.3954234251170847,0.5975875938916957,0.39257884972170687
1429,Luka Paichadze,2966.0,0.395105615261663,0.5975111656689417,0.3922077922077922
2318,Tigran Mukhutdinov,2752.0,0.3883054140628701,0.595874695759177,0.39183673469387753
1035,Israel Caspi,2730.0,0.38796479024281805,0.5957926681257686,0.3914656771799629
1261,Karl Bowden,2514.0,0.3853414199995324,0.5951607397865447,0.39109461966604825
1604,Mert Erdoğdu,2785.0,0.38082396204817215,0.5940718171798659,0.3907235621521336
1173,Jorden Van Foreest,3128.0,0.37757692568881307,0.5932885541972158,0.3903525046382189
2200,Shyaamnikhil P,2631.0,0.3774854613029017,0.5932664839045185,0.38998144712430427
1073,Jaime Vaglio,2256.0,0.3703264389134189,0.5915378552273243,0.38961038961038963
1238,Justin Storm,2509.0,0.3682085170744731,0.5910260221758942,0.38923933209647493
1861,Pariston Hill,2517.0,0.3636375272061665,0.5899206907467222,0.3888682745825603
877,Georgi Orlov,2576.0,0.3608687940657136,0.5892507283218104,0.38849721706864565
568,Dantelle Joubert,2056.0,0.3603534501555137,0.5891259916809053,0.388126159554731
1140,Jesus Martin Duque,2472.0,0.35907039806504937,0.5888153850323756,0.3877551020408163
371,Asish Panda,2704.0,0.34869024208251176,0.5862999300429902,0.38738404452690167
1129,Jemal Ovezdurdyeva,2435.0,0.3461017495843768,0.5856719452440697,0.38701298701298703
2364,Ulrich Zimmermann,2536.0,0.34598110832502194,0.5856426700951952,0.38664192949907233
1110,Jarmo Hartikainen,2222.0,0.3392254269725399,0.5840023576251864,0.3862708719851577
2188,Sharath Radhakrishnan,2559.0,0.3320617061594602,0.5822609369870182,0.38589981447124305
955,Hasan Atis,2564.0,0.33114897163967427,0.5820389130507096,0.3855287569573284
1474,Marcel Beulen,2447.0,0.3306180633085267,0.5819097535619382,0.3851576994434137
2553,Zala Urh,2328.0,0.3299329179378869,0.5817430546532576,0.3847866419294991
2430,Vince Gergő Turcsányi,2512.0,0.3292834275352323,0.5815850135149829,0.38441558441558443
1352,Leandro Jiménez,2541.0,0.3265984726642115,0.5809315034039357,0.38404452690166974
239,Andrei Ioan Trifan,2714.0,0.32192636786298756,0.5797936508858629,0.3836734693877551
746,Enrique Fonseca Manrique,2685.0,0.32164231505249585,0.5797244446869393,0.38330241187384045
2686,Соловьев Александр,2282.0,0.32161188966559884,0.5797170317056003,0.3829313543599258
1292,Kevin Davidson,2455.0,0.32132228102724536,0.5796464683238913,0.3825602968460111
0,4empechement,2522.0,0.32008377482746475,0.5793446685804841,0.3821892393320965
471,Carlos Alberto Gallegos Diaz,2563.0,0.31976378008162687,0.5792666824660125,0.38181818181818183
856,Gabriel Voiteanu,2291.0,0.3189775800807011,0.5790750603911753,0.38144712430426714
2649,Владимир Матвеев,2664.0,0.3146068924166263,0.5780093511700456,0.3810760667903525
1524,Marko Perestjuk,2417.0,0.31398333894146635,0.5778572500165535,0.38070500927643786
1973,Raset Ziatdinov,2655.0,0.3129855054893076,0.5776138213803953,0.3803339517625232
764,Ervin Ozkan,2765.0,0.31063986308902614,0.5770414367653165,0.3799628942486085
30,Adham_Hossam2011,2327.0,0.30963421428636906,0.5767959744785348,0.3795918367346939
156,Alexandre Qashashvili,2246.0,0.3083015298120566,0.5764706297796397,0.37922077922077924
1942,Quiet_Desperation,1533.0,0.3068738315626085,0.576122016048642,0.37884972170686454
90,Aleksandr Ivanov,2339.0,0.30285138167918735,0.5751394123649128,0.3784786641929499
2060,Rosh Jain,2622.0,0.2974592595215917,0.5738212945206127,0.37810760667903526
840,Frank Buchenau,2405.0,0.2968381889806544,0.5736694045021595,0.3777365491651206
2264,Suvrajit Saha,2248.0,0.29676973493500736,0.5736526624188314,0.3773654916512059
1103,Jan Murawski,2507.0,0.29221320041985344,0.5725378744946634,0.3769944341372913
2616,samarth Rao 1664 Leavud Rating,1878.0,0.29165656491795033,0.5724016389949904,0.37662337662337664
529,Cyrielle Monpeurt,2246.0,0.2906231021970811,0.5721486718179948,0.37625231910946194
1010,Ilya Gruzman,2071.0,0.29024749753736856,0.5720567233464826,0.3758812615955473
514,Colombiano07,2529.0,0.28881160261528827,0.5717051687149731,0.37551020408163266
2363,Ulises Hernández Bermúdez,2389.0,0.28753405542298616,0.5713923219771088,0.375139146567718
53,Akhmedov_David,2777.0,0.28599248255789433,0.571014744467444,0.3747680890538033
2144,Semen Novozhilov,2914.0,0.2858929813685327,0.5709903707917424,0.3743970315398887
942,Hampus Sorensen,2770.0,0.28459165489732463,0.5706715679748967,0.37402597402597404
1918,Piotr Kejna,2688.0,0.2833478576040296,0.570366804010688,0.37365491651205934
1374,Lev Zverev,2776.0,0.2826297447107402,0.5701908226290908,0.3732838589981447
1764,Nikolay Kleimenov,2720.0,0.2800051110302286,0.5695474769759371,0.37291280148423006
976,Hui Li,2445.0,0.27750829912822095,0.5689352447147449,0.3725417439703154
1144,Jiner Zhu,2750.0,0.2769452024975747,0.5687971410733943,0.3721706864564007
2147,Senthil Maran,2603.0,0.27604659151405997,0.5685767278836709,0.3717996289424861
2522,Yaroslav Demchenko,2544.0,0.27429581666245006,0.568147216199532,0.37142857142857144
353,Arthur Muromtsev,2318.0,0.2728754072014672,0.5677986765980377,0.37105751391465674
1512,Marius Deuer,2627.0,0.2708944190076892,0.5673124703372985,0.3706864564007421
882,Gerardo Antonio Gracia Alvarez,2461.0,0.27035665283032007,0.5671804606192986,0.37031539888682746
357,Artiom Stribuk,3009.0,0.2687263296608906,0.5667801940738845,0.3699443413729128
76,Alejandro Domingo Nunez,2632.0,0.26680126806152504,0.5663074530401208,0.3695732838589981
2290,Tatev Abrahamyan,2528.0,0.26256659393026194,0.565267112444232,0.3692022263450835
2276,Sơn Đặng,2809.0,0.26132716220352936,0.5649625096372345,0.36883116883116884
1013,Ilyass Msellek,2872.0,0.2607107530753039,0.5648110026183173,0.3684601113172542
2613,patzer-reloaded,2339.0,0.25885497323577233,0.5643547980596122,0.3680890538033395
2269,Svyatoslav Lisenkov,2825.0,0.2577096264333756,0.564073184132075,0.36771799628942486
2224,Sourath Biswas,2623.0,0.2575300437574093,0.564029025208946,0.3673469387755102
1898,Pedro Gil Ferreira Da Silva,2450.0,0.2574470328253664,0.5640086126887043,0.3669758812615955
70,Alberto Santos Flores,2550.0,0.2536402553126198,0.5630722880479163,0.3666048237476809
2352,Turkan Mamedjarova,2409.0,0.24967065927789278,0.5620954372500262,0.36623376623376624
273,Angel Gabriel Cordoba Roa,2828.0,0.2489341174203359,0.5619141334917516,0.3658627087198516
2676,Николай Оглоблин,2567.0,0.24516639320321865,0.560986430167606,0.3654916512059369
2350,Tuna Özateş,2626.0,0.24147770243025768,0.5600777736055547,0.36512059369202227
401,Bahadir Ozen,2904.0,0.23841333959795374,0.5593226047856831,0.3647495361781076
390,Axel Delorme,2606.0,0.23749736819781386,0.5590968231433442,0.36437847866419293
1756,Niklesha Tharushi,2467.0,0.23604409847378083,0.5587385504549651,0.3640074211502783
2486,Vugar Manafov,2983.0,0.23576701634207797,0.5586702348041787,0.36363636363636365
238,Andrei Belozerov,2838.0,0.2355924267481182,0.5586271879365408,0.363265306122449
2523,Yaroslav Remizov,2864.0,0.23557240547953207,0.5586222514296465,0.3628942486085343
986,Ignacio Gago,2210.0,0.2346037557674805,0.558383404288466,0.36252319109461967
1152,Joey Grochal,2613.0,0.23442509399147404,0.5583393473754709,0.362152133580705
1182,Jose Fernando Cuenca,2810.0,0.2315443686218055,0.5576288516083374,0.36178107606679033
540,Daniel Barria,2698.0,0.2296042261978961,0.5571502060130135,0.3614100185528757
1904,Peter Roberson,2740.0,0.22902233091256363,0.5570066279759677,0.36103896103896105
2479,Volodya Torosyan,2703.0,0.2276834220119559,0.556676226708484,0.3606679035250464
36,Adrian Antonio Garcia Garcia,2531.0,0.22581747521300333,0.5562156852222561,0.3602968460111317
1561,Matt Zavortink,2579.0,0.22560381871188895,0.5561629456617037,0.35992578849721707
1433,MF Pablo Alexander Ruiz Aguilar,2313.0,0.22422251691714568,0.5558219508212886,0.35955473098330243
272,Andy Woodward,3171.0,0.22372960818782328,0.5557002562410378,0.35918367346938773
248,Andres Carrasco Miranda,2476.0,0.22201556844246717,0.5552770238413797,0.3588126159554731
1218,Juan Sebastian Melian,2705.0,0.21565870225080275,0.5537066845005869,0.35844155844155845
1028,Isaak Parpiev,3039.0,0.21499188128732172,0.5535418967480163,0.3580705009276438
2358,Tyrell Harriott,2313.0,0.21129113336930683,0.5526271386202138,0.3576994434137291
937,Hajiyev Kanan,2686.0,0.2103536965301025,0.5523953643326959,0.35732838589981447
2518,Yago Labussiere,2328.0,0.20771305450331923,0.5517423631443373,0.35695732838589983
2163,Sergey Shtyka,2517.0,0.20592380405995048,0.551299799989417,0.35658627087198513
2021,Robert Piliposyan,2911.0,0.20264912029267812,0.5504896115528711,0.3562152133580705
232,Andre Bold,2578.0,0.20142651187075877,0.5501870574831699,0.35584415584415585
1372,Leonid Starozhilov,2845.0,0.19901415513937426,0.5495899724025143,0.3554730983302412
2169,Sergio Joshafatt Morales Garcia,2511.0,0.19802050111174552,0.5493439903545804,0.3551020408163265
839,Franco Manteiga,2189.0,0.19727585309640006,0.5491596346761839,0.3547309833024119
818,Fernando Valenzuela,2800.0,0.1952971010950053,0.548669681165577,0.35435992578849723
2429,Vilmos Balint,2392.0,0.19384372827206242,0.5483097552230037,0.35398886827458254
1945,Raahul V S,2703.0,0.19237971722848002,0.5479471436372821,0.3536178107606679
2589,bratkoo,2546.0,0.18733984257234226,0.5466984621873575,0.35324675324675325
1284,Ken Arnold,2465.0,0.18670592921835194,0.5465413616077531,0.3528756957328386
2393,Vantika Agrawal,2608.0,0.18553258800328365,0.546250552029018,0.3525046382189239
1740,Nicolai Maxime Østensen,2908.0,0.1817758466336974,0.5453192420619684,0.3521335807050093
89,Aleksandr Domalchuk-Jonasson,2817.0,0.17955298199663972,0.5447680359962788,0.35176252319109463
1502,Maria Larina,2293.0,0.17935384178054825,0.544718649614384,0.35139146567717994
808,Felix Ilinca,3014.0,0.17847628030150364,0.5445010056277658,0.3510204081632653
2158,Sergey Grigoriants,3000.0,0.17787788137851734,0.5443525869821806,0.35064935064935066
2362,Uliana Dudkina,2621.0,0.1761703071582641,0.5439290205090835,0.350278293135436
1243,Kaan Kucuksari,2814.0,0.17583543692532988,0.5438459479483788,0.3499072356215213
2066,Rubens Gazineu,2050.0,0.1724493673476566,0.5430058162336879,0.3495361781076067
1628,Miguel Angel Marino,2349.0,0.1724231438283379,0.5429993088469248,0.34916512059369204
523,Cristian Robledo,2417.0,0.1721383966893706,0.542928647678025,0.34879406307977734
2197,Shubh Laddha,2669.0,0.1720991249808952,0.5429189021070835,0.3484230055658627
2507,Wladimir Zampronha,2438.0,0.1720217011256544,0.5428996886966689,0.34805194805194806
1287,Ketevan Arakhamia-Grant,2468.0,0.16871769090592093,0.5420796512999996,0.3476808905380334
1185,Jose Guilherme Barria Santos,2704.0,0.166821476940898,0.5416089180095118,0.3473098330241187
1071,Jaime Rodriguez Santiago,2288.0,0.16452524015566805,0.5410387800699717,0.3469387755102041
2308,Thomas Diem,2418.0,0.1610636091321309,0.5401790810575854,0.34656771799628944
1840,Ortik Nigmatov,2832.0,0.15744032032315936,0.5392789780899929,0.34619666048237474
1279,Keith Jeffrey Khumalo,2708.0,0.15737866547458967,0.5392636594642083,0.3458256029684601
898,Giovanni B Tavares Da Silva,2344.0,0.15182844066823176,0.5378843626446431,0.34545454545454546
2055,Roman Shton,2501.0,0.14975699342542104,0.5373694336015034,0.3450834879406308
2403,Vedant Goswami,2390.0,0.14828035154052,0.5370023150317543,0.3447124304267161
864,Gary Leschinsky,2558.0,0.1472294720156837,0.5367410238483942,0.3443413729128015
1430,Lukasz Jarmula,2685.0,0.14614966144933383,0.5364725182197229,0.34397031539888684
673,Dmitry Sumaneev,2556.0,0.14476050032944787,0.536127058416227,0.3435992578849722
914,Grigor Dilanyan,2758.0,0.14294825080232698,0.5356763319316568,0.3432282003710575
2199,Shukhrat Makhmudov,2387.0,0.13968435766429543,0.5348644191111035,0.34285714285714286
1228,Julio Antonio Hernando Rodrigo,2593.0,0.1368522164235566,0.5341597572391237,0.3424860853432282
188,Alikhon Avazkhonov,2574.0,0.134053915541406,0.5334633812134766,0.3421150278293135
720,Ekaterina Miroshnik,2626.0,0.13234265518076693,0.5330374581026859,0.3417439703153989
1188,Jose Rafael Gascon,2777.0,0.1316928375219435,0.5328757094800439,0.34137291280148424
712,Egor Baskakov,2974.0,0.13144428160134147,0.5328138386369271,0.3410018552875696
2535,Yotam Shohat,2491.0,0.12681399716435937,0.5316610800896227,0.3406307977736549
848,GERARDO MARIN,2165.0,0.12401160466477368,0.5309632296888981,0.34025974025974026
428,Bianka Havanecz,2319.0,0.12025392209930708,0.5300273038252687,0.3398886827458256
1599,Melih YURTSEVEN,2658.0,0.11953830607936666,0.5298490412246756,0.3395176252319109
2322,Tikhonov Viacheslav,2560.0,0.11707191271380424,0.5292345954303956,0.3391465677179963
1380,Liam Baruch,2427.0,0.11578144284081127,0.528913068791744,0.33877551020408164
486,Chamal Gedgaf,2293.0,0.11503968624500516,0.5287282457704257,0.338404452690167
2260,Supratit Banerjee,2755.0,0.11196895504407411,0.5279630303783246,0.3380333951762523
208,Aman Hambleton,2960.0,0.1065512801360411,0.526612646626733,0.33766233766233766
2180,Shahruh Turayev,2900.0,0.10493742574649012,0.5262103088215614,0.337291280148423
1094,Jan Boder,2587.0,0.10365031437976313,0.5258894044184218,0.3369202226345083
1373,Leslie Carolin Torres Hernandez,2266.0,0.10341322170082368,0.5258302898001452,0.3365491651205937
2489,Vuk Djordjevic,2890.0,0.10148766186717673,0.5253501608505171,0.33617810760667904
1889,Pavel-Alexandru Nastore,2560.0,0.09875151132090565,0.5246678346464426,0.3358070500927644
190,Alina Semenova,2590.0,0.09445210513542879,0.5235954872194774,0.3354359925788497
1698,Mykhaylo Kepeshchuk,2642.0,0.09415315019521664,0.5235209144012153,0.33506493506493507
1192,Joseph Bellissimo,2620.0,0.09377507427043863,0.5234266037467034,0.3346938775510204
1222,Julia Elizabeth Sloan,2006.0,0.09228068564023051,0.5230538137368195,0.33432282003710573
2652,Григорий Гусаров,2746.0,0.09135630617097323,0.5228232052592051,0.3339517625231911
2515,Xu Yi,2927.0,0.09063400557495616,0.5226430033928091,0.33358070500927645
1027,Isaac Chiu,2905.0,0.08631666830167628,0.5215657789639837,0.3332096474953618
1340,Lagmantr,2712.0,0.08557696620413324,0.5213811945262161,0.3328385899814471
669,Dmitry Petukhov,2637.0,0.08363957225647756,0.5208977118531022,0.33246753246753247
2544,Yuriy Dovzik,2231.0,0.08330490346329356,0.5208141902261193,0.3320964749536178
365,Arvind Jayaraman,2417.0,0.0772785542267096,0.5193100295953029,0.33172541743970313
2603,kirillshevchenko,2971.0,0.07633738826165892,0.5190750847908798,0.3313543599257885
894,Gil Popilski,2619.0,0.07191045339624136,0.5179698703300695,0.33098330241187385
269,Andriy Prydun,2362.0,0.06783876476281847,0.5169531900025166,0.3306122448979592
1274,Kaua Marques Silva,2536.0,0.06431357493494883,0.5160728540226052,0.3302411873840445
1648,Mikhail Golubev,2724.0,0.06336245323100265,0.5158353156928019,0.32987012987012987
1428,Luiz Araujo,2330.0,0.0630955660271395,0.515768660534425,0.32949907235621523
101,Aleksei Pridorozhni,2866.0,0.06245912896774808,0.5156097079302241,0.32912801484230053
1235,Justin Chen,2859.0,0.06018279080613098,0.5150411580924023,0.3287569573283859
2326,Timofey Smirnov,1977.0,0.05838727905649854,0.5145926743736523,0.32838589981447125
1055,Ivan Vihor Krsnik Cohar,2766.0,0.05482628017899582,0.5137031376709305,0.3280148423005566
1001,Ilamparthi A R,2868.0,0.054150629426573005,0.5135343502975054,0.3276437847866419
1183,Jose Gabriel Cardoso,2943.0,0.0528987166723347,0.5132215961742156,0.32727272727272727
1056,Ivan Yeletsky,3031.0,0.05284477276595645,0.5132081196179794,0.32690166975881263
958,HeartAblaze,2844.0,0.05222601225487722,0.5130535361772918,0.32653061224489793
1064,Jack Mizzi,2650.0,0.050218592174430476,0.5125520102376038,0.3261595547309833
125,Alexander Fikiet,2492.0,0.04963156766744259,0.5124053455218427,0.32578849721706865
258,Andrey Gonzalez Zharikov,2463.0,0.04744805868887525,0.5118597897422542,0.325417439703154
1672,Mohamed Anees M,2775.0,0.046338579135390745,0.5115825722880555,0.3250463821892393
2107,Samuel Fieberg,2544.0,0.04595934034890181,0.5114878130534847,0.3246753246753247
2046,Roman Jiganchine,2395.0,0.04545079805551122,0.5113607438527819,0.32430426716141003
1153,Johan-Sebastian Christiansen,2954.0,0.04126391635319493,0.5103145155767476,0.32393320964749533
855,Gabriel Petesch,2550.0,0.040194787315519065,0.5100473441403485,0.3235621521335807
1893,Paweł Kowalczyk,2739.0,0.0383784212316538,0.5095934278209275,0.32319109461966605
748,Enzo Federzoni,2269.0,0.03560397259296799,0.508900052994049,0.3228200371057514
1539,Martyna Starosta,2477.0,0.03467073609218563,0.5086668158710911,0.3224489795918367
1392,Liya Kurmangaliyeva,2738.0,0.03282349192041423,0.5082051363214081,0.3220779220779221
1551,Mateusz Bartel,2969.0,0.032180591908483436,0.5080444537591149,0.32170686456400743
96,Aleksandra Lach,2489.0,0.0303593854282731,0.5075892634522257,0.3213358070500928
857,Gahan MG,2645.0,0.030205089437559174,0.5075506982964381,0.3209647495361781
926,Gukesh D,3080.0,0.026316758333464918,0.5065788098962482,0.32059369202226345
356,Artiom Samsonkin,2945.0,0.02318939018853783,0.5057970877685215,0.3202226345083488
294,Antoni Szustakowski,2695.0,0.02299466695799346,0.5057484134500073,0.3198515769944341
1367,Leonardo Valdés,2632.0,0.02112459070055106,0.5052809512919562,0.3194805194805195
2026,Roberto Carlos Gomez Ledo,2766.0,0.0174843420572115,0.5043709741634957,0.31910946196660483
2508,Wojciech Przybylski,2558.0,0.017248417633767055,0.5043119975045245,0.3187384044526902
572,Daria Zaichenko,2452.0,0.017206736376826015,0.504301577963411,0.3183673469387755
2415,Vidar Grahn,2440.0,0.012988616794263663,0.5032471085486325,0.31799628942486086
2153,Sergei Ljukin,2543.0,0.012492810942816845,0.5031231621163993,0.3176252319109462
351,Arthur De Winter,2829.0,0.012420180700100758,0.5031050052600553,0.3172541743970315
1514,Mariya Yakimova,2477.0,0.012244054765805146,0.5030609754505567,0.3168831168831169
1558,Matias Jaque,2534.0,0.01126536195274852,0.5028163107037977,0.31651205936920224
1866,Patryk Chylewski,2560.0,0.010018888817009852,0.5025047012528512,0.3161410018552876
303,Anusha Subramanian,2389.0,0.00974610374436935,0.5024365066498452,0.3157699443413729
296,Antonio Arencibia,2510.0,0.006156261932005691,0.5015390606221943,0.31539888682745826
871,Gennady Kozlov,2661.0,0.004886201154631564,0.5012215478582914,0.3150278293135436
2161,Sergey Sergienko,2310.0,0.0038726233445505187,0.5009681546261696,0.3146567717996289
1114,Javier Benitez,2634.0,0.00368514739087189,0.5009212858051059,0.3142857142857143
902,Giulia Sala,2344.0,0.003390921760754395,0.5008477296278978,0.31391465677179964
2304,Thomas Beerdsen,2833.0,0.00014059707509606056,0.5000351492687161,0.313543599257885
2516,Yaacov Norowitz,2916.0,-3.281098683860506e-05,0.49999179725329107,0.3131725417439703
391,Ayan Allahverdiyeva,2470.0,-0.002017341481872492,0.4994956648005715,0.31280148423005566
1045,Ivan Kalajzic,2455.0,-0.0029058857759132195,0.49927352906722544,0.312430426716141
2691,Эмир Шаршенбеков,2718.0,-0.0031261597343501535,0.4992184607029028,0.3120593692022263
2436,Vitaliy Bernadskiy,2888.0,-0.005251377904992971,0.4986871585407662,0.3116883116883117
2400,Vasiliy Korchmar,2678.0,-0.008614415042798917,0.49784640955711335,0.31131725417439704
2567,Zmiyevik2200,2644.0,-0.010885121701211808,0.49727874644381964,0.3109461966604824
1870,Pau Marin Ferragut,2653.0,-0.013954319564188467,0.49651147671675583,0.3105751391465677
1089,Jakub Pulpan,2822.0,-0.015023752896290432,0.49624413242138715,0.31020408163265306
1496,Margarita Novikova,2274.0,-0.016033559235706818,0.4959916960602739,0.3098330241187384
2265,Suyog Wagh,2895.0,-0.016052821281607343,0.49598688085864434,0.3094619666048237
2043,Roman Ganzhurov,2620.0,-0.018319983287025998,0.4954201322694766,0.3090909090909091
2517,Yagiz Kaan Erdogmus,3086.0,-0.020883613800992684,0.49477928628882817,0.30871985157699444
1068,Jacob Templen Grave,2506.0,-0.026653784331374553,0.4933369483785896,0.3083487940630798
2381,Valentin Dragnev,2909.0,-0.027715139458678095,0.49307165861795527,0.3079777365491651
219,Anastasia Bodnaruk,2704.0,-0.028137215570031238,0.4929661601606523,0.30760667903525046
1080,Jakob Leon Pajeken,2681.0,-0.0301570624638261,0.4924613057131821,0.3072356215213358
710,Eelke De Boer,2713.0,-0.031256372131222676,0.4921865430769298,0.3068645640074211
2138,Sebastian Półtorak,2750.0,-0.03252708553217332,0.4918689454999394,0.3064935064935065
1296,Kevin Yang,2760.0,-0.032912581778151484,0.491772597228358,0.30612244897959184
2690,Эдуардо Гербелли Нето,2352.0,-0.036569839804440285,0.49085855880413976,0.3057513914656772
2484,Vsevolod Ovchinnikov,2698.0,-0.037816519446068675,0.49054699666475243,0.3053803339517625
160,Alexei Gubajdullin,2797.0,-0.03923440927849686,0.49019265571695714,0.30500927643784786
1817,Olga Artemyeva,2189.0,-0.04093741523563921,0.48976707524048696,0.3046382189239332
1120,Jay Bonin,2443.0,-0.044378097603333444,0.48890729605138145,0.3042671614100185
1399,Loris Tavernier,2602.0,-0.04615332434622488,0.48846371665538907,0.3038961038961039
2509,Wojciech Śmieszek,2534.0,-0.048165727764484245,0.48796089546622656,0.30352504638218925
859,Galina Novikova,2520.0,-0.058319459186853884,0.48542426616853807,0.3031539888682746
539,Daniel Aguiar De Sousa,2045.0,-0.0588589379355664,0.4852895121575873,0.3027829313543599
2252,Steven Zierk,2953.0,-0.05889586198955232,0.4852802891394098,0.30241187384044527
526,Cristiano G Souza,2205.0,-0.06096962160791897,0.48476231455295793,0.3020408163265306
1248,Kacper Polok,2535.0,-0.06222074406429634,0.48444983043132983,0.30166975881261593
538,Dana Tuleyeva-Aketayeva,2244.0,-0.06649417686655212,0.483382578125933,0.3012987012987013
472,Carlos Alvarado,2493.0,-0.07174209739209214,0.48207216443315,0.30092764378478665
671,Dmitry Rostovtsev,2888.0,-0.07206702207523197,0.4819910381688165,0.300556586270872
328,Arnold Essing,2477.0,-0.07573530337724144,0.48107521907797746,0.3001855287569573
863,Garv Gaur,2672.0,-0.07767762815107382,0.48059035149818896,0.29981447124304267
827,Florian Jenni,2414.0,-0.082973764788286,0.4792684515520977,0.299443413729128
895,Gilbert Elroy Tarigan,2918.0,-0.0848792642912537,0.478792914583996,0.29907235621521333
1862,Patrick Aizpurúa,2696.0,-0.08505233914322563,0.4787497238684042,0.2987012987012987
1124,Jeet Jain,2768.0,-0.08781523020928095,0.47806028966907915,0.29833024118738405
1804,Oleg Yaksin,2646.0,-0.08953530109744356,0.47763111620659143,0.2979591836734694
511,Clement Cristian Daianu,2538.0,-0.08984672448933395,0.47755341672649293,0.2975881261595547
167,Alexey Jarovinsky,2901.0,-0.09066354653516218,0.4773496265178855,0.29721706864564007
1967,Randal Ferguson,2046.0,-0.09128899738511631,0.47719358690199,0.29684601113172543
582,David Bernat,2505.0,-0.0916888550593109,0.47709383137343614,0.2964749536178108
189,Alina Kashlinskaya,2610.0,-0.0949438624614487,0.4762818486592169,0.2961038961038961
330,Aron Pasti,2734.0,-0.0965144064056167,0.4758901108566862,0.29573283858998145
658,Dmitriy Kushko,2850.0,-0.0975579676914915,0.47562983371580214,0.2953617810760668
2294,Teimur Toktomushev,2809.0,-0.10313826357162803,0.47423826676549935,0.2949907235621521
1682,Moksh Amit Doshi,2753.0,-0.10610754400615718,0.47349797444169334,0.29461966604823747
1252,Kaganskiy Gleb,2344.0,-0.1075683985560616,0.47313380101012004,0.29424860853432283
2045,Roman Goldin,2493.0,-0.10853758619884246,0.47289220996149256,0.2938775510204082
2617,sau6on,2342.0,-0.11145298183974006,0.4721655613197708,0.2935064935064935
437,BobbyFischer1508,2466.0,-0.11417545392576667,0.4714871043812731,0.29313543599257885
2555,Zarikovs1999,1922.0,-0.11634243309162962,0.47094715488490385,0.2927643784786642
1709,Nail Bashirli,2780.0,-0.11935373928719528,0.4701969362839331,0.2923933209647495
1614,Michal Mazurkiewicz,2506.0,-0.12096941112396564,0.4697944728679468,0.2920222634508349
700,Edmund C Player,2358.0,-0.12211018453371647,0.4695103301490673,0.29165120593692023
2080,Ryan Hamley,2629.0,-0.12440374980541158,0.46893911117099285,0.2912801484230056
463,Buyankhishig Batpelden,2503.0,-0.12480451280726079,0.4688393083118718,0.2909090909090909
897,Giovanna Arbunic Castro,1947.0,-0.13106653150357328,0.46728019331029874,0.29053803339517625
1312,Klendi Zeneli,2521.0,-0.1314217732173324,0.46719176422735553,0.2901669758812616
650,Dion Krivenko,2586.0,-0.13534646145662865,0.46621494365608135,0.2897959183673469
769,Etienne Bacrot,3005.0,-0.1370453676216643,0.46579218066462363,0.2894248608534323
7,Aaradhya Das,2479.0,-0.14167638468113886,0.4646400300790451,0.28905380333951763
2024,Robert Sava,2616.0,-0.14225641874322914,0.464495749759278,0.288682745825603
2675,Николай Гриценко,2801.0,-0.14388105598387035,0.46409166178578376,0.2883116883116883
578,Dashgyn Ibadov,2505.0,-0.1510166906401409,0.4623174160126448,0.28794063079777366
1796,Olaf Michalski,2132.0,-0.15130602191071496,0.46224549482343075,0.287569573283859
2001,Ricardo Maruchi Desideri,2066.0,-0.15407185478715935,0.46155805125277805,0.2871985157699443
1592,Md Jamal Uddin,2033.0,-0.15462424846913958,0.46142077206913595,0.2868274582560297
500,Christian Stevens,2481.0,-0.1599738477477448,0.4600916118485629,0.28645640074211504
1025,Irina Mikhaylova,2336.0,-0.16224158821283385,0.4595283397344858,0.2860853432282004
490,Cherry Ann Mejia,2250.0,-0.1642908427179126,0.45901942508127713,0.2857142857142857
209,Amani Alazmi,2208.0,-0.16748010021936466,0.458227570933575,0.28534322820037106
1860,Paris Prestia,2768.0,-0.16997796809184873,0.4576075276035586,0.2849721706864564
2592,c_r_e_e_p_e_r,2378.0,-0.17122910480426157,0.45729700838047693,0.2846011131725417
1597,Meilis Annaberdiev,2729.0,-0.17360989745632338,0.4567062120447064,0.2842300556586271
1115,Javier Buenafé Moya,2376.0,-0.17401775839908318,0.45660501307237966,0.28385899814471244
2208,Simon Lamaze,2671.0,-0.17551743794311214,0.45623294155386707,0.2834879406307978
2692,Яков Гинзбург,2562.0,-0.17592881089413037,0.45613088816266034,0.2831168831168831
2452,Vladimir Chernikov,2583.0,-0.17978028605488294,0.45517559412059677,0.28274582560296846
1315,Koen Leenhouts,2702.0,-0.18074921127084398,0.4549353200619224,0.2823747680890538
2346,Trisha Kanyamarala,2571.0,-0.1810426005140835,0.4548625695358257,0.2820037105751391
2565,Zhongyi Tan,2732.0,-0.18200431874934697,0.45462410973964223,0.2816326530612245
1853,Panagiotis Hristodoulou,2778.0,-0.1849670074136922,0.4538896369406539,0.28126159554730984
2387,Valerie Ruchinskaya,2341.0,-0.18813896872004054,0.4531035063678328,0.2808905380333952
1402,Luca Albertini,2490.0,-0.18856708880278816,0.4529974200351095,0.2805194805194805
327,Arnaldo Jesus Fernandez De La Vara Mulet,2900.0,-0.18883505562884384,0.45293102116900236,0.28014842300556586
697,Edgard Vinicius Zanette,2288.0,-0.1888563990304215,0.4529257326099876,0.2797773654916512
2311,Thomas Michalczak,2405.0,-0.18987206181177196,0.45267407966337314,0.2794063079777365
1165,Jonas Wyss,2381.0,-0.19211962671530713,0.4521172818645574,0.2790352504638219
1838,Ori Taichman,2666.0,-0.19273025119724263,0.4519660301832728,0.27866419294990724
1105,Jan Roebers,2197.0,-0.19630426425063963,0.45108092599691396,0.2782931354359926
1271,Katarzyna Dwilewicz,2447.0,-0.19677692809055358,0.4509638938655612,0.2779220779220779
1437,MYMChessAcademy-inactive,2327.0,-0.20225138249846086,0.44960881095733685,0.27755102040816326
159,Alexandru-Bogdan Banzea,2596.0,-0.20242039778701937,0.4495669866672879,0.2771799628942486
2323,Tim Grutter,2741.0,-0.20674249955293433,0.44849768918982447,0.2768089053803339
118,Alex Sahakyan,2721.0,-0.20833712523573755,0.44810329496859264,0.2764378478664193
1956,Rafail Antoniou,2716.0,-0.2091809190270011,0.44789462823350906,0.27606679035250464
1493,Marek Karas,2661.0,-0.20921157907983812,0.44788704647352917,0.27569573283859
1408,Lucas Aparecido Oliveira Dos Santos,2278.0,-0.21212079896824765,0.44716775180238544,0.2753246753246753
212,Amgalantengis Enkh-Amgalan,2428.0,-0.2125542060557848,0.44706061223144067,0.27495361781076066
1552,Mateusz Brozyna,2480.0,-0.2146647210995356,0.44653895683303796,0.274582560296846
1242,K Priyanka,2344.0,-0.21630270788756611,0.44613417717488935,0.2742115027829313
2309,Thomas Eggleston,2492.0,-0.21813101706272597,0.4456824493828073,0.2738404452690167
576,Darko R Mitrovic,2334.0,-0.22173508588521607,0.44479224084307567,0.27346938775510204
1021,Iniyan P,2876.0,-0.222338495866512,0.44464323244744997,0.2730983302411874
1180,Jose Esteban Marin Masis,2244.0,-0.22660155846604546,0.4435907803674216,0.2727272727272727
1609,Michael Kotyk,2590.0,-0.22728467851157585,0.4434221805474918,0.27235621521335807
1621,Michał Walentukiewicz,2484.0,-0.22790802993619952,0.4432683435006834,0.2719851576994434
792,Ewa Barwinska,2412.0,-0.23068939458844806,0.4425820628381137,0.2716141001855288
12,Aaron Bendayan Claros,2583.0,-0.23097465534776163,0.4425116892546535,0.2712430426716141
359,Artur Gabrielian,2926.0,-0.23319463867616808,0.44196410036836836,0.27087198515769945
2359,UKR_Master,2642.0,-0.23925951002848223,0.44046884090674754,0.2705009276437848
816,Fernando López Gracia,2417.0,-0.2407668650345549,0.4400973775628684,0.2701298701298701
749,Enzo Ferrara,2517.0,-0.2414079711079431,0.4399394076130214,0.26975881261595547
2134,Sebasti&aacute;n Mar&iacute;n,2352.0,-0.24263174846896352,0.4396378999726297,0.2693877551020408
797,Fabian Vivas,2514.0,-0.24337875424694744,0.43945387861201124,0.2690166975881262
1987,Rebeca Jiménez Fernández,2395.0,-0.24606875845960552,0.43879134697015465,0.2686456400742115
1674,Mohamed Haddouche,2821.0,-0.24612025335563192,0.4387786662117068,0.26827458256029685
306,Apoorv Kamble,2856.0,-0.2465071812711912,0.43868338671684537,0.2679035250463822
119,Alex Truskavetsky,2752.0,-0.2508562756284398,0.43761275173093966,0.2675324675324675
1800,Oleg Papayan,2628.0,-0.25166554858990153,0.43741359338354074,0.26716141001855287
2668,Матфей Юрасов,2629.0,-0.2538699921969947,0.43687119246961337,0.26679035250463823
721,Ekaterini Pavlidou,2477.0,-0.2555230214029631,0.43646456542236944,0.2664192949907236
2542,Yuri Zhizmer,2648.0,-0.2573586715791718,0.436013115720641,0.2660482374768089
2296,Teodora Injac,2735.0,-0.25775530662105783,0.4359155833880882,0.26567717996289425
765,Erzhan Zhakshylykov,2727.0,-0.2579830228938569,0.4358595903252656,0.2653061224489796
2648,Варвара Полякова,2631.0,-0.2602759290518195,0.43529587993441476,0.2649350649350649
1883,Pavel Politov,2349.0,-0.26263734613854783,0.43471550097396294,0.26456400742115027
154,Alexandra Zherebtsova,2502.0,-0.27203658751677917,0.4324071842491962,0.26419294990723563
1534,Martin Horcajuelo Rocamora,2437.0,-0.2723188925779745,0.4323378990986276,0.263821892393321
962,Henrique Barbosa Veloso,2178.0,-0.27853527237554054,0.43081291007152245,0.2634508348794063
1332,Krishna Nathan,2556.0,-0.2790699399881227,0.4306818073967488,0.26307977736549165
1519,Mark Smirnov,2776.0,-0.2798456947620327,0.43049160645152257,0.262708719851577
1258,Kanishka Bhatia,2417.0,-0.28003692758177134,0.4304447227953747,0.2623376623376623
1503,Maria Teresa Jimenez Salas,2558.0,-0.2803576977860738,0.4303660838654145,0.2619666048237477
173,Alexey Slavin,2392.0,-0.28278582272956854,0.42977092724294536,0.26159554730983303
2219,Sofiia Hryzlova,2497.0,-0.2845541368656548,0.4293376241746892,0.2612244897959184
257,Andrey Esipenko,3122.0,-0.28643599383905727,0.42887661780473324,0.2608534322820037
2327,Timur Gareyev,2773.0,-0.28676358268505453,0.42879637958324524,0.26048237476808905
2361,Ugur Doga Yazici,2525.0,-0.28884502230330167,0.4282866482143452,0.2601113172541744
230,Anatoly Moskvin,2706.0,-0.2917626123544972,0.4275724052455649,0.2597402597402597
1006,Ilja Biriukov,2187.0,-0.29259214013933565,0.42736938700922933,0.2593692022263451
796,Fabian Fiorito,2554.0,-0.297442407788286,0.42618282658291223,0.25899814471243043
832,Francisco Ferrari Pironti,2533.0,-0.30116214530079866,0.42527341171802135,0.2586270871985158
112,Alex Garrido Outon,2598.0,-0.30138553803822443,0.4252188118844663,0.2582560296846011
1403,Luca Ernst,2500.0,-0.3031141611833039,0.4247963776622845,0.25788497217068646
1143,Jia Haoxiang,2701.0,-0.3041482327709657,0.42454372771500676,0.2575139146567718
982,Ian Harris,2428.0,-0.3068565984754157,0.4238821923704962,0.2571428571428571
291,Anton Korobov,3031.0,-0.30729162071398264,0.423775960814495,0.2567717996289425
1291,Kevin Cupid,2410.0,-0.30860406615482905,0.42345550700314927,0.25640074211502784
520,Cristhian Portal,2482.0,-0.309307445230278,0.42328379262622284,0.2560296846011132
2086,SHAPIRO VIKTOR,2551.0,-0.3113176515167355,0.4227931477056199,0.2556586270871985
216,Amir hosein Kashefi,2588.0,-0.31168672706204514,0.4227030814084637,0.25528756957328386
220,Anastasia Travkina,2321.0,-0.3190672501082892,0.4209030829515133,0.2549165120593692
1302,Kingsman132,2597.0,-0.3200716413373126,0.420658288407586,0.2545454545454545
66,Alberto Barp,2711.0,-0.3267648484323402,0.41902799294552395,0.2541743970315399
360,Artur Tin Lun Dai Lima,2436.0,-0.3298668039546895,0.4182730321606664,0.25380333951762524
1968,Ranesh Ratnesan,2531.0,-0.33148080555914294,0.41788036403716244,0.2534322820037106
2455,Vladimir Dobrov,2899.0,-0.3334367652844179,0.41740464094713925,0.2530612244897959
2195,Sho Glashausser,2168.0,-0.3364518447954694,0.41667162302162375,0.25269016697588126
117,Alex Ostrovskiy,2808.0,-0.33762398984511766,0.41638675354381394,0.2523191094619666
1322,Konstantin Loy,2539.0,-0.3517474012003641,0.41295874507708924,0.2519480519480519
1086,Jakub Kosakowski,2970.0,-0.3542163117803323,0.41236035124024484,0.2515769944341373
2639,Łukasz Licznerski,3005.0,-0.3565513793659676,0.4117946353439002,0.25120593692022264
2223,Soren Bech Hansen,2372.0,-0.35797667385289866,0.41144944423427215,0.250834879406308
1559,Matt Herman,2555.0,-0.3609266737686694,0.41073526287673734,0.2504638218923933
2109,Samuel Malka,2671.0,-0.36133325814128536,0.4106368600992058,0.25009276437847866
1504,Marianna Grineva,2076.0,-0.3623591194174258,0.4103886098530771,0.24972170686456402
1364,Leon Mazi,2537.0,-0.3641650272949146,0.40995170551032195,0.24935064935064935
2071,Rushan Bogaudinov,2466.0,-0.36558780947957814,0.40960759101711924,0.24897959183673468
787,Evgeny Egorov,2626.0,-0.3691871710606556,0.4087374442868139,0.24860853432282004
2576,Zurab Tqebuchava,2246.0,-0.3695793581141178,0.40864266738565586,0.24823747680890537
685,Donát Daróczi,2444.0,-0.3723602624833182,0.40797082229159903,0.24786641929499073
1270,Kaspar Kappeler,2300.0,-0.37376869513841715,0.4076306868079996,0.24749536178107606
1260,Karina Ivanova,2282.0,-0.3764707032973611,0.4069784017409898,0.24712430426716142
1816,Olexiy Bilych,2780.0,-0.3823987556787962,0.40554847688891404,0.24675324675324675
1841,Oscar Ardila,2515.0,-0.3828302100356309,0.4054444665831393,0.24638218923933208
2226,Sreyas Payyappat,2461.0,-0.3875967192651286,0.404295975237199,0.24601113172541744
1989,Regita Desyari Putri,2298.0,-0.392614900705496,0.40308797539663105,0.24564007421150277
2482,Volodymyr Vusatiuk,2636.0,-0.39343015066848075,0.4028918351924556,0.24526901669758813
2457,Vladimir Grabinsky,2202.0,-0.3978024233036841,0.40184044562314136,0.24489795918367346
2231,Sriram Krishnakumar,2562.0,-0.39816428677831883,0.4017534695073097,0.24452690166975882
2256,Sully McConnell,2758.0,-0.405253092736495,0.40005088476784534,0.24415584415584415
2458,Vladimir Hamitevici,2888.0,-0.40564502969892846,0.3999568195952418,0.2437847866419295
2313,Thomas Thiel,2200.0,-0.4070037944366671,0.39963077216658854,0.24341372912801484
1164,Jonas Gallasch,2596.0,-0.40779603897332173,0.39944070721287517,0.24304267161410018
221,Anastasiia Hnatyshyn,2494.0,-0.407886665694309,0.399418967163701,0.24267161410018553
1456,Maksim Zhukov,2538.0,-0.4088805023709847,0.3991805860356313,0.24230055658627087
1388,Lily Jeanette Duarte Cramer,2295.0,-0.4115354643192797,0.3985440028225111,0.24192949907235622
2095,Sai Krishna G V,2772.0,-0.41277808323986154,0.3982461763514082,0.24155844155844156
1978,Ratko Novak,2660.0,-0.41355095168746825,0.3980609759700451,0.24118738404452691
482,Cem Kaan Gokerkan,2901.0,-0.41455697374644096,0.3978199493368471,0.24081632653061225
403,Baira Kovanova,2609.0,-0.4148966494135111,0.3977385797180979,0.24044526901669758
1653,Mikhail V. Kuznetsov,2748.0,-0.42210615435687604,0.39601287590253753,0.24007421150278294
866,Gastón Martin,2415.0,-0.42482730519598366,0.3953621973934558,0.23970315398886827
1868,Patryk Stanisz,2546.0,-0.4253210718451026,0.3952441681172259,0.23933209647495363
417,Belka1989,2609.0,-0.4282017657854924,0.39455581494610775,0.23896103896103896
580,David Alexandru,2680.0,-0.4330295568981475,0.39340313387389975,0.23858998144712432
1741,Nicolas Brunner,2587.0,-0.4364687292856493,0.39258272129697697,0.23821892393320965
2432,Vincent Riff,2634.0,-0.4430896759691043,0.39100500807205113,0.23784786641929498
965,Henry Roger Lopez,2537.0,-0.443416498268272,0.3909271878889951,0.23747680890538034
1417,Lucius Melillo,2560.0,-0.44476192640987566,0.390606884301263,0.23710575139146567
2587,barte bongo,2309.0,-0.4466505633112092,0.39015741911238927,0.23673469387755103
1701,Myroslava Hrabinska,2281.0,-0.44793668635145956,0.3898514491985825,0.23636363636363636
1139,Jesus Alberto Alcazar Jimenez,2389.0,-0.4484723814166527,0.38972403238294745,0.23599257884972172
609,Deepak Aaron,2718.0,-0.4487732128062145,0.389652485256698,0.23562152133580705
88,Aleksandr Devaev,2547.0,-0.4497202533567428,0.38942728037996566,0.23525046382189238
2133,Sean Senft,2537.0,-0.4598811860440071,0.3870140102120214,0.23487940630797774
1729,Nesa Modric,2400.0,-0.4681320614826765,0.38505845478558853,0.23450834879406307
1339,Ladislav Langner,2404.0,-0.47017197904964014,0.38457553928204036,0.23413729128014843
742,Enkhrii Enkh-Amgalan,2513.0,-0.4727599032307763,0.38396321989642157,0.23376623376623376
1755,Niklas Schmider,2574.0,-0.4766937676570038,0.3830331471949767,0.23339517625231912
1161,Jonah Willow,2884.0,-0.4833094940210687,0.3814709415398385,0.23302411873840445
378,Atilla Eynullayev,2563.0,-0.48565818434802566,0.38091692051943027,0.23265306122448978
793,Eyal Noy,2450.0,-0.4857095997749141,0.38090479584779463,0.23228200371057514
338,Artem Bardyk,2922.0,-0.48748870844767556,0.3804853419516547,0.23191094619666047
1082,Jakob Weihrauch,2409.0,-0.49408998121251013,0.3789305470130971,0.23153988868274583
1310,Kjell Petersson,2123.0,-0.5007306928418425,0.3773689686392299,0.23116883116883116
1839,Oriol Serra Canals,2339.0,-0.5024366953270025,0.3769682074542649,0.23079777365491652
40,Adán Rios Escobar,2371.0,-0.5031545254869334,0.37679963047689424,0.23042671614100185
129,Alexander Hernandez Jimenez,2205.0,-0.5042018411251279,0.3765537298217747,0.2300556586270872
2011,Rishabh Chandrashekhar Gokhale,2616.0,-0.506566174462483,0.37599883873322504,0.22968460111317254
2120,Sarah Sima Derlich,2100.0,-0.5150237845962797,0.37401657357256,0.22931354359925787
467,Caleb Levi,2673.0,-0.5176429411780159,0.3734035578461594,0.22894248608534323
1961,Rakesh Kulkarni,2470.0,-0.5227790948868165,0.37220261831738854,0.22857142857142856
1490,Marcos Rodriguez Fontecha,2635.0,-0.5231444477122515,0.37211725110260596,0.22820037105751392
1580,Maxim Lugovskoy,2802.0,-0.5232653612432863,0.3720890005762928,0.22782931354359925
1865,Patrik Stevik,2626.0,-0.5240168045513842,0.3719134511630805,0.2274582560296846
385,Aurelio Vila Dupla,2167.0,-0.5240509594321514,0.371905472828368,0.22708719851576994
1702,Máté Gyenes,2553.0,-0.5267757477967052,0.3712692071009668,0.22671614100185528
1543,Maryana Huda,2139.0,-0.5279959079027261,0.3709844318660638,0.22634508348794063
664,Dmitry Kononenko,2701.0,-0.5295164323325432,0.37062967957389575,0.22597402597402597
889,Gerson Príncipe,2845.0,-0.533770156604235,0.3696379889553861,0.22560296846011132
1505,Mariano Ortega Amarelle,2479.0,-0.537272245336303,0.36882235535997987,0.22523191094619666
1217,Juan Sebastian,2109.0,-0.5414417688346438,0.3678522538721875,0.22486085343228202
1851,Paco Rubio Tent,2416.0,-0.5425531636755334,0.36759385145759194,0.22448979591836735
761,Ermes Espinosa Veloz,2607.0,-0.5436259344235843,0.3673445013729419,0.22411873840445268
1484,Marco Cordeiro,2293.0,-0.5531394497241413,0.36513633985428556,0.22374768089053804
1508,Marina Korneva,2545.0,-0.5552776247972142,0.3646408287318977,0.22337662337662337
759,Erik Rönkä,2601.0,-0.5575974616443737,0.36410354276973866,0.22300556586270873
2310,Thomas Kahlert,2455.0,-0.5653015077037482,0.36232168273553056,0.22263450834879406
1835,Onno Elgersma,2699.0,-0.5656208462018801,0.3622479045184721,0.22226345083487942
2225,Sravan Renjith,2804.0,-0.5659931709514066,0.3621618928438343,0.22189239332096475
2654,Гурвич Виталий,2618.0,-0.571085039430062,0.36098649538029554,0.22152133580705008
1350,Leancy Beatriz Fernandez Bustamante,2403.0,-0.5735860247415561,0.36040978078688585,0.22115027829313544
1141,Jesús Alberto Coca Cubillos,2323.0,-0.5793309100735611,0.35908656577565895,0.22077922077922077
1658,Milan Jocev,2728.0,-0.5857539498423971,0.3576096873280556,0.22040816326530613
1328,Korun Gulamirian,2137.0,-0.5867511683248363,0.35738063385657487,0.22003710575139146
2357,Tymur Keleberda,2729.0,-0.5959937333561154,0.3552607983841431,0.21966604823747682
1007,Ilja Haitin,2525.0,-0.5984009568131077,0.3547096148041373,0.21929499072356215
289,Anton Isajevsky,2626.0,-0.5999309923174119,0.3543594818031367,0.2189239332096475
607,Dawid Niekraś,2716.0,-0.6010791167417411,0.3540968476933416,0.21855287569573284
927,Guliskhan Nakhbayeva,2506.0,-0.6016653113603718,0.3539627892609072,0.21818181818181817
2033,Rodrigo Espinoza Villanueva,2658.0,-0.6035238486234391,0.35353790716394584,0.21781076066790353
1015,In Vau,2297.0,-0.6053019344224992,0.3531316335995164,0.21743970315398886
1588,Maximiliano Rossi,2371.0,-0.6056147942624053,0.35306017040973886,0.21706864564007422
1247,Kacper Piorun,2886.0,-0.6069392178032729,0.35275771947278584,0.21669758812615955
2582,anon569,2361.0,-0.6073774153156668,0.35265767679994603,0.2163265306122449
6,Aansh Nandan Nerurkar,2647.0,-0.608229024624154,0.35246328711009667,0.21595547309833024
315,Ari Kiremitciyan,2603.0,-0.6088737311682113,0.3523161578537871,0.21558441558441557
433,Björn Andersson,2442.0,-0.6218341950794919,0.3493644074165196,0.21521335807050093
601,David Torres Domínguez,2146.0,-0.628644304089442,0.3478180012535981,0.21484230055658626
2003,Richard Persson,2277.0,-0.6290564810714416,0.34772450862924825,0.21447124304267162
2115,Sandi Stojanovski,2369.0,-0.6327948495119236,0.3468770845464887,0.21410018552875695
241,Andrei Negrean,2702.0,-0.6335351408610546,0.3467093880615049,0.2137291280148423
1553,Matfey Rogov,2830.0,-0.6358504029941141,0.34618516287081125,0.21335807050092764
1869,Patty Castillo,1902.0,-0.6405211684316274,0.3451287380612233,0.21298701298701297
1984,Razvan Preotu,2761.0,-0.640669371093594,0.34509524282140663,0.21261595547309833
1639,Mike Hehir,2176.0,-0.6420834291343773,0.34477572935886464,0.21224489795918366
1131,Jenny Astrid Chirivi Castiblanco,2251.0,-0.644623182676237,0.34420221166051623,0.21187384044526902
434,Blanka Ejsymont,2338.0,-0.6461840516646067,0.3438499670400033,0.21150278293135436
2205,Silvius Tiberius,2907.0,-0.6501818937237918,0.34294854916224554,0.21113172541743971
686,Dorian Kang,2552.0,-0.6545347879492409,0.3419683620620093,0.21076066790352505
516,Conrad Thake,1809.0,-0.6642821562808594,0.33977834157306325,0.21038961038961038
2426,Viktor Romanchuk,2541.0,-0.6689097103882524,0.33874101785297284,0.21001855287569574
1624,Michel Coto,2548.0,-0.6704514992430406,0.3383957499362604,0.20964749536178107
2632,x-9960558865,2440.0,-0.6707043271211601,0.3383391481157596,0.20927643784786643
2556,Zarina Nurgaliyeva,2771.0,-0.6731982709276396,0.33778106476120584,0.20890538033395176
1195,Joseph Zeltsan,2641.0,-0.6749353815743113,0.33739260869817356,0.20853432282003712
1478,Marcelo Jorquera,2351.0,-0.6762274911905672,0.3371038068953371,0.20816326530612245
717,Eivind Grunt Kreken,2608.0,-0.6767372650989332,0.3369898998167637,0.2077922077922078
2661,Игорь Князев,2355.0,-0.6776980246629938,0.3367752731401055,0.20742115027829314
503,Christopher Chabris,2331.0,-0.6784467306445228,0.3366080643446253,0.20705009276437847
1779,Nitai Leve,2425.0,-0.6802375682572706,0.3362082818847841,0.20667903525046383
2532,Yinn Long Wong,2878.0,-0.6839311779859631,0.33538446993432575,0.20630797773654916
814,Fernando Broca,2361.0,-0.6845619383518757,0.33524388696108204,0.20593692022263452
2660,Екатерина Кабанова,2314.0,-0.6856768444690458,0.33499546974338795,0.20556586270871985
455,Bruno André Leite Martins,2765.0,-0.6910211298252067,0.33380595634422244,0.2051948051948052
458,Bryan Weisz,2625.0,-0.6925632871767249,0.3334631000431272,0.20482374768089054
1483,Marco Cattaneo,2659.0,-0.6985109007021295,0.3321424629615858,0.20445269016697587
2148,Seo Jungmin,2942.0,-0.6998743549689301,0.3318400855413387,0.20408163265306123
194,Alkhoori Eisa Mohmood,2607.0,-0.7038866577590701,0.3309510697855731,0.20371057513914656
1951,Rafael Merino García,2515.0,-0.7051737225524688,0.33066614676588457,0.20333951762523192
586,David Gavrilescu,3003.0,-0.7068487202220641,0.3302955313600743,0.20296846011131725
899,Giovanni Marchesich,2435.0,-0.7085612721379082,0.32991682435800934,0.2025974025974026
2574,Zsolt Korpics,2483.0,-0.7109392759313806,0.32939132777416424,0.20222634508348794
2237,Stanislav Tsyhanchuk,2628.0,-0.7133579419897602,0.3288572827757376,0.20185528756957327
1005,Ilija Stanojevic,2663.0,-0.7138754780085685,0.328743067431759,0.20148423005565863
1930,Pranav Senthilkumar,2560.0,-0.7162058163912457,0.32822903455984676,0.20111317254174396
2504,William Olsson,2608.0,-0.7216906774529974,0.3270207929328074,0.20074211502782932
1386,Lilia Fuentes,2213.0,-0.7222025561476757,0.3269081495705704,0.20037105751391465
510,Clemens Rietze,2569.0,-0.726840440918795,0.32588845348284984,0.2
861,Garnik Nersesyan,2347.0,-0.7276126635930957,0.3257188304285933,0.19962894248608534
1415,Lucas Ranaldi,2779.0,-0.7280753994935854,0.3256172097566306,0.19925788497217067
419,Ben Johnson,2148.0,-0.7373820811867482,0.32357687558080994,0.19888682745825603
1731,Newansa M Esandi,2330.0,-0.7375635171774899,0.32353716507111896,0.19851576994434136
1946,Rachid Schrik,2334.0,-0.7387068181791587,0.3232869917213938,0.19814471243042672
703,Eduardo Barbosa Mesquita,2377.0,-0.7400603262422489,0.3229909522141238,0.19777365491651205
2500,William Coe,2257.0,-0.7415779012242734,0.3226591966173718,0.1974025974025974
980,IULIAN NECULA,1975.0,-0.7490356118639072,0.3210314724724167,0.19703153988868274
450,BozeKat,2048.0,-0.7490687884925507,0.32102424099677923,0.19666048237476808
2575,Zurab Javakhadze,2832.0,-0.750925764909101,0.32061961475506917,0.19628942486085343
591,David Kalashian,2603.0,-0.7528582170740616,0.3201988288444351,0.19591836734693877
86,Aleksander Hnydiuk,2529.0,-0.7546960471416115,0.3197989178062495,0.19554730983302412
1079,Jakhongir Vakhidov,3058.0,-0.7554262398500358,0.3196401016650968,0.19517625231910946
421,Benedikt Dauner,2521.0,-0.7605943864060913,0.3185172324019192,0.19480519480519481
1927,Pouya Idani,2988.0,-0.7616591590939299,0.3182861532528934,0.19443413729128015
1448,Mahel Boyer,2922.0,-0.764170514024741,0.3177414881074637,0.1940630797773655
1636,Mikayel Manvelyan,2857.0,-0.7702177395540639,0.31643200670786287,0.19369202226345084
145,Alexandr Kostiukov,2321.0,-0.7716202079211412,0.3161287270131521,0.19332096474953617
1537,Martin Portero Rubio,2334.0,-0.772964029577544,0.31583827619967464,0.19294990723562153
2502,William Graif,2706.0,-0.7739564110713415,0.3156238771818609,0.19257884972170686
333,Arseniy Astafurov,2576.0,-0.7740440847065839,0.3156049395053745,0.19220779220779222
2172,Sethuraman S.P,2916.0,-0.7795148249320558,0.3144244618160134,0.19183673469387755
1995,Rene' Phillips,1939.0,-0.780332704515108,0.31424818505148167,0.1914656771799629
2655,Даниил Постников,2604.0,-0.7818215967860676,0.313927423101323,0.19109461966604824
2645,Андрей Хромкин,2406.0,-0.7892406120293911,0.3123317479931104,0.19072356215213357
175,Alexey Zhuravlev,2600.0,-0.8040936561643175,0.3091505278185188,0.19035250463821893
2451,Vladimir Bychkov,2556.0,-0.807177161037731,0.3084923515533115,0.18998144712430426
47,Ahn Hongjin,2750.0,-0.8106891393330793,0.3077436637285765,0.18961038961038962
1157,John Funderburg,2048.0,-0.8132966765512499,0.307188439172724,0.18923933209647495
2671,Наталья Зайнуллина,2204.0,-0.8149847663294469,0.3068292906389108,0.1888682745825603
2111,SamuelGhimpu2003,2679.0,-0.8181007761690164,0.30616696105265484,0.18849721706864564
1208,Juan Carlos Ricaurte Lopez,2211.0,-0.827772755582413,0.30411621514764003,0.18812615955473097
1178,Jose Antonio Herrera Reyes,2715.0,-0.8299480871971641,0.3036560469772316,0.18775510204081633
126,Alexander Gelman,2763.0,-0.8325631454215339,0.30310337947703353,0.18738404452690166
1533,Martin Horak,2603.0,-0.8333943995670197,0.30292782097740567,0.18701298701298702
1409,Lucas Cumpe,2864.0,-0.8376538615199971,0.3020291378357821,0.18664192949907235
2384,Valentyn Hulka,2951.0,-0.8381409994335742,0.301926455396318,0.1862708719851577
406,Balaji Daggupati,2746.0,-0.8394872915092169,0.3016427773179971,0.18589981447124304
545,Daniel Dardha,3070.0,-0.8422446934728995,0.30106223632318774,0.18552875695732837
530,César Augusto Blanco Gramajo,2348.0,-0.8445646698847602,0.30057428357328747,0.18515769944341373
1743,Nicolas De La Colina,2752.0,-0.8447633278707434,0.300532521481989,0.18478664192949906
2089,Sabrina Vega,2498.0,-0.8458975393989228,0.30029414974028346,0.18441558441558442
1717,Natalia Zhukova,2510.0,-0.8461041668320277,0.3002507354770787,0.18404452690166975
868,Gaurang Bagwe,2717.0,-0.8485636751634233,0.2997342462114928,0.1836734693877551
1607,Michael Fernandez,2452.0,-0.8525142498533222,0.29890570235004627,0.18330241187384044
887,Germán Della Morte,2453.0,-0.8531087009644054,0.2987811434246807,0.1829313543599258
1091,Jakub Suder,2707.0,-0.8538803206265682,0.2986195057440346,0.18256029684601113
2325,Timofey Iljin,2642.0,-0.8620792172324148,0.29690512071495184,0.18218923933209646
1611,Michal Fiedorek,2711.0,-0.8689792461028496,0.295466744036229,0.18181818181818182
375,Aswath S,2811.0,-0.8698093554972015,0.29529397270574576,0.18144712430426715
284,Anthony Atanasov,2812.0,-0.872349703732306,0.29476561286019504,0.1810760667903525
1608,Michael Klenburg,2640.0,-0.8739177460747989,0.29443975496015384,0.18070500927643784
2591,buddika amarasinghe,2325.0,-0.8743003477448488,0.2943602776333741,0.1803339517625232
2510,WonderChampion,2336.0,-0.8766856383033534,0.29386506657537664,0.17996289424860853
1400,Lovro Novosel,2764.0,-0.8803605882346961,0.293103061738002,0.17959183673469387
912,Grayson Rorrer,2865.0,-0.9011917444261206,0.28880565511096257,0.17922077922077922
169,Alexey Kolmagorov,2536.0,-0.9058489396634659,0.28785002308118096,0.17884972170686456
784,Evgeniya Doluhanova,2393.0,-0.9063396693609329,0.28774943770277217,0.17847866419294992
31,Adi Menahem,2523.0,-0.907081414077453,0.28759744128316816,0.17810760667903525
518,Craig Clawitter,2350.0,-0.9079302970852643,0.28742354912224566,0.1777365491651206
1146,Joachim Mouhamad,2490.0,-0.913036832511346,0.2863788095710744,0.17736549165120594
2166,Serghei Gostev,2506.0,-0.9144207616226314,0.2860960651670261,0.17699443413729127
473,Carlos Andres Obregón,2938.0,-0.9181787250699811,0.2853291369144881,0.17662337662337663
1836,Orest Vovk,2622.0,-0.9292332294967798,0.28308030150822977,0.17625231910946196
51,Ajay Karthikeyan,2806.0,-0.9326902168485542,0.2823792467022452,0.17588126159554732
1619,Michał Bartel,2601.0,-0.9338700658766133,0.2821402220698603,0.17551020408163265
449,Bovie Mei Liu,2732.0,-0.9387154129287634,0.28115989620232973,0.175139146567718
1850,Pablo Zarnicki,2722.0,-0.9387169403246336,0.28115958750196723,0.17476808905380334
2247,Stephen Capp,2250.0,-0.9396323290946613,0.28097461637559745,0.17439703153988867
1944,RICHARD POLACZEK,2331.0,-0.9402626419678457,0.2808472931830116,0.17402597402597403
692,Dumitru-Daniel Dinu,2844.0,-0.9428464995893062,0.2803257216910513,0.17365491651205936
1333,Kriti Patel,2142.0,-0.9441626040408257,0.2800602833327373,0.17328385899814472
876,George Stoleriu,2765.0,-0.9531897949298651,0.27824378112681425,0.17291280148423005
512,Coachpoker,2781.0,-0.9541442510922815,0.27805214382707777,0.1725417439703154
1098,Jan Jodilyn Fronda,2519.0,-0.9544310864163688,0.2779945684139658,0.17217068645640074
1935,Priyansh Garg,2369.0,-0.9549304273334744,0.27789435501806353,0.1717996289424861
1575,Maurizio Brancaleoni,2496.0,-0.9581495085578116,0.2772488470226072,0.17142857142857143
689,Dragomirescu Robin,2675.0,-0.9630216470005273,0.27627361886755214,0.17105751391465676
1102,Jan Marn,2593.0,-0.9698500313006351,0.27491039516220994,0.17068645640074212
1704,Nadezhda Antonova,2032.0,-0.9731846545029992,0.2742461883091319,0.17031539888682745
2058,Ronaldo Alonso Moreira,2302.0,-0.98267513461089,0.2723613010872096,0.1699443413729128
2395,Varun Krishnan,2761.0,-0.9860184352587495,0.2716992281797127,0.16957328385899814
2656,Данил Найдин,2618.0,-0.9881621500992894,0.2712752402175093,0.1692022263450835
203,Alvaro Alves De Almeida Junior,2328.0,-0.9883373563051956,0.2712406059694734,0.16883116883116883
726,Elis Denele Dicen,2427.0,-0.9890287164934799,0.2711039670114678,0.16846011131725416
632,Deysi Cori,2536.0,-0.9908010392561204,0.27075388643696224,0.16808905380333952
115,Alex King,2639.0,-0.9925667175229727,0.27040540108711975,0.16771799628942485
2643,Александр Брюхович,2456.0,-0.9944236679511231,0.2700392064012391,0.1673469387755102
573,Darius Viškelis,2409.0,-0.9974877657582981,0.26943564322365593,0.16697588126159554
883,Gerardo Fernandez,2270.0,-0.9975621641999588,0.2694209988798525,0.1666048237476809
2683,Руслан Габдушев,2522.0,-0.9981719543556755,0.2693009887341344,0.16623376623376623
905,Gleb Dudin,2890.0,-1.009731711913263,0.26703235845395756,0.16586270871985156
2262,Susanna Gaboyan,2286.0,-1.0103409513897663,0.2669131313266251,0.16549165120593692
590,David Howell,3014.0,-1.0124618906924638,0.2664983312654219,0.16512059369202226
1780,Nitin Senthilvel,2811.0,-1.0149149586725086,0.2660190877166207,0.16474953617810761
2049,Roman Kozelov,2459.0,-1.0156951594294759,0.26586677904273015,0.16437847866419295
83,Aleksa Petrovic,2732.0,-1.0175178525304682,0.2655111746771408,0.1640074211502783
1011,Ilya Gutkin,2444.0,-1.0201666706717134,0.26499493637856686,0.16363636363636364
547,Daniel Girsh,2702.0,-1.021261009223907,0.2647818440148264,0.16326530612244897
862,Garrett Smith,2366.0,-1.0265126420933655,0.2637607596112206,0.16289424860853433
1454,Maksim Tsaruk,2883.0,-1.0299935921571608,0.2630853464624568,0.16252319109461966
2572,Zsigmond Szajbely,2272.0,-1.0305014150935925,0.262986905940545,0.16215213358070502
2662,Илья Дерябин,2632.0,-1.0312454231265589,0.2628427241689967,0.16178107606679035
295,Antonin Ferey,2556.0,-1.0317790220113139,0.2627393490401418,0.1614100185528757
340,Artem Dyachuk,2887.0,-1.03299663025593,0.2625035574800208,0.16103896103896104
1625,Michel Samuel Lopez Abreu,2389.0,-1.0418514087490491,0.26079292135136717,0.1606679035250464
2526,Yelfry Torres,2468.0,-1.0624380771317723,0.2568438107412124,0.16029684601113173
384,Aung Thant Zin,2092.0,-1.0636501437842014,0.25661252562997583,0.15992578849721706
2497,Wilfredo Sariego Figueredo,2644.0,-1.0674247387205416,0.2558931360720601,0.15955473098330242
2488,Vuk Damjanovic,2964.0,-1.0679461090932394,0.25579387361599326,0.15918367346938775
532,Dalton Perrine,2581.0,-1.0690327905650383,0.25558706417351285,0.1588126159554731
35,Adnan Sitnic,2392.0,-1.0709851719390704,0.2552157768615266,0.15844155844155844
1843,Oskar Wieczorek,2911.0,-1.0728024776462206,0.2548704958420053,0.1580705009276438
973,Hubert Zieba,2629.0,-1.0742515483636454,0.2545953983760048,0.15769944341372913
1595,Mees van Osch,2468.0,-1.077408852230108,0.25399668043560564,0.15732838589981446
1442,Madara Golsta,2175.0,-1.0821836786554266,0.2530929982266139,0.15695732838589982
1276,Kayden Troff,3006.0,-1.0854319645536625,0.25247944484895446,0.15658627087198515
1775,Niranjan Navalgund,2565.0,-1.087708490660992,0.2520500300937341,0.1562152133580705
767,Ethan Saya,2542.0,-1.088131065414995,0.2519703743051114,0.15584415584415584
302,Antonios Gkavardinas,2722.0,-1.0994127972567869,0.24984993467978114,0.1554730983302412
1864,Patrik Aalto,2683.0,-1.1050403866239584,0.24879666955827595,0.15510204081632653
834,Francisco Javier Muñoz,2829.0,-1.1051011237996722,0.2487853181424199,0.15473098330241186
1965,Ramon Jr. Manon-og,2437.0,-1.1051773106878464,0.24877107975723187,0.15435992578849722
2405,Vedant Panesar,2974.0,-1.1109880743339673,0.24768672685582094,0.15398886827458255
1827,Oliver Stork,2619.0,-1.1114243465485796,0.24760544170751062,0.1536178107606679
1694,Munkhgal Gombosuren,2670.0,-1.112931125945913,0.24732484001253113,0.15324675324675324
383,Augustinas Bazilius,2536.0,-1.1135609750524065,0.24720760894700486,0.1528756957328386
43,Agustin Fuentes,2298.0,-1.113921705634243,0.24714048454791124,0.15250463821892393
1617,Michal Tworuszka,2513.0,-1.1141335224439608,0.2471010755856864,0.15213358070500926
2113,San Thit Lwin,2237.0,-1.1151451793596623,0.24691291293107137,0.15176252319109462
1680,Mohammed Seder,2800.0,-1.1158642956946743,0.24677921979666734,0.15139146567717995
2190,Shawn Martinez,2371.0,-1.116922623489982,0.24658255135778478,0.1510204081632653
2151,Serdar Murat Yildiz,2714.0,-1.1175805900601254,0.2464603349765201,0.15064935064935064
1166,Jonathan Blackburn,2429.0,-1.1177685881586568,0.24642542207788878,0.150278293135436
217,Ana Kuchava,2304.0,-1.1185840109162188,0.2462740294380085,0.14990723562152133
1583,Maxim Omariev,2603.0,-1.1221876807367033,0.24560571675109377,0.14953617810760667
2586,bait_or_mate,2550.0,-1.125527860145859,0.24498736246152295,0.14916512059369202
292,Anton Vasilenok,2608.0,-1.1257995614026486,0.24493710975492675,0.14879406307977736
1246,Kacper Karwowski,2527.0,-1.1264468568306434,0.24481741681267205,0.14842300556586271
1491,Marcos Vinicius Torsani,2423.0,-1.1267733021127473,0.2447570680330211,0.14805194805194805
2098,Sakshi Chitlange,2486.0,-1.1276507053467593,0.24459491545236117,0.1476808905380334
2600,infinitegiantkiller,2486.0,-1.1291244679255148,0.24432271343826242,0.14730983302411874
823,Filip Ochedzan,2410.0,-1.1335316294946143,0.2435099402108741,0.1469387755102041
2063,Roza Idrisova,1907.0,-1.136033212932456,0.24304941212759265,0.14656771799628943
537,Dan Shapiro,2341.0,-1.1373485082184742,0.24280751063132522,0.14619666048237476
2694,אהרן בגראטיוני,2769.0,-1.1382824914723715,0.24263583717102158,0.14582560296846012
1688,Mr. Sai Han Thiha,2635.0,-1.1401998237844961,0.24228367499804837,0.14545454545454545
1398,Lorenzo Perea Fruet,2862.0,-1.1439173273738188,0.24160186115908222,0.1450834879406308
640,Diego Zilleruelo,2391.0,-1.1493924978433312,0.24060006329383776,0.14471243042671614
2213,Sivanesan Nithyalakshmi,2327.0,-1.1543235915836916,0.23970024770789827,0.1443413729128015
1343,Lamine Brahami,2470.0,-1.1553013964904846,0.23952209395068455,0.14397031539888683
409,Barad Yeganegi,2860.0,-1.1555475857701065,0.23947725313881693,0.14359925788497216
1132,Jens Albert Ramsdal,2402.0,-1.156097300490679,0.23937714909079794,0.14322820037105752
874,Georg Von Buelow,2179.0,-1.1615525385515526,0.23838529527834987,0.14285714285714285
1097,Jan Helmer,2592.0,-1.1626596160470113,0.23818435500172802,0.1424860853432282
2496,Wiktoria Śmietańska,2518.0,-1.171024471793237,0.23666985610468783,0.14211502782931354
2689,Шубин Кирилл,2944.0,-1.171187877871417,0.23664033688464017,0.1417439703153989
1654,Mikhail Yashmetov,2667.0,-1.1740348219359422,0.2361264457509954,0.14137291280148423
132,Alexander Khlebovich,2906.0,-1.175019385420259,0.23594890543886002,0.14100185528756956
2640,Štěpán Hrbek,2707.0,-1.1766586858864385,0.2356535051696581,0.14063079777365492
364,Arvids Andrejevs,2459.0,-1.1792245046253789,0.2351916610166558,0.14025974025974025
41,Aghasiyev Kamal,2646.0,-1.1828799685113744,0.23453476541223084,0.1398886827458256
349,Artemiki Lebedev,2719.0,-1.1840868590654465,0.23431816393502128,0.13951762523191094
620,Denis Kozlov,2601.0,-1.184630239454556,0.2342206884158288,0.1391465677179963
1500,Maria Fominykh,2372.0,-1.1881298517350136,0.23359357713798853,0.13877551020408163
1320,Konstantin Egorov,2360.0,-1.1958051116696269,0.23222230426171533,0.13840445269016696
1434,MI Marcelo Playa,2437.0,-1.1962209279118468,0.23214817451601363,0.13803339517625232
1039,Itgelt Khuyagtsogt,2824.0,-1.198435548617181,0.2317536406121509,0.13766233766233765
87,Aleksander Kumala,2553.0,-1.2195798503946644,0.22801039755110564,0.137291280148423
2245,Stepan Osinovsky,2365.0,-1.2254731914032222,0.22697470504403558,0.13692022263450834
1516,Mark Dejmek,2199.0,-1.2267993101667773,0.22674211222197752,0.1365491651205937
337,Artem Alek Fedorov,2646.0,-1.2321080036559486,0.22581268876336946,0.13617810760667903
1338,LUIS MIGUEL FLORESVILLAR,2157.0,-1.2357082729959732,0.22518390631153987,0.1358070500927644
1773,Nimay Agrawal,2463.0,-1.2417253483525732,0.22413580667017413,0.13543599257884972
2485,Vsevolod Rytenko,2529.0,-1.2482391955448384,0.2230050913260756,0.13506493506493505
2341,Tomasz Mika,2610.0,-1.2557884207189525,0.2216997440449185,0.1346938775510204
2343,Tomáš Vaněk,2194.0,-1.2562614473711484,0.22161813452934434,0.13432282003710574
179,Alfredo Cecilio Miserendino,2219.0,-1.256895529573658,0.22150877241461234,0.1339517625231911
734,Emilia Dyalog,2374.0,-1.2571235693454859,0.2214694511325595,0.13358070500927643
192,Alisa Genrietta Yunker,2473.0,-1.2579569084090605,0.2213257995514281,0.1332096474953618
99,Aleksandras Jegorovas,2603.0,-1.2607012134081175,0.22085320585497253,0.13283858998144712
1600,Melika Mohammadi,2703.0,-1.2612025000608944,0.2207669579885677,0.13246753246753246
1871,Paul Burke,1880.0,-1.2642438166175611,0.22024420796280006,0.13209647495361782
1544,Masruri Rahman,2770.0,-1.265329940583006,0.2200577372979795,0.13172541743970315
331,Arsal Gardezi,2327.0,-1.2670264834822622,0.21976669398418333,0.1313543599257885
2034,Rodrigo Mendoza Acuna,2617.0,-1.2681219601620008,0.2195789110371848,0.13098330241187384
1785,Noam Vitenberg,2567.0,-1.2689784831058843,0.21943216908290522,0.1306122448979592
2554,Zane Nasir,2722.0,-1.2710215668615468,0.21908242684197388,0.13024118738404453
1427,Luis Roque,2313.0,-1.2718230686374228,0.21894533253143583,0.12987012987012986
617,Denis Garrido,2610.0,-1.2783272402978052,0.21783509881474902,0.12949907235621522
158,Alexandru Calin,2515.0,-1.2855324107967,0.21660995654738896,0.12912801484230055
1650,Mikhail Kazakov,2518.0,-1.2898286497283782,0.21588181504583243,0.1287569573283859
1268,Karthikeyan Murali,2939.0,-1.2937326167462273,0.2152216968129443,0.12838589981447124
2571,Zozek Salah Mohammed Mohammed,2434.0,-1.2938056771644497,0.21520935706875688,0.1280148423005566
407,Balázs Csonka,2884.0,-1.296164471245005,0.21481123784412612,0.12764378478664193
550,Daniel Kopylov,2757.0,-1.305476824060667,0.21324471943314957,0.12727272727272726
969,Hoang Thi Bao Tram,2582.0,-1.3070449750188926,0.21298174684349647,0.12690166975881262
196,Alma Jaqueline Mora Velasco,2429.0,-1.307780901011684,0.2128584166000675,0.12653061224489795
1249,Kacper Tomaszewski,2552.0,-1.3088257170795514,0.21268341048929,0.1261595547309833
1444,Maftuna Bobomurodova,2442.0,-1.3122296697889988,0.21211397886904576,0.12578849721706864
766,Esper Van Baar,2165.0,-1.3142935259498256,0.2117692687788218,0.125417439703154
1239,Justo Reinaldo Chemin,2126.0,-1.3286044116472082,0.20939030558989202,0.12504638218923933
1369,Leonid Guerb,2191.0,-1.3325013453140935,0.20874591436755482,0.12467532467532468
611,Dejan Djordjevic,2061.0,-1.3387956996967305,0.2077081750656702,0.12430426716141002
2317,Tiago Cunha Navarro,2491.0,-1.347179742492246,0.2063318318737238,0.12393320964749537
1012,Ilya Khakhinov,2327.0,-1.3508245369675143,0.20573560278951158,0.12356215213358071
2291,Tatiana Bogumil,1940.0,-1.352762016899971,0.20541918266870018,0.12319109461966604
1949,Radosław Dzierżak,2402.0,-1.3540846418226509,0.20520338510616776,0.12282003710575139
2351,Tunahan Makaraci,2421.0,-1.3560838487157856,0.20487751670835078,0.12244897959183673
1212,Juan Fernando Aguilar Novoa,2499.0,-1.362496699773987,0.20383482278036202,0.12207792207792208
387,Avi Kaplan,2744.0,-1.363546924026057,0.20366443890199287,0.12170686456400742
966,Henryk Seifert,1953.0,-1.3682104145081935,0.20290913476867337,0.12133580705009277
85,Aleksandar Topalov,2382.0,-1.3685055268020103,0.2028614083711227,0.12096474953617811
1237,Justin Sarkar,2439.0,-1.3790904895991427,0.20115511082887835,0.12059369202226346
2442,Vittorio Cinà,2532.0,-1.3801154393159156,0.20099046033047938,0.12022263450834879
1336,Kshatriya Vekhande,2816.0,-1.389130351430122,0.19954662758216493,0.11985157699443413
2083,S R,1962.0,-1.3936364866833717,0.1988278470037672,0.11948051948051948
875,George Danzer,2213.0,-1.4032169031752453,0.1973061336780939,0.11910946196660482
2383,Valentina Gunina,2671.0,-1.406507708888319,0.196785466749206,0.11873840445269017
678,Dobre Claudiu Cristian,2593.0,-1.4069894711276576,0.19670933007682442,0.11836734693877551
58,Alain Fayard,2309.0,-1.4081896202027804,0.19651975782322864,0.11799628942486086
801,Farid Mustafayev,2779.0,-1.4081992215548844,0.19651824177662022,0.11762523191094619
1303,Kiren Vivek Nasta,2428.0,-1.4109520834340028,0.1960839312437353,0.11725417439703154
593,David Martinez,2566.0,-1.4114541946426353,0.19600479300986837,0.11688311688311688
1675,Mohamed Nouali,2624.0,-1.4281470583112492,0.1933875582011776,0.11651205936920223
1825,Olga Yushko,2309.0,-1.4298541503877025,0.19312141030930968,0.11614100185528757
2618,scandalgod,2672.0,-1.4360615753310197,0.19215597719866478,0.11576994434137292
1295,Kevin Noboa Silva,2725.0,-1.4421563558007655,0.1912116466012527,0.11539888682745826
772,Eugenia Karas,2438.0,-1.4636773830989096,0.18790552330488713,0.1150278293135436
382,Augustin Droin,2740.0,-1.4642973948097877,0.18781092966163085,0.11465677179962894
1201,José Renato Ruiz Maranhão,2100.0,-1.4658435542061774,0.18757519545826748,0.11428571428571428
52,Akeem Brown,2422.0,-1.4705753336171412,0.18685518184290534,0.11391465677179963
1983,Raymond Kaufman,2427.0,-1.4751086561314262,0.18616736494993866,0.11354359925788497
1939,Qi Pang,2649.0,-1.4804105021897636,0.18536542336925776,0.11317254174397032
1641,Mike Sailer,2186.0,-1.4836864132441643,0.1848712539376957,0.11280148423005566
1394,Logan Clark Shafer,2624.0,-1.4852580279340613,0.18463453851720593,0.11243042671614101
2004,Richard Pert,2715.0,-1.488643601163714,0.18412540274949513,0.11205936920222634
206,Alvaro Donatti,2205.0,-1.4893145832774572,0.18402462700600108,0.11168831168831168
744,Enrique Butti,2279.0,-1.492095759507551,0.18360737374093555,0.11131725417439703
845,Frode Elsness,2436.0,-1.494355401292577,0.18326890526678896,0.11094619666048237
1875,Paul Rohwer,2401.0,-1.497378007138086,0.18281691041385903,0.11057513914656772
2174,Seyed Abolfazl Moosavifar,2879.0,-1.5121140194599785,0.18062570687552337,0.11020408163265306
2090,Safin Safarullakhan,2370.0,-1.5157148543529422,0.18009339583247225,0.10983302411873841
2407,Veronika Minina,2317.0,-1.515723263834185,0.18009215409379206,0.10946196660482375
1405,Luca Silva,2638.0,-1.5212224477302811,0.17928157829681188,0.10909090909090909
774,Evan Rabin,2488.0,-1.523504515749412,0.17894604123245128,0.10871985157699443
483,Cengiz Hasman,2503.0,-1.539590961446363,0.17659474481506404,0.10834879406307978
1213,Juan Manuel Aranda,2348.0,-1.5436597902370868,0.1760038786474443,0.10797773654916512
701,Eduard Ashiev,2215.0,-1.549166508964802,0.17520668276630583,0.10760667903525047
2369,Uwe Kleibel,2346.0,-1.5534800041147654,0.1745842156350828,0.10723562152133581
901,Gisela Roque Sola,2137.0,-1.5548999470537277,0.17437968991223513,0.10686456400742116
1225,Julian Colville,2643.0,-1.5652490148475429,0.17289473733766694,0.10649350649350649
1714,Narmin Khalafova,2479.0,-1.5800545465285136,0.17078775704252022,0.10612244897959183
2096,Sai Nirupama Kotepalli,2525.0,-1.5912574104148067,0.16920706163738483,0.10575139146567718
2324,Tim Kett,2190.0,-1.5982337411077796,0.1682286186927326,0.10538033395176252
639,Diego Garcia,2447.0,-1.6015405905229185,0.16776640621550817,0.10500927643784787
2336,Tom Decuigniere,2645.0,-1.6026869485633006,0.16760641169674892,0.10463821892393321
1603,Mert Acikel,2412.0,-1.6050796552852185,0.16727285984863363,0.10426716141001856
1980,Ravan Aliyev,2951.0,-1.61317443994445,0.16614835068280723,0.1038961038961039
1795,Okan Bulgurlu,2337.0,-1.6214943362733583,0.16499888604762944,0.10352504638218923
2467,Vladislav Efremov,2446.0,-1.6321859828925374,0.16353112350113777,0.10315398886827458
225,Anatoliy Emeliantsev,2371.0,-1.6458716285152875,0.16166769169786854,0.10278293135435992
829,Flávio Bezerra,2260.0,-1.65793970129383,0.16003876144182194,0.10241187384044527
1431,Lukasz Swiatlowski,2316.0,-1.664871637475538,0.1591091210224835,0.10204081632653061
474,Carlos Andres Perdomo,2764.0,-1.6695592101619408,0.15848295642135446,0.10166975881261596
1194,Joseph Levine,2793.0,-1.6757959604533617,0.1576529558580162,0.1012987012987013
561,Daniel Yedidia,2588.0,-1.6826607756503753,0.15674345971104045,0.10092764378478664
1518,Mark Liubarov,2548.0,-1.6832860397105476,0.15666083320317,0.10055658627087198
1313,Kler Çaku,2450.0,-1.6862387466401771,0.1562711221939953,0.10018552875695733
2141,Semen Kazmin,2693.0,-1.6931867644966987,0.155357209168612,0.09981447124304267
1223,Julia Tsukerman,2079.0,-1.6963524166009827,0.15494226109904505,0.09944341372912802
235,Andreas Brenke,2378.0,-1.69721837834537,0.1548289101393607,0.09907235621521336
480,Casper Liu,2744.0,-1.6974593021968776,0.15479738620818617,0.0987012987012987
504,Christopher Guzman,2665.0,-1.6995211645646355,0.15452781409104996,0.09833024118738404
2658,Димитрий Король,2564.0,-1.699705472529771,0.15450373597867056,0.09795918367346938
1664,Miras Assylov,2805.0,-1.7000341888652821,0.15446079987399652,0.09758812615955473
509,Claudius Gottstein,2296.0,-1.7013481204107412,0.15428927481715693,0.09721706864564007
2047,Roman Kezin,2905.0,-1.7068878903751616,0.15356780652044622,0.09684601113172542
1546,Matei-Valeriu Mogirzan,2587.0,-1.7144216485281372,0.15259108675706332,0.09647495361781076
2136,Sebastian Bazzano,2396.0,-1.7164215460941206,0.15233266554110764,0.09610389610389611
854,Gabriel Lenoir,2324.0,-1.7287113763683406,0.1507524830591138,0.09573283858998145
1996,Renzo Jhonathan Rengifo Blancas,2518.0,-1.7305262328137192,0.15052028117705094,0.09536178107606678
675,Dmitry Vyatkin,2445.0,-1.73560499821716,0.14987204226183184,0.09499072356215213
838,Franck Steenbekkers,2030.0,-1.7407236194750157,0.14922104473346945,0.09461966604823747
2277,Tabaré Bustelo,1961.0,-1.742913708966325,0.14894321738781202,0.09424860853432282
2236,Stanislav Kovalevsky,2494.0,-1.7505509310303835,0.14797772300078116,0.09387755102040816
923,Guerau Masague Artero,2801.0,-1.755141948323153,0.1473998210731563,0.09350649350649351
1341,Lakshmi C,2218.0,-1.759210674848223,0.14688922476452768,0.09313543599257885
1083,Jakub Borawski,2461.0,-1.7620598577947417,0.14653254481644765,0.09276437847866419
37,Adrian Gschnitzer,2540.0,-1.7649906081100997,0.14616640251811377,0.09239332096474953
2409,Viachaslau Zarubitski,2809.0,-1.7661519029890407,0.14602153038895474,0.09202226345083488
481,Cedric Chassard,2303.0,-1.771820785778397,0.14531604256141697,0.09165120593692022
612,Dejan Jakovljevic,1949.0,-1.7738292914493732,0.14506676524760154,0.09128014842300557
1565,Matthia Bach,2502.0,-1.7767593745529746,0.14470374710494496,0.09090909090909091
771,Eugene Yanayt,2372.0,-1.7857918030748583,0.14358943605822166,0.09053803339517626
1443,Mads Vestby-Ellingsen,2748.0,-1.7864830404870742,0.14350445448974444,0.0901669758812616
1065,Jack Rodgers,2643.0,-1.7876443583639583,0.14336177492012067,0.08979591836734693
2320,Tihomir Yanev,2566.0,-1.7881380806195843,0.143301151972265,0.08942486085343228
1532,Martin Holten Fiskaaen,2590.0,-1.7908832524416813,0.14296446828750595,0.08905380333951762
73,Alejandro Castellanos Villela,2802.0,-1.7922757183391407,0.14279394033462395,0.08868274582560297
1829,Olzhas Khamzin,2302.0,-1.7959386693184487,0.1423461674815391,0.08831168831168831
1095,Jan Enrique Zepeda,2263.0,-1.796239418478251,0.1423094548497236,0.08794063079777366
2663,Илья Чеклецов,2668.0,-1.8016160190655985,0.1416544617975878,0.087569573283859
2561,Zeinep Sultanbek,2525.0,-1.8029873198157254,0.14148780934931612,0.08719851576994433
1808,Oleksandr Matlak,2601.0,-1.8069467285505376,0.14100754625256817,0.08682745825602968
1126,Jeff Quirke,2164.0,-1.807781977575433,0.14090640753254796,0.08645640074211502
498,Christian Polster,2542.0,-1.8080971161844142,0.14086826375607778,0.08608534322820037
373,Assel Lesbekova,2460.0,-1.8094599349749867,0.14070341014512214,0.08571428571428572
933,Gustavo Horokoski De Souza,2241.0,-1.8126092421007938,0.14032307082383494,0.08534322820037106
2032,Rodolfos Stamatiou,2650.0,-1.8170624175906918,0.13978673304303843,0.0849721706864564
2443,Vitus Bondo Medhus,2795.0,-1.8180027854913363,0.13967369548402042,0.08460111317254175
961,Henrik Cernov,2716.0,-1.8245548148473048,0.1388882283705919,0.08423005565862708
2316,Tiago Carvalho Mangialardo,2029.0,-1.8358495645884108,0.13754289709427128,0.08385899814471243
1792,Nurgazy Zheenbekov,2447.0,-1.8386157748774243,0.13721508470208402,0.08348794063079777
2673,Никита Довбня,2306.0,-1.849118417621714,0.13597643810777016,0.08311688311688312
1137,Jesper Kjaergaard-Jensen,2342.0,-1.863701164721148,0.13427223404526104,0.08274582560296846
1975,Rasmus Skytte,2620.0,-1.8675842304595736,0.1338214947348387,0.08237476808905381
1689,Mrudul Dehankar,2517.0,-1.8886818474657674,0.13139483741361646,0.08200371057513915
1204,JozefKneht,2676.0,-1.8916243067011878,0.13105937793549122,0.08163265306122448
304,Anysia Thomas,2208.0,-1.89354122623519,0.13084122808705365,0.08126159554730983
468,Calin Gheorghiu,2617.0,-1.895298926694053,0.13064146889432846,0.08089053803339517
290,Anton Karpenko,2656.0,-1.899524672958243,0.13016228146013897,0.08051948051948052
215,Amir Ali Ghafourian,2708.0,-1.9077466869539745,0.12923421183868344,0.08014842300556586
22,Adam Collins,2540.0,-1.9089115668382073,0.12910318133138476,0.07977736549165121
2263,Suvradeepta Das,2415.0,-1.9200695118339564,0.1278538150474154,0.07940630797773655
1760,Nikolaos Skiadopoulos,2031.0,-1.9304110650261666,0.1267050884233495,0.0790352504638219
1881,Pavel Kiselev,2332.0,-1.9513306042724783,0.12440834180554426,0.07866419294990723
821,Filip Dowgird,2672.0,-1.9537283138176664,0.12414739225741998,0.07829313543599258
1571,Matyáš Zeman,2558.0,-1.9569920698304357,0.12379294345767465,0.07792207792207792
2222,Sondre Melaa,2722.0,-1.9583858500263012,0.12364184181269776,0.07755102040816327
234,Andre Mendez Machado,2300.0,-1.9773573463131244,0.1216008283310527,0.07717996289424861
2175,Seyed Kian Ghoreishi Amiri,2717.0,-1.987298939781447,0.12054291476990449,0.07680890538033396
950,Harry Cun,2378.0,-1.9924340958974827,0.11999958486513175,0.0764378478664193
2490,Wagner Guimarães,2394.0,-1.9962781672114809,0.11959424474637641,0.07606679035250463
1253,Kaiser Luiz Mafra,2227.0,-2.007738369497079,0.11839283403150203,0.07569573283858998
628,Dev Shah,2807.0,-2.0094664531965862,0.11821258252915331,0.07532467532467532
1934,Prithu Gupta,2582.0,-2.0099672349339066,0.11816039183774252,0.07495361781076067
977,Humberto L. Blanco Ronquillo,2719.0,-2.0122060541254787,0.11792730955804394,0.07458256029684601
2476,Volen Dyulgerov,2546.0,-2.0155169194814366,0.11758334724681999,0.07421150278293136
1037,Italo Romero,2300.0,-2.018352589809288,0.11728944408004907,0.0738404452690167
1432,Lázár Mátyássy,2551.0,-2.0274425426327305,0.11635160638109636,0.07346938775510205
311,Arash Tahbaz,2979.0,-2.049610527926676,0.11409174118154182,0.07309833024118738
501,Christiansen Sava,2185.0,-2.066391044599003,0.11240660559248303,0.07272727272727272
1548,Mateu Boci,2783.0,-2.068274236413344,0.11221885408057489,0.07235621521335807
2017,Robert Hungaski,2679.0,-2.0705763772013417,0.1119897061699785,0.07198515769944341
1230,Jun Ying Tan,2670.0,-2.0746009222224453,0.11159009772279382,0.07161410018552876
1616,Michal Redzisz,2471.0,-2.0777464567412385,0.11127863730061646,0.0712430426716141
2108,Samuel Jesus P Goncalves,2452.0,-2.0817579143679428,0.11088253956377155,0.07087198515769945
451,Brahian Diaz Herquinio,2466.0,-2.094950708694141,0.10958855510532915,0.07050092764378478
1649,Mikhail Gusev,2549.0,-2.097916542593827,0.10929948720716437,0.07012987012987013
1554,Matheus Santos,2220.0,-2.107134667822075,0.10840530082184996,0.06975881261595547
736,Emilia Zavivaeva,2034.0,-2.1116043697372673,0.10797404363090786,0.06938775510204082
1426,Luis Manuel Perez Rodriguez,2628.0,-2.1209468034084535,0.1070775111137704,0.06901669758812616
1919,Piotr Lopusiewicz,2452.0,-2.1237846343681626,0.10680648304461417,0.0686456400742115
64,Alban alban1987@hotmail.com,2110.0,-2.13069971974945,0.10614858322408839,0.06827458256029685
592,David Levine,2285.0,-2.1467696950246054,0.10463346895206303,0.0679035250463822
1142,Jesús Manuel Vargas Pereda,2075.0,-2.1485377125444898,0.10446794743460719,0.06753246753246753
48,Aiaru Altynbek,2555.0,-2.151734726719584,0.10416923069458524,0.06716141001855287
1627,"Michelle Catherina, P",2386.0,-2.1524888076162303,0.10409888237340313,0.06679035250463822
2301,Theo Bressy,2610.0,-2.1541351265341,0.10394544291960223,0.06641929499072356
2073,Ruslan Kashtanov,2529.0,-2.1549461409256114,0.10386992866001511,0.06604823747680891
637,Diego Carbone,2632.0,-2.1636649828789896,0.10306116883792286,0.06567717996289425
2007,Richard Yi,2731.0,-2.1768989958678993,0.101844232882653,0.0653061224489796
1324,Konstantinos Markidis,2542.0,-2.177013750924546,0.10183373648941575,0.06493506493506493
2173,Setu Madhav Yellumahanthi,2712.0,-2.1782508347734475,0.10172064403399866,0.06456400742115027
161,Alexei Kornev,2828.0,-2.1788484821935143,0.10166604786200915,0.06419294990723562
15,Aaron Matthes,2516.0,-2.1858691122494998,0.10102664403416936,0.06382189239332096
1665,Miroslav Simonovic,2345.0,-2.194587073254208,0.10023762592536802,0.06345083487940631
815,Fernando Díaz,2282.0,-2.2009950188455356,0.09966117167851367,0.06307977736549165
370,Ashritha Eswaran,2533.0,-2.204777413334329,0.09932229541844781,0.062708719851577
1943,Quoc Hy Nguyen,2984.0,-2.225838192151177,0.09745408747160601,0.06233766233766234
2530,Yidong Chen,2569.0,-2.2327746202408902,0.096845682780216,0.06196660482374768
852,Gabriel Gonzaga Garcia,2628.0,-2.250158399474877,0.09533580256174147,0.06159554730983302
2087,Saadat Bashirli,2460.0,-2.257739560990794,0.09468395385832785,0.061224489795918366
2194,Shiyam Thavandiran,2701.0,-2.2639386135397057,0.09415391134500639,0.06085343228200371
851,Gabriel Carckeno Do Carmo,2328.0,-2.27105966268622,0.09354831728005367,0.060482374768089056
738,Emilio Hernandez,2316.0,-2.283401357034408,0.09250701496360783,0.060111317254174394
1642,Mikelis Vingris,2658.0,-2.2881512248632525,0.09210903713973075,0.05974025974025974
990,Igor Gulkov,2461.0,-2.290831371310352,0.09188515487760722,0.059369202226345084
1858,Pappu Murthy,2082.0,-2.2914136496313757,0.09183657979545273,0.05899814471243043
1017,Ind1anStar-inactive,2695.0,-2.295374730424044,0.09150674896106874,0.05862708719851577
849,GIRINATH PDS,2132.0,-2.299898232491199,0.0911313897065827,0.05825602968460111
177,Alfie Onslow,2377.0,-2.3015294303609584,0.09099637344070226,0.05788497217068646
2300,The_filthy,2210.0,-2.3035992174281703,0.09082531373612567,0.0575139146567718
1878,Paulo Jodorcovsky Werjivker,2459.0,-2.3055349776964436,0.09066559280794939,0.05714285714285714
1857,Papp Petra,2572.0,-2.3060414995583147,0.09062384109682542,0.056771799628942486
1907,Petr Matyukov,2604.0,-2.311172260593855,0.09020189630873551,0.05640074211502783
1542,Marya,2133.0,-2.316875013228326,0.08973498939755345,0.05602968460111317
1923,Polina A Smirnova,2327.0,-2.3187276151913108,0.08958377898530316,0.055658627087198514
904,Glaucio Cella,2458.0,-2.322449547509991,0.08928068700870673,0.05528756957328386
2315,Tiago Batista Oliveira,2059.0,-2.32882994519865,0.08876325684002,0.054916512059369205
2573,Zsoka Gaal,2515.0,-2.3304835555157157,0.08862959658194595,0.05454545454545454
1436,MN Vinicius Saito,2537.0,-2.3349397418455946,0.08827031006228934,0.05417439703153989
263,Andrey Marcelo Souza Neves,2179.0,-2.337215199624606,0.08808735574782664,0.05380333951762523
181,Ali Elier,2596.0,-2.342225761113105,0.08768569732595156,0.05343228200371058
223,Anastassia Sinitsina,2399.0,-2.3440657532587155,0.08753861525524363,0.053061224489795916
1473,Marc Morgunov,2429.0,-2.344437149880598,0.08750895426898082,0.05269016697588126
1061,J,2008.0,-2.360633681751959,0.08622425385106602,0.052319109461966606
788,Evgeny Ermolaev,2539.0,-2.3752368464219913,0.08508060662034123,0.05194805194805195
1498,Margarita Zvereva,2185.0,-2.383541626170465,0.08443637043147512,0.05157699443413729
2608,mauro vargas,1999.0,-2.395846757558907,0.08348995076207426,0.051205936920222635
836,Francisco Silva Gonzalez,2494.0,-2.396970958985724,0.08340396783695685,0.05083487940630798
2546,Yvain Bruned,2510.0,-2.4190306793914638,0.08173297609807392,0.05046382189239332
1285,Kerem Tinmaz,2481.0,-2.423408572204459,0.08140500451835538,0.05009276437847866
1104,Jan Petr,2564.0,-2.43502794766781,0.08054034346760038,0.04972170686456401
1778,Nita Lucian,2442.0,-2.4352418155589524,0.08052450720179165,0.04935064935064935
2244,Stelios Halkias,2767.0,-2.4515041870105545,0.07932862045883858,0.04897959183673469
77,Alejandro Garcia Garcia,2624.0,-2.4546036396784663,0.07910254505284814,0.048608534322820036
870,Gellert Karacsonyi,2911.0,-2.462186325528579,0.07855194168854505,0.04823747680890538
1160,Johnathan Bakalchuk,2708.0,-2.4854064279141106,0.07688759722158559,0.04786641929499073
551,Daniel Marcolino,2112.0,-2.4873600911965714,0.07674904879319021,0.047495361781076065
1626,Michel Saucey,2336.0,-2.4903626681140376,0.07653656049845144,0.04712430426716141
1236,Justin Liang,2701.0,-2.4917241157106966,0.0764403905902733,0.046753246753246755
2634,zbigniew wieczorek,2310.0,-2.5032829165408637,0.07562835558967322,0.04638218923933209
2182,Shamil Arslanov,2905.0,-2.512597101957657,0.07497978121983859,0.04601113172541744
2028,Roberto Junio Brito Molina,2904.0,-2.5244631916988065,0.07416091460036693,0.04564007421150278
1345,Laura Viñolas,2269.0,-2.5382433754987805,0.07322028700983152,0.04526901669758813
574,Dariusz Bieliński,2401.0,-2.5459714370448903,0.07269759442512173,0.044897959183673466
2423,Viktor Neustroev,2421.0,-2.590120211494703,0.0697769797669563,0.04452690166975881
2100,Salomeja Zaksaite,2358.0,-2.615817897909459,0.0681273194002309,0.04415584415584416
2332,Tobias Rizzo,2590.0,-2.6310807476307514,0.06716470616572211,0.0437847866419295
624,Deniz Arman,2580.0,-2.638065888520982,0.06672838284448009,0.04341372912801484
2185,Shanmukha Meruga,2522.0,-2.64003100637084,0.06660610789135046,0.043042671614100185
938,Halldor Gretar Einarsson,2354.0,-2.64101352817461,0.06654505077607134,0.04267161410018553
130,Alexander Jasinski,2521.0,-2.653289810343762,0.06578653308801803,0.042300556586270875
922,Guadalupe Montano Vicente,2242.0,-2.6750739867777362,0.06446030390836911,0.04192949907235621
1657,Milad Khodabandeh,2307.0,-2.701721970390271,0.06287182295681416,0.04155844155844156
1735,Nicholas Figorito,2500.0,-2.7035774356556703,0.06276258950691796,0.041187384044526903
1988,Reem Sherman,2717.0,-2.7283023557051904,0.06132381191708005,0.04081632653061224
956,Havard Haug,2960.0,-2.742179927087967,0.060529820842030894,0.04044526901669759
1038,Itay Sitbon,2754.0,-2.7536038502295206,0.05988344063143349,0.04007421150278293
348,Artemii Khanbutaev,2569.0,-2.7568404718516444,0.05970148655420821,0.03970315398886828
2018,Robert Kula,2324.0,-2.765449407008283,0.05922003280010011,0.039332096474953615
549,Daniel Gutiérrez Olivares,2501.0,-2.7679099765859605,0.059083095623752066,0.03896103896103896
236,Andreas Mende,2206.0,-2.7715337298032887,0.05888196448999876,0.038589981447124305
2268,Svyatoslav Korneev Leskova,2711.0,-2.7820705545160993,0.05830077436540704,0.03821892393320965
657,Dmitriy Bocharov,2838.0,-2.788274623089627,0.057961091802800686,0.03784786641929499
930,Gunay Mammadzada,2573.0,-2.789240363594151,0.05790838332762839,0.037476808905380334
598,David Sh. Gevorgyan,2451.0,-2.795490163538114,0.057568366045381784,0.03710575139146568
2221,Soltan Muradov,2514.0,-2.798547193469167,0.0574027333331235,0.036734693877551024
2585,asghar golizadeh,2891.0,-2.804822898986647,0.05706411126706067,0.03636363636363636
1656,Mikołaj Gbiorczyk,2507.0,-2.8238388189226664,0.05604948309779154,0.03599257884972171
631,Dewar B. Feliz Dotel,2204.0,-2.8290937488244916,0.05577210333505516,0.03562152133580705
1715,Nasrin Babayeva,2200.0,-2.831364002025662,0.05565266872623223,0.03525046382189239
661,Dmitry Gordievsky,2957.0,-2.834111409424537,0.05550845364521557,0.034879406307977735
878,Georgijs Germanovs,2932.0,-2.866160979350777,0.05385192268301421,0.03450834879406308
1472,Marc Lonoff,2233.0,-2.884887315175584,0.05290571338521688,0.034137291280148425
1733,Nhat Minh To,2804.0,-2.895887295504785,0.052357243603527656,0.033766233766233764
1138,Jesper Lauridsen,2285.0,-2.900357071442361,0.05213591458507057,0.03339517625231911
1687,Mounika Akshaya Bommini,2181.0,-2.9262272422623017,0.050872181167188314,0.033024118738404454
1123,Jean-Christophe Martine,2245.0,-2.930133655646857,0.05068389369869859,0.0326530612244898
1596,Megan Althea Paragua,2672.0,-2.9312697324819514,0.05062925921464185,0.03228200371057514
1631,Mihael Ankerst,2541.0,-2.941894066081798,0.050121021901802815,0.03191094619666048
2178,Shaashwath Sivakumar,2614.0,-2.958492688430047,0.049336654834912605,0.03153988868274583
2470,Vladislav Voitovich,2808.0,-2.9590905418304514,0.04930862154017403,0.03116883116883117
1016,Inayat Bolat,2605.0,-2.9592288140152605,0.04930214011997943,0.03079777365491651
672,Dmitry Semenenko,2367.0,-2.9803550374693684,0.048321299223653365,0.030426716141001856
528,Cumali Unver,2373.0,-3.017146056076813,0.046657254838445496,0.030055658627087197
65,Albert Fishman,2304.0,-3.021174148884138,0.0464784106691009,0.029684601113172542
1203,Joy Romany,2122.0,-3.046225775110636,0.0453806975141757,0.029313543599257884
1905,Peter Sadilek,2411.0,-3.053700281426041,0.04505799033902259,0.02894248608534323
2022,Robert Ramirez,2497.0,-3.0688170002636332,0.04441200655104498,0.02857142857142857
1181,Jose Felix Calvo Gonzalez,2502.0,-3.0700121028883816,0.044361314503880485,0.028200371057513916
1051,Ivan Paquico Rodriguez,2542.0,-3.070728116877633,0.044330970145771934,0.027829313543599257
496,Christian Gian Karlo Arca,2868.0,-3.0745195498289917,0.04417062051949066,0.027458256029684602
1382,Lianet Diaz Garcia,2079.0,-3.0789694455302468,0.04398312842324758,0.027087198515769944
2425,Viktor Poddubnyi,2374.0,-3.0859004853967438,0.04369260721636407,0.02671614100185529
120,Alex Villa Tornero,2615.0,-3.144178835083404,0.04132126203600543,0.02634508348794063
151,Alexandra Prado,1791.0,-3.144430503282024,0.04131129364921028,0.025974025974025976
1032,Ishvi Aggarwal,2368.0,-3.172497376800524,0.040213914023386685,0.025602968460111317
1435,MIJuanReyesRosa,2187.0,-3.1766002307507115,0.04005585556284566,0.02523191094619666
806,Federico Sellitti,2597.0,-3.1886053666104432,0.03959678185115759,0.024860853432282004
146,Alexandr Provotorov,2493.0,-3.2005080307713656,0.039146609175408284,0.024489795918367346
1412,Lucas Foerster-Yialamas,2374.0,-3.201420425842374,0.039112304635137644,0.02411873840445269
1854,Pantata007,2480.0,-3.2023710392714486,0.03907659382379676,0.023747680890538032
2495,Wesley So,3224.0,-3.2058177831687504,0.03894737533753025,0.023376623376623377
1684,Monika Marcińczyk,2127.0,-3.219936839456498,0.0384223189657787,0.02300556586270872
250,Andrew Green,2313.0,-3.224947209238664,0.038237633126150194,0.022634508348794064
444,Boris Bruned,2414.0,-3.2296382882713917,0.038065489478612276,0.022263450834879406
1003,Ilan Vardi,2198.0,-3.2302903146637156,0.038041621738662004,0.02189239332096475
1964,Ramiro Corona Monraz,1779.0,-3.2461740793757397,0.037464610032276545,0.021521335807050092
616,Deniel Safarov,2900.0,-3.2497386158420003,0.03733628095147763,0.021150278293135438
1326,Koorosh Bahmani,2510.0,-3.2725930864106028,0.036523469099055864,0.02077922077922078
668,Dmitry Minko,2629.0,-3.295095734421984,0.035739818162938954,0.02040816326530612
318,Arina Kiseleva,2292.0,-3.2995069565786315,0.03558810743460764,0.020037105751391466
2061,Roshan Sethuraman,2676.0,-3.3512247826986763,0.03385507996769085,0.019666048237476808
2207,Simeon Todev,2512.0,-3.3564822222712816,0.03368353563509228,0.019294990723562153
2626,x-0147207515,2436.0,-3.3697266549052363,0.03325509554291558,0.018923933209647494
2610,natelleka,2431.0,-3.372878465216317,0.033153916308918605,0.01855287569573284
464,Byambaa Uyanga,2203.0,-3.373281996948567,0.033140983643047676,0.01818181818181818
1066,Jacob Dreelinck,2515.0,-3.387176279877468,0.03269865026252717,0.017810760667903526
1522,Marko Jelcic,2314.0,-3.395531917359656,0.03243539549319834,0.017439703153988868
1977,Rastko Svicevic,2359.0,-3.403790809461797,0.03217720236657275,0.017068645640074213
2477,Volkan Yirik,2504.0,-3.444930292194738,0.03092040906777237,0.016697588126159554
652,Dirk Troltenier,2455.0,-3.4743944355992964,0.03004963354269604,0.0163265306122449
46,Ahmed Kandil,2718.0,-3.486990668710696,0.02968466082602839,0.01595547309833024
1158,John Merriman,2445.0,-3.487349533784559,0.029674326006846205,0.015584415584415584
243,Andrei Purygin,2429.0,-3.4955538574225233,0.02943900204342847,0.015213358070500928
715,Egor Kurchenko,2672.0,-3.509914705041796,0.029031440086544725,0.014842300556586271
2611,paradise10,2526.0,-3.536072766671565,0.028303095011064677,0.014471243042671614
299,Antonio Naranjo Moreno,2630.0,-3.5495015290064433,0.027936106918522188,0.014100185528756958
1587,Maximilian Mostbauer,2726.0,-3.5543072708263974,0.027805899369100075,0.013729128014842301
2566,Zlatko Lisjak,2164.0,-3.5569580596611097,0.027734330929901973,0.013358070500927645
2498,Willi Skibbe,2461.0,-3.5584972083499418,0.027692857727907912,0.012987012987012988
453,Brett Passen,2461.0,-3.578808044441156,0.02715118377356012,0.01261595547309833
519,Cristhian Montero,2189.0,-3.6097667877492157,0.026345301144734892,0.012244897959183673
445,Boris Ferrufino,2361.0,-3.6149538372332235,0.026212573357397375,0.011873840445269016
249,Andres Ferriz Barrios,2505.0,-3.621757816866434,0.026039457281516864,0.01150278293135436
61,Alan Morris-Suzuki,2694.0,-3.6220142813189717,0.02603295377350153,0.011131725417439703
505,Christopher Pace,2385.0,-3.668127967510663,0.024888937005252146,0.010760667903525046
1958,Rafał Lewandowski,2353.0,-3.6812033478213912,0.024573567999481655,0.01038961038961039
1088,Jakub Luberanski,2321.0,-3.700140034609038,0.024123724535352144,0.010018552875695733
1971,Raphael Lagunow,2536.0,-3.7111482722530513,0.023865924237160493,0.009647495361781076
109,Alex Bullen,2299.0,-3.729574263508778,0.023440411212950388,0.00927643784786642
680,Domantas Klimciauskas,2266.0,-3.778894779407276,0.02233756242684006,0.008905380333951763
2288,Tarini Goyal,2363.0,-3.860865503376915,0.0206158147662398,0.008534322820037106
569,Danyyil Dvirnyy,3002.0,-3.8962119706629954,0.019914104424144242,0.00816326530612245
2531,Yilin Li,2255.0,-3.9216768773068456,0.019423121240981667,0.007792207792207792
1286,Kerry Stead,2078.0,-3.9223327807667134,0.01941063293006243,0.0074211502782931356
633,Diana Mirza,1971.0,-3.9502880091306394,0.018885624688470933,0.007050092764378479
1033,Ismael Gimenez,2724.0,-3.9767668037166435,0.01840119977070873,0.006679035250463822
2091,Sahaj Grover,2803.0,-4.073038214031838,0.0167405646210391,0.006307977736549165
683,Dominik Marczuk,2600.0,-4.102514605591658,0.01626222233634886,0.005936920222634508
2536,Yovann Gatineau,2752.0,-4.154198811901037,0.01545573370959464,0.0055658627087198514
14,Aaron Jacobson,3062.0,-4.2127427147829675,0.014589694070788512,0.005194805194805195
2355,Tyler Tanaka,2696.0,-4.222219104527136,0.014454078418378547,0.004823747680890538
2437,Vitaliy Garbuz,2552.0,-4.2386525647009226,0.01422183948838949,0.0044526901669758815
441,Bogusz Piliczewski,1953.0,-4.26149679128645,0.013905101739081055,0.004081632653061225
133,Alexander Khripachenko,2992.0,-4.394477887082008,0.012194775833944667,0.0037105751391465678
860,Gara Balajaev,2189.0,-4.522964845735393,0.01074018332000672,0.003339517625231911
1494,Marek Pniaczek,2466.0,-4.537473983735927,0.010587115443476194,0.002968460111317254
919,Grzegorz Kopacz,2487.0,-4.539167970645574,0.010569385585775724,0.0025974025974025974
1014,In Hei Henry Ho,2081.0,-4.756279807435867,0.008524246953820112,0.0022263450834879408
1358,Lenka Ptacnikova,2260.0,-4.8004883420320015,0.008158618513061442,0.0018552875695732839
754,Eric Liu,2902.0,-4.842888519620362,0.007822572231327882,0.001484230055658627
214,Amina Kairbekova,2432.0,-5.075635391722332,0.006208331645839783,0.0011131725417439704
2386,Valeria Viana,2119.0,-5.107823860861934,0.006012859397463785,0.0007421150278293135
2201,Shyam Gandhi,2272.0,-5.11726753927039,0.005956679816658337,0.00037105751391465676
