CenterControlScore,PieceActivityScore,KingSafetyScore,CastlingScore,KingTropismScore,KingDefendersScore,KingPawnShieldScore,KingZoneControlScore,KingDiagonalExposureScore,KingEscapeSquaresScore,CaptureRatio,PawnCenter,AveragePawnAdvanceDepth,CheckRatio,ForceRatio,PawnIsolateScore,PawnOverlapScore,PawnProtectScore,queen_1LifeRatio,rook_1LifeRatio,rook_2LifeRatio,bishop_1LifeRatio,bishop_2LifeRatio,knight_1LifeRatio,knight_2LifeRatio,pawn_1LifeRatio,pawn_2LifeRatio,pawn_3LifeRatio,pawn_4LifeRatio,pawn_5LifeRatio,pawn_6LifeRatio,pawn_7LifeRatio,pawn_8LifeRatio,queen_promo_1LifeRatio,queen_promo_2LifeRatio,queen_promo_3LifeRatio,queen_promo_4LifeRatio,queen_promo_5LifeRatio,queen_promo_6LifeRatio,queen_promo_7LifeRatio,queen_promo_8LifeRatio,Name,ELO
19.45142178635712,180.6240686254561,-57.76804291108999,-15.399012494489623,-11.036537722119922,3.989738526847857,-5.001579988623928,-32.17156205096663,-10.513003579470038,12.363914397732298,0.2172683438155136,0.379958071278826,18.11949685534591,0.0705555555555555,0.011230607966457,0.091570005227499,-0.228529085046526,1.1392337128635914,0.6786422521442249,0.8617534113121241,0.8402509146674161,0.598353815988689,0.6254661267485846,0.47882555144292,0.5690520297225764,0.8891833668671191,0.8748245380339816,0.8395743666104921,0.4116479405544185,0.3738525292525382,0.7553606487128797,0.8122691147913095,0.8602137779661412,0.0457388593593671,0.0305679369954649,,,,,,,Abdulla Gadimbayli,2831.0
18.99402414923694,172.1502071396653,-71.55811795760903,-15.52836926128947,-14.625648665575682,4.0,-5.256225448369715,-42.28921990369198,-9.734076984269372,11.875422305587207,0.2242,0.2944,16.8,0.05419999999999999,0.004,0.07994735622677078,-0.10821246522923991,1.030252265342533,0.5883848511461216,0.8933823529411764,0.812186636731315,0.5336428171209542,0.5699696412838353,0.4639491663590663,0.6658278176513994,0.8856596754838613,0.9258032174618481,0.859132515274857,0.3179433275254245,0.24933810449208765,0.8537927989682936,0.758135912927887,0.8770732883317262,0.0007352941176470499,0.0,0.0,0.0,0.0,0.0,0.0,0.0,Abdulla Gadimbayli,2831.0
17.84504030458066,141.00920570449296,-65.41266410923018,-16.41529663134669,-12.20960038934646,4.0,-5.775109256356616,-36.76175285507033,-10.853348371595786,12.60244339448569,0.2104,0.4434,24.9,0.1045,0.0375,0.13656346180494305,-0.3426719123987499,1.0317357738185495,0.4082363704014873,0.8799428012342891,0.8319763245320916,0.34094777747986404,0.6153815555438068,0.6110548013787692,0.4220565007662581,0.8368447519813331,0.9193644182189826,0.7544125404009209,0.3718145375824104,0.41724246763936285,0.7380725605459022,0.8065179380523239,0.8316301986709151,0.0,0.0,0.0,0.0,0.0,0.0,0.0,0.0,Abdulla Gadimbayli,2831.0
16.844415491292597,166.55044217629467,-56.0958842939458,-12.846773396582657,-11.589557105179438,4.0,-4.348641821368469,-33.12215258593078,-10.092705558509184,11.903946173624728,0.1796,0.32009999999999994,23.1,0.0588,0.0036000000000000003,0.04342006349145734,-0.11445751617505835,0.9861166513998662,0.699197826374295,0.9367261904761903,0.7986256432246999,0.5282336288777059,0.6796039395086122,0.6323386658497496,0.5126057959645769,0.9114285714285714,0.8410276800375321,0.815819525302284,0.35681552289532814,0.23037518925678838,0.6911868239538446,0.8784286405418481,0.7992072523821874,0.0,0.0,0.0,0.0,0.0,0.0,0.0,0.0,Abdulla Gadimbayli,2831.0
23.84472388597382,223.58648346827104,-50.165393142460736,-14.313601518080072,-10.099912261688392,4.0,-2.541958685367168,-27.44057785945867,-9.832189035981532,10.062846218115096,0.23259999999999997,0.5213,11.0,0.0185,0.005200000000000001,0.07588685634041277,-0.2702597462716286,1.3120921131091154,0.8883083668249909,0.9442455242966752,0.8792354753510787,0.7414015113655076,0.7670547640113473,0.7112297289727736,0.7401483499236643,0.9800000000000001,0.9515249837767683,0.9135909822866346,0.6601643378997675,0.4470152132005394,0.8059984902461957,0.9701754385964912,0.8734555137844611,0.01304347826086956,0.0,0.0,0.0,0.0,0.0,0.0,0.0,Abdulla Gadimbayli,2831.0
19.615768903448988,190.81645950551314,-52.61786793168956,-16.252137445699894,-10.200087319627787,3.9964285714285714,-6.8072807338686605,-25.9590267966559,-10.941646018279712,13.545881811013828,0.20349999999999996,0.4269,21.0,0.07260000000000001,0.0066,0.06811060713492997,-0.4002316006785193,1.7368247118116482,0.7903976975405547,0.8807377628215832,0.9378826530612244,0.32760558031676407,0.64012568409098,0.4083013756019599,0.3876643569809449,0.8797550574280134,0.9473478902050332,0.9372960372960373,0.45451914359281564,0.5210015074452687,0.7723393178394342,0.7427398364745861,0.7962258124089794,0.0,0.0,0.0,0.0,0.0,0.0,0.0,0.0,Abdulla Gadimbayli,2831.0
18.236172548488337,185.45118065433854,-50.56800392516833,-14.577440447966765,-10.205740676957712,3.996,-3.4354856736435684,-27.27343945449209,-10.383460306170832,11.311562634062636,0.16090000000000002,0.44830000000000003,19.9,0.0199,0.0081,0.08434600013547382,-0.19416920680078573,1.2743654519180834,0.771369456459682,0.7944447739065974,0.8146105644321523,0.6778319657202033,0.6543113252294782,0.4143096878364272,0.5658600170014724,0.9463684210526315,0.8316245536621476,0.9313283208020051,0.3846029446038366,0.517134914751668,0.7153131187040962,0.7937464994532665,0.9255850340136054,0.002,0.0,0.0,0.0,0.0,0.0,0.0,0.0,Abdulla Gadimbayli,2831.0
21.26642035579104,189.89107462527073,-53.10538050949098,-16.474234186926896,-9.930508578834075,3.992,-4.710598423686147,-27.668759588713804,-11.219929274025978,12.906649542695934,0.22199999999999998,0.4101,20.3,0.0648,0.0188,0.12822999693081663,-0.6245560163589463,1.2530918171340215,0.7458167197898852,0.6177582731469271,0.8814590194494499,0.6418900761805805,0.5122525058936123,0.45298204860221036,0.4816795605755081,0.8228594216659504,0.7677239493606411,0.7318494816166073,0.454832212128636,0.5357726136250008,0.8040137892410619,0.9393021978021977,0.9492032967032967,0.006666666666666659,0.0,0.0,0.0,0.0,0.0,0.0,0.0,Abdulla Gadimbayli,2831.0
18.095310499751236,165.5017077235911,-63.313787327596415,-15.629945501076651,-11.178739195478133,3.994915254237288,-5.2538775099613435,-38.168346439889085,-10.795226576658632,13.717432641230147,0.20140000000000002,0.3765,22.9,0.041999999999999996,0.0092,0.05035991264295482,-0.13112386406451576,1.1663832093414013,0.5889725184115843,0.8965735722684475,0.7808954831932773,0.3845857177539834,0.5799021729015005,0.4987378713807537,0.5010279597874199,0.8992312834224598,0.7801891505506913,0.9204306722689075,0.19503773305598252,0.5373346853801761,0.6573330199304601,0.7769381028410096,0.8622018837655544,0.0,0.0,0.0,0.0,0.0,0.0,0.0,0.0,Abdulla Gadimbayli,2831.0
17.79701548160319,177.40050033008805,-58.37194682503417,-15.010400643833924,-10.761876394881282,3.9933333333333336,-5.670216852113404,-32.61927748663131,-10.486300793159863,12.182792012252282,0.19820000000000002,0.4215,18.5,0.07370000000000002,0.0087,0.03701067964186405,-0.15343733561124862,0.9469284455341427,0.7119472494759024,0.9027147838600765,0.828289032888884,0.50487150668174,0.5117540749212386,0.5990615170092437,0.6955889853551723,0.671413332677411,0.8045244141453519,0.8159022789889374,0.5183508941032348,0.39426230776898635,0.7689049772686587,0.7786778917682727,0.8302816736983851,0.0,0.0,0.0,0.0,0.0,0.0,0.0,0.0,Abdulla Gadimbayli,2831.0
19.032937641062638,180.623962190292,-55.0786282778883,-16.1963909888378,-8.609149530374982,3.996969696969697,-7.382165443894166,-30.903682423762213,-11.410852428009342,15.4266428400205,0.21710000000000002,0.35550000000000004,24.5,0.11579999999999999,0.0235,0.23172082389635587,-0.29949752099752097,0.9694670600282302,0.6152444253648225,0.8846488181629691,0.7881956931956932,0.5490225621701961,0.4574332743362339,0.46852519817370697,0.49946459809210875,0.7549078699078698,0.7849053813569943,0.7160573074724017,0.41879302020678316,0.2105117659315392,0.7467426346055378,0.7455957870998955,0.6849934918331145,0.015113057801737028,0.0,0.0,0.0,0.0,0.0,0.0,0.0,Abdulla Gadimbayli,2831.0
19.591066522870157,184.41509434766743,-47.07611356423654,-16.192543839447403,-9.269517874946017,4.0,-3.7209626801422635,-23.528580371872437,-10.038077788102875,11.673568990274449,0.2405,0.3653,18.8,0.0593,0.004399999999999999,0.24696273598991594,-0.22649988497814583,1.0814250939046608,0.7031591530054645,0.8987850839960384,0.858081159202448,0.5982882104483699,0.687815128546249,0.5293701937016121,0.5560680041026965,0.956111111111111,0.9737489745693191,0.8429127652933832,0.3067100657888253,0.2912292655171266,0.740595756662867,0.7040517288172393,0.8969806763285024,0.0014492753623188402,0.0,0.0,0.0,0.0,0.0,0.0,0.0,Abdulla Gadimbayli,2831.0
16.971746637372004,162.26655097445914,-68.2299125056274,-16.079832787056155,-11.384977037111346,4.0,-7.997464897256819,-39.304912967132296,-10.981169475447768,13.518444658376978,0.1869,0.3129,25.7,0.06640000000000001,0.002,0.13209164476832677,-0.23743622714325782,1.4775940638154632,0.573708682667372,0.7598494146467811,0.7772063966728238,0.4585692100222113,0.5389644023063326,0.21625477590657596,0.4544813114942471,0.7380311426348694,0.8518828080067677,0.7978179198912682,0.19710264566313937,0.40065596402134307,0.7243738934103616,0.7899607290026609,0.7801330767104218,0.0,0.0,0.0,0.0,0.0,0.0,0.0,0.0,Abdulla Gadimbayli,2831.0
18.377959359892554,172.10557773059372,-55.91083390617085,-15.871011284621952,-11.8194698658132,4.0,-5.931218214093421,-28.24430997319571,-11.458636693836795,13.413812125390232,0.2166,0.36,16.9,0.1129,0.027500000000000004,0.2493265278470717,-0.02857142857142857,0.7138460197588241,0.5615630517406996,0.7868282697694462,0.7214001674921823,0.6091996823870558,0.5635132563233954,0.5226662986603665,0.531508294577641,0.7717844568029656,0.7661395197952263,0.6552953067841729,0.2779538971706615,0.24831356277166566,0.6355168679316622,0.8097977685670346,0.8039507222009004,0.02343534601599117,0.0017094017094016999,0.0,0.0,0.0,0.0,0.0,0.0,Abdulla Gadimbayli,2831.0
20.577709738967428,194.48886154253012,-51.551853901744536,-15.90588374847031,-10.11690497726369,3.996,-3.956200981504474,-26.50214226295205,-10.39745493006474,11.33073299851073,0.2178,0.28969999999999996,19.0,0.047200000000000006,0.004,0.08313477986131161,-0.299989271863381,1.5485719310902604,0.7820272032327533,0.7468586432135895,0.8801596624282576,0.6273494199442184,0.5794470839933649,0.43499056577240164,0.4579314414512413,0.9043830092653009,0.9378762421532514,0.9092554214502993,0.6109369510972326,0.24559346919682498,0.909150445018662,0.8444569015388176,0.8750881140368222,0.002,0.0,0.0,0.0,0.0,0.0,0.0,0.0,Abdulla Gadimbayli,2831.0
18.52502529069129,196.38511741806522,-54.306508761382574,-13.793575429135448,-11.042720798613086,4.0,-3.3135537384393268,-29.564799662772362,-9.996050756995357,9.404191624572999,0.19770000000000001,0.44000000000000006,13.0,0.0308,0.0,0.004143248784758233,-0.3116711798839458,1.1619528008307616,0.9131334602734984,0.9062600195503421,0.9109727788799971,0.7535908329243193,0.6567758702696944,0.5645699482680159,0.5991089009948781,0.9011772056163888,0.8660280819440335,0.8822695340260533,0.7310022199678865,0.5625152079716619,0.747530079291201,0.8233021107333034,0.9648256880733946,0.0,0.0,0.0,0.0,0.0,0.0,0.0,0.0,Abdulla Gadimbayli,2831.0
19.93202663855478,190.8230209668223,-62.592112233019705,-16.964044472372695,-11.589443273973338,4.0,-5.67921755099231,-34.674468166973995,-11.22549151156579,13.540552742858427,0.21539999999999998,0.4385,17.6,0.0875,0.0123,0.04002741203805755,-0.19276067778620695,1.4118908306342397,0.7786410620064286,0.8635660731021556,0.8657605034296914,0.7097961829544948,0.6033279427148537,0.46746135155710666,0.4558857515497475,0.8362548234212589,0.8007137796492934,0.7704544786600227,0.5632268409188492,0.4693596384894466,0.7523774232913798,0.7293382465345664,0.8252656760603087,0.0,0.0,0.0,0.0,0.0,0.0,0.0,0.0,Abdulla Gadimbayli,2831.0
18.11057278945084,177.53989672567724,-63.633528861103606,-15.876939311817361,-11.25629689568871,4.0,-2.2577366874318097,-40.06579731695586,-11.059943107028472,12.883184457818604,0.21590000000000004,0.5328,18.5,0.11289999999999997,0.0173,-0.021933586738464773,-0.22865123945611748,0.9287365290536022,0.7376259557733575,0.8524337908992665,0.6661233670407352,0.40214538621763224,0.5266971828535927,0.5199804841518231,0.5318406330277048,0.8470100719415689,0.8612724152871823,0.8101487012713822,0.3889582830858743,0.3879951809707599,0.6654364600970272,0.7133998645069296,0.7462043968470848,0.0,0.0,0.0,0.0,0.0,0.0,0.0,0.0,Abdulla Gadimbayli,2831.0
21.030516254718247,176.6146174492981,-44.61541802417773,-15.318548074209152,-11.128189305230155,3.996969696969697,-3.2333953053697697,-20.23698778696472,-10.654374875727147,11.95910762635352,0.2253,0.39730000000000004,18.2,0.05469999999999999,0.003,0.07803973173030201,-0.10777629233511585,1.5488573842627615,0.6555414055786286,0.8639096290039235,0.8638403263403264,0.733352915751004,0.5588542266597888,0.38427093358363684,0.6657989155217752,0.9442155584528467,0.8566753585397654,0.8025275807757467,0.5847462559715911,0.30536344241533,0.8735770014220376,0.8588727468388486,0.8517516220663921,0.0,0.0,0.0,0.0,0.0,0.0,0.0,0.0,Abdulla Gadimbayli,2831.0
19.228236387797676,181.05446865919865,-56.2682950836426,-14.629224941657796,-10.417972270828702,4.0,-6.563843209328536,-31.92853400888321,-9.789672105924806,13.060951452980444,0.2197,0.4210999999999999,14.0,0.0663,0.0187,-0.05285665441325658,-0.363589655958077,1.416528885658687,0.6560312044007696,0.9513043478260869,0.8890915377608153,0.4941074142025229,0.42001323817740055,0.5844194421839882,0.6652598372299459,0.9914285714285714,0.864204889946578,0.9313819875776398,0.38809801095686647,0.5177429483951222,0.8798849104859336,0.9648351648351647,1.0,0.01304347826086956,0.0,0.0,0.0,0.0,0.0,0.0,0.0,Abdulla Gadimbayli,2831.0
18.007878585817092,152.93666918647483,-53.63768136777313,-15.809384828785255,-10.679784187282303,4.0,-4.81078338877025,-29.457788210855096,-10.787639552054092,13.907698799973867,0.2132,0.39919999999999994,18.3,0.047200000000000006,0.0,0.04415006978000241,-0.2054773406036472,1.1340129228166569,0.4844802793611979,0.8603648878076102,0.8737502206821848,0.6785256083927688,0.5533695029198824,0.4534068925661012,0.5313608499534588,0.9312222838137473,0.8985195130683852,0.9108788572755092,0.2357071846572346,0.1997782480461177,0.8614797404975976,0.8089455835862089,0.8858447684391081,0.0006289308176100599,0.0,0.0,0.0,0.0,0.0,0.0,0.0,Abdulla Gadimbayli,2831.0
19.522887805521716,187.89105035016684,-65.01570546159179,-16.53192685306517,-11.131885871728123,3.990625,-5.3707770537770125,-37.04885059454314,-10.658355933237761,11.735465844759426,0.2439,0.3621,18.6,0.0658,0.0104,-0.018295864433579966,-0.3274865673542144,1.5405963698561154,0.720167834077306,0.7944917043740574,0.8883985736485738,0.5391589000106431,0.7831483739837399,0.5605709545681374,0.5339437868729068,0.8893095238095239,0.8269500239120038,0.6649512734525989,0.5633735799774092,0.3630368037933417,0.6332222782622207,0.845863156836554,0.8247484574249281,0.0,0.0,0.0,0.0,0.0,0.0,0.0,0.0,Aleksandr Lenderman,2913.0
19.06598078419927,171.9276863295249,-58.09395662022029,-15.592441146213112,-11.06940108018227,3.995925038180306,-4.228133684632607,-33.36390759633783,-10.445511737787523,12.609513586752753,0.2204140752864157,0.4161162029459902,19.7430441898527,0.071887070376432,0.0080703764320785,0.1330664474214582,-0.2462128531012111,1.7615569829425295,0.6428487326944674,0.8818133899294767,0.7733229497719115,0.580950291901644,0.5788076592916204,0.4989758544612889,0.5616041692797521,0.8987916583616725,0.875673945054238,0.8363044922485858,0.6569026661308969,0.4415552888734165,0.502575836641092,0.8026638681096007,0.8266671926548915,0.0595333645927523,0.0396893382739828,,,,,,,Aleksandr Lenderman,2913.0
17.7476058276832,170.9921034574953,-57.92520507941809,-16.370763220141626,-10.606287708876511,3.9816964285714285,-4.030928104019492,-31.036069363582193,-11.174024824011486,11.31117171264179,0.2143,0.4603,23.6,0.07780000000000001,0.0,0.3369485523067117,-0.35946710250218683,2.0070437248470596,0.6390535099993502,0.7080653581078952,0.8329834631871685,0.43330124261659836,0.6213535448006342,0.47866449940150096,0.5342595825775366,0.9319650307066414,0.8504403055552633,0.9044103547459251,0.7079838156496785,0.4424990444514404,0.4738397657227595,0.6917229862324643,0.7441039904245116,0.022297297297297288,0.0,0.0,0.0,0.0,0.0,0.0,0.0,Aleksandr Lenderman,2913.0
18.16883939268703,161.55711637163557,-60.58463283791069,-16.20257820962464,-11.411360860962924,4.0,-3.7188333157406035,-33.53851422834409,-10.983226736298096,11.26988051305967,0.2253,0.4201,19.3,0.0778,0.01,0.056967603732998404,-0.37844772583648456,1.4197593960584733,0.5585294600824212,0.8614042523133432,0.8173420995555383,0.7223707021797167,0.5189474964971528,0.30854609763028074,0.6552818239103821,0.8740850105555988,0.8802204028636419,0.8061200782896736,0.5759847890156455,0.6519302792425322,0.40609679885653904,0.8477417524001375,0.9611700163648216,0.0,0.0,0.0,0.0,0.0,0.0,0.0,0.0,Aleksandr Lenderman,2913.0
19.523459678339737,181.9654648245751,-57.041682934299914,-16.071318839642405,-11.885160189347285,4.0,-5.630742806767694,-29.737377046172135,-10.067991486967646,12.35090743459725,0.21100000000000002,0.4149,16.3,0.06060000000000001,0.006500000000000001,0.22372575976952952,-0.390631040443482,1.717660278487133,0.7419873754615472,0.8985037781144538,0.7895675880593079,0.5954975869146947,0.48338275519773727,0.5746072111658636,0.5956647135639178,0.8306015600789227,0.9471218206157965,0.8169422396935188,0.8017774092196801,0.5228592595152364,0.6983676026811682,0.8550594802717427,0.8785209804736187,0.0,0.0,0.0,0.0,0.0,0.0,0.0,0.0,Aleksandr Lenderman,2913.0
17.328487812475526,179.7452712921363,-70.91267935752064,-15.475225087005787,-11.182569589923686,4.0,-7.6994195297785595,-42.36468735208412,-10.864240886397628,12.673463087669145,0.22339999999999996,0.449,19.4,0.051000000000000004,0.006,0.1983014915081021,-0.10341921914502614,1.8409350424174753,0.7131740279592823,0.8284315774376626,0.7638232288456074,0.5274188790619874,0.46810344334347925,0.3704480000505095,0.6086063371161206,0.8739059068950373,0.8782455654101996,0.7175973327246641,0.7053547947505747,0.3898359458753732,0.45396499184984335,0.7197955205388856,0.7558957435862185,0.0012820512820512799,0.0,0.0,0.0,0.0,0.0,0.0,0.0,Aleksandr Lenderman,2913.0
18.120783713655232,164.54452086636488,-61.93064809243863,-15.116912491646573,-12.708166133545497,4.0,-3.1008927630302447,-36.21518886979941,-10.300274170061035,11.510786335644127,0.205,0.3395,19.0,0.0571,0.0060999999999999995,0.04495168124569723,-0.5187548308672684,1.947355077558236,0.5837807537045504,0.9428333745840553,0.8825777529464975,0.6128770104541801,0.5371608078555526,0.39581589014057983,0.6943517578979146,0.9552078318086984,0.9290615835777126,0.8355178764374009,0.6329485186362307,0.36383113224360475,0.5520921978798338,0.8146295938532374,0.7937913655919526,0.011017493179264959,0.0,0.0,0.0,0.0,0.0,0.0,0.0,Aleksandr Lenderman,2913.0
20.647389872602268,182.72856824807806,-58.98595950808654,-15.757409511628822,-11.924785716458494,3.986571428571428,-6.397815598721283,-30.294085192659924,-10.439231440885091,11.840796523695651,0.2142,0.5005999999999999,15.7,0.03660000000000001,0.0036000000000000003,0.05752184066738251,-0.40151206929791317,1.6783512177380218,0.7218323043756147,0.9191666666666667,0.8034032987142042,0.661483640128219,0.6768966436487631,0.6843107996425689,0.6858573314733929,0.8723174214606283,0.8312780035738807,0.936560786538098,0.6405857055154806,0.5288326673881313,0.34909256141545836,0.8693181203065228,0.8131042922845824,0.0,0.0,0.0,0.0,0.0,0.0,0.0,0.0,Aleksandr Lenderman,2913.0
17.690941178888398,161.89374819660236,-68.45799151128331,-15.58870312789368,-12.130754463856064,3.9937148217636023,-4.560519898372711,-43.16869164480106,-10.027723246108614,13.024686047985217,0.22290000000000001,0.4689,17.7,0.04129999999999999,0.006,0.09925242007319963,-0.34365375528377295,1.5833528403628703,0.6471725267824807,0.7948384481719912,0.6682620499692474,0.5266081677889073,0.43444052495550983,0.5271917596847661,0.6888542705102578,0.8583745429861563,0.9183623289808279,0.8049905761840661,0.5395544943823534,0.36491783418744517,0.6029998643159395,0.8005469483256256,0.8022278977927065,0.0,0.0,0.0,0.0,0.0,0.0,0.0,0.0,Aleksandr Lenderman,2913.0
19.60121832338724,183.71975283992188,-66.44236334171403,-16.607509452540707,-10.821871993968596,3.9695303091128062,-6.2500601173395784,-37.89667231857429,-11.498060948304648,12.662281179900994,0.22160000000000002,0.4048999999999999,20.1,0.0627,0.0126,0.03340131893447974,-0.23259559599666405,1.4389165067607164,0.6707223193944205,0.8333740074857747,0.7622536749043217,0.5127635169345807,0.5065874863416383,0.5088023261189527,0.47890140044590607,0.9300419523257302,0.8408649946754017,0.7672527029419289,0.4848621260154576,0.5246162155125143,0.5091753590739996,0.796974066830004,0.7659162882844343,0.0005076142131979599,0.012182741116751269,0.0,0.0,0.0,0.0,0.0,0.0,Aleksandr Lenderman,2913.0
19.55360189967461,178.85394591146354,-48.290319916334646,-14.070399808110324,-10.13309493154712,4.0,-1.8375246079577336,-28.808271468220415,-9.721276706758534,12.280247606259476,0.23640000000000003,0.496,15.9,0.1028,0.004399999999999999,0.20548341509926935,-0.059366424473379864,1.572039843219034,0.6919649006245967,0.9178004535147393,0.6934133895943823,0.6396242867137564,0.6431239409976435,0.6466823697620426,0.6146210236344472,0.942372706658421,0.8550361420753477,0.912463768115942,0.6483144503464302,0.5196494066924019,0.44562391154981507,0.7864511549517683,0.8455921471180401,0.0,0.0,0.0,0.0,0.0,0.0,0.0,0.0,Aleksandr Lenderman,2913.0
20.334389569267138,170.40044806605223,-60.871538487468534,-16.098890573028505,-12.098385324788797,3.9827144120247566,-4.829645485515161,-34.02719767173005,-10.324463027916739,12.52432918348595,0.2319,0.3157,18.0,0.0923,0.029199999999999997,0.1452110309198834,-0.4620368792963693,1.6211612253212515,0.5973261409498982,0.8627876408247053,0.8515844858148052,0.4980607974540339,0.5562478604108329,0.5800838511502678,0.626403710036591,0.8656961700626834,0.8762802117941604,0.8790811356750083,0.5688077662198061,0.5173426878953187,0.6786693323887817,0.7616896919009182,0.8883239423860857,0.01473684210526315,0.0,0.0,0.0,0.0,0.0,0.0,0.0,Aleksandr Lenderman,2913.0
21.14544425636558,188.92564623182398,-54.47370784588698,-14.800730752925531,-11.301069387315064,4.0,-4.7313200510124025,-30.315609779385124,-10.236882689678742,12.911904814429889,0.2153,0.4447,17.4,0.0895,0.027500000000000004,0.20087730970496284,-0.269293583717117,1.3880261558796394,0.7027002213068629,0.8207151366242276,0.9078416900551287,0.6468835719815262,0.7080324809744997,0.5646197208923974,0.598291705796796,0.9268632268632269,0.917640362926314,0.6890415087745834,0.5910232083202849,0.6026925757528602,0.5080706756082561,0.8697628458498023,0.9121212121212121,0.01732283464566929,0.0,0.0,0.0,0.0,0.0,0.0,0.0,Aleksandr Lenderman,2913.0
20.311358389771286,203.68718599718773,-67.6310553419599,-15.342479063071398,-12.42080433345104,4.0,-6.230045715995193,-36.88952046179398,-10.134529591585341,9.386323823937065,0.2217,0.5414,12.7,0.0417,0.0025,-0.01399224617168866,-0.4714536689275365,2.130437483345149,0.8685840579517539,0.8389561392139958,0.8923796033861577,0.7061007233676726,0.6814630550364351,0.49850483596791556,0.6021549916768396,0.8946776018099547,0.8961590452031629,0.7750580193103025,0.8068213487796545,0.5582832860710885,0.7460433181000725,0.9987654320987656,0.9836983431727291,0.0,0.0,0.0,0.0,0.0,0.0,0.0,0.0,Aleksandr Lenderman,2913.0
16.774345570990707,138.5927489137895,-71.44741871451396,-16.305715327423183,-11.613609005072476,3.991119496855346,-6.721699312795155,-41.865149096393836,-11.297651886753282,12.365286417068639,0.2037,0.3167,23.2,0.0777,0.010600000000000002,0.1927636092739208,-0.2520817222368391,1.4563428709329007,0.47845978862233035,0.7351785328614244,0.6532538842739917,0.6324801178930037,0.4749474832358585,0.30854826633616905,0.5713917289603336,0.8245077234038932,0.7825409170609605,0.6265576351788629,0.4706053711920041,0.2969476571973385,0.4730287474499346,0.8866714088653067,0.826260880482646,0.0,0.0,0.0,0.0,0.0,0.0,0.0,0.0,Aleksandr Lenderman,2913.0
20.623923616695023,192.71381059898633,-63.683682021656935,-15.747607884898235,-12.280367690141187,4.0,-4.29833956606434,-36.226331257331815,-10.13827572609883,11.007240102877478,0.1889,0.40709999999999996,14.5,0.0402,0.0021999999999999997,-0.01671528681977113,-0.3432663812491186,2.0804837997701364,0.7972380639821882,0.9052631578947368,0.7880964986263503,0.775702288127514,0.6734254140030871,0.4865967325943303,0.6181295557136693,0.8860684510750328,0.9713271146915414,0.7467935334668695,0.8056394687871542,0.4732959252084702,0.6736197672147717,0.8340815840776437,0.8484162954425811,0.00188679245283018,0.0,0.0,0.0,0.0,0.0,0.0,0.0,Aleksandr Lenderman,2913.0
19.759216033895278,181.04643505787388,-47.3306987257323,-14.253818777971262,-10.3584976262396,4.0,-2.6225754672891317,-25.532131701335075,-9.760332925685663,11.196657772788434,0.2509,0.5347999999999999,14.4,0.056400000000000006,0.0,0.150953354020748,-0.18669074531149255,1.8409480132642808,0.6852565012628199,0.9411764705882353,0.8043376111960224,0.5825015266895284,0.6696289643478862,0.5723325320252822,0.6564907454778763,0.946314506663372,0.9740773331357788,0.9786411308709531,0.7318242551411859,0.30004558402884474,0.6788822353960086,0.8084089418502483,0.8458658131431813,0.0,0.0,0.0,0.0,0.0,0.0,0.0,0.0,Aleksandr Lenderman,2913.0
18.94601865924039,175.0095039812442,-58.735504960747605,-16.339679042922644,-10.517743931834486,3.996052631578947,-4.263296083378145,-34.288612083662066,-10.671396288071772,13.349169837542558,0.22510000000000002,0.5163,21.5,0.08420000000000001,0.0111,0.21694338167085997,-0.4807993856356405,1.8840039128821133,0.6387984075109122,0.789067891954918,0.6599906829078008,0.5610424327727161,0.6198649381669452,0.48243980085850346,0.5387364434986938,0.942063492063492,0.9952380952380953,0.753540647346112,0.6950434314485605,0.4459967639301758,0.36264396733472376,0.8470872738059765,0.7725720857296057,0.0,0.0,0.0,0.0,0.0,0.0,0.0,0.0,Aleksandr Lenderman,2913.0
21.37852499337967,183.97593465842877,-54.26058184787426,-13.632126313940924,-11.899579303678475,4.0,-4.052457371771982,-31.470006403215358,-10.156776389360838,12.950363934093312,0.2129,0.5445,15.9,0.0524,0.0026,0.04476107335101836,-0.5580151008980546,2.0816393515274116,0.7700249144727056,0.9857142857142858,0.7664091226340222,0.42772042590209997,0.7261727796968761,0.5381145024566076,0.7324908721706439,0.8780402930402931,0.783029261187156,0.8126170573517857,0.8802841505473085,0.6287287533974281,0.34348136853791045,0.9417701575532901,0.8746753395347773,0.0007407407407407399,0.0,0.0,0.0,0.0,0.0,0.0,0.0,Aleksandr Lenderman,2913.0
16.96430466256243,155.98064750227334,-56.10759209578926,-15.788654351342469,-10.614745857962472,4.0,-2.042892790387453,-33.01331685539935,-10.552194704355603,11.904212463658109,0.21220000000000003,0.3875,19.1,0.0995,0.007000000000000001,0.0904052190645137,-0.2114359045197231,1.7954112829591302,0.5439231026327306,0.8299335863377608,0.8415523421085156,0.4689719791388384,0.556255303945658,0.5901949271160414,0.5126859284553383,0.9817215801276522,0.7749527142744781,0.8772983181869,0.7057258180439281,0.3869724512546497,0.4489318469977384,0.8453837219421739,0.869837432745846,0.0,0.0,0.0,0.0,0.0,0.0,0.0,0.0,Aleksandr Lenderman,2913.0
20.72114007364464,175.8618946088626,-58.18575823368907,-14.951038772270005,-11.600865649402497,3.997560975609756,-3.8186411936399987,-35.00674348565737,-9.89074034961018,13.084710241281215,0.2277,0.45520000000000005,18.4,0.0472,0.0116,0.1357388649519427,-0.10991733588022823,1.7141945267063867,0.6395138930740215,0.926570410195704,0.7645369219795821,0.7451501902862246,0.46540943551226366,0.6328435793899944,0.47304335849038226,0.9215697594501717,0.9134361345854606,0.7309258610310863,0.7753669334858204,0.6462798531250477,0.3968182137191404,0.8036067326951036,0.8487606144289618,0.0036985507246376803,0.0008,0.0,0.0,0.0,0.0,0.0,0.0,Aleksandr Lenderman,2913.0
20.033029004658477,186.66530063107342,-65.56626649242972,-14.939283990473033,-12.154241301532583,4.0,-8.1599774045793,-36.144464163746406,-10.3298981965481,12.161598564449687,0.24349999999999997,0.522,14.2,0.0561,0.008199999999999999,0.0742203329978636,-0.5624605469922488,2.1106449345462286,0.782335585987304,0.7818217285747302,0.7851671111393814,0.7459612364118359,0.47360764531407806,0.5829992897366234,0.6789756511890876,0.9054898073611278,0.8957602339181288,0.8556674819603967,0.8622947454844005,0.42989009011246215,0.5273715588815977,0.8795039849413271,0.8744126705815777,0.0,0.0,0.0,0.0,0.0,0.0,0.0,0.0,Aleksandr Usov,2966.0
17.38483783765455,150.63426589262903,-66.39306767561285,-15.334346536005736,-11.10406209562106,3.985174418604651,-6.3518105144225725,-40.032481679821856,-11.086550661537945,13.531009393191656,0.2062,0.36979999999999996,24.4,0.055400000000000005,0.0066,0.138525127356747,-0.35926518272083385,1.2878755219789546,0.5358630782290146,0.8487641737066207,0.6261131825965932,0.6157343962824485,0.48903147404988506,0.38816129750538864,0.47299200719537354,0.849902157632054,0.8127742046696559,0.8804013574740717,0.5854429681395961,0.22812359289111575,0.541460459196128,0.7075954665355979,0.8281597616899301,0.00138888888888888,0.0,0.0,0.0,0.0,0.0,0.0,0.0,Aleksandr Usov,2966.0
17.954456126948383,163.3631474575476,-52.22683806089966,-12.873710010319916,-11.167131307384855,4.0,-6.514461873266052,-29.44552116699949,-9.576811514079315,13.350797811149977,0.2294,0.46869999999999995,19.9,0.0407,0.0094,0.16822614133372651,-0.5337115516062885,2.0644867795603092,0.5965011038044286,0.8194968519444391,0.7964303648781738,0.614568587587685,0.45196737014905464,0.6040196032215889,0.5953056276908475,0.9165292547224839,0.8812911623979736,0.9123435678098991,0.7099964010873877,0.504014698892261,0.7013833194891924,0.5946367912253484,0.8151296235564341,0.0,0.0,0.0,0.0,0.0,0.0,0.0,0.0,Aleksandr Usov,2966.0
19.85012607093352,173.62214075727962,-62.892236496236976,-13.67054415231741,-11.117623745399282,3.9859999999999998,-7.534046334853097,-36.2474305706255,-10.684318209805022,12.375726516763327,0.2198,0.4447,20.3,0.0563,0.0079,0.18880804042188165,-0.41356972737500824,1.5208623803397692,0.5830319950571978,0.7996264849755416,0.862631148050472,0.7620644151510042,0.6183069949606705,0.5829482449638795,0.39098884746504253,0.8094998189908035,0.8942171514076257,0.8790873609742954,0.5661058481534361,0.45764090737676916,0.7210832167850985,0.7597854452872346,0.9495623419568178,0.00240963855421686,0.0,0.0,0.0,0.0,0.0,0.0,0.0,Aleksandr Usov,2966.0
17.196827926663488,171.25911143578634,-66.36266587538505,-14.118424093551297,-12.999974507324879,3.996509900990099,-5.228081236125581,-40.57962323515197,-10.242226534302137,12.80915383008072,0.20229999999999998,0.3028,22.5,0.0511,0.0106,0.03478898170193288,-0.26179448352075024,1.727301602022107,0.6942818738294102,0.7728064176328495,0.7869422042303181,0.7076647255872951,0.4636421387447475,0.5026925433741771,0.5847166758216732,0.8070258367638674,0.8690749797198137,0.8855955107376848,0.5294248292434702,0.31461874384694566,0.6483686073470042,0.7582069303152965,0.7737833068841499,0.012712788690018281,0.0,0.0,0.0,0.0,0.0,0.0,0.0,Aleksandr Usov,2966.0
16.501665287778277,178.2511338018944,-52.821007789888256,-14.687582798348009,-9.820652483834925,4.0,-3.8251191360639156,-31.548506702147176,-10.853022189804205,13.91387552030998,0.24370000000000003,0.3106,23.6,0.0738,0.0753,0.5022538304058817,-0.12317959625870341,1.2389510758821,0.7236281852111451,0.8640173339962759,0.6165622201194704,0.5166379082998485,0.536564570598802,0.5195924454020184,0.3387488009979922,0.8707703810769221,0.9482245914079999,0.9226006775491173,0.4712386514408508,0.2752865069353767,0.4196165955713802,0.6309923933466652,0.7131545011878335,0.01679389312977099,0.0,0.0,0.0,0.0,0.0,0.0,0.0,Aleksandr Usov,2966.0
22.223230854820873,207.97193575612124,-65.0240376946492,-13.270392744874163,-12.554063258128508,4.0,-6.851844218640788,-37.28745246517204,-9.499796332943262,10.439511325109578,0.2509,0.3615,14.6,0.0738,0.0177,0.09798677245557405,-0.4620083583334916,1.9891685659618172,0.8919122337930387,0.9592105263157894,0.8777671451355662,0.8386777438248026,0.5668832732455023,0.6907216570838861,0.5191340284120027,0.9800000000000001,0.886609907120743,0.8423315642046292,0.7318870706177207,0.3863245090699757,0.7207803934971118,0.9139775910364145,0.9656302521008403,0.0,0.0,0.0,0.0,0.0,0.0,0.0,0.0,Aleksandr Usov,2966.0
19.46770393341588,204.00610149541777,-61.598226321459514,-12.658811771359263,-11.112109341563306,4.0,-6.2576256158241295,-37.41354395398967,-9.456592745946768,11.300457107223616,0.20870000000000002,0.4483,16.0,0.0355,0.0067,-0.08202922163283888,-0.2928458194664748,1.8745084823373617,0.8663984595282305,0.7841784034981162,0.8923569880312883,0.6326016247746064,0.4844427538454855,0.5867445418176792,0.6347058539684717,0.8439362128181168,0.7893356237179605,0.9281615164135542,0.7919506230045339,0.49968444346314184,0.501876163302713,0.8355981110962378,0.8870370370370371,0.01679389312977099,0.0,0.0,0.0,0.0,0.0,0.0,0.0,Aleksandr Usov,2966.0
17.598713002326654,167.22535594606978,-60.235168101634045,-14.099367995889633,-10.991862293999747,4.0,-4.210275193046681,-38.07811527655771,-9.885251909480468,13.029704567340184,0.2092,0.48089999999999994,20.7,0.0519,0.0060999999999999995,0.2584108333114924,-0.47219576316736955,2.1658294468063373,0.6075658468899768,0.9611607142857143,0.7568321737786023,0.580188103741041,0.4344341918785427,0.49856666032116415,0.4903466399477575,0.9430213464696223,0.9423293455313161,0.9858020451770452,0.8035324424450223,0.32332830315470373,0.6246684053292305,0.7786355277933745,0.6659210838836751,0.0,0.0,0.0,0.0,0.0,0.0,0.0,0.0,Aleksandr Usov,2966.0
19.62245099782165,174.32680315013306,-64.92580810448939,-14.882314819896674,-11.816579572146216,4.0,-4.910566057844183,-40.572842385858415,-10.0947568224509,13.351251553707002,0.2149,0.47680000000000006,21.6,0.053200000000000004,0.0089,0.013698310867402672,-0.17242851413655075,1.732682549614795,0.6476020069344937,0.8133553441225295,0.8534733060132581,0.6337434897948124,0.24773818758288396,0.566947090368761,0.49785006106853763,0.9029210374126964,0.8859472693032014,0.9085292438356,0.7367774274157688,0.5996683517068898,0.24840765931229072,0.7434813956512879,0.7952362821145134,0.0,0.0,0.0,0.0,0.0,0.0,0.0,0.0,Aleksandr Usov,2966.0
16.018889872260388,144.6657974383444,-62.84905697343593,-17.0836974149475,-11.483655720750638,3.975701845424753,-6.463491742383988,-35.70965534708314,-11.437733907420927,15.35347531372553,0.1981,0.30219999999999997,20.6,0.0412,0.0009,0.15590591923977656,-0.34525910863989484,1.2825977048119617,0.5003406139997006,0.7751754330325759,0.5939314080175927,0.7828288466383704,0.4035333609487723,0.3666790756877935,0.42371221488107375,0.7334174657044228,0.9081461640881929,0.8189312258602008,0.510270795263235,0.26263248208262086,0.3309736185909881,0.6325843325056424,0.6533441858556752,0.0,0.0,0.0,0.0,0.0,0.0,0.0,0.0,Aleksandr Usov,2966.0
18.57630495592312,183.24498786726082,-59.5124695912509,-13.535895902243798,-12.097347911966924,4.0,-4.468242309471469,-35.252110204770375,-9.708898432451964,11.550025169653626,0.2204,0.48929999999999996,17.5,0.048600000000000004,0.004399999999999999,-0.0002482355006720491,-0.17851447238425916,1.637382203522386,0.7527290276430413,0.786391908996573,0.7327159437888382,0.7472208106254794,0.5024557373189007,0.599139958758945,0.540451419730277,0.9398197959843607,0.9921568627450981,0.9300939072947187,0.6828031082497967,0.602076514747568,0.6304514904668534,0.6296171830913235,0.8461030180097117,0.00101010101010101,0.0,0.0,0.0,0.0,0.0,0.0,0.0,Aleksandr Usov,2966.0
18.66893867479336,163.50571823277707,-64.31958993449008,-13.641552583201957,-12.927356224205464,3.9765868011769654,-8.059125567405463,-36.2326101977166,-10.21884844411984,12.783316280982291,0.1975,0.40120000000000006,18.7,0.0325,0.007299999999999999,-0.018243441281667654,-0.6212493516871546,1.6329672237025723,0.6671612583981922,0.8926520005091433,0.6442536476146487,0.8207951215781268,0.49953322841611936,0.48322823546689053,0.5502240793976895,0.759124126724808,0.8375034157299603,0.7750082052456326,0.6113816858842334,0.5473975388586269,0.5834260434668336,0.7544223621996051,0.7473651143486848,0.0,0.0,0.0,0.0,0.0,0.0,0.0,0.0,Aleksandr Usov,2966.0
18.597891885624424,158.60756710273606,-75.55913887187579,-15.741559174266692,-14.753335892576015,3.9778688524590167,-4.759967746130725,-44.88947519680407,-10.957686792873904,11.56501707831661,0.17020000000000002,0.25389999999999996,26.3,0.053000000000000005,0.0016,0.03763526246566116,-0.3893496379399612,1.3499526009665792,0.5600574017966718,0.7428852415276767,0.7572380643520383,0.6236591600797202,0.5904611395794421,0.38284513638295226,0.3720027892042087,0.8932063628992392,0.8523569454638548,0.7929614702081625,0.6055469626557597,0.25874729302403443,0.20396192318912543,0.6475917511529505,0.8013319274448409,0.0,0.0,0.0,0.0,0.0,0.0,0.0,0.0,Aleksandr Usov,2966.0
19.039342447380836,179.00814423628825,-64.81193612177235,-14.36374749664624,-12.700201440753721,3.9914529914529915,-8.934302339430355,-36.29795759900217,-10.622899033843774,14.11571879645093,0.2092,0.3275,21.3,0.0624,0.0048000000000000004,0.08517777975832944,-0.14681224596450354,1.5570907683849895,0.6728625872976517,0.9833333333333334,0.6918429279671718,0.6158431142870804,0.5551551307532883,0.5842910741239729,0.5084147640962877,0.8876649819768193,0.7875483977173092,0.7582598434714405,0.5789188247560217,0.44303317101201617,0.46940482287155244,0.7850023876294618,0.7750374866239488,0.0,0.0,0.0,0.0,0.0,0.0,0.0,0.0,Aleksandr Usov,2966.0
17.547058360621428,165.2595103358859,-73.72728556262243,-14.33949808299553,-12.939499724252249,3.9778688524590167,-6.42823321803692,-46.02651551323142,-10.591417767082302,12.620009890516979,0.2031,0.3917,22.9,0.0765,0.004399999999999999,0.2044008856433554,-0.1616869942572144,1.670441424784158,0.6441380524222986,0.8519544349314387,0.5984246783769047,0.6221735538436834,0.5106058195126557,0.5233762294295017,0.39391798230645314,0.8044783194393933,0.8397744360902255,0.8507598453874884,0.7227073941885084,0.3803537395145199,0.31449813827338796,0.7156860838190566,0.7968297846184662,0.0,0.0,0.0,0.0,0.0,0.0,0.0,0.0,Aleksandr Usov,2966.0
16.566087162632748,155.71229985306556,-61.589685128705185,-16.110918654433117,-11.53943717185319,3.990125313283208,-3.984561848717928,-37.05419613096298,-11.01528241819744,14.12458578217626,0.2077,0.2028,23.5,0.0799,0.0127,0.09996083353321532,-0.5655369207023953,1.16559125432057,0.5655009578058391,0.7800237405106969,0.7219336037299424,0.38929811119967317,0.44934482518108493,0.430952971025533,0.4823374749484525,0.8009781210272058,0.8709803076531909,0.8533427800269905,0.4752197347459234,0.29145118790572344,0.38230174561437896,0.6855717726082714,0.801982849035023,0.01140350877192982,0.0,0.0,0.0,0.0,0.0,0.0,0.0,Aleksandr Usov,2966.0
19.424654711208216,171.8874421907578,-59.72635648614793,-15.72690507181702,-10.599819559392616,3.996969696969697,-7.460728687240629,-33.52035499596988,-10.933070544746474,14.517552676048984,0.22770000000000007,0.41769999999999996,20.5,0.09979999999999999,0.016599999999999997,0.013509788798081682,-0.3457813153808063,1.9367006826010678,0.6180640108594038,0.8839825676214407,0.8070496022229229,0.5874567872227451,0.2352971611430635,0.46601900179781097,0.8569546559873296,0.8087031587169893,0.8687348093123776,0.7072092067418848,0.6524137910553379,0.46403748964711033,0.38521330094698386,0.7505552443762267,0.7779696987205122,0.007734573119188499,0.0,0.0,0.0,0.0,0.0,0.0,0.0,Aleksandr Usov,2966.0
16.57668145467185,142.3309235337314,-74.61045426304482,-15.67018730858664,-14.937788624196846,3.9987179487179487,-5.677601146800813,-44.65282283740062,-11.0767211539963,13.405948859218455,0.198,0.3452,22.2,0.0394,0.003,0.04986260171585773,-0.10666939086847552,1.877235534507768,0.5148156551197538,0.8174149759225042,0.765791333670869,0.5696004287237136,0.3538250773894245,0.5704695447676466,0.4992399455776697,0.7888650014541639,0.8006952867448002,0.7397073933078565,0.3826016719967485,0.27935309548382486,0.8302969882284899,0.9377994264507421,0.9227477477477477,0.0,0.0,0.0,0.0,0.0,0.0,0.0,0.0,Aleksandr Usov,2966.0
17.864639915292756,173.2820444950143,-68.61877839237468,-16.034513353606865,-13.065554657195609,3.9768787534491152,-6.229414575442411,-37.85307243811273,-11.210345428405486,11.797243306939297,0.1729,0.4053,23.4,0.043800000000000006,0.008299999999999998,-0.044676427511064196,-0.38868737008935916,1.7426392286821557,0.6839560911458962,0.7227292263352607,0.7440682266470546,0.6094745456324067,0.489114647579114,0.5067950370472862,0.38089248735811077,0.8163962918093695,0.8129246364398673,0.8221422254965693,0.7025494149188768,0.5288099877309685,0.25998771207121757,0.6787558005423718,0.6621659478412016,0.00465300727032385,0.0,0.0,0.0,0.0,0.0,0.0,0.0,Aleksandr Usov,2966.0
18.73202904103238,172.35725342477144,-62.62948118063667,-14.460638428223886,-11.939489842838912,3.99493780366804,-6.3698106633689,-36.31346611796125,-10.442608437617668,12.901594505705912,0.2198132530120481,0.4037048192771084,19.533132530120483,0.0674246987951807,0.0107560240963855,0.0745268372021356,-0.3281243815515062,1.6465462435790057,0.6502267143415482,0.8393698490289778,0.7667304119367133,0.6488308581507598,0.4800001913559228,0.5232642993836274,0.5458147330602373,0.8615516266141832,0.8610831469001562,0.8528515735817352,0.6436045888588706,0.4122714745402718,0.5019551189517912,0.7634609955258048,0.8147260820536786,0.0464580438175812,0.0,,,,,,,Aleksandr Usov,2966.0
20.940575082746278,177.4261646208871,-57.17485399278935,-16.92073868307013,-10.245777362137089,4.0,-4.806275106942001,-31.863469961628063,-10.484366886289399,13.145774007277328,0.1853,0.4809,23.9,0.042300000000000004,0.0036999999999999997,0.048055571065635586,-0.060872348939575806,1.4156651497808423,0.5564379813729909,0.9288888888888888,0.8363368241586062,0.60892206530948,0.60737730262355,0.3598549391429603,0.8060465929129913,0.8921122112211222,0.9595505617977528,0.9687265917602996,0.6998765519893382,0.27153475895853835,0.6440885957462195,0.6724589433733289,0.7214635075504761,0.008676470588235289,0.0,0.0,0.0,0.0,0.0,0.0,0.0,Alexander Grischuk,3134.0
20.430488562737384,185.07572461460003,-54.78289743275949,-14.99346234419484,-10.93843382533348,3.9984319228499454,-4.967902236675887,-30.09202269076517,-10.393361867336772,12.603853608696706,0.2143528963414634,0.4673574695121951,19.258384146341463,0.0571676829268292,0.0065701219512195,0.1139348426272457,-0.2821717645195038,1.6995169199602174,0.7179533554352576,0.8886110709776376,0.8144611480798378,0.6212048242733497,0.6079130143008893,0.6002215212787284,0.580790566190178,0.8996623408236641,0.8942441943097686,0.873555302351522,0.6868989996646944,0.5277875185350792,0.6056336607741395,0.7859745742637309,0.8457158522247576,0.0476857568582994,0.0512615068209174,0.0555555555555555,,,,,,Alexander Grischuk,3134.0
21.291107156857027,198.49918932934253,-61.47040600356685,-15.858463703718943,-10.485135782871463,4.0,-7.635050733879842,-32.368640808016394,-11.231550079027938,12.10843510394774,0.21869999999999998,0.5508,19.2,0.0373,0.0014,0.038207097200365275,-0.16983208134334923,1.3226904041910523,0.788666139049266,0.9906976744186047,0.9002197049991167,0.5374948272810912,0.6088946867961735,0.6507804271542662,0.7208533339841389,0.8890815780253419,0.8709558823529411,0.9083969489247947,0.6804856041113714,0.5194471046018163,0.5829721664163732,0.7872051920679066,0.844546981191718,0.0,0.0,0.0,0.0,0.0,0.0,0.0,0.0,Alexander Grischuk,3134.0
20.82472686390144,187.64388896208158,-55.14953151957094,-15.741938390515239,-10.379241911961596,3.984285714285714,-8.928546216591755,-27.128934300993127,-10.76712805221344,13.811971638418507,0.22319999999999998,0.5532999999999999,19.8,0.0478,0.0038,0.1066690204166485,-0.2289355584327121,1.5545713173606912,0.7692710235546406,0.9277462983666458,0.76671650202075,0.5583056248853385,0.7405361125871254,0.68591989206401,0.49058688855796284,0.9084181222965722,0.8615701606086221,0.7573300183360459,0.5850464636546654,0.6022827137550169,0.519634024899564,0.7077231840385099,0.7848080472082233,0.00089285714285714,0.0,0.0,0.0,0.0,0.0,0.0,0.0,Alexander Grischuk,3134.0
19.43755016315077,183.4545706801722,-58.459467210215315,-14.992408676404935,-11.787516788114793,4.0,-4.050254410893873,-32.86282908658938,-10.177872657331648,11.41141440911932,0.22719999999999999,0.3657,21.0,0.0631,0.014500000000000002,0.2945902478499424,-0.2539986513194958,1.5894858563585497,0.6699256300651465,0.7026486248742161,0.9111064425770309,0.5545179506352579,0.5978956282388441,0.5432223861799527,0.5940800380613848,0.8994380388497571,0.8568537358057716,0.8281526765727291,0.5843145332377842,0.5480645403084348,0.567906316895445,0.7596567918124385,0.8172000428715929,0.00679012345679012,0.0,0.0,0.0,0.0,0.0,0.0,0.0,Alexander Grischuk,3134.0
19.15349473172903,178.70137248489652,-57.59189103680491,-16.047664450584328,-10.842242955535898,4.0,-6.795078610885149,-30.071407002843266,-10.67051552331911,12.835017506362846,0.2052,0.4818999999999999,17.6,0.0325,0.0013,0.060406818286597386,-0.34919719145265515,2.12725917641004,0.7625322286425197,0.9333239073931459,0.7484474239005425,0.7233256955431712,0.5155063818859311,0.5663672664190496,0.5475092472469361,0.8847325980923706,0.9326415094339623,0.9192225344573799,0.704712438585273,0.5369501917845028,0.7446597212725274,0.7442895619786375,0.8409575789176588,0.0,0.0,0.0,0.0,0.0,0.0,0.0,0.0,Alexander Grischuk,3134.0
19.68495810881415,181.45842518345455,-59.669484126870294,-14.12903558879303,-10.6409427044395,3.997560975609756,-8.811980814784372,-33.500933645295405,-10.168194603860671,13.584042254692923,0.20229999999999998,0.5351000000000001,21.8,0.04409999999999999,0.008400000000000001,0.04100633406577221,-0.3033510198182104,1.9278746471668118,0.6807656141607963,0.8966780654616512,0.7476627384791371,0.6102063751306607,0.5417714641173649,0.5905366837459747,0.45454841380099464,0.8515256999243528,0.8845413850261542,0.8338188365714183,0.6241032222159206,0.6606294366571961,0.5194778233443137,0.8050249354082798,0.8318756157553249,0.0,0.0,0.0,0.0,0.0,0.0,0.0,0.0,Alexander Grischuk,3134.0
17.825271841160436,182.48656675965458,-64.22587800928063,-15.05688119374166,-11.069101667661709,4.0,-2.1666251091969286,-40.46223635101028,-10.242422698178855,10.771389010508797,0.22529999999999997,0.4332,22.3,0.0774,0.004,0.04959302036755869,-0.4180505371598052,1.3105891626328527,0.6890752478175737,0.9656417910447761,0.8782099769253972,0.634532927020166,0.39731815716384655,0.5189947284933752,0.5233385190521458,0.9259585084033614,0.9209821428571429,0.8805492208077261,0.5496051781461693,0.47511308619205633,0.7043025349712679,0.6032744830038586,0.7631587885154062,0.019640414305256978,0.0,0.0,0.0,0.0,0.0,0.0,0.0,Alexander Grischuk,3134.0
21.309612886857472,192.81867649009752,-56.74366948585148,-15.15738397457913,-10.763505453043638,3.993103448275862,-5.260153012701087,-32.27304806738287,-10.310694807052425,13.028012380631797,0.21239999999999998,0.5231999999999999,20.9,0.0509,0.0034000000000000002,0.22363627497399463,-0.2227422232998347,1.7664075594835473,0.7434585259373394,0.9088594812925169,0.7285819094586987,0.6957006872770627,0.5526690732498686,0.548128601741457,0.43509928266555065,0.8897132072847114,0.922763962576556,0.8344970522871813,0.636128215841431,0.5433491086045077,0.6093237443353762,0.7297321814420825,0.7628715231288485,0.00101010101010101,0.0,0.0,0.0,0.0,0.0,0.0,0.0,Alexander Grischuk,3134.0
20.58280560554898,182.28936973505688,-54.12439757869021,-14.780765569537692,-10.162715726980704,4.0,-8.424245950393571,-26.854374558172555,-10.479396076198668,12.57710030259298,0.2627,0.41590000000000005,19.4,0.05600000000000001,0.0169,0.23836716405133412,-0.431206435146357,1.8038325407862619,0.6556055437415086,0.9090909090909092,0.8695796812939603,0.7373546083337537,0.6210029517492677,0.5767338006189365,0.6453981945453149,0.964935064935065,0.8675106957872518,0.8189192980419474,0.7776703949213107,0.4460975364197058,0.5762775254062795,0.7902262396546871,0.9547745901639345,0.0,0.0,0.0,0.0,0.0,0.0,0.0,0.0,Alexander Grischuk,3134.0
22.951626090235425,199.79616991278115,-58.50920176951308,-13.752585415437078,-11.094793283710732,4.0,-6.878098563840251,-32.52315192799527,-9.859088874680307,11.598516296150567,0.2192,0.5772,20.3,0.0516,0.0063,0.19306921765361665,-0.31498426126303364,1.6710734310446587,0.7535300910402686,0.8656055900621119,0.8590071382219339,0.7411491444403848,0.6236417325848636,0.6260726245819661,0.6326010893532868,0.9483579999163846,0.9668504901960784,0.9470142602495544,0.7331671255959231,0.6531235640973397,0.5649825441744291,0.7518264426895902,0.8777358791617914,0.0,0.0,0.0,0.0,0.0,0.0,0.0,0.0,Alexander Grischuk,3134.0
21.69063596061914,183.5443817928637,-56.54283541997838,-13.782319110662257,-11.441594874709242,3.9908368376787218,-6.0936201099153156,-31.099935647475597,-10.065906112390552,11.94970359749586,0.18839999999999998,0.40160000000000007,17.6,0.0513,0.0,0.020804193003520186,-0.5737843457355654,1.6591799425693456,0.7521382109979943,0.8885188087774294,0.8312863933452169,0.6913017982189367,0.7827294232935146,0.6134856596298122,0.5283565294446739,0.8838970844346097,0.9105669268752432,0.8222893209592824,0.61928533388745,0.5823440636879528,0.8505469828516359,0.8382365836693589,0.858526440879382,0.0,0.0,0.0,0.0,0.0,0.0,0.0,0.0,Alexander Grischuk,3134.0
20.20337903152268,194.28396763522224,-49.63896208887216,-14.007131963076812,-11.514780926588768,4.0,-2.5082628881267177,-26.599439271958534,-10.322669661417745,11.313322622296413,0.18660000000000002,0.4974,16.6,0.023100000000000002,0.0047,0.0213033043894922,-0.5171957780498544,1.4092710669408226,0.8385760009829575,0.9791666666666666,0.9283991750800729,0.674384354236697,0.5592071104268505,0.6000848365720748,0.69840969005487,0.8790404350654043,0.9452554744525546,0.8974000367258871,0.8036574746008707,0.6275495373777675,0.6990184535352603,0.8294948794589183,0.9513235294117648,0.00875912408759124,0.0,0.0,0.0,0.0,0.0,0.0,0.0,Alexander Grischuk,3134.0
19.4374676607196,184.375411285679,-58.93279188005414,-15.699071483938107,-10.382813896513255,4.0,-4.005051402546761,-34.544821914362004,-11.028458250761876,12.727425068067868,0.21459999999999999,0.3551,19.7,0.06080000000000001,0.0039,0.23958405079233533,-0.28942687222397323,1.430860088877749,0.7289463567812942,0.8447667100506674,0.804011904977652,0.43410488340641995,0.532264471297717,0.663239318627187,0.44209637679793296,0.8404753243821474,0.8070061750284875,0.9620689655172413,0.6416432757602598,0.42283411660116244,0.512569250649819,0.6924001816874545,0.9542343660517059,0.00839160839160839,0.0,0.0,0.0,0.0,0.0,0.0,0.0,Alexander Grischuk,3134.0
19.60437969006398,184.38662014408234,-46.41111922978213,-14.01919403518075,-10.583260446117553,3.9980769230769235,-4.837782963420732,-22.87979921725078,-10.979482981182862,12.890323490293628,0.20990000000000003,0.4837000000000001,22.8,0.07799999999999999,0.0204,0.29119863829522147,-0.441576111863783,1.3628206224693638,0.7532908806591673,0.9003513638465096,0.7900048828839223,0.38159147515882025,0.5453081804527631,0.7106205500343702,0.47786346150811837,0.9628546380562746,0.8961149936002768,0.9461944004685716,0.7614114374488425,0.4585920681231726,0.5088904931037597,0.7428830757527425,0.8656154852355904,0.012371134020618551,0.0,0.0,0.0,0.0,0.0,0.0,0.0,Alexander Grischuk,3134.0
20.93177296637736,191.4820148722296,-51.66356269515221,-15.681735210643941,-9.695029133392428,4.0,-5.307671845658795,-27.347762550919278,-10.904085779596015,13.272721825058245,0.22280000000000003,0.3622,21.6,0.0534,0.0038,0.10180216988443436,-0.13627840254819468,1.2777906098060812,0.7412470859019846,0.9684614311619473,0.7284064797162595,0.6134487437794517,0.5611806635823069,0.39463904394435884,0.5531192717072696,0.9034816818025515,0.889825073639469,0.9264715843996514,0.6623822474049593,0.41127559486488785,0.577163144834858,0.7598648888649739,0.7336029885246969,0.007476635514018689,0.0,0.0,0.0,0.0,0.0,0.0,0.0,Alexander Grischuk,3134.0
18.3407702262114,173.04004362239658,-62.433725834727696,-13.797267917856152,-12.137772980392494,4.0,-6.703239103974399,-36.731061846503025,-9.373978247066482,12.309594261064849,0.24349999999999997,0.4798,14.3,0.0439,0.009600000000000001,-0.020758503258503258,-0.6204881825470061,1.6503568655039242,0.6872091283679562,0.8393513480489156,0.8537496774750923,0.7316714729222007,0.7007141437649924,0.5066590941801083,0.5748294860744623,0.9633840145069048,0.8448189689307721,0.8034581948797636,0.7786665412672015,0.6353460204069499,0.5925314923354131,0.9377771618625277,0.926731096006797,0.00882884799489415,0.0,0.0,0.0,0.0,0.0,0.0,0.0,Alexander Grischuk,3134.0
20.208739035914054,170.42963108433145,-56.5530885671202,-15.627407646478014,-11.947914659896188,4.0,-3.0569945676860724,-31.79515623254514,-11.048578104667806,12.922962644153012,0.23009999999999997,0.4229,19.3,0.0507,0.0028,0.18060722376344085,-0.5586844842641789,1.2167960062823586,0.5932235659102485,0.922426645519429,0.8403178765678765,0.6475271129812212,0.6165547405057714,0.4645810018783938,0.5046689818063491,0.8220386157370694,0.8150754471759628,0.8919123931623931,0.7204180098465758,0.3583139866749653,0.6366465507573755,0.6136085224933894,0.8035294123009541,0.02777777777777778,0.0,0.0,0.0,0.0,0.0,0.0,0.0,Alexander Grischuk,3134.0
22.128927957237657,188.1630609874357,-46.6526867064279,-15.586907080742327,-9.99488308541794,3.993103448275862,-2.993549632812073,-24.342861862094868,-10.2876847408392,12.56009624720264,0.2294,0.4699999999999999,16.6,0.052000000000000005,0.0,0.1659256658112943,-0.2881596857401073,1.6081169129544666,0.6790790171631165,0.8533102660064278,0.8513866006554576,0.7726440098228572,0.6790483097652175,0.5728177720347049,0.6579158039325224,0.9805369127516779,0.9833333333333334,0.9746268656716419,0.745086582596826,0.5678735099557529,0.5441752647524563,0.8095654863077832,0.8187604692067361,0.0,0.0,0.0,0.0,0.0,0.0,0.0,0.0,Alexander Grischuk,3134.0
19.875566284841973,189.94925114895912,-52.859291513353455,-14.83925583623432,-11.320695236128747,4.0,-5.051423143555247,-27.569645044476896,-9.70687242557951,11.628600172621272,0.2153,0.5073,17.7,0.0526,0.006999999999999999,0.3405142972751259,-0.44958255931966307,1.7454546844278547,0.7567498170789351,0.9258226903664692,0.8939830779428393,0.653271375451156,0.6231179855642177,0.6635491226752263,0.6004357221302051,0.9274193548387096,0.8616053130929793,0.937979610750695,0.7118994846488349,0.5691550263770535,0.7581363127775382,0.843523060766364,0.915000786699052,0.0,0.0,0.0,0.0,0.0,0.0,0.0,0.0,Alexander Grischuk,3134.0
18.367103835767985,174.7719483442492,-51.83137633493864,-16.553558973002886,-9.9226370205506,3.996969696969697,-4.7738407405165315,-27.721387745693733,-11.133793978461796,14.276872426317217,0.21070000000000003,0.45489999999999997,22.4,0.0823,0.009000000000000001,0.2766932462146669,-0.3119290611475384,1.940163367445496,0.674508179526156,0.8782475027558654,0.6856851218472753,0.36352359157360553,0.5241459377439355,0.4689963276895385,0.5276878515904315,0.8547895094775704,0.943162962886329,0.8835308920518262,0.6542838509677708,0.5359516739565001,0.47222755029865027,0.7313689094275002,0.6723544520863913,0.011986944104447159,0.0,0.0,0.0,0.0,0.0,0.0,0.0,Alexander Grischuk,3134.0
16.907908104803205,155.17334634872813,-60.444087863250765,-14.399427677649655,-11.648645263416793,4.0,-5.955666179799964,-35.65717280657803,-10.322570942331025,13.539395006524705,0.2339,0.4185999999999999,23.6,0.05089999999999999,0.0,0.05670691502058328,-0.15408774081642082,1.4867645129721583,0.5810625095996726,0.8451354875374484,0.9325453112687155,0.45335344710798875,0.6131175205867578,0.5055801919600501,0.334847004190731,0.8415360903627487,0.9221032320024032,0.7941280143104336,0.5626157999416898,0.5179405833144892,0.5164466050936435,0.7573697367913215,0.931742380678551,0.00481927710843373,0.0,0.0,0.0,0.0,0.0,0.0,0.0,Alexandr Triapishko,2846.0
16.79269955168262,144.4527107717144,-62.903464527433826,-14.612885387070028,-12.158055750334677,4.0,-7.040393315431333,-36.48193486691383,-10.650724750102501,14.040529542418563,0.19629999999999997,0.36730000000000007,21.9,0.0975,0.0036,-0.039068255939966455,-0.25417973254815357,1.1704592828260323,0.4637920206253911,0.8553174603174604,0.8152381459046417,0.7429150562081597,0.6265747497271226,0.3462803294400434,0.6144747047198268,0.8072804255195782,0.7491825851255376,0.7030414277751234,0.4893870512135168,0.24231157931719155,0.7201166930393043,0.881571758158594,0.7434277607497594,0.0015625,0.0,0.0,0.0,0.0,0.0,0.0,0.0,Alexandr Triapishko,2846.0
18.952944136703778,170.98628050884713,-51.775618174126656,-16.84242387457675,-10.921718678512574,4.0,-3.3282500431913116,-28.163016266776786,-10.565777300553775,14.045567989484539,0.21990000000000004,0.4534000000000001,23.5,0.07730000000000001,0.02,0.16383371873904834,-0.3825334624983993,1.7530066892040945,0.5971879129291399,0.9371874781681704,0.8490025005435964,0.5638237566579933,0.6787045581783879,0.4238047952396755,0.5036145118754856,0.9100709184270828,0.8459567350996595,0.8157390277357314,0.7127522922310943,0.5005237115808245,0.4717020073436597,0.8742604029427149,0.7540278085697361,0.00055555555555555,0.0,0.0,0.0,0.0,0.0,0.0,0.0,Alexandr Triapishko,2846.0
19.874999313169717,193.13800853199,-47.00993943023359,-14.409781586136779,-10.182257540046159,4.0,-4.0976460620355235,-24.243242769118545,-9.619072549561148,11.542061076664567,0.24569999999999997,0.46900000000000003,17.2,0.068,0.0095,0.09775067150520705,-0.18711702570113203,1.276123173658039,0.7988093242995205,1.0,0.8387583244487707,0.6686820805394021,0.827729366886012,0.706893763872451,0.4572909978938166,0.9022678004947509,0.9373636363636363,0.8208182295770948,0.6608938149722464,0.509875071522348,0.5137321605777284,0.831517869049784,0.8756793878157539,0.0,0.0,0.0,0.0,0.0,0.0,0.0,0.0,Alexandr Triapishko,2846.0
20.587546145817683,193.88320326997817,-56.166978531814415,-15.370124194151908,-12.15476692611661,4.0,-2.3859936495278826,-33.2518869608261,-9.954149311792165,12.949942510600248,0.2242,0.5016,15.1,0.0749,0.0123,0.02170455715059739,-0.4546153563531782,1.9553214676733908,0.83304799098491,0.9183960622418347,0.8145452520920416,0.5914687809375357,0.6229342527552298,0.5588894188268178,0.5996021998657017,0.9028309095214591,0.8481569453819408,0.7774921182787595,0.8451509220416377,0.7488984214138641,0.6190511476332653,0.8209268555779605,0.7668171151008144,0.017355371900826443,0.0,0.0,0.0,0.0,0.0,0.0,0.0,Alexandr Triapishko,2846.0
20.31134058951379,168.2796994349836,-51.888390495659074,-15.129703927929935,-11.704089526813949,4.0,-4.522882484597368,-27.31936834642754,-10.349628855174661,13.137282645284373,0.2125,0.4271,17.9,0.052500000000000005,0.0114,0.16594391628530555,-0.40210343100510687,1.9610183909809096,0.6435262654424421,0.9230214612314441,0.7087322156040531,0.6157324914109145,0.5780631069899271,0.47949081775830554,0.6244738411712796,0.9164575742154699,0.8824629883715295,0.9348965466266351,0.6790605966841283,0.419323408565697,0.6371975662321627,0.8794583456375584,0.7604900166299788,0.0064516129032257995,0.0,0.0,0.0,0.0,0.0,0.0,0.0,Alexandr Triapishko,2846.0
21.496213177704906,189.40583362165373,-62.40913020793623,-15.287783780756717,-12.550936337811363,4.0,-8.13627368474998,-33.540917813129774,-10.04888063076639,13.15566203927799,0.19749999999999998,0.377,15.2,0.0311,0.0,0.027738703914531416,-0.09469153059742777,2.046049101935147,0.777384459239298,0.9975609756097562,0.7646547564006897,0.5336459312122149,0.7152906483796376,0.8265806150248813,0.8813777191825972,0.8786323105166536,0.841696514234075,0.9780821917808218,0.7012955540294229,0.567014695646056,0.5191183403450077,0.7811086108202767,0.8543743579440424,0.0,0.0,0.0,0.0,0.0,0.0,0.0,0.0,Alexandr Triapishko,2846.0
19.029558715243567,155.3205406341097,-69.58257571945214,-14.38948827915716,-12.291363177754338,4.0,-9.983792771964442,-40.54658609586717,-10.280883290525079,13.909537895816069,0.2312,0.42989999999999995,17.7,0.0561,0.002,-0.032160942290172426,-0.7724281696935599,1.4975394196007827,0.5284719499001035,0.9341237882863875,0.7914575167914093,0.7129199523027359,0.36553749959566967,0.6153588504086768,0.5629192148919385,0.7775835854865012,0.9008505479411923,0.7395387417346971,0.7177497767752485,0.489605072183264,0.4294226162818756,0.8039787977260687,0.7569553695735274,0.0,0.0,0.0,0.0,0.0,0.0,0.0,0.0,Alexandr Triapishko,2846.0
18.50859627320471,152.4160395302489,-61.43471773794022,-17.375023620957357,-12.005857283635482,4.0,-4.451405070832782,-33.940872844524954,-11.251108687998748,13.589549770009109,0.2024,0.3902,22.0,0.0646,0.013499999999999998,0.09502974184450087,-0.24282571344318332,1.6445592058543865,0.48611709144934795,0.853903281057646,0.6094735868345007,0.5826535901370988,0.5848586019608486,0.5793743704127976,0.5585990244622195,0.7781816035117922,0.7495081654456655,0.7352372309219443,0.5352024620598639,0.29725412331259643,0.49161253959404416,0.8240343309496657,0.7257179291410718,0.00261437908496732,0.0,0.0,0.0,0.0,0.0,0.0,0.0,Alexandr Triapishko,2846.0
19.34429539867703,186.6157542890935,-50.37457660133284,-15.18156528104534,-10.777246350275052,4.0,-2.3449194430258364,-27.635855883378724,-10.218272877480246,11.783283233872364,0.23399999999999999,0.46559999999999996,18.8,0.06240000000000001,0.0,0.09719096761028066,-0.25676749294066437,1.6776312470794899,0.7628921656928912,0.9196257127762293,0.7860476180303003,0.5055144496692009,0.6150208124966043,0.42954077051179834,0.6279597757239089,0.9247798055852925,0.9326555361618662,0.9067809692735999,0.6063406026793785,0.4226596301165272,0.6726267985040895,0.8064121488750761,0.886210625032777,0.00061728395061728,0.0,0.0,0.0,0.0,0.0,0.0,0.0,Alexandr Triapishko,2846.0
17.18070097955009,163.35241574453966,-62.35110061073725,-14.849292992996435,-12.295643167502321,4.0,-4.915436033522965,-38.00485866066241,-9.89107150477589,13.605201748722767,0.2351,0.3781,22.4,0.058100000000000006,0.0092,0.1489998601789585,-0.3562042799794759,1.477889846781346,0.563004662238806,0.9834943371085941,0.6449975951991339,0.527645240807194,0.49871854562885076,0.5060237749721718,0.4623957039528757,0.8811543777359875,0.7946599344979063,0.7941283917459019,0.6294635579084283,0.3696916070587611,0.6640878158087781,0.7648381975200915,0.772535398288843,0.026397636666093034,0.00307692307692307,0.0,0.0,0.0,0.0,0.0,0.0,Alexandr Triapishko,2846.0
18.76258063793968,161.5334227501714,-46.540033204697195,-15.114342385353023,-9.945318114330508,4.0,-5.98641050512726,-22.629558598907,-10.821365411332167,13.95696181035277,0.2136,0.4425,14.0,0.0407,0.0021999999999999997,0.05640250337723744,-0.4906243667679838,1.7316633501939354,0.6237647620910785,1.0,0.7314208828520381,0.5732146260075577,0.5330992971182131,0.5947376385934853,0.6577365374913405,0.934474606374808,0.9640252976190476,0.8137189063659651,0.5760622115712841,0.5713504440754796,0.7141017636893467,0.8237015476682815,0.8534268839359566,0.0015625,0.0,0.0,0.0,0.0,0.0,0.0,0.0,Alexandr Triapishko,2846.0
19.020713497140324,171.3193491847258,-61.687032429794215,-14.148868347927808,-13.017267510904365,4.0,-7.011229327742974,-33.589441349367476,-10.326362524221649,12.406136630370048,0.23690000000000003,0.47490000000000004,19.1,0.0762,0.011,0.05500093326205256,-0.3855375496530485,1.7555082815096263,0.6542192650678806,0.849732080643717,0.7912586213555232,0.6018605587207053,0.5564628401927483,0.6196464716688375,0.5436374496080286,0.8515927278043662,0.80024632335963,0.8230972071341155,0.6098278427965413,0.6176982058674277,0.3475656858515712,0.7172833815323495,0.8220192882625401,0.0,0.0,0.0,0.0,0.0,0.0,0.0,0.0,Alexandr Triapishko,2846.0
18.92863863643701,172.88872649730587,-57.27322771626892,-15.246564582810022,-11.32030150675916,3.985336542195865,-6.273736574889173,-31.200951061007427,-10.41956884376117,13.202558310762171,0.2193695299837925,0.4175575364667747,19.73905996758509,0.0703047001620745,0.0089076175040518,0.1005345732443944,-0.296174354252003,1.6952608251431676,0.6515398134941219,0.891071804995906,0.7966655399558753,0.6098386876556,0.5614253190332775,0.5438477214015462,0.566506319444522,0.8614033543794942,0.8570914790597424,0.8285030324771471,0.6207692434957831,0.4989503999432348,0.5940178278779933,0.804124847995711,0.8301415497526587,0.062936965344873,0.0446574226625131,,,,,,,Alexandr Triapishko,2846.0
19.373418632194454,172.23556823320638,-53.420210990622174,-15.10851326596189,-11.06462870346762,4.0,-3.8730824665090324,-28.96074296178684,-10.795775306693574,12.38253171379679,0.2193,0.4074,20.3,0.06220000000000001,0.0103,0.15658138485794437,-0.26230511600539347,1.5039987450446177,0.6024815627106014,0.8666434895471191,0.8404145608442306,0.5102482031391562,0.5588865679218384,0.578569219896984,0.5077134481040162,0.8948628687093434,0.8348505784860875,0.8012207104632282,0.8021726635809081,0.5731687927385486,0.4099480578881504,0.6492650448977504,0.8700667363334386,0.00061728395061728,0.0,0.0,0.0,0.0,0.0,0.0,0.0,Alexandr Triapishko,2846.0
19.37821991961527,183.89191559086905,-51.28139540033639,-15.970828138269999,-10.306332646552708,4.0,-5.485162705511543,-24.963917671475816,-10.302166205887136,11.747011967360804,0.2096,0.47030000000000005,17.9,0.030600000000000006,0.0072,-0.042734319943622256,-0.20108217364031314,2.4458402063053226,0.7616011653531812,0.8528504359490275,0.7717927666203528,0.46832004488600554,0.5340888893180267,0.51972027855155,0.72194418648644,0.9307853531445079,0.9971830985915492,0.8404068857589984,0.8617853985095364,0.5139661287061918,0.669280585534205,0.767679254557816,0.7372628175398641,0.0,0.0,0.0,0.0,0.0,0.0,0.0,0.0,Alexandr Triapishko,2846.0
21.368390885310653,208.57267815162896,-55.099887875021956,-14.242501998222727,-11.886819214430123,4.0,-6.641191140685811,-26.721534548626142,-10.031891288254808,10.42405031519765,0.22330000000000005,0.47339999999999993,15.0,0.0867,0.009499999999999998,-0.1251980489337597,-0.3474823567619456,1.9352870666144402,0.8951646692331761,0.8926027397260274,0.8218334057938895,0.7051133904088829,0.5832026155957905,0.6548176469859639,0.6787737735078767,0.9278784336645238,0.8589872475957596,0.8825867172024591,0.8039709879960112,0.6177693138750852,0.5017838015124497,0.8935544409472674,0.8861803687168692,0.0,0.0,0.0,0.0,0.0,0.0,0.0,0.0,Alexandr Triapishko,2846.0
19.98167844403352,194.8481028296409,-58.26844403672326,-14.347333861468405,-11.479848701441206,4.0,-5.401334968311895,-32.524966151497374,-9.948507842262753,11.433547488258387,0.24170000000000003,0.4466,16.8,0.030400000000000003,0.0028,0.07602432838144477,-0.3338312094790968,2.0167613504916138,0.7793545615218237,0.939062976921084,0.8062191252051576,0.7205206339491256,0.5968689105904146,0.561450015157076,0.6362201246098421,0.872006837710628,0.7970618574547115,0.9481328671328673,0.8389910381991867,0.6194760661958816,0.5281057325812097,0.831647874215254,0.8752047389086324,0.0026548672566371603,0.0,0.0,0.0,0.0,0.0,0.0,0.0,Alexandr Triapishko,2846.0
19.35626883715484,184.90877340650573,-64.88207975821497,-15.48745280526606,-12.979935407724028,4.0,-5.900634375260991,-36.44696537008996,-10.72400779164486,12.656915991770932,0.2092,0.319,20.1,0.081,0.0118,0.1810013702561002,-0.39729242050140895,1.4918308502204645,0.7407914160447456,0.8322504682861747,0.7884350219551657,0.5541105401842366,0.6654018874773654,0.4121508187717503,0.49687244163726874,0.8239320557255081,0.8780100722024496,0.8370669711893143,0.4973547844139926,0.4312090669624382,0.6529277002897379,0.9276404494382022,0.867395767954374,0.0,0.0,0.0,0.0,0.0,0.0,0.0,0.0,Alexandr Triapishko,2846.0
18.99094743339955,162.67749331133223,-50.02844071266434,-14.25752916460851,-10.467204378888677,4.0,-7.542210375503809,-25.39870168116577,-10.14521381035745,13.782418697859873,0.2433,0.4215,18.1,0.06839999999999999,0.0048000000000000004,0.25792576122261485,-0.5272577522543322,1.967961349462718,0.5659064048714618,0.9990654205607477,0.8669496127526125,0.5590012802311933,0.5991213984077387,0.6646528328880347,0.4912380296100937,0.958252427184466,0.9535528072517743,0.8012744668639045,0.6855662883303361,0.5526709606962961,0.6486904753999139,0.8483254550608443,0.8102009664133195,0.0,0.0,0.0,0.0,0.0,0.0,0.0,0.0,Alexandr Triapishko,2846.0
21.93935047489495,203.83120495726513,-61.079364502037095,-16.38037775841495,-11.716101523409,4.0,-8.912994286563286,-30.11886394998343,-10.475989409362578,12.52496242569614,0.20469999999999997,0.46950000000000003,19.0,0.075,0.013900000000000001,0.04677240684491083,-0.37922923619239446,2.328917144705322,0.809793189020717,0.804576750162625,0.8424852330209474,0.6641217944478723,0.5905909679593053,0.5698092926381382,0.6166000467786182,0.9118916797488226,0.732999782208284,0.8569047466374083,0.6905301977024593,0.8589022354050444,0.7227934852503819,0.7587685528756957,0.8917822455322455,0.0,0.0,0.0,0.0,0.0,0.0,0.0,0.0,Alexandr Triapishko,2846.0
19.403392770693422,172.10957571711793,-53.84304381755818,-14.222117909270498,-11.626473374266626,4.0,-3.7944555661466426,-30.758375717655078,-10.532844141336081,13.091222891116743,0.18109999999999998,0.5258,21.2,0.05770000000000001,0.0060999999999999995,0.16307528091576756,-0.2821984653003267,1.7291262640789848,0.6479253654686707,0.9153786756928284,0.879536655987776,0.5447745832111744,0.555460721800297,0.5038580044704627,0.4204708224924539,0.9091652064348656,0.792413096329428,0.8597402105582063,0.7133997352684072,0.5210531862983755,0.5715345787349573,0.8940986744399924,0.7937314081423603,0.0,0.0,0.0,0.0,0.0,0.0,0.0,0.0,Alexey Dreev,2812.0
19.995811850036603,181.57449265444708,-56.07061294842472,-15.088077137138663,-11.150770292333483,3.997732106669552,-4.548405757265453,-31.45031634747203,-10.395146470323317,12.56437094943868,0.2154925373134328,0.4702350746268656,19.261194029850746,0.0573880597014925,0.004231343283582,0.1065219604957517,-0.2712513081264018,1.6619399359757172,0.6827468979309671,0.9129358327989924,0.7873310341519398,0.6094938381361922,0.6048882531730032,0.5692548851076942,0.5614380335423692,0.8872386440998986,0.8761877466463788,0.8689547903546067,0.7384678356857416,0.444482439032619,0.515839714904956,0.8136256394663042,0.8409563611983879,0.0509191241845094,0.0968018357477108,,,,,,,Alexey Dreev,2812.0
19.00533812357466,167.50699061731547,-54.042863395050496,-15.135413236647036,-11.874585113412108,4.0,-4.991435943841146,-29.920395161540064,-10.390949513701916,14.26991557409178,0.19839999999999997,0.557,22.2,0.07179999999999999,0.011300000000000001,0.021145978006400026,-0.18879530198946948,1.5975938276589776,0.6038938211751943,0.8539164964828683,0.6558253848816129,0.5227694465398175,0.6006731518944799,0.546876088266832,0.46908425439568824,0.801634791540368,0.7377457298453953,0.7973362234680863,0.7240802633355033,0.4565548392355555,0.6690850712166816,0.8065162859358684,0.7080666764512717,0.03118249599331056,0.0,0.0,0.0,0.0,0.0,0.0,0.0,Alexey Dreev,2812.0
21.18270956748831,197.6235365590404,-51.650271743770915,-14.525030332367368,-9.455637795708551,4.0,-6.926515708930717,-27.064910158359726,-10.270784279628456,12.592606531223897,0.2332,0.4749,18.0,0.0388,0.0066,0.14461231668143276,-0.2760507152677322,1.777401136336449,0.7250758702794111,0.8591672881573871,0.8814698647619441,0.6178554767911203,0.6809445252443531,0.535556500789869,0.7916517996759064,0.930113712374582,0.994,0.946915460776847,0.8024842407933862,0.4811231192771032,0.49871504452475,0.7535196430075948,0.8553551713205179,0.0,0.0,0.0,0.0,0.0,0.0,0.0,0.0,Alexey Dreev,2812.0
17.294760284449655,156.46130662077152,-56.44004260309347,-16.727566509893197,-10.807657182371013,4.0,-4.160515657912709,-31.489266986087706,-10.937208038519676,13.682171771690836,0.2068,0.5822999999999999,25.3,0.06740000000000002,0.0040999999999999995,0.17778227921364156,-0.12071766431722471,1.4538343898572539,0.504571834731015,0.9126175482132002,0.747112427844548,0.4642215463611423,0.7482534682638798,0.35733785257311024,0.4203189545191005,0.8336852755861912,0.7846966287291337,0.9349437148217635,0.7269964108789045,0.4493274094068803,0.3527026191547528,0.7247917889387738,0.6638443906378428,0.0046849427168576,0.0,0.0,0.0,0.0,0.0,0.0,0.0,Alexey Dreev,2812.0
20.92762243482471,194.40665280713128,-57.966714230375715,-15.03090040916409,-11.718046575545927,4.0,-4.33646078622349,-33.24823200953233,-10.366499499661717,12.733425049751828,0.21200000000000002,0.45649999999999996,21.3,0.0522,0.0027,0.07137818425456224,-0.548246290962038,1.5504999654654235,0.7342027729557496,0.7817243920537982,0.8353748436424414,0.6096146270083329,0.6884104663624774,0.4977801306632994,0.5846671162363357,0.8401118076751942,0.8423481469059197,0.8215008823847718,0.8280059141036645,0.5408816726026534,0.7607291267897919,0.7399777769020414,0.7898251926068839,0.01767770390876234,0.0,0.0,0.0,0.0,0.0,0.0,0.0,Alexey Dreev,2812.0
21.272016703472012,201.33931832254183,-51.81195029049492,-14.258822330810194,-10.807364240071589,4.0,-8.313585398637223,-25.207768063001975,-10.606073036130326,13.381662778156388,0.19319999999999998,0.6302000000000001,21.0,0.09890000000000002,0.007200000000000001,0.059161569377886136,-0.1596349722586883,1.6922226959638043,0.8003172183284623,0.976063829787234,0.7462468966020654,0.6076374532120752,0.7097433755764202,0.5698849358426757,0.6809266904205176,0.9499498193496588,0.8278442003428538,0.9344266016839857,0.7598910374086069,0.42534914566203746,0.6579378554500922,0.8182066950876695,0.8466417561479485,0.018630236553455783,0.0,0.0,0.0,0.0,0.0,0.0,0.0,Alexey Dreev,2812.0
20.801437183069787,183.26692878129398,-49.164296882967896,-16.15745831957571,-10.183366766691094,4.0,-3.3746428096757044,-24.875385364828723,-11.036917430753167,12.463473808556513,0.2314,0.39070000000000005,18.4,0.0851,0.0087,0.24259284423583133,-0.2556205479626065,1.5420001744726455,0.7028278832807413,0.9904011694006822,0.7246006580561337,0.40969842106275045,0.6195127703709994,0.509286038074705,0.6612816773191945,0.882805993960029,0.8797025453026752,0.932573322619526,0.6657765593982302,0.4209931688007038,0.4698568798750018,0.8849547349561723,0.8080530931844798,0.021206044896561832,0.0,0.0,0.0,0.0,0.0,0.0,0.0,Alexey Dreev,2812.0
19.692410662669026,197.0291443617449,-48.10634842640234,-12.573574949640083,-9.841446713292024,4.0,-6.644657636805978,-25.978596382917242,-9.780610982111948,12.712538238364935,0.21470000000000003,0.5615999999999999,19.0,0.042,0.0025,0.16933849412220917,-0.3681157285720257,1.9802991307906375,0.789166336569908,0.9734711912336514,0.9036826735885789,0.5771269048486223,0.5339587611540726,0.5099992672552419,0.7097682828902921,0.9539038391532021,0.8373318543373622,0.8957454443183691,0.9008130081300812,0.6048528663778238,0.3881233062048087,0.9093538007965869,0.8807741917194655,0.0,0.0,0.0,0.0,0.0,0.0,0.0,0.0,Alexey Dreev,2812.0
19.23819691830301,183.1701473347353,-53.291313827437804,-14.999170900588851,-10.963439623608213,4.0,-5.077006112459833,-29.00913284733486,-10.810338964873143,13.567774621427095,0.22210000000000002,0.4194,21.4,0.0881,0.0033,0.24323920336115173,-0.333221311202878,1.613791778067013,0.7118784959940105,0.9060329639102018,0.8159442866950497,0.5505140263981968,0.40719618200974556,0.5144902040291781,0.5940928635455129,0.8572197050645315,0.8037668106178681,0.9407680361112357,0.7994575554762966,0.3612948508780109,0.5200482499539636,0.702898686171041,0.8243565868056258,0.01356517935258091,0.02222222222222222,0.0,0.0,0.0,0.0,0.0,0.0,Alexey Dreev,2812.0
21.817470310960424,196.8967805688032,-50.8054922765058,-15.43320786849248,-10.65839635264933,4.0,-3.241313614357215,-27.317292576956977,-10.807763323522805,12.652481459472998,0.20389999999999997,0.5569999999999999,18.6,0.05840000000000001,0.007000000000000001,0.025534178116304408,-0.25257227489387446,1.7486974043954195,0.7367230766668342,0.9359983291562239,0.7570008978381997,0.49630594516036897,0.5525614606298168,0.6295419918630204,0.5969760174275909,0.9079480872615564,0.9584158415841584,0.9360902255639096,0.7545373616676534,0.6428476284674488,0.5917991391848454,0.7826482282416423,0.7876259038117551,0.012777777777777772,0.02222222222222222,0.0,0.0,0.0,0.0,0.0,0.0,Alexey Dreev,2812.0
19.753186979898647,186.33081758279013,-68.49769462443115,-14.388966377295896,-12.097539312330758,3.992857142857143,-2.5171180599212635,-44.96594497671156,-10.45949314479063,11.93851010376182,0.2246,0.45729999999999993,17.8,0.07160000000000001,0.0055,0.2681319230815798,-0.2634416718123812,1.5956624280880576,0.7383774830136387,0.9294270435446906,0.8170450885668277,0.5797918395342365,0.6510030282181984,0.6435846651755879,0.6069921909826015,0.957942097026604,0.8974214762257757,0.931850281254088,0.6821310063846346,0.3345564933044576,0.5235806424273244,0.7889695367266354,0.9684095366875687,0.0,0.0,0.0,0.0,0.0,0.0,0.0,0.0,Alexey Dreev,2812.0
20.432674603174604,198.24542724867726,-60.85020476505417,-14.597751322751318,-11.456203442302847,3.9899999999999998,-2.6499801587301586,-37.06087301587302,-9.701845238095238,10.626448412698412,0.24500000000000002,0.5327,15.3,0.0566,0.002,0.06290079365079362,-0.1197169312169312,1.3201679894179892,0.7966679020664869,0.9194940476190476,0.8840339721254356,0.553982671570148,0.5855598497797646,0.6580014900725105,0.4761061636794725,0.892080985915493,0.9383885814889336,0.853647384305835,0.7798952883970489,0.4191878124899409,0.5302074348607368,0.8252438799463448,0.992,0.0,0.0,0.0,0.0,0.0,0.0,0.0,0.0,Alexey Dreev,2812.0
16.78114252201021,163.84670656153259,-64.09468842049742,-16.28957054920851,-11.99079518623302,4.0,-2.6730478211003197,-37.76699333220003,-10.639748120284485,11.265466588528945,0.2011,0.3863,23.8,0.0435,0.0025,0.10898074809771204,-0.14555760955117453,1.5729212096480891,0.5552372087682074,0.8768498741153861,0.8233921163283024,0.7335624332514102,0.5657151163559992,0.37334572355238127,0.5668091944376521,0.8554942286965435,0.8006973199238043,0.7071253648176646,0.564741245236429,0.38306337002691804,0.5967978221050454,0.6700582224629761,0.7174472988248471,0.00089285714285714,0.0,0.0,0.0,0.0,0.0,0.0,0.0,Alexey Dreev,2812.0
21.41725149472331,194.0136689251926,-58.44668460163414,-15.910170122947312,-11.443909771208423,4.0,-5.276439047900171,-32.104577381981144,-10.06520432324864,12.353616045651561,0.2076,0.4250999999999999,22.4,0.058600000000000006,0.0010999999999999998,0.12529725709843736,-0.3793629423265471,1.8388402232748835,0.6871153710980397,0.8763961648019463,0.8699153252514771,0.7157720082436254,0.477135919624735,0.5858163933652027,0.43891659447428244,0.9499498193496588,0.8437357955331883,0.9309471766848816,0.780785589634667,0.29781000963666815,0.5267948935355625,0.8392919004754111,0.8213392948915613,0.01028078130449946,0.0,0.0,0.0,0.0,0.0,0.0,0.0,Alexey Dreev,2812.0
19.70504428468903,174.56666899461857,-64.04494850488355,-14.812582170806127,-11.708533457862348,4.0,-6.351418818538959,-37.218218912114196,-10.71349923764563,12.75930409208371,0.2091,0.41739999999999994,21.0,0.06470000000000001,0.0031,0.09443305422929835,-0.24115082134896526,1.8221765742926574,0.6266086878511359,0.8296995110153004,0.7701725884403452,0.6049531252827114,0.3927096435814762,0.46054768728954915,0.6130876413656179,0.8342388983565454,0.8461803473511068,0.8242621170947843,0.7039290121643063,0.5019369089635703,0.5604003022036326,0.8087175990420754,0.7279596333377631,0.00051282051282051,0.00923076923076923,0.0,0.0,0.0,0.0,0.0,0.0,Alexey Dreev,2812.0
20.06117096535737,196.4732775627759,-65.69787717614591,-14.939842911290976,-11.707208379817416,4.0,-8.66571503266943,-36.51290293959557,-10.726170889780452,12.85396297700792,0.2133,0.3881,18.7,0.0349,0.0016,-0.003169208252910616,-0.4923826349539807,1.6461088745575154,0.7994487519513568,0.9782181323852347,0.8093823893162295,0.6671497660921084,0.4718141349483872,0.5279134526195978,0.6077180916436997,0.91071295048094,0.845769791924954,0.8537422317027197,0.6184526153759589,0.3368326873026083,0.7084988873740927,0.6758074026901894,0.8188271525706146,0.0,0.0,0.0,0.0,0.0,0.0,0.0,0.0,Alexey Dreev,2812.0
19.851624471637308,174.9343927601373,-57.849028802625796,-16.072059617759233,-10.820713832943692,4.0,-3.62826402502269,-33.142797710223896,-11.259758465310455,13.074564848634168,0.2363,0.48790000000000006,18.6,0.05990000000000001,0.0073999999999999995,0.31533510100904194,-0.2417141760530721,1.68149933508085,0.6647129475472572,0.9082050674875681,0.7246958081428125,0.6031986317072997,0.646061586123386,0.4823699660542079,0.63410063038296,0.9152882713858324,0.8407664224600486,0.868560511053386,0.771712363564336,0.3714957267916004,0.5166067876942783,0.8057948439402978,0.8213407881612701,0.0,0.0,0.0,0.0,0.0,0.0,0.0,0.0,Alexey Dreev,2812.0
18.79954228493283,168.1546323422143,-58.58780095710894,-15.7445968450782,-10.865718117292328,4.0,-5.066257375922307,-32.84779231192796,-10.34306218001662,12.279625873128484,0.2037,0.46670000000000006,18.6,0.0396,0.0014,0.10806229082122729,-0.3488521534582033,1.637956762082403,0.5967839736494012,0.8001417880713941,0.8430258528849592,0.6247204281378815,0.5590831804215576,0.5607157502927722,0.729796233983918,0.9671649088496194,0.9182003283279417,0.8801505086635387,0.7193057870754409,0.38260836524632486,0.41281914329562774,0.8392661619110058,0.8469010380254197,0.0,0.0,0.0,0.0,0.0,0.0,0.0,0.0,Alexey Dreev,2812.0
21.721685777891306,183.88817682947183,-55.2927223481444,-14.911661035715053,-9.984255988558669,4.0,-2.6491267069765283,-33.52298366610777,-9.659059636423667,11.434364685637288,0.22949999999999998,0.3765,19.3,0.0449,0.009600000000000001,0.1353139355297107,-0.3685078133323628,1.6826048248724148,0.6778203938337879,0.9776315789473685,0.7984047605262579,0.7600577795840954,0.6934954436966821,0.3980434900550985,0.6488292183990713,0.8943803348110897,0.9220728291316526,0.9789030206677266,0.7861697956103063,0.3504433305013145,0.4686599309907614,0.8684384030411447,0.8583642930856552,0.00629921259842519,0.0,0.0,0.0,0.0,0.0,0.0,0.0,Alexey Dreev,2812.0
19.962811471705333,180.36505860720695,-56.07751170027353,-14.877641241963492,-10.505422554693332,3.992156862745098,-7.3403536361336865,-31.870371486995527,-10.376299804202617,14.900420160970034,0.2305,0.4248,20.0,0.03490000000000001,0.0029000000000000002,0.14326879925984787,-0.13636180954595276,1.4841491266619147,0.6575077616810441,0.9398058252427184,0.7386383940045185,0.5988589332521855,0.4809505838126017,0.5603481034923881,0.4582191196770958,0.9046496953166434,0.9310622710622711,0.8126856610393969,0.7002305712001962,0.4460464090152157,0.44309014520543577,0.8610759369315895,0.5740949602744037,0.0,0.0,0.0,0.0,0.0,0.0,0.0,0.0,Alexey Dreev,2812.0
18.9218414196186,167.1240836364371,-60.97943743062085,-12.795133713212891,-11.663731337393239,4.0,-7.709996642030707,-35.02738429935822,-9.81489979110239,12.03170835247659,0.21939999999999998,0.4709999999999999,16.7,0.0252,0.0043,0.13089337447135382,-0.09116115830047716,1.7453509669150762,0.6750519280543783,0.8896581196581197,0.748571222370464,0.7684680310664407,0.861213303604608,0.5124174703484072,0.47516074858773916,0.9338596491228071,0.884613885140201,0.7380966523103052,0.670103426640364,0.6170413644775625,0.4670891319150853,0.7757077522866996,0.7897368421052631,0.0,0.0,0.0,0.0,0.0,0.0,0.0,0.0,Alfonso Llorente Zaro,2885.0
18.925384175299094,168.42120731216258,-59.81797972912296,-14.207108434777602,-11.50625747600519,3.9737164966397054,-4.774516259962207,-35.57267122120808,-9.883436391740643,12.152293557931054,0.2201393939393939,0.4247575757575757,18.384848484848487,0.0579,0.0069787878787878,0.1102215806167557,-0.2279005654232326,1.6470557189204298,0.6620642082810372,0.8691893659998456,0.7555161573672692,0.6304053787272156,0.564451484800766,0.5756412285042064,0.6019354918027727,0.8891229943135883,0.8801212964430999,0.8431034394100217,0.6352247423377602,0.5582282245721026,0.6185128264532791,0.6646367956987259,0.8200481598135718,0.0505897752872925,0.0716030139089756,0.0136054421768707,,,,,,Alfonso Llorente Zaro,2885.0
16.66237733433125,127.4849172835587,-58.047095459453395,-13.632260229723041,-10.918985652843546,3.595238095238095,-5.999017482474376,-34.959917715481566,-9.7915191005799,13.65936662641094,0.1849,0.38370000000000004,22.9,0.08009999999999999,0.0123,0.15872622134005504,-0.2198701859862473,1.2394073739893903,0.4684181689582708,0.8109517116251441,0.8472805329423927,0.6470273792744451,0.5759041974036911,0.4757329294832225,0.6669572990098455,0.8729783037475345,0.7728274115638438,0.6966449904607309,0.4203657068446075,0.506090385394737,0.8391464106134269,0.8990689914971478,0.8846824311113574,0.00858895705521472,0.0,0.0,0.0,0.0,0.0,0.0,0.0,Alfonso Llorente Zaro,2885.0
17.747656802748935,154.52670838596168,-67.78619658505738,-14.95950334678455,-11.774435898014932,4.0,-6.567725427691957,-42.033238639881276,-9.968660923988878,13.517367651304209,0.2238,0.48279999999999995,18.7,0.05670000000000001,0.009600000000000001,0.11214253083919856,-0.24477132077969355,1.2093096905026905,0.5824887932308487,0.790389705075043,0.6459424523464661,0.47201884078331646,0.4779853569141747,0.6803457818965153,0.49124172248755676,0.8811798702871968,0.8194326927203255,0.7735415579882834,0.5752100395443945,0.5514435968318184,0.590884562856567,0.6071996238738898,0.7105662802890765,0.01535620864748422,0.0,0.0,0.0,0.0,0.0,0.0,0.0,Alfonso Llorente Zaro,2885.0
17.626779549113774,154.12708136148404,-58.27431414961669,-15.130397898492415,-10.955875391448577,4.0,-2.002386145229825,-35.855113349199236,-10.732678300909,12.402136935662373,0.24130000000000001,0.4076000000000001,18.1,0.0608,0.005699999999999999,0.10350157881845527,-0.14121894371688828,1.2700220237783317,0.6059593882671838,0.9223555290862983,0.5795013682335196,0.5806472929935018,0.47599628981403014,0.5616225060320171,0.5225857498371405,0.9084375344680975,0.8081237584897959,0.7436682964637072,0.6102352269771331,0.5201934961924195,0.462390268363042,0.5461968517633243,0.7465184276721049,0.00231884057971014,0.0,0.0,0.0,0.0,0.0,0.0,0.0,Alfonso Llorente Zaro,2885.0
20.110140683294443,177.04416429284382,-57.121572426649436,-13.777092848249854,-11.22558334867374,4.0,-3.175907181871023,-35.43792713689045,-9.915347651285394,12.410285740321015,0.22590000000000005,0.4952,20.0,0.0601,0.002,0.14752574327786308,-0.22402227927582893,1.6166801538222029,0.6700399794236117,0.8692502686395166,0.8209514830682977,0.5901676719242094,0.5463823108302904,0.6111148664471651,0.5428398247520689,0.9578765227021041,0.8825760092620557,0.9717932752179326,0.7575538767081159,0.38578922688241335,0.4957425255621019,0.8056125991455714,0.8547003992838264,0.00155038759689922,0.0,0.0,0.0,0.0,0.0,0.0,0.0,Alfonso Llorente Zaro,2885.0
20.37956193463048,171.82485790702725,-68.60700084004321,-15.573054120312184,-12.42821942954809,4.0,-6.367444054601313,-40.286483227047746,-9.748286115765953,11.796486107232074,0.2191,0.5163,14.0,0.042800000000000005,0.0045,0.10258683998200127,-0.4794362751943398,1.4671203994631412,0.7052960762742941,0.7836932264655035,0.8079734841604769,0.5895275969137754,0.541716062260988,0.5595754736830958,0.7006669291055507,0.8667358395989975,0.8726464598997493,0.9464,0.5308060859612458,0.6104389659640447,0.8163727928509905,0.6356295759613635,0.858475206270627,0.0,0.0,0.0,0.0,0.0,0.0,0.0,0.0,Alfonso Llorente Zaro,2885.0
19.684952492253384,170.54596355378771,-58.34790409316143,-14.280413472850617,-11.303359817041521,4.0,-1.181508618545338,-37.04737658666763,-10.616529716495581,12.081284118439253,0.2404,0.36029999999999995,19.4,0.054200000000000005,0.005599999999999999,0.10360746705922445,-0.3614035284193865,1.290005187993642,0.7079122279570208,0.8136220839345839,0.7533581824975266,0.4647967209154976,0.6362630931912847,0.6230594992199825,0.4433143302771261,0.7788969266600845,0.8179379684642842,0.9138785885167463,0.512078196806491,0.5570844693029193,0.6980380839143436,0.6495057722401084,0.8832553606237816,0.0,0.0,0.0,0.0,0.0,0.0,0.0,0.0,Alfonso Llorente Zaro,2885.0
20.891669406893193,178.74465412251857,-56.09459374788713,-14.77375647583448,-11.425470869220604,3.9885714285714284,-5.184860350912941,-31.35199152403436,-10.250352944689583,12.90326698823342,0.227,0.4748,19.1,0.0729,0.0067,0.15244984448628948,-0.1684674112119764,1.5107383329586017,0.6535754741035273,0.7325519562216152,0.7867854431867298,0.6643663722554262,0.672407234301453,0.5269075594111509,0.6207425246585327,0.8761826301891394,0.8586094587317735,0.7832854057170636,0.5917795792651563,0.43945874898252885,0.6040593987935442,0.6983363494139957,0.8740771685911468,0.00222625049566644,0.00472440944881889,0.0,0.0,0.0,0.0,0.0,0.0,Alfonso Llorente Zaro,2885.0
19.533689150315524,174.67515004734778,-52.95374803373487,-14.757375547407747,-11.55199006985254,4.0,-3.803191188194642,-29.292535774426398,-9.958846218930084,12.410190765076536,0.2131,0.4091,19.0,0.05589999999999999,0.0034000000000000002,0.01096987986944647,-0.35744183279257125,1.7651255104384358,0.6632654913406808,0.7469564217221175,0.8173777479203773,0.6296540477943984,0.5626594040420089,0.7264753112506686,0.5359191230669721,0.8898049012430089,0.9194581280788178,0.8661784641732726,0.6755985002407209,0.6420756613132197,0.6879071723324846,0.641159971662527,0.9057338468121523,0.00661126271396674,0.0,0.0,0.0,0.0,0.0,0.0,0.0,Alfonso Llorente Zaro,2885.0
22.207299243108576,210.03965765292952,-56.8556524924342,-14.53409622666535,-11.885580750931002,4.0,-3.3511674946726786,-31.787816384792187,-9.504823361421865,10.20783172604889,0.2311,0.5016,11.1,0.0398,0.0072,0.024316001234204028,-0.17172453610241628,1.9484644355727305,0.9405380968672107,0.8411609245986481,0.8154578092380866,0.6687767711556186,0.8386705642856374,0.7441744180478213,0.6991276914906772,0.9197835694293767,0.9353008103008105,0.9761194029850746,0.814745368667797,0.5716410555612145,0.7153470855598112,0.757362569397856,0.8158325496854696,0.0,0.0,0.0,0.0,0.0,0.0,0.0,0.0,Alfonso Llorente Zaro,2885.0
17.79840297599261,154.10039758398608,-68.58059143115034,-15.901374099374502,-10.723846761066884,3.997053087757313,-4.639499330847546,-41.97890066866741,-11.292443917107052,11.958420258155725,0.22880000000000003,0.45619999999999994,21.6,0.08360000000000001,0.0058,0.08855392228582926,-0.09669268546245798,1.124069484592677,0.5378310125840993,0.8656020346328296,0.7312132782937736,0.5710282846241342,0.3745690930175443,0.42672059288571107,0.5872041907446777,0.8255005668832333,0.8930431826491217,0.7029057500683172,0.607936086516136,0.25552409052334735,0.5844366780077677,0.532017259502296,0.7032715102463512,0.0,0.0,0.0,0.0,0.0,0.0,0.0,0.0,Alfonso Llorente Zaro,2885.0
18.819999101005983,169.11834765337875,-61.787633972231035,-13.415592239656846,-13.10321777872733,3.998780487804878,-5.179350119399897,-36.702957309490344,-9.814030183793097,12.4287331710316,0.21950000000000003,0.40020000000000006,21.5,0.07849999999999999,0.0038,0.07559417759640227,-0.2718693596067286,1.78738462577279,0.6892867497328674,0.8653923257327081,0.6889901290482959,0.6319071808438324,0.6708647076609571,0.4548922037422087,0.5992364954369684,0.8504721291750826,0.8142792608593247,0.8610920172271387,0.6959827609248397,0.5400027497916319,0.5759702471395058,0.6760728603128096,0.8171127613991013,0.0073710523106938,0.0,0.0,0.0,0.0,0.0,0.0,0.0,Alfonso Llorente Zaro,2885.0
18.49830912572994,158.05764061547936,-58.58897850803987,-13.716157703593652,-11.442151418735984,4.0,-1.9966177078239096,-36.80294726902388,-9.681373834998864,11.050269426136415,0.2151,0.4812,17.5,0.064,0.005699999999999999,0.03831610369622789,-0.13543056857010344,1.6817594079253309,0.6152308115829002,0.9409448818897637,0.8362009893637044,0.5072010290495118,0.4593288049288232,0.5751529066960174,0.7623719046991463,0.9818970545348499,0.9596153846153846,0.8036500492949881,0.6404657475510139,0.4944090896566589,0.7011267458679178,0.7370411340544083,0.752080768661294,0.0,0.0,0.0,0.0,0.0,0.0,0.0,0.0,Alfonso Llorente Zaro,2885.0
18.631835105422063,174.65700623668016,-67.63651712896113,-16.142913851066027,-12.630564254353374,4.0,-2.578631469188534,-42.18440407271929,-9.76792240539523,11.667918923761315,0.225,0.47450000000000003,20.3,0.083,0.0118,0.21838969050925577,-0.20887946292837595,1.8922825916575916,0.6860713941807782,0.9304347826086957,0.7095583148319223,0.6557627427705622,0.6278441448895193,0.48650282856803734,0.3876898035270384,0.8620682452064445,0.8618067071794314,0.8674087907562236,0.7590358159374863,0.625933296699094,0.5433039286092051,0.5106257706573857,0.8372077048685338,0.0007874015748031401,0.00472440944881889,0.0,0.0,0.0,0.0,0.0,0.0,Alfonso Llorente Zaro,2885.0
17.463912978853134,163.43238240171723,-53.62910329790268,-13.635471817184605,-10.227413681009072,4.0,-3.868714306781226,-31.96522997322567,-9.858649922399653,11.926376402697553,0.2645,0.3633,16.7,0.0679,0.010899999999999998,0.08139200127085529,-0.27999227931760484,1.392529127253961,0.6188621815749913,0.8499672735272483,0.8289534630621219,0.8182131717699056,0.6328465889832466,0.5054432109032982,0.49182136708598934,0.894377357060284,0.9751031894934334,0.7750320374170411,0.48109853738154484,0.49201342722511204,0.6867093279603698,0.6446613051832596,0.8125879127631206,0.0,0.0,0.0,0.0,0.0,0.0,0.0,0.0,Alfonso Llorente Zaro,2885.0
19.594062366614775,182.70625669514712,-53.765545906965315,-12.765307920680447,-11.569723422056892,4.0,-6.480225047831725,-28.10900878386618,-9.486754677183319,10.645473944653258,0.22840000000000002,0.5511,17.1,0.0485,0.015200000000000002,0.15392860173172127,-0.26810232595062317,2.0096910251808286,0.7679309116809117,0.874594017094017,0.6540858824411456,0.8098251237067027,0.7343293923213832,0.6289320232483848,0.6843438003220611,0.8876388888888889,0.8646331908831909,0.8488105413105413,0.7340726805400718,0.7278237155039216,0.49402931799956973,0.6427299820062977,0.8151799370220424,0.00657407407407407,0.01425925925925925,0.0,0.0,0.0,0.0,0.0,0.0,Alfonso Llorente Zaro,2885.0
20.086902863380626,180.93123998217973,-51.16004601590335,-13.097398686207871,-10.691924412494796,4.0,-6.97621873373308,-25.941124395464424,-10.424847983359463,11.971468195356287,0.2286,0.43099999999999994,19.3,0.0671,0.0068000000000000005,0.024440336570896108,-0.20095920120310362,1.5617568255803551,0.7029869439567584,0.8970140885145341,0.8576396578096339,0.6141020066294846,0.5807707295219888,0.5464124469759173,0.6939298092248466,0.7625064751934191,0.8982142857142857,0.8113357062450752,0.623653930091852,0.5346382310442452,0.640552813225819,0.6949573245715817,0.95321583695289,0.0,0.0,0.0,0.0,0.0,0.0,0.0,0.0,Alfonso Llorente Zaro,2885.0
19.584465663304357,171.01545022260333,-69.81101782738673,-14.146268844020586,-13.02828969670227,4.0,-4.313216178898984,-45.093562131379585,-9.76731400659849,12.537633030213176,0.20709999999999998,0.4800999999999999,15.2,0.0426,0.0039,0.05470452974884071,-0.29286981540832724,1.6747814425001721,0.6114673088336555,0.8793143825876839,0.8412653251296429,0.5791508318167186,0.6504261888325411,0.5501783082083372,0.6441356158032197,0.9045804514770032,0.948743842364532,0.8086811607565201,0.5699821306510477,0.5419435890977071,0.7544788562707202,0.7194093971717661,0.8865546218487396,0.0,0.0,0.0,0.0,0.0,0.0,0.0,0.0,Alfonso Llorente Zaro,2885.0
18.538323784970963,151.03722206435828,-55.523475445041925,-14.663539486749752,-11.285287684979913,4.0,-3.639031420010634,-32.9196779603126,-10.408534715116371,13.392595822127351,0.22800000000000004,0.35740000000000005,18.9,0.0518,0.0035000000000000005,0.07122211020418019,-0.12034763691469183,1.0740369571149264,0.5397011456651818,0.8808821953623933,0.6491705769571423,0.5794208240977963,0.45774035325283186,0.8398575867834692,0.5759409892224103,0.8595425289040077,0.8151097271957664,0.7528143926830493,0.6146651348786795,0.4512808146326874,0.6776272214446206,0.6634708472712474,0.7579686054530903,0.0,0.0,0.0,0.0,0.0,0.0,0.0,0.0,Alfonso Llorente Zaro,2885.0
19.49893842208001,157.69571278154854,-59.77870776448242,-14.911907309729827,-13.844268987103714,3.998360655737705,-2.9919074881106775,-33.9775216368199,-9.872852134327573,11.821389135871577,0.20270000000000002,0.48699999999999993,18.0,0.08680000000000002,0.0212,-0.016753651758940453,-0.24185248348543847,1.5304378624470443,0.549163441071238,0.7648852008809512,0.7612360057936439,0.5208802306978735,0.4803026104653657,0.5401735426482097,0.764034628601639,0.8942362660641152,0.9365184296003388,0.7987563448784406,0.6316782286528049,0.4812193294279,0.7187907761485709,0.7283652674941054,0.8776597938144329,0.02095890410958904,0.0,0.0,0.0,0.0,0.0,0.0,0.0,Alfonso Llorente Zaro,2885.0
20.037753857071085,192.3556268514777,-58.57195783592719,-14.969824178647707,-10.960968477448336,3.9924999999999997,-2.991319218104933,-33.60870323149735,-10.283680929374205,10.250038199145342,0.2192,0.3893,18.6,0.0619,0.0122,0.033618884900397515,-0.340245159488857,1.0007085246055833,0.7809275170144736,0.8844415688980906,0.8112566829958133,0.7343113481266876,0.5557910785597644,0.6573156983330408,0.39002966623002483,0.8969611226132965,0.864640504423113,0.7521279565844783,0.50656971548541,0.47209569469476875,0.5439540836698485,0.6605779004367658,0.8644111926720622,0.0074074074074074,0.0,0.0,0.0,0.0,0.0,0.0,0.0,Aradhya Garg,2841.0
20.69554845014125,190.4792379500148,-56.224907382894706,-12.619022498236493,-10.776691444618422,4.0,-1.5286002680551367,-37.292062175907255,-8.954578587487564,10.946047591410169,0.2754,0.38310000000000005,16.3,0.0918,0.010199999999999999,0.08124715151312516,-0.2557826329631604,1.3513815729289866,0.7363933598977842,0.9801343716597953,0.9704225352112676,0.7300408748303839,0.5873771185877382,0.6195531537416473,0.6433953824070104,0.9760690267732521,0.8854439315456265,0.9720588235294118,0.7487780475084682,0.49625254957594295,0.595956966888978,0.8379328984639155,0.9184307944307945,0.0,0.0,0.0,0.0,0.0,0.0,0.0,0.0,Aradhya Garg,2841.0
20.35740777195002,186.38968815766407,-50.08668069023398,-14.571547902050392,-11.28245812616449,4.0,-6.552602015635218,-25.157209618191025,-10.277338512594111,13.75447548440125,0.23769999999999997,0.36890000000000006,17.3,0.0489,0.010700000000000001,-0.04003119289935558,-0.03815963606286185,1.2073035306758768,0.6618254886408372,0.8487501477017606,0.8705938337335143,0.49172516305662456,0.4826691983727243,0.656091410232454,0.5314312763854543,0.8467387052961536,0.9490322580645161,0.7695880327484383,0.6223925474386018,0.3451866934736748,0.47016238453009984,0.793995575897853,0.8673068114898907,0.00224719101123595,0.0,0.0,0.0,0.0,0.0,0.0,0.0,Aradhya Garg,2841.0
18.383449518108478,168.39310802530372,-62.329976354205314,-16.689961622715234,-10.875026313569848,4.0,-7.589143295628604,-32.55994862992218,-11.436327319133277,12.82043082676383,0.2338,0.4107,21.5,0.07320000000000002,0.0077,0.12837368730306667,-0.307151959760281,1.6520414283143154,0.5745285933089127,1.0,0.7266421145059775,0.5706865171262272,0.5206918903092668,0.6690232480718084,0.6069790343668855,0.9025468675511406,0.9579389630780897,0.7922754272934441,0.7260927439474177,0.3111858158983301,0.5477152577554292,0.808637548923576,0.816972123034023,0.00902255639097744,0.00451127819548872,0.0,0.0,0.0,0.0,0.0,0.0,Aradhya Garg,2841.0
18.666024390448197,166.1907146909685,-55.635466615409904,-15.834743930387072,-10.711582937159815,4.0,-4.012263714142665,-31.451674264994875,-10.920431448357663,13.29522967963219,0.2189,0.3643,25.0,0.10270000000000001,0.0124,0.06452831278851294,-0.08945296181237386,1.3318753739614464,0.5691457742791923,0.878174160049813,0.8523706818918626,0.5989757801242112,0.5246516010993687,0.48265039211444083,0.49878543676877296,0.820584651641374,0.8006724579725404,0.7625701898864254,0.6339837234004705,0.5278815493878349,0.45802630725080923,0.6865599699167951,0.813979183461828,0.0034865428854067198,0.0,0.0,0.0,0.0,0.0,0.0,0.0,Aradhya Garg,2841.0
19.487138486363044,169.7652367342785,-59.25957218146738,-16.05481968329288,-11.567864391945038,3.996201298701299,-5.35067427294823,-33.301166700350414,-11.036566723243364,14.055318291611243,0.22390000000000004,0.3766,20.7,0.049499999999999995,0.007000000000000001,0.21605504044813167,-0.17399374830171016,1.2143815588265805,0.6631122126691809,0.9685049019607843,0.6592634462194399,0.6178771653024191,0.44131023949132436,0.5624460935874362,0.5608374564103652,0.8813200410172712,0.8001495627150856,0.8814272727272726,0.5809136796690715,0.3656640112440305,0.550414666136028,0.7468647555696336,0.8075063306543256,0.00847457627118644,0.00084745762711864,0.0,0.0,0.0,0.0,0.0,0.0,Aradhya Garg,2841.0
17.898381042440384,190.27854587494983,-60.81397778293509,-15.238287154928628,-11.274238840649378,3.996363636363637,-3.9829353602108903,-35.40072686754002,-10.68609399143023,11.771940795460427,0.20669999999999997,0.3748,18.3,0.07660000000000002,0.0191,0.01706361696665044,-0.07360048660954611,1.4213575059744223,0.7648824789087841,0.9048484848484849,0.8696416584170527,0.5769741456275769,0.6002275045651508,0.38863246897614145,0.5795838834348771,0.9254128295946478,0.8707201889020071,0.9057943742610698,0.48511548255872816,0.3109859571890529,0.5292549377516373,0.8037377034787738,0.8109470244690241,0.008429752066115691,0.0,0.0,0.0,0.0,0.0,0.0,0.0,Aradhya Garg,2841.0
16.41928512623751,142.1492993995477,-54.235322552284444,-16.77278021725899,-11.300090224243055,4.0,-1.9482894060076297,-31.001385905943142,-10.831837602099817,13.619060803268184,0.22080000000000002,0.3184,19.2,0.06420000000000001,0.0036999999999999997,0.1031941110082999,-0.6407848722931707,1.3081266580579787,0.49305568984068693,0.8661819453532186,0.6475508436361679,0.5929040216476039,0.5459037576338138,0.5414201550623796,0.4930579663735445,0.8625496665242421,0.8987969203469177,0.925533357997287,0.552251614764147,0.38490290585576076,0.47358717493669894,0.7715720390601419,0.743105107767107,0.00847457627118644,0.00084745762711864,0.0,0.0,0.0,0.0,0.0,0.0,Aradhya Garg,2841.0
18.156230710793118,157.92510200624616,-67.23098577070698,-16.96639096832784,-12.989849566432312,3.9953846153846158,-4.808464718561562,-37.65396991327766,-10.958198548223656,12.15050332873145,0.2219,0.3409,17.9,0.0754,0.005300000000000001,0.2255672858147751,-0.40069198555568714,1.5351953198438135,0.5180972037535556,0.9208113804004215,0.6957149879403279,0.5416736031209999,0.5951914120835852,0.5883385447347133,0.5638111770026581,0.9124655095035106,0.8321790009400628,0.8419286372898933,0.5029879113895358,0.42002473286191694,0.5282388138518076,0.7020451858041528,0.7241469907620337,0.0,0.0,0.0,0.0,0.0,0.0,0.0,0.0,Aradhya Garg,2841.0
18.930737833932845,179.96540281530503,-56.069793106298334,-16.408542162163215,-10.90626954623756,3.9981132075471697,-3.653595301671934,-31.356833420867304,-11.453668510630624,13.71100262772514,0.2242,0.28870000000000007,19.0,0.1079,0.028300000000000002,0.069086126587495,-0.34222116337909636,0.8610327790702774,0.6967869768453545,0.7765607951283596,0.7526268152283812,0.71423797093319,0.4372085152598501,0.5261375516723266,0.5214218802360966,0.6927905211824654,0.7707486026436187,0.7187687098084178,0.4716361450389234,0.28423520882430486,0.4736584932405793,0.6863171087127846,0.6934394488588398,0.0028169014084507,0.0,0.0,0.0,0.0,0.0,0.0,0.0,Aradhya Garg,2841.0
20.117528307541892,172.88107385066624,-56.74685589651212,-14.534978809435334,-12.510128976089558,4.0,-5.8468337746191015,-29.854794199359418,-10.327053886632692,12.326933749623965,0.1857,0.42560000000000003,15.4,0.0316,0.0021999999999999997,0.07688252618959143,-0.707548209640601,1.9308032949337295,0.636452895352036,0.9216717222783958,0.8131162429582552,0.6149706768627395,0.6700903090842424,0.8126113762375138,0.5939683727967348,0.8873081182383509,0.8084837979681255,0.8612202913365703,0.8177437388193202,0.7577355072463768,0.5058853478001607,0.8382712215320911,0.8333044672718586,0.0,0.0,0.0,0.0,0.0,0.0,0.0,0.0,Aradhya Garg,2841.0
18.209430490732437,152.17154205541425,-73.47837108625724,-17.041883790174772,-11.616109841754373,3.9988888888888887,-5.570493904293657,-45.36977362367893,-11.635964459275005,13.7569656440306,0.20269999999999996,0.3256,26.3,0.05419999999999999,0.0079,0.34397353721270135,-0.6365963178635686,1.3207716875120092,0.5152528140024643,0.8668418510636846,0.6055329771600169,0.45470299016475735,0.38050882351663395,0.5575911138740496,0.4546035030908303,0.8661566252895812,0.7136674026583575,0.7253107889309549,0.40163193851182194,0.5905099375276427,0.590383615567439,0.6583248074248828,0.780256078976213,0.00075187969924812,0.0,0.0,0.0,0.0,0.0,0.0,0.0,Aradhya Garg,2841.0
19.15737747009497,173.98830091350737,-58.746614275191575,-15.433995597234556,-11.483357558587548,3.99369048762932,-4.821762071429104,-33.17009860124784,-10.690852966737474,12.85976203241562,0.2208457655636568,0.3856186203028603,20.54122265844083,0.0661205832865956,0.0086752664049355,0.1106417354368984,-0.3421267795498269,1.3380288192952636,0.6401373023130439,0.8911074857155129,0.7854698670448464,0.6112957164795563,0.5521900092999528,0.5386146859985877,0.5105045209481892,0.8687996023702702,0.857658209310893,0.8322555396749601,0.6248404995399126,0.4358500826830461,0.5470624448858832,0.7405566090297269,0.8066196803728726,0.054083850032245,0.0386618108787688,0.0208199529008776,,,,,,Aradhya Garg,2841.0
19.97010282848998,189.9369253247042,-50.543233727972805,-15.102901736649349,-10.786287444909416,4.0,-1.8068907408122041,-28.818185281009658,-10.287332100181526,12.25836357558935,0.19440000000000002,0.42539999999999994,18.3,0.049600000000000005,0.0063,0.22206389743452837,-0.2356195716107697,1.2473945585244821,0.8407676889640182,0.916,0.7625125365899343,0.5745857309701519,0.518727647381707,0.45438467899969404,0.5980602243023831,0.9313443310794494,0.9739837398373984,0.8815626309265658,0.7083446470314916,0.38384696707095406,0.5851867938504098,0.7064581104640276,0.9024229252193512,0.0,0.0,0.0,0.0,0.0,0.0,0.0,0.0,Aradhya Garg,2841.0
19.05284897068575,175.8736378103474,-58.80054431516696,-15.746517522802915,-9.990993633702576,4.0,-2.7377426084234218,-35.88671053361725,-10.932337402947885,12.493757386327081,0.22560000000000002,0.42140000000000005,20.0,0.0596,0.014500000000000002,0.2935602955922306,-0.3208883890551243,1.3175856053834472,0.6364241154036626,0.8809241899025629,0.8096544712737904,0.6272970362816047,0.6008624983362989,0.37029567159454635,0.4675982324289829,0.9264946209096859,0.8925918300010324,0.8519630872483221,0.5329909326702247,0.36753634383005224,0.4206644103150591,0.7782353190511045,0.8095106502469054,0.0038036303630363004,0.0,0.0,0.0,0.0,0.0,0.0,0.0,Aradhya Garg,2841.0
16.60837337445212,158.66783923090352,-63.118408521865966,-16.694335725024665,-11.737385185863484,4.0,-3.2134123284881255,-38.08685587095713,-11.1225078471035,13.736088435570938,0.22880000000000003,0.30760000000000004,25.2,0.0815,0.0029,0.27600201602921764,-0.1882714363857918,1.2436765290627838,0.5719606131288987,0.8502133195584382,0.8703842940685046,0.4892876272432125,0.4905562292342351,0.48683066192732916,0.4057521607618323,0.7248672592587107,0.7073878470287185,0.723799534769804,0.5420830453277575,0.46600497120836615,0.5667239936413817,0.5832376072229329,0.8091289315631421,0.01231271357413479,0.0,0.0,0.0,0.0,0.0,0.0,0.0,Aradhya Garg,2841.0
18.16083973489446,158.7663743498264,-54.29711950196751,-15.798953869268711,-10.50375863413888,4.0,-2.893804444302945,-30.78606690541473,-10.976255554655104,12.661719905812859,0.2173,0.3614,23.6,0.0786,0.0092,0.13588814601708155,-0.39790404668965385,1.1386972884214264,0.523566267862223,0.9228460176991151,0.7074703635377708,0.6215062593625829,0.6259661047240257,0.5587821854917159,0.4813387607520184,0.8539143519087412,0.9054584145433326,0.849376423760795,0.550827270599265,0.48244949308247553,0.3846562199547292,0.6286835785224266,0.8070826672772823,0.0066544566544566395,0.0,0.0,0.0,0.0,0.0,0.0,0.0,Aradhya Garg,2841.0
17.032017130214832,159.91449445808786,-65.88304269286262,-16.372599867348946,-12.775843231405723,3.996808510638298,-5.499174162779665,-37.52772281269128,-11.102471379448826,13.397960250173517,0.19779999999999998,0.4640000000000001,23.2,0.0441,0.0048000000000000004,0.18394788058384087,-0.23723730830897324,1.4448629973772706,0.5314988748470165,0.869240479016075,0.7559071450483894,0.6665768773306544,0.6304868608774317,0.40570430976192806,0.51022247512162,0.8419534788667313,0.6891432947775058,0.85601173377477,0.6041987900700414,0.3724368872814184,0.4910995953321711,0.8887697511656809,0.7197171314989133,0.0015845464725643798,0.0,0.0,0.0,0.0,0.0,0.0,0.0,Aradhya Garg,2841.0
17.738969086542205,160.96300983190557,-57.59798848239133,-16.183679710565293,-11.199751951769652,4.0,-4.38400363277677,-32.39984661611325,-10.946934356319526,13.516227785153172,0.2185,0.44580000000000003,21.8,0.052500000000000005,0.0013,0.07684756527899272,-0.1756071374848135,1.400991956703537,0.6306103850022492,0.9380711186568572,0.6833336162001266,0.5500072018376272,0.5523822336746935,0.5681530447215508,0.31996784543776385,0.929118104118104,0.8273984463626602,0.8226742159327596,0.6493593114843822,0.47335414966711814,0.3991936720407879,0.69808604430518,0.8582154541365068,0.0,0.0,0.0,0.0,0.0,0.0,0.0,0.0,Aradhya Garg,2841.0
19.34295817295361,185.6257261940645,-69.17174920747836,-16.07678320167187,-12.319105018150564,4.0,-5.245553011565671,-40.81748954596351,-10.677433324835675,11.96461489470894,0.2226,0.40309999999999996,21.6,0.08349999999999999,0.0027,0.13837462464259612,-0.3951055288633218,1.7226693729810911,0.7150310710092093,0.8680511064226559,0.841899684381648,0.6715585767232738,0.37070065044644424,0.5862622209631837,0.5654306022543806,0.8844862733468432,0.8806168161340574,0.901938810814373,0.5879048657911741,0.5473232300061077,0.6088630275293838,0.7295417722908268,0.8176515623587848,0.00793650793650793,0.003968253968253959,0.0,0.0,0.0,0.0,0.0,0.0,Aradhya Garg,2841.0
19.41251010809765,173.0409460042287,-57.53762621395485,-16.567844107930124,-10.616993228404747,4.0,-7.156590119234167,-29.449395219165787,-11.146768617804897,13.399965078584884,0.2293,0.3769,20.7,0.0671,0.0021999999999999997,0.3686318823904799,-0.34441366929154243,1.4075368411927136,0.5974655147028474,0.9303278688524591,0.7772805924284346,0.6592566418342051,0.6791272737360008,0.4406719362105826,0.4063485933830432,0.8758466449258219,0.6829311780449148,0.7598860132876732,0.7646005594789903,0.3066387532952751,0.5943831122515157,0.8009567606116293,0.8435685828769396,0.0,0.0,0.0,0.0,0.0,0.0,0.0,0.0,Aradhya Garg,2841.0
18.763312735823042,180.95547173297373,-52.55586440720176,-14.190742567466577,-9.947448252579836,4.0,-2.9377829837209264,-30.51486304378248,-10.692469086979425,11.727441527327489,0.23529999999999998,0.4161,19.1,0.0717,0.0073999999999999995,-0.020967780313289528,-0.04762127223609246,1.1432997050865328,0.7397250342135211,0.8452251552795031,0.8327159399740044,0.5474218124003776,0.6177854770496378,0.5704876475577119,0.7012542740596129,0.7778646909180699,0.8856096151856823,0.6891683176570975,0.5296943691156873,0.37979633544762137,0.7770162808206287,0.7818039837675181,0.8498251748251748,0.0141025641025641,0.00641025641025641,0.0,0.0,0.0,0.0,0.0,0.0,Artem Bardyk,2922.0
21.046127547630196,179.50163069164486,-54.8201185874925,-15.532114444805945,-11.848961812090849,3.994871794871795,-4.517725574635092,-29.016762678714144,-11.010278128376502,13.11085225625823,0.2239,0.4079,19.0,0.05890000000000001,0.004,0.22535705636175027,-0.418106122203196,1.2024235958344618,0.6200800923940026,0.9705128205128204,0.7601688934302111,0.5481620571319523,0.5505950414998338,0.5163233021756551,0.4774510535611361,0.8447902870697369,0.8504952926517981,0.825304382833459,0.3647276193742462,0.5137400195666588,0.7292937868619973,0.8021446272412411,0.9629999999999999,0.00059171597633136,0.00236686390532544,0.0,0.0,0.0,0.0,0.0,0.0,Artem Bardyk,2922.0
21.68850582675192,195.50632033038974,-64.76218740546295,-14.957610133990723,-10.870726800151457,4.0,-4.691868041978742,-39.057503468543686,-10.48491372398691,11.300434763188562,0.2569,0.3317,15.6,0.0677,0.013000000000000001,0.2247141564992022,-0.22412657695075433,1.1131704755885763,0.8196240982757139,0.9083723987679363,0.70066979042424,0.82558348520236,0.5983823044908598,0.41822590249696123,0.5946417357705676,0.7908655737966083,0.9776018099547512,0.8213844387373799,0.5996222689871805,0.3459649813001969,0.7339446698219518,0.9068983957219252,0.7991006154596418,0.0,0.0,0.0,0.0,0.0,0.0,0.0,0.0,Artem Bardyk,2922.0
19.06138873050975,166.58364233658017,-63.13158322797288,-16.343761598830785,-11.742086697499794,3.9964285714285714,-5.7174255170290005,-36.88372313727068,-11.104296080281838,14.663281231510643,0.2351,0.3781,22.9,0.0511,0.0053,0.08463215394295369,-0.17434764725811636,1.3838447262125617,0.6141543718847089,0.8706242350561887,0.824780422199917,0.4499385276715902,0.5548344121899442,0.31314086228819404,0.5183499084445491,0.8378520394699531,0.911440483276382,0.7589180147934868,0.5125214442705146,0.49816558532335586,0.4567516585267091,0.7270042676621624,0.8529879020689215,0.0,0.0,0.0,0.0,0.0,0.0,0.0,0.0,Artem Bardyk,2922.0
20.000277794125918,188.52402864230038,-67.21230140835152,-15.763233612151575,-12.428646338341963,4.0,-3.790764126203256,-39.025850992280546,-11.535800854288553,11.331994514914356,0.2028,0.3208,26.6,0.08109999999999999,0.011300000000000001,0.11373588545161015,-0.20313877163768734,0.6740015579080516,0.7211532523102534,0.8207463291482935,0.7834030650125825,0.48866126811276034,0.5172322847204895,0.669386755950138,0.4827814185691091,0.8695346368389278,0.7829443307691595,0.779166898872342,0.43177787795660744,0.22074601964406887,0.5708947277103791,0.7813665944446123,0.7877648996644462,0.00830055608300556,0.0,0.0,0.0,0.0,0.0,0.0,0.0,Artem Bardyk,2922.0
18.00200139755864,163.34645680846228,-54.567222016286564,-15.886233468744019,-9.327144285526199,4.0,-5.353916613777853,-30.777356989879575,-11.323052909332295,14.100482250973386,0.23199999999999998,0.38070000000000004,22.2,0.0803,0.0237,0.18573212793301813,-0.25814248023652786,1.1314932174609076,0.5785818298971219,0.7912401685536906,0.6987123252043419,0.537120702691492,0.5579680475597345,0.4026189900560359,0.49598124297628654,0.8119336155509028,0.7772043635624362,0.6899151162902546,0.45506427208725314,0.3704411768839999,0.6749772640007472,0.8803608724979763,0.890538724290535,0.01516853932584269,0.0,0.0,0.0,0.0,0.0,0.0,0.0,Artem Bardyk,2922.0
21.024097222879146,194.61227843382505,-49.877669901796004,-14.235859667193958,-11.016681494300421,4.0,-3.764935017158834,-25.471138623053974,-10.09495530820208,10.705900208113263,0.2359,0.42540000000000006,14.8,0.0873,0.017099999999999997,0.05976243905942615,-0.17073519163763065,1.1223636936951142,0.8323534798534797,0.9155822328931572,0.8847390391784995,0.5436730066566197,0.647079170279308,0.5910027399337588,0.775944116858751,0.8481750392464678,0.9760989010989011,0.8561398887973773,0.45967914253678355,0.42624266414001416,0.7492791732077446,0.8373222365869424,0.8858778825373455,0.0,0.0,0.0,0.0,0.0,0.0,0.0,0.0,Artem Bardyk,2922.0
16.833391964316906,146.64658800961382,-55.75405621286991,-14.135169113328837,-10.621156944369664,4.0,-7.477761633441382,-31.013580341676384,-10.910980146038256,14.404591965984618,0.23220000000000002,0.41080000000000005,22.8,0.056299999999999996,0.0,0.064589314402121,-0.2558311071742223,1.1373099303999759,0.48850059029474985,0.8115781473747937,0.8419773883656809,0.4520841304085681,0.5770334312866019,0.5227766949384993,0.5669731730490931,0.8850995337999104,0.9232425377647739,0.8299383352373312,0.6108109819040863,0.32193816329525715,0.5750601374573495,0.7913385604767471,0.7458603052335774,0.00486496485386607,0.0,0.0,0.0,0.0,0.0,0.0,0.0,Artem Bardyk,2922.0
18.31694311673109,177.8381228977344,-67.26899852556684,-14.945915894173137,-12.983538638219766,4.0,-6.222240245487612,-39.13461389101095,-11.12004725893071,13.137357402255338,0.1955,0.4686,21.9,0.0712,0.0,0.19488102079366348,-0.4572687232287758,1.3542376971141237,0.7059074231823419,0.8114207895016768,0.7910899781166798,0.5396520922893859,0.38833633903147513,0.44598745571092324,0.5150435087207956,0.7913701895480418,0.8021844532523469,0.8469588593216535,0.604989025450837,0.3877747973153735,0.3858243559524767,0.8214207391150998,0.8548937048503612,0.0,0.0,0.0,0.0,0.0,0.0,0.0,0.0,Artem Bardyk,2922.0
19.86365380250144,175.34750730885793,-70.71929212935558,-14.588274516025143,-12.89103652108125,3.98921568627451,-10.12041584498531,-39.45080479710992,-11.009278131967317,13.35130199553885,0.2163,0.44250000000000006,20.1,0.07120000000000001,0.0,0.14883617076563188,-0.20277732480981386,1.5063726495271212,0.7176354238860425,0.7511194133817679,0.8175900321748408,0.5409446953202504,0.46307617456101646,0.4388413033549388,0.5857795261785588,0.7532169004977651,0.7202375450591808,0.6194231330325537,0.5112877945492127,0.42390114040836896,0.8694608789733899,0.8152477346695225,0.8046847839896435,0.0,0.0,0.0,0.0,0.0,0.0,0.0,0.0,Artem Bardyk,2922.0
18.214964656815347,177.79668733570858,-60.15786572297162,-13.705691646919561,-11.35050878420476,3.989182692307692,-5.021845499733227,-35.97024038565379,-10.43701147939542,12.338249380627438,0.23679999999999995,0.4436000000000001,19.0,0.097,0.0149,-0.024960066497819223,-0.4239754090553129,1.002178682629596,0.6918901873516605,0.81684061365102,0.691548576829889,0.5710176751505364,0.6713835386786206,0.584671478068075,0.6381884971763803,0.8928423785765196,0.9164112615823236,0.8466895945584471,0.44842173741227437,0.4720080730566619,0.6578091628020352,0.6935034660723535,0.721736332883874,0.0,0.0,0.0,0.0,0.0,0.0,0.0,0.0,Artem Bardyk,2922.0
18.92938238954569,157.0136965307239,-56.96047731354696,-15.899964747244814,-11.829011139279668,4.0,-3.35656232328002,-33.19348203028076,-11.061873881916423,14.380416808454731,0.215,0.42749999999999994,25.4,0.0491,0.007600000000000001,0.23486684180556136,-0.0896196385817704,1.6685945805063582,0.5221389175860666,0.8893068089497838,0.7970727094217755,0.41270372635635144,0.5140206441451266,0.36057370968602254,0.5700734113903859,0.8381954213847042,0.8966403905558838,0.8180419045893614,0.4784916577769195,0.5222584645381617,0.6953013813228941,0.8143935833645779,0.8561501144774397,0.00584795321637426,0.0,0.0,0.0,0.0,0.0,0.0,0.0,Artem Bardyk,2922.0
16.733688781092816,151.00001805867328,-55.788758983134315,-14.676123420586785,-10.890656619967709,3.998979591836735,-6.079003599534934,-31.580516804144263,-11.051705496221292,14.490267365483934,0.246,0.4032,19.2,0.0678,0.027800000000000002,0.4647908843716421,-0.47932436813576074,1.0491776401463448,0.49784810723108225,0.7175208112570541,0.8313879937898913,0.42301687707518115,0.5439193769093471,0.5743963254353474,0.515845238654274,0.8165036386763141,0.7412136785235186,0.6048090807442914,0.42903424834707565,0.4693581297531419,0.711511478228883,0.8318797792069681,0.8612236559139784,0.00961290322580645,0.0,0.0,0.0,0.0,0.0,0.0,0.0,Artem Bardyk,2922.0
18.339483302357444,166.41120262717828,-56.56966472757002,-15.807175555184708,-10.098971904755931,4.0,-3.931102249200076,-32.047430033258124,-11.058390126463925,12.373405141292727,0.2016,0.3681,19.8,0.07959999999999999,0.0021999999999999997,0.10466912597318775,-0.4253424049253568,1.2075247955705621,0.5715143473704395,0.846081081081081,0.8690848678348679,0.5053794497863607,0.678621555076157,0.5066363578562304,0.5370064032646993,0.8264921213285088,0.8056523354952674,0.9414137214137213,0.2996132041021257,0.44069263255174124,0.6153406821273313,0.6473595847074032,0.7507720280880931,0.0013157894736842098,0.0,0.0,0.0,0.0,0.0,0.0,0.0,Artem Bardyk,2922.0
17.41502696995908,166.4410857059334,-55.987502315716235,-15.085463843887922,-10.721216429606018,4.0,-2.776941828803151,-33.67248333758871,-10.483726596258544,12.752329720428108,0.2285,0.36219999999999997,23.9,0.1024,0.006999999999999999,0.13475220535592364,-0.22105584301738052,0.7163899630978677,0.6247895422422534,0.9109808893561754,0.9043099476504548,0.5323104552816085,0.4409542406314131,0.39868275505547157,0.5223260133225134,0.8276666328626707,0.678131362211463,0.8008903090228721,0.46505406124606985,0.2845304458044219,0.668095941511026,0.8650867442954597,0.9118808228433254,0.0013513513513513501,0.0,0.0,0.0,0.0,0.0,0.0,0.0,Artem Bardyk,2922.0
17.348670839825438,176.7085286214751,-54.189403407691636,-15.360432668686377,-10.287385392556876,3.996296296296296,-3.4523210580344275,-30.600707831342085,-11.33050031519629,12.845647561828113,0.22480000000000003,0.4665,21.8,0.1365,0.023,0.15173828326243208,-0.3064589451787644,0.968394432183528,0.7101429145611524,0.7770306926608139,0.6991302058162663,0.6231058452965137,0.5685185626433593,0.2620307406053717,0.5259839073670161,0.9518149882903982,0.9065330488458775,0.711320266776136,0.6357490322244488,0.2590059815664708,0.49359245526113715,0.5529809834245126,0.5997231685486869,0.00232427576914439,0.0,0.0,0.0,0.0,0.0,0.0,0.0,Artem Bardyk,2922.0
20.02443268238474,185.07095448153692,-54.98503683173781,-15.010092555172454,-11.167212477012688,4.0,-2.9759348106803953,-31.1698760149454,-10.41896014694585,11.757039173018988,0.2455,0.4346,18.6,0.0685,0.0075000000000000015,0.1238230982175473,-0.15865867210694795,1.2720653357638219,0.6777108226438806,0.9204321821338993,0.9315575849822425,0.5177616140583334,0.5024781772604126,0.5771696027049884,0.48917584143438,0.9169927536231886,0.8958739837398374,0.8798325131361018,0.46003829804072327,0.2885739897088529,0.7950990388634805,0.8719821032625911,0.7939284541113809,0.0,0.0,0.0,0.0,0.0,0.0,0.0,0.0,Artem Bardyk,2922.0
18.973567047528885,174.6250287925189,-59.59392645408135,-15.030594700505851,-11.356871059515672,3.996439070593056,-5.274893337811573,-34.07684076431257,-10.689466520379248,12.838300857850516,0.2244183733177296,0.4145418373317729,19.45640725570509,0.0739327091866588,0.0099098888238736,0.1095748383624183,-0.2897666655267171,1.310575911984854,0.6515214233989864,0.8658861149685148,0.8100167271002543,0.5577920995970614,0.5735714947173308,0.5092004968212271,0.5348512177290783,0.8608937664644107,0.8539033695392362,0.8167171641417208,0.4971906375650041,0.4187064995486942,0.6637219400459502,0.776717777314714,0.8202171853487186,0.0716892206549656,0.0429028693870542,0.0521306406416078,,,,,,Artem Bardyk,2922.0
20.01139732910536,188.12538831685606,-61.09428784582086,-15.021172694657187,-11.698939980569548,4.0,-6.608928731719257,-34.867588309935044,-10.174450836172483,13.276792707232664,0.24500000000000002,0.3085,16.8,0.09110000000000001,0.0116,-0.02302032030056732,-0.17844316237915228,0.8433052760538334,0.6532679454460039,0.9380630397471871,0.8062874191118465,0.6285145486002481,0.5641236171260073,0.5290793360709981,0.5907538921506277,0.7954509578196726,0.7888992616578825,0.8906167008218514,0.42389764989577616,0.3613903220403271,0.6493400683419327,0.7298930695925986,0.8615024418174618,0.00610687022900763,0.0,0.0,0.0,0.0,0.0,0.0,0.0,Artem Bardyk,2922.0
18.02528509544294,174.21471499104473,-63.063694670211405,-15.37426500134313,-11.603799085801274,3.9967032967032963,-7.503875506224166,-34.461934406507616,-11.481736759856062,13.365212792817527,0.21959999999999996,0.449,22.5,0.10950000000000001,0.013900000000000001,0.2670417603604881,-0.20774813212284232,1.5570700733808847,0.682543724663795,0.9148566142460683,0.7766032857003264,0.49879606258427867,0.6131065391956892,0.5272245063695299,0.5164207221208712,0.886158507069581,0.8467940332821998,0.7517167474425813,0.5121194619475063,0.3734984635496792,0.6866832150856331,0.68237951525062,0.829985558193316,0.00161583387410771,0.00149253731343283,0.0,0.0,0.0,0.0,0.0,0.0,Artem Bardyk,2922.0
19.481050901301632,183.559465956857,-76.09828463308585,-15.645169330518694,-13.807252076570176,3.9824660103141114,-7.603218278329818,-42.26296299485686,-10.943508384701579,10.181360421577166,0.1911,0.46769999999999995,22.0,0.052000000000000005,0.0038,0.18193546136193797,-0.21786137504353822,1.4783247956656669,0.7359993235904321,0.8273954572784739,0.8868526943686181,0.7829801829602389,0.670423501235863,0.5056997069536447,0.388242812384153,0.696711503140871,0.747784666570974,0.7849602710610072,0.6378554602658022,0.35924504797765683,0.8000169559240524,0.7834968563104645,0.923015331812777,0.0076473950677772295,0.0038216560509554097,0.0,0.0,0.0,0.0,0.0,0.0,Artem Bardyk,2922.0
18.06204757679467,172.29972394679118,-60.412738638428245,-13.869334642504338,-10.33372396254207,4.0,-7.496627560299759,-35.4742848026446,-10.058391794727857,12.819624124290375,0.20190000000000002,0.37089999999999995,23.5,0.06580000000000001,0.0068000000000000005,0.15191255223036618,-0.06762885128869539,2.127660558247589,0.7056441776710342,0.9815789473684211,0.8061723448822745,0.7116747399947613,0.6471850348695207,0.3226122937394867,0.531295227532765,0.8745915417941372,0.8637476850870126,0.7933220265689018,0.6211624985761477,0.4790130774983451,0.6181161925688905,0.8005058953376608,0.8175606030590814,0.0,0.0,0.0,0.0,0.0,0.0,0.0,0.0,Bogdan Daniel Deac,3173.0
19.451826753301237,180.84435892193684,-55.59546489230546,-15.422152938404636,-10.9343762093511,4.0,-4.2883741494752226,-32.3367938879745,-10.184146224019445,13.570378516919439,0.2222,0.37140000000000006,20.5,0.04340000000000001,0.0088,0.10837803069402305,-0.1421227880847346,1.3576288686695008,0.6820741652522799,0.832506349999156,0.8315593720005484,0.6413577735387286,0.5862083060497953,0.5448238756606838,0.6530941470248142,0.8297912709082874,0.8291971678557818,0.8689048878440591,0.6376877934568765,0.30050307336736104,0.3138916046504595,0.8620712906958146,0.7822521684947267,0.0,0.0,0.0,0.0,0.0,0.0,0.0,0.0,Bogdan Daniel Deac,3173.0
19.42327090668784,177.2094939817946,-58.132783178167834,-15.25601697954016,-10.780757589342958,4.0,-6.331326073198892,-31.33376913021572,-10.280924085918791,11.85001068004869,0.2177,0.44980000000000003,19.0,0.0689,0.0251,0.05112054016060745,-0.1797854719271718,1.6306114898450392,0.6449960145302917,0.8686320476651648,0.8373621665448289,0.7127354405903884,0.6549029546123425,0.5499650092516676,0.6131096786054027,0.8972802261449871,0.9013419640079728,0.9329073441485342,0.6469151077482401,0.44846340559813774,0.4966674775000196,0.7856507652756608,0.8833752411341494,0.0,0.0,0.0,0.0,0.0,0.0,0.0,0.0,Bogdan Daniel Deac,3173.0
18.33121673210071,162.53227398426694,-53.01183988138215,-15.10196987529713,-10.150839913568577,4.0,-4.352026694899548,-30.527378502786444,-10.331187867389563,13.451562972559117,0.2283,0.47109999999999996,22.3,0.04259999999999999,0.0049,0.2022263553972939,-0.11581251347999702,1.9769245622725733,0.5462331193635708,0.8567734738867714,0.8162871300789668,0.5020569170904595,0.5196210902916193,0.5299569969116992,0.5890726733380754,0.7853381114476256,0.8945391895287207,0.8382780454102349,0.7199530023671714,0.4734142713609971,0.5634868646661269,0.6073710667242922,0.7291463662203241,0.0,0.0,0.0,0.0,0.0,0.0,0.0,0.0,Bogdan Daniel Deac,3173.0
19.98051399314168,171.23328394434407,-58.488986803331684,-15.362817165955121,-10.624882071136017,3.9867924528301883,-4.72539495813478,-35.61846738710849,-10.171779860785316,14.027562186957852,0.22240000000000001,0.4734,14.6,0.028500000000000004,0.0049,0.22288627527671573,-0.36701862634698124,1.6048544457447356,0.6967291149763841,0.9021069182389937,0.735244176713475,0.6403542705777066,0.5449976300257664,0.4951006744398832,0.7510934667834508,0.901944158125886,0.9294273976663913,0.8873899371069183,0.7521707150873818,0.28504262341486875,0.6033874358225796,0.8530224867724868,0.9230463325982194,0.00583333333333333,0.00583333333333333,0.0,0.0,0.0,0.0,0.0,0.0,Bogdan Daniel Deac,3173.0
21.697391226156263,187.30724544287838,-52.21743253526618,-16.334368626199826,-11.23645306205046,4.0,-4.040767382264983,-26.000687842526,-10.753537671307424,12.14838204908251,0.1974,0.4974,18.7,0.027600000000000003,0.0021000000000000003,-0.00437168111742976,-0.1977342313159733,2.697742800324352,0.6545120041288427,0.9677083333333334,0.8461540213430505,0.8342535646901593,0.6904081994339915,0.6056404182083275,0.6937848018951924,0.9699856527977045,0.8723289145260509,0.9339779747515445,0.8636003190523389,0.5681097801769134,0.5635219754999848,0.8988294220437659,0.8123130400673467,0.00176991150442477,0.0,0.0,0.0,0.0,0.0,0.0,0.0,Bogdan Daniel Deac,3173.0
23.012704448660116,208.78861106419055,-54.5993864931859,-15.028453062145124,-11.35942140139732,4.0,-5.138500025597827,-29.39321467621471,-9.669573389892069,11.98977606206115,0.2205,0.483,18.4,0.0368,0.0103,0.1868776815722391,-0.21424241558938645,1.7879701866532502,0.8599849425936383,1.0,0.8649149291487388,0.7573773165681967,0.6435774295523581,0.563577398437136,0.6209239079677348,0.8623183942121871,0.8037106086532724,0.9246374063892311,0.7493882466878302,0.5553241438701979,0.5042894612910402,0.9096349206349206,0.8571351007756368,0.0,0.0,0.0,0.0,0.0,0.0,0.0,0.0,Bogdan Daniel Deac,3173.0
22.356270011164984,191.92910108485086,-65.24239353179112,-15.308303400751106,-10.325948285944303,4.0,-6.805748653079858,-38.11170167635723,-10.708207666139742,12.017516150481109,0.2136,0.5433,21.6,0.0625,0.004399999999999999,0.10779103551460827,-0.35338240944416155,1.6288193908418758,0.686084803937187,0.9053511705685618,0.7348116387641057,0.5947572468847995,0.5292105258012897,0.5796330480480707,0.7158966928978676,0.9151717776260551,0.840211090418203,0.7800200156558589,0.7739133474883392,0.6667944509460197,0.3761857285146127,0.6292434197971287,0.7274632615599173,0.01941838649155721,0.0,0.0,0.0,0.0,0.0,0.0,0.0,Bogdan Daniel Deac,3173.0
20.034498076505912,186.2012864608373,-59.1667813921588,-15.495757478047498,-12.060357437526179,4.0,-4.434394024108906,-32.18353530251172,-10.274113794203263,11.28137664423876,0.2354,0.3936,20.0,0.0787,0.008,0.2178994807728904,-0.4514586461414353,1.895766069467309,0.7531250381474099,0.8162545101015397,0.827151004857862,0.6729541908387133,0.609471980000911,0.5157055743829839,0.5568427536541924,0.8465212759761831,0.8904632002562767,0.7695027876726954,0.735051345530702,0.4353649549536807,0.4586206605464068,0.802312807490045,0.952139539768484,0.00707964601769911,0.0,0.0,0.0,0.0,0.0,0.0,0.0,Bogdan Daniel Deac,3173.0
19.650011799796367,167.12421573095136,-59.23791638460332,-15.928695451210922,-10.459562453577968,4.0,-5.385900391762687,-35.15234350384629,-10.326939079845147,14.015524495639696,0.2158,0.33679999999999993,18.0,0.07020000000000001,0.0047,0.2856252544426229,-0.05774907337298859,1.7042197054211852,0.6398839030307083,0.8286206896551725,0.6752427354682491,0.6309228958556728,0.6295614119594616,0.6358162485005792,0.6063063248378783,0.8902984531670335,0.8500512820512821,0.9350804597701149,0.6735644527041585,0.40202307336629506,0.3426430669540465,0.8105363796091268,0.8706585045243335,0.0,0.0,0.0,0.0,0.0,0.0,0.0,0.0,Bogdan Daniel Deac,3173.0
17.633262096097354,148.0514323282082,-56.62313543483511,-15.364204015893758,-10.782333109552633,4.0,-5.037726438537797,-32.7653290587963,-10.502117083933205,13.828574271878576,0.21459999999999999,0.4321,23.2,0.0329,0.0058,0.2621372476481393,-0.22089707094504693,2.113868586396896,0.5271549308511161,0.9269080032031655,0.7748358521008677,0.5496276370242346,0.43776667717434525,0.43130619455867175,0.5921635720882863,0.8655919348018297,0.785295921402966,0.7796427240704984,0.8260152240848445,0.5092487058031672,0.35255162182670674,0.7572152173695192,0.8372837330824175,0.00607207207207206,0.0,0.0,0.0,0.0,0.0,0.0,0.0,Bogdan Daniel Deac,3173.0
17.479781612351193,169.46718384157697,-60.78414318154181,-16.9601231549897,-10.994086412093035,3.9981308411214953,-5.680680004770066,-33.45648983144019,-11.27146478685827,13.580570167487952,0.20129999999999998,0.47409999999999997,22.7,0.06089999999999999,0.0,0.2806670316273737,-0.34582193568120984,1.3909243079499807,0.6309294143024798,0.7872169850670713,0.6930188869033338,0.5572307136821463,0.42177023159930266,0.4103689836130259,0.5007773479537835,0.8566349965741644,0.9447135236779491,0.8315511758049148,0.5275228997762005,0.36615725254798576,0.4054409880881164,0.6643974454750916,0.6447448389603467,0.0,0.0,0.0,0.0,0.0,0.0,0.0,0.0,Bogdan Daniel Deac,3173.0
19.991112875758457,181.02651971474006,-64.99294758005091,-13.20820360372158,-11.862746950603984,4.0,-8.41553791577265,-37.4690635532181,-9.903981498285976,11.866585941551376,0.19649999999999998,0.48629999999999995,17.4,0.0573,0.013299999999999998,0.09679837223812096,-0.1752862702984062,1.5062184321720413,0.7603784303706151,0.8779826580764795,0.8130134768350338,0.6123776194254826,0.5682159650492511,0.5984697560351366,0.6093838716547056,0.9088362963199387,0.7968940734443806,0.8525384842035553,0.6817794645120384,0.5440162908636399,0.4480471434974226,0.8729179719821296,0.8573780233688858,0.00048543689320388,0.0,0.0,0.0,0.0,0.0,0.0,0.0,Bogdan Daniel Deac,3173.0
21.68551810807625,214.77399059596732,-62.08353077437572,-16.00066100237099,-11.512525959537124,3.992857142857143,-5.8258357978091215,-34.47479117756136,-10.763591810606176,12.501017830651895,0.233,0.43899999999999995,19.6,0.0635,0.0043,0.1593117316133732,-0.14241758241758243,1.5264601271201819,0.853872108283873,1.0,0.8528159340659341,0.4918460976006805,0.6709036595849539,0.6902009433982335,0.6304737229238652,0.953409090909091,0.9346762787774023,0.8854543332484509,0.7085005763804046,0.32226716867988664,0.4950452966442012,0.7160727745495034,0.7877642370802425,0.0,0.0,0.0,0.0,0.0,0.0,0.0,0.0,Bogdan Daniel Deac,3173.0
18.207810839598363,150.54169420261786,-53.42425432169912,-16.322027008982612,-10.457157031393207,4.0,-5.302438542089935,-29.81893329024773,-10.588372674512952,15.064674225527321,0.1836,0.4196,25.0,0.062,0.0,0.12078097037201489,-0.27334474254707564,1.4457019649745857,0.4823960428673191,0.8851565272976251,0.7755668745448914,0.5315779089862654,0.6087341537807236,0.6253303967199879,0.5166692920473842,0.9390330056651516,0.8845155662969632,0.8875594420673922,0.7225214752669917,0.38770782015767086,0.25484151227220475,0.8078382443137491,0.7799090757080057,0.0,0.0,0.0,0.0,0.0,0.0,0.0,0.0,Bogdan Daniel Deac,3173.0
22.226219996754388,203.52213663164332,-54.24470097362033,-15.928869063072858,-11.347033694141908,4.0,-3.2293634901489257,-28.885317487265933,-9.924096462961048,11.069979223970341,0.1887,0.462,15.3,0.0738,0.0066,0.09598084386750426,-0.2570199805965051,1.7956721606237018,0.7745767201069442,0.8856036866359446,0.8691298813250707,0.7956440796871799,0.7936998251747434,0.5895351299112134,0.6796305744050121,0.9386288145923121,0.9330610561056106,0.9007993085022787,0.8421048388445648,0.2995452691164474,0.6503535535465462,0.9324128466327108,0.9572368421052632,0.0013157894736842098,0.0,0.0,0.0,0.0,0.0,0.0,0.0,Bogdan Daniel Deac,3173.0
21.384599876969972,177.9794643950803,-53.0934545742724,-14.61557118589587,-10.999409289829375,4.0,-6.9699815880270934,-27.067281462377686,-10.125839211082099,12.684628162939713,0.2113,0.45150000000000007,16.6,0.0435,0.0091,0.0986856644229079,-0.4463960798175757,1.875697421293142,0.6277762242339235,0.9514642661555313,0.8617603014196777,0.806732670117088,0.5670206774836124,0.5041485770496102,0.6502670772223936,0.9355871212121212,1.0,0.9433725247524751,0.6560254429305634,0.6538509037504122,0.7770670106199737,0.7723013507273115,0.8038153469006811,0.01125,0.0,0.0,0.0,0.0,0.0,0.0,0.0,Bogdan Daniel Deac,3173.0
19.90340067296861,167.4279748093284,-61.667125908124106,-16.72093198902152,-11.223547900630992,4.0,-5.632434799756829,-34.78995213792635,-10.558518789169502,13.25825970838108,0.1901,0.5085,19.5,0.08149999999999999,0.0132,0.29889345316668375,-0.09987341211817445,1.6949720640110324,0.5314514954458575,0.9259999999999999,0.7876028214683595,0.6264064835372135,0.5341576283529765,0.6389450521288943,0.5842584563144835,0.913002024291498,0.9894736842105264,0.8948424317617867,0.7225982432320325,0.4493768093123432,0.32622242044864336,0.7451766480788327,0.6842284070782165,0.02089985486211901,0.0,0.0,0.0,0.0,0.0,0.0,0.0,Bogdan Daniel Deac,3173.0
20.125210920903235,195.58597637505198,-65.73227636536214,-12.704007362844067,-12.3455591781714,4.0,-7.377801498215791,-39.84420583380364,-9.616270426746803,12.155567934419583,0.22230000000000003,0.4706,18.8,0.054299999999999994,0.0149,0.09463004918710241,-0.4910819087447768,1.5034174782914573,0.7967669531041833,0.9343309352517986,0.7147039912718081,0.6802189949897361,0.600072809185318,0.6249427939523582,0.49446864383711225,0.9431654676258994,0.8638556955853757,0.8808653359002939,0.7574701738697291,0.48560226516466265,0.5504482999702826,0.7325630202197952,0.8295035595461837,0.0007407407407407399,0.00888888888888888,0.0029629629629629598,0.0,0.0,0.0,0.0,0.0,Bogdan Daniel Deac,3173.0
19.562373718523453,185.16845741719786,-64.98607227676575,-16.021142205787594,-10.693056277588765,3.9876288659793815,-8.719399379376819,-35.611773244012184,-10.965848157850646,13.037518121870878,0.21460000000000004,0.382,21.2,0.0962,0.006,0.2980420656325128,-0.287766028599163,1.5893191351891207,0.7797965978651586,0.8105350218338151,0.6039059000595541,0.560959600895758,0.5487546472585292,0.44925331594561546,0.5352275092466802,0.792504396216905,0.7875548648502291,0.8544111562899959,0.5809212574649649,0.5688055318041243,0.4696275472556857,0.7387216703788523,0.786432747874179,0.0,0.0,0.0,0.0,0.0,0.0,0.0,0.0,Bogdan Daniel Deac,3173.0
20.05021983290412,183.509198465092,-58.90263207836612,-15.146736353157111,-11.207130967107648,3.997831018137509,-6.027375464956776,-32.94224195231046,-10.365928133774151,12.78894977480253,0.2150660839160839,0.4329762237762237,20.00244755244756,0.0610580419580419,0.0079300699300699,0.1241627636020416,-0.2578129447229715,1.756428886153642,0.706261539230041,0.8915301977233158,0.7973764826319413,0.6350944920650459,0.5867125242446911,0.5548696184031279,0.5811845441640053,0.8904345504530503,0.8764424077235901,0.8557428393871008,0.6838667862646771,0.4821236719569403,0.5322177382384836,0.7833800034740704,0.8295382252440305,0.0548655341200574,0.0434817019011549,0.0296296296296296,,,,,,Bogdan Daniel Deac,3173.0
17.696460429231372,159.69443388279325,-56.81453391979096,-14.412920726113924,-11.465817192462826,4.0,-7.146423464470376,-31.196958089450966,-10.906899093197818,14.314484645904944,0.2103,0.4652,22.5,0.0889,0.0055,0.1496274927668006,-0.4289821384173524,1.6342897864697885,0.5678343107530807,0.9683756483756483,0.7034131415147362,0.38928650319205277,0.3348954345879303,0.5661411199188249,0.58320470062699,0.7340214258804754,0.7584517043145859,0.8033264804091755,0.7140199337898934,0.3093576774617365,0.5627394545587184,0.7374645606427876,0.6562878892294691,0.00216216216216216,0.0,0.0,0.0,0.0,0.0,0.0,0.0,Boris Grachev,2959.0
19.86125063043435,191.52602297038567,-62.5557621870971,-15.215349070895883,-11.797866216689332,4.0,-6.874323345812331,-34.97215602061196,-10.318261247669193,12.622193714581599,0.2077,0.4586,20.3,0.05720000000000001,0.005300000000000001,0.053662972441493303,-0.45735004788899347,1.6929111944965602,0.7623267937767012,0.9681159420289855,0.7675856057789575,0.6177417072775022,0.47684535069660094,0.509200562777684,0.6598556188435041,0.9350384074434708,0.8980264450996158,0.8407873756166028,0.7690871876468308,0.28517177852066855,0.7797923407745783,0.8024467997471538,0.7329786174546106,0.00181527333426066,0.0,0.0,0.0,0.0,0.0,0.0,0.0,Boris Grachev,2959.0
18.00115138144638,181.67855754562095,-58.89300877700746,-15.828912511137267,-10.575835359004076,4.0,-4.637147732237343,-32.886806843811385,-10.820719766033111,11.856413435215739,0.20860000000000004,0.49219999999999997,21.7,0.13340000000000002,0.013600000000000001,0.19140385889874328,-0.17014089687102835,1.3209138010341646,0.6945989687271419,0.9281159420289855,0.8359100557961728,0.4877581524058006,0.587674942530706,0.515845090728801,0.45792388802936274,0.9090046594584447,0.8219372206472897,0.724464899059205,0.5697642215778503,0.3748193606888264,0.5635442555373323,0.5969832661936005,0.7648121040318885,0.00125,0.0,0.0,0.0,0.0,0.0,0.0,0.0,Boris Grachev,2959.0
19.387166391716196,178.64098129103317,-52.1910779317722,-14.08472770740081,-12.512452582988498,4.0,-0.7984313776873073,-29.792963153390836,-9.781727889612128,10.779224779307375,0.2413,0.4746,15.3,0.10419999999999999,0.0186,0.08565178813874737,-0.19225580803387074,1.488296473895534,0.6167824126438676,0.8481519171817679,0.8886481596929359,0.48135223671028493,0.5623625818834782,0.7025811752931403,0.6489952547407031,0.9158098396904368,0.7400842218225888,0.871315943835698,0.7912822937812767,0.47033411833546734,0.5903258916770968,0.8513828283536082,0.7987453713962018,0.0,0.0,0.0,0.0,0.0,0.0,0.0,0.0,Boris Grachev,2959.0
22.404456227286076,189.11216000605873,-62.65529401106155,-14.25334134249726,-12.258009859450212,4.0,-7.2675446120389235,-34.70670010225636,-10.634414259658268,12.464716164839482,0.2061,0.4708,24.1,0.08519999999999998,0.0058000000000000005,0.1262420132985735,-0.1873092836702979,1.6266535896897114,0.731701357937189,0.7943396901340534,0.8497722775424565,0.6139538156774104,0.6004786292672135,0.6094661930571699,0.6475147730912323,0.8374913428688746,0.7477545030840727,0.7861601078156533,0.6844665392091184,0.6123873690985433,0.5652045540177911,0.8869017821385663,0.9182577609615054,0.00227272727272727,0.0,0.0,0.0,0.0,0.0,0.0,0.0,Boris Grachev,2959.0
19.722834665100372,195.01637628148242,-45.649604217620826,-12.76126971607447,-10.052838664735582,4.0,-5.882991241444127,-23.246668941802643,-9.94734819901543,12.241512545451425,0.2193,0.4992000000000001,20.4,0.09359999999999999,0.0152,0.016103072513089497,-0.40510782155603886,1.7395821207595403,0.8312038400196295,0.9396410256410256,0.7412716044443733,0.5208835600574755,0.44716787658870444,0.5350476996230503,0.6409938044411728,0.8065934160179442,0.89916160883142,0.9232808857808857,0.8179920868605078,0.5517884806355512,0.7136047861055926,0.7193852901484481,0.8255516394360788,0.0,0.0,0.0,0.0,0.0,0.0,0.0,0.0,Boris Grachev,2959.0
21.364209133528654,186.85071726639003,-62.47469281945937,-15.352961708882669,-11.263555205702522,4.0,-4.97810936410536,-37.29109325294389,-10.380436431041021,12.791463143216095,0.21870000000000003,0.5005,16.9,0.054299999999999994,0.0052,0.08415270302675373,-0.5811890438690938,1.873985234970419,0.7724615856626966,0.9615427675772503,0.6449007763258681,0.5768043985491701,0.3836771249681807,0.6030520712249798,0.8490582308978543,0.8051109242987495,0.8121067257105402,0.8924529430146114,0.7768947435701427,0.4350218156960056,0.6922040011001902,0.7766637452527023,0.8410673585869268,0.0,0.0,0.0,0.0,0.0,0.0,0.0,0.0,Boris Grachev,2959.0
17.010757525212107,171.40191627661915,-64.03620972858823,-15.50991667519681,-11.530940863480662,4.0,-3.4235007987660793,-38.102348632028175,-10.992299517025746,11.522796757909237,0.194,0.5421,19.7,0.05739999999999999,0.0018,-0.00832206240737648,-0.3594559185391103,2.203369708376075,0.6341599789075129,0.8770354205136813,0.894285794614742,0.6130737184608192,0.583249817765888,0.392538307636907,0.48826799460748554,0.932032065431275,0.9304998032270759,0.9365663980288487,0.7979037267080745,0.5681325464259459,0.4116751696380353,0.6883270621303593,0.7830037743328258,0.0013157894736842098,0.0,0.0,0.0,0.0,0.0,0.0,0.0,Boris Grachev,2959.0
17.8263105804904,161.97362405052178,-50.24813632093944,-13.372866400182804,-10.44841341213622,4.0,-5.224660624866528,-28.087411485043607,-10.069147104788836,12.954362706078559,0.2171,0.3564,19.3,0.0603,0.0077,0.10769686692816412,-0.43937583808551556,1.4032744168914382,0.5976811565254068,1.0,0.7196527005735035,0.45826036330965136,0.5469939281301986,0.5894125412888238,0.6706597395294958,0.9371222173079758,0.8878125104031426,0.9544632068401169,0.7257383098239985,0.29752733408631177,0.5270528002023492,0.7377617668459574,0.6543059726271899,0.0,0.0,0.0,0.0,0.0,0.0,0.0,0.0,Boris Grachev,2959.0
19.18796762696903,177.1010663233792,-55.57754704182564,-14.803713386158798,-11.200238766094296,3.996529510140269,-5.180613167140067,-30.55007937637573,-10.45687267066632,12.617440814469305,0.2094555873925501,0.454189111747851,19.931232091690543,0.0714011461318051,0.0093037249283667,0.1113815594356416,-0.3019655952125982,1.807564384822998,0.6812549499261837,0.8871094795491435,0.7824116115559036,0.5676556107230546,0.5539023332856685,0.5813794854632939,0.5769044067912095,0.876274159341732,0.8536916915173587,0.8608051355497297,0.72425020402406,0.4497376275899569,0.5896127590769558,0.7735894667388408,0.809452506787955,0.0655823273853468,0.019047619047619,,,,,,,Boris Grachev,2959.0
21.20985968207966,175.64076446928567,-49.107841680704425,-16.04296926044865,-10.440662050262913,4.0,-3.318561352421413,-25.853229364816787,-10.437765310952168,12.985345658197506,0.17539999999999997,0.4925,21.8,0.0422,0.0007,-0.01653972621227354,-0.03487276788695849,1.8315702946614016,0.6997319595982763,0.9345890410958905,0.6777620575577393,0.5796654442327098,0.5191977849281739,0.6835745736416481,0.6562550487863451,0.862573578199261,0.8104770812039025,0.9005510100455053,0.730123331297736,0.4871720060813808,0.6348313752361916,0.5981563088837174,0.6395940152080234,0.0,0.0,0.0,0.0,0.0,0.0,0.0,0.0,Boris Grachev,2959.0
19.11058216226722,190.55809672421302,-51.51817413627715,-12.844220883949239,-10.331695428058207,4.0,-5.963604967446224,-28.99698928555041,-10.105384448347097,12.723720877074015,0.23240000000000002,0.48719999999999997,19.6,0.0882,0.013500000000000002,0.07958186964553687,-0.44838079088503535,1.9784790508984056,0.8204790720115798,0.9845454545454546,0.7336791271577466,0.610428519052694,0.5366846758184913,0.717182805277955,0.4827586399857141,0.9366492705142526,0.9100383755970018,0.8757789900585005,0.7620197918500328,0.5535377197358544,0.5698224944117581,0.8087013505027667,0.7661336640525025,0.0013157894736842098,0.0,0.0,0.0,0.0,0.0,0.0,0.0,Boris Grachev,2959.0
17.43547020134626,148.97584964567176,-60.2391613661703,-16.11912571757841,-10.574844605228387,3.9871212121212123,-6.7940620359070225,-34.211358622645434,-11.244578974667535,14.71768737773528,0.18580000000000002,0.26630000000000004,26.7,0.09570000000000001,0.0043,0.038399835097970195,-0.4028203158232514,1.2902338738362549,0.5545317877007317,0.8299031829126229,0.6172800904812773,0.5605108860974326,0.2949564516598315,0.6172390496608225,0.6217027823539328,0.7711715052446939,0.758990303210034,0.7455417186552568,0.4835367713730693,0.20883840440896373,0.53237853978455,0.6889148197068277,0.6299988939743091,0.0,0.0,0.0,0.0,0.0,0.0,0.0,0.0,Boris Grachev,2959.0
19.96959078098588,183.26699925407962,-50.30937182531928,-15.13980145320196,-10.6990561086544,3.982692307692308,-4.4421214208857505,-26.559913550016216,-10.427033407685173,12.975861807431908,0.2193,0.5222,18.6,0.09129999999999999,0.0156,0.03144039652779219,-0.14165755779081463,2.046588122725004,0.7060465768799102,0.8398399530752473,0.7724580883563436,0.621106475539073,0.6361459568143002,0.6900476138455445,0.6363537580110745,0.8245483689745143,0.9272187281621245,0.9530982905982907,0.6934997755676392,0.40262458924657796,0.7412851378463065,0.693793773946949,0.7553687577272482,0.0,0.0,0.0,0.0,0.0,0.0,0.0,0.0,Boris Grachev,2959.0
20.28631041166104,209.11483937726226,-57.38793773543908,-15.783609512431388,-10.790101672357576,4.0,-6.472117185248321,-29.90501560324492,-10.535747888914088,12.098654126757214,0.2427,0.4976,17.0,0.1273,0.017,0.06399487486093378,-0.31335090278989297,2.158119901780491,0.8838312325318822,0.8666038528007498,0.6990374535031119,0.44902180068790515,0.49592148837394745,0.7385082902190454,0.5553106886968662,0.8910360575400412,0.8727328208002119,0.9322823021017737,0.6490961644985707,0.4629197184695597,0.7192107399753576,0.7529047314063196,0.7806088429165726,0.015217391304347818,0.0,0.0,0.0,0.0,0.0,0.0,0.0,Boris Grachev,2959.0
20.102109660778858,177.53386035838903,-60.062935350287304,-15.526919645287427,-11.373546922201962,4.0,-7.719015381964266,-32.886774954057984,-10.993311094889313,14.436632648113644,0.19849999999999998,0.4205,22.0,0.09309999999999999,0.0107,0.13421827613593781,-0.3384603782968042,1.6254153606309523,0.6953717748695997,0.9652777777777779,0.6477898630775805,0.5538327272365459,0.47654073538003877,0.5890543559090754,0.5608270054773544,0.8755732167597146,0.8269564264887697,0.8068258900776486,0.6719247574145075,0.19211387806935162,0.5678164171337095,0.8678928380908472,0.8149946819187173,0.00625,0.0,0.0,0.0,0.0,0.0,0.0,0.0,Boris Grachev,2959.0
20.29870556888745,175.5407711593711,-64.69228453736517,-15.263719783563165,-11.718595646027818,4.0,-5.522645025994898,-38.76856840537408,-9.691220704498596,12.27246502809338,0.1945,0.472,18.2,0.04820000000000001,0.0038,0.04483753144990005,-0.31185993401655276,1.8172079800846697,0.6933607589989496,0.9229813664596274,0.749942035033927,0.5924108107566127,0.49960135686242957,0.5976959275112226,0.7467468063677494,0.8727343115366086,0.8945349152030821,0.835542086999134,0.7233849509345818,0.43933170789860354,0.6069650994493737,0.7006270461506593,0.8139045295238898,0.0,0.0,0.0,0.0,0.0,0.0,0.0,0.0,Boris Grachev,2959.0
19.853649404383763,175.2720379467357,-64.75719870511698,-16.5556228324521,-11.160787709196438,3.9944444444444445,-4.4162965686958255,-39.20523300930247,-10.612082813792782,13.198379783878195,0.2028,0.46129999999999993,20.3,0.0805,0.0156,0.03838258830835713,-0.05748939937168991,1.9104475084830335,0.6643379351117776,0.9575342465753425,0.7639841800856202,0.6165695661434952,0.5696077065493073,0.44264275610308257,0.6530192465721838,0.9066557948277569,0.8760046246014784,0.8283081573331126,0.7264111268563653,0.3269708593332332,0.555527708548264,0.840863809559069,0.9021140667114471,0.0,0.0,0.0,0.0,0.0,0.0,0.0,0.0,Boris Grachev,2959.0
18.321421286320263,158.10689077506117,-55.50577490806413,-13.876816517928807,-10.434057966766222,4.0,-7.625496269263046,-30.970042983282507,-9.995108369595881,13.395747198772336,0.20859999999999998,0.45780000000000004,17.5,0.05700000000000001,0.008400000000000001,0.23961549722457734,-0.0268170036949759,2.033066960393912,0.5832133942774402,0.8718711863171892,0.821674317475139,0.6718022179863813,0.5471627362876059,0.6639342923851642,0.5632745182059835,0.8285892406766534,0.8499395835042854,0.9119887911563176,0.7323304989281595,0.3549466456374545,0.6350699924015066,0.6963949337202894,0.7659567763725352,0.0,0.0,0.0,0.0,0.0,0.0,0.0,0.0,Boris Grachev,2959.0
18.206660287763604,181.69328872615685,-47.36972054882678,-14.229447959664551,-11.27514460918272,4.0,-5.05176789976029,-22.513921552876376,-9.864962043570818,11.565523516227975,0.18409999999999999,0.45990000000000003,17.4,0.058699999999999995,0.0,0.09631993806665193,-0.5354399897372597,2.364066865495741,0.633016771613992,0.903751473545524,0.9452797202797203,0.6038036998336164,0.627057169229568,0.6439126881890039,0.5763207132446215,0.9048450941641478,0.8477619684237331,0.9072352216748769,0.7478339690439232,0.602226900038685,0.809976325096561,0.8693727106227106,0.8898747086247086,0.0,0.0,0.0,0.0,0.0,0.0,0.0,0.0,Boris Grachev,2959.0
18.39544677763881,166.8567944039075,-58.20219975049348,-16.21251753382819,-12.288637431994424,3.995454545454545,-2.062661980759141,-35.760279430059946,-10.209049272625649,14.335491353319323,0.2081,0.4748,22.1,0.0869,0.0063,0.17606630134400508,-0.19865191965546913,1.5862330109039624,0.6583320707246474,0.7586313701309841,0.8053397591797438,0.5285862617010737,0.48725901087476464,0.648277769347267,0.5961847157351633,0.7458594186125522,0.7575186130193383,0.8385862060154545,0.726584292153622,0.4614704746640312,0.4354090728322827,0.867933206508687,0.8759467288311876,0.00227272727272727,0.0,0.0,0.0,0.0,0.0,0.0,0.0,Boris Grachev,2959.0
18.610030609404543,170.55873954621177,-60.067115790055965,-14.921751103248196,-11.450565653577137,3.998820785214417,-6.139201200215384,-34.37910638238503,-10.499072428494603,13.323760192649972,0.2203904382470119,0.4153505976095618,19.760956175298805,0.0775856573705179,0.0093067729083665,0.108838956305595,-0.3132105565276618,1.2280302384422384,0.6210550405480201,0.8789777993083484,0.8035006045056919,0.5953959603040683,0.5579838505963447,0.4937506978702099,0.5533597742500529,0.8619899858796625,0.8658541643592853,0.8366634132175902,0.4752764763124679,0.364415557324377,0.6352687715483063,0.8080098919639567,0.842738233198719,0.0486543739324664,0.0769230769230769,,,,,,,Daniil Lintchevski,2914.0
17.751261818381778,181.81400896708402,-67.98899866459995,-14.062330326332752,-11.285142667311204,4.0,-6.243954333992032,-42.03136831743679,-10.564505765783045,12.198302746255866,0.21500000000000002,0.44560000000000005,20.7,0.0829,0.0059,0.03737693757469969,-0.3341305866865033,0.790642678783897,0.62012946420753,0.8269433708946421,0.9495265461887916,0.5697885687499366,0.5950862619135865,0.42131706530928004,0.6230010888725689,0.8990585491828554,0.8525190860171517,0.7462678159635721,0.520742752678119,0.3857080346898409,0.41355662667411447,0.6499777738049091,0.9402770184071441,0.037348163841807905,0.0,0.0,0.0,0.0,0.0,0.0,0.0,Daniil Lintchevski,2914.0
17.536233052152255,167.76978894578227,-60.542160700004175,-15.072355404527382,-10.319485333474102,4.0,-7.842366321183964,-33.8130273722379,-10.806026348250217,13.311100079669393,0.23079999999999998,0.46529999999999994,21.2,0.074,0.0014,0.17963458952710248,-0.267727684554964,1.0991711114023939,0.6014330771934612,0.9276672635595078,0.7330563281050064,0.5400278290298561,0.4611084772005494,0.43634456536012767,0.542864510157057,0.7700705293639122,0.7847782622336766,0.8726916569713996,0.4521776968345562,0.22226076142127318,0.5753191600248563,0.7924705710494602,0.688868342399845,0.00071942446043165,0.0,0.0,0.0,0.0,0.0,0.0,0.0,Daniil Lintchevski,2914.0
17.731750621392738,155.75807047953393,-67.34613163882457,-14.923076233998046,-13.661074143765807,4.0,-8.145837715930021,-38.123779929057974,-10.387681729491584,13.895318113418858,0.19880000000000003,0.4579,20.3,0.0774,0.0083,0.11543074723994576,-0.49242511228688307,1.2769225600645389,0.5007306304757781,0.9739583333333334,0.7929325749438532,0.5900682678340485,0.5695610362903596,0.4240662506996219,0.5184001588112884,0.8162491049051199,0.8869911875926914,0.8468292436177993,0.3971232070274735,0.33339482754524724,0.6670452166880738,0.860059265208767,0.939455782312925,0.00068027210884353,0.0,0.0,0.0,0.0,0.0,0.0,0.0,Daniil Lintchevski,2914.0
19.733195085820892,186.92046306218316,-51.51126159137065,-13.677983423137505,-11.852119800468547,4.0,-4.2782733352885725,-26.58961977261735,-9.38247243771262,10.269207177853959,0.23959999999999998,0.48629999999999995,14.6,0.06340000000000001,0.0,0.028347852983236766,-0.19765610408878173,1.5043757564901825,0.782429320358717,1.0,0.7937552454211569,0.6245579484848885,0.6808270727654598,0.7063775795694006,0.5269511958243995,0.9357142857142857,0.8903866809881847,0.812841153706481,0.6610825316769187,0.46077414528679295,0.8968721461187215,0.8444037940379403,0.9285622593068036,0.0,0.0,0.0,0.0,0.0,0.0,0.0,0.0,Daniil Lintchevski,2914.0
20.451910416705978,203.0520628181155,-62.44113372430153,-14.52413114416978,-11.059777463230596,4.0,-7.291338296400707,-35.818926152695425,-9.919260122279372,12.172299454474356,0.2144,0.4673,18.7,0.0758,0.0021000000000000003,-0.0019992163942606314,-0.37873026241021746,1.6817392780278584,0.859287877363631,0.9404109589041095,0.8168841107322191,0.7180126774769009,0.70190984252337,0.5618111591496804,0.6022512991058446,0.8762052293756426,0.9582351455827581,0.8883089277279168,0.6969496003877361,0.33909071589217177,0.7362753948834402,0.8097643922215465,0.9356359939585671,0.0,0.0,0.0,0.0,0.0,0.0,0.0,0.0,Daniil Lintchevski,2914.0
16.68030625035313,163.8128747435238,-60.42512665524773,-14.470346808809069,-11.01390361889149,3.9977777777777774,-3.176022469683055,-36.5575112506612,-10.806601271402915,11.601480986422217,0.1951,0.3724,20.0,0.0625,0.0073999999999999995,-0.075560676254574,-0.3571335249233661,1.0581044619181779,0.5877866334210986,0.6762154579345863,0.7964843391329605,0.5527248446459281,0.6707392645744459,0.48714020232502164,0.5019991258005523,0.9298345153664302,0.8393951301182699,0.7819193262182504,0.467384055892865,0.342945457887999,0.35947937756758674,0.7407578373989683,0.8408879799875469,0.03672316384180791,0.0,0.0,0.0,0.0,0.0,0.0,0.0,Daniil Lintchevski,2914.0
17.43486301675089,161.04412235871544,-53.607989973749326,-16.62637776601926,-10.15951117809929,4.0,-3.5363171915117,-30.959887321494875,-11.23574091279011,14.909844396165905,0.21689999999999995,0.37679999999999997,24.3,0.10629999999999999,0.014000000000000002,0.33656332697522623,-0.4071223967188879,0.7107877777179837,0.5143471579565879,0.8908083987106975,0.7349442509047307,0.3024626620244833,0.6657529403024027,0.556366920360243,0.5208238498002242,0.8340830403749866,0.7821094572287489,0.7989333449746221,0.2729687707290177,0.20480164484981164,0.6060940081226518,0.7400750600557893,0.8811738552399649,0.01375661375661375,0.0,0.0,0.0,0.0,0.0,0.0,0.0,Daniil Lintchevski,2914.0
16.44013794288474,156.53760049589724,-56.44672857611401,-15.418432067136655,-10.186333954319014,3.99655069878085,-5.320663908748665,-32.26805024134589,-10.979320928916177,13.729521825571542,0.2237,0.36360000000000003,20.4,0.06150000000000001,0.008900000000000002,0.19842587138184006,-0.27025867056621566,1.5683375069029306,0.57561730483282,0.8950819672131148,0.8167011299040163,0.6341786494549592,0.5417467556798229,0.394364471744779,0.6486182045446457,0.8913287749287748,0.8400301135698396,0.8663842493483445,0.3569516295899287,0.4318445761155692,0.5614516748757499,0.830534514837615,0.8460861823361823,0.0112,0.0,0.0,0.0,0.0,0.0,0.0,0.0,Daniil Lintchevski,2914.0
19.723550777664396,191.17843779928708,-65.3592802615007,-16.391226546820015,-13.474800960660435,4.0,-2.7989513737739107,-38.98413290359959,-10.110541024729928,12.40037254808318,0.2091,0.4182,19.6,0.13470000000000001,0.0165,0.13584311457152706,-0.7871306826770776,1.1538405095139292,0.7460586262357378,0.8924255483608604,0.7446273788837189,0.6230803727371329,0.5990671846897467,0.5014209422314522,0.5697092108387583,0.9142209312968907,0.9147261671777376,0.8696018146140545,0.35115576645496643,0.4032714969113182,0.6466804583298054,0.7955508571081632,0.8412608570924125,0.00106382978723404,0.0,0.0,0.0,0.0,0.0,0.0,0.0,Daniil Lintchevski,2914.0
15.075102541821739,135.9071048702615,-55.90320204854589,-15.897097493644399,-10.67747175684422,4.0,-6.338423535635894,-32.67088883060905,-11.262473731282245,16.943153299469923,0.20999999999999996,0.403,30.5,0.1356,0.0126,0.12336376121453671,-0.5626231358929531,1.0558887282006684,0.4331087358312141,0.8768386006503288,0.6937793093282675,0.2539630428459093,0.572390924445029,0.3483468921985955,0.4253807540741182,0.717655699319309,0.7603347122244427,0.8031003636328649,0.4028726059243345,0.3548027714802314,0.55294301996074,0.7681569919702244,0.7373644732286022,0.0060652879382984805,0.0,0.0,0.0,0.0,0.0,0.0,0.0,Daniil Lintchevski,2914.0
19.413697957188738,172.16225463988138,-62.617996669006835,-15.59465657230634,-10.697596618468529,4.0,-6.731927404392843,-36.02834566866825,-10.39900298242464,12.833532577253777,0.22310000000000002,0.43289999999999995,15.7,0.0742,0.0068000000000000005,0.012464889181479036,-0.16777279044560148,0.9182506932391725,0.598510739994911,0.6463177042752328,0.8875198412698413,0.7051680333781563,0.5025775398936733,0.6317083661956591,0.6734783767946524,0.8311127886875458,0.837851871474102,0.7572769078882613,0.41064630516353684,0.2818786572200251,0.6903747648663754,0.8469354144114941,0.9129923786745252,0.00083333333333333,0.0,0.0,0.0,0.0,0.0,0.0,0.0,Daniil Lintchevski,2914.0
16.951173542633576,157.01975999733742,-48.63320354505789,-14.988423377464997,-10.121019667959379,4.0,-7.77275505729542,-23.674539665994136,-11.325667778757122,15.249202002413162,0.2391,0.44509999999999994,22.8,0.10500000000000001,0.0118,0.222248386569834,-0.1459448895484155,1.5227939077756814,0.5295923879342675,0.80556527607013,0.7858505174744425,0.5162569592051156,0.48121321085333335,0.48275784767580276,0.470177616323026,0.8584144981627283,0.8235370266042054,0.8348676251249648,0.4692085459267245,0.2636071228704271,0.6970814636175321,0.7583708936299066,0.9031663982401156,0.02695071578113506,0.0,0.0,0.0,0.0,0.0,0.0,0.0,Daniil Lintchevski,2914.0
17.477107945092932,150.68677698879475,-69.95662240120792,-16.634116442476387,-12.744836682809872,4.0,-6.142660430005255,-42.54790518443899,-11.327686846435421,15.44058318495801,0.229,0.34209999999999996,19.5,0.06699999999999999,0.0093,0.06647616859691696,-0.2748073188726884,1.3034217335634555,0.4793243081241155,0.8650000789664866,0.6682858444269255,0.5103395845720645,0.4786825805419876,0.3738762047785678,0.6124906516912875,0.7333186283343267,0.8576779596503306,0.7574030372623186,0.39523648872491457,0.2936353711237446,0.5655006363815742,0.8929850971121309,0.8853896134516976,0.00155275779376498,0.0,0.0,0.0,0.0,0.0,0.0,0.0,Daniil Lintchevski,2914.0
20.430788989991775,198.99891711544961,-59.209854027138206,-14.262209240421317,-11.005252234595236,3.991995614035088,-5.741852326594974,-34.85995725729666,-10.069745321328138,12.737166739063024,0.22349999999999998,0.5105999999999999,20.9,0.0853,0.022899999999999997,0.15625531352892033,-0.2959115448821331,1.2491195824013164,0.7579891276305498,0.8444678424146705,0.9641221374045802,0.6791001712470638,0.5766352426868699,0.5923026506428343,0.4580453298653704,0.9373558362678137,0.7948474107089255,0.7749766492418889,0.5145004824085049,0.5629688564641058,0.6644659442724459,0.8990107453186175,0.9122217758135797,0.0,0.0,0.0,0.0,0.0,0.0,0.0,0.0,Daniil Lintchevski,2914.0
20.117915955033826,199.82249345865017,-54.70661220536097,-14.311572974176126,-11.153618626042839,4.0,-5.520649827124883,-30.36918879445136,-9.470697833446334,12.119115849880572,0.2503,0.43220000000000003,14.5,0.0483,0.0058,0.1880587318087318,-0.5276341852392114,1.194558420892348,0.732229122548253,0.8280454987102758,0.9602409638554217,0.7358149643536064,0.5864671707120523,0.5292303435210632,0.5012498114118303,0.9465116279069768,0.8758648475832551,0.8530608286873809,0.6518907239352437,0.3924640545610652,0.7605039241799283,0.8493959441200201,0.9653846153846153,0.00120481927710843,0.0,0.0,0.0,0.0,0.0,0.0,0.0,Daniil Lintchevski,2914.0
15.545208500214093,138.59035914307478,-58.15424805735707,-14.03630814396866,-11.353107529637551,4.0,-3.854394706789853,-34.86071307594174,-10.770212143423194,12.720487542403914,0.1851,0.39119999999999994,20.2,0.0495,0.0019,0.19549367583185906,-0.3391719722312788,1.2247316036076137,0.5077501643490894,0.8558138548433908,0.7133402417284511,0.6730840639977107,0.4384003179023625,0.48389403689324845,0.5135747752206054,0.8050758436174824,0.8477346969656512,0.8680498620981678,0.5220753726807266,0.360032833543976,0.707906197807169,0.7440193422528238,0.7894563875837798,0.00185185185185185,0.0,0.0,0.0,0.0,0.0,0.0,0.0,Daniil Lintchevski,2914.0
17.659822978234356,157.69735120443713,-70.42162018752623,-13.900848936065653,-13.217524316721764,4.0,-9.004599441451223,-41.33034174395436,-10.157824373768646,13.189518624435422,0.2314,0.4535,20.5,0.0793,0.0034000000000000002,-0.019017670066431677,-0.34303119094527756,1.057330131813491,0.5658092695547752,0.9433743341404359,0.8565108636257082,0.6196498486475059,0.5666766344041363,0.3468679674924718,0.5130887183414647,0.9693200993445767,0.9706227836879432,0.8646097775815538,0.4240069820825938,0.47425233024415575,0.6080276679206084,0.8248456656078973,0.8675078860038761,0.00169491525423728,0.0,0.0,0.0,0.0,0.0,0.0,0.0,Daniil Lintchevski,2914.0
18.643941596022827,185.54001476653391,-53.81019474680986,-12.559201334294464,-11.222110476971798,4.0,-6.816507595144641,-29.685941532280538,-9.704114843883035,12.17768103576461,0.23569999999999997,0.4250999999999999,19.3,0.0651,0.005,0.0007557657682551178,-0.4025900043670519,1.51364917097896,0.7424573003465704,0.8706444687297289,0.7585284840368789,0.7194602845382907,0.5689246249696033,0.5468501407355701,0.5379450450468642,0.8699820654417836,0.8217509594812702,0.913437134256349,0.6493798063945501,0.4559601245106465,0.6242903165251474,0.8054760992876352,0.8206746309763403,0.0,0.0,0.0,0.0,0.0,0.0,0.0,0.0,Daniil Lintchevski,2914.0
19.03824864333163,166.36261087990115,-64.15913083367508,-14.140235371600586,-11.462504517876633,3.9983050847457626,-8.137165723924195,-38.62208425773103,-10.106892278057524,14.311446230769144,0.2197,0.3296,17.3,0.10389999999999999,0.0017000000000000001,0.021507836064982827,-0.4021594099315268,1.2117768075197801,0.5915712793361199,0.8646591161447923,0.7528715991735571,0.4300088005815545,0.6093163081774275,0.42514222438229715,0.6923272876495172,0.8419318108356789,0.8911010558069382,0.8846859558233902,0.41247637564211165,0.18126481985710857,0.6955016872596457,0.8885672653913547,0.8473729446412236,0.0,0.0,0.0,0.0,0.0,0.0,0.0,0.0,Daniil Lintchevski,2914.0
18.83871738275966,168.1591298668415,-50.80037725959604,-14.77627208875651,-11.083409352554012,3.9983050847457626,-2.9957110698768146,-28.286320669492035,-10.154085259201342,12.497116095538905,0.22290000000000001,0.5053000000000001,15.7,0.06,0.0031,0.1263748131428465,-0.41829811774915304,1.320205866670039,0.6262237991794097,0.8849122807017544,0.6914716987584681,0.5554159653745034,0.6056913448638643,0.585700298223385,0.6749704730155075,0.9045535503251829,0.879551509442452,0.8952240342640639,0.5349230471505442,0.46104598716233813,0.6780251117169864,0.8568888011471651,0.7246806671475132,0.0,0.0,0.0,0.0,0.0,0.0,0.0,0.0,Daniil Lintchevski,2914.0
19.23034115846245,173.8015538597326,-57.91340632074918,-16.215024879126258,-11.423404557219667,3.998894178349163,-5.110617539355737,-31.543716432028184,-10.608546604696382,12.989009513327876,0.2066748251748252,0.4434965034965035,20.681818181818183,0.0670874125874125,0.0072272727272727,0.1167079711321156,-0.2952622298567334,1.990815365532779,0.6779261064860986,0.8825844369978951,0.7624081843307514,0.5888645619500661,0.5412074437948781,0.5242206096423364,0.5353552537227635,0.8876771350742158,0.8645603094162354,0.8240602923179391,0.6824469584686882,0.5612525877893534,0.5946451197323934,0.7836916420822325,0.7934517598716512,0.0571561810458816,0.0073149521714665,,,,,,,Dariusz Swiercz,3050.0
18.84925839729133,168.46018991525767,-62.38366483803405,-17.071972569135784,-11.206591364318289,4.0,-7.8844391698781,-31.92548374435416,-11.091581180887507,12.796403190539783,0.1903,0.39209999999999995,26.1,0.05569999999999999,0.010499999999999999,0.23452386717854656,-0.13499396514785675,2.4963660232370324,0.6484201366844639,0.9096096096096096,0.7793422743058078,0.7042475104643156,0.6171841739567492,0.3478753036558983,0.4471467679091977,0.7530892057231352,0.7959250020728919,0.7362506238834852,0.7417972741249765,0.585797124899022,0.7902012560914627,0.7689341877961641,0.7641889719745774,0.00772630834512022,0.0,0.0,0.0,0.0,0.0,0.0,0.0,Dariusz Swiercz,3050.0
20.85643844645375,195.79841739386717,-60.01100440099291,-15.996490796435225,-11.017698063329728,4.0,-3.146833000352095,-35.831284273844844,-9.918562273280575,11.89986400624956,0.22209999999999996,0.4553000000000001,18.6,0.0811,0.0091,-0.03159622336285707,-0.276339774106474,1.6807328987569945,0.8251594731986888,0.7791952775683304,0.8652498363119641,0.5860656707825728,0.6082392228415731,0.62035866586303,0.6294587689825237,0.9116271069831441,0.947156916347731,0.8837116249816859,0.6451258649297864,0.6213167799855107,0.5861336486475105,0.9320261437908497,0.9081336238198985,0.0,0.0,0.0,0.0,0.0,0.0,0.0,0.0,Dariusz Swiercz,3050.0
17.823480287757533,162.01632592672624,-62.291997891709,-15.864130140349511,-11.779177348547908,4.0,-5.2896276159395486,-35.857490302148406,-10.656386714232855,13.154814229509228,0.23090000000000002,0.38719999999999993,21.1,0.0479,0.005599999999999999,0.1259123949147218,-0.19904031205293643,1.4779197563829118,0.5513323782793718,0.8843640106355604,0.7733011300311794,0.43784731146262057,0.6002040409425179,0.4078405122807361,0.5487473012360449,0.8045315664202499,0.7814351862208682,0.822894042564829,0.6581270275851007,0.2645137874688388,0.6055058755842794,0.7412412476138476,0.7995292638651024,0.0053030303030303,0.0,0.0,0.0,0.0,0.0,0.0,0.0,Dariusz Swiercz,3050.0
21.235429138442747,179.25332393651254,-58.880579250200086,-16.00456074448978,-10.847634276867437,4.0,-6.097978374839866,-34.00522581652235,-10.271067704400256,14.345887666919605,0.22810000000000002,0.5399,16.4,0.06070000000000001,0.0142,0.14123380553890139,-0.27242064704721625,2.163383847696678,0.7254803516295968,0.9890756302521009,0.7126856475409599,0.539297375339183,0.5479631556623833,0.5873770441945255,0.6180265799245122,0.9442305813385442,0.8619903178662769,0.8010227045500941,0.8496756286784377,0.7193581505771323,0.44918184113539805,0.8670247057262841,0.8032632972950031,0.00246635239461638,0.0,0.0,0.0,0.0,0.0,0.0,0.0,Dariusz Swiercz,3050.0
20.826343050312612,174.75201889218246,-56.923138511055605,-16.109651103369632,-11.399027848507666,4.0,-5.492604776854934,-31.410439376295056,-10.603262870610681,14.091847464582367,0.17159999999999997,0.5173,26.9,0.0522,0.004399999999999999,0.26416106525799166,-0.3735493193069007,1.813152808808559,0.6354033991990079,0.8142314583491054,0.8301924698918739,0.6101693926912597,0.4241178282983369,0.5605784595118176,0.5547937591400387,0.8001203500084337,0.7466773546271972,0.6620160433483557,0.6922048927040723,0.5841329774433713,0.6795817685416857,0.7530930580608466,0.9065639015639017,0.00216192203753748,0.0,0.0,0.0,0.0,0.0,0.0,0.0,Dariusz Swiercz,3050.0
18.812630278461416,170.82887237311917,-61.016748917895924,-17.120222193257487,-11.833085639507681,4.0,-2.0936971359088763,-36.490638034276216,-10.528983859370967,13.04987794442531,0.22470000000000004,0.38700000000000007,21.4,0.07410000000000001,0.0036,0.18517922983776305,-0.22147417520059953,1.8822019442266764,0.6887984053693348,0.950462962962963,0.7002730592198523,0.6126714442647613,0.4811955181823331,0.48764803229091436,0.4988446799243521,0.8820346736399243,0.8870848191893582,0.8654430212099002,0.7385888883399073,0.4045232657921455,0.4679302274073793,0.7013930970175436,0.7281821163570642,0.0,0.0,0.0,0.0,0.0,0.0,0.0,0.0,Dariusz Swiercz,3050.0
17.38798194402541,155.7937820215828,-56.882179821655896,-16.4032227594936,-10.721765485987326,4.0,-7.583687680416384,-29.74586394114853,-11.20896806622378,14.781328111613728,0.2258,0.5448000000000001,21.8,0.06300000000000001,0.007899999999999999,0.12958368471697174,-0.36990239854089557,1.6769987694779722,0.5501469693290792,0.9434632034632034,0.6697487080137978,0.6425612053354087,0.5470552286929785,0.48546625185276976,0.3605795873085457,0.8182221260938858,0.8616459152631639,0.7823147207983274,0.67960538095784,0.5050248776182864,0.5666939759231652,0.5964422145816226,0.7419491544331174,0.0,0.0,0.0,0.0,0.0,0.0,0.0,0.0,Dariusz Swiercz,3050.0
17.89195358947594,177.1703542849827,-68.21121691426227,-16.81587927720843,-12.099335415763521,3.9915582655826554,-6.6125729606919235,-40.616263171898375,-10.927298186982373,14.868573832699695,0.1857,0.3837,26.8,0.1089,0.0034000000000000002,0.07177977551142775,-0.14395763066878034,1.8740165158881765,0.7151179386955719,0.8886938751678635,0.6370919640408241,0.5013065695516277,0.48329515174489013,0.4237926482537289,0.4090381980021672,0.8697150752811131,0.9039136409512132,0.7511706401937669,0.6182390952268566,0.36954676429504274,0.49677659331130375,0.6935745927280452,0.6691865648544905,0.00809248554913294,0.0,0.0,0.0,0.0,0.0,0.0,0.0,Dariusz Swiercz,3050.0
20.010467919026574,192.669506329462,-49.652715680167205,-16.349598853385302,-10.281622433325845,3.9952380952380957,-2.785435394991571,-27.022269467200545,-10.486522249115104,13.277494622613066,0.22640000000000002,0.4323,21.8,0.0673,0.0047,0.06756851909187553,-0.38042388398718485,2.4497445943695078,0.8044609024102403,0.8506702973946993,0.6931080539801959,0.6386357522658013,0.3939158889106237,0.5520313744943428,0.48846824480262513,0.9549019607843137,0.8436428646216937,0.8407916207300445,0.7603749419058631,0.4605250751394461,0.6784189512356152,0.809836442995179,0.8361732923917001,0.00987819983484722,0.0,0.0,0.0,0.0,0.0,0.0,0.0,Dariusz Swiercz,3050.0
19.37054935035446,166.29889776604483,-58.19347767045989,-17.17070847934797,-11.723529817518298,3.998780487804878,-2.950837751443009,-32.17720424042618,-11.127439284372125,12.957461414842815,0.2069,0.5399,19.3,0.0838,0.0105,0.1278839540449407,-0.2319222300719872,2.131988887186511,0.6371877863827728,0.8711932564414834,0.6575735006272053,0.4966251239107324,0.5304824275781429,0.6636693760289858,0.5359483773812629,0.9045499573761913,0.9578080079073612,0.791922832514962,0.713218588192846,0.4320720980370812,0.6516587231199363,0.8169758686759472,0.8174533880758975,0.0013215859030837,0.0,0.0,0.0,0.0,0.0,0.0,0.0,Dariusz Swiercz,3050.0
16.696339986769406,161.67850460459888,-55.932133592308354,-16.55333238611241,-10.777732410009463,4.0,-5.966768714256302,-30.37040914884063,-10.927999755088159,14.664108821998601,0.21580000000000005,0.442,28.2,0.0821,0.0034000000000000002,0.1504425425665496,-0.36670029265899046,1.7587891866140708,0.5820125650099814,0.7947165892637862,0.652847459345959,0.4722804080251752,0.29178097382408535,0.45017181941903467,0.2835882043237093,0.8357898087860616,0.7717613262374693,0.8044207275330096,0.5944013245540332,0.4635637014578259,0.5680324922092362,0.7697331439970705,0.7427350588564638,0.04508670520231214,0.00057803468208092,0.0,0.0,0.0,0.0,0.0,0.0,Dariusz Swiercz,3050.0
20.31933654443686,175.4209746223246,-57.439419720174115,-15.121708730256643,-12.346495418577504,4.0,-6.1095562887912545,-32.71648674220723,-10.442896720222713,15.297724179881238,0.22810000000000005,0.4478999999999999,18.6,0.0639,0.0015,0.039438043290451995,-0.601638598943253,1.8626121317172448,0.6918602128187088,0.9539130434782608,0.711761604574402,0.5947860795436337,0.5389006898078167,0.5540540484683645,0.44162359187262074,0.8754241496617186,0.841264812831749,0.8992406449416237,0.7800118053989021,0.5514239482515041,0.5004809849442886,0.72628552811082,0.7471062621708567,0.0,0.0,0.0,0.0,0.0,0.0,0.0,0.0,Dariusz Swiercz,3050.0
19.718571598956103,160.58623059601481,-55.93217285890821,-16.939827765185797,-10.647091632534949,3.9962698412698416,-4.160973168756806,-31.603263689095105,-11.040303485277963,14.463017040672568,0.18880000000000002,0.491,22.3,0.074,0.0057,0.15878364268355585,-0.3969660310611425,1.7147410690384297,0.5762610716346706,0.9238095238095237,0.6375055187781524,0.5100663396157556,0.5799269479355238,0.4311833610423948,0.3974543508418942,0.9630414312617702,0.9090859564164647,0.8594945697577276,0.7542995970317953,0.23707569077105836,0.5331694198151951,0.8404741019214704,0.8281031904287138,0.021049477829138838,0.0,0.0,0.0,0.0,0.0,0.0,0.0,Dariusz Swiercz,3050.0
18.08386897067635,173.7725840847232,-59.756396678952626,-16.642332028474414,-10.752771326490603,3.9972222222222222,-4.253856948593922,-34.141622167004456,-11.303723152746349,13.340686722134901,0.2004,0.4263,26.1,0.0725,0.0,0.30571121124677847,-0.046938910301611,1.8214072566550663,0.7358408308673363,0.9887417218543046,0.6488983442889328,0.6222566149567177,0.4608052407125605,0.37381410404070026,0.3996449585741331,0.7636058289394041,0.8839578831315416,0.7687177114448752,0.6306078325026637,0.37555213875766896,0.689728954489705,0.7506467495958771,0.7274329564314896,0.0,0.0,0.0,0.0,0.0,0.0,0.0,0.0,Dariusz Swiercz,3050.0
20.047437265704882,183.53995001288212,-48.94729706034237,-16.32692702182148,-10.091712527300867,4.0,-5.273168309361162,-24.38451498779879,-10.585982840822345,13.71500862676227,0.21810000000000002,0.5349,23.4,0.0904,0.0075,0.17707421385938943,-0.1357556991072917,1.9652188203539567,0.7382721470087061,0.8815087744499509,0.6993746559037515,0.465793184899763,0.47544168934586395,0.5630507100367947,0.5141122271150734,0.8325032841920887,0.8953473945409429,0.7818569065343259,0.5568021671326541,0.6663664024147895,0.7295186274123655,0.780318896789485,0.8858252189514049,0.0,0.0,0.0,0.0,0.0,0.0,0.0,0.0,Dariusz Swiercz,3050.0
18.44880170151773,160.529081811681,-55.85752691156894,-15.385875874397078,-11.27852828262662,4.0,-1.813944589252619,-33.04680836907447,-9.99152668809759,11.659156891879448,0.1773,0.5262,19.0,0.046599999999999996,0.004399999999999999,0.10946035675755532,-0.26391664939757126,2.249006573798091,0.6489410073530041,0.776266026232007,0.8111749379840875,0.7118963831052714,0.5540854576931717,0.6204978650720051,0.5965292311180521,0.856895281582784,0.9182401564256806,0.8650061742254154,0.8333565273930506,0.6077615777076437,0.621656077540994,0.767456067705861,0.8438188903103321,0.00084745762711864,0.0,0.0,0.0,0.0,0.0,0.0,0.0,Dariusz Swiercz,3050.0
17.64554632361961,170.66097595014156,-53.13623982806671,-14.7957532035144,-11.298921240246356,4.0,-6.440778516008704,-27.127280299634144,-10.538827450681207,13.065320882018108,0.2262,0.4081,18.6,0.055499999999999994,0.0,0.09664290564790001,-0.1909745973847315,1.7678016833797467,0.6709441435566167,0.8971885082368113,0.7660711075608477,0.49242993368831717,0.6255884796916409,0.5112439301902034,0.5623024899199055,0.7516372739820875,0.8315447071342106,0.8765073310816998,0.7021280972416175,0.637179108259083,0.6115258620351247,0.7290823951170601,0.9489970788704966,0.0,0.0,0.0,0.0,0.0,0.0,0.0,0.0,Dariusz Swiercz,3050.0
19.342876499213155,170.41545867257543,-64.51611894071615,-16.992365654529827,-13.617438202587303,4.0,-6.937946303721245,-32.56683335680566,-11.122187652012455,12.72065222894033,0.17529999999999998,0.5199,22.2,0.0391,0.0017000000000000001,0.05739736089193984,-0.0639467849383485,2.336290594084581,0.652900315691341,0.850668193967163,0.7814096511559959,0.5646151223450506,0.4753066360246782,0.6898347650813197,0.5833344281976027,0.9292669011107382,0.8676568913510504,0.8049974913884496,0.6016982716349677,0.6509903797987354,0.5137792450913625,0.7806051761697999,0.789352221292142,0.0,0.0,0.0,0.0,0.0,0.0,0.0,0.0,Dariusz Swiercz,3050.0
20.668550315672704,179.76774900666337,-52.35855968541672,-16.66017453965726,-10.63465249930399,4.0,-3.472859632602551,-28.644369101123413,-10.039368349888452,13.09286443715894,0.22249999999999998,0.40700000000000003,19.9,0.0528,0.0063,0.07886287858857749,-0.3435897585283214,1.6496345560830623,0.6652476359763649,0.9352486341071081,0.8236271172193502,0.6304615635997874,0.5532450890235389,0.5327310428823206,0.5411200016864637,0.9223982592434,0.9478155339805825,0.8229961853841636,0.7981872700874837,0.447565064209362,0.4986175305287466,0.6624069568399771,0.8251914936327458,0.0202020202020202,0.0,0.0,0.0,0.0,0.0,0.0,0.0,Dariusz Swiercz,3050.0
16.94004902934916,171.6907823823484,-74.40372572767475,-17.053981183585368,-12.173652125067893,4.0,-5.958859906573824,-44.519680537130235,-11.461374002989638,12.763822027672203,0.209,0.3282,25.4,0.0387,0.0045,0.17573289256844224,-0.1208703779926924,1.6644039262018733,0.6538393949860926,0.8303542463465392,0.6357190683344858,0.5465816169924443,0.4754776385415317,0.37547392769238624,0.4708359025381544,0.9557251908396946,0.7887825049207041,0.8223413847594534,0.39344693521516516,0.5385521697248266,0.4711503972452024,0.7470190406570468,0.6178270657945728,0.00955547598342625,0.00088495575221238,0.0,0.0,0.0,0.0,0.0,0.0,Dariusz Swiercz,3050.0
19.10120231881889,180.03123442122975,-55.30916783527483,-14.83652913624844,-10.800124116492755,3.997178265669848,-4.885637286771701,-30.964437097310743,-10.403929099451815,12.584310635330784,0.2364738041002277,0.4367744874715262,18.790432801822323,0.0718883826879271,0.0101708428246013,0.1224655925806336,-0.2713746417667133,1.527945308599881,0.695095734119904,0.8695883657389096,0.8005904990487402,0.6278266453723534,0.5820082005773046,0.5462294995479379,0.5632812860517529,0.8829227436648392,0.8853801284866774,0.8459639213530571,0.6511028675663628,0.4570107846341521,0.5542393913495156,0.7960680554220081,0.8215031490737985,0.0541087978151609,0.0870327299693261,0.0808080808080808,,,,,,David Navara,3001.0
20.10737503732576,175.38587251331055,-53.48378832896594,-12.427177670983415,-10.814968312015992,3.992857142857143,-7.074240527612581,-30.527196209576154,-9.816992528235797,13.183929776600854,0.24779999999999996,0.45499999999999996,21.0,0.0946,0.024399999999999998,0.18568213676958592,-0.21375485416838796,1.7214971688975365,0.625422423012125,0.7859016599625404,0.8919890344197381,0.6230365562338418,0.4528085808102644,0.5695290819803885,0.5516226215259223,0.838310031742399,0.8360542875366053,0.913961770096884,0.7018204859098928,0.5967475952311585,0.5933540284727303,0.8136707543327752,0.9370708027468624,0.010709609845509291,0.0,0.0,0.0,0.0,0.0,0.0,0.0,David Navara,3001.0
18.361790126540125,178.31775049073732,-56.63026248638232,-14.897780377517218,-11.284132657877487,4.0,-5.558457770299875,-31.694626864363716,-10.087481952258269,12.89221713593424,0.2104,0.42540000000000006,17.1,0.053000000000000005,0.0013,0.20861852840142311,-0.20097413551360915,1.696261229998072,0.7050285181335413,0.8990324981394195,0.7947881158629193,0.6195415428646319,0.5782432490615961,0.502305361882626,0.6244910120649704,0.8716142867118352,0.9013186587886608,0.8122421349822145,0.7352566668250553,0.37141532227077534,0.5654062311965034,0.781100213097022,0.7303207483786002,0.00575539568345323,0.0,0.0,0.0,0.0,0.0,0.0,0.0,David Navara,3001.0
18.49720721360516,192.1585449576162,-56.550557197351466,-15.412338888421734,-11.28603603796772,4.0,-2.349713687372382,-32.54959525218435,-10.194605103639931,11.241731772234663,0.261,0.5376000000000001,19.2,0.034,0.005699999999999999,0.0066277047245952864,-0.35366724761599627,1.2419262610795496,0.7551523432369623,0.9149357473127966,0.7975323580913469,0.6456225734774891,0.5628557287574465,0.5157109801443532,0.538521640280057,0.945232683982684,0.8944194363591237,0.8868222590364031,0.6994467181214233,0.5141287212160452,0.32041028778654174,0.8140277189664442,0.757401418805913,0.00379746835443038,0.0,0.0,0.0,0.0,0.0,0.0,0.0,David Navara,3001.0
18.378238125556386,165.42550131974775,-47.31209300843773,-13.927682391689483,-9.98199903562656,4.0,-5.801615681469404,-23.93219000798788,-10.40793555772279,12.73932966605839,0.24599999999999994,0.5599000000000001,18.9,0.0733,0.0055,0.16902489763748627,-0.33985767975129677,1.4061401448014925,0.6379087011772796,0.8394702703776546,0.6976796737213403,0.5174010883238563,0.5995909072038427,0.5336377735981407,0.7485656919944117,0.888304439190964,0.8247566512814739,0.8755853174603174,0.7088108321087045,0.6372810310310311,0.370621348040892,0.7438391033830078,0.7738244766505635,0.0,0.0,0.0,0.0,0.0,0.0,0.0,0.0,David Navara,3001.0
17.83928147859792,179.88597795818063,-62.18514628602816,-16.653669576167605,-11.18885361016401,3.99375,-6.616519879759475,-33.281039514845546,-11.622659201380191,13.183845496288678,0.2178,0.3416,25.5,0.07620000000000002,0.0165,0.18618007639007955,-0.6675750447066493,1.0159666068277895,0.675698003225463,0.8650465646714709,0.681900022176703,0.7103001868784039,0.4126667878041167,0.41498157624914817,0.33205954404828975,0.8173509804140288,0.7210192168749404,0.7575877446810654,0.5826464345927128,0.35817892868797285,0.5939833194333147,0.7055461765158433,0.6685349799721142,0.02828282828282828,0.00909090909090909,0.00808080808080808,0.0,0.0,0.0,0.0,0.0,David Navara,3001.0
19.67233471931845,180.66858981855333,-64.12075536683118,-15.084105276298208,-11.262779980714537,3.9973684210526317,-6.555839158113751,-38.17984659611689,-10.460448692954198,13.424895916313773,0.2375,0.3949,19.4,0.06260000000000002,0.0068000000000000005,0.15387649632787986,-0.22872693538186298,1.4209208766203256,0.6852914262639994,0.933336261562155,0.6915721189061804,0.827259201563846,0.47019168115761056,0.39692063352052187,0.31500398627139203,0.8340185475753106,0.8926938866347014,0.8464087087484099,0.6145174715074991,0.48305889209167885,0.5159500503523267,0.7794831288704775,0.7478264582558056,0.0045913768890565605,0.0032258064516128998,0.0,0.0,0.0,0.0,0.0,0.0,David Navara,3001.0
21.59401984488941,198.22905023720242,-50.91138404734486,-12.424364283059933,-10.990505927879783,4.0,-8.328001708436492,-25.367317284165114,-9.617619481967308,11.81642463816377,0.2209,0.4998,15.4,0.0943,0.031,0.07310051060051062,-0.30930600800166014,1.1926019149932192,0.7831896372268793,0.899389400921659,0.890397303118822,0.6468138082853463,0.8124279484624382,0.6182902217959144,0.710561041219886,0.8445383538030595,0.9758333333333333,0.9763440860215054,0.6433169681480814,0.6653006007875343,0.5517053449159203,0.8231187938456095,0.8042781115632376,0.006687675070028,0.0,0.0,0.0,0.0,0.0,0.0,0.0,David Navara,3001.0
19.612257158852184,189.77082126620377,-53.84337469657437,-14.985443534968976,-9.969836712546405,4.0,-3.620154470499262,-29.946251142608098,-10.643196794044282,11.321507958092656,0.2645,0.44049999999999995,16.4,0.032600000000000004,0.0036,-0.11539494657328611,-0.061469207401270355,1.1380125211615548,0.7586057560032836,0.8680315568169403,0.7261445589463049,0.6351184111734903,0.5290301542482571,0.5937592532351432,0.7807420679233841,0.9201881962329723,0.9071229174677452,0.9330236927251851,0.580742488150758,0.3856054683212662,0.4026237121715961,0.7708626369478203,0.6802561029614117,0.0,0.0,0.0,0.0,0.0,0.0,0.0,0.0,David Navara,3001.0
19.417494589703335,157.5580429877763,-59.76140268911081,-15.675436356194274,-10.591337089161339,4.0,-5.663651419459522,-36.850664065792486,-10.03763525577843,15.057321497275234,0.23110000000000003,0.3553,19.9,0.06810000000000001,0.0113,0.0683089167586745,-0.2575651670438311,1.808129395456481,0.4959497330442003,0.8400700339558573,0.7744206805422191,0.6435981676600433,0.4851052742925768,0.5868846993835162,0.6456037214673813,0.9601341707108194,0.9115395361083267,0.7935653122600963,0.8698287243120995,0.5147378407989802,0.24464928196682142,0.7396666198137607,0.8778985507246377,0.00300438596491228,0.0,0.0,0.0,0.0,0.0,0.0,0.0,David Navara,3001.0
17.457416398701955,158.69839797511446,-59.426916462022845,-15.243725563544492,-11.01902349266213,3.996363636363637,-7.897941031206133,-31.855529549886523,-10.793661388400787,13.386600927313586,0.2414,0.4037,21.5,0.059199999999999996,0.0035000000000000005,0.22622697891534777,-0.1995533378890624,1.4530210142188822,0.5341050462445998,0.8502840052339945,0.8829131289172496,0.675687513456461,0.46608417279543934,0.5417528053801405,0.5814788320455586,0.7262584842624913,0.8624289076396373,0.7790672441346788,0.5070686720230866,0.41892208094173233,0.6708472833181613,0.9058907477364034,0.7657817081599734,0.00172413793103448,0.0,0.0,0.0,0.0,0.0,0.0,0.0,David Navara,3001.0
20.934293137025524,204.9223243355321,-61.88553074489617,-13.954221418397989,-11.684846462152258,4.0,-1.9338850594792873,-37.76004442367982,-9.941529242545796,9.388995861358977,0.2344,0.4285,15.9,0.07400000000000001,0.016499999999999997,0.01612339850773637,-0.3496866892304074,1.4286862002205805,0.8666548669120081,0.8243153834441456,0.864478215444821,0.7996016706151361,0.47688375172799696,0.6471580684820204,0.6612611691244207,0.9423105114687385,0.8410161556603931,0.9133279073973594,0.7502804599641244,0.47089874190660674,0.5014225258350435,0.8473533976389419,0.8463794326886337,0.0017543859649122799,0.0,0.0,0.0,0.0,0.0,0.0,0.0,David Navara,3001.0
20.075459137789842,186.87229092397357,-54.72884513110115,-14.740168750941269,-10.32417734891572,3.9895833333333335,-7.750795035793622,-26.914570294533,-10.84691654393681,11.85819950968594,0.23679999999999998,0.44029999999999997,18.8,0.06620000000000001,0.0053,0.049166187557542713,-0.18556340174761227,1.4976281387722576,0.7840479771352289,0.9242680348258707,0.7475547123480824,0.7732609346426922,0.5113582785627113,0.530263347161607,0.5659615222371414,0.8581736831111618,0.9753442787096086,0.7914321624048835,0.6467033691644729,0.35981979685376575,0.6579036409550241,0.6767362276655338,0.8466584566440858,0.0018050254452926101,0.0,0.0,0.0,0.0,0.0,0.0,0.0,David Navara,3001.0
18.630507887116046,176.88243529794053,-64.3868002938221,-14.381979796768695,-11.29274677006092,4.0,-6.562980795888171,-38.38271624406586,-10.050379797503254,12.284003110464804,0.2552,0.4575,16.7,0.08109999999999999,0.010199999999999999,0.136922533704436,-0.3043899905439279,1.3916926927831814,0.63415645481178,0.9132673299458498,0.8975852272727274,0.6397324263644213,0.5092813489014376,0.4518922747890349,0.5617212816424251,0.870279077540107,0.9611153552330023,0.7092031130634071,0.4596702399435234,0.5439451191676046,0.512308359976105,0.9421750213733138,0.8701376748251748,0.0,0.0,0.0,0.0,0.0,0.0,0.0,0.0,David Navara,3001.0
19.63521013668524,198.15059300585312,-59.18057093258517,-14.427416550951378,-11.055246055944242,3.991428571428571,-6.015765542617876,-33.53438261603342,-10.71093401015307,12.571745271686229,0.22080000000000002,0.5845,20.1,0.097,0.0246,0.14474391476828746,-0.4357646437330547,1.4705412803308036,0.7765102432320393,0.7469741878280632,0.8660727977614219,0.5360684434247596,0.47696767908234106,0.4750921537237717,0.5104255020031069,0.9350530795208456,0.8692929292929292,0.8829821452909907,0.845732126605319,0.5699732323309645,0.4467905420413637,0.7944791036195827,0.8937390516460283,0.02897248345524207,0.02288401253918495,0.00808080808080808,0.0,0.0,0.0,0.0,0.0,David Navara,3001.0
20.066849607364315,192.6424357178769,-51.44811473538168,-15.24088199382317,-10.458112251482131,4.0,-2.7611878725849315,-27.745856077473725,-10.148329383035264,10.90625284301755,0.24850000000000003,0.4774,15.5,0.04750000000000001,0.0066,0.1349206349206349,-0.355830699801288,1.8107755153343388,0.7932657160398568,0.8880052956751985,0.9285049390588445,0.6039867126550056,0.7847722584025256,0.6329810423401604,0.6468013096697471,0.9012898751733702,0.9031206657420249,0.8643381442367988,0.7910897929829969,0.6259558797908313,0.7388989273309907,0.8543006268587258,0.889237749872321,0.00272584308928882,0.0,0.0,0.0,0.0,0.0,0.0,0.0,David Navara,3001.0
19.09880133373872,169.71247054190616,-51.17820061874935,-15.307363126103345,-9.480101137671593,3.9984615384615383,-7.800923528321249,-24.81309128719582,-10.874205308784024,13.099022230865149,0.2432,0.3955,19.9,0.0635,0.0056,0.1776092555975205,-0.29811390432642176,1.3971116461415198,0.5690018818120277,0.8487041631150636,0.8097055620027733,0.7988159576042072,0.5019545567643187,0.48350944202585344,0.6321272752718429,0.9632721545334235,0.9538586949607522,0.7135725014537668,0.6689752050425307,0.35014434978844505,0.5912364110778919,0.7979834698497074,0.8097801095139072,0.0,0.0,0.0,0.0,0.0,0.0,0.0,0.0,David Navara,3001.0
18.383368876705386,177.8489836956143,-46.49820148305261,-12.47652862490003,-10.50711949549518,4.0,-4.641708906421508,-24.46422088409084,-10.189093926707043,11.780470354561995,0.22140000000000004,0.38580000000000003,21.7,0.0539,0.0033,0.08111634401404222,-0.26309857082677746,1.215306468453159,0.6756911601516148,0.8974821295209645,0.8866248840673393,0.6881393060211496,0.5127871361226101,0.4194264851133064,0.5332259771186016,0.8850874144413723,0.8562325684684622,0.6788242864683333,0.5463910342121031,0.4694375632881256,0.7568610119633137,0.718717940913752,0.924165757906216,0.025219880517756383,0.0,0.0,0.0,0.0,0.0,0.0,0.0,David Navara,3001.0
18.412878383635892,171.3449272134506,-56.6523825218852,-16.440617311205514,-9.783968503248639,3.997183098591549,-7.15129735866208,-28.071689405367657,-11.46809314966475,12.26610010767189,0.23699999999999996,0.47459999999999997,22.0,0.054000000000000006,0.014100000000000001,0.3702563927426498,-0.11559126453299555,1.4050842591424502,0.5551545127706075,0.6557152330930445,0.8171228794290956,0.5073114747472633,0.5132345022833351,0.7190431557202028,0.4810839006593202,0.7976095880754014,0.7587844576621692,0.7188181369764174,0.661735230869817,0.2615682668315207,0.5832931405781147,0.8393024464319787,0.880178867185446,0.0452357160545662,0.00909090909090909,0.00808080808080808,0.0,0.0,0.0,0.0,0.0,David Navara,3001.0
19.12707506763389,175.22753548085902,-56.049547389624685,-15.937538844597668,-11.372784766626769,4.0,-4.556636500754148,-30.21657868275516,-10.968066580478347,13.002057985587395,0.221,0.36119999999999997,20.3,0.05689999999999999,0.0087,0.19951437669084726,-0.1840837702602408,1.5935700280112044,0.630464342239991,0.7444880145775423,0.8203758010322758,0.5532058456402289,0.4898275642135507,0.40155588407799236,0.7428327492452904,0.7887536885068462,0.8397357196149413,0.8079779764815284,0.6185886115608747,0.26915918003188144,0.6000951719583233,0.7705892268960419,0.7744438556203261,0.00812973430779185,0.0,0.0,0.0,0.0,0.0,0.0,0.0,David Navara,3001.0
18.73117380646983,183.85752095422308,-58.85315851604988,-14.951476960033853,-11.56133539388448,4.0,-4.22287316872192,-34.84985961578238,-9.691612080696261,12.423998703069007,0.2124,0.4669,15.1,0.0501,0.003,0.07597551469429363,-0.1500577545258396,1.7710849891539069,0.7461492381217152,0.9284307359307359,0.7373005580808932,0.6379830349112421,0.5735722285729314,0.6722580686927392,0.6389295606716325,0.9205441477378138,0.89636394805597,0.9227272727272726,0.9191979949874687,0.588180318641361,0.3859266840053081,0.8411495338942789,0.8427414778677816,0.0,0.0,0.0,0.0,0.0,0.0,0.0,0.0,David Navara,3001.0
19.420369559443447,179.67031126490144,-62.98071618821073,-14.887869324577233,-11.837187414250032,3.9952380952380957,-4.952777492438509,-36.616151620798874,-10.956507399894749,12.274538968510578,0.2186,0.44449999999999995,22.9,0.0907,0.0066,0.10340243091893404,-0.16720806467461236,0.9466746429579305,0.6300858584294797,0.8418687113263384,0.9162337662337663,0.46314594170517703,0.5645726405074881,0.5310132878278442,0.5781203150695977,0.8240965445466724,0.8255148339201398,0.7495131589358908,0.5676661142114781,0.37437942346638,0.6604891774891775,0.8341368516321918,0.8292483588196451,0.01133333333333333,0.0,0.0,0.0,0.0,0.0,0.0,0.0,David Paravyan,3147.0
18.316892009352536,166.64530976929709,-62.80990589924595,-16.815516969612098,-9.853456995980583,3.9736111111111114,-3.8018499693291403,-37.962935692336046,-11.065356623897816,12.71559924079862,0.2198,0.22920000000000001,19.3,0.0831,0.0032,0.11727957073241413,-0.1302546899880664,0.972992237904039,0.5981871066239326,0.7729909581125499,0.7853515076741909,0.5343583045267438,0.6382120682725982,0.4006195898304079,0.4529896772793832,0.8893645061940681,0.8648356148162792,0.8881106783170157,0.3039254831485938,0.22895611532693577,0.628479808267237,0.7993321465494038,0.8061752901969268,0.00074626865671641,0.0,0.0,0.0,0.0,0.0,0.0,0.0,David Paravyan,3147.0
18.734604931411617,187.3694342933049,-66.92244612689458,-16.989654463385257,-9.46220992814705,3.975714285714285,-1.8324686175691258,-41.61246911937563,-11.037189535638403,10.035831251506586,0.24379999999999996,0.3981,20.4,0.07730000000000001,0.0038,0.06253937403456158,-0.22070602368293568,1.146606278537695,0.7582176811282877,0.8261731290945493,0.8247718385979365,0.5807557749196706,0.46972834850535194,0.40641925451175076,0.4805809916836369,0.9159926412281537,0.847657190767114,0.7612473942088439,0.5761331473888073,0.21970169914166543,0.5513291016658964,0.6976656757538909,0.8133188715162267,0.0,0.0,0.0,0.0,0.0,0.0,0.0,0.0,David Paravyan,3147.0
19.400231832888522,173.75735630156535,-73.29061656044432,-15.96761528085529,-13.782804575216195,4.0,-3.073561842573101,-46.44186001986846,-10.984707006319763,12.959932164388473,0.227,0.31320000000000003,25.0,0.1016,0.0119,0.35068640960016184,-0.2765782224344864,1.1301081117417815,0.6403814457314052,0.8212013148302268,0.7606278762431928,0.5981383164844057,0.5613840834331467,0.28257606889895137,0.4307603909145869,0.851787677168331,0.8045784772508551,0.7944498348113388,0.41050970564346423,0.3309763189807612,0.6596031438707473,0.7098166624741492,0.6778540390919614,0.0371900826446281,0.0,0.0,0.0,0.0,0.0,0.0,0.0,David Paravyan,3147.0
18.80909726181335,173.1196927026672,-58.44238572421141,-15.552048659694536,-11.020701118054786,3.9949088149542367,-4.979937465742256,-33.11052107611242,-10.716864816813874,12.942778597252223,0.2246984711211778,0.3838816534541336,20.26925254813137,0.0727327293318233,0.0089354473386183,0.106286515416516,-0.2518207328218471,1.274551239036944,0.6446250876991085,0.8772984745484448,0.7916956088047815,0.5963490397712263,0.5812721529794476,0.4617398689596579,0.5274793038292378,0.8847712134568152,0.8586998719384994,0.8303435003080978,0.5097983880702807,0.3961251988213034,0.6423362820464227,0.7620968847340307,0.8212055771823619,0.0606371989174831,0.0311329274535197,0.0298507462686567,,,,,,David Paravyan,3147.0
19.621455229482983,179.33182960319465,-58.7437527873465,-13.90809592940523,-11.25836647966133,3.9958333333333336,-6.7774220324908185,-32.74986363335154,-10.152558363517093,12.106720317746172,0.217,0.41150000000000003,21.2,0.1199,0.0123,0.3089389193575626,-0.17691729917773558,0.9740102083050376,0.6393689513166362,0.7836700619027444,0.8431255685263797,0.837386617917366,0.4561329082627055,0.5173478404537293,0.5773590199509712,0.8737341586696946,0.7921459566913447,0.8894301470588235,0.27241126020181705,0.4309501374484512,0.7658595729561364,0.8916970101094861,0.8979287790697674,0.0,0.0,0.0,0.0,0.0,0.0,0.0,0.0,David Paravyan,3147.0
18.017426849033992,180.68535527223025,-55.27895454762911,-13.987602975102973,-10.316809403251822,4.0,-5.843498500641358,-30.669741793848942,-10.615229843890559,12.153927969106542,0.2669,0.4473,17.3,0.08950000000000001,0.0127,0.1520142918357204,-0.5439488828774544,1.4387443976729692,0.7099768948899523,0.8514704797023211,0.892202061974096,0.7429698652076906,0.6693424814760424,0.32341452342038174,0.5854305709327708,0.7726834605311244,0.9311555926234825,0.8477126711171298,0.6826427479408326,0.300452030143303,0.5910912939808443,0.8318495245276696,0.8421248250104911,0.0,0.0,0.0,0.0,0.0,0.0,0.0,0.0,David Paravyan,3147.0
19.19664798114694,164.115414570224,-68.19678126353651,-17.292364307778108,-11.08731530169866,4.0,-7.620077966189612,-40.262191241828376,-11.582509174819629,15.64767672877787,0.19970000000000002,0.49140000000000006,25.2,0.064,0.008,0.18815385149975444,-0.17178996525931953,1.4830291575658523,0.5623673326806966,0.8998014218197705,0.7686464899771273,0.4831812554851388,0.4810442918952028,0.5184321479830396,0.47619797255183816,0.7125685492443243,0.8972139222298775,0.8645332203437306,0.458604030662905,0.3958463304761777,0.7983722109796361,0.7220021940930349,0.7811647718493921,0.01612903225806451,0.0064516129032257995,0.0,0.0,0.0,0.0,0.0,0.0,David Paravyan,3147.0
18.807013885460798,170.3282563123486,-58.921941596929365,-16.721963981487473,-11.22860261766986,3.9938775510204083,-5.411765625048993,-32.04447119901517,-11.541031634205584,14.032015909477305,0.1832,0.34450000000000003,26.8,0.0697,0.0058000000000000005,0.062333581469015964,-0.19416324234892396,1.3446562738541084,0.5683951018286357,0.9666666666666666,0.7885075968073956,0.4864291958365527,0.4863190247181735,0.6134828304989162,0.4743649817787022,0.8984020881079704,0.9074068476311389,0.8801321095257375,0.31433189640611126,0.45056165026088246,0.7045002378620289,0.6510851231881426,0.673235790107886,0.0153539750409691,0.0,0.0,0.0,0.0,0.0,0.0,0.0,David Paravyan,3147.0
16.80902958840597,150.85985706026926,-52.928692254267524,-17.34597439124987,-9.756131103917122,4.0,-4.108103101269796,-28.307855388978766,-11.694805497832244,14.284177228980278,0.20820000000000002,0.3329000000000001,22.9,0.0914,0.0072,0.07355510713798497,-0.22513702557046206,1.1842030515045856,0.5134776539585819,0.9020972374757118,0.5679782499277383,0.33196164736845174,0.38385979571440443,0.38529244937821017,0.7081706051942558,0.8379574987072539,0.7694689212305308,0.8370735328213923,0.3979517361299371,0.2919437886270822,0.4402468001917432,0.549489029489046,0.6903509072616704,0.03223684210526316,0.0,0.0,0.0,0.0,0.0,0.0,0.0,David Paravyan,3147.0
18.77851420223505,181.92681351342068,-61.07168267691503,-15.894896288084151,-11.713460204038645,3.998765432098766,-4.535973689479105,-35.007027199565286,-10.118222495954758,12.19913176810814,0.21300000000000002,0.43089999999999995,18.7,0.057199999999999994,0.004200000000000001,0.024642610780933088,-0.1349043865778074,1.3518574552431577,0.7480597057103238,0.8650694584481637,0.7047643350099603,0.6356219300506273,0.7026817311938742,0.5736346031138803,0.5951529550171542,0.8273987169759621,0.8786638068877298,0.8236243900308462,0.6515441692168455,0.4706004784459612,0.5368147876478353,0.7459305651400647,0.920249776984835,0.01411600279524807,0.0,0.0,0.0,0.0,0.0,0.0,0.0,David Paravyan,3147.0
17.617066859804314,156.90093874690862,-58.761775129227054,-14.573952241524339,-11.951520857240933,4.0,-5.491175329408419,-33.25890704894365,-10.599312840298818,13.113093188189094,0.2271,0.3637,17.4,0.06110000000000001,0.0025,0.0922403447842199,-0.18724986784780415,1.13325467679864,0.5544573660925697,0.899449233716475,0.8630020256367145,0.6499824012319088,0.5626489426764671,0.5437122017417444,0.44864941436973693,0.9602087286527514,0.8276326225516526,0.6975065322616316,0.3626397217039142,0.5903120576566052,0.6913761023504693,0.8068855257950014,0.8618087319549362,0.0,0.0,0.0,0.0,0.0,0.0,0.0,0.0,David Paravyan,3147.0
21.121320450593185,200.19915361853433,-45.997947062047146,-12.688203663435889,-9.780841249725722,4.0,-4.062807515113989,-25.320790622810556,-9.559620967330675,11.414316956369683,0.2756,0.342,14.1,0.0474,0.005300000000000001,0.022259245894424833,-0.27704090087940175,1.4205268538532168,0.8096958910642378,0.9591035926055109,0.7978168241097421,0.7875316489608417,0.6936315130300708,0.48854185506864756,0.5905674670535117,0.9819148936170212,0.9841702127659575,0.8824651779439014,0.46386356896195957,0.47863634521859977,0.7685982304530196,0.8567840347749802,0.9305525590315235,0.01063829787234042,0.0,0.0,0.0,0.0,0.0,0.0,0.0,David Paravyan,3147.0
19.112712684566922,187.4768230824999,-63.00155814913656,-15.16214004635341,-10.744581997323364,4.0,-3.4903880818068997,-39.58157074795233,-10.107583009555276,12.084705733854726,0.2311,0.4896000000000001,18.0,0.0667,0.011300000000000001,0.11698618397338072,-0.09110961518104373,1.6462749568966761,0.7740298039841951,0.8681229154095884,0.7884353576058878,0.5287419248926076,0.5760770851870621,0.5912898778244456,0.6549654521205492,0.8299722426524158,0.796878920890628,0.898919279183793,0.6143247163679187,0.4479008349950158,0.7837080365948387,0.905554152821292,0.8636334386724493,0.0,0.0,0.0,0.0,0.0,0.0,0.0,0.0,David Paravyan,3147.0
17.942980898386487,170.4818687333647,-51.80687175147314,-16.699218246292716,-10.445184321733842,3.9899999999999998,-5.407229284456678,-25.31068675709633,-11.071778815156474,13.137225673262908,0.2407,0.43310000000000004,21.4,0.0891,0.0097,0.012247051116731966,-0.1954145071831242,1.583827136958786,0.6636372189025502,0.8709829422297617,0.8255167843029755,0.5355415494122209,0.5977466911407225,0.5466235730868493,0.5479591664683413,0.8574195401147374,0.8394364698436879,0.7585155309307536,0.4894623841156852,0.5887705287677354,0.638204919352618,0.6980829621226192,0.8595468188081273,0.00153855257707556,0.00930232558139534,0.0,0.0,0.0,0.0,0.0,0.0,David Paravyan,3147.0
19.44507198181126,180.08064600524744,-66.64760490307299,-15.85543544551929,-12.46235863332716,4.0,-8.423097627584458,-37.38540770092378,-10.822852634130664,14.30154713841236,0.2217,0.5003,21.6,0.07880000000000001,0.006,0.36965951389780044,-0.13220956690214097,1.3044719572795838,0.6323355181305017,0.8564581225442425,0.7552228303046556,0.653219034609843,0.4646270454046647,0.5002889107831276,0.5060893707422044,0.9249749949824437,0.7386823319321526,0.7624823279666547,0.5907228474741875,0.5030501726185956,0.6795180521578705,0.7007536430901141,0.6556372996400006,0.00219780219780219,0.0,0.0,0.0,0.0,0.0,0.0,0.0,David Paravyan,3147.0
19.59824846802014,190.21801027523267,-65.20195391613909,-15.441023380755684,-10.938180401561766,3.9977272727272726,-4.85508890800355,-40.240278609478274,-10.387964825994006,12.662854936926927,0.24130000000000001,0.4055000000000001,19.4,0.1119,0.0173,0.033634869092626654,-0.309802738139315,1.0665648595381758,0.7249184413936289,0.9451717961244096,0.903146507831843,0.6647529356829505,0.6949653503758136,0.3527569684520545,0.5931039607381801,0.8529480905876999,0.8531271177677382,0.9637362637362636,0.3730658256580543,0.3366945665634516,0.6640648958531816,0.8497258900630662,0.8762236863884422,0.00109890109890109,0.0,0.0,0.0,0.0,0.0,0.0,0.0,David Paravyan,3147.0
19.60256543715868,186.1287636937762,-63.175343410471456,-15.945657489962874,-11.489893420559643,4.0,-5.047696719911988,-36.11466847249075,-10.563214346493446,11.98578703894724,0.23800000000000004,0.17830000000000001,20.2,0.10369999999999999,0.002,0.0015025539055576575,-0.36515356103591395,0.9700352750665642,0.6979571646726928,1.0,0.8225121235165391,0.5074858359404442,0.5959965754519547,0.4434856738847494,0.6067312397230195,0.7813130882467554,0.8190262522559916,0.813617114788625,0.46766448441652775,0.26977290321716074,0.8412793227202997,0.820932780541628,0.8405168442005622,0.0,0.0,0.0,0.0,0.0,0.0,0.0,0.0,David Paravyan,3147.0
15.959701716619957,135.17794194687121,-65.14539723265366,-16.249914887051037,-11.806004715821166,3.992424242424242,-6.347371386147194,-37.97325188394432,-11.103401395116952,14.342122793002764,0.2274,0.4412,24.8,0.0623,0.0017000000000000001,0.12588333395597512,-0.26789325900243643,1.0793674704963399,0.3762784135843999,0.8452297267344289,0.7094846411942666,0.5369591405140606,0.4856590602740115,0.4151481501855053,0.2958620945614502,0.8125551520002265,0.8495872501273416,0.7762517322898834,0.6034363562319985,0.16190859908079935,0.42594771703749845,0.7081505253057245,0.6487194417639619,0.0,0.0,0.0,0.0,0.0,0.0,0.0,0.0,David Paravyan,3147.0
19.859700353205255,186.03774614451453,-61.20214754005151,-15.732390940577215,-11.594021440252625,3.9987654320987653,-3.7091922016799463,-37.180001920283786,-10.566531815134757,13.58122534577804,0.2011,0.3102,23.7,0.087,0.0128,0.045985695948931246,-0.1600969473518493,1.046792715363794,0.6920354600979642,0.9122867801064147,0.7428642415431133,0.7051323587447167,0.4871278957247419,0.5621501807798859,0.3742671356497856,0.857539949600317,0.9581011508176862,0.8509457781580891,0.3838211297371351,0.3364503339672948,0.6860846143998109,0.8321548120248672,0.8611644225890801,0.00278643129110418,0.0,0.0,0.0,0.0,0.0,0.0,0.0,David Paravyan,3147.0
17.245988251666013,164.62772097665723,-59.50086708617884,-16.134168976575115,-11.110063998923662,3.9953846153846158,-6.310226570036356,-31.536291494456627,-11.107911793638332,12.702411132066635,0.20529999999999998,0.39049999999999996,23.8,0.0571,0.0054,0.182367453060786,-0.11980344876332831,1.785314829173871,0.6300526282681955,0.9306975929119178,0.7871290250974383,0.5264217812634573,0.6976197272744399,0.34802977257715295,0.4113106169410271,0.8336469447822393,0.8677648119353464,0.8970615287795903,0.5834091011057853,0.4803076360654016,0.535114676116436,0.7377974081718575,0.8482235842964393,0.0,0.0,0.0,0.0,0.0,0.0,0.0,0.0,David Paravyan,3147.0
17.00719049463813,152.0240688883429,-60.64380643325198,-16.24026237042566,-11.78463157708789,4.0,-4.980484098295168,-34.42672418564685,-10.706286619949017,13.494582418152595,0.2355,0.3841,23.3,0.0581,0.0066,0.23678691179860317,-0.24478845131874438,1.7447628907602009,0.5157423934918475,0.9307491721854305,0.7772644607134692,0.418956389111291,0.5816235014811028,0.5829106303614913,0.48683907301610063,0.9055565132081517,0.8131326575307417,0.9157017598151471,0.8288131366350544,0.3898502109932701,0.39950774868557404,0.7706557826805243,0.7617713992852477,0.00117507216844964,0.0,0.0,0.0,0.0,0.0,0.0,0.0,Dmitry MIschuk,2814.0
17.615467001575567,157.0785681693223,-77.81280005890399,-16.615810887398247,-13.03218341760226,4.0,-9.481149097857621,-46.73747591017893,-11.185567717022128,15.239386971155216,0.2049,0.2986,29.6,0.051500000000000004,0.0026,0.06972003470664631,-0.19198086961480948,1.5071853704118476,0.47243931196138644,0.8937892533453174,0.789585547528435,0.5703555403814037,0.328899889928457,0.4027663126679535,0.33875102029834014,0.7876334044254921,0.8440515375436229,0.8666262092414089,0.41243107670063595,0.3396058849391808,0.48066820740759797,0.7388127419679578,0.6833377556268867,0.00051282051282051,0.0,0.0,0.0,0.0,0.0,0.0,0.0,Dmitry MIschuk,2814.0
18.83674826899608,173.72787556048428,-61.67481622318434,-15.516850916169602,-12.0087059509431,3.999121001290205,-5.278297757769667,-35.13647596177721,-10.558497233092902,12.824890595277926,0.21384388185654,0.4451181434599155,20.675105485232063,0.0517848101265822,0.0058565400843881,0.1239223682839394,-0.2775078329938633,1.5178165507476078,0.6545180243487124,0.8739324740146741,0.7988219193775643,0.5626618640896838,0.6078333438582156,0.5180572984945814,0.5000573023354608,0.8979674986501034,0.8630298943426143,0.8408443035917053,0.6353890739534704,0.4241350208607282,0.5313663231267217,0.7858236999251229,0.7990718934276148,0.0203419798510016,0.0148072598264008,,,,,,,Dmitry MIschuk,2814.0
18.153098291551494,154.3782018724729,-55.02565060727569,-15.855318431429215,-11.698102450461807,4.0,-3.699722091753748,-30.24258423618026,-10.4782025091122,12.94827911166154,0.209,0.4788000000000001,18.5,0.05890000000000001,0.003,0.06598310600137618,-0.43980731888280655,1.6043543621413534,0.5049883062928059,0.9469135802469136,0.8360915117236957,0.5642659343561995,0.6909551160531553,0.49147488326087013,0.43590181000359757,0.9173721340388006,0.8071152166892531,0.8693561464990036,0.8283052749719417,0.502834574907404,0.3598552982613703,0.6226494147281951,0.7288924214382628,0.0,0.0,0.0,0.0,0.0,0.0,0.0,0.0,Dmitry MIschuk,2814.0
19.521742281924094,170.43243345668193,-60.78930782555371,-15.187764336118482,-11.015271964297346,4.0,-7.909596847632658,-35.78191006982817,-10.855691520580127,15.96092691290308,0.22159999999999996,0.48310000000000003,22.3,0.05840000000000001,0.0033,0.2654199494131363,-0.4898007110679387,1.6998234986223977,0.5862215687485061,0.9237367530688141,0.7014917192336607,0.6845779086873914,0.5558277122537325,0.47879085564143165,0.4796547260867611,0.8622698193552489,0.8628623391027972,0.84443760544276,0.7355450886246712,0.3804530723825656,0.45684743796635885,0.9021150092819525,0.7447137325312257,0.0,0.0,0.0,0.0,0.0,0.0,0.0,0.0,Dmitry MIschuk,2814.0
18.897588180071203,177.2075295385601,-65.04237468671454,-15.334423255215153,-11.407254147035115,4.0,-6.963254359609789,-38.22870004697178,-10.81309582191093,13.70435294402824,0.2448,0.4875999999999999,18.0,0.040799999999999996,0.0031,0.14180851012921109,-0.28563340113076346,1.4470367541495208,0.7140878509750197,0.8344506176219124,0.8325156533246398,0.4806247375439474,0.6553797995805883,0.5672878770741953,0.6866995104558316,0.9213745865318603,0.7846839458853198,0.8684282872360743,0.5994709557791593,0.39323590728560376,0.5056539096260836,0.8673689611835641,0.8398898297498218,0.0,0.0,0.0,0.0,0.0,0.0,0.0,0.0,Dmitry MIschuk,2814.0
19.89946657729704,192.1466505208385,-64.65323756888321,-14.97189336345777,-13.243464327886226,4.0,-6.43492474008558,-35.777140915179174,-9.995062871822013,11.769248649547565,0.21159999999999995,0.6343,17.2,0.0375,0.004,0.22000119773237764,-0.3220093562847305,1.4993828045656965,0.7906394080020067,0.8748119904678289,0.8212257619465696,0.5768080082779381,0.7311863476733977,0.5721681612943684,0.44789200008361546,0.8649376332622601,0.8209394205443372,0.8428544776119402,0.7391262594590075,0.6936883648981981,0.5280269660102846,0.7261165182490906,0.8334135206321335,0.0,0.0,0.0,0.0,0.0,0.0,0.0,0.0,Dmitry MIschuk,2814.0
17.837956735530263,164.47147921931008,-49.39245748844286,-16.313686558539498,-10.804982175085197,4.0,-4.028925241425242,-25.585069906944906,-10.822823679588385,14.163030073140368,0.2285,0.3714,20.4,0.06649999999999999,0.0114,0.11930101897013663,-0.30523844891491947,1.3140641507185626,0.6047738763719526,0.9601036269430052,0.8270285688385279,0.5173125048738327,0.5889233629551078,0.47677674427171424,0.5126945689275135,0.9342324494564664,0.9366631570197557,0.8444069346820994,0.6841478224250801,0.4124881019589582,0.3439383444388828,0.7443532841645142,0.7164915960970208,0.0,0.0,0.0,0.0,0.0,0.0,0.0,0.0,Dmitry MIschuk,2814.0
17.612416604180137,163.97888451592033,-54.89359933670836,-15.372699381477451,-10.97047577113462,3.9987179487179487,-4.291810145466384,-30.00385932290255,-10.683691844356044,12.430219179910736,0.21639999999999998,0.4277,22.6,0.0369,0.0,0.34298325459767975,-0.5892700758449612,1.4928696020614889,0.6190124210672499,0.8998418335272795,0.9659556130144364,0.47808728630784375,0.5583237666969173,0.4784554266017917,0.45301969661867697,0.8770581704854006,0.8703283552496476,0.8982338981096231,0.6482728814327592,0.5529147984085555,0.48877023033638844,0.6713783030987333,0.7356297835433293,0.0016806722689075599,0.0,0.0,0.0,0.0,0.0,0.0,0.0,Dmitry MIschuk,2814.0
19.224712844397292,169.78525785744876,-68.9956059095297,-15.57925186868135,-12.823037524092857,3.994033264033264,-7.5410944393824675,-39.38874731162683,-11.29859503262509,13.641087002845637,0.1879,0.4622,24.1,0.0634,0.0015,0.13991661995433852,-0.21108383555935345,1.2204980603031494,0.6496470768570266,0.8549529623498018,0.7873192557043024,0.5180332921651118,0.5684728813811569,0.6153008840043477,0.47889807280466223,0.9263420734167003,0.7771544009331424,0.7414164445762423,0.6184834401825828,0.39062210481152304,0.5330269243221778,0.7014440255592514,0.8295329485067418,0.00051282051282051,0.0,0.0,0.0,0.0,0.0,0.0,0.0,Dmitry MIschuk,2814.0
19.637865074292666,171.28060147984112,-59.36585622103989,-14.596819171098511,-10.527117238518299,4.0,-6.266440263837526,-34.7857843149903,-10.252500843474806,13.062805610879565,0.21939999999999998,0.5096,24.7,0.0381,0.005699999999999999,0.12700196735114372,-0.1893335173512764,1.3808399848604465,0.6159092291595852,0.9099373804478248,0.8757381065275801,0.6203955702484483,0.6346575791362354,0.5450390906658894,0.5258817195798295,0.9470588235294117,0.9201084689194827,0.7611469701870597,0.6462042715506795,0.4058563712599755,0.423377538476662,0.6751474778818672,0.6772979026097683,0.0015795206971677502,0.00185185185185185,0.0,0.0,0.0,0.0,0.0,0.0,Dmitry MIschuk,2814.0
20.263627492705997,175.33947220953306,-59.71837260764697,-16.458820090617102,-11.836620189848778,4.0,-2.725090030493223,-34.57224262248129,-10.351402246573173,12.225802572366593,0.21710000000000002,0.3761,20.8,0.0305,0.002,0.220025353280003,-0.15425825321945472,1.5647954645557756,0.6487890509138396,0.7491703409600211,0.8565296297604048,0.6424233961868534,0.7050997503971599,0.49653673391905373,0.5749000448746481,0.9648936170212765,0.8338285159678616,0.7539147311675447,0.5313709281599344,0.45094719056327737,0.7084041760950008,0.8390299745760391,0.8184944188287355,0.00099009900990099,0.0,0.0,0.0,0.0,0.0,0.0,0.0,Dmitry MIschuk,2814.0
21.438655905516008,196.67181578770888,-52.083610757680766,-15.478405502192501,-11.461767971922978,4.0,-6.827560203207452,-24.5712022441881,-10.527088957998306,12.78241412182858,0.23159999999999997,0.44530000000000003,20.7,0.0523,0.009600000000000001,0.2443281289125659,-0.2386869372226068,1.7503093236397222,0.7634309782731943,0.8516720131812354,0.8480810354850034,0.7279885642248624,0.6619105993241595,0.6132358141987417,0.5685584964045729,0.9779661016949153,0.9425356125356125,0.8984900284900285,0.7249742232195115,0.42172415339803837,0.4861743515648797,0.7152387448122822,0.8134911178852834,0.0,0.0,0.0,0.0,0.0,0.0,0.0,0.0,Dmitry MIschuk,2814.0
20.3087984972298,182.97369756669235,-62.123640524688085,-12.436336425296705,-14.119535931445938,4.0,-9.024315130150313,-33.68640527294877,-9.107078017615121,12.250030252768779,0.23609999999999998,0.4976,14.7,0.0671,0.0095,0.06327122943751488,-0.25222076293389695,0.7645896076974197,0.7119237060786494,0.9156714667438118,0.8393694674755331,0.6738219755668384,0.6717037847330285,0.6300682430120191,0.5463788620677841,0.8866988205889245,0.9198148824747291,0.8223180911160451,0.7479196956143777,0.3261621502013131,0.5854379956991128,0.9018661373789538,0.9239063761097658,0.0016806722689075599,0.0,0.0,0.0,0.0,0.0,0.0,0.0,Dmitry MIschuk,2814.0
17.703255086894515,169.35137283046814,-63.205210618922706,-15.929114533872124,-11.978264899158674,4.0,-4.255671988836641,-36.224453303281386,-10.848717507303332,12.031011613529452,0.19749999999999998,0.44320000000000004,16.4,0.0627,0.0056,-0.007605085318238081,-0.12184299615253702,2.016891868657614,0.6888950433973264,0.898060606060606,0.8043606844702735,0.6419234839234839,0.4920933110522152,0.5547813380598768,0.5846396076441739,0.874315206863152,0.8847484894608183,0.8057394457394457,0.7269009377228555,0.4902723689299032,0.5000754554087886,0.7511717171717172,0.8037777777777777,0.0,0.0,0.0,0.0,0.0,0.0,0.0,0.0,Dmitry MIschuk,2814.0
18.359508270540033,185.49445712172854,-68.41367521805857,-15.747703075268936,-13.383300817721855,3.9987179487179487,-5.095972374305657,-39.85254058595095,-10.34397257515219,12.011096261623063,0.2065,0.4631,18.9,0.0443,0.013300000000000001,0.19406397400199102,-0.2343568758100337,1.2887007923511784,0.707708058789664,0.9359001636661212,0.8328716019354317,0.5709264090524526,0.5540171687524234,0.44300495351343716,0.616678427058174,0.9188842688842689,0.8720982960982961,0.8136720123386791,0.6204219863022269,0.23817822957763704,0.5714217231233121,0.7460461927791131,0.7113516919102698,0.0,0.0,0.0,0.0,0.0,0.0,0.0,0.0,Dmitry MIschuk,2814.0
16.901874540256287,150.7506537813545,-66.42132206865968,-15.758769663493672,-13.692674171937416,4.0,-5.699127920524809,-37.61330141195279,-10.673309885045384,13.015860984294392,0.22199999999999998,0.3517,22.2,0.0441,0.008799999999999999,0.1846970570219449,-0.44497699118264633,1.5811681001893463,0.5124216843702137,0.8975358669108668,0.8984126717214952,0.4587199068816716,0.6634172771672773,0.3535249482675953,0.396300241337006,0.9040709459459461,0.8653650483062247,0.8957037815126052,0.764942747369218,0.3979622855725796,0.3134690035057682,0.6649998083086317,0.8189987207634266,0.0025735294117646998,0.0,0.0,0.0,0.0,0.0,0.0,0.0,Dmitry MIschuk,2814.0
17.951171287200616,176.14913093807718,-69.76947412394682,-15.875830283168028,-12.170298845208482,4.0,-5.25821089126911,-41.523103296291715,-11.236183089007149,12.294152280997672,0.2283,0.37239999999999995,21.6,0.053500000000000006,0.0046,0.35860018997875787,-0.23453239408170473,0.9851788448977358,0.6638279875652471,0.7780252315554137,0.7641106671938485,0.5447044787407778,0.7297935868939514,0.5121984327297905,0.4834550109613339,0.7881437660609966,0.8360808590102706,0.56847358761274,0.4980769540499569,0.38997966903218056,0.3635268127163956,0.6776499370095148,0.7496807733434407,0.0,0.0,0.0,0.0,0.0,0.0,0.0,0.0,Dmitry MIschuk,2814.0
18.236233559562454,176.18439703748714,-60.29463975220864,-16.527083285195424,-12.240773932408786,4.0,-1.489316815142099,-35.598021095381604,-10.204776262774596,11.765331638693864,0.22079999999999997,0.5056,17.5,0.0406,0.0026,-0.009274874300145125,-0.35250280161853975,1.4572709845133183,0.7103541251074459,0.8955030725840937,0.8249066941518318,0.6987379863217056,0.620970083531324,0.505084029444127,0.5373934196244605,0.886337760910816,0.8451412257738562,0.7996229260935144,0.5864252830784271,0.61668410883603,0.5824807775926851,0.809611291806702,0.8969079939668173,0.00221609477124183,0.0,0.0,0.0,0.0,0.0,0.0,0.0,Dmitry MIschuk,2814.0
16.748180435183478,161.90241495072428,-61.68688123555065,-16.9816239473846,-12.693970116243989,4.0,-3.2544228799147668,-34.50035317679841,-11.215060759727088,12.958549644518204,0.1931,0.4145999999999999,20.7,0.0512,0.0067,0.21707855430573483,-0.08499551293871778,0.9719953797610998,0.5605432599488025,0.793022585343199,0.7202310726426988,0.5248049660768187,0.5716514721577977,0.5160408350150864,0.4568693269203979,0.8195979822066267,0.8122655971018832,0.7753061758931183,0.48080917370092163,0.31397593714273125,0.36608985781150793,0.6582805149954181,0.6903140035065939,0.0,0.0,0.0,0.0,0.0,0.0,0.0,0.0,Dmitry MIschuk,2814.0
19.591786252141638,173.8986087347723,-68.13099848537796,-16.12943322682171,-13.354304493149286,4.0,-4.798183918341188,-39.05135589814617,-10.804233822599533,12.006512873679922,0.21610000000000001,0.4559,17.4,0.07229999999999999,0.0086,0.05465116954037288,-0.37742585055678035,1.784303952639591,0.6845758644004732,0.963385518590998,0.8886045618155709,0.5469073438825193,0.755599478797329,0.46532625863603394,0.5766867762476142,0.7797841333027516,0.7624971912127876,0.8985513047844403,0.5091573358786097,0.5042250437339482,0.4857132881606708,0.8436865452511315,0.9101476282210227,0.0016806722689075599,0.0,0.0,0.0,0.0,0.0,0.0,0.0,Dmitry MIschuk,2814.0
20.08343242087603,181.4707470660313,-55.57398475303155,-15.862523998811067,-10.855740264018852,3.998474722547279,-3.5920859410067862,-31.214803320744792,-10.39451662635894,12.347210675361609,0.2184064748201439,0.4169244604316546,18.57913669064748,0.0722302158273381,0.0070899280575539,0.0757090937919644,-0.2302070954747307,1.344955842255602,0.6993112860079749,0.8937137507720956,0.8265870683964219,0.5562719900673229,0.6297357640220687,0.5539342704937921,0.5631413982474772,0.8989450713938739,0.8756489793302135,0.8540431373213979,0.5381082920314666,0.4885714896577061,0.6267525182930668,0.7935131334125467,0.8298644898547669,0.0439549703094986,0.0875,,,,,,,Eltaj Safarli,3007.0
18.91003651683344,169.04476117929897,-67.60823906174298,-16.594760954224384,-10.97827753594006,4.0,-7.252275728319425,-39.092482497819745,-10.799085268643681,13.10864292320432,0.2088,0.3426,20.9,0.0754,0.0067,0.12412700037843741,-0.09496625385645166,1.6631267671644714,0.6724038901560009,0.8360630637980409,0.8101823962201319,0.5129706080920496,0.6584078859113702,0.41644658712412796,0.5522485386941332,0.9118665432274605,0.8506985438803621,0.8340492447621063,0.5077223354822975,0.43352827027918395,0.5232091677967251,0.7005490822168222,0.8400369797499938,0.00332679647009384,0.0,0.0,0.0,0.0,0.0,0.0,0.0,Eltaj Safarli,3007.0
19.916192792655444,179.6572512622489,-53.77543088242612,-16.560482462020154,-9.838806456286644,3.9673469387755107,-4.739536578092477,-28.446261147304796,-10.831220235940279,12.673529058442725,0.21259999999999998,0.4004,20.8,0.10699999999999998,0.018000000000000002,0.04806749366150341,-0.23603460466771264,1.373780143202102,0.6121190074841385,0.8070833467387782,0.9056167021384413,0.6467184155549869,0.5809466601771518,0.3955378241510115,0.4334516625543907,0.879614882029351,0.7691378090904106,0.8561843028777002,0.5870872528073469,0.2870146779157817,0.5926577156953665,0.7232943482842672,0.8706572449292981,0.00601880555042146,0.0,0.0,0.0,0.0,0.0,0.0,0.0,Eltaj Safarli,3007.0
18.644120966424335,162.7134539036641,-56.48288363510161,-16.484825489557807,-11.050674590419336,4.0,-1.2564334024644666,-32.46531904315117,-10.825188957110305,11.599557847601469,0.19169999999999998,0.3707,20.3,0.0689,0.0066,0.08080659664929327,-0.23757731157731157,1.51405246519655,0.6022687549653841,0.9844155844155844,0.8172321124568315,0.5270657389405596,0.6577970472175323,0.6242602368540464,0.5143932231492424,0.9463247863247863,0.8830216211602686,0.9544622044622045,0.41952975594151887,0.588079795182524,0.5682499585308574,0.7680815376882794,0.8678662607234037,0.0,0.0,0.0,0.0,0.0,0.0,0.0,0.0,Eltaj Safarli,3007.0
21.0924893917524,186.6677445302999,-50.15608904832284,-15.338048524393766,-11.21358957387242,4.0,-2.0666647025221594,-27.60682208808032,-9.903305291711517,11.97234113225734,0.23669999999999997,0.3416,16.8,0.07419999999999999,0.017599999999999998,0.007787400800720384,-0.04349782142551202,1.3760907803463296,0.7426577717457128,0.8038117742849883,0.966742944317315,0.681568641969543,0.5808768848939649,0.6570232229074013,0.5323079072262193,0.8478232070561497,0.808793571744952,0.9104066284980066,0.5783252315598709,0.37374141328973914,0.5759091734883621,0.8798310720544361,0.9185126910476684,0.0041261461517088,0.0,0.0,0.0,0.0,0.0,0.0,0.0,Eltaj Safarli,3007.0
19.56723040273386,171.25279903077697,-50.62308025662572,-16.21808669034197,-10.2516055988149,4.0,-3.095465277368835,-27.02127549829796,-10.65098641096417,12.614339219162101,0.23580000000000007,0.5015,18.0,0.0664,0.0018,0.12122824290955561,-0.34390848423799447,1.5711665563076551,0.6872539214241911,0.95719762315507,0.7472144499452382,0.5969639664954831,0.5492458128668067,0.6074125351810016,0.6599707571237644,0.8291344294003867,0.8330836367040714,0.8858519688867282,0.6105187623565582,0.5671773976376512,0.4237373901869262,0.8312331984390807,0.9132829888712243,0.0,0.0,0.0,0.0,0.0,0.0,0.0,0.0,Eltaj Safarli,3007.0
19.766860657304672,185.12631913264948,-74.72729864498444,-16.077358587954503,-12.799281567024442,3.997872340425532,-5.951897110899266,-46.01448393292851,-10.63007165455073,12.747921867947479,0.19940000000000002,0.4051,19.2,0.07150000000000001,0.007300000000000001,0.09092421453181437,-0.10588714067374325,1.1319871837969835,0.6863551612324316,0.8881963689662392,0.8886109902856315,0.5170532361099502,0.5676150516358358,0.40108746317598226,0.6599267106246796,0.8264547272488855,0.8811730795937389,0.8056397914234349,0.5445168632126416,0.3540746126937823,0.4497707205761242,0.7087307528155314,0.8949076127124908,0.0,0.0,0.0,0.0,0.0,0.0,0.0,0.0,Eltaj Safarli,3007.0
21.808375343684578,191.737572255432,-47.794802515032345,-15.99599050388249,-10.426604397141713,4.0,-1.9411664558180235,-25.489203522313282,-10.7932366875285,12.851399051651665,0.21059999999999998,0.46040000000000003,21.9,0.043,0.008400000000000001,0.09183764196830395,-0.13734807829929777,0.5524150788880753,0.6823070448070448,0.9229221137726293,0.7968686868686868,0.42534864892798,0.5812336541349796,0.5756186098325273,0.4867259411627923,0.7993912093912094,0.8347563472563474,0.7400251024220096,0.4637298724014752,0.3783662424107932,0.38233353820731236,0.7454056762948515,0.8905945534516964,0.0,0.0,0.0,0.0,0.0,0.0,0.0,0.0,Eltaj Safarli,3007.0
18.74285721113687,164.463208932653,-70.53080317627227,-15.571050672383375,-12.337476940015442,4.0,-8.409828121382764,-40.81014344939747,-10.554644985237243,13.152340992144024,0.2222,0.41739999999999994,19.2,0.07849999999999999,0.0072,0.12179665479942339,-0.15989679075337232,1.4268553049547115,0.6100838160759798,0.7825043005104055,0.8874711901162169,0.5880167200310413,0.6199534217620333,0.642201057216437,0.6063965173116311,0.788215386360711,0.6973013152659574,0.8004003492759114,0.5237413395730981,0.5302452123085626,0.6053453123208486,0.7809414946055262,0.8278707776467847,0.0024793388429752003,0.0,0.0,0.0,0.0,0.0,0.0,0.0,Eltaj Safarli,3007.0
19.609055953977286,180.38218234983103,-53.627791451091795,-15.034796567662932,-10.845608017012276,4.0,-4.059648024285122,-30.60433197298849,-10.637460614015811,13.554053744872828,0.2384,0.4083,19.1,0.07900000000000001,0.006900000000000001,0.08753262731361966,-0.14567337548402262,1.4178303654485265,0.7352137179587889,0.8752519603950384,0.9100083370832767,0.4227796324331906,0.47447024678898897,0.5579080463006492,0.6178448759598153,0.7738602386076382,0.7741227701895805,0.8672044441390747,0.48443816546182406,0.5383443305455522,0.7281400928188085,0.7606448487605108,0.9526992615227909,0.01544715447154471,0.0,0.0,0.0,0.0,0.0,0.0,0.0,Eltaj Safarli,3007.0
19.989339133592093,194.2104117195194,-47.62801880114256,-14.066224431060812,-10.389440824424149,4.0,-3.9793443598936102,-25.157806274313735,-9.893662443055177,11.858459531604923,0.19860000000000003,0.48150000000000004,16.0,0.0922,0.0179,0.21602562296353828,-0.48951677321114184,1.284749077541678,0.800848861283644,0.9882352941176471,0.852843632575332,0.7631871426923901,0.642352753198392,0.6595730980884777,0.553451965570759,0.9133628903066242,0.9469533365185538,0.874027805101974,0.6337598399723964,0.526419638889059,0.618658626407546,0.7350684833118354,0.8871027721433402,0.00095238095238095,0.0,0.0,0.0,0.0,0.0,0.0,0.0,Eltaj Safarli,3007.0
19.626767049943524,192.9273654907184,-57.652292345387856,-16.28001958825488,-9.813951659929522,4.0,-4.386225930931813,-34.583078718666954,-10.484725705666882,13.895709258062201,0.225,0.40680000000000005,20.7,0.10670000000000002,0.009499999999999998,0.11121355115472761,-0.12994405594405595,1.219920210508446,0.7134693084693084,1.0,0.8356526806526807,0.47769821965474135,0.8293550893550894,0.4402899444971056,0.4265563464668324,0.9867647058823529,0.9992307692307693,0.7923451910408432,0.5766587873621122,0.4097661943058363,0.3914897747890075,0.6352414167247927,0.6594648829431438,0.00076923076923076,0.0,0.0,0.0,0.0,0.0,0.0,0.0,Eltaj Safarli,3007.0
20.94670854138361,196.10971247875847,-61.881672951927285,-16.368074287893435,-12.062872820528302,4.0,-1.317140163990831,-36.259563151074815,-10.143843586851228,10.269821058411331,0.21789999999999998,0.4385,15.2,0.0642,0.0,0.052103100785177006,-0.13543732020241467,1.3213728243135339,0.8045981931973831,0.8640465372666286,0.8355693366592757,0.5917223677142702,0.7404760471757568,0.521944430041045,0.6663891908277094,0.9653044203502918,0.8867881093323027,0.8510896675378394,0.5203474640000714,0.6836728201449179,0.585650254771597,0.7947819194671366,0.9016579328770706,0.0,0.0,0.0,0.0,0.0,0.0,0.0,0.0,Eltaj Safarli,3007.0
21.800553091794587,187.2771244958166,-52.87564888290102,-16.996876791441302,-10.065787865066566,4.0,-2.8014295866813392,-28.36730706864903,-10.069709275213738,11.425461704150957,0.23129999999999998,0.3504,20.3,0.0872,0.010199999999999999,0.044013270735972373,-0.22686451078575187,1.362028093401279,0.6981381619608695,0.8456881036621109,0.733195963395021,0.592613910190288,0.6869765867379904,0.5149475436597982,0.5496666036864181,0.9697633536173089,0.8814323607427055,0.8539713989234137,0.4407574037099004,0.40308014477298276,0.7596700155984233,0.7851860652808414,0.815628269564538,0.00069930069930069,0.0,0.0,0.0,0.0,0.0,0.0,0.0,Eltaj Safarli,3007.0
19.20333345712637,180.32347862570532,-48.49153433022938,-16.491181770909797,-8.739659024009159,4.0,0.5126948888167517,-28.39664922503893,-10.0245851588494,10.647845959761161,0.2669,0.4226,16.8,0.06820000000000001,0.0019,0.254154030539657,-0.29887035813873997,1.385321878030531,0.711415744517725,0.9482313927781872,0.8123027772196615,0.646193184809311,0.6704566531273702,0.5905479293109865,0.5371309107930778,0.9728813559322035,0.8804393388324974,0.947392849501985,0.6754449911651412,0.3214205825662821,0.65860277095056,0.6803461266810261,0.8276147903023224,0.0014492753623188402,0.0,0.0,0.0,0.0,0.0,0.0,0.0,Eltaj Safarli,3007.0
20.611323069987424,194.0339008719745,-52.718508340917346,-16.38264389745987,-10.105990276138119,3.998,-2.666829705241728,-29.038104496029682,-10.272386954252152,11.749446988204216,0.2292,0.394,18.7,0.06300000000000001,0.0118,0.2053004070147176,-0.07378733025777358,1.4892606163429885,0.7555800861989355,0.7401384144023105,0.8848484848484848,0.5982357648304543,0.5994140258876178,0.505401068574205,0.5635935773273776,0.9024137931034483,0.8439322444041139,0.8461188124601335,0.480231654451227,0.5136201570427803,0.7472658483547775,0.9278156271954998,0.8972505453812168,0.0,0.0,0.0,0.0,0.0,0.0,0.0,0.0,Eltaj Safarli,3007.0
21.50321930698579,195.88159469920146,-60.59564108509411,-16.705218471547088,-11.226746696482618,3.998,-2.8400844904577367,-33.796911391023386,-10.650012983493012,10.625332947909738,0.21749999999999997,0.47970000000000007,20.8,0.0846,0.002,0.19018485742080807,-0.3615882924562047,1.6766801244447542,0.7607782585052817,0.8190935915935917,0.8077573651980139,0.6357317072885617,0.5525624258135019,0.5935738315452053,0.569974990481246,0.8523526632603066,0.9297702177189727,0.8366435563232193,0.7645054198456489,0.3709697317050873,0.7110440833587909,0.8623592341840748,0.746576938999952,0.03630573248407643,0.0,0.0,0.0,0.0,0.0,0.0,0.0,Eltaj Safarli,3007.0
22.753230588239354,202.01850524932723,-54.71107784934052,-16.291062016113283,-10.940035733298638,4.0,-4.4300301883046,-28.73204382556948,-10.180632247161254,11.86272616110673,0.2262,0.42750000000000005,15.5,0.06459999999999999,0.008499999999999999,0.1281542990441767,-0.06540043763615846,1.0718187476774432,0.7940598664414326,0.9689655172413794,0.9063319288824264,0.5540556058071724,0.6164818182480709,0.4870568469853008,0.6880193511093852,0.9642241379310346,0.9224137931034482,0.8131986994787905,0.7271655953464456,0.3416196001909139,0.8009765139075483,0.7751496102547504,0.8581473058431583,0.0,0.0,0.0,0.0,0.0,0.0,0.0,0.0,Eltaj Safarli,3007.0
19.88466712792196,186.68405555557854,-68.44622137760676,-16.727583719222043,-10.487135817147388,3.9673469387755107,-6.402647800997772,-39.67009289251269,-10.614239459538302,11.488131373035921,0.1714,0.4171,21.2,0.08280000000000001,0.0157,0.14570924668620547,-0.08400984281647728,1.5379306737392424,0.7858986279075388,0.9119685374149661,0.8554498423835671,0.5971374501744474,0.7138574594216373,0.49966125953731444,0.6545135775990282,0.8853422619047618,0.8423579347846522,0.7004045185635392,0.5911788930300766,0.49990104058524726,0.659093791907479,0.8367288831334851,0.8323255929888734,0.00204081632653061,0.0,0.0,0.0,0.0,0.0,0.0,0.0,Eltaj Safarli,3007.0
20.21350240106623,182.04342820241223,-61.4222343170003,-14.921615492003479,-12.581020685437641,3.997872340425532,-4.347905612674073,-36.349270267783254,-10.152136740606078,12.931842141078686,0.2177,0.3939,19.7,0.0765,0.0115,-0.06226377169509212,-0.1258837001778178,1.5295731783629156,0.709292937262168,0.8460584080931476,0.7960254406562098,0.3941197986620886,0.6346924781311879,0.6430785153402664,0.550918408738189,0.8926353629827576,0.9101413543721236,0.6900068690771988,0.45941571867023834,0.686767050154147,0.5174783532982044,0.7951424751886289,0.7065233598310521,0.0072,0.0,0.0,0.0,0.0,0.0,0.0,0.0,Eltaj Safarli,3007.0
19.347021550838285,183.99364141545,-66.29483264884068,-15.67122446545765,-12.32734248163596,3.998412698412699,-7.869156929476408,-36.88965641083596,-10.762897505523712,13.22703244567631,0.2156,0.2785,20.5,0.0451,0.0,0.024788141752427453,-0.29422594534544444,1.2261517687951546,0.6710011265232052,0.9221534652350065,0.861586302897553,0.5715667042697418,0.6647261778748975,0.5749980500793622,0.4397976037377059,0.8655554018323801,0.864883004442268,0.7642495929631672,0.42127288440013066,0.40255104048192747,0.5340750608495096,0.7948080796479059,0.8564884373542958,0.007086614173228339,0.0,0.0,0.0,0.0,0.0,0.0,0.0,Eltaj Safarli,3007.0
19.376496972934714,199.80414443358669,-54.81714356762309,-15.833457086377384,-10.902919105755226,3.9887301587301587,-4.003180909082907,-29.051496186535473,-10.147004744557446,11.13218430595519,0.219,0.4871,18.2,0.10289999999999999,0.016,0.013279051198558156,-0.10811618126909703,2.061890727585877,0.7846284365906372,0.8628500355366027,0.6911692462403016,0.49175537338409353,0.5706277084669023,0.6513364539798161,0.5603980241983448,0.9723809523809525,0.9309701492537314,0.8839978571747444,0.7205181174328856,0.5795115460785947,0.48904157936643805,0.6650486923169636,0.7886751503495264,0.03249430812041487,0.017910447761194027,0.0,0.0,0.0,0.0,0.0,0.0,Ethan Sheehan,2986.0
18.763309054855696,175.65855732366214,-55.10760424405835,-15.271195599777801,-10.925036413636153,4.0,-5.4683270621923,-29.464907084798995,-10.165563605432595,12.187425521779506,0.2233,0.44020000000000004,17.8,0.0484,0.0016,0.0358074341665017,-0.0639874546777883,1.8522838488246465,0.6790551711915829,0.9099628527228015,0.7940983278595601,0.7103718535858157,0.6092720684929777,0.5994404659416364,0.6440059738455117,0.8911794221325671,0.8570736854786919,0.8530983778737309,0.7685435916244645,0.5953811344393161,0.6886141876699152,0.6545805414098097,0.8075283296079189,0.013656091448132521,0.0,0.0,0.0,0.0,0.0,0.0,0.0,Ethan Sheehan,2986.0
20.858208679515606,180.68479406743694,-50.7771102352916,-15.748036408223518,-11.538926310740694,3.9975,-3.3914145698061815,-25.4254555976304,-10.421476151744802,11.75069880285399,0.21880000000000002,0.47120000000000006,16.2,0.0496,0.0,0.16522088071498986,-0.18415233821015697,2.077510935999923,0.6746916672893979,0.9108427267847559,0.8305957336081475,0.6717579874520494,0.5654216031213436,0.5762263123097202,0.672270060084275,1.0,0.9540053404539387,0.959797799583705,0.7694624946328266,0.5651872709797592,0.7305678763490686,0.7934585322828022,0.8047259151096382,0.0,0.0,0.0,0.0,0.0,0.0,0.0,0.0,Ethan Sheehan,2986.0
20.406198706582003,204.5986443793938,-66.8940344698494,-15.075954803251307,-10.975969274629099,3.9975,-2.6921164665852473,-42.301795950680386,-10.624948059731485,10.779250085028117,0.22809999999999997,0.4023,17.9,0.08420000000000001,0.014000000000000002,0.03507392375159617,-0.20191387559808613,1.298148409561453,0.8883086567960519,0.8394539630925705,0.8111346035438942,0.6399939891144404,0.6856491916968878,0.393870631088752,0.5215990933543668,0.8503740230568868,0.8929914857980318,0.8345991586149454,0.5692423372300562,0.48094605287810505,0.5902568531424777,0.7869751864623893,0.8678174582999434,0.0,0.0,0.0,0.0,0.0,0.0,0.0,0.0,Ethan Sheehan,2986.0
18.786831542381456,171.31724194931166,-59.26675239923842,-16.83994679775844,-12.339032654248204,4.0,-2.611744212734616,-34.086882246193625,-10.970542094019619,13.581395605716082,0.2153,0.43339999999999995,23.5,0.0514,0.0091,0.0737736922382578,-0.16369489040614357,1.636924620022112,0.6303425379207159,0.8353417262749027,0.8393481741107577,0.43777372310914264,0.4029241707836831,0.537135461774464,0.6340024981124663,0.7786749531286754,0.8827863030048286,0.8683667929675108,0.6951536428980738,0.5515631598235011,0.38884593232983794,0.8114893761532394,0.7865162684861845,0.02085966630630832,0.00155038759689922,0.0,0.0,0.0,0.0,0.0,0.0,Ethan Sheehan,2986.0
18.75874425426967,157.3412294471224,-64.94346017631564,-16.159101490338546,-11.45553799408711,4.0,-4.850966016431,-40.58363804338316,-10.34726658437861,14.453049952302795,0.22690000000000002,0.3892,18.8,0.1113,0.0177,0.17276767002824428,-0.2042334129507048,1.5557377959321723,0.6164859589522449,0.7423126439897004,0.5658869279233836,0.2598573274059276,0.690241468146587,0.6015349695408733,0.5019777339717829,0.8467621839880433,0.7456519276976283,0.8607336165022123,0.5430030737330276,0.37188744579337857,0.6524284635690181,0.7986795390843974,0.746477370640354,0.0,0.0,0.0,0.0,0.0,0.0,0.0,0.0,Ethan Sheehan,2986.0
19.256139892298666,193.66476720828865,-57.60483661684261,-14.770108295958753,-10.616850861406089,3.9933333333333336,-5.936132949426102,-32.39489234010402,-10.4978849554914,12.617699452210429,0.26580000000000004,0.44300000000000006,17.5,0.0884,0.013099999999999997,0.09064026889147711,-0.17967056541787477,1.7974166123139255,0.8281830560767662,0.9777777777777779,0.7680459952874943,0.4556129832321198,0.6256694371620807,0.6509731674375674,0.44764532842232285,0.9514304536043667,0.9494032395566923,0.8532423054009719,0.5314161772560041,0.5485734020724701,0.5738445105210028,0.7857482402988314,0.9253564702717245,0.0,0.0,0.0,0.0,0.0,0.0,0.0,0.0,Ethan Sheehan,2986.0
19.88491998104119,176.96392498525026,-60.902170815572916,-16.870756983397655,-11.084463102774343,4.0,-5.363037835468704,-32.703031242383865,-10.924040210499955,12.043158558951612,0.209,0.3397,17.6,0.047299999999999995,0.004399999999999999,0.26261888364516434,-0.3544370418586447,1.4693086843840422,0.6445723899600206,0.8311168773691204,0.6817381155622523,0.5899168646111324,0.5838897733657353,0.5443120063681752,0.4459948771513784,0.8790651523273475,1.0,0.8173629608605575,0.5121941162146879,0.4836398118072074,0.6946941401260661,0.7902878074306645,0.8547625588697016,0.01829268292682926,0.006097560975609749,0.0,0.0,0.0,0.0,0.0,0.0,Ethan Sheehan,2986.0
18.355473593603328,170.2294131255551,-50.114112254298355,-13.92932605137653,-9.966281101412706,3.9884615384615385,-5.065310739126478,-28.589791112284633,-10.47832066569234,13.926455877132785,0.22480000000000003,0.4633,18.5,0.1192,0.0,0.051442638266154514,-0.4467432570657305,1.0683418695850366,0.6732698069214446,0.8706002015740563,0.8040050121611246,0.5226994017896631,0.5161315315345787,0.43960445273953574,0.6140203011953915,0.9163946392164519,0.9073636986954489,0.816157081182838,0.7314281872020415,0.31007953132098365,0.5194034901157403,0.7920771505309078,0.8750888337259228,0.01417910447761194,0.0,0.0,0.0,0.0,0.0,0.0,0.0,Ethan Sheehan,2986.0
22.724640696895857,214.71390809123955,-49.1930017890037,-15.090057193567807,-9.570344181932215,3.9976190476190476,-3.3741664456779423,-26.531837088275147,-10.500467848530068,11.876251921360423,0.20700000000000002,0.39370000000000005,14.0,0.067,0.0076,0.20208719042040418,-0.68031713740609,1.2534841885300687,0.8847373737373736,0.9422438672438673,0.6901044716106975,0.4862196742991206,0.5069737590507499,0.8369900183131754,0.6281096196696984,0.9091591591591591,0.9378787878787879,0.825995566430349,0.6068967410660651,0.392190583991083,0.7578007563369882,0.8867574333226507,0.7117263838499985,0.0,0.0,0.0,0.0,0.0,0.0,0.0,0.0,Ethan Sheehan,2986.0
21.95243972999075,201.4174359712581,-51.712129409938385,-15.195585010446473,-10.023113004241901,4.0,-3.178745700153689,-28.06825695916431,-10.319345759332933,11.072917023400915,0.2339,0.489,16.2,0.0774,0.010100000000000001,0.011400763820436616,-0.38883723843051543,1.7883777317470266,0.8254147478537723,0.9248552666845351,0.8674664270135647,0.5728545025148789,0.5387970390049598,0.47243758823981735,0.6038246449889362,0.9865853658536586,0.9849343339587243,0.8549621530698065,0.7766300772398333,0.5395204894193438,0.5950733458439513,0.7571319288144019,0.7752958845818281,0.0,0.0,0.0,0.0,0.0,0.0,0.0,0.0,Ethan Sheehan,2986.0
21.543622848537527,203.05362879385217,-57.261740725785145,-13.657108008162393,-11.166683673159422,4.0,-4.212063057398103,-32.77212035409871,-10.545089859352483,11.091324226385964,0.2575,0.41400000000000003,15.8,0.08199999999999999,0.030500000000000006,0.2011871841824672,-0.1827309777309777,1.5084401749627887,0.7830877695529275,0.8493960567506665,0.8225507716335507,0.5701638706633989,0.6938382847271631,0.7599463317696022,0.5783288630120353,0.9077350427350428,0.9099718619744159,0.9448290598290597,0.7007562347530195,0.40501529726680907,0.5601851515706155,0.9151269695164871,0.857093751658969,0.01888888888888888,0.0,0.0,0.0,0.0,0.0,0.0,0.0,Ethan Sheehan,2986.0
18.581710854434057,173.10505083304616,-60.52446768512776,-16.734176129855364,-11.769752468073147,4.0,-3.892547108602161,-34.97127169160317,-11.052031801385679,13.89531151439176,0.20470000000000002,0.39330000000000004,22.9,0.0727,0.0060999999999999995,0.1647608140753093,-0.27573337084939814,1.612993585559827,0.6701286762261252,0.9093734114112199,0.722115417115646,0.4689426082211411,0.4521864248185451,0.5214802116520244,0.44469568155632516,0.9405269951363776,0.8160852958308837,0.6918186605708511,0.6226105941282081,0.7018424597285027,0.6052825393258601,0.5891524364244413,0.7518995393644164,0.00243843113408329,0.0,0.0,0.0,0.0,0.0,0.0,0.0,Ethan Sheehan,2986.0
19.92989630793361,186.4490374458353,-51.247888227367085,-14.237433269186488,-10.94658717827809,4.0,-4.13818895443197,-26.901140062915363,-10.238253904190104,11.213715141634927,0.23320000000000002,0.4483,14.3,0.0374,0.0054,-0.00648901779771818,-0.2303037744792386,1.7811805470527236,0.7982383930414859,0.8536695031875755,0.8469054612194336,0.570285210664489,0.4788903213548257,0.5725606734404612,0.7255936834201874,0.9586451468037515,0.93549486118988,0.8499110871346082,0.687568853663381,0.5212443609234341,0.6767727028666308,0.8323881715299626,0.9008897758828827,0.0,0.0,0.0,0.0,0.0,0.0,0.0,0.0,Ethan Sheehan,2986.0
20.402244734432237,183.98688103525805,-57.26456547482496,-15.902712953116179,-11.350838106016948,4.0,-1.3578225929536412,-33.44562644829782,-10.340359616861633,11.132794242421259,0.197,0.4459000000000001,18.5,0.0467,0.0079,0.10275519171688527,-0.1456114114380243,1.7827990468313046,0.7301198951312703,0.8517018532022282,0.8573956176673567,0.49969550305202154,0.6767272229901067,0.6004280255891732,0.6248040105187477,0.9024170638933026,0.8250991677685307,0.8628437741846529,0.7176865933330797,0.43926113727301785,0.611880743119368,0.8594654389529058,0.8570020870602265,0.0,0.0,0.0,0.0,0.0,0.0,0.0,0.0,Ethan Sheehan,2986.0
20.008671194791532,195.59997896956904,-60.989497580400176,-14.532831786807932,-11.023206453390099,3.995121951219512,-3.9345063431054568,-37.12246859599069,-10.556543160137906,12.184936807812393,0.25020000000000003,0.3605,14.8,0.08020000000000001,0.006500000000000001,0.271092380973494,-0.4036963750840516,1.3397875332499125,0.870450210989473,0.8628878636803334,0.8840349666436623,0.5859679057359316,0.6670924272722394,0.5582283083685181,0.6142163296138625,0.8858396168696414,0.8716081994636946,0.6739995784728776,0.3890863959479777,0.6650601429182128,0.7930007029236937,0.8964579779322939,0.8928838951310862,0.0041666666666666605,0.0,0.0,0.0,0.0,0.0,0.0,0.0,Ethan Sheehan,2986.0
16.91977546574671,151.02009414619184,-62.588095952613926,-16.400867280484732,-12.038478934670543,3.9986111111111113,-5.233441743403559,-36.00198089557873,-11.04364708521085,14.131708875623385,0.22749999999999998,0.4277,23.7,0.06889999999999999,0.0036999999999999997,0.2951385631272696,-0.32597902232248677,1.2396465983261997,0.5488852957144011,0.7467859244948551,0.5701706447231318,0.4333966619979419,0.3939438534522279,0.455449034155461,0.45227201020805674,0.8195081673397526,0.8194011008447628,0.7389959567305354,0.5782072840153079,0.41008165282876724,0.46697788836219384,0.6909805599357838,0.7525268874804399,0.01888888888888888,0.0,0.0,0.0,0.0,0.0,0.0,0.0,Ethan Sheehan,2986.0
20.246907578015563,168.44746324063934,-55.41539348203041,-14.00404021867092,-11.102074831458705,3.9884615384615385,-2.1072379465365065,-34.28955293896443,-10.191237507349996,12.290288422488597,0.25270000000000004,0.49820000000000003,14.4,0.0898,0.0018,0.2331000347265136,-0.3202358011421257,1.336874266734441,0.6481783310959764,0.8843636213174445,0.777760771933124,0.7030456259315878,0.6841930719107305,0.6897652325406955,0.5724068792062761,0.9639281367155169,0.9759389454209065,0.8079058960082384,0.6701003437678634,0.5561255838099113,0.6748216008877295,0.8343983914636087,0.8410058381740304,0.0017543859649122799,0.0,0.0,0.0,0.0,0.0,0.0,0.0,Ethan Sheehan,2986.0
20.30876992307063,183.86678540287218,-56.45235867499473,-13.030659389241233,-11.778985137992006,3.996520146520146,-5.739249302063144,-32.28776072275323,-9.911775984311088,12.299551714845832,0.22710000000000002,0.3705,14.8,0.0627,0.0079,0.1119837973493222,-0.23111641857152687,1.7219864856609088,0.7458595486402341,0.8455703455644737,0.8420833537231875,0.6027138769446224,0.7429110654428264,0.5090051508015794,0.6300020952886884,0.938929054852502,0.9087157851869095,0.8240421760522526,0.8228683841875067,0.38113246822720936,0.7377216624053742,0.7094324463581674,0.8132392755589279,0.00601092896174863,0.0,0.0,0.0,0.0,0.0,0.0,0.0,Ethan Sheehan,2986.0
20.758900744027322,193.03198155930423,-57.181003843724184,-16.122679664435303,-10.857956841862485,4.0,-1.7667631772595471,-34.002656696638766,-10.03554017945989,11.604592715931812,0.25050000000000006,0.5006999999999999,17.0,0.0505,0.0021999999999999997,0.05359722001195906,-0.09569440003110188,1.6904900726223935,0.7455145493892297,0.9492941176470587,0.7108185627701221,0.7353732909750774,0.6085570901849484,0.612302628915409,0.6103866556901255,0.9450980392156862,0.9377417261518495,0.841921030300005,0.7182611139925719,0.6062136286560837,0.5234649935153046,0.6745836916706482,0.7912317247969421,0.00259383128948345,0.0,0.0,0.0,0.0,0.0,0.0,0.0,Ethan Sheehan,2986.0
20.08704071484581,184.5066460413843,-56.66854310310826,-15.413036988071433,-11.120987883381307,3.9972826809557422,-4.640855725518851,-31.31772393307322,-10.436542747508383,12.26332149348919,0.2200039447731755,0.4465167652859961,17.755424063116372,0.0609329388560157,0.0076863905325443,0.1143377512008116,-0.2852360527336031,1.6484892982748054,0.7242743432938824,0.8660535975155765,0.7864619213170944,0.6147607136919228,0.5712657003510913,0.5718387848895728,0.6078280476608583,0.9075149761277004,0.9037082067349702,0.8565431382720803,0.666032356228683,0.4922800594847167,0.6194901645579984,0.7846387878702117,0.8465524366807747,0.0613780069597419,0.0486861059099318,,,,,,,Ethan Sheehan,2986.0
17.83824163856897,165.8215155553891,-59.112472222891846,-15.206336657381854,-9.79889801230007,4.0,-8.572352823883326,-32.443364364546134,-10.793622493689867,13.702102128909411,0.22260000000000005,0.45859999999999995,25.1,0.0607,0.0033,0.15961666489811854,-0.3795509327094275,1.4940940417510418,0.5939599195636289,0.9733644859813084,0.8294501967284535,0.6811562390819329,0.593237084907337,0.48127266522005624,0.5220770249823303,0.7986774575557491,0.9583566368381804,0.8437628635346757,0.6111705155765846,0.47752620646067045,0.588567632327169,0.6558420937088377,0.866331005518834,0.0,0.0,0.0,0.0,0.0,0.0,0.0,0.0,Gata Kamsky,2868.0
19.660103342544396,179.46142340327827,-63.93951224336676,-14.747616473843518,-11.084864397919334,3.997560975609756,-5.707049564260234,-38.594276356604254,-10.582176943445294,12.778910517096127,0.20070000000000002,0.49870000000000003,17.0,0.0349,0.0,0.030917451391947976,-0.2225690063776593,1.6743176000244067,0.69696984343118,0.7490910610059547,0.6950730744201459,0.6777654367413432,0.5519946012723199,0.5279986523801047,0.5118891247192897,0.8685520687625342,0.8910392798690671,0.91814000293876,0.7072381560196435,0.35273696658220594,0.41292447623818107,0.8210763911797194,0.8671010419325615,0.0,0.0,0.0,0.0,0.0,0.0,0.0,0.0,Gata Kamsky,2868.0
19.399650228627408,181.65131650536648,-53.60015365370275,-17.16232896765345,-10.619165671274168,4.0,-4.907095705385513,-26.424628962596366,-11.00929128247269,12.522356935679435,0.20779999999999998,0.4544999999999999,21.3,0.0463,0.0036999999999999997,0.1701601769878247,-0.2843238869705169,1.9785719957097925,0.7164865840660495,0.9938461538461538,0.6915715174503151,0.6140097679655743,0.48553978199825387,0.5886030957239955,0.6891131375700492,0.8629841369844534,0.8090151461973744,0.927022230170287,0.7058156517802784,0.5112332029874314,0.7248075325334443,0.8083122540628895,0.7079357057269664,0.0,0.0,0.0,0.0,0.0,0.0,0.0,0.0,Gata Kamsky,2868.0
19.657406283713893,177.76282475279262,-55.028853027276,-16.851013135317125,-10.464572758317306,3.9988888888888887,-4.744014289323596,-29.272101649588656,-10.878346295415048,13.182306211796837,0.1927,0.5091,22.9,0.0336,0.0137,0.20012428187029502,-0.24544276278022412,2.228912930112766,0.6960185659349369,0.8800647581352514,0.7469587893006342,0.559942240200691,0.6383700414813817,0.5417990587122331,0.6383952635094444,0.8376727100250504,0.8263330118206854,0.6737818303304512,0.905552354889817,0.5331188524933252,0.6837945713428115,0.8040977598731717,0.8813234990715907,0.0033783783783783703,0.0,0.0,0.0,0.0,0.0,0.0,0.0,Gata Kamsky,2868.0
17.599761556744834,148.28003669806833,-66.07788372930824,-15.53741422053388,-13.009614902571457,4.0,-6.051563875855509,-39.611895983392095,-10.703694996263991,14.836300249308684,0.2117,0.4744,21.9,0.05750000000000001,0.0047,0.13338352682353843,-0.17036132819534747,1.659951830332626,0.5061960793906586,0.8969023468491141,0.6904205141801448,0.6814754633225644,0.3887588010435531,0.337542052743162,0.6027356363431006,0.8879075625040882,0.7885991957847338,0.605751029244957,0.6978383329289551,0.31590577899596656,0.6363037954554248,0.6604793149407239,0.7387230721367908,0.0,0.0,0.0,0.0,0.0,0.0,0.0,0.0,Gata Kamsky,2868.0
19.272691098602465,153.7542533549815,-67.15015020331059,-13.747562379614385,-12.56937579298251,4.0,-10.414217617974725,-39.058039382786454,-10.22592979617154,14.864974766219031,0.22149999999999997,0.37900000000000006,18.9,0.0897,0.0355,0.2501511391927213,-0.1772377753892734,1.5405721640372323,0.5113525322776329,0.8148206378857065,0.6732960847125418,0.4909487039329649,0.6491224925451307,0.5011132039549571,0.6183039868481226,0.8172561016788903,0.8773531011133777,0.8577233452856386,0.4738764649992042,0.36489849773876376,0.8013146082938754,0.8366983771395535,0.839217418317868,0.00034482758620689,0.0,0.0,0.0,0.0,0.0,0.0,0.0,Gata Kamsky,2868.0
20.326308539913857,203.7516580017529,-55.928125645181254,-16.238965907561735,-11.310725123345247,3.998214285714286,-5.377498632835445,-27.891017615519512,-9.94616218845346,10.838029536819858,0.23229999999999995,0.5246999999999999,15.5,0.038400000000000004,0.005200000000000001,0.08356253996671455,-0.27385137738078913,2.3091486262169374,0.866159352823933,0.9338308457711442,0.827592699962703,0.6749423929333999,0.6418887180995059,0.5905798222775638,0.7555476350326548,0.9419905091701937,0.9589828316725744,0.8703871448175722,0.6665773468357078,0.25711690905747603,0.8285908984945889,0.8095551800879666,0.8811904851565933,0.0,0.0,0.0,0.0,0.0,0.0,0.0,0.0,Gata Kamsky,2868.0
18.952486590133134,165.9371995744143,-64.92984189821638,-16.846888145111812,-11.537093584126335,4.0,-7.283611404984302,-35.03952172576046,-10.817616096512404,12.594889058278941,0.18380000000000002,0.5289,24.0,0.041100000000000005,0.0081,0.12717026986938337,-0.07620845372926777,2.0910443166406782,0.5729868863625335,0.6261824287817233,0.7208696485273378,0.6027012434415377,0.5067795125618677,0.592550132036456,0.6152000360752397,0.9387515722631934,0.8803197259229736,0.8072369056675696,0.6729159238319106,0.6229195526027844,0.6725033403354246,0.6840625266325742,0.8984267734553775,0.00198693041328152,0.0,0.0,0.0,0.0,0.0,0.0,0.0,Gata Kamsky,2868.0
19.869565163544383,179.77569527818122,-56.492767811438064,-15.020059350194362,-11.393136943327509,3.991083514936586,-5.930751678240896,-30.715444749940232,-10.33753468677202,12.913076082100366,0.2093475703324808,0.4905122762148338,19.03964194373401,0.0501695652173913,0.0066301790281329,0.1158909105173278,-0.2923903865547179,1.8868836096782031,0.6850675821863402,0.8758988856434299,0.8078512911102157,0.6387812220802391,0.5951039318948284,0.5764754367801364,0.6153576597011909,0.89932724371766,0.8858429276824547,0.8372591262925599,0.6563468954617472,0.5327838271751636,0.6874200517838872,0.8020309413131343,0.8270431932247772,0.050039784206116,0.0602213953077741,0.0625,,,,,,Gata Kamsky,2868.0
18.002192818075173,168.85780968486853,-66.62515795589852,-16.688813909402146,-12.06807577337516,4.0,-9.976315086057735,-33.23213426687691,-11.294923038562745,12.635104118376177,0.21309999999999998,0.5258,21.5,0.0781,0.0095,0.1555360108301285,-0.18024737517384576,2.290693757495228,0.6488342218922398,0.719171759612936,0.8744144479590726,0.5932374865900614,0.5690972944574375,0.5127473886010032,0.6177012964490363,0.8104855837033387,0.8828586745977848,0.6861465019820527,0.683718329185379,0.5629127942182898,0.7233379548483707,0.7944000861025335,0.7949113313336156,0.0,0.0,0.0,0.0,0.0,0.0,0.0,0.0,Gata Kamsky,2868.0
18.33285856976871,172.29172638969942,-50.300384350477124,-14.15990057410814,-11.274832113127744,3.6,-4.395536930463247,-26.402733705482365,-9.24134158534304,11.57396055804741,0.2003,0.39390000000000003,15.2,0.04139999999999999,0.0,0.2221634028968665,-0.1958820997931595,1.9002463013363673,0.8095717019550553,0.9213997775924382,0.8912855837822589,0.7329007195484352,0.6591221414561514,0.6166814608106331,0.5950857503490223,0.8725954111406932,0.8974005258436482,0.8668960244648318,0.7122374472791593,0.5240035924457671,0.8175713924214689,0.8806518862000676,0.9007853767028079,0.0,0.0,0.0,0.0,0.0,0.0,0.0,0.0,Gata Kamsky,2868.0
20.152651263937493,169.96768769073117,-51.94804358311181,-16.637834893269677,-12.271807862492036,4.0,-2.1401443667748015,-28.073948311720052,-10.351796705872793,13.527488557017543,0.20700000000000002,0.49960000000000004,17.6,0.042,0.007000000000000001,0.1266489520837347,-0.22829079028354388,2.0712697398929283,0.6628645931032915,0.9935251798561151,0.7003376770531811,0.7294319807146404,0.39054307981626973,0.6549726772355882,0.7542181850882924,0.9104806854091752,0.888951454723766,0.8431791979834589,0.6460694817429233,0.4498111573882492,0.8536185419151062,0.7891431039407033,0.8048399205300452,0.0,0.0,0.0,0.0,0.0,0.0,0.0,0.0,Gata Kamsky,2868.0
21.54725365138578,213.021718322337,-61.1420250352093,-13.913296098718053,-13.100117584531588,4.0,-8.175794073320137,-31.606398455999148,-9.31686687292994,10.970448050289551,0.18720000000000003,0.5527,15.3,0.0521,0.0077,0.049733176842710315,-0.22135379362324023,2.2050318532611564,0.8413862345935466,0.8029502805767674,0.9275635185747546,0.6654852817603485,0.6660676529013572,0.7962513208070106,0.7562282926111169,0.8825365052947426,0.8487181117769353,0.8773870980880927,0.7014801505562398,0.5867290787851412,0.7683749561685446,0.8314967126324916,0.904179445406578,0.0,0.0,0.0,0.0,0.0,0.0,0.0,0.0,Gata Kamsky,2868.0
18.359401446308567,160.3573652061752,-65.65567079455897,-16.97506804243064,-12.92110806154354,4.0,-4.913304387851916,-36.51377255947499,-11.214426026496064,12.882008283238159,0.18119999999999997,0.44559999999999994,24.8,0.0776,0.0077,0.2124148886616073,-0.22991208226647109,2.004484285792709,0.5582914863842269,0.8996615443037058,0.6453387562197419,0.5509118296426642,0.4848473358922341,0.6050612071015602,0.5418653170464784,0.8499996177690617,0.7367389475361709,0.8142682634382679,0.7977765335221219,0.4007465961057915,0.5611678871891717,0.7859105280278678,0.738210430469389,0.01284046692607003,0.0,0.0,0.0,0.0,0.0,0.0,0.0,Gata Kamsky,2868.0
19.66985615705624,173.55522795513923,-53.60437136143604,-14.82518757628586,-11.139084865914402,4.0,-6.436729983681547,-27.94142670535236,-10.664080755897146,13.40213852569527,0.18719999999999998,0.4633,14.9,0.035699999999999996,0.0,0.02097497659733651,-0.3549395517559415,2.1583385543460167,0.7371720403462911,0.9702702702702701,0.7201289051537314,0.49353082706199125,0.5283920771265243,0.5711701149756194,0.8997975447975449,0.8843701142098078,0.9057054841421419,0.7541386406877966,0.6774245385350005,0.6809086885557474,0.6635283185283185,0.9674262579525739,0.8544819476398423,0.0,0.0,0.0,0.0,0.0,0.0,0.0,0.0,Gata Kamsky,2868.0
18.296432027933655,164.93923679777313,-51.10210972456601,-13.808734303439897,-11.17157756093425,4.0,-5.347216545006669,-26.513442743792943,-9.55995536680366,11.2988167954114,0.18969999999999998,0.47630000000000006,15.6,0.0442,0.0,0.056090708301927514,-0.14024231080685515,2.405306169202956,0.6086527594567104,0.9486666666666667,0.8425806586729024,0.834404345290172,0.5952556012848754,0.6514618413150343,0.5705175872027978,0.8829287179266526,0.9359183339787446,0.8660975124632024,0.7927620306905846,0.5780943053194786,0.8419893035693523,0.9114660693335266,0.9269422806133655,0.0,0.0,0.0,0.0,0.0,0.0,0.0,0.0,Gata Kamsky,2868.0
19.04902386207008,172.04691592036968,-67.65395599369984,-13.718234796638157,-12.933727053638965,4.0,-6.127889391965023,-41.98283254405103,-9.789343949701092,12.89807174229443,0.22139999999999999,0.3859,15.1,0.035300000000000005,0.0068000000000000005,0.003329118127437458,-0.29782907195512237,1.5027541467247352,0.6790987862922517,0.9471394037066881,0.8611798495927709,0.7294237642725245,0.5946031867692094,0.6519109059467618,0.6306583849483202,0.9015253573339448,0.9226885865457295,0.8108523871300097,0.5985014298652829,0.5629216538603072,0.6757067459261539,0.8199413189249156,0.8740334003877341,0.0,0.0,0.0,0.0,0.0,0.0,0.0,0.0,Gata Kamsky,2868.0
17.702562261320356,147.87811294533452,-61.67949891942614,-16.88381425640131,-11.030739130650943,4.0,-8.18094046049306,-33.80774657389212,-11.400084355485104,15.623825857496394,0.20859999999999998,0.4931,24.6,0.0838,0.009,0.28556315677790456,-0.23291559627563768,1.70046367604718,0.48478727289962614,0.728593323478895,0.6397360504149653,0.4518556191471249,0.43299648196616125,0.7474534944655743,0.4869055583535006,0.7610705440134024,0.8688895747963448,0.6278367948856489,0.5359930445178782,0.44513039406582433,0.6581787083850164,0.6630557707666423,0.6060906933978955,0.01422992019018508,0.0,0.0,0.0,0.0,0.0,0.0,0.0,Gata Kamsky,2868.0
22.66832779681622,207.51856417440513,-52.679737874147506,-14.806582333220982,-11.106452335993414,4.0,-3.369229709011015,-29.995632752068673,-10.045236085165534,12.643395341312104,0.2137,0.575,16.8,0.015,0.0,0.15972098708034976,-0.14103699354118776,2.0528084933368955,0.8341713720145378,0.9923076923076923,0.8779025062450397,0.6864190624044137,0.7698809061028442,0.6087454044531999,0.648604012388017,0.9214734228971964,0.9408275462962962,0.8902295524691357,0.7766207070538719,0.6703078502013236,0.6671060746793042,0.8487114368664361,0.8653291939845129,0.0046875,0.0,0.0,0.0,0.0,0.0,0.0,0.0,Gata Kamsky,2868.0
20.27913310646408,171.1275483936764,-56.76988525309459,-16.15051511108192,-13.019060804121631,4.0,-7.05234101533641,-29.016459519148604,-10.26311081068047,14.731602007274443,0.1946,0.5438000000000001,23.3,0.0457,0.0031,0.22665713071259366,-0.08088169671728276,1.6362672199056494,0.6125252092604876,1.0,0.7803848624269685,0.7052468299411342,0.6214878263935317,0.5271984456989242,0.6475496648357727,0.8325247906360262,0.8877090683253079,0.7848949605932987,0.451621374568904,0.5739888084038043,0.757464416099087,0.8117770825501902,0.7916903567469242,0.0016129032258064499,0.0,0.0,0.0,0.0,0.0,0.0,0.0,Gata Kamsky,2868.0
19.16357267696332,184.07897573951854,-56.23105730444352,-14.633910104312367,-11.011138993743966,4.0,-8.670073619954783,-29.660072317872014,-10.125352101159546,13.869489832599175,0.22350000000000003,0.4204,14.9,0.037,0.0021000000000000003,-0.05327658902550729,-0.4018687023079906,2.2313474962943327,0.7232443445055183,0.8645712710228839,0.8719953511107601,0.7215028806306018,0.5521828048651131,0.4876897479770762,0.6372740341254652,0.8639394291328344,0.8699247536089642,0.7587230869488935,0.685791047489454,0.755750621533754,0.7104333694474539,0.7874379132234226,0.8851724641401294,0.0,0.0,0.0,0.0,0.0,0.0,0.0,0.0,Gata Kamsky,2868.0
20.58613909397139,198.32487821117675,-51.18988677197852,-14.596061035805945,-10.505522804509782,4.0,-2.1155611041011437,-29.06825656790419,-9.284172037688858,10.37968677803139,0.22640000000000002,0.4614,14.4,0.0546,0.0088,0.059996202467650736,-0.38675161326229107,1.6033640499412076,0.7278548197443252,0.9346311332906311,0.9077533108445776,0.7585675406028904,0.6834254356364793,0.6380289672048595,0.5918060933974452,0.9697802197802199,0.9408488063660478,0.9794871794871796,0.6936585293418864,0.600170235684744,0.5483388395324101,0.7942747696112841,0.9040630530518172,0.01217391304347826,0.0,0.0,0.0,0.0,0.0,0.0,0.0,German Bazeev,2885.0
17.871939268310825,151.3914940765266,-57.68354580647597,-15.67330308302293,-11.91464251670257,3.989795918367347,-8.03981312841515,-30.021555512200575,-11.04770668520908,15.023679200706988,0.2213,0.3992,21.6,0.0503,0.010600000000000002,0.22714178031804444,-0.6672562632360088,1.8282028011787168,0.45235140556979403,0.9371919513688589,0.7510167482329482,0.5828746446174831,0.3952027654595375,0.6981649661020144,0.36243451086272654,0.8594915210191276,0.7856744355788429,0.7963764244712974,0.653929829130092,0.42028693450212834,0.7593485483411218,0.798253605202363,0.854281238621956,0.025432734443470634,0.0,0.0,0.0,0.0,0.0,0.0,0.0,German Bazeev,2885.0
20.715314535500216,183.76507972809966,-63.4385443237858,-14.211569126608367,-11.958242503484229,4.0,-9.449795711930994,-34.656232613665,-10.538808346096863,13.376103977999644,0.19949999999999998,0.46900000000000003,20.0,0.049100000000000005,0.0015,0.2120526631261513,-0.4926786184374371,1.521840816076059,0.7272021233921124,0.931171937284082,0.9171010576778628,0.6912751108305331,0.335445706615286,0.5842544583188237,0.6022071524583059,0.7648900483645518,0.8438980488980489,0.9048413375878164,0.6431202812264918,0.6508004558394929,0.732946379950084,0.6994697139316978,0.9015145709973297,0.0,0.0,0.0,0.0,0.0,0.0,0.0,0.0,German Bazeev,2885.0
18.55286825989851,181.5851468269204,-56.138200977236224,-15.42839949482383,-11.696456742812199,4.0,-3.377440993932609,-31.072671707162943,-10.109981572755341,11.54674953425069,0.21469999999999997,0.505,21.3,0.040299999999999996,0.0029000000000000002,0.12988775368198963,-0.3314790989065079,1.3694181732534856,0.6762458045451862,1.0,0.7764901418409198,0.5437004375131432,0.6149650336121654,0.5271747668929885,0.4187167596586918,0.8909990720692855,0.8561077147117817,0.9517825879356996,0.7888159191009849,0.5021208887991391,0.5557275954238483,0.7244841666518134,0.8344327623725512,0.00071942446043165,0.0014388489208633,0.0,0.0,0.0,0.0,0.0,0.0,German Bazeev,2885.0
18.421221398955446,163.91271606122993,-56.255181643140574,-14.83899559067082,-11.689638029535548,3.9810810810810815,-7.812816848835572,-28.392199674653625,-10.940854209313917,13.43824162878783,0.19460000000000002,0.4558000000000001,22.3,0.08030000000000001,0.0048000000000000004,0.12457204334802494,-0.5319241707603097,1.9665032180638007,0.6342649658324452,0.8558122062027822,0.8269582891626277,0.5237150564455887,0.45847511392704543,0.5277814168434662,0.5995581248964797,0.7203239160460297,0.799295793001738,0.7754171453059303,0.7054150899078666,0.4080510658612302,0.7988458820476134,0.8633556382871802,0.8757818392463204,0.007382550335570471,0.0,0.0,0.0,0.0,0.0,0.0,0.0,German Bazeev,2885.0
20.17532423245978,198.4373376761772,-60.71420482466912,-15.095573473131017,-12.030154700666943,4.0,-7.814964266338945,-31.943697617386874,-9.84110267822544,12.011287911080112,0.198,0.40590000000000004,19.6,0.054000000000000006,0.013500000000000002,0.042677385842347496,-0.2765487169834996,2.2067363763687293,0.8210929332839445,0.9679477196885429,0.8631679774148013,0.7274225782965832,0.582053353520359,0.5972996361729457,0.47448587074980547,0.9732795698924731,0.8292857142857141,0.8103442550153627,0.897843131662408,0.5483091197327465,0.6028881389937478,0.7483209927682563,0.9239816876369975,0.00422634836427939,0.0,0.0,0.0,0.0,0.0,0.0,0.0,German Bazeev,2885.0
19.715079775115218,171.30844478535735,-71.26005987962074,-15.351119788096472,-12.094078082056132,4.0,-6.9066575925998865,-43.987506936555505,-9.919614978835044,12.998917498522294,0.21190000000000003,0.5254,16.8,0.0685,0.0082,0.16149661428649073,-0.39707068647321697,1.8096789532441964,0.655150586628862,0.8201150855078874,0.7706223245622971,0.7268174030339029,0.5865072079252956,0.4465907222799694,0.630741544998603,0.7911024935371996,0.9316265511339324,0.792856648939845,0.768481135054069,0.5788356073774243,0.528007458668261,0.8479100388829975,0.940816856159756,0.0,0.0,0.0,0.0,0.0,0.0,0.0,0.0,German Bazeev,2885.0
17.943739165503793,173.0490557799899,-48.770526026831334,-14.57350276012836,-10.49499975982339,4.0,-5.650791705065523,-25.08657100839927,-9.937901834192848,12.973241040778069,0.2131,0.4896000000000001,19.9,0.0493,0.0033,0.05423516065980745,-0.6534701126538953,1.9547662793500316,0.654149349989993,0.894315096321991,0.8194856365773038,0.5609629490203323,0.5148093784032575,0.6233640760700191,0.5790214381647762,0.9314088991312215,0.9247684073456091,0.8921185015873231,0.7031085528193536,0.7577140250531361,0.6996315732489988,0.6081511396624733,0.8731803994268494,0.00159708249496981,0.0,0.0,0.0,0.0,0.0,0.0,0.0,German Bazeev,2885.0
19.314224217245574,188.68111696089403,-64.28933528276568,-13.800200665575883,-12.997806260188048,4.0,-7.200944518928287,-35.999600789611534,-10.406205483050302,12.11542243458837,0.21060000000000004,0.5088,19.2,0.05820000000000001,0.0038,0.02464184642650726,-0.5901573678033056,1.9584635235219188,0.7472358951823509,0.9433603238866397,0.8211266293791393,0.773957157403622,0.4718845764904362,0.5035955278645835,0.45436494831203483,0.8181581227367658,0.8787111967458788,0.8634989707359649,0.7377881043667089,0.7717787101357938,0.4398680327589258,0.7018062500934794,0.7689268075558069,0.00057803468208092,0.0,0.0,0.0,0.0,0.0,0.0,0.0,German Bazeev,2885.0
19.38177765381848,173.63244945930117,-56.02718631125491,-12.89915859650704,-11.811155823550129,3.998529411764706,-6.239722910682644,-31.897957790105306,-9.444488075064474,12.266767472889986,0.20179999999999998,0.4808,20.6,0.08030000000000001,0.008400000000000001,0.1605371207950601,-0.490792173113498,2.422261344412258,0.6198707118650341,0.8284263135651593,0.7673333140869587,0.7928444944863713,0.6350069355967323,0.5299121359814203,0.5841460779029655,0.8655375803116993,0.9149537066223482,0.8345139476979423,0.6505195630347791,0.6583721782038918,0.7554523488111953,0.9057269403701446,0.8917177697693518,0.02195039086561969,0.00636942675159235,0.00509554140127388,0.0,0.0,0.0,0.0,0.0,German Bazeev,2885.0
21.02146218218569,187.53494775267012,-52.52990094003545,-16.051686699287817,-11.70283175746198,4.0,-2.7385112168034365,-28.68100671380508,-9.984008595818443,12.628144043141296,0.2184,0.47240000000000004,21.2,0.0644,0.0048000000000000004,-0.0035560815340102024,-0.14291204254981343,1.999895901478594,0.7354196260148715,0.974025974025974,0.8756919241411181,0.6649117881919919,0.5865747954017896,0.5199677804923323,0.5873763132988501,0.9201957668358652,0.8470473585916636,0.8494590319917832,0.8895681707908782,0.630938937077044,0.35854358863918945,0.7818738030491246,0.7342335977611816,0.00101010101010101,0.0,0.0,0.0,0.0,0.0,0.0,0.0,German Bazeev,2885.0
18.204856622684414,187.57979831680092,-50.340169602338406,-13.674635273721439,-11.029038532341222,4.0,-5.623656443592564,-26.128029021583234,-9.874834850869018,11.990024519769069,0.2016,0.35590000000000005,18.1,0.0631,0.0142,0.057132344286581996,-0.5600945046699894,1.6709589977882797,0.8130833435872196,0.9634530198483688,0.7442553241035591,0.6717962504709514,0.7481955729950749,0.6379239356981703,0.4817028747377131,0.8937037037037037,0.8045644057534531,0.9266854152855292,0.728466059739792,0.48837993403211455,0.746243365667026,0.904391614421866,0.9191837060885252,0.012949106841927871,0.0,0.0,0.0,0.0,0.0,0.0,0.0,German Bazeev,2885.0
19.91882652891397,191.7221437961186,-51.00670369344179,-12.136415767411552,-9.970370927626238,3.9793266951161685,-8.908908091160827,-26.859672423663216,-9.941391097867434,12.830727919171313,0.22149999999999997,0.5615,16.8,0.0703,0.005599999999999999,0.06518227634499274,-0.38518326578613965,1.7648965008991204,0.7871315909967226,0.8833722400544695,0.7879669895977444,0.7792587323290437,0.5171321981684207,0.5719068015791341,0.6935890944594804,0.8390897562499239,0.7951656562806673,0.7538513117637102,0.6645470146509964,0.765467614722812,0.6799509585772574,0.6165799870531915,0.8575661375661376,0.007382550335570471,0.0,0.0,0.0,0.0,0.0,0.0,0.0,German Bazeev,2885.0
20.259917855240985,197.45900689307533,-66.66113897290366,-14.74923884920515,-13.377871370880348,4.0,-7.448186884821193,-37.31625493551402,-9.764086156838932,11.99449922435598,0.19690000000000002,0.5,17.7,0.028599999999999997,0.0021999999999999997,-0.009400621509310493,-0.35321509282201896,2.0922496241688537,0.8237115130579491,0.967874276261373,0.8189532517794259,0.667274887228006,0.4658033204054945,0.5105513283816665,0.6800653620558141,0.8234306762968483,0.8761536014089393,0.8634173286911471,0.9229275488633432,0.36534245600919796,0.6055890476305236,0.7474782488725629,0.8688922230557641,0.0,0.0,0.0,0.0,0.0,0.0,0.0,0.0,German Bazeev,2885.0
17.37225420518083,176.25157909398206,-51.45141799498093,-12.761598676362558,-10.24465629813846,4.0,-4.960982511829888,-30.685968410612315,-9.48233833628748,12.684126238249775,0.21390000000000003,0.5359,21.5,0.10439999999999998,0.009600000000000001,0.06304502026165096,-0.248858037555085,1.55938170602238,0.6315453975807543,0.9478951098511693,0.8444642267681484,0.7338317474740774,0.5416766683991525,0.4323904910459005,0.4291736121430606,0.8394613003095974,0.9116727955914616,0.9587162524584303,0.7123448279525693,0.5215641353923011,0.42732142525462713,0.601648076032328,0.7164778396844557,0.0,0.0,0.0,0.0,0.0,0.0,0.0,0.0,German Bazeev,2885.0
20.06662493532926,192.26433446939325,-53.38179061177201,-14.07286034514793,-10.323166527423151,4.0,-9.263005166896647,-26.586879858466773,-10.392233656265544,13.256354942428047,0.20949999999999996,0.5569,21.8,0.0911,0.011600000000000001,0.12889036713631918,-0.5470138533471158,2.0993932697905926,0.7533082060338778,0.7795051427346557,0.8423283514713967,0.5966105254761941,0.48053243052365247,0.5082805802063181,0.6133677819036597,0.7618831402077264,0.7633143140996382,0.8579562910208072,0.7622590789206736,0.7022713711169191,0.7511459500240049,0.9392473118279568,0.9153588869370324,0.010620815581253799,0.00566037735849056,0.0,0.0,0.0,0.0,0.0,0.0,German Bazeev,2885.0
20.276470174061547,187.33367863151184,-50.84397841606512,-14.520108712573654,-11.58209465922484,4.0,-3.3075016082003756,-26.996923855889143,-10.305080166722936,11.86773058654583,0.2189,0.4889000000000001,16.3,0.0316,0.0029000000000000002,0.02106560956126196,-0.34898813643600135,1.9856132785168559,0.7462021570351292,0.9533333333333334,0.7484200513017363,0.5990265191792019,0.7132414639716796,0.4910610363051548,0.5261633983690844,1.0,0.8639928057553956,0.9363809523809523,0.7259539086098931,0.50781047857301,0.6950463421133872,0.932503996802558,0.9517985611510792,0.00071942446043165,0.0014388489208633,0.0,0.0,0.0,0.0,0.0,0.0,German Bazeev,2885.0
20.12945351042713,178.11327663004124,-57.852997798095046,-15.815989058727297,-10.958757240267296,4.0,-8.11315225118047,-30.18649743232988,-10.170557394636434,13.391955579046321,0.198,0.5314,19.9,0.047200000000000006,0.0175,0.03284266124095796,-0.308521225962624,2.0650211768762805,0.6576239255199237,0.8555800119205003,0.8470629378562252,0.6691037714482315,0.5110945504564628,0.5587972652692923,0.610027489474078,0.8294317909571394,0.8117429804585257,0.8251857894553032,0.8793102416708471,0.6140489937101506,0.5431246740274951,0.8506560260754844,0.8923322954520657,0.02453987730061349,0.0,0.0,0.0,0.0,0.0,0.0,0.0,German Bazeev,2885.0
19.799583422934255,178.0070122453165,-56.24865309463503,-13.617282736975227,-11.997826850085389,4.0,-9.268080745146829,-28.72117151101849,-10.492859455414157,13.848568204005076,0.1916,0.46959999999999996,23.8,0.0551,0.011399999999999999,0.10228341858220628,-0.2869982732623182,1.8030935218109967,0.7151162318379767,0.9546703296703296,0.9072025697543143,0.743198818624705,0.5397084456283383,0.6669701279725455,0.5309138562995515,0.7860086416728849,0.8384097799828136,0.931419535732916,0.779553184569708,0.5918735019521277,0.6032504559470018,0.7326844589212984,0.7524258649969159,0.0007142857142857101,0.0,0.0,0.0,0.0,0.0,0.0,0.0,German Bazeev,2885.0
17.413431235849295,142.99964192307093,-67.61186320182567,-15.294232253239954,-12.557672723548173,4.0,-8.23653453924331,-38.913929968187674,-10.807026210325429,14.197532492718874,0.21259999999999998,0.41690000000000005,21.2,0.08659999999999998,0.005,0.08289156575298004,-0.08993473842529803,1.67807529698768,0.47877699716964794,0.8407070261483314,0.7369880009737442,0.6114795845219554,0.3954554294041894,0.40900011032596695,0.5930403937328808,0.7187518874820722,0.7481544219199008,0.8500886286138976,0.7368724741692124,0.3680336577139943,0.5567025757584305,0.8084110106724521,0.9513533822398829,0.029002007999471918,0.00566037735849056,0.0,0.0,0.0,0.0,0.0,0.0,German Bazeev,2885.0
19.06431612453748,176.1585247279228,-56.50006786641403,-14.740739685372326,-11.524122846671002,3.991146517571519,-5.886198836330319,-30.76682475851497,-10.26894880743802,12.695620550341085,0.2084229452054794,0.4680102739726027,19.30993150684932,0.058208904109589,0.0066198630136986,0.0844757999448065,-0.3400916704226981,1.835228501939178,0.6775282464947803,0.8896539526455184,0.8204709122593138,0.6555509696192612,0.5525169059737404,0.559670722759432,0.5869903740833198,0.8709625470745782,0.8591339744118148,0.8526047443116389,0.7435140370842891,0.5542643451877218,0.595311149966614,0.7832198073479106,0.8528163213623974,0.0618863823736524,0.0212607456226032,0.0740888181174805,,,,,,German Bazeev,2885.0
19.112639443833295,157.8215751853485,-45.48632242705603,-16.580290827093616,-9.55315442180515,4.0,-5.093463906760137,-23.566912381506555,-10.642893848910596,15.950392959020025,0.22030000000000002,0.40280000000000005,20.6,0.06360000000000002,0.007200000000000001,0.17258364065334542,-0.3220911008763464,1.974248574037175,0.606677105676478,0.8630119388625281,0.6540777449845463,0.4864214825644108,0.4813524291277755,0.5571941921305696,0.5119805933643139,0.8052362791075851,0.9399111007135337,0.8275618426583298,0.5579737447039467,0.5745048298166433,0.5846529830889928,0.7712223733715886,0.8173140640733484,0.013166614151519321,0.0,0.0,0.0,0.0,0.0,0.0,0.0,Gilbert Elroy Tarigan,2918.0
18.85384480032672,172.8184724828771,-57.992532762285016,-15.10215395679738,-11.421129988710376,3.972993173071768,-5.189110022729965,-32.84434093464738,-10.321328204919755,12.912537172448063,0.2142101910828025,0.4311305732484076,19.11464968152866,0.0707261146496815,0.009264331210191,0.1484872384560014,-0.3241136867152894,1.701667752055976,0.6670297832757133,0.853199945120041,0.7936431796765852,0.5967286255950384,0.5413365211916508,0.5286234119109414,0.5649081330261265,0.8581470340076247,0.8601632123220669,0.8510303286993373,0.6372848964394793,0.5221453603962979,0.6269861447254431,0.7868133116503649,0.814352047837852,0.070914278305996,0.0392988254461575,,,,,,,Gilbert Elroy Tarigan,2918.0
23.267270092990174,207.58080747750554,-70.01342329139423,-14.518977823397595,-12.993030863599433,3.9983333333333335,-7.381679265156521,-41.028756063527325,-9.105565764083742,11.016253155037045,0.219,0.493,14.7,0.0534,0.010100000000000001,0.1796705442881793,-0.40605448787601645,1.5229605366749324,0.8178086373227439,0.8932111797214436,0.8781339280816622,0.6806795729034976,0.7024264615694488,0.4767757469848551,0.5080749193793744,0.9191257209737339,0.8338940841380629,0.7754810489498394,0.574381178192843,0.4961391816970691,0.7030082203910352,0.9053765690129326,0.8123987626288163,0.0,0.0,0.0,0.0,0.0,0.0,0.0,0.0,Gilbert Elroy Tarigan,2918.0
20.46693043798307,190.0543244517632,-60.58112198087214,-14.078859620919513,-12.842243290999807,3.9980769230769226,-3.932027935011147,-35.076697565139035,-9.368217687484929,10.718847195605361,0.2137,0.5338999999999999,15.5,0.0492,0.0078,0.09508871875251182,-0.3667406157061329,1.881708002120888,0.735698205063805,0.9112225174716627,0.8472466379418526,0.5709460005878532,0.5580522790707163,0.5317930740291656,0.6986459077793017,0.8875973184982413,0.9487704918032787,0.9064061331232048,0.7553563238215484,0.5307146811654231,0.7544019049344944,0.895736434108527,0.7585831345061778,0.0,0.0,0.0,0.0,0.0,0.0,0.0,0.0,Gilbert Elroy Tarigan,2918.0
20.330214635919777,194.53419825969183,-66.92058885434099,-15.623262951238349,-14.063270758528887,4.0,-6.946461375295145,-36.03533469576988,-10.844916308582128,12.592657235073386,0.2242,0.41370000000000007,20.4,0.0757,0.002,0.10306392737600423,-0.3571325632241125,1.7988436699090466,0.7600178449711024,0.8628410507442783,0.8839307941743465,0.550222550891786,0.5034215835783301,0.44753192418851945,0.6294675394471809,0.836727409169612,0.7483781478510331,0.8100332698883415,0.6048053750606511,0.4508726291559036,0.6645191772714484,0.7543168880955112,0.8238569389016084,0.0,0.0,0.0,0.0,0.0,0.0,0.0,0.0,Gilbert Elroy Tarigan,2918.0
17.803267840365027,167.4397295289942,-52.43840161510526,-15.460002866652482,-10.929178260236124,3.9957359307359304,-2.1446626289656985,-30.381373716236247,-10.328655701197262,12.809735627446628,0.2173,0.391,19.2,0.0779,0.0027,0.1953422803262957,-0.18776393442633849,1.8476099167307605,0.6583771451729786,0.9262140117755091,0.7641652311798219,0.4809222751239389,0.6235424093918758,0.40118777073421696,0.6678539744621893,0.8803578128444439,0.7905746082876659,0.836396958455782,0.4840478505380963,0.6426463560857697,0.5121891769707181,0.7121040592728819,0.8844338416971969,0.009107048224695269,0.00130718954248366,0.0,0.0,0.0,0.0,0.0,0.0,Gilbert Elroy Tarigan,2918.0
20.25071803360039,176.8838944193062,-48.839919427044876,-13.850865474394888,-10.451467251769172,3.9944444444444445,-5.828561210031798,-26.675663029780672,-9.703090380208026,13.67528347469524,0.2136,0.4559,13.0,0.06570000000000001,0.016300000000000002,0.1622873401108695,-0.28388227458815696,1.5422518657812776,0.7205908385000418,0.9319444444444445,0.7089799764548209,0.6071333719872121,0.5487680496322579,0.4739755096751119,0.7458716758540321,0.9279277118748681,0.9666235112114586,0.9260687022900763,0.7353658252747557,0.5272796614679207,0.7330053211067902,0.771259061884872,0.8126989347117533,0.0,0.0,0.0,0.0,0.0,0.0,0.0,0.0,Gilbert Elroy Tarigan,2918.0
17.39365793721524,154.765096259179,-76.91982309910166,-13.732536122441847,-15.131210756310415,4.0,-6.963781653943512,-47.2949110929015,-10.505831366195519,12.708447892691135,0.2133,0.2903,19.9,0.0866,0.0112,0.07641011203698615,-0.42317419196735406,1.5375963937748354,0.5661808469308468,0.8094017857142857,0.9156630036630036,0.6394801448551448,0.51859348984349,0.4150092200604495,0.4687288294583376,0.8318936618936619,0.8199826027797339,0.8417524984123345,0.4421096253473302,0.3913691586191586,0.7451486013986014,0.8471873959373959,0.8705952380952381,0.009559523809523799,0.0,0.0,0.0,0.0,0.0,0.0,0.0,Gilbert Elroy Tarigan,2918.0
17.96663841160302,156.93871503238447,-62.53762205128844,-11.163529524419188,-11.503035927362891,3.6,-6.76060727400166,-39.31036063734412,-9.245179673261557,11.845090985100986,0.20379999999999998,0.38360000000000005,16.3,0.0626,0.0098,0.19023321527170192,-0.4089199847760171,1.4040753779191177,0.7480470697845365,0.8088935337605886,0.8397892068209808,0.7409269156401712,0.7720084579596385,0.4745071263603104,0.5768144817456518,0.9022442925624412,0.7376638961699401,0.7263720398028761,0.5541396868535066,0.7608779784672135,0.7194228657734688,0.7587875345882176,0.9367939048791751,0.03013698630136986,0.005479452054794521,0.0,0.0,0.0,0.0,0.0,0.0,Gilbert Elroy Tarigan,2918.0
18.3252955187025,171.54458330784365,-58.10598002479371,-15.421105476939099,-11.179267087469873,3.9974025974025977,-5.9419906057163825,-31.912461804799953,-10.761951438917986,13.11339379164698,0.20270000000000002,0.3146,25.3,0.08979999999999999,0.004200000000000001,0.1101131658683221,-0.29795705668216227,1.8939132457884633,0.6413432896684138,0.8172501911631807,0.7701686554524623,0.5413802291657608,0.5304206509545832,0.39592802267944915,0.47945746299694036,0.7895640099436161,0.8780651344133691,0.9119830353863833,0.6048921843083052,0.5285756875846094,0.496232654749823,0.6336441050997637,0.7425280601894295,0.00145359477124183,0.006107189542483659,0.0,0.0,0.0,0.0,0.0,0.0,Gilbert Elroy Tarigan,2918.0
17.911818777915606,164.45268868720513,-64.9494339981467,-14.33460246223712,-12.019676878582672,4.0,-7.166619699983164,-38.8264182004582,-10.119615284491232,13.517498527605671,0.22640000000000002,0.4484,20.3,0.0804,0.008,0.18114216570018393,-0.41829064098568053,2.1425725083886626,0.6195208842803636,0.859194761096289,0.8504737397210516,0.5253995871030392,0.5417291758944277,0.5126421915923897,0.5076532844840711,0.7642561854502998,0.8123945098478206,0.9485714285714286,0.6796125181071417,0.5168763409765107,0.5880531975099037,0.7041869746510381,0.7709728622631848,0.0,0.0,0.0,0.0,0.0,0.0,0.0,0.0,Gilbert Elroy Tarigan,2918.0
17.635700189260145,152.88475956141315,-63.841235412747665,-15.660782227686573,-13.987188509041891,4.0,-6.269399909603618,-35.700417347385,-10.659927274829563,14.436479855798979,0.2212,0.4516,21.9,0.08070000000000001,0.011600000000000001,0.24282181803298147,-0.5691652599799617,1.9602814214753987,0.5691331257698833,0.7167092869837961,0.7951857856802124,0.7047534529653283,0.49556795500307393,0.3450611721959845,0.5006365157453743,0.8886045572522832,0.7858879471158796,0.794206661469439,0.6233755782079158,0.6062389713598845,0.6913772998439929,0.8619146216128144,0.8649754760651408,0.0,0.0,0.0,0.0,0.0,0.0,0.0,0.0,Gilbert Elroy Tarigan,2918.0
18.7731031309624,176.19967922225555,-54.73296929728186,-15.47915356061298,-10.507240515086213,4.0,-1.476937316438433,-33.52784790815319,-10.280750253114364,12.538960256123323,0.2172,0.2606,16.5,0.05940000000000001,0.0063,0.14813651442839829,-0.43146341156020984,1.4616650340440365,0.6958058107653177,0.8423178364480298,0.76350172341463,0.6159456203413171,0.539363636113149,0.4548314133157848,0.7930321081733097,0.8518658545717612,0.9311926605504587,0.8031416924860505,0.6143427024922428,0.2920292070163541,0.6824116412995898,0.7614970316529537,0.8351299403802607,0.0018348623853211,0.0,0.0,0.0,0.0,0.0,0.0,0.0,Gilbert Elroy Tarigan,2918.0
19.672966026351908,195.48849441332862,-56.40221671498305,-14.798219394717014,-11.658474916347537,4.0,-7.187090775373084,-27.18477795783705,-10.15230442789647,10.578650757188099,0.2371,0.43820000000000003,15.3,0.064,0.0047,0.18099766776804357,-0.7671497171264348,1.8830714097290868,0.8285526565335388,0.8589435575109994,0.8147795151638787,0.5598611534896418,0.6488939438848125,0.6017378254482564,0.6587686559318336,0.8905977272727272,0.8652007270428322,0.9766228239338706,0.7479624442095373,0.5244707896435108,0.7575355460723882,0.7700863657090744,0.8615117749328276,0.008577777777777771,0.0048000000000000004,0.0,0.0,0.0,0.0,0.0,0.0,Gilbert Elroy Tarigan,2918.0
17.07879629890246,155.51926931897793,-57.70174869687698,-16.647917123591,-11.663809026861008,3.998947368421052,-3.152745252697174,-33.57719069063323,-10.878687021917308,14.219653050401671,0.19939999999999997,0.41879999999999995,22.0,0.08320000000000001,0.013000000000000001,0.2682580478435469,-0.1595333037530299,1.628378117547855,0.5530338941575799,0.75600153596711,0.6993214102788523,0.36611984126653446,0.45194697224635655,0.46748774434405804,0.6266570466926664,0.7761315131313624,0.6890203644797757,0.7758286178997216,0.6788868512303217,0.5039334240478095,0.4300508759288507,0.6888004396523777,0.7257637322441637,0.014913289913289898,0.0,0.0,0.0,0.0,0.0,0.0,0.0,Gilbert Elroy Tarigan,2918.0
19.738955114691514,181.8300227279595,-50.06466753764785,-13.328636852343175,-11.417836690138106,3.9864864864864864,-4.74605292305425,-27.185648439496294,-9.742673651634288,12.369694532531772,0.21989999999999998,0.4412999999999999,19.8,0.0629,0.015500000000000003,0.12250416644932346,-0.1217467330912709,1.553621558159373,0.712936665894428,0.9309110130538703,0.7595274890862098,0.8180383614073945,0.5648597010906007,0.5754806902761347,0.5266351705482621,0.7486819712908698,0.8465921079600005,0.8828814911455336,0.5918055484348181,0.5882600760116883,0.6669304901447758,0.7460328022576153,0.8426272172070493,0.00572502685284639,0.0,0.0,0.0,0.0,0.0,0.0,0.0,Gilbert Elroy Tarigan,2918.0
19.911856118459824,180.92884993230683,-56.87013712560167,-14.786261728029368,-11.98236040204805,3.9983333333333335,-2.6743987836824616,-32.44132432665932,-9.817454892062873,10.833329673547066,0.2226,0.3921,14.4,0.0522,0.013000000000000001,0.13201846726436894,-0.18763410502540936,1.7049898863049258,0.7173896081166157,0.8744521629181683,0.8111958596097283,0.7176835107132146,0.7242297116910457,0.6773985367633267,0.5115581512348897,0.9161248762813676,0.9123100564037108,0.8773480801754886,0.5938277220882868,0.3995806327947436,0.5819029310904492,0.8638688121784298,0.8366312190881843,0.0,0.0,0.0,0.0,0.0,0.0,0.0,0.0,Gilbert Elroy Tarigan,2918.0
19.461727416671124,187.6522608591751,-59.53609519640064,-14.889448775379714,-11.941721202624688,4.0,-5.118499252748117,-34.28162229030981,-10.097299662774772,12.792495987436466,0.2384,0.4447000000000001,15.9,0.04359999999999999,0.008799999999999999,0.1220127554008736,-0.4375511905518212,1.851355280291493,0.7852455855907107,0.8673748473748475,0.8088903557667859,0.5888438206244035,0.5240891899778871,0.585889386713373,0.603196604989755,0.8742857142857143,0.8559862877032851,0.8199360106866578,0.8402510058247763,0.4166497842355966,0.6589267902196964,0.8443480496112075,0.8427251657572024,0.0131578947368421,0.0,0.0,0.0,0.0,0.0,0.0,0.0,Gilbert Elroy Tarigan,2918.0
21.795990421779898,206.5083279424069,-54.818387799417714,-15.41869687132845,-11.013018301285063,4.0,-3.371702098675782,-30.340469762180287,-10.128344308607467,11.453843542659332,0.21810000000000002,0.4438,17.7,0.05499999999999999,0.0094,0.19648582332792858,-0.5100631603263183,1.648853749774802,0.7791456876456876,0.9031851366364639,0.9099289353714133,0.6482862955837639,0.6270502806069626,0.4225514472073787,0.6509083374027365,0.9569457968192145,0.8369054342589685,0.8355850216184596,0.6759119705270148,0.4980869905770208,0.680932179277312,0.8730286733915052,0.9513274336283185,0.02278787878787878,0.0,0.0,0.0,0.0,0.0,0.0,0.0,Gilbert Elroy Tarigan,2918.0
17.56603023886295,168.32187719212916,-59.31261053679388,-15.932687515240513,-11.09845225255325,3.9988235294117644,-3.1557764923713485,-36.24799779349023,-11.457314393308437,14.580794380758125,0.21730000000000005,0.26580000000000004,24.0,0.06609999999999999,0.0062,0.03503339861880344,-0.37145738148530805,1.3234438128367303,0.582158033726626,0.8272524339872526,0.7447012471357857,0.5166064993852878,0.47412619707568754,0.5073784283177113,0.372645259192885,0.8030130218974968,0.8610839411589792,0.8076098734834632,0.6699079428381522,0.3504985840375396,0.3562349660396798,0.59913541948471,0.6359712905931484,0.013588929219600717,0.0,0.0,0.0,0.0,0.0,0.0,0.0,Gilbert Elroy Tarigan,2918.0
19.399625897230628,166.59173619695727,-64.25360649984142,-15.096449511676644,-13.176475041977161,4.0,-4.017227232156331,-38.35673061057368,-9.905717666613922,12.298993563156312,0.21600000000000003,0.4466,15.2,0.0653,0.0158,0.011880084236211189,-0.2965998531437553,1.7323824674497004,0.6235733486943165,0.8983573717948719,0.7300077460133851,0.7617729120506124,0.7641272937673124,0.44542953195198914,0.5328126739644375,0.8873147153598282,0.9343984962406016,0.9663265306122449,0.579731028360473,0.3412033650003741,0.5575281935452776,0.8343231742757125,0.8898311053503722,0.0,0.0,0.0,0.0,0.0,0.0,0.0,0.0,Gilbert Elroy Tarigan,2918.0
19.454405691029436,175.36785634054021,-58.45648314148813,-15.1786833420514,-12.480149363153433,4.0,-5.978321566065178,-32.73716938182094,-9.524278975794168,13.44211948739699,0.2511,0.5349,15.8,0.08049999999999999,0.0036999999999999997,0.13130579882006713,-0.3011693831644152,1.9138828628860445,0.5623209541623386,0.962711291413117,0.9149864475809283,0.7959105817159854,0.6866052612088281,0.5819123823226199,0.45859906357453495,0.8672652255997964,0.977659574468085,0.8541204148294508,0.6552171485137016,0.6111185518537978,0.3434100342965664,0.859244329421937,0.8457457560002029,0.01135190918472652,0.0,0.0,0.0,0.0,0.0,0.0,0.0,Gnel Melikyan,2804.0
19.628606986911564,173.6008342690901,-57.66117248597908,-13.921551383516874,-10.156395315995619,4.0,-6.481979617032129,-33.599693338252976,-10.111500606170525,12.609947774989035,0.26619999999999994,0.4309,14.8,0.0451,0.0068000000000000005,0.07318111704083198,-0.3331012789827493,2.295871858407492,0.7125756548607164,0.9914285714285714,0.8701810138340693,0.6874496163648498,0.7909069963736165,0.5044138784199229,0.6261730219629644,0.9842857142857143,0.9624630541871921,0.9544499178981937,0.5383924379816263,0.48003118950403,0.7368145708225369,0.8908610557240791,0.9219943087707325,0.0,0.0,0.0,0.0,0.0,0.0,0.0,0.0,Gnel Melikyan,2804.0
21.51667563158457,194.37067864899532,-54.335511890701795,-14.671502773350412,-10.456739137168523,4.0,-5.499258211394485,-29.534143706645672,-9.903790066093263,11.729922003950556,0.231,0.42800000000000005,14.0,0.023799999999999998,0.0,0.11961876736090345,-0.23342922682416697,2.0035320580777496,0.7902976629062382,0.9992000000000001,0.8855096887239744,0.6386895506286484,0.657236666463656,0.49782628918737776,0.610823055639854,0.9204026519490437,0.8094503796172917,0.8635974252392515,0.647922583787883,0.5047556570862366,0.6687926487146563,0.8018731724131568,0.8454408134561842,0.0,0.0,0.0,0.0,0.0,0.0,0.0,0.0,Gnel Melikyan,2804.0
19.235635588549577,164.20798501683316,-75.28525222773905,-16.4136267940377,-14.775998959539638,4.0,-8.153689085998941,-42.74871854099863,-10.259244791764313,13.066025944600185,0.23210000000000003,0.3267,20.3,0.0983,0.0073999999999999995,0.15745054495086097,-0.6165265072744295,1.9698545558404448,0.6428497397354048,0.7337606942295476,0.6570802423395931,0.8406216313330939,0.6157044405914192,0.5081589838097615,0.44909535366313663,0.7614079357525694,0.7534337837842828,0.8606484548423463,0.6837589156102222,0.5304376439990705,0.5567875992770885,0.9205504587155964,0.8246979791080207,0.0024793388429752003,0.0,0.0,0.0,0.0,0.0,0.0,0.0,Gnel Melikyan,2804.0
17.874304159070384,167.59007672966084,-70.14009332045372,-15.713017713336493,-13.158606890091159,4.0,-8.903182536035503,-37.9858618348594,-11.06646057531395,12.687036229182803,0.2166,0.4521,21.9,0.066,0.007000000000000001,0.1487255201804419,-0.5283513131590898,2.0699923288381497,0.6293185154971275,0.9078883982373795,0.6953951578456025,0.6240488663989359,0.6188767157098602,0.46131167447067317,0.6635876283298594,0.7295803779217794,0.8065980954821377,0.6288793094946964,0.6835525067144307,0.5343400243034739,0.5533489454140289,0.8131311069082571,0.8601218953579212,0.00077519379844961,0.0,0.0,0.0,0.0,0.0,0.0,0.0,Gnel Melikyan,2804.0
17.208062866464807,147.30421521938678,-67.42940544593102,-15.882807434021464,-12.405618781356315,3.9983333333333335,-6.996035441760455,-38.62440375674942,-10.471534703836738,12.952661338460027,0.20189999999999997,0.4244,19.6,0.0298,0.0023,0.09438560456325734,-0.389156685690796,1.5764478061301608,0.5242520199724592,0.7412722780098147,0.7028804217954304,0.6538041912851226,0.572855804708373,0.4583515853815571,0.48688343001320505,0.8296704998225295,0.8899266416730531,0.7827443081660105,0.5853294203004895,0.3572477604551902,0.5424441681268927,0.7017613986683287,0.7300882935440738,0.0,0.0,0.0,0.0,0.0,0.0,0.0,0.0,Gnel Melikyan,2804.0
19.77558561604066,164.05381034182528,-69.92246599757601,-16.987706306221412,-13.033126313439903,4.0,-8.017697597068452,-37.29092334611402,-11.472821349922492,12.879808915190273,0.1926,0.4596,20.9,0.0214,0.0,-0.05920020613001451,-0.17741948415677228,1.6538343928377088,0.6144736675898164,0.9159315690991713,0.7342574201397731,0.6952763881349191,0.6314449734153367,0.3933673744995699,0.467585513714105,0.8440778757833716,0.8332067907913763,0.6923522808294408,0.7432200946417953,0.3324869211302204,0.642646861613117,0.7723636131291088,0.7857075953227721,0.0,0.0,0.0,0.0,0.0,0.0,0.0,0.0,Gnel Melikyan,2804.0
19.73822842825755,182.62121670554401,-66.3873053284693,-14.219140073307424,-13.505160130899574,4.0,-9.348843313509022,-36.46928630707548,-9.787959425726038,12.94308392204824,0.19739999999999996,0.49440000000000006,15.5,0.044399999999999995,0.0,0.030858851293633898,-0.6123741762749146,2.3728432935672474,0.743956089433343,0.8080911556356428,0.9243875067977989,0.5954480765697825,0.6722381115419709,0.4236518213989462,0.4703902082605905,0.8714345991561181,0.8921718787366159,0.813017351209828,0.5071974368600509,0.6990602294658391,0.8498746681203752,0.9273584905660377,0.9234950584007189,0.0,0.0,0.0,0.0,0.0,0.0,0.0,0.0,Gnel Melikyan,2804.0
18.70622976473054,167.9082062663151,-57.04148427280378,-15.17924164430402,-11.250902536885066,4.0,-6.091784217151457,-31.334125990101484,-10.516982787705457,13.331552903343706,0.23630000000000004,0.37529999999999997,16.6,0.05650000000000001,0.0034000000000000002,0.13186618010785725,-0.5754175673700291,1.6014298214910898,0.6873334698746766,0.8315406425293217,0.7987050980683843,0.4889969036397789,0.7380337492061443,0.6588943751570809,0.4082556802478449,0.8809614993825521,0.7451076104800037,0.9351923894242649,0.5672786567247577,0.5853575110667657,0.6341297372048678,0.8320168072429945,0.8972329967965397,0.0,0.0,0.0,0.0,0.0,0.0,0.0,0.0,Gnel Melikyan,2804.0
18.060333238587095,163.92686431719406,-57.500342165549625,-15.99900287509739,-11.213783936016048,4.0,-3.8701022122978466,-33.20183414993234,-10.78595283766088,13.570333845454877,0.2511,0.3622,17.5,0.0598,0.0046,0.1909668197939287,-0.6308714463990076,1.519765401684037,0.5648620004844518,0.8645417212083879,0.843544480937817,0.5416128308058653,0.6032169289087823,0.42827380575891744,0.5403402444602615,0.7819794402587193,0.8167842572667133,0.9184045018205893,0.6482898613608643,0.2918316301556483,0.6128690948358191,0.8586563082276071,0.8287737744686595,0.015878644602048853,0.0,0.0,0.0,0.0,0.0,0.0,0.0,Gnel Melikyan,2804.0
17.64715370799921,157.73023962598222,-61.39966498213835,-15.866772330401087,-12.3059104096879,4.0,-4.924878588441026,-35.016930192510145,-10.33660913659249,13.051435675494304,0.20929999999999999,0.3115,17.9,0.0745,0.007400000000000001,0.053427432649142514,-0.35762955653071016,1.8681234254530437,0.5608744868993505,0.8217340461825756,0.8101682773294356,0.6853839869281045,0.5849476383424987,0.5224435791366507,0.5352080440952485,0.9358019105077929,0.8904194498312146,0.78123355183998,0.5236345778068034,0.42263309147784583,0.5938471688790063,0.8380672802648241,0.9252287581699346,0.00206185567010309,0.0,0.0,0.0,0.0,0.0,0.0,0.0,Gnel Melikyan,2804.0
18.669702663450245,187.89864003063403,-61.356492191144206,-14.27894288522511,-11.2972277752052,4.0,-6.754801536250142,-33.53946431915496,-10.53533592247272,11.049280247163928,0.2189,0.4065,18.9,0.029100000000000004,0.0021999999999999997,0.12337816520944474,-0.23254855414653566,1.5840945082838163,0.7559258337569593,0.8711347366418289,0.8511864286726165,0.7216450346434733,0.5062057945583662,0.5560625404010844,0.5102023322327028,0.8746264739334494,0.8812593596777581,0.8428414521408552,0.5798251466675534,0.47794567544447436,0.5439021021327307,0.8333061065765847,0.8419738787382315,0.00217391304347826,0.0,0.0,0.0,0.0,0.0,0.0,0.0,Gnel Melikyan,2804.0
17.467851592121328,156.42032582975014,-59.59474029687046,-16.250405805208437,-10.775697002689014,4.0,-8.781152911416068,-31.82496505809006,-10.505361924990215,14.542842405523325,0.21270000000000003,0.3786,21.2,0.07969999999999998,0.0066,0.21559262350709715,-0.8876649240136082,1.9892675814682395,0.5621927904846706,0.9466861598440547,0.5775732446637051,0.5895195972513558,0.6867275171386684,0.4632836156781092,0.2859664643770583,0.9076742307306003,0.9434108527131784,0.7967386016907537,0.5952788218137159,0.5793080730407892,0.7084895200733516,0.7728312300020498,0.8925759521855504,0.01955030075462694,0.0,0.0,0.0,0.0,0.0,0.0,0.0,Gnel Melikyan,2804.0
18.051952655679457,145.36248782513613,-66.761699283442,-17.519057853045844,-11.572499622929852,4.0,-6.561326903902914,-38.46008789248806,-10.712195840997168,14.063468829921849,0.2258,0.47709999999999997,20.7,0.0551,0.0023,0.16792608129829173,-0.2755596574640033,2.213523861896415,0.5256449744093163,0.9217142857142857,0.6599674573548231,0.5205316893336315,0.6050082126116293,0.7203511901986098,0.5022769200879098,0.890512949344157,0.814276181305835,0.7659362566266624,0.6326669825910033,0.6248815501876974,0.6225705752903874,0.8990390126853489,0.8580373645534936,0.00569163584696712,0.0,0.0,0.0,0.0,0.0,0.0,0.0,Gnel Melikyan,2804.0
21.11866837103664,197.43252343697787,-61.87839985439543,-15.827312188438928,-12.110588295444689,4.0,-4.034207111677559,-35.109835015115536,-10.14209658401336,11.34563934029463,0.2552,0.37049999999999994,16.6,0.0611,0.007000000000000001,0.10705326837598057,-0.14053705912097733,1.941744207928771,0.8044774565750407,0.8769884666288522,0.907844001048477,0.6713027724529468,0.7240701384238868,0.6333373407641584,0.5130283598879679,0.9315808954305546,0.9469406451436846,0.8853662414817401,0.6030603363647415,0.42964178819643417,0.5898087413395224,0.7939016284479894,0.842582897045659,0.0,0.0,0.0,0.0,0.0,0.0,0.0,0.0,Gnel Melikyan,2804.0
20.364090459579113,170.41030744315228,-63.70626759448319,-15.948971953864467,-13.215679858335353,4.0,-5.243180189393498,-35.93845466162903,-10.062049158688048,12.702068227427208,0.2144,0.48599999999999993,17.6,0.0398,0.0018,-0.03202639563406527,-0.1781065901519479,1.887996228104609,0.6747801795683014,0.8900020224188878,0.7054598794282569,0.6152634412468071,0.7811119534622345,0.41006675906972634,0.4705178656779953,0.9357894736842105,0.9125506072874494,0.920910125951754,0.5614225419527933,0.6590134470803217,0.6881674656712958,0.8204347245784733,0.8991732804232804,0.0,0.0,0.0,0.0,0.0,0.0,0.0,0.0,Gnel Melikyan,2804.0
18.56862888714881,166.29626166014577,-61.487866807226695,-15.652692250196845,-11.859880719388949,3.9943912510981945,-5.948835677905718,-34.4296052076902,-10.481355976300184,12.890111773157017,0.2207201877934272,0.4113295774647887,18.97089201877934,0.0582356807511737,0.0071427230046948,0.1122966688994974,-0.309567015570995,1.829378937723677,0.6217402813016256,0.8669035833461045,0.790705655117017,0.6259560314677838,0.60390095898875,0.5151044742715893,0.5331394909288726,0.8799438862375089,0.854763498220603,0.8246343158462239,0.6071271641559142,0.5072419354391547,0.6068527205307199,0.7926650097476376,0.8283095672730258,0.057049101670472,0.0332459474451285,0.0,,,,,,Gnel Melikyan,2804.0
19.999377204724915,162.9742097899691,-59.809249599591475,-14.984915058794531,-11.965403573767533,3.9833333333333334,-4.106053190361672,-35.22272097888451,-10.20596859405822,12.69247846294166,0.20099999999999998,0.37690000000000007,17.0,0.029800000000000004,0.0026,0.05523931149369232,-0.3934440609750977,1.8762389121997185,0.5934227010123446,0.9987951807228915,0.6368939902516726,0.8231619574588125,0.7306044532460436,0.6164877626474087,0.5870606959140531,0.9656847906416293,0.9032206365569229,0.9572377746279235,0.6839992610106058,0.2981758818526393,0.63606935980547,0.6707780707808941,0.6715467842243975,0.00207299787384832,0.0,0.0,0.0,0.0,0.0,0.0,0.0,Gnel Melikyan,2804.0
21.101401924975942,188.1609913938965,-70.88913955512518,-14.589327652105926,-14.126864977043377,3.990163934426229,-6.346375663622825,-40.21405520574724,-10.378304124733493,10.77562413370146,0.25870000000000004,0.42379999999999995,15.7,0.0639,0.0107,0.028244976017244183,-0.2319939443811141,1.9019558081845158,0.7182601700356449,0.7743816218052575,0.9100325194612588,0.5859823907954269,0.6218715281247686,0.7016311515207797,0.514095632790126,0.9118724520966115,0.9439963164684485,0.7295604480379054,0.7023966945203336,0.5399506759007723,0.5339328561897032,0.8858661902563073,0.9183703154878321,0.0,0.0,0.0,0.0,0.0,0.0,0.0,0.0,Gnel Melikyan,2804.0
17.595112478471354,158.42604278964762,-55.39841889573929,-15.127532700274633,-11.007768817770653,4.0,-6.132410830656799,-30.167018514639487,-10.162212679793326,13.198524647395615,0.1897,0.4526,20.5,0.057600000000000005,0.0077,0.11036692966531676,-0.6878964646464647,1.9823242098403386,0.5733940413387761,0.9575218544895965,0.7449961824392204,0.5706897912214368,0.615063344014552,0.5968551972504607,0.5530356095517386,0.8829831029185868,0.8757875529488434,0.8715824483407772,0.6214696330392533,0.8008509923591891,0.5469617737868412,0.7345001031570859,0.8175203557826508,0.00225396825396824,0.0,0.0,0.0,0.0,0.0,0.0,0.0,Gnel Melikyan,2804.0
20.88493657381981,184.66244208506617,-55.531685440864706,-13.887216317026134,-11.51749293525248,4.0,-4.8070411160415585,-31.6537618907212,-9.969686992205789,12.303513810382453,0.2319,0.49399999999999994,17.7,0.0252,0.0059,-0.13042732504607782,-0.21206027674227582,1.3003369785161027,0.7053152594371082,0.9230901451489686,0.8209337854544803,0.6568218074433968,0.7224519098023585,0.4561392156721637,0.5932127752786831,0.9391806722689076,0.8375654807377497,0.754410180673103,0.6932017424496416,0.3542219302426687,0.7703513669821834,0.9340104685942172,0.8653058374865097,0.0,0.0,0.0,0.0,0.0,0.0,0.0,0.0,Gnel Melikyan,2804.0
19.013079413708354,166.0325735071013,-52.38173867076013,-15.38691707849072,-11.250097476663052,3.9944444444444445,-5.518083164423857,-26.748310864680338,-10.65269974659288,13.179925215646273,0.21200000000000002,0.32080000000000003,19.0,0.0828,0.0125,0.3296948682284929,-0.05316706281122689,1.7456569728574447,0.6348701629966271,0.8074779959918009,0.7038970435200957,0.6282596419331272,0.49061740998685754,0.543252161872554,0.5382231550247445,0.8327957931856208,0.850414741630787,0.7437045482558856,0.6228253997755779,0.3573375639310468,0.7209818816402226,0.6020524172294623,0.8607076426858246,0.01140350877192982,0.0,0.0,0.0,0.0,0.0,0.0,0.0,Grigor Grigorov,2939.0
18.863905652003513,174.17835027483142,-60.34657478421461,-14.598530193049104,-10.915650134468013,3.9983870967741937,-6.175306909678997,-33.59763244552523,-10.579147768715428,11.521305570447963,0.20650000000000004,0.4542,15.1,0.059999999999999984,0.011699999999999999,-0.016110102779806533,-0.4903080237959066,1.690921782525253,0.7331149356443859,0.9202771583306785,0.7280022871410969,0.6545574436719576,0.4131648178287125,0.4791271820446079,0.689980138440606,0.9728,0.8339154138703133,0.857501051737853,0.7283193090738848,0.3940343431752006,0.5184646402261042,0.6670490183611737,0.9461179856115107,0.0,0.0,0.0,0.0,0.0,0.0,0.0,0.0,Grigor Grigorov,2939.0
20.30915202699068,189.63575943525683,-52.860252468250565,-15.507402392130606,-10.748905893724523,3.992857142857143,-3.2638842547060833,-29.117107451555256,-10.462236763811399,12.246427144820156,0.1896,0.5085,17.3,0.055600000000000004,0.006900000000000001,0.019091491626004136,-0.29642042008737424,2.088894321094494,0.8034255662856549,0.9376432078559738,0.7695772987911984,0.6300066822399575,0.649909106038203,0.44642277288569937,0.614417679090727,0.9211621711621711,0.8879887399834209,0.8561728346364049,0.8902269273279912,0.6176294456041762,0.471951561893737,0.7530360807370748,0.8090990032930823,0.0007092198581560201,0.0,0.0,0.0,0.0,0.0,0.0,0.0,Grigor Grigorov,2939.0
17.856528363807872,161.99276676186506,-66.49483507457761,-16.929128448786194,-12.765005993805138,3.9944444444444445,-4.763960598175167,-37.33594028182664,-10.965274396998838,12.270030200569911,0.1842,0.3056,22.1,0.060300000000000006,0.007999999999999998,0.14748883898510928,-0.6095644352072609,1.5889912836907134,0.5664364067298095,0.8694606493514829,0.6892225859533985,0.4919112959083449,0.5290964635648272,0.4742688711072704,0.6174332130801556,0.8470656319832223,0.884223595568263,0.824437924810591,0.5700042362326083,0.3800402395976547,0.6768100519087852,0.7374620067745872,0.8078388346697635,0.0024509339148573,0.0,0.0,0.0,0.0,0.0,0.0,0.0,Grigor Grigorov,2939.0
21.97777363862266,206.24293902724995,-60.12201139759395,-16.610249035838272,-12.10123103767235,4.0,-5.9086011330874255,-31.212783208599273,-10.902850730405785,12.61370374800915,0.2141,0.4349,18.3,0.0461,0.0043,0.14530251957558957,-0.17434992050017514,1.7505311954349458,0.784874992037244,0.8743027340319653,0.8011600900815241,0.7308942652069157,0.7284614551623058,0.6371508488407698,0.4376276778816126,0.9305407280879683,0.8465128264290904,0.9425041676589665,0.6655587400393635,0.5467269833496547,0.4682235264217226,0.7369729040741865,0.8910137412496759,0.0,0.0,0.0,0.0,0.0,0.0,0.0,0.0,Grigor Grigorov,2939.0
18.554888662860854,167.96317328513877,-70.68712131258197,-15.373942243147138,-14.59074117714475,4.0,-6.880715179129065,-41.1695665714637,-10.009112860663915,13.336956718966608,0.209,0.4699,20.6,0.06040000000000001,0.0026,0.14007860044670212,-0.3347906636813102,1.6711164999368915,0.5946505502307582,0.9237423408656286,0.7933790314755405,0.5644735396305031,0.4738640614996482,0.5850892330159744,0.6067501040962748,0.8940544023877358,0.7692736126075028,0.8266945769354515,0.6227874315357042,0.45341321455808803,0.5603660639977561,0.9145668215916503,0.9158375770570892,0.0,0.0,0.0,0.0,0.0,0.0,0.0,0.0,Grigor Grigorov,2939.0
19.55348871995213,185.42812076800607,-53.81978577755738,-14.539974943984868,-9.867165790177157,4.0,-3.8411417661159293,-30.799885184403582,-10.138609021886204,11.36699092901036,0.24899999999999997,0.42460000000000003,18.3,0.0732,0.0167,0.22615863535665107,-0.34731468155196965,1.8629082742621397,0.7861763721552878,0.8769983447924625,0.7863633536373038,0.6500742061505704,0.5116455415238899,0.4046512955443567,0.6820815420642972,0.9468627327365192,0.9406035141329259,0.9234401872637168,0.7299103901753076,0.3976916363619057,0.7094838494838495,0.7016363749851328,0.6884179123086323,0.0009090909090909,0.0,0.0,0.0,0.0,0.0,0.0,0.0,Grigor Grigorov,2939.0
20.032180537637018,183.04379691431123,-58.79217356919552,-15.728267589070999,-11.968699491533972,4.0,-5.62246290207337,-32.22499177925228,-10.160483660182383,12.912731852917489,0.1995,0.5367,17.4,0.0316,0.0010999999999999998,0.06581000268157902,-0.23131460681065058,1.9603176987565303,0.7293131343808994,0.9366666666666668,0.7181010720192096,0.8114505213096763,0.4010129858868903,0.614413318989372,0.622222991462459,0.9065685517718469,0.8318820172405733,0.8650227378089875,0.6786468691269673,0.4687456790702099,0.6456737863813335,0.7504847799796066,0.9026697248349921,0.00055555555555555,0.0,0.0,0.0,0.0,0.0,0.0,0.0,Grigor Grigorov,2939.0
18.201625845896384,162.32852956515663,-65.26126219329473,-16.360032731833037,-13.2989587211509,3.9983870967741937,-4.609552100126837,-37.728464815169175,-10.474984859370883,13.212343937581917,0.19580000000000003,0.4418,19.2,0.0413,0.008,0.12545917810517496,-0.4034029540961592,1.768222817139889,0.5678844611576321,0.9121187820131913,0.6885445521628702,0.569352909145004,0.4725922845857097,0.44336938575873946,0.5922902209915495,0.8761104453565537,0.8460795076166316,0.8360820796553956,0.6251913758548643,0.4595787387386977,0.5922601403741522,0.7202799179087206,0.9247157235452625,0.012957919367831519,0.0,0.0,0.0,0.0,0.0,0.0,0.0,Grigor Grigorov,2939.0
20.359770394158982,197.6591414141414,-51.73304507721002,-15.438048575820314,-10.798805907563242,4.0,-2.2221920289855075,-29.017582756917,-9.873470673348391,11.61705486542443,0.23089999999999997,0.4875,13.1,0.08950000000000001,0.0201,0.03969542082313822,-0.6644261716544324,1.5318596681096681,0.8248584477829599,0.8901962168266516,0.7754391342139545,0.6331419990095372,0.4998236899499141,0.5180905616490674,0.6515712649677428,0.9696428571428571,0.9713493384967196,0.9644058697208304,0.8298953590350445,0.4860644025228071,0.7129421566628716,0.7301120142252866,0.8445579395278939,0.0,0.0,0.0,0.0,0.0,0.0,0.0,0.0,Grigor Grigorov,2939.0
20.066717358220806,186.56648717272824,-55.59733213858796,-15.14497259833336,-11.4568312104087,3.9982823170286617,-3.8202798930142463,-31.08267624028545,-10.292427019522016,12.201572505947148,0.2159324758842443,0.4621414790996784,17.990353697749196,0.0627845659163987,0.0087909967845659,0.1127494525223803,-0.3349711362834414,1.8604402743794817,0.7301868102616804,0.906924621144586,0.7811145124321993,0.6312877156832668,0.5540514486122057,0.5405306676772351,0.6139353287027803,0.9088327923291398,0.8918120787815011,0.8724351348846721,0.7304125216547925,0.4714574055335757,0.6020151616239313,0.7828635261115426,0.8518628769266623,0.0598939582986581,0.055758354670863,,,,,,,Grigor Grigorov,2939.0
21.48628952039966,206.42640689511526,-46.55828903052988,-15.396219180023937,-10.748310443173317,4.0,-1.832509591176675,-25.097757392513337,-10.453726172602895,12.970233748960283,0.1993,0.4739,18.4,0.046000000000000006,0.014000000000000002,0.06641268191268192,-0.6627861236058983,1.9502944452518918,0.910419032477856,1.0,0.7266187321420163,0.5810059540426935,0.7313953765761483,0.5016047821678968,0.7050040784536498,0.9270894844424256,1.0,0.9310118101294572,0.8478675902793549,0.3416747413599025,0.677669552914277,0.8288220725203146,0.8901426112150072,0.00067567567567567,0.0,0.0,0.0,0.0,0.0,0.0,0.0,Grigor Grigorov,2939.0
20.402202946071878,178.81219193533025,-53.10162496635284,-16.973589668431096,-11.70448607546244,4.0,-2.436502054526944,-28.17355119659917,-10.570418150028747,12.756922178695563,0.22460000000000005,0.4502,18.4,0.054400000000000004,0.0,0.2407909953243153,-0.40435599007056255,1.93656399015291,0.6733684130216642,1.0,0.7297755010087925,0.5595978433896452,0.5033001942209872,0.4774159447145448,0.6187906051495423,0.9298592528448244,0.9301923076923077,0.8907893212453336,0.6469025250921909,0.5114808749620995,0.5590607578100288,0.8659482299562061,0.9313885719706676,0.0016806722689075599,0.0,0.0,0.0,0.0,0.0,0.0,0.0,Grigor Grigorov,2939.0
20.202504615005772,192.20540622381816,-71.56136677907594,-15.706751107331533,-14.242063164627496,4.0,-2.8009779122672795,-44.248654503095494,-10.212595409000883,11.649675317246722,0.2242,0.46690000000000004,16.2,0.0621,0.006500000000000001,0.16167016394020123,-0.20797923080846314,1.7832589980509368,0.7950143298283384,0.8232284178875844,0.8502444324119038,0.6459738581928398,0.5150336881886378,0.4195855452828942,0.5600254404371351,0.9341919067813063,0.9233277529064734,0.8675161778119016,0.6480120870615689,0.47010044441168863,0.34985647784401896,0.6573846949998323,0.839614725910716,0.0,0.0,0.0,0.0,0.0,0.0,0.0,0.0,Grigor Grigorov,2939.0
19.030363302364837,177.227801709504,-68.21448602712549,-13.552897336684087,-14.260567075812057,4.0,-5.355855579869401,-43.13982388290857,-9.869025894246166,13.963683742394801,0.20249999999999999,0.35350000000000004,21.0,0.0709,0.0127,0.13348999111658175,-0.48217665022316175,1.4047223523392898,0.6359546386286009,0.8683349446771942,0.950559633027523,0.578149536107807,0.6009501774230388,0.4679763327419888,0.43025487443331534,0.905963065869608,0.8737661025511493,0.9133716072653998,0.6854157589472363,0.43067118582320435,0.4680772335784436,0.6611967169479886,0.8627315892701348,0.012482161060142698,0.0055045871559633005,0.0,0.0,0.0,0.0,0.0,0.0,Grigor Grigorov,2939.0
19.720286338635518,192.67494078939862,-54.08977565403544,-14.36446290647427,-11.56456345985601,3.9980769230769226,-3.7878859123641044,-30.449901795783653,-10.48916366508793,12.568125162453603,0.2125,0.42779999999999996,17.4,0.0636,0.015099999999999999,0.2928190477834323,-0.2588814866933706,1.7631276766259454,0.7602122617437472,0.9253012338538655,0.6997321881926706,0.5269400027217364,0.6839385165042329,0.5492967463928092,0.6697199435881601,0.8898681498418632,0.8759466587796221,0.8517889479525673,0.6820465981824706,0.4444281410316225,0.7724690611100448,0.7688659533021062,0.9135780628040691,0.01898836457659986,0.0,0.0,0.0,0.0,0.0,0.0,0.0,Grigor Grigorov,2939.0
19.1342052507842,178.10868572322516,-50.046953261746964,-15.515636414320628,-10.312856660545094,4.0,-1.8764317129448707,-28.046615391681183,-9.90163994473205,11.606226862476863,0.2204,0.47640000000000005,17.5,0.06999999999999999,0.0019,0.13468310751205487,-0.22182815867026387,2.0256612279638597,0.6901671459257065,0.8806070535675798,0.7815906460199422,0.6000482086666297,0.40246377700325064,0.5951944841513643,0.5395069244791819,0.9579531763417306,0.9046266233766233,0.8372322082848399,0.7956443285390653,0.4325149215645411,0.5307478452334191,0.8518981481481482,0.7769005847953216,0.00178628389154704,0.0,0.0,0.0,0.0,0.0,0.0,0.0,Grigor Grigorov,2939.0
21.182629221768412,200.0418273701162,-49.85756775528326,-14.55239612686891,-10.216619717990188,4.0,-1.4456403132900157,-27.949605971433783,-9.727647201256444,10.034341575556077,0.2198,0.6003000000000001,13.7,0.041800000000000004,0.0064,-0.03529728807073935,-0.2678465102386708,1.6226531728447484,0.8389130972637435,0.9476744186046512,0.7760327902424413,0.7992605079267818,0.6324350193018418,0.655699516484833,0.6053366379163736,1.0,0.9992125984251968,0.9024481468603115,0.9103618421052632,0.39378402309812377,0.5749484111843026,0.7954749103942652,0.8727767374776322,0.0,0.0,0.0,0.0,0.0,0.0,0.0,0.0,Grigor Grigorov,2939.0
18.719196249762224,179.94375557187254,-54.234252521819414,-15.235839186931557,-11.551616558988396,4.0,-1.2858889128287807,-32.54335116784423,-9.97450328806303,12.356946592836577,0.23040000000000002,0.5468,16.3,0.08180000000000001,0.0041,0.25708412099700373,-0.44462261412404125,1.762024005642194,0.7115688279053995,0.9841463414634146,0.7068040827905602,0.6384880039164805,0.4650612581546031,0.5201358198431045,0.6100679137145917,0.9914141414141415,0.8522197627798196,0.9577574525745257,0.7526376565952482,0.54771288931583,0.43763504176174167,0.7181059742562402,0.8375477334318798,0.0,0.0,0.0,0.0,0.0,0.0,0.0,0.0,Grigor Grigorov,2939.0
18.794357448107448,188.50829573204572,-58.17633998852229,-16.312567293817295,-10.774941664623958,4.0,-2.8943421162171163,-33.30193885975136,-10.976766358641358,12.084216304528805,0.2263,0.3513,20.4,0.0817,0.010100000000000001,0.19276997308247307,-0.4600120018870018,1.6810074300699303,0.7097602531663665,0.8729399973436234,0.7406263980930011,0.5896954212268561,0.44785960829025734,0.379057214835369,0.5845647353850512,0.8513239503816795,0.9214575381679388,0.7835267983795944,0.698438111665688,0.3706197662820497,0.48030193442803865,0.804217990978487,0.8299401213654688,0.02061068702290076,0.0,0.0,0.0,0.0,0.0,0.0,0.0,Grigor Grigorov,2939.0
18.877006459457238,172.0121110300445,-52.20805296390979,-15.957015365384004,-9.978003223420613,3.9980769230769226,-2.0670613159255162,-30.86345141221414,-10.740424564956951,13.399825994914513,0.22870000000000004,0.3559,18.6,0.091,0.0159,0.17230537797155182,-0.35079977640268917,1.6103003071122064,0.6666295699747872,0.8242310049072982,0.834693565907417,0.619735089846097,0.30267005390108603,0.49316202101150564,0.5909397290062766,0.9507459803968906,0.7852263616121034,0.7925293524578472,0.538083034142234,0.5112954312123219,0.7394716528876544,0.6870130813104585,0.794373157586409,0.017307692307692298,0.0,0.0,0.0,0.0,0.0,0.0,0.0,Grigor Grigorov,2939.0
19.24155812978673,181.47748246424106,-52.69583020111958,-14.887517877770089,-11.218808226012525,4.0,-3.472707351471368,-27.861465964839613,-9.967561001825228,10.712230220799244,0.23149999999999998,0.40499999999999997,15.9,0.0443,0.0073999999999999995,0.03933200770297483,-0.20400103717528797,1.7881885608220334,0.6932985492741003,0.9038095238095238,0.8650255731150003,0.7496255864192347,0.750770999325814,0.5044872733451177,0.6662086556953792,0.9791666666666666,0.8961880301492293,0.9064784321322484,0.6733794561115113,0.4999161798057468,0.49624253052564227,0.7958825425647855,0.8834204441681077,0.0,0.0,0.0,0.0,0.0,0.0,0.0,0.0,Gyula Pap,3000.0
19.07870244483622,185.61734935846414,-49.126496564069896,-14.158395269021455,-11.497578537637638,3.998214285714286,-4.648773716112426,-25.241674964350487,-9.78895960865126,12.210671245989085,0.23650000000000002,0.46979999999999994,15.1,0.05700000000000001,0.0023,0.10368991561116796,-0.2240926985044632,1.92092359492739,0.6945845065225882,0.88481024922843,0.8801587524151178,0.7263403214643407,0.797782182455844,0.527829327533327,0.6485659211177683,0.9681887366818873,0.9448987937027192,0.8561721955343001,0.7501922617364548,0.5861018959184026,0.46585513067241474,0.8068533059481778,0.8146091705541018,0.00112359550561797,0.0,0.0,0.0,0.0,0.0,0.0,0.0,Gyula Pap,3000.0
19.356158285373517,163.51944635191828,-52.89815684780088,-14.730834312637494,-10.955758943921378,3.9850000000000003,-6.280071472876734,-28.477992837180796,-10.596650717337809,14.158151436153338,0.23289999999999997,0.34540000000000004,17.4,0.07070000000000001,0.0091,0.09217947720198756,-0.4377601536895802,1.5641691829122746,0.558678422090865,0.7695702157226397,0.8626907841212075,0.639521897687261,0.6481621126703447,0.4737948410647931,0.5175604616380249,0.7990797650785717,0.9239629223648954,0.7179473127777183,0.5891907482704496,0.4556367528287101,0.7915534118203091,0.8624351006082879,0.8883796421538014,0.00394736842105263,0.0,0.0,0.0,0.0,0.0,0.0,0.0,Gyula Pap,3000.0
20.777627134213336,186.181384282253,-47.196460596373996,-13.264769802279389,-10.555774380564504,3.9952731092436977,-5.480959514422677,-23.121016631649407,-10.47318546955126,11.703972092849549,0.23420000000000002,0.5575,15.1,0.040999999999999995,0.005,0.13402787831087334,-0.3075151549576419,1.309066670502838,0.7824710517924773,0.7635540331463327,0.8822041657862553,0.6825619430314764,0.7415692612954231,0.48156832564274776,0.6241188466065253,0.9436505994617079,0.9044857678819019,0.8008739185315321,0.8075427321695979,0.4472264143053707,0.712665860347097,0.8569878527589971,0.8193399101359301,0.00246913580246913,0.0,0.0,0.0,0.0,0.0,0.0,0.0,Gyula Pap,3000.0
19.689231064136838,171.32254779028477,-52.933046833954144,-16.180112531906097,-10.278866582678933,4.0,-4.891273128254175,-28.1747333906766,-10.54676614599879,13.138704945560457,0.2414,0.4789,21.3,0.0512,0.019700000000000002,-0.0014100881845514168,-0.21391453120071727,1.9715064137510407,0.5795964824518437,0.9153666954270923,0.8161133603238866,0.5666468396878084,0.7084607601347737,0.5367256643774342,0.48517463853244613,0.9603509009619293,0.9373934426229507,0.8589218744486663,0.6563741540583645,0.45271857413195066,0.7242349209344268,0.8217777524654142,0.8288699493044932,0.01475409836065573,0.0,0.0,0.0,0.0,0.0,0.0,0.0,Gyula Pap,3000.0
20.090353840283875,196.86093436798086,-48.17048655015543,-15.259961421955424,-11.478093447077672,3.9901234567901236,-0.2900925743004703,-25.54038548058413,-9.728483720552685,10.136406637524829,0.23480000000000004,0.3234,13.1,0.055400000000000005,0.008499999999999999,-0.10281633343477421,-0.20265947708476442,1.5869749064489194,0.8040894194185014,0.9395061728395062,0.8511185263240059,0.782043508668946,0.7837919472044019,0.6509997369066431,0.6279908442947518,0.9204120879120878,0.9078121622949208,0.9434984064117271,0.5378675433150855,0.42591616047503084,0.6484870359407747,0.8579522304179837,0.9512345679012345,0.0037037037037037,0.0,0.0,0.0,0.0,0.0,0.0,0.0,Gyula Pap,3000.0
19.781852975563453,193.06212086654844,-58.24971839137298,-14.215289855756229,-11.227776096319142,3.9935707678075856,-6.815502667658319,-31.722787054766297,-10.256792220278104,11.994858735597528,0.2359,0.3292,21.1,0.056799999999999996,0.0,0.034727645225195336,-0.2659124745051653,1.48801333143105,0.718448649730822,0.8274922311140445,0.8581012908846123,0.5712504783773262,0.4331016839485424,0.642778945146404,0.4567629048763366,0.9196732595064236,0.9539263665232038,0.8001033051420029,0.423340483187685,0.46358325143470613,0.5192071126111297,0.8346790956819886,0.8805228758169935,0.0,0.0,0.0,0.0,0.0,0.0,0.0,0.0,Gyula Pap,3000.0
18.929222979175385,179.1422444822151,-61.14712587572819,-14.01426303906707,-13.102101663591721,4.0,-5.754835615515907,-33.27820404836782,-10.650890439398278,11.653168930212603,0.21549999999999997,0.47009999999999996,22.1,0.046200000000000005,0.0015,-0.03701189857544839,-0.5223531171403513,2.02688387202385,0.7081945380863038,0.8069723916434443,0.6835806227911491,0.4973886805465753,0.5991803334821161,0.58792923026794,0.6880026895816369,0.84665770609319,0.8150320114836245,0.8654375703526809,0.7637616236809786,0.4279588742958861,0.6273082486388939,0.8562529980866144,0.8024322607599347,0.007770562770562759,0.00909090909090909,0.0,0.0,0.0,0.0,0.0,0.0,Gyula Pap,3000.0
18.746753971551954,173.28337016683182,-56.17189169735764,-14.49923956024046,-11.359534984009915,4.0,-3.8114333643851466,-32.646078419655254,-9.87589609179803,12.020290722731184,0.21529999999999996,0.4649,17.6,0.026500000000000003,0.0029000000000000002,0.07692218620513278,-0.36139251415738727,1.8919006969506582,0.6682624284715322,0.8782218848829857,0.7894727613689639,0.49751549703326053,0.6759147231943001,0.5965746742935942,0.6047356388769382,0.8758228664761127,0.9946236559139784,0.958801209372638,0.6435161119421076,0.5135715943725161,0.7875578181277106,0.8147957366440973,0.8642101265822785,0.0,0.0,0.0,0.0,0.0,0.0,0.0,0.0,Gyula Pap,3000.0
18.184676324581726,167.3323573159622,-60.18290830279871,-14.916402347964075,-11.713291054187614,4.0,-5.399397128681069,-32.44243603710591,-10.69451945034597,10.983137715485935,0.229,0.3856,18.7,0.040999999999999995,0.0035000000000000005,0.10696891216334055,-0.19693705184714444,1.3404515260877212,0.6031133479299664,0.9161789416257502,0.8029827054102909,0.6506564381588837,0.6959219168697662,0.6863666190593308,0.5126322613014718,0.858033918201861,0.9298166662094426,0.8792254362897441,0.6038891395560436,0.3594626889595848,0.5804131633673977,0.7767442344889154,0.6555305384072158,0.0,0.0,0.0,0.0,0.0,0.0,0.0,0.0,Gyula Pap,3000.0
19.175421028183756,163.08817314425417,-60.259718484061224,-15.70753566461455,-11.881413612896896,4.0,-6.955790180934981,-34.358015373055885,-10.632582667213885,15.27561901465496,0.18430000000000002,0.535,22.5,0.0593,0.004399999999999999,0.2500888967497855,-0.5839051808206126,1.811294703136723,0.5893160721440415,0.8798666449829241,0.6139179981220652,0.6049553014265704,0.7620025909838806,0.4909147758124656,0.4974188267661046,0.8565038773452388,0.9253476972184222,0.7741291295679427,0.8079734331503795,0.4917171106996923,0.695727123197226,0.6731243135970405,0.7353117708331511,0.00070422535211267,0.0,0.0,0.0,0.0,0.0,0.0,0.0,Gyula Pap,3000.0
19.64977989397361,174.3758580340578,-56.1505694101981,-14.336331221929601,-10.375672011984273,4.0,-5.9940232252351935,-31.657288445447676,-10.613143928372123,12.82588942277076,0.223,0.45759999999999995,18.4,0.0581,0.0019,0.048243605206079856,-0.46044017833064493,1.0900602824842174,0.7047055785673606,0.9510893133711926,0.7338530826166009,0.6344710817387221,0.7159751687961684,0.6778868331029023,0.5688066818611027,0.8215438879150924,0.8376640328106649,0.7295155927189154,0.5335746354674089,0.5086138449773208,0.7088879358538962,0.8519182445692512,0.7648772986272986,0.00067114093959731,0.0,0.0,0.0,0.0,0.0,0.0,0.0,Gyula Pap,3000.0
19.15990126046978,180.44242412027884,-52.86982872551683,-14.706319216832753,-11.563029021913756,4.0,-5.2415318392002375,-27.699764985698927,-10.273490978368635,12.614307316497474,0.2226,0.5269999999999999,20.0,0.0511,0.0035000000000000005,0.19186251911041194,-0.21100222338730962,1.3058969520370023,0.6819285023980999,0.9725806451612904,0.8199233067006361,0.6096828205891865,0.6654407796794126,0.4887924165977628,0.5824324040407529,0.860068606418164,0.8812643109103286,0.8422354440053554,0.7088521892281587,0.47342292031025657,0.6504847444967008,0.7698734024596093,0.9122940947940948,0.02076923076923077,0.00153846153846153,0.0,0.0,0.0,0.0,0.0,0.0,Gyula Pap,3000.0
17.20680467360394,148.31594771457085,-59.69950107912164,-16.178803492929784,-12.456661124979062,3.9825000000000004,-1.9706081900979058,-34.95943414245408,-10.590013495359768,12.47351936669897,0.22610000000000002,0.34940000000000004,20.0,0.0453,0.0,0.20777833902163137,-0.21670292862113677,1.2274060743629138,0.5079365544996575,0.8945000000000001,0.7009647009476632,0.4951744440418861,0.6715961445347939,0.4346356720010377,0.4854936172539885,0.8454014084507042,0.9026659284339417,0.8887098537831161,0.6955587568544559,0.20092509876857262,0.594983030238482,0.6785159144868899,0.7889208221684857,0.00070422535211267,0.0,0.0,0.0,0.0,0.0,0.0,0.0,Gyula Pap,3000.0
15.798677933310671,154.72620941812988,-64.52681024419012,-13.647682957395569,-11.16655136990544,3.9956521739130437,-10.76355218433185,-35.865132444564594,-10.799441424266195,13.719897962360482,0.2125,0.3493,22.8,0.0468,0.0014,0.07650380067000236,-0.17583635981237178,1.4205268132344486,0.5212963924514135,0.8726374083801127,0.7281028943784161,0.7082189983357455,0.7050450345813257,0.458880917274031,0.5370734616600104,0.7945090290276849,0.8133609400425013,0.699922979155569,0.5497811371314443,0.25103871800352684,0.5769741437347176,0.7443086325779869,0.7646757035786147,0.00213099495419585,0.0,0.0,0.0,0.0,0.0,0.0,0.0,Gyula Pap,3000.0
19.20372156149293,172.8431719337068,-62.87689360330622,-15.520302481919035,-10.968085198442012,4.0,-5.970293366908967,-37.722157758358335,-10.224572513944782,13.528517716266899,0.20050000000000004,0.43,21.2,0.0506,0.0,0.07772468222623266,-0.23703277238062742,1.6815071435537692,0.63439284949338,0.9784840668940845,0.7901083268095608,0.528763651864748,0.5926676844742805,0.6016417453343442,0.4826012902022745,0.794001596974566,0.8044007076514816,0.8502333479245736,0.571437175504522,0.5286731277621385,0.7000415007938867,0.7607452968455986,0.8440756017040221,0.00396039603960396,0.0,0.0,0.0,0.0,0.0,0.0,0.0,Gyula Pap,3000.0
17.616564386330516,184.03192438251713,-55.07279624165992,-13.125883542980318,-11.691523590475974,3.998701298701299,-2.534041798255508,-32.39523516805775,-9.493714667053377,10.16890122646171,0.2068,0.44670000000000004,15.3,0.0703,0.0023,0.06096795811715168,-0.1211734099234099,2.0709678636775406,0.7441686572659751,0.8625650598042769,0.8958253037285295,0.625368424975914,0.7325757030991038,0.6017738181862639,0.6391650924887604,0.9777777777777779,0.9264516129032259,0.7799297402086456,0.7699056420729808,0.6619225766380532,0.6415542116656651,0.7643140392690955,0.9741935483870968,0.00563972453787603,0.0,0.0,0.0,0.0,0.0,0.0,0.0,Gyula Pap,3000.0
19.574442774757234,183.20056943843161,-56.34758325393403,-13.841409740231,-11.055294928339695,3.9956521739130437,-7.495922620864745,-29.248709244452023,-10.253388675952449,11.551489781992833,0.23149999999999998,0.4048999999999999,18.6,0.036199999999999996,0.0,0.152689957847976,-0.3211058743068211,1.3284553994703636,0.6784511081742948,0.86603887237113,0.8920184368708812,0.595808267359785,0.6337744672842853,0.4665747502979671,0.6973161524645131,0.9565217391304348,0.9888888888888889,0.8429139307897071,0.754948686796322,0.3764615430175341,0.6224096991430068,0.7873333290289113,0.9108019824284748,0.00396039603960396,0.0,0.0,0.0,0.0,0.0,0.0,0.0,Gyula Pap,3000.0
21.852454072594306,190.23901983139072,-64.29107699499505,-16.40472802147679,-13.333603090589653,4.0,-2.5307491863387304,-37.36206064183182,-10.493113518674061,11.833177463915984,0.19249999999999998,0.48930000000000007,19.4,0.0522,0.0010999999999999998,0.08494450876383182,-0.2731662921008225,1.9734371334740792,0.7490816326530612,0.8824333366965998,0.8095736185383245,0.6300073502594511,0.5030157774810762,0.5390096978651601,0.7017944357230071,0.8751052241875771,0.9619452442981855,0.8676356455411472,0.7145983352360419,0.46899054624782466,0.6446117771912587,0.7863035011448279,0.8590946943000073,0.0,0.0,0.0,0.0,0.0,0.0,0.0,0.0,Gyula Pap,3000.0
17.2875098376569,152.27739039283156,-61.67354380141137,-15.711783042665397,-11.50649444281789,3.998148148148148,-7.514597385185621,-35.65494358582594,-10.494862939348234,15.210989446283563,0.2112,0.2745,20.3,0.09240000000000001,0.015400000000000002,0.18462268396091924,-0.16876310508663445,1.8379527607468784,0.5354189801676675,0.6766953994406344,0.7352012755227112,0.5685301467615019,0.7676520965476304,0.5745127477781311,0.5015218534577152,0.8098848680894495,0.6261560039350681,0.8722823705763585,0.375835255403944,0.398960307646268,0.6098301838385096,0.7417221503345758,0.8098125367325102,0.0,0.0,0.0,0.0,0.0,0.0,0.0,0.0,Gyula Pap,3000.0
19.127776730626724,175.04465675131115,-57.093039185742526,-15.144526928379785,-11.24820766076584,3.996742458081816,-5.165846415461801,-31.63727455919568,-10.420617186827512,12.526691106806275,0.218295165394402,0.4026564885496183,19.04580152671756,0.0614580152671755,0.0071501272264631,0.1135512259180527,-0.2977395046682152,1.600677445600247,0.6611555470125139,0.8672887768297605,0.8046059392452177,0.6185961116676069,0.6007510677595308,0.5547425628401029,0.5805153343310384,0.881850774562475,0.8745731175460739,0.8316125473271694,0.600659317134263,0.4718571325552808,0.6345372426990269,0.7818461948546296,0.8194949966542456,0.0505108659151841,0.0342240118869853,,,,,,,Gyula Pap,3000.0
21.028156637424935,190.2950961730748,-56.90775660556911,-14.577002332076049,-11.734406650880443,4.0,-2.6401925662479764,-33.471514797656866,-10.028374892427037,11.54373463371925,0.22000000000000003,0.39770000000000005,19.7,0.048,0.008799999999999999,0.17326015377279386,-0.18098588819269207,1.6202735792346803,0.7633317525801215,1.0,0.8171537435582661,0.7265660329968859,0.5834255290307823,0.6614699450018591,0.6828696759959332,0.8850598212933516,0.8556007351782,0.967031317031317,0.7793981861475237,0.4739146048702964,0.4431517289999979,0.8208243657818594,0.8414939062760933,0.00218978102189781,0.0,0.0,0.0,0.0,0.0,0.0,0.0,Haowen Xue,3061.0
22.31159799604304,200.9034855719888,-54.948078104495565,-14.802751882482667,-10.930297114044583,4.0,-3.534423512745607,-31.12671396066412,-10.043057195152242,11.489165560593657,0.2101,0.4337999999999999,16.9,0.08499999999999999,0.0169,0.13991105632799541,-0.15100133432558416,1.923575846878418,0.8311672523122905,0.8861941906867449,0.7762724838826629,0.632378142259634,0.6519114320396866,0.6793700076486962,0.5777366013014942,0.8836084522102616,0.8156855247556551,0.8719121511700664,0.711644688478001,0.681952312477683,0.4388135583591722,0.7335168092837898,0.8236229508196722,0.0,0.0,0.0,0.0,0.0,0.0,0.0,0.0,Haowen Xue,3061.0
23.129741145567245,206.6716075967282,-48.79101544322447,-15.905276853975547,-10.527247262868688,4.0,-0.32268542500703834,-27.04540438492372,-10.400426992412887,11.410025475963415,0.20750000000000002,0.48469999999999996,16.8,0.0637,0.0086,0.15084179136820197,-0.15043518200529793,1.6169809707567826,0.8582069647809554,0.9120432321152856,0.7509253514657492,0.4852462706544106,0.815546842433117,0.5986054449191809,0.6040481094251204,0.9302990563337763,0.9977777777777778,0.8047856043846483,0.5396302513206519,0.6693343352835361,0.7125169893497614,0.8539689908940055,0.885562137942118,0.02273931872535711,0.00209424083769633,0.0,0.0,0.0,0.0,0.0,0.0,Haowen Xue,3061.0
19.753635868161304,181.01511072674674,-53.67900599431359,-15.903690239280712,-11.022394622322857,4.0,-1.6468212290981081,-31.9543981368894,-10.403992797986769,13.25229103126424,0.23199999999999998,0.41509999999999997,21.7,0.0786,0.024799999999999996,0.28581457633722485,-0.226154626740511,1.7458501868357874,0.7161873935770872,0.9596491228070174,0.6205080087776867,0.49723137724597244,0.5948964672722926,0.5475615999994617,0.5779848978655129,0.9369723630627587,0.8696780902713106,0.7434795774269848,0.7852417715688637,0.47983141529244094,0.39006353585598924,0.7416214143072695,0.7201034963338497,0.0213098190502434,0.00209424083769633,0.0,0.0,0.0,0.0,0.0,0.0,Haowen Xue,3061.0
18.62372668820037,172.16359282244733,-64.85050756854805,-17.225983527531515,-11.9380148168293,3.997894736842105,-4.854779139918458,-37.53501664987733,-11.304188887702818,14.009580716469262,0.2017,0.4793,27.1,0.0916,0.0093,0.08287016110545521,-0.20353728458991616,1.7283877374125052,0.6947600381047886,0.9193944138362312,0.7354138702717608,0.5675657034010253,0.4967860273773117,0.44316327515826526,0.6759025899410097,0.804357785422981,0.7913189637445878,0.9068825052978573,0.7115597750136836,0.39313868598156293,0.3766472945929814,0.5901824482825976,0.7684998482893691,0.0,0.0,0.0,0.0,0.0,0.0,0.0,0.0,Haowen Xue,3061.0
20.95793305687373,179.233821016302,-51.66393651702506,-15.261131526814964,-10.579444396000032,4.0,-6.563789150251663,-27.21237042208431,-10.120517211760596,14.073316189886512,0.2024,0.45120000000000005,22.3,0.0801,0.016300000000000002,0.16729928916930542,-0.05530710564679803,1.715678718418804,0.661863476536183,0.8982234325358232,0.8167258249980591,0.8219698864673802,0.6200206721855629,0.5707912006858732,0.7460978257502324,0.8754212741224408,0.8444409743854934,0.7802319703780585,0.6484716116129942,0.5329839000989955,0.4909474005369573,0.8667178097955073,0.7755110057595686,0.0,0.0,0.0,0.0,0.0,0.0,0.0,0.0,Haowen Xue,3061.0
22.76595458389516,214.62222846525296,-48.368646898919,-13.406754989326355,-10.834402053274884,4.0,-2.77752547939624,-26.36965079635285,-9.515268814589406,10.534955234020737,0.24770000000000003,0.4558,14.7,0.0511,0.0068000000000000005,0.03459074742621238,-0.2937069123562199,1.8961926077581108,0.8905721312780805,0.9144808743169399,0.83461660578831,0.5542343823850975,0.6373945813981976,0.7679216206652912,0.6999392271905631,0.9784390591589451,0.892506333327808,0.9342508025438292,0.7894233470676219,0.6303580663632683,0.559658691674561,0.8972248506051322,0.9852380952380952,0.0,0.0,0.0,0.0,0.0,0.0,0.0,0.0,Haowen Xue,3061.0
20.62443700910016,186.70989034162287,-53.6693218254933,-15.591655355373451,-10.665004096668914,4.0,-3.5747129544521328,-30.072869266015772,-10.693833851498114,12.928753698515072,0.22440000000000002,0.49559999999999993,16.2,0.0359,0.0060999999999999995,0.06618833651242087,-0.2585467519285499,1.3951191568328085,0.7456487421456011,0.9266921919868725,0.651111890766062,0.7096073398046492,0.5650151445883855,0.6009758887427858,0.6784883673093931,0.9774647887323944,0.8929302858205135,0.8317953872099914,0.6762686850659996,0.5124217646249544,0.6104396506588881,0.743530831776239,0.8123470873786408,0.008,0.0,0.0,0.0,0.0,0.0,0.0,0.0,Haowen Xue,3061.0
19.434898381385374,173.8989331315301,-52.13568066326061,-15.250234049587366,-10.667880429528774,3.9956725146198835,-3.658121601102141,-28.353538427958387,-10.06105533114535,11.859476661441526,0.22890000000000002,0.46019999999999994,17.2,0.034800000000000005,0.0,0.045774055425953426,-0.2330273397792792,1.5357193406942005,0.6452810389924668,0.830139911998214,0.7440009325033224,0.5826630660019487,0.5690163361832357,0.4548617635189924,0.7364050589826159,0.960981272248878,0.9420352862992261,0.9061070923227469,0.8517745363990423,0.3560551155791094,0.4863836429051947,0.7324656382462685,0.8117542452887887,0.0,0.0,0.0,0.0,0.0,0.0,0.0,0.0,Haowen Xue,3061.0
22.46644643207271,192.3052500239056,-59.472362390966666,-15.899650654417641,-11.549785166139108,4.0,-5.624374894455732,-32.749476584730175,-10.259948733825787,12.610873642601778,0.2252,0.556,18.3,0.044,0.0017000000000000001,0.09055201398943688,-0.08922423911186542,1.9664851584131633,0.7959021082983891,0.8304733028494414,0.8163623239325638,0.6110863324447636,0.6439762938473399,0.5155840458227847,0.7289211961632728,0.8596934764574116,0.8465101311301421,0.8132231181940126,0.8411449993900778,0.5045643006355606,0.589569091587897,0.8679480881028413,0.9036375770208253,0.0,0.0,0.0,0.0,0.0,0.0,0.0,0.0,Haowen Xue,3061.0
20.704261361816272,172.92876692672172,-55.86375645922611,-16.351625167845935,-11.227046532069547,4.0,-5.463049466756834,-30.199256053923676,-10.516862233990521,13.894082995360398,0.22030000000000002,0.3001,17.1,0.034300000000000004,0.0018,0.09049399463383707,-0.048511208371667516,2.079710142164393,0.6501701377326619,0.944093567251462,0.9156235294117646,0.7027112399224663,0.6734413391121621,0.5477451506918556,0.6493110793614018,0.9290666666666667,0.8759646792050153,0.7960777777777779,0.7311812991863411,0.5323690747504946,0.4924384408895001,0.8448675715333822,0.8062198542304122,0.0035087719298245597,0.0,0.0,0.0,0.0,0.0,0.0,0.0,Haowen Xue,3061.0
19.927206502156245,180.31244896115987,-55.99478196364733,-15.587360858022636,-11.187621243231108,3.9984787524581606,-3.9833225991096977,-31.49641144846561,-10.389992776047112,12.651448208770676,0.222824644549763,0.4272132701421801,18.819905213270143,0.0669620853080568,0.0097488151658767,0.12234456230302,-0.3054485481051497,1.714842162551858,0.6999350619949984,0.898384234782886,0.7883707421650322,0.627066416868697,0.6374594448485192,0.5390648414569048,0.5851390923972136,0.8932815512674446,0.8703332359740564,0.8379721556361903,0.694730809445171,0.4960460792706037,0.522228623389824,0.760012784799938,0.844518563783805,0.0597000369588237,0.0409498878085265,,,,,,,Haowen Xue,3061.0
18.806748790090694,169.17513251874604,-69.51398249084684,-17.160451539330104,-13.120758103516115,4.0,-6.331890781688788,-41.16265533682044,-10.804092649624994,15.065865920133614,0.1998,0.3844,23.9,0.07849999999999999,0.0092,0.14177763228360235,-0.09095750074348036,1.6779317408239482,0.6016563615741453,0.8313463469313355,0.9041090199011176,0.42200029569440883,0.6460759733749022,0.5241970897499972,0.5261857459041207,0.7352716720881445,0.6596214351733741,0.7128571572397545,0.6685423932965635,0.504278977150417,0.5493872788423355,0.80875859236938,0.9373545370952028,0.0,0.0,0.0,0.0,0.0,0.0,0.0,0.0,Haowen Xue,3061.0
20.31906343314175,185.81424784049625,-57.11768734003549,-15.535573760074495,-10.996058042435848,4.0,-6.406239684110242,-31.80790888988805,-10.512581582071217,14.14067461854437,0.2339,0.3427,14.1,0.06120000000000001,0.0,0.027321014168960888,-0.41342436711308206,1.8900070442607408,0.7373307981319691,0.9819672131147541,0.8293201234217327,0.7674845811735941,0.8451462119327611,0.35130824821992424,0.46333683446264606,0.8892343914914346,0.8719637893159952,0.813208103883564,0.6608160251090536,0.6424545282169853,0.4991231020689481,0.9367201834862385,0.9220283018867924,0.0,0.0,0.0,0.0,0.0,0.0,0.0,0.0,Haowen Xue,3061.0
19.61830290779778,186.69788222737026,-61.07667799365387,-16.66702970895586,-10.989404225205174,3.9899999999999998,-5.919782834484733,-33.18828352691099,-11.370891959222742,13.068714261125645,0.2098,0.4606,21.8,0.05669999999999999,0.0049,0.18236357314525925,-0.3216728894791408,1.7932930361875923,0.7952484375971175,0.8978778015988521,0.6395237105285786,0.6918709684941572,0.5242256932378332,0.4026393302585718,0.5557706759060336,0.8675356782431262,0.9311136019202925,0.783105844425428,0.6714145296831882,0.5155948556963429,0.39037869708673945,0.7801004978490581,0.7558277545219267,0.00104166666666666,0.0,0.0,0.0,0.0,0.0,0.0,0.0,Haowen Xue,3061.0
18.211628187194282,162.94697445761093,-61.87136132826636,-15.018705753650673,-11.776622278046894,4.0,-7.845472749404817,-35.19756928098421,-10.691301901892476,14.658310635712718,0.2158,0.45620000000000005,17.7,0.06760000000000001,0.013500000000000002,0.016677606359368907,-0.18735299787931364,1.8350471774247787,0.6334895287019728,0.8259288230853116,0.6271710919307342,0.6900472526293883,0.5680398037900983,0.6109864530316118,0.5224242525131614,0.7891149488655462,0.8696896918573914,0.8093929207993924,0.678939913512149,0.47872420225379886,0.43749939176265,0.8163441297887862,0.7974980901451489,0.0,0.0,0.0,0.0,0.0,0.0,0.0,0.0,Haowen Xue,3061.0
19.215725104507793,184.13522727902387,-62.691313987822014,-15.00696067285459,-11.855737053739716,3.9935064935064934,-3.8215658635335017,-37.07821788331605,-10.557839949273907,11.63550094138925,0.2262,0.4085,21.5,0.0576,0.0085,0.09624528870263824,-0.1680428970154068,1.5336427852567764,0.7390746834754895,0.738591794361666,0.9091279464410862,0.5981515400996329,0.6378233261157739,0.4327311570295599,0.6103392590404658,0.8102334581461348,0.8395694147372719,0.7778586816561049,0.6483289472692533,0.46103437422799465,0.5880903167140443,0.8371850563352258,0.9018933950391752,0.0015010523983604702,0.0,0.0,0.0,0.0,0.0,0.0,0.0,Haowen Xue,3061.0
20.44946532210984,186.91310154163475,-59.91347978316461,-16.70440331613757,-11.164326957829719,3.9921052631578946,-1.2021645722465393,-35.501731918880324,-11.043768930391018,11.710810649162678,0.2319,0.5194,19.2,0.0739,0.019200000000000002,0.1336784153177596,-0.1836825376687326,1.6715523951675806,0.7537523992738226,0.8981307331576385,0.7435027513323055,0.6149715178693849,0.4481344911771178,0.46781545111322365,0.770773189710139,0.8517980461235979,0.9156133139739697,0.8754538384903796,0.7858339560045007,0.4731489727383595,0.5149323592025664,0.6573809483493058,0.7708042290140296,0.01032258064516129,0.0,0.0,0.0,0.0,0.0,0.0,0.0,Haowen Xue,3061.0
20.918407360432766,186.99956887792638,-52.57639871077121,-15.919736666923603,-10.19555402333033,3.997894736842105,-4.470292676005017,-28.080842658837213,-9.869750975761864,11.961883553244714,0.231,0.5549000000000001,17.6,0.04630000000000001,0.0048000000000000004,0.02076787378511517,-0.06423653728916885,2.1293534114877124,0.7372352606056795,0.9150478425708611,0.6635938395584926,0.6982072866072411,0.6503721231613142,0.7247917992684775,0.7673938334139483,0.9993243243243242,0.9369786453119786,0.9163449499656396,0.8116021668310228,0.5111914059266921,0.5031471522352178,0.5782363522386922,0.80870084208435,0.0,0.0,0.0,0.0,0.0,0.0,0.0,0.0,Haowen Xue,3061.0
18.916906599328758,163.42242992117014,-59.123539783818,-15.47911473658275,-11.897506749011491,3.9976190476190476,-4.37314801102049,-33.25927571869294,-10.395060927741632,12.28294731161226,0.2273,0.47030000000000005,18.5,0.0406,0.0,0.15329014446195222,-0.37604232639644963,1.8374850562340774,0.589043930285966,0.8491297783645677,0.8661800187932513,0.648532840852525,0.6671281756920416,0.5899800143604386,0.5955307162905156,0.8430204162201793,0.8198590780627892,0.8616165362980194,0.6628760519867902,0.6128959167559641,0.5495741713813611,0.8101644790147464,0.8651573157966942,0.0,0.0,0.0,0.0,0.0,0.0,0.0,0.0,Haowen Xue,3061.0
20.404335960423587,191.49495082989424,-64.28311869808549,-16.414155130732276,-10.473573909865346,4.0,-2.8726166424996435,-38.62877714921418,-10.832717377848201,10.938721512074167,0.23139999999999997,0.3027,16.5,0.0769,0.0095,0.11911954589094768,-0.45458010595515097,1.9481900897590294,0.7855751304126553,0.9596491228070174,0.7985348739148274,0.7024060813099217,0.658346419193283,0.32838188788259676,0.7171464797791549,0.9124613003095975,0.8996862745098039,0.8421423220973783,0.7177924234564111,0.46424426379815714,0.6055040901662067,0.8070354128950065,0.8836171633268673,0.01150877192982456,0.0,0.0,0.0,0.0,0.0,0.0,0.0,Haowen Xue,3061.0
20.286455162486636,173.75442029040215,-55.70451735919195,-15.394352052123057,-10.759398098410122,4.0,-5.138122359200685,-30.52853235160963,-10.771681811069355,12.887569313220904,0.22349999999999998,0.40199999999999997,20.9,0.07239999999999999,0.0068000000000000005,0.13062008681207743,-0.3156262324349021,1.4311393396828291,0.6286531527774766,0.8701812435848953,0.7874637690386297,0.5840795111341619,0.7887460009572511,0.5206370961617302,0.5008869235669235,0.8953375443564415,0.7412592949234921,0.8811357975570274,0.575493463461805,0.4202123565687913,0.6507228519497077,0.8059353502160442,0.9050600668641436,0.00074626865671641,0.00597014925373134,0.0,0.0,0.0,0.0,0.0,0.0,Igor Lysyj,2947.0
19.63428818323866,172.79269914271168,-51.2191798835867,-15.016355252445615,-10.872609438724925,4.0,-3.2544594408384953,-28.340518054530087,-9.94821479553257,12.212977098484998,0.23529999999999998,0.4372,17.6,0.046200000000000005,0.0051,0.24643343115462568,-0.32878025060634636,1.3363898927649907,0.6411272354010624,0.9010385122124254,0.775264860901619,0.6287085479726683,0.6940391043841824,0.5941324030321908,0.5762063274557969,0.8894085234244666,0.9079495182048,0.8514730397039241,0.5322480864276361,0.47636090116604224,0.7830293285315179,0.6700657591849685,0.861012422176979,0.0,0.0,0.0,0.0,0.0,0.0,0.0,0.0,Igor Lysyj,2947.0
18.79471787709093,157.94510533382706,-55.526934910049626,-16.133820520813355,-11.31136206466683,3.988095238095238,-3.2423606656292185,-31.22214037442587,-10.195323642959648,12.589977120350063,0.22349999999999998,0.4237,19.0,0.0628,0.006900000000000001,0.05405571696754352,-0.3009713852821237,1.601864403357471,0.48581658329368826,0.8628775493858047,0.7079516962922136,0.46535520287300747,0.6954433595685646,0.60816650419473,0.47356232973306317,0.9303443084693084,0.8798583866698273,0.8805825890454763,0.6728613747389905,0.30083177366494757,0.501166383844595,0.8102079902889772,0.7432767523694943,0.0008547008547008499,0.0,0.0,0.0,0.0,0.0,0.0,0.0,Igor Lysyj,2947.0
20.316410789342846,194.36789639681507,-55.43652481184838,-16.392156230959095,-11.023836997880888,4.0,-5.45193114070612,-30.879529046925644,-10.361652091936318,14.672580696559692,0.1883,0.5003,18.5,0.06040000000000001,0.0032,0.09558465780586792,-0.33796470138695256,1.6959073230680257,0.7817941129599641,0.9383661971830985,0.7897912445693807,0.7070812436875203,0.6795115358179318,0.5314581862657708,0.49772184879490755,0.8324291437878222,0.9138555733023571,0.9782608695652174,0.6724669332967276,0.4844330224688701,0.4045742892900558,0.9034131455399061,0.8567451928241487,0.00112359550561797,0.0,0.0,0.0,0.0,0.0,0.0,0.0,Igor Lysyj,2947.0
19.20604355970898,180.71448806008024,-51.67670013781638,-16.486178706471,-9.722852741652153,4.0,-4.307612468811917,-26.669304594497067,-10.477637762343422,11.986886135959173,0.2304,0.4417000000000001,17.2,0.0623,0.0036,0.22098756231342548,-0.5309916098245364,2.2620183941728715,0.7046321970639501,0.8716221310517694,0.6194242827284528,0.6519990796475308,0.5840236494865431,0.5428309698874918,0.6470101813310268,0.9581361691417065,0.957102105881366,0.9753901334004531,0.7441781530343572,0.5516665609311345,0.6629341024576132,0.7270406823522538,0.6807977328278233,0.00656934306569343,0.0,0.0,0.0,0.0,0.0,0.0,0.0,Igor Lysyj,2947.0
19.81732370094616,181.31539788587853,-55.70695852034418,-15.624031974832516,-10.927351239393763,3.991814637452856,-4.233335483481012,-30.9408463506236,-10.469625517636748,12.496417408170602,0.2187968503937008,0.4411968503937008,19.18110236220473,0.0589055118110236,0.0078220472440944,0.1192579774532826,-0.3109561126370457,1.548257452630713,0.6917246098331957,0.8938193879525,0.7732356497224168,0.6280513928383376,0.6077540269898923,0.5797978450681709,0.5644922966864523,0.9043586849565218,0.8815428165963094,0.852473917789874,0.6599017532571398,0.5036198501533439,0.5266838463268576,0.7908594718346638,0.8457983838282035,0.0512883954477153,0.0667557898219211,,,,,,,Igor Lysyj,2947.0
20.845141194507555,185.7930672088631,-62.832412356868346,-16.45392134992916,-12.081260215594558,4.0,-3.185872476129364,-36.474432917864114,-10.676234647469613,12.039309250118453,0.2122,0.40440000000000004,20.1,0.06520000000000001,0.0092,0.13736143314969454,-0.18701690540427424,1.7980362523615678,0.7391605561428236,0.9842292490118577,0.8112555410579576,0.651956541510209,0.4604412265880556,0.47880246153458456,0.6265925091891545,0.9868750000000001,0.9511242863416778,0.9322159090909091,0.5864969203859639,0.43117013815088256,0.48861417515361777,0.7460487174048634,0.7544016179234203,0.0,0.0,0.0,0.0,0.0,0.0,0.0,0.0,Igor Lysyj,2947.0
18.98394291927003,173.34211140500446,-62.775728756077385,-16.206036974608693,-12.383711576656761,4.0,-6.9629152357687545,-34.52413270457474,-10.634442334097837,13.935510069629398,0.19619999999999999,0.5098999999999999,19.8,0.0505,0.0078,0.14542376382177216,-0.3593234415721221,1.7804954723234618,0.6736332142153713,0.7828834122700314,0.6968572368484829,0.6523304024137466,0.6137524154854546,0.49653305033100426,0.5224955602600505,0.829565286508448,0.8324086318426925,0.7459301473428138,0.6498566438475503,0.6899203046209591,0.6882124150403298,0.6861149456445975,0.8316105581718357,0.0,0.0,0.0,0.0,0.0,0.0,0.0,0.0,Igor Lysyj,2947.0
18.811254797340354,185.53366890127776,-55.14441787135307,-16.316140814459352,-10.289763723635907,4.0,-5.681000412357511,-28.52856597593144,-10.789514387478027,12.46056744250916,0.20600000000000002,0.5241999999999999,21.7,0.0663,0.0038,0.14847366901485237,-0.2714971425512705,1.3397165595688836,0.7617868920530537,0.8436411338520863,0.7448019501121792,0.5015281606234904,0.6260044373312896,0.6522616380563231,0.6436906135718159,0.8466539412030215,0.8194014979982303,0.7973465218793677,0.6717250607371215,0.6394394544771412,0.3855194640374201,0.8309859126833239,0.7635823255675085,0.01862745098039215,0.00196078431372549,0.0,0.0,0.0,0.0,0.0,0.0,Igor Lysyj,2947.0
18.159793184848105,186.6022706079801,-59.68843520827295,-15.916643570023691,-10.08634475369064,3.9930748663101605,-4.869197239931114,-34.984211529433246,-10.886367070255847,13.06125408875143,0.23410000000000003,0.5229,18.6,0.10779999999999998,0.027100000000000003,0.20851404608601767,-0.24790441412927153,1.6244539486439655,0.7166958415771365,0.8681372549019608,0.8380613070215773,0.47224618853025946,0.5649547168131767,0.4351828981718069,0.5360387736232006,0.9595588235294118,0.9671978049751923,0.8130363986826918,0.669619543765996,0.48340782937263754,0.37359539633487204,0.7899499785466885,0.8054890365432413,0.01648911533117183,0.0,0.0,0.0,0.0,0.0,0.0,0.0,Igor Lysyj,2947.0
20.489693696275403,179.63679884725127,-63.54973608479779,-15.455708632726006,-12.161871726835537,4.0,-4.400644109249366,-37.67909414962065,-10.470677323822665,12.618259857456435,0.1843,0.5328999999999999,21.8,0.06010000000000001,0.017599999999999998,0.37158651443509016,-0.16955903852543766,1.8501839101702404,0.6872832130358087,0.7043793487871449,0.7255059719280614,0.7362736342716653,0.4922339080410584,0.5433311497816207,0.8392561144182599,0.8732643293737746,0.8143696272787626,0.847869532428356,0.7540708507561323,0.552209734572237,0.6578992016143029,0.8478026854332151,0.9375611665688002,0.013793103448275858,0.0,0.0,0.0,0.0,0.0,0.0,0.0,Igor Lysyj,2947.0
17.333890358391567,162.4466268877357,-64.57187064063075,-13.978426309825783,-11.884343959714187,3.5945454545454547,-5.764692053858806,-38.32311153780738,-10.149882151787383,11.93403991781733,0.17149999999999999,0.369,21.3,0.07320000000000002,0.0098,0.07078252985371894,-0.418743926261378,1.2612045651441628,0.6849843336063983,0.7421856104634097,0.8225875040747086,0.5804523795735868,0.6202307141612633,0.6225103373511847,0.5718580020172499,0.8563159686755192,0.7819141788260359,0.8417555494546411,0.5526438098597578,0.6614521939061375,0.6566342710464526,0.7359191394738394,0.880149871353107,0.03651685393258427,0.0,0.0,0.0,0.0,0.0,0.0,0.0,Igor Lysyj,2947.0
21.325126603066256,212.90965820865767,-55.41129371450144,-14.915558961126422,-10.893031497979726,4.0,-2.1756477094541857,-32.25872774199968,-10.3741800690256,11.205852265084179,0.21430000000000002,0.39349999999999996,18.8,0.06540000000000001,0.0126,0.1460039060107132,-0.13653731277574996,1.5671064067169977,0.8811010357849252,0.9576179554390564,0.7085937387917401,0.7223638786723516,0.6841249048331963,0.4383526697202876,0.6987916860772653,0.8760822089821867,0.8930264019553835,0.8741426955233175,0.6939626589752457,0.5129277680633079,0.49408367359687794,0.7459471461152458,0.9388111888111889,0.021287976037655098,0.0,0.0,0.0,0.0,0.0,0.0,0.0,Igor Lysyj,2947.0
20.651532802784708,194.71083891828994,-44.94898617333699,-16.840065530067694,-9.283390470453694,3.9911764705882353,-3.108565319922911,-21.56317927062085,-10.617864093005625,12.472902040145547,0.2287,0.48719999999999997,21.9,0.0414,0.0039,0.20983841368107817,-0.36788550302306733,1.8050109993609582,0.8179490531204472,0.9303831162658047,0.696014780539681,0.65075711328815,0.5741755367605663,0.5247834327733464,0.6434087673807118,0.9440025248178114,0.9833333333333334,0.9021261261261262,0.8000817017102249,0.46764731602308596,0.31844958022977565,0.7739202023525196,0.8651356632670412,0.0,0.0,0.0,0.0,0.0,0.0,0.0,0.0,Igor Lysyj,2947.0
17.328366784829043,155.70177638200366,-61.08507210291771,-17.3648453257515,-10.286539455371676,3.9909090909090907,-5.2410644005208455,-34.983424562384066,-11.051456951228403,13.851349501429695,0.20660000000000003,0.38110000000000005,20.1,0.06150000000000001,0.0045,0.05921121297173824,-0.2317821711501543,1.3217774831312321,0.5828665066447429,0.9640653839055002,0.5369126636465728,0.4463636613914921,0.5101742667270451,0.4846263963947979,0.5072669858852631,0.9568452380952381,0.7731923787853494,0.8364496709395783,0.5514794710763193,0.37680809645661756,0.38940185079969386,0.6485939437737976,0.8383078705503058,0.0,0.0,0.0,0.0,0.0,0.0,0.0,0.0,Igor Lysyj,2947.0
19.31283379738366,152.4666285004912,-52.025092869111674,-16.83900937086417,-10.40555789128284,4.0,-5.982287982479902,-28.12070124770171,-11.399031971435784,16.721495594652723,0.2169,0.42650000000000005,26.4,0.0484,0.0091,0.11146376420038502,-0.2785476586238017,1.4654479846007307,0.5099442874711049,0.8822557367585511,0.596321494440989,0.6871844299177666,0.5751004344743322,0.5200976191749088,0.370845800258504,0.9083138494292002,0.8653841301623878,0.7353638603320023,0.45737833344545964,0.5977246183841969,0.5210801316549414,0.660743822277657,0.6971165255530045,0.0,0.0,0.0,0.0,0.0,0.0,0.0,0.0,Igor Lysyj,2947.0
20.295392952698837,176.67118737322863,-48.97403460396366,-15.082777736504891,-11.527573203240008,4.0,-2.715727519542839,-24.384381221592438,-9.821844005314977,10.558269082231499,0.2391,0.40440000000000004,15.0,0.0415,0.0018,0.08905393293790209,-0.1852523392954727,1.5465568983341154,0.5881166678992766,0.8907681057681056,0.8006223047278948,0.745656008699487,0.570260909897556,0.667915234868651,0.5790254493422196,0.9192789779746301,0.9552396878483835,0.8016848937811669,0.8609909800344584,0.3481792355705399,0.49965038307895443,0.8084745637385389,0.8696907926721591,0.00625,0.0,0.0,0.0,0.0,0.0,0.0,0.0,Igor Lysyj,2947.0
19.218503229382286,177.54173658477265,-46.850607867869414,-15.496588788218128,-10.17076591530909,4.0,-5.57466864897576,-22.83428765538928,-9.994444373748685,13.220147513771533,0.21550000000000002,0.5189000000000001,19.8,0.06500000000000002,0.0107,0.18959685036252785,-0.10468396167724273,2.13702478310541,0.679790379775795,0.8653893922426956,0.7800446219774598,0.5651340441769135,0.5587056466664259,0.7375738719602192,0.4001198331434125,1.0,0.9465277777777776,0.89353466026081,0.6562592864125122,0.6079332532601236,0.5100183215130024,0.7698436615732881,0.8496939863359237,0.0,0.0,0.0,0.0,0.0,0.0,0.0,0.0,Igor Lysyj,2947.0
20.36293156674376,183.1267434334224,-53.211567384975226,-15.758725162160607,-10.621872807967453,4.0,-4.226930282833857,-29.886837784082594,-10.96632972391685,14.249128375986123,0.2186,0.46049999999999996,19.1,0.0772,0.012,0.10907287183631942,-0.5133322377129713,1.4646635045096315,0.632624734498035,0.7396957157212022,0.8364673360849718,0.5784096120993503,0.5714847949279365,0.5355555414547796,0.6020065861518397,0.748183065363015,0.7736390482467366,0.9410731707317073,0.6670525202383837,0.5915999251541426,0.5196777008396988,0.790382898684263,0.869576310141585,0.04147553161853468,0.0,0.0,0.0,0.0,0.0,0.0,0.0,Igor Lysyj,2947.0
19.93499801962067,183.6672119281076,-58.50349757846868,-16.543953619001766,-11.139917114370643,3.9986111111111113,-2.0899103338250846,-34.49961573568263,-10.495867205535598,12.267155318835927,0.23360000000000003,0.4568999999999999,21.0,0.08220000000000001,0.015100000000000002,0.1682614095568477,-0.3405405638268541,1.2269743070215509,0.7162510831458926,0.7354990350160251,0.734904967945268,0.6077108778856969,0.5805456855581055,0.6589468584087738,0.4272195830548632,0.8977374834217505,0.8001471569549758,0.8192549200674838,0.6680061379460815,0.48671837192017164,0.5778390574184646,0.6644533573582885,0.7717838510106446,0.00730364570589673,0.0,0.0,0.0,0.0,0.0,0.0,0.0,Igor Lysyj,2947.0
20.623258271704323,198.76001956475056,-55.46839719225642,-15.421867301062406,-10.203480727694195,4.0,-3.46035809202204,-30.988582895653956,-10.16622740562119,10.772119229797372,0.25420000000000004,0.4171,13.9,0.032999999999999995,0.0,0.03719665412090848,-0.3001248206931546,1.719143321517004,0.8560798433315597,0.920184649564051,0.8305094770128065,0.7043378357663104,0.760911010252547,0.4859351110868316,0.6533529714004978,0.9722778830938914,0.9056560537227558,0.8677531191774964,0.8085652823608159,0.6479557815696773,0.5708091571480801,0.7276058664305103,0.8868739667841321,0.0,0.0,0.0,0.0,0.0,0.0,0.0,0.0,Igor Lysyj,2947.0
17.285233587477027,163.43733819116304,-64.55217345090699,-16.080673090472448,-11.935208128910304,4.0,-8.249586265624549,-35.658523261942676,-10.600606016960018,13.972423313003011,0.19980000000000003,0.49860000000000004,23.8,0.0937,0.0059,0.10109480738180458,-0.37289605161464695,1.8703151096980328,0.6127061793967017,0.891850646221337,0.7142566355196738,0.43585229579155893,0.4808274564913274,0.5547792212142919,0.37072934768620985,0.886887485198271,0.809793651910525,0.8449625383882241,0.7250188480471003,0.4343892979621932,0.4255939620177186,0.8406283365239009,0.8277652674982626,0.00177781289506952,0.0,0.0,0.0,0.0,0.0,0.0,0.0,Itgelt Khuyagtsogt,2824.0
20.51661733442888,182.60561513002057,-65.35198597999579,-16.54197532237363,-11.055559549724489,3.9979166666666663,-6.826870371726725,-36.48456159465741,-10.917852262713918,12.476916454533729,0.19770000000000001,0.4992,22.6,0.06849999999999999,0.007300000000000001,0.16478268727524883,-0.29104025594861727,1.5494168051113193,0.6965085625318971,0.7714824011661583,0.8536401128778721,0.5405166043412806,0.3731745348763462,0.5161538230697892,0.5155050018419571,0.7829022252718201,0.6829107173812584,0.6475273834624723,0.6464257130199189,0.511727539066301,0.4102388064617261,0.8738000685770106,0.8525673630329434,0.0,0.0,0.0,0.0,0.0,0.0,0.0,0.0,Itgelt Khuyagtsogt,2824.0
19.823608894678628,206.13745007387428,-53.06050588442902,-15.926479857153137,-10.097852512356502,4.0,-7.603477353013361,-24.228403834742466,-10.62473884221019,11.420446515046637,0.2169,0.44460000000000005,18.8,0.09020000000000002,0.0177,0.19786199052310033,-0.2504129410961709,1.6515450237164528,0.7915977058217358,0.7540824628887453,0.8891602867273944,0.5932074898633422,0.5488092432436986,0.512056087780141,0.5646153108969543,0.8280048600636836,0.803555726709669,0.8008953856137836,0.6369269782605947,0.5589047525632572,0.5227578836685113,0.742258991875708,0.9392253136933988,0.012371134020618551,0.0,0.0,0.0,0.0,0.0,0.0,0.0,Itgelt Khuyagtsogt,2824.0
17.78067517936041,171.10887315018053,-51.20305492290471,-12.721051018347335,-10.378205871946255,3.585904628330996,-6.043460727100818,-26.917571405427832,-8.560882380360994,9.832211851947541,0.18439999999999998,0.44889999999999997,15.8,0.048,0.0089,0.08811988961343328,-0.09654991858484459,1.4839876944142254,0.8333900648867141,0.8947671376242804,0.7454319584660133,0.7927902809876521,0.7535497983031822,0.4552685885764646,0.6238316266692205,0.9468443627450981,0.9761473820297351,0.8968397615456439,0.7595185338970607,0.4401967392019842,0.5528475730537246,0.8812553838831745,0.8694830013750201,0.00065359477124183,0.0,0.0,0.0,0.0,0.0,0.0,0.0,Itgelt Khuyagtsogt,2824.0
16.86906553437785,155.59189025276837,-55.274841075804616,-15.649751407848731,-11.12662708955103,3.9984848484848485,-6.265230232687754,-28.92405958097917,-10.838610912484256,13.530953299261474,0.2312,0.392,20.5,0.0645,0.007299999999999999,0.25414609544067585,-0.5969243376651656,1.5834018588763548,0.6075096696826309,0.8138468237518914,0.734026517142029,0.5437382803700117,0.72029387755899,0.4798572155130511,0.4708419298242513,0.8543832591187872,0.781255260166331,0.748333943555466,0.696400755081147,0.5696248037912046,0.5776167776329129,0.839116949148664,0.9415297952579225,0.0029585798816568,0.0,0.0,0.0,0.0,0.0,0.0,0.0,Itgelt Khuyagtsogt,2824.0
18.242545939007375,151.59623890557884,-44.21284135174301,-16.5328885806615,-10.612554993487814,4.0,-3.274103092021722,-21.134869968334264,-10.749078444119482,14.090653726881769,0.20600000000000002,0.4197,19.6,0.0313,0.002,-0.0071764453296961185,-0.24814108133532012,1.3764193376395222,0.5526585966457411,0.9984615384615385,0.6753180595817916,0.73002731056763,0.7502573620251466,0.5173006368335547,0.4677475729540396,0.8395658099397874,0.8643751979182444,0.783460154178113,0.6709088756977343,0.3360779475040756,0.6477827775112543,0.7748867255256036,0.8949625103731064,0.00309890109890109,0.0,0.0,0.0,0.0,0.0,0.0,0.0,Itgelt Khuyagtsogt,2824.0
17.105330103978236,150.84256924525087,-56.485040752002064,-15.648314842517195,-10.669168167121544,4.0,-8.554988317406774,-31.363265008537486,-10.806289009374495,16.556984592955445,0.2101,0.43950000000000006,20.5,0.0857,0.0036999999999999997,0.04221959425738946,-0.20406907135600555,1.646376442908196,0.49910433327021286,0.8095288466916916,0.6855347790312831,0.5162932234273594,0.43909270434328346,0.4958307780951256,0.63732232795899,0.8402675413731359,0.8609123533653509,0.7046630564478465,0.6638107571812615,0.471563514530847,0.5155257761251398,0.6915031523191605,0.7044307385584789,0.02301587301587301,0.0,0.0,0.0,0.0,0.0,0.0,0.0,Itgelt Khuyagtsogt,2824.0
21.933434433190712,198.94972011553878,-52.00087354396012,-15.161299436832635,-11.035018799518044,3.9967741935483874,-6.630703617506368,-26.939483933812806,-9.662399362895242,13.431257413056596,0.1956,0.4300999999999999,16.2,0.04529999999999999,0.006900000000000001,0.0947568891759844,-0.21573037817277446,1.5273497001809457,0.7770089947786407,0.8880225270436044,0.7349199392600261,0.6962313603575614,0.6584770136120787,0.6143306254388156,0.7176498038818879,0.8682539311246673,0.8113414620159173,0.916520434079889,0.7792354491246203,0.4277185731022858,0.6281597648357271,0.9117575757575759,0.7932178778053277,0.0,0.0,0.0,0.0,0.0,0.0,0.0,0.0,Itgelt Khuyagtsogt,2824.0
21.403095330355914,197.47942218148182,-56.831035117321186,-15.873756759818525,-11.215453067585113,4.0,-5.442369245949515,-30.660192678878854,-10.216589207458373,12.577325842369197,0.1827,0.4418,14.7,0.0508,0.0103,0.13475235800085145,-0.11385087368280644,1.542822522571048,0.786238157246444,0.9355957614413132,0.9313347457627119,0.7917852543508465,0.7536447473519978,0.6003025869071069,0.5925149601194313,0.8870991259818034,0.9150121240400209,0.8328590767410644,0.6855144992533486,0.40685248062529844,0.5703110409701712,0.7826877243612625,0.887583129799148,0.0,0.0,0.0,0.0,0.0,0.0,0.0,0.0,Itgelt Khuyagtsogt,2824.0
19.182181580554214,180.45517773058185,-53.33390181897943,-15.163014931913045,-10.311651482898258,4.0,-5.925104228597139,-29.03990314692287,-9.787614808793725,12.893386780145608,0.21480000000000002,0.45389999999999997,18.2,0.0707,0.013300000000000001,0.18684349099500905,-0.15873648396430826,2.0902536510738186,0.7187218070018697,0.9411225393050451,0.745412217473937,0.790611590417942,0.5727609965277706,0.5204508405792311,0.5772855779293853,0.9323400920682031,0.9252207062600322,0.8001682271717028,0.7881608502388046,0.5538291702044135,0.49629341070220756,0.7876344653769254,0.8580691009025259,0.02075471698113207,0.0,0.0,0.0,0.0,0.0,0.0,0.0,Itgelt Khuyagtsogt,2824.0
18.39752527748359,177.3290394017455,-70.17672603334691,-17.199692170456462,-11.560560762734394,3.998039215686275,-4.391335060549798,-42.509577992452634,-10.746278969191406,12.232679706351517,0.22549999999999998,0.3645,17.9,0.0858,0.0081,0.24971497116044547,-0.38461953267100324,1.811032995186889,0.7058361936323825,0.9563012841005968,0.7433326803771345,0.6377640054581459,0.5542754304359783,0.48358037329855363,0.5320354935435725,0.820561690689748,0.8082755256496353,0.8713668962303232,0.7087513604439609,0.3347333262848453,0.4338634645971771,0.8884236485086993,0.8979066304880565,0.0,0.0,0.0,0.0,0.0,0.0,0.0,0.0,Itgelt Khuyagtsogt,2824.0
20.531823177876976,183.76979422378463,-73.87844866220654,-14.99031435671082,-14.306049837759085,4.0,-7.997738656544847,-42.74661356512867,-9.906752938186246,12.069020692123123,0.189,0.4203,17.5,0.029699999999999997,0.0056,0.06283917596740005,-0.18670062631742806,1.8774205726048028,0.6758372409909092,0.9459459459459459,0.9196560846560846,0.6014105917511106,0.6104002322444945,0.5675018325778406,0.5763867938535844,0.8392171182049613,0.8423262660809929,0.788314378089659,0.6869735164265898,0.3580897545586904,0.6366187782413552,0.8120338745338745,0.9042582417582418,0.0,0.0,0.0,0.0,0.0,0.0,0.0,0.0,Itgelt Khuyagtsogt,2824.0
20.672211029743,185.526015800402,-55.861396509531346,-14.948393050439085,-11.962149498212721,4.0,-3.424959379115389,-30.135694169773455,-10.241253548529764,10.85105313653907,0.22129999999999997,0.4908,17.0,0.053700000000000005,0.0039,0.032686153952138614,-0.2904686986784173,1.870138562517079,0.7663621601473263,0.9407407407407407,0.8215940921823275,0.6912740892152657,0.6916692972575326,0.6143511198114778,0.5007909979265477,0.9368409586056645,1.0,0.771521802468094,0.7256952292246408,0.49724376001869597,0.6446005350353177,0.8849193616840676,0.8564862914862914,0.0007407407407407399,0.0,0.0,0.0,0.0,0.0,0.0,0.0,Itgelt Khuyagtsogt,2824.0
15.792017917953899,146.5714789234782,-60.13042480558788,-17.291051976045072,-10.74886312637405,3.998529411764706,-5.438446604930233,-34.50335830198988,-11.084876876677061,14.93764266866371,0.2246,0.3513,20.9,0.056400000000000006,0.007000000000000001,0.1750541576775595,-0.4178775537046639,1.4895555486375227,0.5315223462221392,0.85352633105063,0.6530793020504537,0.5102241794272354,0.5119214870662498,0.3865278744326231,0.46791361309828916,0.7220126886323357,0.7265297400126114,0.6585315677909814,0.5497702782705173,0.5603048184019203,0.49525271793047365,0.7212705096146057,0.7630588256869484,0.009009009009009,0.0,0.0,0.0,0.0,0.0,0.0,0.0,Itgelt Khuyagtsogt,2824.0
17.25063698710152,158.724282547513,-58.56576538527262,-16.71595487532222,-10.502970235373956,4.0,-3.6637067421439475,-33.210774132400196,-10.509584684563418,12.037225284531113,0.248,0.32199999999999995,14.7,0.059899999999999995,0.010100000000000001,-0.05621023943005367,-0.3754537174714857,1.8342066777852213,0.5643382504707412,0.9421848739495798,0.8199359013678464,0.6698739878632275,0.6091660387686911,0.4321440473155226,0.6820205615941306,0.9178135065304799,0.9109898827740917,0.844910323253389,0.7918819054300037,0.4155808679864624,0.35378669342611807,0.8258658068568627,0.8943395702683252,0.00309890109890109,0.0,0.0,0.0,0.0,0.0,0.0,0.0,Itgelt Khuyagtsogt,2824.0
17.5583485153173,153.868103795212,-57.02563839089568,-16.232085123968094,-11.608598928028993,4.0,-5.8389471358889455,-29.821933046190974,-10.60621121837794,13.082137061559257,0.20990000000000003,0.3106,21.5,0.0961,0.016800000000000002,0.5636460608106572,-0.1823475072412633,1.806522964074615,0.5122467647047252,0.7997781736215522,0.8085197778602102,0.42705507145551014,0.587810365130567,0.7124907682287007,0.48220581156213116,0.953764005602241,0.9449011453896627,0.7396974120862432,0.657285357998902,0.27256311299105423,0.5118409742537875,0.6838606088056551,0.8505238700091642,0.00065359477124183,0.0,0.0,0.0,0.0,0.0,0.0,0.0,Itgelt Khuyagtsogt,2824.0
19.198124287432798,173.8101316098269,-57.328883420695604,-16.604642982290294,-10.930319395609825,4.0,-3.818737831112218,-31.737885021251213,-10.726800259252622,12.489502068820572,0.21800000000000003,0.39720000000000005,19.0,0.0612,0.008499999999999999,0.28687035511880066,-0.15661455088069978,1.6808979988997954,0.6049916740830239,0.9033158751918637,0.8920321636505696,0.5354930557001512,0.5763557876741293,0.4367333931245495,0.5213440197052673,0.9356577266922095,0.9014649245278049,0.8212144668107971,0.6432857874340435,0.4023585847625819,0.552114384912208,0.713196841888545,0.7596532201645064,0.0007407407407407399,0.0,0.0,0.0,0.0,0.0,0.0,0.0,Itgelt Khuyagtsogt,2824.0
20.426643339402506,180.39008782734038,-50.478059966120654,-15.8812999700842,-9.69781019315073,4.0,-7.180207770785167,-23.875799244038713,-10.8913435106825,13.048400722620647,0.2169,0.3862,17.8,0.064,0.0017000000000000001,0.0629736554880889,-0.1279738562091503,1.3261540654603325,0.653459914494683,0.9957264957264957,0.8677484991658849,0.6924432618651686,0.6094678580296402,0.5134810630853102,0.7139318670724453,0.9471133614153497,0.9380365526492287,0.885677379059732,0.6750658814646188,0.28977301441135905,0.4038619466011283,0.8129965560775062,0.9338630071024436,0.0,0.0,0.0,0.0,0.0,0.0,0.0,0.0,Itgelt Khuyagtsogt,2824.0
18.892196696242525,185.19318744888304,-64.61143259900759,-13.475000050131266,-12.866846319905292,4.0,-9.126862349704732,-35.14394467914033,-10.019205606114214,12.020426405988243,0.1857,0.3758,19.3,0.0772,0.0062,-0.09014932329546445,-0.3042752539939251,1.5113783282871887,0.7234879728296149,0.8497449221028013,0.8400952997394677,0.5736279812442027,0.6374604507111374,0.5189265641602087,0.6241377672170334,0.9117191400093112,0.8318644477033965,0.7458284525786023,0.7387376772220986,0.4890089901019111,0.6223135719244348,0.6740069462775427,0.8947217716792665,0.0,0.0,0.0,0.0,0.0,0.0,0.0,0.0,Itgelt Khuyagtsogt,2824.0
17.819132223614773,171.88021308653657,-64.82553493988485,-15.08557167283154,-11.976364255737355,4.0,-8.102500961877684,-37.07869981880399,-9.834097854397955,13.25169962376368,0.21030000000000001,0.36310000000000003,15.9,0.0665,0.0121,0.23325566372500947,-0.10681809974347287,2.146844427540695,0.675146431674744,0.9459110384747568,0.7961069487508137,0.6645359789821671,0.39042869241414035,0.6247424105086437,0.3962226650170474,0.8713655675779564,0.895136733616893,0.8144129282252772,0.6307850171007762,0.5078194046555782,0.5658426609619683,0.8468971308104892,0.8855047198638655,0.02301587301587301,0.0,0.0,0.0,0.0,0.0,0.0,0.0,Itgelt Khuyagtsogt,2824.0
19.27000487248777,179.96248724534524,-56.73598773903412,-14.966317547463133,-11.351906995048834,3.9981744088550046,-5.9354212746335175,-30.97804936722191,-10.304863198012203,12.80239623449047,0.2111887323943661,0.4289774647887324,18.51830985915493,0.0657887323943662,0.0080788732394366,0.1092046071662592,-0.2604907606734343,1.6220526785313527,0.6978628437727592,0.8981699846811075,0.7949198174175404,0.6537261963895391,0.6101756833811139,0.5510344581277471,0.5837419750721677,0.8909433015866609,0.8737842498752673,0.8355349121356037,0.6934227963721857,0.4525236999859744,0.5755663096657156,0.7710646084197808,0.8506030526418226,0.0795050234441897,0.0544209523158015,0.072463768115942,0.0289855072463768,,,,,Itgelt Khuyagtsogt,2824.0
19.21372444800191,182.2373160485565,-48.45858248462628,-14.309819657977533,-10.547031074636108,3.994117647058824,-5.146009246825921,-23.4954007318587,-9.57478829435771,10.620348873970867,0.23420000000000002,0.4321,13.8,0.0376,0.0033,0.09912515077419927,-0.5259334252893577,1.8041555762746646,0.7294039878709498,0.9382002801120448,0.8854823992178205,0.8456928578779458,0.6223680858446258,0.48273955985051853,0.5742599966318065,0.9372549019607843,0.8662086485684617,0.9469421460764597,0.7718040720961281,0.38635231830900074,0.5508397840231465,0.7630255455516137,0.907537029554026,0.0,0.0,0.0,0.0,0.0,0.0,0.0,0.0,Jakhongir Vakhidov,3058.0
17.30651626559578,167.55407791164106,-59.28346480031253,-16.02717918048376,-11.54260001259209,4.0,-7.784939429563413,-30.146844876951597,-10.678089779277506,12.896188478555837,0.22160000000000002,0.2962,20.6,0.045799999999999993,0.0,0.26787471192279594,-0.35760120378836935,1.897627507065345,0.6219113254190998,0.8907679875987402,0.8319698204119229,0.6676673599985907,0.7194632543352506,0.47765207138661514,0.5249452897679575,0.9450552253421695,0.8363196325061766,0.7117670416858252,0.7893967343034775,0.5053969728753319,0.5746948299189563,0.8047201588793633,0.8934754389560702,0.02084004294149221,0.0,0.0,0.0,0.0,0.0,0.0,0.0,Jakhongir Vakhidov,3058.0
19.024431923065674,170.04482770985595,-48.101644347956594,-14.803673994540778,-11.072830243918919,4.0,-3.0484003214623105,-23.938648194632016,-10.057418040347482,10.819326446944912,0.2339,0.3731,15.9,0.0383,0.0128,0.08159870293018251,-0.16226418350792132,2.119011359757844,0.6257209225153475,0.9438194790111165,0.8276711773762255,0.7750626104100177,0.5880072622415056,0.627823126981933,0.5255941587727903,0.9157136025141763,1.0,0.8867142037537906,0.8191086487284401,0.58551137528182,0.4211008596911464,0.7857005241120838,0.8277760603201386,0.00544217687074829,0.0,0.0,0.0,0.0,0.0,0.0,0.0,Jakhongir Vakhidov,3058.0
20.304937942296355,187.35506613912463,-49.61404419423074,-15.833757354365044,-10.140516006771175,4.0,-5.095748254724072,-24.148424522969794,-10.400532487774118,12.004934432373457,0.22910000000000003,0.34559999999999996,17.3,0.0713,0.0086,0.06317714253018099,-0.21139729529973428,1.580654548343676,0.6767120782915109,0.9462585034013605,0.8542910949690612,0.6689599821514817,0.7743996694723088,0.5132869012476131,0.5685488729040197,0.9362540817913233,0.9408733982191315,0.8421835290224738,0.6941351595779585,0.432187442017342,0.40864639704789135,0.814399348538785,0.7711934292195084,0.02519526329050137,0.0,0.0,0.0,0.0,0.0,0.0,0.0,Jakhongir Vakhidov,3058.0
20.37581310909235,201.42295673506888,-60.13985022591779,-16.24004461722934,-10.790996985267373,3.996521739130435,-5.33479264012016,-32.018658064981956,-10.369410793975556,10.61753113652616,0.229,0.41200000000000003,19.4,0.0821,0.013499999999999998,0.0925220673029423,-0.2023280003533276,1.3110946466123763,0.8228422608862301,0.8116293826902613,0.9084367025133752,0.6243720021081055,0.6751314768744774,0.47572471991972165,0.5976908700731295,0.9654701187808357,0.8408255984675199,0.683233011354342,0.7238244748682943,0.569565618841362,0.28802003615930216,0.8934705427240008,0.8785514608197399,0.0,0.0,0.0,0.0,0.0,0.0,0.0,0.0,Jakhongir Vakhidov,3058.0
20.652381077944614,192.4311480617782,-58.8663334728177,-15.304233355102017,-10.820107168697758,4.0,-6.167981206010919,-32.25736042962621,-9.790656984025583,11.474005670644791,0.2299,0.30099999999999993,17.0,0.10130000000000002,0.0124,-0.05718662837622238,-0.14172079431313117,1.6924287912728506,0.7420938669141092,0.9317647058823528,0.7099642519388725,0.6325307917324442,0.669134831180953,0.4984519809447008,0.747302381516979,0.9988235294117647,0.8095316631030027,0.8401833304164956,0.6863376505717799,0.4799360612013639,0.32908333233595066,0.8292052012822374,0.7879653887622062,0.00823529411764705,0.0,0.0,0.0,0.0,0.0,0.0,0.0,Jakhongir Vakhidov,3058.0
18.454264267663273,161.86609708012543,-57.18702399835833,-16.762768149843215,-11.259992031747661,4.0,-5.740178465349868,-29.858020637654327,-10.832945838909328,13.266881125146085,0.21760000000000002,0.3674,19.5,0.0801,0.0171,0.20854664210590618,-0.5269354824361748,1.553818439779354,0.5408002530047225,0.9075396825396826,0.819650429277402,0.7945705485007831,0.5610053752191934,0.578800581133093,0.4693392985113367,0.8500217586894905,0.8695605412906193,0.7324711162298587,0.6558043051635513,0.36885444646067167,0.5579867929716942,0.7995223477523219,0.7650250537719748,0.030666472381635567,0.0,0.0,0.0,0.0,0.0,0.0,0.0,Jakhongir Vakhidov,3058.0
18.028069305800397,186.8665485112964,-60.518172973490984,-14.769375858451488,-11.370292812417539,4.0,-7.346259614957094,-33.901796664611794,-10.198412085554944,13.067964062501877,0.1989,0.3129,21.5,0.07750000000000001,0.0029000000000000002,0.09841352156478211,-0.38047619047619047,2.2190811159298556,0.7745154453065082,0.922689075630252,0.8104738791619152,0.6783751314455259,0.5356338635799762,0.4738882003544833,0.3559990209579394,0.9934579439252337,0.9016632345952796,0.8488126117894834,0.7646518887929004,0.595724287965988,0.4286026216472168,0.7458528449593695,0.7769204820925208,0.0,0.0,0.0,0.0,0.0,0.0,0.0,0.0,Jakhongir Vakhidov,3058.0
19.18137776847525,180.6693220586423,-56.50304860380802,-14.94196611152167,-11.397778579432066,3.994103685708183,-5.689598077758956,-30.182137537081985,-10.156269898981142,11.87059791525962,0.2258181818181818,0.392712918660287,19.076555023923444,0.0715071770334928,0.0093540669856459,0.1021133279483966,-0.2919378331022692,1.7557788139555743,0.6989677330541436,0.891112497957398,0.8331456918554961,0.6602664932366842,0.6317550362531472,0.5570439262206857,0.5462703529182037,0.9153875591043388,0.8810188713149498,0.8147591731568367,0.7276269435797643,0.557313140167261,0.4579137995531999,0.7847876464769613,0.8217374552196758,0.072748331769316,,,,,,,,Jakhongir Vakhidov,3058.0
18.892930018783385,192.44971851233777,-47.00046257068359,-14.048656472069954,-10.04404344454629,3.9933333333333336,-2.7460562714997083,-25.358714146406307,-9.208134381057125,10.411808811562457,0.23790000000000006,0.42380000000000007,17.5,0.09040000000000001,0.0121,0.20639987503408866,-0.1532343529111365,2.1214799696865128,0.805869537439305,0.9442735042735043,0.8063583638583639,0.6821348999837372,0.7348384446878422,0.7574400147655961,0.3572224212697734,0.9682905982905983,0.9666666666666666,0.9509772423025435,0.7215501172498933,0.7555212681375472,0.3839167437276151,0.7554229491438793,0.8688034188034187,0.0,0.0,0.0,0.0,0.0,0.0,0.0,0.0,Jakhongir Vakhidov,3058.0
19.165446131761463,183.3368170651217,-46.59010087604683,-12.866190892194172,-11.19646793849057,4.0,-6.397256096297274,-22.713562236879067,-9.301397308338837,11.884773596153082,0.21880000000000002,0.4582,20.0,0.0803,0.008,0.09788469591300733,-0.8830771845063536,2.3522606687386505,0.7372481942729772,1.0,0.8289223822357534,0.6185361772675602,0.6021737132676412,0.61966731178359,0.38581661731980305,0.9788043478260869,0.9168390642341168,0.8809608287911048,0.9795289855072464,0.859388486620257,0.6165703310773732,0.8790264313151639,0.8338744101437268,0.01647058823529411,0.0,0.0,0.0,0.0,0.0,0.0,0.0,Jakhongir Vakhidov,3058.0
18.145868111569545,171.7103331133187,-56.8024143821994,-14.016321314614808,-11.333364912837661,3.992156862745098,-6.756985891078786,-29.11177769782908,-10.189920533441843,10.613799104857673,0.22949999999999998,0.42299999999999993,17.6,0.06710000000000002,0.010199999999999999,0.10163589009782989,-0.4508143830710781,2.0707997847754975,0.6219114723613554,0.9127551665519326,0.9285443668993022,0.6354116685149984,0.5962331029625976,0.6440017055411245,0.5691032583682839,0.9702788445483387,0.8313612731711156,0.9030188835826751,0.8040173822510919,0.5846741939190256,0.45148227978023475,0.8382764943385483,0.8712262328060068,0.01647058823529411,0.0,0.0,0.0,0.0,0.0,0.0,0.0,Jakhongir Vakhidov,3058.0
16.550472226221434,172.49916269489358,-61.178218307186725,-14.803182391163414,-11.868551404136024,3.9873015873015873,-4.864668806852883,-33.671591429795846,-10.625965994613432,10.66844013207329,0.20470000000000002,0.4295,20.3,0.1159,0.0088,0.12936773775006838,-0.06619737388829836,1.7347997319436401,0.6961747137286729,0.7886215776411616,0.7693694810684624,0.5748532044214582,0.6366500839331733,0.4864464611843948,0.483821499249356,0.9648044692737431,0.8810436137071651,0.6875936711994151,0.7386585006588305,0.39530640684314416,0.452644744413354,0.8061920604204017,0.760736068406211,0.03687150837988827,0.0,0.0,0.0,0.0,0.0,0.0,0.0,Jakhongir Vakhidov,3058.0
19.023852728593,168.29111178439157,-60.06002520639678,-17.023004284147056,-10.884790922969707,3.9877192982456138,-5.934592982907021,-33.659059962366804,-10.426601056008119,13.880304703756314,0.23129999999999998,0.4439000000000001,22.3,0.0631,0.0,0.236845928659893,-0.3425139135179579,1.4920952178579465,0.6061635768304123,0.8806969187914481,0.8687264397230177,0.6733302257415883,0.4264674538897847,0.48804451370319024,0.45353136794577964,0.9521441624622714,0.7370998029179386,0.7679068413416136,0.8542820165905418,0.5787469055490391,0.4708122991188241,0.781694184238718,0.7573617192754181,0.01975308641975308,0.0,0.0,0.0,0.0,0.0,0.0,0.0,Jakhongir Vakhidov,3058.0
19.37454501706579,184.7564949974283,-56.52562574983618,-16.176309918389034,-10.88291652264893,4.0,-4.909813143729763,-29.26181607005182,-10.565010805044903,11.27024071002827,0.2151,0.34459999999999996,18.2,0.05500000000000001,0.0099,-0.05379680223556884,-0.2525127401667067,1.592679275739717,0.6895140915517641,0.877196804647785,0.8649358876660612,0.7140179529694539,0.7592884834472381,0.46553676718712955,0.4545404756347747,0.9501583996430432,0.9524935902737572,0.7240157292798093,0.5824413428136905,0.5556683298118226,0.30284929211355816,0.8167638859640567,0.7475147637813138,0.0,0.0,0.0,0.0,0.0,0.0,0.0,0.0,Jakhongir Vakhidov,3058.0
19.543671692773312,194.04392868471547,-49.452204540024205,-13.818101214685152,-11.182296572170367,3.992156862745098,-4.095278145339704,-26.225913289043053,-9.675951471244415,11.553179289713391,0.19650000000000004,0.5209,17.9,0.0558,0.0043,0.15212771615703022,-0.4156259239671396,1.3598386428341478,0.7570560401129716,0.8226252393227323,0.8638038999383536,0.7605286880035058,0.6847091199668878,0.48083502806632117,0.584920420461995,0.9356749300758427,0.8499533029267727,0.7039395736279805,0.6816699786887293,0.6197735391950704,0.4451049034723568,0.7456776750435273,0.9155356447214646,0.0,0.0,0.0,0.0,0.0,0.0,0.0,0.0,Jakhongir Vakhidov,3058.0
18.21393716734339,180.43310251167492,-56.3433169001833,-14.734859208873363,-10.82050883601401,3.996521739130435,-5.303688368002069,-29.948027955782003,-10.465208081015714,10.932453810373428,0.21610000000000001,0.46109999999999995,23.3,0.0881,0.019499999999999997,0.26841890274650637,-0.4344493796844656,1.8189623216632822,0.6837273585644301,0.771247260559356,0.7933593994766579,0.59951253154937,0.48707160288605217,0.6262028257557356,0.5301796056421988,0.8464926729510319,0.886572528289318,0.7551571139608338,0.7928377605480595,0.6675430924470607,0.5184414569414331,0.7028967395085803,0.7071960733525755,0.053342096615182376,0.0,0.0,0.0,0.0,0.0,0.0,0.0,Jakhongir Vakhidov,3058.0
18.452339154987463,164.64383016403917,-57.34804172040465,-16.16954162754744,-11.133175539271393,4.0,-4.753540367984772,-31.8957767360214,-10.328063235063308,12.932055785483673,0.2271,0.3987,22.6,0.058899999999999994,0.004200000000000001,0.28422136318913394,-0.3051848660709125,1.7590844926274556,0.6397322173827122,0.9518402954661234,0.7960784815049392,0.6109720435265682,0.6508874870870132,0.5881540206189965,0.45488754327665354,0.9320029506038707,0.8817257550794002,0.8260372970501357,0.8362189892088606,0.5604858121359831,0.2491119162413306,0.7348308971795883,0.6957322833110874,0.0,0.0,0.0,0.0,0.0,0.0,0.0,0.0,Jakhongir Vakhidov,3058.0
20.2161437335557,183.59830621719837,-52.32932551595981,-15.840264999899432,-11.36848329308157,3.998701298701299,-6.695316196421375,-26.632689786958643,-10.210938015986688,14.419665477686598,0.21950000000000003,0.33840000000000003,18.2,0.0658,0.008299999999999998,0.012992681634316758,-0.19258375814222747,1.4576305416138422,0.6593117866403141,0.9052703316674238,0.8102438418840554,0.8302619952937299,0.5923724844637108,0.5488020119587287,0.6909821547311171,0.9504783092324806,0.8953602731632259,0.8608220632535343,0.7492405186972221,0.43294246073276366,0.4223312667325324,0.7126495979626933,0.7996944275315057,0.00235294117647058,0.0,0.0,0.0,0.0,0.0,0.0,0.0,Jakhongir Vakhidov,3058.0
19.27284900823453,193.399090536325,-49.32947843279292,-14.123517366160954,-10.516993824997536,3.986002886002886,-5.598494044638812,-24.31299053250273,-10.125803590587225,11.362318040091449,0.2415,0.4107,17.0,0.08709999999999998,0.016599999999999997,0.09148968800817739,-0.21769554221167123,1.9345107532558359,0.7573621803196371,0.7924215053763441,0.9293100358422939,0.6726546989472735,0.8249980750757135,0.6191481383798081,0.4408733930420315,0.9780645161290323,0.9408124253285542,0.720030475900798,0.5350136845646927,0.616433069849512,0.43406500377809254,0.8692592194344883,0.9769354838709677,0.0,0.0,0.0,0.0,0.0,0.0,0.0,0.0,Jakhongir Vakhidov,3058.0
17.83552911272008,177.36546029630514,-64.78976084791286,-15.399189881684228,-12.380036576131811,3.9916666666666663,-7.1323099611878416,-34.713173006931584,-10.557721048133661,11.401002959489606,0.22210000000000002,0.3142,19.5,0.07060000000000001,0.0059,0.09011887654453024,-0.291527084882674,1.836193569868798,0.6776891379475536,0.8335664798190177,0.7211207186084603,0.5928260185448033,0.624789855859047,0.5740056647712757,0.5574017576823228,0.8409564334221189,0.8317668562559948,0.790941315723001,0.6993617688455632,0.6034355848887134,0.43914477181681083,0.729621152041416,0.714846570708261,0.04838229974679474,0.0,0.0,0.0,0.0,0.0,0.0,0.0,Jakhongir Vakhidov,3058.0
19.90642748775877,184.93905977407857,-50.90659019576494,-13.187565461814682,-11.048862273582689,3.9972222222222222,-3.166209526936593,-27.883018752944785,-9.24143997013043,9.623283567422012,0.21300000000000002,0.36550000000000005,17.0,0.05820000000000001,0.0078,-0.010141010507411207,-0.22172461048826486,1.8918612166444582,0.8143917847979634,0.8974991373360938,0.8722820254862509,0.7017453864204831,0.8281492105442213,0.6904113082058642,0.6493428384957742,0.9467734553775744,0.8718012422360248,0.8986650336803429,0.7426992516527401,0.7479250118530478,0.6345471042722449,0.825952380952381,0.9394300144300145,0.006956521739130429,0.0,0.0,0.0,0.0,0.0,0.0,0.0,Jakub Pulpan,2822.0
18.91448709842843,172.0167032486135,-61.712095628633996,-15.94444142093082,-11.183163074536488,4.0,-5.725065796591446,-36.145369366626376,-10.794193218263407,14.08013724831454,0.24089999999999998,0.274,23.3,0.0627,0.0019,0.3320405359613338,-0.0643824367353779,1.9512140605218555,0.6773565288438708,0.9971153846153846,0.7736320186662653,0.48562781325393917,0.42661037976629756,0.46155863161339683,0.5453531575259354,0.8703169422922923,0.800353795475381,0.8781954156954157,0.5715809925570859,0.3079061958855123,0.471598501680255,0.941366950806203,0.8059894816856843,0.0006329113924050599,0.0,0.0,0.0,0.0,0.0,0.0,0.0,Jakub Pulpan,2822.0
20.196257461507543,201.85315438642172,-62.57773578655788,-15.906695097982691,-10.491179937676899,3.987755102040816,-5.613400894013064,-37.68992296903447,-10.317785508740831,13.453493518849262,0.2065,0.42910000000000004,23.9,0.0766,0.0154,0.16003504250544615,-0.2501599870029941,2.287505516344141,0.806962359486249,0.9505637944361658,0.8636568984069802,0.5385530811307236,0.3821725822075575,0.49867137312946913,0.3771175365612171,0.9198136399178344,0.9725274725274726,0.9163956601773862,0.5593305180733463,0.3570554799504547,0.6794573850331349,0.7150530088325089,0.848495351418227,0.0,0.0,0.0,0.0,0.0,0.0,0.0,0.0,Jakub Pulpan,2822.0
19.15268379452628,194.68639604203602,-60.99658700026173,-13.4543412197957,-12.66247971150653,4.0,-1.7699520433855291,-37.78321727913464,-9.456654429520595,10.130057683081267,0.24579999999999996,0.32189999999999996,14.3,0.0497,0.009000000000000001,0.00901059692214706,-0.3289556152438663,2.4074437780275724,0.8692306052855925,0.9300452488687784,0.8329099240739322,0.6275146543673,0.5795168702257978,0.45682518408371103,0.6484483882291217,0.8876286969637353,0.9400000000000001,0.9168714785874933,0.8275495967941424,0.6270321630967824,0.511000356087587,0.7058439931839617,0.7547752310645438,0.0,0.0,0.0,0.0,0.0,0.0,0.0,0.0,Jakub Pulpan,2822.0
19.329097098598375,172.7701660758907,-50.878454190265145,-15.743108495926412,-10.666168793519597,4.0,-2.7697210256269864,-27.591763703342128,-10.752676971539131,12.644984799689105,0.2118,0.48360000000000003,23.2,0.053200000000000004,0.0054,0.04423423796458463,-0.3651802408549444,1.660819518333111,0.6881616435547048,1.0,0.722760898482935,0.5475997640579827,0.6713433967434798,0.36342300941629074,0.5982188039476034,0.9209924545190443,0.9541531677408207,0.9602443039071298,0.6868149087849033,0.32669161178514994,0.45668254979455636,0.7502113744318141,0.7704549700347554,0.0,0.0,0.0,0.0,0.0,0.0,0.0,0.0,Jakub Pulpan,2822.0
16.540580437143923,144.76349256212833,-54.0963065119004,-15.931478463676935,-8.905973817843016,3.9936507936507937,-4.859253358213354,-31.08864249761296,-11.641272816442363,14.336663648237433,0.19639999999999996,0.3113,29.0,0.0754,0.0075,0.14995229207082472,-0.15831720251494766,1.442122361212736,0.459249233470863,0.6894206868576532,0.7637513181134903,0.29195477147024634,0.4387095094904768,0.3111012772882883,0.4379824505718471,0.7705058142580816,0.7386460443045831,0.6980072932088044,0.3889896258200527,0.47441402817670353,0.5229968814258561,0.7472328376859148,0.6931167702324912,0.013023417977686257,0.0,0.0,0.0,0.0,0.0,0.0,0.0,Jakub Pulpan,2822.0
19.83050722113043,196.23121697646553,-57.69249304330278,-12.602925909631804,-11.823864166061671,4.0,-6.798673132450029,-33.38948109538823,-9.477551078425776,12.40000233865472,0.2407,0.42489999999999994,17.0,0.0345,0.0029000000000000002,0.14282276341456032,-0.12225059859559677,1.7853419998909115,0.8259778236345319,0.917925121912852,0.822466479560973,0.6275871137263128,0.7016381833594659,0.5677349745989025,0.5082458684127451,0.9149339904545444,0.878098012024779,0.8640160453043888,0.6631148058374994,0.6982969532616105,0.32870052229643953,0.6978992077985142,0.767860909692167,0.0,0.0,0.0,0.0,0.0,0.0,0.0,0.0,Jakub Pulpan,2822.0
19.10239563959076,166.3157428344014,-61.06815813423265,-14.181818923388382,-10.703848367764879,4.0,-2.9865815991478772,-38.00978854125725,-9.963992774634344,10.777872071960086,0.21509999999999999,0.3462,18.1,0.0449,0.010700000000000001,0.0833439731000707,-0.1088365199075697,1.9114342232528874,0.6448583029159379,0.9769089380285699,0.8394893937416592,0.5942195774406043,0.5697054226763003,0.5195992647302597,0.6992355209665896,0.8120061151715342,0.9002203433396094,0.9010517609687418,0.7117560241047605,0.5743648296684826,0.45255782779338094,0.7710309835139448,0.80088362711685,0.0,0.0,0.0,0.0,0.0,0.0,0.0,0.0,Jakub Pulpan,2822.0
18.32183416895927,162.68749595074775,-57.3823895593617,-15.087997551910945,-12.08159170126231,4.0,-2.1993388369290536,-34.13071262856748,-9.879229219128979,11.996480378437075,0.2495,0.37060000000000004,17.1,0.04610000000000001,0.009999999999999998,0.025142460242700827,-0.12754425292516708,2.0238301231605162,0.6561285393181945,0.9971153846153846,0.7877662947490534,0.43540923476828464,0.6016703538375551,0.6210905354060692,0.47374509083893956,1.0,0.9302155271982858,0.8114149704265984,0.6087925942236286,0.4911863487158312,0.5739155047116508,0.8005896202167253,0.8609768920113747,0.0,0.0,0.0,0.0,0.0,0.0,0.0,0.0,Jakub Pulpan,2822.0
20.266133183302863,203.50747442615344,-59.79898237829322,-15.217732756007749,-11.487404428243384,3.995235394214407,-2.4976868839600206,-34.69810927035408,-10.080287721009823,10.187003287067425,0.19859999999999997,0.47140000000000004,17.5,0.0523,0.0023,-0.06352704329751593,-0.19711653097256804,1.3138104594561086,0.8646140824710894,0.7784531117654259,0.9229381164814988,0.5396581750007144,0.5283910844585331,0.6278607475124951,0.7236784082614417,0.99375,0.8274087056811114,0.8478576468138919,0.5909169937425233,0.5210704929047879,0.710144666391507,0.7351646068714935,0.7690853292706598,0.0,0.0,0.0,0.0,0.0,0.0,0.0,0.0,Jakub Pulpan,2822.0
16.13296769310649,138.3930369507831,-67.46207108418223,-14.707814875696958,-11.567429126903942,3.6,-2.541168118892959,-44.28794768419337,-9.82212870373599,11.86441742524098,0.17709999999999998,0.21060000000000004,23.0,0.0481,0.004399999999999999,0.01083336687289713,-0.16658686139039516,1.09322933512512,0.5901092058468653,0.8235192143206256,0.6371066550471134,0.4679863713521006,0.4634425291062775,0.49633501229802574,0.541307188170038,0.7780764693855499,0.7887203483013241,0.893935464778164,0.6387693338981115,0.25658457945978286,0.40379029448731896,0.7400017570093379,0.7709616151204634,0.0046875,0.0,0.0,0.0,0.0,0.0,0.0,0.0,Jakub Pulpan,2822.0
17.051219661633453,162.789203147907,-71.14485878989665,-16.621400169373665,-12.461572956065325,3.9897252353015658,-4.238529977373129,-43.08088883065107,-11.874480218450284,13.142288126715252,0.181,0.4069,34.8,0.08380000000000001,0.01,0.213961515633726,-0.33220790006486317,1.341290809393739,0.5583401628527596,0.8197258144076829,0.6896012376709348,0.3469308905931089,0.4015224886287827,0.4498185118054495,0.37593061128843414,0.7957530041261297,0.7928123344316964,0.7232891922084097,0.45004748619999296,0.42685829051113694,0.3740189890332598,0.5690582272130499,0.5415708253572631,0.0,0.0,0.0,0.0,0.0,0.0,0.0,0.0,Jakub Pulpan,2822.0
16.344206868679933,139.57188235946506,-66.40756102262091,-16.335705926871817,-12.053810815701103,3.9976190476190476,-6.10199044825741,-39.29439511932676,-11.730228598017383,15.110950837934528,0.2045,0.30720000000000003,27.3,0.0995,0.015,0.11173179354886423,-0.4382496580431103,1.3358447422836652,0.4860437109570874,0.6967560865569108,0.7080756858444437,0.46047320104157324,0.2625705252984805,0.34784056722370466,0.4596390861819182,0.7077624689526794,0.6951454801531126,0.8081354177458483,0.3804551267510409,0.44746886282264536,0.5712904253899905,0.6898216240401017,0.6799318224368891,0.012691326530612241,0.0,0.0,0.0,0.0,0.0,0.0,0.0,Jakub Pulpan,2822.0
21.15186299405966,198.65427327271857,-56.59927903733069,-15.015547312252597,-12.450882015430611,4.0,-1.746668380482711,-32.947189328120984,-9.534534415494809,11.095542414451044,0.19390000000000002,0.3557,16.9,0.075,0.0067,0.06919100932324787,-0.24231553681284618,2.134872197580399,0.8193722022850878,0.9320089064819396,0.8191611898257675,0.5933963195619375,0.6774522464790156,0.6889871777012769,0.6383370314783302,0.8970081122898199,0.9464126669965364,0.9187656326132856,0.7783390222737818,0.4814513318790056,0.5607195355903567,0.8160639599989583,0.9002307828865614,0.0425531914893617,0.0,0.0,0.0,0.0,0.0,0.0,0.0,Jakub Pulpan,2822.0
18.70611520367256,174.88442215428628,-57.37661287652372,-15.0848615846547,-11.096660780566262,3.980785395125543,-4.235657831343161,-32.76374922234995,-10.418874096545368,12.24240524381018,0.2159835390946502,0.37959670781893,20.127572016460903,0.0657798353909465,0.00719341563786,0.1027683160726447,-0.2287090000996489,1.7568415566190043,0.7094397916772744,0.8936656167822226,0.766229378629064,0.5851576023208692,0.5590729545508608,0.5088116580195726,0.5404296354601544,0.8854037760501707,0.8692776962108464,0.8423861152159703,0.6376333896698919,0.4909861825232184,0.5728746550826034,0.741960283403068,0.791306718780646,0.0681239626566474,0.056648736305027,0.0207253886010362,,,,,,Jakub Pulpan,2822.0
17.00666874849533,142.21184096512883,-60.42738950827103,-16.593193797672082,-11.772797278058812,4.0,-3.7068324203629244,-35.92380897421962,-11.583573917125378,15.152816879167776,0.2325,0.3336,25.7,0.0635,0.0078,0.33727704570608574,-0.16757835878606922,1.510265090174555,0.4606586364115765,0.7629035177775195,0.6433654517796662,0.3662367184473171,0.4444411252276444,0.3370922787479655,0.5610681134980824,0.8155271088351969,0.6998303256981544,0.7292527193989888,0.6410840432735468,0.3825859664146504,0.4875922720513358,0.6921583569197883,0.7688112361282047,0.0,0.0,0.0,0.0,0.0,0.0,0.0,0.0,Jakub Pulpan,2822.0
16.648530106464793,176.19032249772494,-62.009701139852304,-15.733380473255073,-12.947672217008115,4.0,-1.8631926998688333,-35.823743235660785,-11.152656262910327,11.510943748850831,0.1937,0.43039999999999995,23.0,0.0795,0.0089,0.039614169810571455,-0.31480628517235365,1.4261412283870136,0.7392287199051253,0.8933376942080219,0.7240372478336137,0.4603001856022523,0.47527786485592466,0.3654100260274413,0.5249588166474807,0.8533352502099459,0.8040075725200374,0.7725084611103361,0.6516483808411262,0.41260110256104454,0.4164021299322084,0.6867084025919314,0.7714241342302978,0.0,0.0,0.0,0.0,0.0,0.0,0.0,0.0,Jakub Pulpan,2822.0
20.04418985914679,203.8556106285762,-58.952211873191935,-15.187845023602197,-12.017683300830747,4.0,-3.9887486473111147,-33.07549609669987,-10.92584877150263,12.24340996675462,0.2049,0.4143,21.6,0.0601,0.0081,-0.014356125284113999,-0.10771962891553762,1.9780155812780351,0.8995181907571288,1.0,0.8057357158274492,0.6359215820752622,0.5747963482763679,0.589132005505008,0.46038173417096734,0.9419679473343405,0.9131229464949516,0.7236451208347908,0.6460235115785998,0.6032059268644634,0.5195201619329503,0.763618374394869,0.8489657219199594,0.010619469026548669,0.0,0.0,0.0,0.0,0.0,0.0,0.0,Jakub Pulpan,2822.0
20.71462331522223,190.56468612248608,-54.84739026141049,-14.61744598293917,-10.056500185132881,3.9932584269662925,-2.547777124051005,-32.710713909612714,-10.063429277260825,11.155217790619805,0.2218,0.3872999999999999,21.9,0.07139999999999999,0.0067,0.06386229166041793,-0.07202905632127644,2.03392931653148,0.7732105643833936,0.9683615819209039,0.8399380882567608,0.7209913919839037,0.6165393755934703,0.4645954969204699,0.49093953164471793,0.9555758123237797,0.9149504764304324,0.8735832905324431,0.6697018726924281,0.5456191148409176,0.6474034016104353,0.7750452905428398,0.8005607705366558,0.020487804878048778,0.0,0.0,0.0,0.0,0.0,0.0,0.0,Jakub Pulpan,2822.0
19.554141042597788,186.35067634332572,-66.95731600340639,-13.958856532336899,-13.09167857615002,3.9983050847457626,-7.628946879840268,-37.92704166701429,-9.907216957883186,11.558119525072495,0.1739,0.4741000000000001,16.2,0.0331,0.0,-0.05839100571451904,-0.0559126607052185,1.9947801946969363,0.8255878809376597,0.8809755173195744,0.7231947628979033,0.7862725316115147,0.6043945016589756,0.47711287470373237,0.6123248387595518,0.9449905838041431,0.7981203165349771,0.716214488567398,0.6505547150994399,0.6135310734463276,0.8855194805194806,0.7993031869670107,0.7553877977370791,0.0029629629629629598,0.0,0.0,0.0,0.0,0.0,0.0,0.0,Jakub Pulpan,2822.0
17.47658665504186,170.4531524640489,-63.78166717792989,-17.30388413091993,-12.201898030250629,3.9972222222222222,-1.4949461865337654,-38.373523521765556,-10.919707405132021,12.515069874449791,0.2017,0.32100000000000006,27.2,0.08969999999999999,0.014300000000000002,0.3091407107113244,-0.11570080488107629,1.7278542879811565,0.6855610366425414,0.7721078615289046,0.6555762037333319,0.4169582879876228,0.470431856746201,0.41038397656641223,0.38527365382032974,0.8042312107194046,0.8831449212749616,0.8551530528294023,0.6348237482610088,0.3907132168607785,0.3072493415588507,0.6781561020267505,0.7593152350482307,0.0046875,0.0,0.0,0.0,0.0,0.0,0.0,0.0,Jakub Pulpan,2822.0
20.69938316800639,188.91795887888367,-44.434702964079065,-13.331307441918003,-11.045856763296989,3.997872340425532,-1.6277279532654756,-23.288600323406218,-10.318621917144233,11.179539094526326,0.2062,0.3722,16.3,0.05569999999999999,0.0,-0.01653994831520513,-0.27416065572332116,1.920948249241785,0.780282622095758,0.8908418131359852,0.8258542875564151,0.6566464814758222,0.5248580490081016,0.6686058299521568,0.600422530365527,0.8826923076923077,0.9598459511502989,0.9487495263357332,0.7915979822276674,0.47648186923237246,0.6322579080090325,0.8463201091761811,0.9057971014492754,0.0007246376811594201,0.0,0.0,0.0,0.0,0.0,0.0,0.0,Jan Gustafsson,2836.0
18.993567818257464,176.28548727818807,-64.4305825844691,-14.12456775126195,-12.230243039316356,3.9804878048780488,-5.516199895474076,-36.988318527647095,-10.267248333094328,10.715507157446662,0.23820000000000002,0.3062,16.2,0.0194,0.0025,0.01990427861731344,-0.3687977543767174,1.092064471388454,0.6528484838877039,0.9337349397590362,0.7337203621172254,0.6701969405220367,0.7127645612754046,0.5335040693624137,0.5457028522924392,0.9833333333333334,0.9310883141762453,0.9008656565656565,0.7299035619351409,0.2722562385301895,0.47034731580462746,0.7700363575514177,0.8206198558188096,0.0,0.0,0.0,0.0,0.0,0.0,0.0,0.0,Jan Gustafsson,2836.0
20.544512231155814,193.50436977777014,-62.08252598131634,-15.378292495152127,-12.429258309071287,4.0,-3.9799814144507075,-36.00206887153106,-10.766749539815695,12.473824648704541,0.2499,0.3685,16.4,0.0886,0.0073999999999999995,0.011838435736623697,-0.37021228657876615,1.3571104615429355,0.7794450515979268,0.979647785039942,0.8197603098164109,0.4698812557211204,0.49797641928310465,0.5855414081010154,0.6326210210408434,0.9489130434782609,0.9099087493290392,0.9233836056416701,0.6647097213039241,0.3773690487385727,0.4811883693974005,0.7135180974743167,0.9038009165160391,0.0,0.0,0.0,0.0,0.0,0.0,0.0,0.0,Jan Gustafsson,2836.0
19.00353652523625,190.016906964307,-68.73002854380556,-14.540851374097082,-13.242744190512019,4.0,-5.344758640873868,-39.498597351083134,-10.666333122690752,10.563256135451294,0.2117,0.38710000000000006,16.5,0.07859999999999999,0.0033,0.08201291029974986,-0.1934111105448278,1.0949072725269482,0.7468314483364212,0.8989419909231229,0.7168443724403893,0.6977826324010862,0.6268198013372099,0.646719379212272,0.26094605147666244,0.884840196656117,0.8654912399760682,0.7987202638031154,0.7698202649757708,0.507374118945123,0.3730222369395311,0.7525243723671757,0.7983428744642092,0.0,0.0,0.0,0.0,0.0,0.0,0.0,0.0,Jan Gustafsson,2836.0
18.80862180327761,177.06289408369037,-55.61967213997515,-15.801267603025849,-10.229714563824599,3.989549961861175,-3.478197443925727,-32.05549916959412,-10.419740696192338,12.37519737472631,0.22490000000000002,0.37720000000000004,21.8,0.0477,0.0123,0.2290791496815741,-0.3559074551875004,1.3266771495850662,0.6248624516468054,0.7574511591058254,0.8632647811862881,0.5325228449285044,0.6857381743849957,0.49725667401401863,0.5599050018596792,0.7464539219721914,0.8057412535770331,0.7501987560526566,0.667464328417465,0.4861667748524091,0.5320184834363733,0.7141330900365,0.9059779641571388,0.00108695652173913,0.0,0.0,0.0,0.0,0.0,0.0,0.0,Jan Gustafsson,2836.0
21.479753078563334,195.5432257728076,-54.3674295397112,-14.805205438514609,-10.538390915082227,4.0,-0.5418697618679497,-32.686630536009844,-9.705138024353321,9.909805136116752,0.23390000000000005,0.40709999999999996,16.7,0.06020000000000001,0.0126,0.21512143830556302,-0.5070529470529471,1.5290104596080494,0.7811265149076645,0.8010671095551329,0.8011843156132731,0.7170603806338192,0.594826747639365,0.5302928872929963,0.5630686923355752,0.9842105263157894,0.9448905972797161,0.8937206656236667,0.5919526734543574,0.6386711590212661,0.7510582458435829,0.815162871757088,0.8517933765850136,0.00421052631578947,0.0,0.0,0.0,0.0,0.0,0.0,0.0,Jan Gustafsson,2836.0
18.69465612960396,171.66285244725947,-65.68124639398658,-16.311395190734014,-11.62477150525479,4.0,-4.416138290573516,-41.134590816257194,-10.80279340990546,14.608442818738393,0.2,0.2283,21.5,0.0734,0.0036999999999999997,0.050481504167575686,-0.23501070963386533,1.3339955007104483,0.5957969045800233,0.8508039859335543,0.6685850907298482,0.6594415571878738,0.45878611975774886,0.5750795873513965,0.4578697246998099,0.8550192434697456,0.7941358326109015,0.8368066166783793,0.5620456092507374,0.43918863562151705,0.5698881597714622,0.7766098031773119,0.7843029667147483,0.0,0.0,0.0,0.0,0.0,0.0,0.0,0.0,Jan Gustafsson,2836.0
18.682157506236457,180.4528846153846,-64.32060791539769,-13.796587915008967,-12.433843247317224,4.0,-2.172586696928802,-40.29690302387671,-10.502482868009183,10.881795835743203,0.2169,0.40090000000000003,22.7,0.0633,0.010100000000000001,0.1854424668898353,-0.43322548796233,1.094194153799417,0.6585322387831952,0.9093947887470154,0.6773915613128251,0.6649080653274774,0.5702736649319462,0.5259674361158182,0.6359629920078718,0.95232312837664,0.8681447155113574,0.8206483710300658,0.5034454541814348,0.3762476969345456,0.423543854880066,0.8236435900498996,0.8659960552268245,0.00769230769230769,0.0051282051282051195,0.0,0.0,0.0,0.0,0.0,0.0,Jan Gustafsson,2836.0
18.759362464083374,171.91792597930566,-60.36008089971055,-15.817234553363368,-12.009636249091589,3.993103448275862,-0.3695235048509223,-37.09909336417719,-10.443464435893318,11.38576775938998,0.2294,0.36829999999999996,21.1,0.029099999999999997,0.0036000000000000003,-0.03327534912153786,-0.3015211217825914,1.4470855460797638,0.6713249150467577,0.8920949381078692,0.8197394370136489,0.6343716449300054,0.7117433755925935,0.6431614531002785,0.33786413482950234,0.8969379532634972,0.9784615384615385,0.962004048582996,0.8067012447273119,0.4176425874536983,0.4333556378365949,0.7004306223280414,0.722073934596032,0.0,0.0,0.0,0.0,0.0,0.0,0.0,0.0,Jan Gustafsson,2836.0
17.455355104693442,171.04216377300654,-59.56324814775703,-15.778104128209264,-10.395008252391573,4.0,-3.5735011747730474,-36.588251271382326,-10.86831353854045,13.639930217539623,0.2237,0.3075,19.8,0.045799999999999993,0.004399999999999999,0.10102460977359248,-0.06639377606082013,1.3590035338285764,0.6006229941552003,0.9307692307692307,0.7596083405655992,0.7333635159675331,0.5005985706538453,0.378528954436785,0.5041630697247934,0.8776173912559919,0.8417742441430758,0.8018965547953988,0.5074110319234185,0.3415293816598117,0.37891044351609404,0.6634598862233492,0.8188202388516025,0.0,0.0,0.0,0.0,0.0,0.0,0.0,0.0,Jan Gustafsson,2836.0
20.210928886916157,186.22158637022173,-57.50001098222363,-15.524113266895665,-12.199633513423647,4.0,-1.7544158639430347,-33.33672532308982,-10.647792409346833,11.962669394475379,0.2238,0.36350000000000005,18.6,0.0595,0.0062,0.147421308169629,-0.19728628138674936,1.3806496286839738,0.697419536821421,0.8355882179675994,0.7261807927669662,0.6970552375344653,0.5859235936991549,0.5365681543643884,0.49160411667950327,0.8551983643803194,0.9606352941176471,0.8606356873771064,0.7181428873159311,0.34912877559633804,0.5120759207953609,0.7825143896733951,0.8037840942562593,0.0,0.0,0.0,0.0,0.0,0.0,0.0,0.0,Jan Gustafsson,2836.0
19.391344478865754,184.1595299704653,-47.721677873353045,-14.797985965261514,-9.282259686045222,4.0,-0.8486523805523131,-28.18926016172959,-9.986876464035612,11.383356784271214,0.2411,0.47759999999999997,17.8,0.07239999999999999,0.0,0.17183267884884923,-0.1272496060141409,1.527815768431846,0.6900638370759382,0.9161346833815494,0.9127440985453724,0.6595736014334082,0.6273315494786784,0.5172496460723973,0.40861976305128883,0.9155812876331636,0.8656087219866748,0.8640111162575266,0.6349630739554876,0.6161185571656441,0.4856360424626655,0.7632455181047927,0.9423529411764706,0.01049613943888081,0.0,0.0,0.0,0.0,0.0,0.0,0.0,Jan Gustafsson,2836.0
20.763037214467428,191.0638839575351,-50.7929162103468,-15.25519702979436,-10.747463625290965,4.0,1.4657234340835024,-29.983528418618977,-10.05450871877011,9.782058148044111,0.24430000000000002,0.2749,14.8,0.05600000000000001,0.0095,0.11635930550942715,-0.18741286471218754,1.0832813170729811,0.695872892275263,0.9044093861851985,0.8139710614979613,0.6837711510201878,0.7847142749838373,0.5146626075342589,0.46510946737447495,0.929025780411162,0.916448455410204,0.9029030864912558,0.7579955122795317,0.24825930632943716,0.499343408176789,0.7659687481859097,0.9072722202868132,0.0,0.0,0.0,0.0,0.0,0.0,0.0,0.0,Jan Gustafsson,2836.0
20.136959075652307,171.69552637304733,-55.866945888165844,-15.202806105128655,-11.363497269784647,4.0,-2.1181022038850097,-33.650035246422966,-10.076091586491188,12.543586523546619,0.248,0.3908,15.7,0.048299999999999996,0.0046,0.03799591207862759,-0.20751491499893487,1.7768055167797463,0.6321657577770099,0.8895136832699058,0.7709338649108982,0.6365342266233662,0.6479991687679411,0.5101898662877582,0.3776515101005218,0.8990401608379136,0.9721120984278879,0.8373487603753569,0.6202433630775366,0.4926182276690243,0.5604303872496781,0.8825627115141181,0.9149819483996359,0.0,0.0,0.0,0.0,0.0,0.0,0.0,0.0,Jan Gustafsson,2836.0
20.032594768997427,172.73959303516511,-58.36727641120849,-13.873737096156797,-11.594516957541973,3.9967741935483874,-5.779625460565193,-35.25460901617535,-9.89710425500359,14.035542180686026,0.2364,0.39680000000000004,14.1,0.0728,0.008199999999999999,0.21993640960530364,-0.2580743729241804,1.4599809951511085,0.6065335223661029,0.8142806061289658,0.8460193895104615,0.6244463115195868,0.6561499329673739,0.6023774788025672,0.5729122276583754,0.9150305084745762,0.9091693961268165,0.8814381808566896,0.6762657406361311,0.44781430044855536,0.45515521379782875,0.95,0.8703496739917893,0.0090080971659919,0.0051282051282051195,0.0,0.0,0.0,0.0,0.0,0.0,Jan Gustafsson,2836.0
18.76810753776963,167.41731347031234,-66.61507154068883,-16.340629388164732,-12.417205576457606,4.0,-4.1745807185444885,-38.107128503095154,-11.429736926126157,11.8542095716993,0.2353,0.2327,22.6,0.06449999999999999,0.0068000000000000005,0.09348873834929125,-0.1499344108089247,1.521133009928172,0.5790578912728261,0.8864179104477612,0.8005373613929985,0.6093331783699292,0.6179327446884458,0.5245431153092525,0.5736908059699826,0.823538128541581,0.9881818181818183,0.8445068013636934,0.5175354163629535,0.3406019501567051,0.5310406645280292,0.8029438442766115,0.790602098358302,0.0,0.0,0.0,0.0,0.0,0.0,0.0,0.0,Jan Gustafsson,2836.0
19.30463606723479,161.45608018410888,-55.076068563774655,-15.459037750608903,-10.44047898341094,3.996923076923077,-5.464881974365191,-32.243953300728535,-10.549676812718277,15.085037181134116,0.24100000000000002,0.3565,23.7,0.0809,0.0083,0.23413074470956566,-0.09019058577563674,1.5198636457688655,0.5338928036727092,0.8838323983512988,0.7372995249497485,0.4757496338211128,0.620465435608693,0.44033291059822,0.5340468380507133,0.8243671002799736,0.8291420853956424,0.9592527062993728,0.8028859799402435,0.3899157551993286,0.29857556297455445,0.7513775588803686,0.6532424674985672,0.021032941857684097,0.0,0.0,0.0,0.0,0.0,0.0,0.0,Jan Gustafsson,2836.0
20.804880017890383,188.7260745001924,-53.74626104522908,-15.523817075038071,-10.330072318586124,3.990275862068965,-2.6423685773146905,-29.603601539964394,-10.882435444829403,11.245758048434634,0.23850000000000002,0.41640000000000005,21.3,0.060399999999999995,0.0,0.20315335395983766,-0.24912969328029483,1.3216065885652266,0.7271355821350263,0.7564726169475476,0.7807058567641946,0.5983949100373408,0.6802832649012747,0.5660583192875377,0.5108965189747987,0.8762837104450197,0.9113406970100932,0.7966928062862727,0.6752572826417294,0.37462023541990835,0.40267514536582316,0.8060051277627615,0.9180266853932585,0.0,0.0,0.0,0.0,0.0,0.0,0.0,0.0,Jan Gustafsson,2836.0
21.171144190162217,193.719599663505,-48.111487365953046,-14.851150932839738,-10.483520209637927,4.0,0.8473333052673662,-27.773621302137666,-9.5082041888114,9.657675962206323,0.225,0.2841,14.7,0.021300000000000003,0.0018,0.1197938292293131,-0.49864236016987434,1.836949704531536,0.7552976147051551,0.8620193407984624,0.9351074496500191,0.7599728542224705,0.6712919810549173,0.70465379083108,0.5578435109742446,0.8983619441660455,0.9555555555555555,0.889233005029969,0.7812799528965954,0.5383057863182688,0.49666640009535923,0.7875728894891346,0.9003295331105793,0.0,0.0,0.0,0.0,0.0,0.0,0.0,0.0,Jan Gustafsson,2836.0
19.763349728002833,189.2790584865274,-61.55422784679096,-14.855894419447887,-11.349130255826314,4.0,-2.8192302080945764,-37.76279720553366,-10.125641334987101,11.358465577098581,0.2346,0.2621,18.2,0.04410000000000001,0.0,0.02015158744529045,-0.13242248153454889,0.9940939610963145,0.7301783157939752,0.865178947368421,0.7187315618663622,0.6695513351756871,0.6888771686934804,0.6273695578339524,0.5958796025821034,0.9337216600099261,0.93114686716792,0.8542744904470426,0.4489172642173183,0.44801907654584044,0.6082585526167607,0.6474100268333912,0.8047630947494856,0.00120481927710843,0.0,0.0,0.0,0.0,0.0,0.0,0.0,Jan Gustafsson,2836.0
19.637046822024377,180.7608103843512,-56.90613800862216,-14.893380139315031,-11.270190174621224,3.997174549008767,-3.0599922679618405,-33.20004837319953,-10.376707941027291,11.897006338493997,0.2287343173431734,0.3537306273062731,18.219557195571955,0.054850553505535,0.0065479704797047,0.0905366036113787,-0.2601072588771292,1.43472065989418,0.6914866941253431,0.8782019593311587,0.7848372073212052,0.6350046762185652,0.6278962550646497,0.5479194487923316,0.5323493670150437,0.8988387039400064,0.9053453401436437,0.8609863529487904,0.7010574137677441,0.4211641860777071,0.4786787733791636,0.7704607633840711,0.8481271220686595,0.0354164322646635,0.0235891819903083,,,,,,,Jan Gustafsson,2836.0
20.902552793353628,188.23121452048082,-57.41679250549551,-14.962841642828854,-11.02747906286525,4.0,-7.326902119581147,-33.04088611073905,-9.81515097108927,14.756467401608067,0.2271,0.5555000000000001,19.6,0.0844,0.0099,0.13674501531758565,-0.31013289469171823,1.9313872947664508,0.6829774663488584,0.8286688319906276,0.8811947503343521,0.6429167530582623,0.5961427725622938,0.4176423793887237,0.5186107114385069,0.887166734163545,0.9545985060690944,0.9416885650581304,0.43704192812256704,0.642187899256088,0.6972645186938055,0.7751334890445681,0.8500127840554766,0.0,0.0,0.0,0.0,0.0,0.0,0.0,0.0,Javokhir Sindarov,3190.0
20.928042671704343,189.1692335199735,-62.65547735944025,-15.825672219929885,-10.641952974852135,3.997826086956522,-5.315918988791636,-36.58112255471624,-10.782791386636104,12.494154678529236,0.2112,0.5147999999999999,18.4,0.0703,0.0064,0.11370406075906607,-0.5600814861906774,1.4195708611110787,0.7240715787499405,0.847691720863302,0.8121360407849162,0.7162187576240482,0.5623498491477618,0.4130371510202827,0.698061745523641,0.8610064454691113,0.8664384217019663,0.9105962893937193,0.5910287164796052,0.4553519811253784,0.7865528139849165,0.7852563797730114,0.9687635183850036,0.015013941083767718,0.0,0.0,0.0,0.0,0.0,0.0,0.0,Javokhir Sindarov,3190.0
18.627196781137492,180.7896350550391,-55.24223702677259,-15.543848540206051,-10.523616593673744,4.0,-5.14322541520311,-30.827911964479682,-9.810654269056787,12.607019755846776,0.24499999999999997,0.508,15.2,0.054400000000000004,0.0104,0.06790783047361994,-0.21070667914313615,1.5304165229560769,0.7407524664789333,1.0,0.8441506765574808,0.7844709500270929,0.5433192685770221,0.5949019562895762,0.4836764521090055,0.9224038461538463,0.7772765105436481,0.8352212499172896,0.616723717619918,0.6283288047782227,0.5624367044341286,0.6916254568549343,0.8097649002281624,0.0,0.0,0.0,0.0,0.0,0.0,0.0,0.0,Javokhir Sindarov,3190.0
20.157122354388754,179.2158234691573,-51.423636476001136,-16.306260170347553,-10.333477458749696,3.9951048725914715,-6.1032814197699095,-24.62450197813764,-11.328079096701098,13.276858775113288,0.2032,0.39649999999999996,22.4,0.0653,0.013900000000000001,0.2077666555921731,-0.2518590636297443,1.9005847502926134,0.6532885687581854,0.912349555206698,0.7619499955439765,0.615273059752397,0.49644072590839955,0.523441933286297,0.6507910518284435,0.9634313725490197,0.8354549319727891,0.8390155440244836,0.5405587330185574,0.47844495288899774,0.8204185605329883,0.8657477185057516,0.8050907746276081,0.02933854392820958,0.00068027210884353,0.0,0.0,0.0,0.0,0.0,0.0,Javokhir Sindarov,3190.0
19.6328522423184,182.52688354934315,-52.97538059563512,-17.117900930726513,-10.703485467500089,3.9986301369863013,-6.2222902877774615,-24.8310863517259,-10.76289614120436,12.663648446312894,0.2277,0.4572,20.2,0.07,0.0017000000000000001,0.09477508494731626,-0.19526115874888056,1.9941869520157387,0.671284631191959,0.9840445269016698,0.8037707439027315,0.74460754808234,0.5623850986605381,0.48797145793329877,0.6038850776813312,0.9016705539531624,0.914433999216608,0.9047167325428195,0.49323109653755887,0.7096081268595145,0.7125909061235147,0.7785103384016427,0.8461560819712994,0.0027027027027027003,0.0,0.0,0.0,0.0,0.0,0.0,0.0,Javokhir Sindarov,3190.0
20.2662909162152,182.32732301298057,-55.278060468290036,-14.023505711619862,-10.843658864317748,4.0,-7.3882240733179625,-30.53804789026345,-10.480766222095388,13.996142293324365,0.20400000000000001,0.5073000000000001,18.1,0.10350000000000001,0.007000000000000001,0.17137738684043707,-0.09216430052343363,1.809082812129151,0.6995483203207826,0.8150182617699467,0.7275100283542809,0.7089487461973618,0.6000275616688899,0.5379103728241124,0.6193584455988549,0.8939928061754779,0.9895652173913044,0.8434079283887467,0.7866412844055131,0.5146334865975626,0.6418921807853576,0.8357020547945204,0.8441709292412618,0.0,0.0,0.0,0.0,0.0,0.0,0.0,0.0,Javokhir Sindarov,3190.0
19.04159476277757,161.85951358366492,-60.36151017480421,-13.431077125259941,-12.187417340400456,4.0,-7.176348809980143,-36.94998028549016,-10.219457741963476,15.602771128289977,0.2157,0.48919999999999997,20.6,0.0725,0.006,0.0871911631739413,-0.3779081077387371,1.9989561982960158,0.6144845685888121,0.7020354382535374,0.8259449336712918,0.5047130994080113,0.5339866381958442,0.48379649667582364,0.5768781408296471,0.7428432691532613,0.803566003597475,0.73954971261138,0.6929473997198698,0.7396883341599693,0.7551737372980487,0.9137931034482758,0.8867278867773416,0.00873015873015873,0.0,0.0,0.0,0.0,0.0,0.0,0.0,Javokhir Sindarov,3190.0
20.572259866318003,182.24410249741643,-50.869410852574426,-14.927519689612712,-10.542013444642134,4.0,-5.788181747193375,-26.52561698207047,-10.12018284815959,13.03410385910386,0.23010000000000003,0.45410000000000006,18.1,0.0792,0.0129,0.0845335043939695,-0.22774280069628902,1.3396839637537314,0.7030963346740736,0.9878364389233955,0.8400677147641827,0.5060302572553927,0.6167934436143956,0.5773337110744076,0.5458276414657315,0.9446536200610165,0.856036453439677,0.9505487326887903,0.6901320981002629,0.3864863330634566,0.5572066501206193,0.9130764540746249,0.8832739862885335,0.0,0.0,0.0,0.0,0.0,0.0,0.0,0.0,Javokhir Sindarov,3190.0
15.69001791268975,149.70426493629628,-58.91221933985175,-17.79037301262545,-10.956727274194645,4.0,-8.8273810386444,-29.548032547233127,-11.31172575509949,15.522020287945363,0.19519999999999998,0.46290000000000003,22.7,0.09340000000000001,0.0021000000000000003,0.15359928726770436,-0.3862791746367327,1.9873922995765174,0.4823493372300899,0.9003484816158167,0.6105280755431377,0.5915389371038428,0.5302497328314162,0.4787456130576446,0.5347617594838515,0.7468673006277963,0.8405685579309713,0.7765495686889456,0.6333096065452707,0.5637218715537905,0.3833344855799619,0.7954621553884712,0.7293003590596022,0.06255737892179111,0.0,0.0,0.0,0.0,0.0,0.0,0.0,Javokhir Sindarov,3190.0
20.982877003285033,194.20717486901884,-62.65924060352736,-13.61398912074262,-10.837955485027134,4.0,-7.714520752074131,-36.91275590404874,-9.639404706375082,12.059385364740335,0.22139999999999999,0.4377,18.4,0.0771,0.0057,0.17575091404401752,-0.24891029693175523,1.7208100917994162,0.797940614047236,0.9442472460220319,0.8032053561658824,0.5724187060205899,0.6500348161755387,0.5291046758479756,0.6025267855081984,0.8662429884234395,0.8640436944008373,0.892742285962625,0.6414548337459454,0.7573548128508248,0.7178182781838918,0.7350300682927802,0.8603582559091032,0.0,0.0,0.0,0.0,0.0,0.0,0.0,0.0,Javokhir Sindarov,3190.0
20.8879503517063,178.706720232661,-61.72042168961252,-16.192548861444447,-11.572732490993259,3.9894385026737966,-6.0886263259765245,-33.57896085461395,-11.044981658307007,12.767989999048869,0.21270000000000003,0.5189,21.0,0.0636,0.0024000000000000002,0.1471757024435635,-0.1743591660219977,1.8839598695950077,0.6740689777379452,0.7018254752295627,0.9165313212874804,0.5378513321162754,0.6234472849986152,0.5374873790420972,0.546433833189633,0.8526202341401679,0.9441176470588235,0.7677312283991898,0.48141678552668876,0.5919267955434642,0.8312904519606008,0.8897743042170998,0.8726987584024435,0.0,0.0,0.0,0.0,0.0,0.0,0.0,0.0,Javokhir Sindarov,3190.0
19.815921219866485,181.25795098163107,-56.48392838273059,-15.622136304090072,-11.006997635801962,3.997511859395123,-5.651759604472179,-30.481606269161333,-10.45281719183016,12.73387676323,0.2195671902268761,0.4648691099476439,18.9650959860384,0.0630104712041884,0.0077015706806282,0.12056513292085,-0.2651063895929554,1.780484843933615,0.6945622885987999,0.8834841244759145,0.8254904167601309,0.654134684334304,0.6084137871104732,0.5567982586737907,0.5672914361507017,0.9041064708087097,0.8930218239763437,0.8608490116937695,0.6137406800456117,0.6053954740386497,0.6542442959028952,0.7941643856309253,0.8528366947268862,0.0558963944399753,0.0391525443793496,0.0478801582815149,,,,,,Javokhir Sindarov,3190.0
17.555744438709603,159.42057196583647,-56.76502459370032,-16.39234170242879,-10.236702323062303,4.0,-6.682386220701081,-29.28431291281289,-10.853476774981218,12.684195340285966,0.21439999999999998,0.4117,17.8,0.060899999999999996,0.0114,0.06434710472858826,-0.1282538250758867,1.7091990082231767,0.5629727204374897,0.8292181668905807,0.770334151828681,0.7691229527972534,0.5527901496052704,0.40363859838941185,0.5888861082190313,0.8810790523105794,0.8413550448191586,0.7976370036547864,0.6237893408873922,0.33012808838134144,0.6306412985357815,0.8605096073517127,0.8255042525177041,0.00137931034482758,0.0,0.0,0.0,0.0,0.0,0.0,0.0,Javokhir Sindarov,3190.0
20.021030035802703,171.0771681755521,-59.15899453299612,-15.158336728256717,-11.075218919826897,4.0,-4.986698919249853,-34.13918355206219,-10.197834891597832,12.398278477997374,0.2065,0.48819999999999997,20.6,0.05770000000000001,0.0197,0.10112026658842328,-0.2091151287075938,1.659430839559409,0.5817979768604815,0.9172243315931023,0.832726100472556,0.7144319038046723,0.6445181805133345,0.44898263007453804,0.5635366222999472,0.8644522703762132,0.846734962434861,0.8272527135066543,0.5274510954698919,0.6522435449249139,0.578113015522345,0.9108222811671087,0.9556521739130435,0.0,0.0,0.0,0.0,0.0,0.0,0.0,0.0,Javokhir Sindarov,3190.0
19.55277255771083,180.92029380219293,-63.06981957117947,-13.368303655143785,-11.754658049738072,3.998780487804878,-7.2299743383294715,-37.26812280743901,-10.03325228061632,12.585711072282308,0.1976,0.49959999999999993,17.6,0.0983,0.0075000000000000015,0.08583744039009653,-0.1527823563559293,1.8879496650577632,0.7184028489807706,0.8623533594027727,0.8558861512201016,0.6997104417147703,0.6406807514904929,0.588961439086565,0.4738889180979046,0.9850877192982456,0.8931368636296371,0.8390467150123045,0.6192463065638008,0.7355739446243954,0.6061386890097055,0.7984540256517725,0.9324742268041237,0.007221326345494851,0.0,0.0,0.0,0.0,0.0,0.0,0.0,Javokhir Sindarov,3190.0
20.541083161065792,185.15020695984526,-55.64626668393801,-15.22113438201938,-10.176192646006221,4.0,-7.866101061185256,-29.29552868117393,-10.58318096772299,13.495871054169777,0.1995,0.5393,16.4,0.0641,0.0113,0.057927486498807204,-0.29956055696144795,1.8623011565751129,0.7028936936713623,0.8363946283738863,0.8534752116838542,0.7267495364493397,0.5990358481573206,0.6370073988527988,0.7286904404343038,0.8210954967117712,0.9895652173913044,0.8718253389400956,0.5594479675121609,0.7768938650874434,0.7533446377247935,0.7865472122812541,0.8245251288004706,0.0018348623853211,0.0,0.0,0.0,0.0,0.0,0.0,0.0,Javokhir Sindarov,3190.0
19.531170856253024,159.58460007464276,-53.755504590180884,-15.572839172913465,-10.631296882681273,3.993103448275862,-8.954456093120168,-26.761957088470353,-10.209446163742502,14.381387362471022,0.2177,0.5169,17.6,0.0856,0.007400000000000001,0.08604903534509913,-0.2623838951329164,1.945125122770611,0.5425441825794012,0.8555194805194806,0.9059972763809082,0.5864247390724082,0.6724270153385152,0.4698521409079667,0.6253602410268797,0.9386904761904763,0.9219251963080314,0.8430133382561273,0.8185169611808956,0.43587137872492787,0.6209235608922536,0.864708532735974,0.8128698756765715,0.0017391304347826,0.0,0.0,0.0,0.0,0.0,0.0,0.0,Javokhir Sindarov,3190.0
19.23752067910142,174.95888952814974,-57.72018852377418,-15.53504783414407,-10.655405404840756,4.0,-4.328205716769975,-33.407438556396,-10.954469255358571,13.160378243735181,0.22799999999999998,0.5310999999999999,24.0,0.076,0.0033,0.19642878633673452,-0.21280999031468334,1.9372835645342465,0.7119164323398308,0.8195286864698629,0.8585776183906834,0.5845055251474766,0.48290590810963935,0.4704339725545942,0.40282029472144626,0.8348937519749752,0.9304295571679677,0.845337789661319,0.7020224086528434,0.5730343821815777,0.614421955536353,0.8019450787686082,0.790546493994818,0.0008403361344537799,0.0016806722689075599,0.0,0.0,0.0,0.0,0.0,0.0,Javokhir Sindarov,3190.0
18.71171712804601,185.3797761602702,-63.004263272299546,-15.183384163950558,-10.799632360133511,4.0,-5.172854448489268,-36.57512700315628,-10.108278631750178,10.835013335180264,0.2793,0.45780000000000004,18.7,0.10669999999999999,0.0205,0.13343021555490261,-0.20866996280668246,1.9279773255313581,0.7150752734630669,0.9878378378378379,0.8048292926987507,0.6245456360913851,0.5139783464755272,0.4960738758756431,0.5021003088446915,0.8923423423423422,0.856741987889529,0.8723898120268144,0.7131374445374479,0.5546502458873528,0.42788437325201434,0.7984474409728117,0.821131220994609,0.0027027027027027003,0.0,0.0,0.0,0.0,0.0,0.0,0.0,Javokhir Sindarov,3190.0
20.97519680265369,203.88602937492567,-52.62215197636779,-15.204655856714407,-10.491948644120317,3.9967741935483874,-2.7113715374160248,-28.162098579962407,-9.99412366758195,9.945272115878936,0.2283,0.3876,17.0,0.039999999999999994,0.0036,0.012019164901696919,-0.4340070551400535,1.9365760336772415,0.8785190372789206,0.8871310440470277,0.8399772413756154,0.7099871252778229,0.6893872947551527,0.619813207786714,0.38460684987554566,0.9555555555555555,0.9665650019062142,0.9287179465928492,0.7371225775349489,0.7512500625777409,0.49169333560753936,0.6139724334065156,0.8749287241625089,0.0,0.0,0.0,0.0,0.0,0.0,0.0,0.0,Javokhir Sindarov,3190.0
19.364077484374775,178.13234538876162,-62.26866590658286,-16.391289869919326,-10.53928121083246,4.0,-7.241892058550214,-35.752626360096905,-10.628403263237624,14.284826856053673,0.2153,0.3753,21.8,0.0795,0.0134,0.12155466121699177,-0.5375597862691064,1.5442868855533056,0.6823017389587157,0.9598507919728851,0.779158931254999,0.6946406091418105,0.5269237559200858,0.47332736432150985,0.3444632626812685,0.8308884815639841,0.809704248023602,0.9091377614633428,0.5985655956014717,0.5238961430168645,0.5766264699352934,0.7314062072376705,0.6853400545337837,0.0006060606060606,0.0,0.0,0.0,0.0,0.0,0.0,0.0,Javokhir Sindarov,3190.0
19.34409565188769,185.0324647897626,-49.26684809792473,-14.502462979420619,-11.408065552913044,4.0,-4.201070296128063,-25.45881385112772,-9.565829026913752,11.869393608578461,0.2392,0.4314,16.7,0.0204,0.0021999999999999997,0.17267818153890038,-0.25652088842076004,2.3154267926957273,0.7979896197723202,0.9548148148148148,0.8334746588693959,0.5285092161271814,0.5227500770300015,0.55494108513705,0.49783695534072436,0.8807003129890454,0.9142860845334548,0.8342172933135374,0.783960988653971,0.7622622156010774,0.8437331063874479,0.7599107861945236,0.9215587044534412,0.0,0.0,0.0,0.0,0.0,0.0,0.0,0.0,Leonid Starozhilov,2845.0
22.223187581102476,212.15866485821917,-55.35495506704996,-15.36458807494461,-12.464030227254149,4.0,-3.8700665091369677,-29.16991702588583,-9.833270120866683,11.346916891038283,0.2048,0.33690000000000003,15.4,0.0689,0.0033,-0.002621180578523502,-0.2749638024680469,2.0381922502370298,0.9374893326506231,0.9211021505376344,0.891815776815777,0.6673707117255504,0.5342617017712119,0.5201371380163985,0.7765058321308322,0.9639550264550264,0.9716269841269842,0.9403225806451612,0.7931962481962482,0.4813949815372518,0.643787130060715,0.7714038520878143,0.9101250601250601,0.0,0.0,0.0,0.0,0.0,0.0,0.0,0.0,Leonid Starozhilov,2845.0
19.10901116534123,174.41093129568424,-58.5705642910244,-15.833009117679811,-11.41890276065875,3.994118121725146,-5.71570014409131,-32.02396340200693,-10.44237173404299,12.869264745730243,0.2133063973063973,0.4914065656565657,19.035353535353536,0.065297138047138,0.0071759259259259,0.1080709529996038,-0.2848157912447023,1.956298972371067,0.6944123476705386,0.8625476721048276,0.7863391897167217,0.564374633681233,0.533784190605307,0.5571885972243366,0.5648200690940615,0.8741888560949104,0.8526090356676211,0.8329054108120064,0.6305203418223904,0.5958364124258121,0.6697952407546837,0.7615969521017859,0.8129396735505805,0.0679173204169916,0.0590065972230005,0.0,,,,,,Leonid Starozhilov,2845.0
17.322858995574684,148.91690819736354,-68.49002942467499,-16.17906160741756,-12.118313233881668,4.0,-7.977586707602524,-38.45330595820106,-10.822027278094595,13.060265360522422,0.1976,0.502,20.3,0.0526,0.0067,0.1388892816050524,-0.16424113194478798,2.1594124864688613,0.5734293732729748,0.8327454263097828,0.6719115291231795,0.5177521774091758,0.47201041242990305,0.4477266689689289,0.7090568918038487,0.8419420419053398,0.8333360051361076,0.7873755674773747,0.47972241318357484,0.5484440861914652,0.7128081724506351,0.7237806199079866,0.8004729477431066,0.0006289308176100599,0.0,0.0,0.0,0.0,0.0,0.0,0.0,Leonid Starozhilov,2845.0
20.997589911239622,182.51431500637955,-56.14722792079267,-16.08375954027415,-11.087568570964358,3.9909615384615384,-4.3775838138743275,-30.779372051602962,-10.63810260172696,12.828197119188554,0.20539999999999997,0.38570000000000004,17.5,0.0745,0.0058,0.07249067136307655,-0.05925531914893617,2.0029988579889313,0.7568514924484369,0.8414080826875185,0.8224209616397626,0.6355327077655188,0.6787956138762119,0.39088716042111094,0.637360928347832,0.9436517218973359,0.8175098146388802,0.7406657708653986,0.4395293142861766,0.5982903060403859,0.769468149265101,0.7853586555394986,0.9133897246334305,0.0,0.0,0.0,0.0,0.0,0.0,0.0,0.0,Leonid Starozhilov,2845.0
17.285736260757336,150.1174746525162,-65.06239086129509,-15.347538570875486,-11.937362011925824,3.994505494505495,-7.222877943471265,-36.44320630030288,-11.065103943329365,12.959192414104251,0.1923,0.4859,25.1,0.0628,0.0045,0.06814660717668097,-0.24273634194648222,2.5909378189674515,0.5289968048476069,0.7551854051422049,0.7905807176084652,0.48317279799607143,0.40630736592607225,0.4812510536203729,0.4954791953143234,0.8509895688790975,0.8048560355094919,0.7674168388733307,0.5898181301600323,0.6230537296437022,0.5955003082610156,0.7485223092772781,0.8571394389023907,0.02337971307043471,0.00618556701030927,0.0,0.0,0.0,0.0,0.0,0.0,Leonid Starozhilov,2845.0
20.48229599851708,200.01401038058788,-57.60475844772524,-14.968277086037082,-10.539170672069949,4.0,-7.3331115117809915,-31.104995810228523,-9.845345814809672,12.186142447200982,0.2262,0.3933,14.9,0.07060000000000001,0.0047,0.09764266370486621,-0.14729910031933505,2.0307361958898373,0.7466870902837265,0.9924762298470442,0.9608535940803382,0.6738529939971091,0.5876644034384476,0.6904919059339634,0.509111259390579,0.9554650184035024,0.8865141624675523,0.9808434959349593,0.45038044690496803,0.5654099991896024,0.8205312794518453,0.8417532248674817,0.9310321518632672,0.0,0.0,0.0,0.0,0.0,0.0,0.0,0.0,Leonid Starozhilov,2845.0
19.61200037955343,188.3317686102059,-51.51384994655365,-15.504582281704396,-10.400422369538944,4.0,-5.325650398249058,-26.574806818584744,-9.982759438067516,12.274371359591019,0.20600000000000002,0.6010000000000001,16.2,0.06570000000000001,0.0,0.09883622551437145,-0.46852247343125963,2.11091621861633,0.8528919022589909,0.9939393939393939,0.8097370410708576,0.6334069309129907,0.5471116241107616,0.6301871770061094,0.7052851139110083,0.9010911371670864,0.8252545792582773,0.8465957912373785,0.73134325410335,0.9126126126126126,0.6783774784434285,0.7071587238905266,0.7590282557536272,0.00139048714998081,0.008860759493670881,0.0,0.0,0.0,0.0,0.0,0.0,Leonid Starozhilov,2845.0
19.022920413160875,174.40521367633278,-62.16007472469833,-14.813032593735718,-12.39688973739582,3.9958904109589044,-7.308895531354224,-34.12745265078285,-10.551987391457251,13.042292769068615,0.21420000000000003,0.42490000000000006,21.0,0.06789999999999999,0.0066,0.22655788227326035,-0.28290107973590245,2.1542012877898116,0.7247174718255971,0.7810360631604817,0.7840381618926336,0.5146953512341598,0.5350534012325362,0.5954717436685323,0.7284715605182993,0.7616607014009689,0.8648613090149141,0.8373400144128246,0.613655486853246,0.5922378015138874,0.602872719869407,0.7000780300375083,0.6900405963867927,0.0,0.0,0.0,0.0,0.0,0.0,0.0,0.0,Leonid Starozhilov,2845.0
18.33726574831281,158.80735307013407,-55.524429963031665,-15.033443588489217,-9.66648260676254,4.0,-10.661124160075254,-26.930198216188586,-10.951501489111399,13.718320097595328,0.22679999999999997,0.544,21.7,0.06849999999999999,0.0048000000000000004,0.15274706881671465,-0.3728135049810322,1.781429119591626,0.6266238163809214,0.7945139955961402,0.5875696881499468,0.5501522269112981,0.5085236532381521,0.5064701716194768,0.567387089400744,0.8907747097290695,0.8011400581107264,0.822444927123693,0.5981402248649792,0.44165533131268014,0.8750311885987039,0.8415387117105393,0.7579914281002111,0.00069930069930069,0.0,0.0,0.0,0.0,0.0,0.0,0.0,Leonid Starozhilov,2845.0
21.74346151525605,200.46551223427923,-54.042467343930205,-16.833340449974745,-11.193915557259313,4.0,-2.543619235974952,-29.261038105410684,-9.738062284739588,11.527508289429072,0.2124,0.6020999999999999,14.5,0.04820000000000001,0.0078,-0.07877883839974573,-0.31260869524049323,1.2546340163945604,0.853483558867441,0.7982854705393285,0.8776965534464555,0.5233017963014024,0.6956380448393664,0.7153345445026249,0.561091058468796,0.8634788329815395,0.928824957967495,0.8801093118077221,0.5981195988244277,0.5825392244259148,0.6219461279363772,0.6992568425784336,0.870732671450887,0.00396039603960396,0.0,0.0,0.0,0.0,0.0,0.0,0.0,Leonid Starozhilov,2845.0
19.127654382326792,177.30205544393476,-59.96762300253745,-14.975767796457452,-12.077829289881661,4.0,-7.137624937969766,-32.00631851399093,-10.08762941221562,12.317546947977984,0.1837,0.46399999999999997,18.1,0.06309999999999999,0.0017000000000000001,0.10435122560984626,-0.10908174677140192,2.0700516165516167,0.7837271045880317,0.8019175645837132,0.8142467894707698,0.5076689691902896,0.6006531364234966,0.5458183196964208,0.5984698758070695,0.833167009058512,0.8375847967619408,0.8449289521309389,0.6118699019742827,0.7093883985818661,0.6216805839113337,0.7939472521006025,0.833324286075594,0.0,0.0,0.0,0.0,0.0,0.0,0.0,0.0,Leonid Starozhilov,2845.0
18.675695954588736,178.1162559565052,-61.993685463308,-15.649494563981145,-11.039854419653562,3.997826086956522,-6.008922082002119,-34.80914881274536,-10.79937308493641,12.315281413054073,0.2185,0.4135,17.4,0.0878,0.009600000000000001,0.02647791062453364,-0.366438100548536,1.862130740437556,0.7316322396376361,0.8960615247796913,0.7945691387559808,0.6009374234399255,0.4997448381745574,0.49532228958047286,0.5491532948416286,0.8533609727480946,0.8653471189494473,0.786651783417488,0.6125454435461695,0.5063061543823878,0.5764829706936396,0.7175086466925732,0.7890814840305623,0.01595151515151515,0.0,0.0,0.0,0.0,0.0,0.0,0.0,Leonid Starozhilov,2845.0
16.31552890909446,135.59881669159486,-64.65539335177913,-15.625778297681157,-11.44034181419197,4.0,-8.063710691529572,-38.05155297335908,-11.290287312495053,15.816277737477716,0.2044,0.37859999999999994,27.2,0.09319999999999999,0.0098,0.06976719666565952,-0.15543237299041,1.5719233463307163,0.4563711326930302,0.7886021312209767,0.6171560168527014,0.571343527600175,0.33262361644900207,0.3433097032102736,0.46792034949373723,0.7223490907933957,0.7387377859224336,0.5991773833177158,0.361427641757235,0.563325198223432,0.6765033514014578,0.7711261846902293,0.8552071559748537,0.00214919144496609,0.0014814814814814799,0.0,0.0,0.0,0.0,0.0,0.0,Leonid Starozhilov,2845.0
18.255183627946966,174.10538406998734,-59.275289451273316,-17.19466554651233,-12.01074133897554,4.0,-2.6163654650316754,-32.75424068635424,-10.409692144719504,11.71041573031997,0.24280000000000004,0.49479999999999996,20.3,0.06400000000000002,0.0017000000000000001,0.15826374914610206,-0.4056523613431958,1.8298024629146383,0.7439834662590755,0.8747773458999817,0.5823969654118009,0.5498590632922418,0.3728372860501424,0.5156030640284623,0.5952674272883931,0.8695695667152842,0.7275371973362696,0.9197131939084875,0.7296971328131163,0.5129117024710382,0.5811594552354282,0.6393197278184513,0.9160544591591041,0.019463087248322138,0.0,0.0,0.0,0.0,0.0,0.0,0.0,Leonid Starozhilov,2845.0
19.526673266664684,190.74379560561482,-66.75225402114032,-15.478787135823751,-12.489787813625487,3.998684210526316,-5.256298849891527,-38.83807734504245,-9.998954909506967,11.310967822223542,0.2149,0.4429,15.0,0.068,0.006500000000000001,0.02116909120627658,-0.07645881006864988,1.7944015176280623,0.8402465826264542,0.9457086343309253,0.8628103784752217,0.5494490664962344,0.5346148524453815,0.5728982607361192,0.6646540478227477,0.9119039499857914,0.9001959547615955,0.7983085783718307,0.6643988565384884,0.46612481804968287,0.7748889754577328,0.8103174592420711,0.870531858275511,0.0,0.0,0.0,0.0,0.0,0.0,0.0,0.0,Leonid Starozhilov,2845.0
16.10817311657962,150.08118272990964,-65.25143062703569,-16.84211425230231,-11.28590448500335,3.9980769230769235,-4.948999221319116,-37.820895771681684,-11.139481771854122,12.787887952047987,0.205,0.45389999999999997,20.3,0.0786,0.0036999999999999997,0.21365361163378957,-0.09374740124029693,1.780616152283076,0.6214616119855016,0.869095151672284,0.6903937213004574,0.6106382450250928,0.30095407353940645,0.48678007532668965,0.343510694257689,0.8176859119695221,0.7886776873382803,0.8139418923713228,0.43532911287166415,0.5844955959954199,0.6881539715420198,0.7459596774314339,0.731412561497579,0.019298245614035082,0.0,0.0,0.0,0.0,0.0,0.0,0.0,Leonid Starozhilov,2845.0
17.55570868765385,154.7872430276514,-62.16214553545147,-17.895481344896456,-10.749877473652965,4.0,-8.479886008217772,-33.618275754166646,-11.646400117522397,16.227775163004743,0.2072,0.45200000000000007,20.8,0.08919999999999999,0.0033,0.15829828396280182,-0.2285601016787457,1.8256381917243178,0.5443687237938318,0.9174680147773671,0.6900089884925178,0.4584343781655707,0.5486074041208496,0.43480206658924586,0.5801457898852613,0.7464523626037909,0.6711655916308006,0.7054999869966758,0.5487376513585518,0.5378203617631547,0.5116594666801918,0.6636114178302943,0.7120707926974214,0.020057799913915007,0.0,0.0,0.0,0.0,0.0,0.0,0.0,Leonid Starozhilov,2845.0
19.29329131408408,161.16540776700506,-60.4054090116703,-16.824136085515995,-11.79405058675727,3.9799999999999995,-2.715487613427179,-32.93049572789438,-10.89723206605703,10.775993067981556,0.2243,0.5490999999999999,16.8,0.06490000000000001,0.0105,0.14991265113059252,-0.5797703119945107,1.877796082149985,0.5747203313551574,0.9195188565073759,0.7220758005632049,0.6179553490760645,0.4688009316537287,0.5192034678865266,0.638843211524022,0.9182154882154883,0.8457343102899013,0.8682462154720912,0.701520394529239,0.47914540071390616,0.5458876983099202,0.7333260499474771,0.8429074621048397,0.00253164556962025,0.0,0.0,0.0,0.0,0.0,0.0,0.0,Leonid Starozhilov,2845.0
20.32684755754964,192.85246493248127,-71.14303864077405,-16.831834095939023,-12.545738311638344,4.0,-7.280978497907599,-40.064301920739354,-10.336520923552147,11.916335109002423,0.1879,0.5509000000000001,18.2,0.036199999999999996,0.0019,0.009760252773672828,-0.1602194131465387,2.386789481199664,0.8347051339279083,0.8004397646122525,0.821240367884663,0.7749802506253144,0.6253532153479049,0.5160126230542746,0.5684841264078426,0.928336551526854,0.8138322879052208,0.7885552271684622,0.6787033000492471,0.643846071144625,0.8204206850849545,0.8333548824070199,0.7707752378086141,0.00444444444444444,0.0,0.0,0.0,0.0,0.0,0.0,0.0,Leonid Starozhilov,2845.0
18.364941224623358,152.42693496920066,-63.442788041934406,-15.912334806562063,-12.76566615123698,4.0,-7.921914994588084,-34.424007388418694,-10.677307247009477,14.258442545880891,0.2072,0.4242,19.3,0.05770000000000001,0.006,0.02086743239236848,-0.2764667307414841,1.8206906488989976,0.5576989905978411,0.8716323403723083,0.8011835509609586,0.6299290366915443,0.5936185425013714,0.3253372049195525,0.4126724798150251,0.78323016123426,0.7626884592799433,0.8343816423937733,0.42508660603608506,0.7253426619235124,0.8259519048719813,0.8717866898903202,0.8510731685789938,0.0,0.0,0.0,0.0,0.0,0.0,0.0,0.0,Leonid Starozhilov,2845.0
19.924159633963825,180.715553936761,-57.70960065071844,-14.919552387179117,-11.38329681848826,3.9982134891380943,-6.01919530020451,-32.153854433148766,-10.275507749526914,13.043592548691036,0.2220474406991261,0.439103620474407,19.47752808988764,0.0654263420724095,0.0080605493133583,0.1203495822218235,-0.2873478357629369,1.7567217643531985,0.7010170409406554,0.8948445446084723,0.8115802864346,0.6181636686155789,0.6268063620758176,0.5865480309368003,0.5845200466371958,0.8842932955540932,0.8613710596299915,0.8436733680572123,0.6373790435316827,0.5650506812687269,0.6023300304420776,0.7736435716014498,0.8325327611213668,0.0507564554558745,0.0828598000366995,0.0491803278688524,,,,,,Magnus Carlsen,3309.0
20.637889655957714,191.02354866856678,-52.428613822012494,-14.221942197198654,-11.375789047126748,3.998529411764706,-5.433974540521348,-26.540900653088602,-10.055116347684407,11.200579551842553,0.21220000000000003,0.4335,17.4,0.0791,0.0155,0.03695469525231001,-0.1529991596677393,1.59295181847854,0.7931510954948455,0.9079787838221574,0.7844376734003993,0.7118980742818952,0.7375357886295386,0.7759592832971168,0.49854109363333754,0.9258175559380378,0.7319390265079271,0.8232274629846167,0.7699638254325755,0.5373545754440763,0.572777970970473,0.7674253372690872,0.7967925738238237,0.0,0.0,0.0,0.0,0.0,0.0,0.0,0.0,Magnus Carlsen,3309.0
20.5771980376283,169.68417575436212,-71.67517374003789,-15.907871459194174,-11.319724754763575,4.0,-7.622172796207273,-44.02967269772316,-10.385240390018376,13.589508357868663,0.233,0.2824,22.1,0.0811,0.0017000000000000001,0.10862135969573154,-0.34041838528999063,1.8986125299624514,0.5633469667574145,0.9518715944089078,0.9008390258390259,0.520900276975139,0.6807155876975175,0.36406686464561266,0.5682136331499807,0.9187647058823529,0.9251173309667603,0.8702480562555189,0.6663304670027924,0.41367753431306686,0.4891961881389742,0.749818253057059,0.845112328552627,0.0,0.0,0.0,0.0,0.0,0.0,0.0,0.0,Magnus Carlsen,3309.0
19.096202874833708,180.1322321641536,-69.581167639346,-15.913588112072421,-13.342683265211221,4.0,-7.022656063982493,-40.17664118166393,-9.94149699405663,12.815897977640699,0.2172,0.3653,20.6,0.06350000000000001,0.0097,0.1795785366840892,-0.27756408297804,2.188305338616874,0.7349728441474663,0.8052070490675977,0.8627532521168767,0.5401351914210766,0.6520685369760828,0.580477346052665,0.5438420148861061,0.7541426658347414,0.8303289766410137,0.7085939515937907,0.7362909032279065,0.8257667507049001,0.638232494905046,0.6190927868411876,0.7849822850901729,0.0021897112258557902,0.0,0.0,0.0,0.0,0.0,0.0,0.0,Magnus Carlsen,3309.0
20.69376006827922,187.9995029733912,-55.73647580343811,-16.207267282315463,-10.951416552202677,4.0,-7.597316086903524,-28.44524298000122,-10.438914108333261,13.90368120631804,0.2386,0.4796,16.7,0.0754,0.0075,-0.023008381869171177,-0.24024434914678813,1.4129170025799236,0.746811321158336,0.9985074626865671,0.8477253777409249,0.5641955031630013,0.4521113940286171,0.7240202606496138,0.6207259315805401,0.9188591047919406,0.906445243945244,0.8686005781901305,0.5824015021434176,0.4854420275785489,0.6220084310279715,0.6580537334794012,0.7450424924457721,0.0,0.0,0.0,0.0,0.0,0.0,0.0,0.0,Magnus Carlsen,3309.0
18.762979626742652,172.9348081056213,-53.993051720081155,-14.023185962120792,-10.085324675454691,4.0,-5.251628946677011,-31.140182105214052,-10.155046747095138,12.662316716480522,0.1936,0.4338,19.8,0.047799999999999995,0.0118,0.09125436530875822,-0.5594046939483844,1.9187164095718594,0.6396105152912334,0.8934187617522111,0.894046174830437,0.6362166782698513,0.7227306931155852,0.6125440602363617,0.4508350347789423,0.9576990890390832,0.8576488103832218,0.8480569677554147,0.6889324417636964,0.7360268391216431,0.5125104228496611,0.7441055814026349,0.6816732605170032,0.00266666666666666,0.0,0.0,0.0,0.0,0.0,0.0,0.0,Magnus Carlsen,3309.0
21.035195341018706,192.34309254707495,-57.45935948179859,-15.09274436127196,-11.194330568218295,4.0,-11.129210007941223,-27.412802142594337,-10.884368610295601,14.254096208522833,0.22990000000000005,0.38760000000000006,21.2,0.0723,0.023,0.02456329259341707,-0.5588939795836347,1.7046307630052269,0.7282216107280045,0.8764502917045289,0.9585858585858584,0.714055366368427,0.6251781731737517,0.7184395290290648,0.5781456224934485,0.9221479813889542,0.8753847601673689,0.7812373125932448,0.7459101483428502,0.5675245797834554,0.6208473269906362,0.8173869126043039,0.9205194805194805,0.0202020202020202,0.0,0.0,0.0,0.0,0.0,0.0,0.0,Magnus Carlsen,3309.0
20.771652386238372,189.39118401718952,-66.18224905994119,-14.05446200511108,-12.762276826585616,4.0,-7.0425277055552815,-38.408439882994905,-10.174853291953534,12.260310652259228,0.23339999999999997,0.5502999999999999,15.6,0.05790000000000001,0.0066,0.16809297661267275,-0.19789786991439617,1.6843613091641487,0.765575810487171,0.7116751963773482,0.9324087507659173,0.6995575608535451,0.6556124106548402,0.7014035180665955,0.5441837736542738,0.8252405486029601,0.8707448993564288,0.8154843533170414,0.817973179305692,0.5903607704964788,0.6799594867192821,0.8646447626624658,0.9892307692307692,0.0036697247706422,0.0,0.0,0.0,0.0,0.0,0.0,0.0,Magnus Carlsen,3309.0
19.47788392186858,169.51675452242438,-60.96129690613566,-16.290358536137035,-12.151585451499114,4.0,-6.447029418817711,-31.792333933434104,-10.841361586834672,12.561372020586978,0.2375,0.3358,21.4,0.082,0.013099999999999997,0.06311215089457517,-0.46233728311221567,1.727908239507851,0.6476874893027256,0.9588235294117646,0.8498654461784714,0.666434098892082,0.5254842851199099,0.768622486252325,0.5937251608707731,0.8707439980463125,0.7580980747987223,0.7384329287270465,0.5747245829114889,0.5415750845792863,0.7748806340718104,0.7922978736949325,0.8810924369747898,0.02666666666666666,0.0,0.0,0.0,0.0,0.0,0.0,0.0,Magnus Carlsen,3309.0
19.518833149934192,182.31076822633116,-55.20928846221076,-14.291966182523732,-11.966131857253073,3.9918604651162797,-7.186126274219487,-29.79767240419356,-10.196749474437798,14.237497265300608,0.2496,0.5812,17.5,0.0703,0.011,0.16988211997962047,-0.23765624498919563,1.3086158067619595,0.7337632897559094,0.7787517433658417,0.8357051144303147,0.5154258078854271,0.7283749052116912,0.605786666264703,0.5209215412147596,0.8596289849850824,0.8413408185042212,0.862480531662596,0.627311350721811,0.5284160327247144,0.4217313728169187,0.7671373067147385,0.8266875340201899,0.0,0.0,0.0,0.0,0.0,0.0,0.0,0.0,Magnus Carlsen,3309.0
18.569795761912467,168.79972639593248,-53.6805069109677,-15.198414090458778,-10.65968620851017,4.0,-2.589943140420998,-33.2234659684552,-10.469419758611439,14.460422255488885,0.2431,0.44720000000000004,20.9,0.0426,0.01,0.1583293805699244,-0.17754847541494462,1.469965853109614,0.6292956051898463,0.983969465648855,0.7226905661298049,0.4740903111734335,0.582351919235328,0.5841084120472175,0.40230314732514766,0.8968647711522065,0.9376140449377545,0.8647668227596382,0.5159339434350707,0.5475054615046198,0.5390477884354626,0.8053202024553139,0.6436888196642881,0.0,0.0,0.0,0.0,0.0,0.0,0.0,0.0,Magnus Carlsen,3309.0
20.491061668330474,171.10902902348326,-55.42282773425019,-15.370189596961305,-11.169673079719018,4.0,-3.482728121301581,-32.50305371982169,-10.45254338928068,13.555360172834085,0.2358,0.5398,20.6,0.0764,0.0060999999999999995,0.09656403794261789,-0.09726274077317718,1.885014354293768,0.5473783141464927,0.9740740740740741,0.7323282830136593,0.5103351649076634,0.6381756079295264,0.6455520140623567,0.47846798031591237,0.9437427226557661,0.7174372305759702,0.9884615384615385,0.7378981762348801,0.508478307690533,0.432743510763251,0.5762974983396258,0.7193704323052149,0.00465116279069767,0.0,0.0,0.0,0.0,0.0,0.0,0.0,Magnus Carlsen,3309.0
19.65509681984682,185.48094801032298,-55.26523853303962,-14.276985098235098,-12.386160361211447,4.0,-2.8933263611388615,-31.561935460372958,-9.709092844655345,11.562261592574092,0.21070000000000003,0.5107,17.4,0.0814,0.0125,0.0019204753579753681,-0.40172344322344317,2.4231950965700966,0.7193065045417069,0.9404040404040405,0.8700666365897674,0.47919403696119967,0.6360664621413163,0.5625312494583368,0.6391948692221924,0.9628407026044823,0.8912762283950988,0.9848484848484848,0.7247296383286065,0.6971262000059855,0.592744485655462,0.7101611215143856,0.8505886949774843,0.0,0.0,0.0,0.0,0.0,0.0,0.0,0.0,Magnus Carlsen,3309.0
20.46042306486885,184.30115937232077,-56.27335306448266,-14.332290996038765,-11.144405035405292,4.0,-6.042372033251647,-31.334323637084697,-10.330718227604853,12.910756864902595,0.23579999999999995,0.5013,17.1,0.046400000000000004,0.0014,0.10850133858258781,-0.42512830223970033,2.045954952780723,0.7643599651050718,0.9808823529411764,0.8427804109142905,0.5986374888988325,0.6145618561114377,0.6349675957373184,0.5551891187902906,0.9938356164383562,0.8318461931631725,0.8141405358351168,0.7163796919648533,0.8038150042625747,0.4999909605338564,0.7620474962803344,0.7378001348842098,0.00266666666666666,0.0,0.0,0.0,0.0,0.0,0.0,0.0,Magnus Carlsen,3309.0
20.542410650238192,177.189143381568,-59.921109185484546,-16.85866264013565,-11.953246611684731,4.0,-5.3645813739949135,-33.42712949086582,-10.291905913536185,13.974416844732762,0.22640000000000002,0.48019999999999996,17.8,0.0741,0.015,0.05346902266967265,-0.6629165718877448,1.2476950205744364,0.6050626541103384,0.8524956701804381,0.8871506711567783,0.5557055415036676,0.6173696597493363,0.5323433403882128,0.6854495938778269,0.7468310972811432,0.9551724137931036,0.846874666839289,0.5449965151614277,0.5580179216833132,0.7724406964501891,0.9321751380163716,0.7885266878652252,0.015800113204495828,0.0,0.0,0.0,0.0,0.0,0.0,0.0,Magnus Carlsen,3309.0
18.28239255996514,173.68405788982403,-53.49783569433295,-14.447602411554024,-10.47836812925248,4.0,-4.8495115905599775,-32.129677161995716,-10.297427895762572,14.704751494791818,0.2177,0.4777000000000001,18.5,0.0664,0.007899999999999999,0.21046132927987765,-0.4635314951443984,1.9411039535031471,0.7128933630112543,0.916831711977343,0.688311557884755,0.6439938609481967,0.5574822770354178,0.5219980057674268,0.5543089547828938,0.9242999962823436,0.9632327873712295,0.7997503019461346,0.7201774647467507,0.7353531663147799,0.5318686658604846,0.7138610929170601,0.7949779044803709,0.01956931010884911,0.031818181818181815,0.0,0.0,0.0,0.0,0.0,0.0,Magnus Carlsen,3309.0
22.11302013300257,168.65309240828563,-48.04868749244373,-14.706230962202861,-10.684630991004335,4.0,-6.492893874275609,-24.388130075103142,-10.385989530895854,14.609187941038059,0.19549999999999998,0.5253,19.5,0.056100000000000004,0.0049,0.14819185325040124,-0.39781900639043494,1.6294963948359733,0.5730707640711147,0.9212736443883985,0.8052453602789363,0.7985364759467786,0.5798984679967113,0.6227602701730814,0.69581880745211,0.8344583946969237,0.9159776422071504,0.8775392684758755,0.7033074089512958,0.5487044449321334,0.6481768633714003,0.9065520065520065,0.9172463372463373,0.0,0.0,0.0,0.0,0.0,0.0,0.0,0.0,Magnus Carlsen,3309.0
17.10542894111159,151.29915341379316,-57.2701972293107,-16.76323145383979,-10.548673183046956,3.9945205479452057,-4.972969667774025,-32.23586563669078,-11.592480764275717,14.848502928371374,0.21680000000000002,0.45599999999999996,24.7,0.0944,0.013300000000000001,0.13467692709144474,-0.35324731366418105,1.265297572553306,0.5288659895025386,0.9768885202847468,0.7364797563913014,0.38950060686088184,0.5841551913518874,0.47868171709822177,0.37520142361371367,0.89747176347891,0.7076217527743301,0.8007954515740441,0.5131501889137339,0.4714842500477313,0.5380417332081057,0.6209126022292997,0.6631397349541337,0.00212982893395263,0.00206185567010309,0.0,0.0,0.0,0.0,0.0,0.0,Magnus Carlsen,3309.0
19.68480725943588,187.12027023897582,-64.82430871402937,-15.611123659556256,-12.6872840573336,4.0,-8.308713908644869,-35.858233833000156,-9.967781558712698,13.608828303218194,0.22070000000000004,0.5259,19.5,0.0541,0.0068000000000000005,-0.009229168337861882,-0.23653664583212267,2.154440042343679,0.7560925617153416,0.8330824842748337,0.8534378394780078,0.6227474704752509,0.4819373131073097,0.5666934593001944,0.48465650081224176,0.9048172514619882,0.9149078673791816,0.9025112323491655,0.577550778914963,0.5799517138913891,0.6417499276603279,0.7534787506588598,0.8114086785078628,0.0,0.0,0.0,0.0,0.0,0.0,0.0,0.0,Magnus Carlsen,3309.0
19.509906230423475,170.3911061033475,-59.33176578963524,-14.80154200843856,-11.803585419558317,4.0,-7.875122195811852,-31.10115934512486,-10.624341424858667,12.873984604157016,0.24749999999999997,0.5242,17.6,0.060899999999999996,0.0093,-0.022311385932075586,-0.2728125514332411,1.4962065584479378,0.6553453914125156,0.8966755083996464,0.7312229715008421,0.643741695600584,0.6258905171568379,0.5525995919417412,0.6020128029108611,0.8322951242485892,0.7000902557807478,0.6176888430110726,0.5938072795287391,0.806297195253506,0.4890903039229119,0.7262886703186335,0.8861592574557088,0.0,0.0,0.0,0.0,0.0,0.0,0.0,0.0,Magnus Carlsen,3309.0
20.585244622134866,177.19571137985773,-60.82408293999383,-15.581285133114402,-12.317347077617734,4.0,-4.555515707192537,-34.14937467681371,-9.787915641269299,11.567355296013833,0.23220000000000002,0.4593,16.9,0.029100000000000004,0.0024000000000000002,0.08167839387351582,-0.3744186933211323,1.9695722807003293,0.6310964579386406,0.8642883663577126,0.7819993184151438,0.5940765517753134,0.644690170656127,0.6493704917047487,0.49401594997285586,0.9545128402284,0.8938747740838506,0.8502451235953412,0.8085348961827938,0.6280379398395318,0.52939106985594,0.828699227748535,0.7437368175717298,0.0020833333333333303,0.0,0.0,0.0,0.0,0.0,0.0,0.0,Magnus Carlsen,3309.0
20.719562553696875,189.2638769081181,-51.07391831536688,-13.425583849574958,-10.695891265182691,4.0,-5.987607472042321,-27.36902023321526,-10.064669370045142,12.468853874693476,0.21760000000000002,0.4295999999999999,18.4,0.054900000000000004,0.015,0.2987727249380806,-0.2505325200904886,2.0534972065952743,0.7304347674872176,1.0,0.8917857836878683,0.6581332385734985,0.6006859427869677,0.648886144787624,0.6236589664903651,0.9067333935692922,0.952483630616392,0.9736842105263157,0.6701207866616474,0.49680199048672885,0.5750331478739334,0.8320134536661353,0.8111057754921042,0.0,0.0,0.0,0.0,0.0,0.0,0.0,0.0,Marcus Harvey,2830.0
18.153344940098386,153.51064839543557,-66.45781284922884,-16.185181401703602,-13.035100327437855,3.998936170212766,-5.677958539873417,-39.325161686989134,-10.93594239582373,14.702595332386128,0.2041,0.4175,29.2,0.0598,0.0021000000000000003,0.12226528294292453,-0.12185853922034044,1.7404669562139141,0.4644986596194121,0.8840429185320497,0.6818001528221951,0.46305190214158864,0.6014726096183749,0.5066193337300682,0.44203765438737824,0.81019653837195,0.7818393324558974,0.7927930635889504,0.6712639934917474,0.17788029491757537,0.5277997102456274,0.6917208864631641,0.7425992104629151,0.00049261083743842,0.0,0.0,0.0,0.0,0.0,0.0,0.0,Marcus Harvey,2830.0
18.910116942201064,184.45694437221817,-64.19145700117309,-16.00051506888958,-10.000450229761109,3.9901973904315824,-10.411187151764931,-32.324459266725235,-11.465602116220076,12.020559441756253,0.2191,0.38029999999999997,23.0,0.08020000000000002,0.010899999999999998,0.17121954320696336,-0.2508642303072229,1.753225188028561,0.7532485661764594,0.8634240655091364,0.7990907233092599,0.6915047739051625,0.5662432786299376,0.4427101341571535,0.49188345093230385,0.8506468531520739,0.7336459391787453,0.7829433369864637,0.46895112433000224,0.578273188106055,0.5963110147142741,0.914814406372848,0.7058471788816076,0.0,0.0,0.0,0.0,0.0,0.0,0.0,0.0,Marcus Harvey,2830.0
18.252905264718088,147.56555211246626,-62.860371058120926,-15.397010131848011,-11.966234388170886,4.0,-7.507606750900782,-35.13366318801562,-10.809743197112393,13.95388659792676,0.2137,0.35459999999999997,24.6,0.0654,0.013800000000000002,0.15620279131332926,-0.1465531164978475,1.6502721130503004,0.47738921568298187,0.849602196389976,0.7115738043065337,0.6152402361335116,0.5480645284540437,0.49625001073203867,0.45102449794961536,0.9076724112558278,0.8744805927771016,0.7918394466144368,0.5623529843903857,0.2806171488862536,0.6359840745251317,0.7434761657744375,0.8480401550317449,0.00454545454545454,0.0,0.0,0.0,0.0,0.0,0.0,0.0,Marcus Harvey,2830.0
19.861897270610626,195.27340717651114,-61.84709777160511,-12.539169765012332,-12.119932145723938,3.9888888888888885,-7.5204886583280395,-34.288774800486244,-9.10847110053318,9.740849809589735,0.2254,0.4673000000000001,14.0,0.05720000000000001,0.0086,0.22358511192538874,-0.4044930297389314,2.077196122177743,0.823792757163114,0.8429170410302487,0.87699429854795,0.6924230702509391,0.6589644752958216,0.5100165518142535,0.8461719816861397,0.9414600550964188,0.85918242775161,0.9593260473588343,0.7305716253443526,0.514099972554968,0.7100134713771077,0.8745485627875096,0.9442307692307693,0.0,0.0,0.0,0.0,0.0,0.0,0.0,0.0,Marcus Harvey,2830.0
19.60962045777066,187.82143716125154,-55.42745622232668,-13.00021912087496,-11.704778470239384,4.0,-5.387825668247911,-31.729339182842686,-9.429834594062536,11.824540813940803,0.21189999999999998,0.39469999999999994,17.4,0.046599999999999996,0.0052,0.12793957058619837,-0.5449113493736484,1.8103478557241899,0.7780976418931247,0.8544815114673454,0.7949482221153549,0.6196100270428294,0.6913810399332075,0.4780613546673627,0.5100928455134792,0.9362219315456726,0.929920286290022,0.9132302109911035,0.7612117469582425,0.6069503569799375,0.42747585789515713,0.7814870253400255,0.8546788935892484,0.00206185567010309,0.0,0.0,0.0,0.0,0.0,0.0,0.0,Marcus Harvey,2830.0
19.160718046536118,161.2513795619838,-52.98844119104818,-16.0655919759146,-8.827750349135904,3.9840000000000004,-6.119495220745551,-27.35021729596489,-11.265960241574163,12.65657389228691,0.2271,0.4072,20.8,0.055200000000000006,0.0055,0.3782747087210294,-0.19322811317509458,1.6596103607146753,0.5642795903583314,0.933,0.7796927080290905,0.6525573660893846,0.5238779262405029,0.4776538303494505,0.7149241424850763,0.9003476375598087,0.8597654320987654,0.9196890286512927,0.5246948757132928,0.42085633220580315,0.7525747658792887,0.64208647775591,0.8900593458867252,0.0,0.0,0.0,0.0,0.0,0.0,0.0,0.0,Marcus Harvey,2830.0
19.055015635294772,193.62170965334482,-49.832450404876695,-14.743069002868669,-10.438542604115295,4.0,-4.594014853832261,-26.128594568897718,-9.833421239564176,11.905191864401424,0.25579999999999997,0.4034,18.1,0.0732,0.0139,0.17334899382685315,-0.3360426625906272,1.9955649305809522,0.742798977201885,0.8658473368466408,0.8455278552250942,0.6155198530286711,0.6208457767145118,0.4004171940475141,0.6111267791387254,0.988495575221239,0.90920717662747,0.855750312853424,0.7396201299225676,0.5328054809590685,0.4355352758622913,0.793703237609083,0.9161745046092198,0.02209358710146684,0.02054794520547945,0.0,0.0,0.0,0.0,0.0,0.0,Marcus Harvey,2830.0
18.14124041102302,163.88910921976142,-57.53810623308235,-15.55761435326653,-11.43234089992572,3.9958333333333336,-7.86141214836867,-29.39053029433464,-10.842593316723752,13.550551446203619,0.22610000000000002,0.34859999999999997,24.4,0.0663,0.023899999999999998,0.1965503894851721,-0.19572162941728155,1.690937013110926,0.5779055285221005,0.7098534508737235,0.8574116587363289,0.5734093980424674,0.6605026746946369,0.48614210797780155,0.5979555985912652,0.6776006945901367,0.6576981945920193,0.7212042798623177,0.6467572021423489,0.547532902164713,0.7227525772717889,0.713566828210489,0.8108582031426923,0.0091324200913242,0.0,0.0,0.0,0.0,0.0,0.0,0.0,Marcus Harvey,2830.0
20.70422696068816,195.91708224016935,-50.84863043232808,-13.383923906316483,-12.290578361533374,4.0,-4.526416097017707,-24.89613899566553,-10.149194478178526,10.397621406383532,0.21989999999999998,0.4436,16.2,0.029400000000000003,0.0034000000000000002,0.059416228746587155,-0.40430684542605,1.8650518646460772,0.761978281138418,0.9359577903356016,0.9124234611666129,0.7119620868070486,0.5271823309001801,0.6671500333529413,0.605420231967521,0.9333333333333333,0.9088461538461537,0.8988221854239787,0.7481742647727179,0.42962444191276034,0.7876784857047368,0.8121693654436521,0.8878128917868306,0.0,0.0,0.0,0.0,0.0,0.0,0.0,0.0,Marcus Harvey,2830.0
18.127673828652085,159.18197802945883,-74.42792770123873,-15.62543698247023,-13.805065989515114,4.0,-7.171095719273467,-44.96527700140232,-10.636237803808134,13.775185795230552,0.22069999999999998,0.4871,20.5,0.0643,0.004399999999999999,0.24974424734654913,-0.19643006893646278,1.5376332459772357,0.5385841443062183,0.8201070459128348,0.8129082912751878,0.6452409311854886,0.6133016855257404,0.49057604058721543,0.5746489791896732,0.8176599426318691,0.7124741798874197,0.7729722769700057,0.6631690810867694,0.5048866240374106,0.4983846959796792,0.8249490553082154,0.813013097081889,0.00357142857142857,0.0,0.0,0.0,0.0,0.0,0.0,0.0,Marcus Harvey,2830.0
18.322948112029007,179.38029073350168,-57.988564257636995,-14.81721163692724,-12.841187743730194,4.0,-5.269486672021681,-31.449138189661532,-10.265486203739712,12.653946188443362,0.2116,0.3705,18.7,0.0708,0.006,0.32479776796019866,-0.33209521289595456,1.9745374189516138,0.7300440359417515,0.8280504488501947,0.7580338450731775,0.6725077471299066,0.6420543889051143,0.5364686999473534,0.5526722478638971,0.7635279198557376,0.9107549504950494,0.8401565417194654,0.7303024168013762,0.7094705214738968,0.5630078237257121,0.6282826170149401,0.8582897512633076,0.014621212121212122,0.0,0.0,0.0,0.0,0.0,0.0,0.0,Marcus Harvey,2830.0
16.513954002517142,132.89023887374728,-61.31753108305229,-16.32004387887312,-11.834061056978689,3.985751633986928,-5.90670017807482,-33.93545029129179,-11.675875367651532,14.368848055830725,0.1885,0.3052,23.7,0.06140000000000001,0.0043,0.336330400699823,-0.06793162474918095,1.1810762561978878,0.3443844791888192,0.8308227343148442,0.5407739834229719,0.4062595764596745,0.6091523313723594,0.5997000528618994,0.3531400934273222,0.9341090485158281,0.782337576368609,0.6840861736062147,0.4261733124481131,0.27361777325569675,0.3442126460522852,0.7614978542487016,0.7619522440013211,0.009438891697846081,0.0,0.0,0.0,0.0,0.0,0.0,0.0,Marcus Harvey,2830.0
19.308790776880493,186.22441145883434,-59.83384120225047,-14.7015863574516,-12.238052155502398,4.0,-4.574374720696307,-34.5774004945685,-10.089952208516692,12.347524734485026,0.2141,0.4034,18.3,0.0828,0.0036999999999999997,0.05774554493260747,-0.40167508129479695,2.189998248747977,0.7426435083818106,0.92425142196086,0.8472211466685877,0.7226897308796703,0.5698007988766972,0.3941035312624449,0.604757920400002,0.8956507798755506,0.8714277826322337,0.861140345490534,0.6826725747464686,0.652607683843767,0.5191112635849093,0.8582013841189449,0.8995944198078345,0.0327158273381295,0.0,0.0,0.0,0.0,0.0,0.0,0.0,Marcus Harvey,2830.0
17.936072049550148,160.2653670076824,-59.992928393219515,-15.504693254106352,-11.598662024852775,4.0,-2.385102550320755,-37.17523287216609,-9.97061341387725,12.641375722103705,0.1962,0.3966,23.5,0.049999999999999996,0.0,0.0633046035717251,-0.067099662665741,1.8422913926091329,0.5777689388025049,0.9028670659531489,0.7048955416298723,0.6243292369369121,0.4980139614258349,0.4136559292149086,0.4356017472987014,0.946677023319641,0.885713124373391,0.8936381274905478,0.5239499943179494,0.3648688546655702,0.8051987126027893,0.7218478421889255,0.8393548308337877,0.00049261083743842,0.0,0.0,0.0,0.0,0.0,0.0,0.0,Marcus Harvey,2830.0
19.324057127934893,176.92830665387515,-56.88013927255012,-15.008706954984822,-11.63980240596332,3.9949367088607595,-3.7761562352459435,-32.28340714025645,-10.2510561175206,12.084052872560255,0.20049999999999998,0.36619999999999997,17.1,0.0653,0.0062,0.03378236341585702,-0.43036284144461084,1.4740602039203092,0.6744460675115047,0.8850257932301606,0.8100256761078279,0.6687650402353494,0.7322298484151222,0.4233767594409472,0.4434609140625545,0.8948856066364353,0.8224100744916963,0.7638214597785391,0.5684158231408196,0.4102024727098687,0.5504886770943618,0.9183533447684391,0.8604502224267525,0.0073170731707317,0.0,0.0,0.0,0.0,0.0,0.0,0.0,Marcus Harvey,2830.0
18.05295244332823,171.9156381791915,-73.03722788664398,-16.179467924660813,-13.838747643142757,4.0,-6.360634287306359,-44.24386437109505,-11.154792162630791,14.74027850219179,0.20470000000000002,0.3,28.2,0.10740000000000001,0.0111,0.367345102085889,-0.7364431371357696,1.3309883993177636,0.6095529069391693,0.7239415102951916,0.6571241809159525,0.6153067900965611,0.5939615414113137,0.3316436890327822,0.5239269002980848,0.7786092431678959,0.701095365969236,0.8152263362210677,0.7513147858335014,0.2657787016586769,0.575744620923484,0.7192773185028594,0.8063097266372926,0.03705596410320329,0.0,0.0,0.0,0.0,0.0,0.0,0.0,Marcus Harvey,2830.0
19.849917970614726,185.1890571066388,-49.953877055422225,-15.075433342592678,-10.231592936670335,3.998529411764706,-3.552839068543456,-26.419281689101762,-10.297812221489064,11.624552791210359,0.209,0.387,19.6,0.051500000000000004,0.0041,0.12605605400783312,-0.33870556561966286,1.7077103748033917,0.6786569318250024,0.8788190476190476,0.8224795530406201,0.5324436524347671,0.6551990951652821,0.4693961903794399,0.7090851094111368,0.9240363636363635,0.9472602739726028,0.8274516858078502,0.7094012128948656,0.48090144220382147,0.5560565340291367,0.7247014759120022,0.9297979797979797,0.011618929016189281,0.02054794520547945,0.0,0.0,0.0,0.0,0.0,0.0,Marcus Harvey,2830.0
19.189846840141563,185.33718541094103,-70.34660338763436,-14.036366965443946,-13.36663988426746,4.0,-4.710705475009467,-43.43178386792007,-9.965833699578088,11.164726504584673,0.23270000000000005,0.3632,18.7,0.0981,0.0127,0.271854063813934,-0.3722809729746639,1.776668512035198,0.6900356131660437,0.9225098681138262,0.8300748219904479,0.6954528718408624,0.6392588675963993,0.3565921135689514,0.6496718846089805,0.8429498392913027,0.8618654659046336,0.882495099075352,0.7211383091802499,0.3904661452162362,0.5309334397257854,0.8834433908926517,0.8417432846717958,0.01241830065359477,0.00784313725490196,0.0,0.0,0.0,0.0,0.0,0.0,Marcus Harvey,2830.0
18.65231752839518,168.35925527936644,-67.02396776508057,-15.701508217854297,-14.050136558041046,4.0,-2.839883498546289,-40.09602539391562,-10.201673430607999,11.865259333884678,0.21479999999999996,0.3941,17.7,0.07550000000000001,0.0129,0.08942778143743851,-0.26002926356651224,1.528172218214197,0.6470180819940706,0.8835245173557619,0.8012428003976646,0.6118605437248419,0.5438196460268309,0.541308213840684,0.6845539995884823,0.806892994523596,0.800592456142363,0.779283706498106,0.364105306844832,0.687356045468861,0.6423418269674779,0.8174004922426097,0.8041377305232057,0.0331324200913242,0.0,0.0,0.0,0.0,0.0,0.0,0.0,Marcus Harvey,2830.0
18.84706544290701,172.51633820092292,-60.418824761324736,-14.933021053286614,-11.67835720387954,3.980103650121829,-5.935702980514057,-33.95735060137601,-10.411880368620697,12.51738379623035,0.2162270833333333,0.4085354166666667,19.985416666666666,0.0679020833333333,0.0087625,0.1469014083351131,-0.3139232683160796,1.6848932365022848,0.6554006591563942,0.8686233049553722,0.7751692244705741,0.6136440670547092,0.6026327380351972,0.4918603342108001,0.5685739523512883,0.875771899912817,0.8399583576472275,0.8354823818628184,0.653917499498958,0.4786185891001125,0.5667149068467637,0.785208526706244,0.8295290467275606,0.0613476342550473,0.0665884205850611,0.0145546590729314,0.0,,,,,Marcus Harvey,2830.0
18.871984418419046,171.85846902851782,-57.97712234563975,-16.044186695207834,-11.332384461558158,3.995645145989491,-5.356678318577814,-31.186562728452625,-10.658268893142674,12.605313605309863,0.2184481546572935,0.3648260105448155,19.528998242530754,0.0665817223198594,0.0086854130052724,0.0843944312459505,-0.3057375777227809,1.425325961583411,0.6336265337824059,0.878743897556609,0.7964661076064021,0.6364695747628054,0.5733641649305379,0.5028022967017197,0.5321918275580824,0.8844985730087774,0.8623400762131659,0.8352096954267529,0.6256043182048046,0.45835217137534,0.5196842157457249,0.7697298287454075,0.8124515740316233,0.0567717480268544,0.0572610828486484,0.0242718446601941,,,,,,Markus Ragger,2888.0
17.221487054893984,158.3066061221793,-54.57243418672526,-14.878331736434621,-11.601366303976956,4.0,-3.9075032901620026,-29.91600569416322,-10.98927034511892,12.720043183130457,0.1846,0.3028,22.9,0.0691,0.0025,0.12226757650560802,-0.39801524369618335,0.6755793674393139,0.6511539971933391,0.895311268715524,0.7861487303274414,0.6288055820845762,0.5469099844325406,0.6177696097253773,0.451225588774088,0.7564166159445038,0.7345676122249529,0.8009605640749708,0.5910122949715594,0.3374178575464658,0.6993852433083594,0.7809426860506559,0.7302378361264282,0.0,0.0,0.0,0.0,0.0,0.0,0.0,0.0,Markus Ragger,2888.0
20.526476244005316,182.73650490798747,-63.29289400672057,-14.816352763445789,-11.800453995792193,3.9971428571428573,-7.284172503067852,-35.71638566275194,-10.122506060878154,12.449834122072494,0.2238,0.4847,15.2,0.056400000000000006,0.0102,-0.001315011024313345,-0.34285451820335544,1.4058639120848424,0.7245593184953517,0.8956075808249722,0.900105074851709,0.5517716643685706,0.6412202927535069,0.5459059833201818,0.6819270820674703,0.9893333333333333,0.8628991083828254,0.789991104289794,0.6446990189601001,0.5971677528666177,0.6051399421080772,0.7819510001284721,0.8723313806800583,0.0,0.0,0.0,0.0,0.0,0.0,0.0,0.0,Markus Ragger,2888.0
16.691418087549277,138.08237432445168,-58.15426204181951,-16.432685380390563,-10.899328631406457,3.9971428571428573,-7.054217078031746,-30.944607543269832,-11.082625518392614,14.262059252528866,0.202,0.3518,19.5,0.0663,0.0102,0.059564250739518966,-0.34410405972524444,1.3037230491724168,0.4355311813680001,0.7535255122172948,0.6975527413004581,0.517393259477149,0.653549515963105,0.3603280718324811,0.36258450138005704,0.8570349892238511,0.8094226169395584,0.7574334156168827,0.5076594966923001,0.484520517453446,0.5144911559405948,0.8422484310002785,0.848075642031981,0.035037558685446,0.0,0.0,0.0,0.0,0.0,0.0,0.0,Markus Ragger,2888.0
20.403908589777487,178.14025498709262,-37.49294767350284,-14.392596551479565,-9.622599259447487,4.0,-2.884072530676477,-16.86661609359427,-9.251708014512523,11.524644776207488,0.2186,0.41620000000000007,14.2,0.056799999999999996,0.0158,0.11334063972226656,-0.3728877140798292,1.712413481226827,0.620276849643451,0.9384187620889748,0.9569444444444445,0.8046672199114809,0.6903796897546897,0.7687426900584795,0.5672652595895877,0.9272001934235977,0.9697916666666666,0.8633390899880261,0.7219748368399583,0.6049809333536937,0.3674262354480519,0.9457915057915057,0.9329464285714286,0.0,0.0,0.0,0.0,0.0,0.0,0.0,0.0,Markus Ragger,2888.0
15.872879314141477,134.2427379446088,-56.35030617391463,-16.31476478623922,-10.221424002795798,3.9983050847457626,-6.213600031116019,-30.811366249905923,-11.465032009246782,14.677575820643344,0.21900000000000003,0.3149,19.4,0.0765,0.0127,0.19883555869978678,-0.2269751124253196,1.005156304377775,0.43866815103679135,0.9583392536959978,0.7070592591655733,0.6214182364323502,0.47830064346055795,0.3614030808260753,0.6195502222640379,0.8457943773767542,0.8243696979237726,0.7041928214875132,0.6067388622480674,0.27892340726094933,0.26441513295719815,0.6863158121653786,0.78057326143294,0.00169491525423728,0.0,0.0,0.0,0.0,0.0,0.0,0.0,Markus Ragger,2888.0
23.045948830409355,198.0170552232855,-50.544092009436014,-16.67720361509835,-10.807003359781579,3.991111111111111,-2.0518560606060605,-28.213353934077624,-10.062216905901119,13.276430754917595,0.20539999999999997,0.6136,20.4,0.048,0.004,-0.0009404572036150555,-0.05979744816586922,1.7096623471557681,0.7477664828158853,0.8842016188373805,0.8205109164994223,0.6676257954871393,0.582096175393191,0.52808520591016,0.6987432676202923,0.9267762046129253,0.9430647650286836,0.8173683882733052,0.7827230314466646,0.5798414670645132,0.5511817339830584,0.7643805679735737,0.8585623303138717,0.0,0.0,0.0,0.0,0.0,0.0,0.0,0.0,Markus Ragger,2888.0
17.736095496134986,167.18790508195025,-61.231757002268,-16.00929153926176,-11.928570367748732,4.0,-7.019077435383892,-32.331069457189706,-10.387347527639117,12.443599324955196,0.2144,0.30989999999999995,19.3,0.1131,0.0152,0.23206159532834922,-0.4042876413233481,1.2033671031123743,0.6051131403062759,0.887760263563506,0.8707025798628851,0.7618048403986533,0.5849988270591956,0.4325669999856956,0.5524993596150012,0.8468545188509398,0.7200689586697724,0.5719012126641534,0.7136704081700205,0.37177156707213743,0.5848670635870112,0.8523117099854745,0.9266059894304168,0.0027475468331846402,0.0,0.0,0.0,0.0,0.0,0.0,0.0,Markus Ragger,2888.0
19.552799181116264,174.11074215627667,-65.8280716677867,-15.283036015817029,-11.746405759955609,3.9925925925925925,-6.591906217861016,-38.20277421541637,-10.569189014125158,12.572646962795872,0.2243,0.3553,21.8,0.0573,0.0060999999999999995,0.29735474204730494,-0.132427350681164,1.3349019814645982,0.6608468710130921,0.6921742104135739,0.7736741145842078,0.6711380797439112,0.44727544730397034,0.4060463198095869,0.5864910610554652,0.7532873386386277,0.881314302997134,0.7914699663857596,0.5643415756092164,0.3737546789276866,0.4833645979126816,0.8051562229742579,0.79653031063643,0.0,0.0,0.0,0.0,0.0,0.0,0.0,0.0,Markus Ragger,2888.0
20.2342167843416,186.35597847822842,-45.389781296844696,-16.924923358555162,-9.966211440920556,4.0,-3.965586375221845,-20.882923537363798,-10.75899605788982,13.108859473106492,0.21670000000000003,0.475,16.2,0.086,0.0066,-0.0019821462734763346,-0.2147462331340826,1.4449976884600213,0.7353914956295908,0.95,0.7385139171306201,0.6158506221308389,0.6745723796778853,0.48939862147356683,0.5481071081252987,0.9651985111662531,0.9340795772500033,0.8098173077031514,0.8097841220142943,0.616631971017936,0.4758527831585475,0.7706112082597651,0.840362781803076,0.00051020408163265,0.013775510204081631,0.0,0.0,0.0,0.0,0.0,0.0,Markus Ragger,2888.0
17.353900102882246,151.73664585247934,-61.67078469444705,-16.434503452087547,-11.01021296659913,4.0,-7.644662829308355,-33.160464817192704,-11.583807857504045,14.162867228244744,0.2298,0.40499999999999997,20.0,0.0613,0.0040999999999999995,0.04553437429498576,-0.16056368667529192,1.2557772286920579,0.5085513143285214,0.9097778981581799,0.6837013001399054,0.6371535670104784,0.5016882924501208,0.509893213961082,0.3513107052919736,0.819866489080032,0.8977871957739397,0.8366742081447963,0.6030894223520509,0.43991412827728366,0.49397859453967746,0.7497417872366449,0.7629253242660758,0.01018099547511311,0.0007352941176470499,0.0,0.0,0.0,0.0,0.0,0.0,Markus Ragger,2888.0
16.446208560654124,152.7769537571297,-64.33323569456618,-17.518768174202297,-12.35116474123906,4.0,-6.271625901875728,-34.08187244536268,-11.464801221555096,13.354996789668698,0.20759999999999995,0.4283,19.1,0.05419999999999999,0.006900000000000001,0.17318719484005501,-0.12055045592977494,1.6842777732128476,0.5567192374548092,0.7936380240763803,0.7246323209850828,0.6405543059468838,0.5673553154135969,0.30987669805245854,0.3330338398521282,0.8118116318289342,0.8030624320774489,0.7190409341414385,0.6814871671152459,0.5655901972700846,0.42756985018940846,0.7998828729795762,0.8593716759431045,0.0010526315789473602,0.0,0.0,0.0,0.0,0.0,0.0,0.0,Markus Ragger,2888.0
21.915040885309818,210.7270994402173,-49.89732511968571,-16.0612687291841,-11.703758716410842,4.0,-3.7429006560971922,-24.13618865055721,-10.137656903487862,11.884448536051499,0.2511,0.39719999999999994,18.9,0.0852,0.0164,0.12454730633796371,-0.2659487915424772,1.7345360515612764,0.8114204090238244,1.0,0.8534536541889484,0.6010572102586982,0.6005415273996617,0.7180051719477966,0.42313582701573316,0.905299956210772,1.0,0.9608439231019876,0.6615300215780092,0.5563428569887674,0.5459742385404025,0.7546091081593926,0.8137706846179332,0.02573529411764705,0.0,0.0,0.0,0.0,0.0,0.0,0.0,Markus Ragger,2888.0
17.60976768007236,163.5346387396994,-55.59738213889966,-14.788991751581225,-11.978854573484673,3.9922825643119637,-4.609032730457481,-30.974716218162165,-10.380186641333419,13.142117211807346,0.21559999999999996,0.4135,16.7,0.0904,0.0079,-0.02489058337883713,-0.1398590754663101,1.647603693215761,0.564185077776379,0.959673724941181,0.7816807590493635,0.5853918795632141,0.5607238261796739,0.5371518453361726,0.5572267024178321,0.8918814757356646,0.8901142008429506,0.9223632273824618,0.640257451701342,0.40078982903517846,0.4620792705225984,0.604709565452284,0.6624436442359782,0.00095238095238095,0.0,0.0,0.0,0.0,0.0,0.0,0.0,Markus Ragger,2888.0
18.12742460227553,148.36325670840506,-53.66360754326488,-17.408818273099307,-11.323895841727737,3.9945454545454546,-5.083918184715419,-26.648647217059118,-10.832394648671315,13.639521167462556,0.21259999999999998,0.4197,18.0,0.052500000000000005,0.0029000000000000002,0.07054992883587713,-0.20027311991491095,1.5655791906188703,0.535492614754838,0.8890175042348953,0.7172947092208544,0.504495843621734,0.7093344328446778,0.5851827488705877,0.3622241501263464,0.8643438650901336,0.8345696053342231,0.7231831827592697,0.7113240748786297,0.45368382024161225,0.533980320158138,0.705971866645996,0.8110570842887521,0.0,0.0,0.0,0.0,0.0,0.0,0.0,0.0,Markus Ragger,2888.0
17.400659923848437,175.51523173045496,-63.061757315163575,-17.50609737791541,-11.230269335451597,4.0,-5.513557690301008,-33.90373927628782,-11.510376870332365,12.602283235124641,0.2193,0.32039999999999996,17.3,0.0854,0.023299999999999998,0.0759071651268897,-0.3501587841838131,1.9083047587307747,0.7443176592081493,0.8420960977475215,0.6325254687645038,0.5715687458061016,0.5426883498840867,0.3640165211860256,0.5663962672722136,0.9356904415653092,0.9195614501113136,0.9346755198180636,0.6782854706988763,0.4405255143447017,0.39898890723906144,0.8236483319547837,0.798037131128529,0.0125,0.0,0.0,0.0,0.0,0.0,0.0,0.0,Markus Ragger,2888.0
16.917164506830126,149.62383778626494,-45.85055748589388,-16.93955934828619,-9.914442546537517,3.991520244461421,-2.534867921182884,-23.080268663507894,-11.428926779280426,14.055987528439605,0.21869999999999998,0.37810000000000005,21.4,0.0671,0.013300000000000001,0.2499787510507437,-0.26276985240201867,1.54130765797577,0.519981788433299,0.9904411764705883,0.6564218197657397,0.6969582714608104,0.3399915164630093,0.44550909946711104,0.42184647082466614,0.9069257233094579,0.890397783871769,0.8087826883792768,0.6815906895202699,0.32293688188233616,0.32499720626147865,0.584475152127313,0.7976845073474499,0.00348837209302325,0.0,0.0,0.0,0.0,0.0,0.0,0.0,Markus Ragger,2888.0
18.877623685597037,175.2324899532964,-56.74983465377992,-16.611614711193955,-10.796521393615322,4.0,-3.728575830434175,-31.53101011956202,-10.46190695271691,12.379794353742458,0.2072,0.4574,19.6,0.08120000000000001,0.0058,0.18485601017859082,-0.053225806451612886,1.846361435432263,0.6516783134813859,0.9420454545454545,0.8272650911252363,0.5340504428156545,0.6068208640278772,0.4902268928351051,0.6260016856587505,0.8678822657057246,0.8620407379433306,0.9328225937574466,0.7284230067615807,0.4129256793441485,0.4896588303623181,0.8247908408641393,0.7890678515413848,0.0,0.0,0.0,0.0,0.0,0.0,0.0,0.0,Markus Ragger,2888.0
18.218617403353882,150.54166471050775,-66.0916380961131,-17.16287612146983,-13.503912833345135,3.986666666666667,-5.05660841761371,-37.36624972229542,-10.573945166052633,13.585287497996955,0.20380000000000004,0.35760000000000003,20.7,0.0627,0.0071,0.11801823027709184,-0.5557189371567108,1.1722019687656424,0.47512387915835036,0.8858898527514569,0.6638464441438497,0.5727341640170374,0.46825566397323015,0.48061178292597917,0.5792176650328565,0.8605636841295071,0.8556889389328809,0.695048223857727,0.7623794465485543,0.4133810175795368,0.49134087203329385,0.7357240126267428,0.8879666817201064,0.00847457627118644,0.0,0.0,0.0,0.0,0.0,0.0,0.0,Markus Ragger,2888.0
18.759842635066196,174.806636556597,-54.5506789417067,-15.14116491125364,-10.445008327786867,4.0,-6.068487843959778,-28.045006069914486,-10.810376516732003,11.959364727940061,0.21800000000000003,0.2144,16.8,0.0662,0.0014,0.1412822514921386,-0.45091931258516976,1.0287927498588907,0.6220518070022085,0.97,0.8694222291794137,0.7930944495450829,0.48303057971352076,0.46359121087834243,0.6326940476775075,0.8504162367837379,0.826992274192113,0.8044362736425589,0.6856241864501332,0.16714459293438103,0.7369653610028519,0.7509171711531059,0.7851232508137761,0.024657534246575342,0.0,0.0,0.0,0.0,0.0,0.0,0.0,Markus Ragger,2888.0
17.46700800652992,158.32420492950905,-51.48101268039295,-17.37062594643546,-9.688420609629947,4.0,-2.61863101859037,-28.360459166233756,-11.154197194074236,13.71132125457083,0.2096,0.4485,25.8,0.0771,0.0045,0.07534980748221096,-0.1272947671273476,1.331823721484471,0.5608942491699304,0.7264557473132284,0.7158723920414717,0.5184611933199476,0.41136496570804504,0.5130454617165936,0.4782490736246845,0.8049280543754787,0.8004144437475308,0.8291745286472902,0.7093649740739814,0.32674868771163884,0.21015785585380078,0.6563312791999061,0.6739136582953633,0.0007352941176470499,0.0,0.0,0.0,0.0,0.0,0.0,0.0,Markus Ragger,2888.0
22.9584263521025,203.74408067727143,-53.65351318748715,-15.143081860271593,-11.185843157539512,4.0,-2.7152891645768475,-28.841299547686866,-10.819266697209487,11.051267239797161,0.2118,0.5178999999999999,17.1,0.08149999999999999,0.0435,0.06944520282322444,-0.2680188116556228,1.6012660609138964,0.8536189616834777,0.8409951159951159,0.7334188124226478,0.8274721154822204,0.7789679979518689,0.7218037861173562,0.5445867890924756,0.9333969275395422,0.8956376956376957,0.8654318116137005,0.905991967871486,0.36727224289178384,0.5581761983536178,0.838887003201647,0.8640651463232109,0.00054945054945054,0.0,0.0,0.0,0.0,0.0,0.0,0.0,Matthias Bluebaum,3095.0
15.878824302381755,137.1690331117311,-60.4377110900585,-16.751151482028064,-11.065922743641925,3.9972602739726026,-5.882064335370483,-34.51407055853519,-11.721533325098283,15.49977108064284,0.1859,0.3854,23.8,0.0787,0.0115,0.2086681074177988,-0.29823821586090293,1.369615532380322,0.4643337702136486,0.6702585184533395,0.5388248825678862,0.3874130704584998,0.5202048963704554,0.46659149272471334,0.43350886625784035,0.66392652222146,0.7501792549054745,0.8311691821480963,0.650442901933566,0.24467607300536476,0.39131798224489844,0.6049110235917772,0.7947991262725592,0.01900918932896186,0.0,0.0,0.0,0.0,0.0,0.0,0.0,Matthias Bluebaum,3095.0
20.153852787646578,183.90767488345938,-61.40961103625334,-14.426580341970592,-11.184671698548943,3.9958904109589044,-6.88715909375648,-35.01745056146246,-10.731603547963042,12.841963796489273,0.1837,0.4473,22.2,0.0786,0.0104,0.19490130414462764,-0.05486413969172588,1.3939300996384099,0.7448551074719593,0.9370811380400422,0.818532161022671,0.600311044637999,0.543045896294948,0.5905835685609023,0.6222669215271635,0.8420671676240445,0.9060984192420186,0.804271463897976,0.7078365558622297,0.3961264678077737,0.37256752571609214,0.729101914872954,0.804007318304709,0.0,0.0,0.0,0.0,0.0,0.0,0.0,0.0,Matthias Bluebaum,3095.0
20.299716948053607,189.05491577949948,-61.485971792029446,-15.696684613930486,-11.084251571988428,3.997826086956522,-3.2799813633556867,-35.638968984074914,-10.852724175835988,11.068812830199539,0.22020000000000003,0.48390000000000005,17.8,0.054200000000000005,0.0056,0.06378233651021785,-0.2781213232783688,1.7049009397987043,0.709985312064118,0.8854386751279814,0.8418211596110258,0.6205626737325108,0.6774071857218625,0.6598389289733557,0.41363008052615785,0.9615203761755486,0.9113738233975794,0.846758475076081,0.7212601218182005,0.35390725880940654,0.6312600334134373,0.8392382267806144,0.9282794317408071,0.00051546391752577,0.0,0.0,0.0,0.0,0.0,0.0,0.0,Matthias Bluebaum,3095.0
18.03409465178002,170.47484737221572,-58.666235764175305,-15.484272084748573,-11.728565190969544,4.0,-4.716593702785887,-32.16044921410143,-11.550945153171005,12.97458958160114,0.2142,0.4878,22.9,0.1192,0.015,0.05999514470471694,-0.05370755636705441,1.2516821857827831,0.6767895023749108,0.9328402974649739,0.6542283747848189,0.4868766524600233,0.5592564669598132,0.5473228800766653,0.5096660513045805,0.8531794730897213,0.7145020834037755,0.8398808420852351,0.5591614925333592,0.46445925991191384,0.30698304486642064,0.7329309838058028,0.7997653355525606,0.00077519379844961,0.0,0.0,0.0,0.0,0.0,0.0,0.0,Matthias Bluebaum,3095.0
19.283553945112025,189.43854061964163,-44.89366660431561,-13.723180710474002,-9.059939882304864,4.0,-3.9534557683649196,-23.905300465640565,-9.68017821179603,11.42838843426477,0.2408,0.4638,22.1,0.06709999999999999,0.013300000000000001,0.14980313927042704,-0.13932147440037562,1.1637694582528615,0.7407349415833253,0.8995993836671803,0.8484937791519552,0.450839838202887,0.6693523107169036,0.7126568009611587,0.4046288684848064,0.9590395480225988,0.9020751347490098,1.0,0.7403581148032053,0.47310607698627455,0.3546984103230596,0.6998491051278014,0.875396539293439,0.00084745762711864,0.0,0.0,0.0,0.0,0.0,0.0,0.0,Matthias Bluebaum,3095.0
18.380334513811444,170.99904794515354,-63.77639464638114,-15.481198037487223,-12.38732323607893,4.0,-5.2051689314603236,-38.685036060496266,-10.62740807749426,14.60973969663587,0.2152,0.5133,24.4,0.047,0.002,0.2119399453807907,-0.2624857917756682,1.3678531483854552,0.6045574565037497,0.9650000000000001,0.7961872402959359,0.5610055038453322,0.5912404317685256,0.4138110411809067,0.3347938085506578,0.8986896121245159,0.7756679340253173,0.7233451199058527,0.6201329099079853,0.6083498520042594,0.2799702900290896,0.6425509984088587,0.8316605198454514,0.0,0.0,0.0,0.0,0.0,0.0,0.0,0.0,Matthias Bluebaum,3095.0
18.016091243418778,169.6954059825461,-62.76407082208171,-15.140078043900198,-10.404420900802709,3.998360655737705,-7.794499097055069,-36.91903628219948,-11.6497874502091,15.145390296347125,0.22560000000000002,0.3476,21.4,0.078,0.0054,0.043174771599457,-0.10929479856104465,1.4457246052579313,0.6349892352153038,0.8870265483127284,0.6918349055600383,0.4964178756995038,0.5648515814302202,0.4734883234289735,0.29315238426776696,0.829647780114626,0.7968569600681696,0.8018202720000481,0.6296017904424637,0.2460298827662938,0.464573838672234,0.6868549186061881,0.8752693488138021,0.0074423328013927,0.0,0.0,0.0,0.0,0.0,0.0,0.0,Matthias Bluebaum,3095.0
19.5815826746829,159.04723535501256,-52.641987016517206,-16.518309757605042,-10.054375834112301,3.9727342549923192,-5.068995700983533,-26.13371266292331,-11.270460307319574,12.431132991434236,0.2294,0.46319999999999995,18.6,0.0937,0.012199999999999999,0.22108007175332234,-0.27337946894373216,1.269743328238416,0.56340347457036,0.814059949514397,0.7184783415424877,0.7046897243107768,0.6298115766817987,0.44038348553727796,0.5311475450071541,0.931836149513569,0.9000532082895412,0.7947472546913503,0.6053907629831785,0.45762944277955697,0.44461417576619444,0.6120363916194662,0.9082817643186306,0.0,0.0,0.0,0.0,0.0,0.0,0.0,0.0,Matthias Bluebaum,3095.0
20.459848341764747,206.6376027346737,-57.133015029909664,-13.285697683780878,-11.21052695645837,3.9981132075471697,-5.129664986433829,-32.353397431139086,-10.03276156192061,10.880920382275951,0.2112,0.5215,17.0,0.047599999999999996,0.006500000000000001,0.021024796426265036,-0.24127880838379245,1.4883519452906595,0.8942976939203355,0.8993569359055897,0.7347891232406581,0.5920849630658368,0.6004858516007976,0.6551659392343389,0.5232372203154676,0.8783222059382293,0.9463073723287014,0.9211111111111112,0.8901430030643513,0.5486100288169243,0.44385245119592803,0.7773911575473942,0.8931756930078553,0.0,0.0,0.0,0.0,0.0,0.0,0.0,0.0,Matthias Bluebaum,3095.0
21.472728724947963,205.3508679906876,-69.57957659075558,-14.10655037185478,-13.07860176190708,4.0,-5.442602850539502,-40.86609812077051,-9.445227879414494,9.359504393730791,0.19849999999999998,0.6093000000000001,14.9,0.061399999999999996,0.022,-0.003741185074688963,-0.28305523772012414,1.4465672116720414,0.8598972602739726,0.8825518887505188,0.945232516222062,0.7206387752278163,0.8290343570955591,0.5671457128070381,0.5834992732973988,0.9312903912957985,0.7650063254857775,0.7744160785941607,0.9484931506849316,0.5259357751803154,0.5760827826581252,0.8183027320103744,0.9858333333333335,0.0,0.0,0.0,0.0,0.0,0.0,0.0,0.0,Matthias Bluebaum,3095.0
19.9140036144748,173.92845383477524,-50.072133717943544,-12.432017794480435,-11.369608332571815,4.0,-5.436516350247539,-26.546060687897363,-10.199507723227281,11.911577170480895,0.2143,0.46180000000000004,16.6,0.09729999999999998,0.0082,0.11665400863327488,-0.45274121329469424,1.3415541772189503,0.6894894820588836,0.9550021285653469,0.7427129299323292,0.5392073403175646,0.5742125421800756,0.7814727060960978,0.5738935254787944,0.8978637921733419,0.862530238115156,0.8791441141814017,0.7305448996419335,0.6044767660260705,0.5197963265239276,0.7163474398099103,0.8807650569723278,0.00532064834390415,0.0,0.0,0.0,0.0,0.0,0.0,0.0,Matthias Bluebaum,3095.0
20.53547350383228,193.8848351083279,-67.57593221020201,-15.713355324902846,-12.524990174526542,3.989790083132371,-3.493220233429574,-39.96085745863003,-10.808642256194048,10.935343154348677,0.20749999999999996,0.4607,20.1,0.0785,0.0042,0.12813655347293115,-0.20831061257652372,1.5688189006492328,0.7756246511991092,0.7498881535304918,0.703822780170121,0.6895770532395478,0.560226718925216,0.5656824503569655,0.5121261566264159,0.8473457675753228,0.8744858919177426,0.8605501188684596,0.7139785914198835,0.4293963482163787,0.45409752162362216,0.7444871085105785,0.818787868685677,0.01524390243902439,0.0,0.0,0.0,0.0,0.0,0.0,0.0,Matthias Bluebaum,3095.0
19.25812734591869,168.86637573075467,-58.85284232726217,-14.522881742440305,-11.382698144907838,4.0,-7.2355488060485715,-31.67705379998633,-10.985411561507211,12.950751727628093,0.2048,0.4045000000000001,25.0,0.0743,0.0095,0.09936723809818035,-0.29587141110767295,1.2030472164750472,0.5921277539803096,0.8420636072724438,0.8299909556235606,0.4138339379865049,0.5670459851085313,0.5130588564273817,0.6873386098905656,0.835053108106699,0.8628819747296376,0.6541078131011842,0.590743679329687,0.3939552420511131,0.35321283117638386,0.7319603892969722,0.7653148870943175,0.0,0.0,0.0,0.0,0.0,0.0,0.0,0.0,Matthias Bluebaum,3095.0
18.86183251129797,181.7937071448835,-59.57700605992816,-14.344314115669562,-12.937551938197121,3.996296296296296,-8.371500598755576,-29.368453633978486,-10.518494220201333,11.967012150577613,0.21800000000000003,0.5026999999999999,16.7,0.055600000000000004,0.0059,-0.009298079794060526,-0.290046053836562,1.2901928418250312,0.6834394027214656,0.8926188511153068,0.899706915619299,0.6049552385362759,0.661622243051191,0.5067931417087349,0.7074848304201488,0.7844664338363385,0.9206611570247933,0.8301110144368874,0.7805120403183006,0.5858535024408934,0.4529916051432023,0.779814237389095,0.8688170195166822,0.00081967213114754,0.0,0.0,0.0,0.0,0.0,0.0,0.0,Matthias Bluebaum,3095.0
22.162742585940904,212.9807633974057,-51.4575609435517,-13.559236462862401,-10.986523835244668,4.0,-6.219925538735286,-27.523311905730072,-10.026005764748245,12.85744256376897,0.23280000000000003,0.5802,19.1,0.043,0.0064,-0.0012765221749890087,-0.2509159666626431,1.7064125620252704,0.8346706051454742,0.9256433007985804,0.9458047292143401,0.6319066191433047,0.549678698081226,0.6703451926772486,0.600500825038186,0.8852451433857539,0.8990091688849453,0.9133786848072563,0.7586826151945472,0.8030168681100358,0.17496562609972868,0.8388565732251031,0.9126200760259311,0.0,0.0,0.0,0.0,0.0,0.0,0.0,0.0,Matthias Bluebaum,3095.0
19.923638148394165,195.99089123479783,-54.363118551785604,-15.670307137663082,-11.91519244837377,4.0,-0.9074092765494453,-30.066548991305417,-10.43733157952841,10.633670881634538,0.2379,0.5654999999999999,18.5,0.0748,0.022899999999999997,0.14160380127711045,-0.2275275156527033,1.0400183713490745,0.7616988242436376,0.971405948999249,0.8476038039797824,0.7267037898307958,0.67099916805967,0.5233072451446842,0.5310886537109248,0.8888116789560112,0.9312354690119863,0.9091538739087254,0.8775837299093114,0.5537393136542765,0.25635070089143797,0.5859465877401846,0.857283910119731,0.0,0.0,0.0,0.0,0.0,0.0,0.0,0.0,Matthias Bluebaum,3095.0
19.933665190222026,188.46676700077035,-58.55089861778258,-15.638186356176789,-11.062213970295314,3.995180722891566,-7.254901547558852,-32.53926973441294,-10.304688370321822,14.253180638091578,0.22959999999999997,0.4753,19.7,0.0675,0.011899999999999999,-0.03235651005370606,-0.3076219002300468,1.3388279558146758,0.7581008060621569,0.9698002536461636,0.6881659982272454,0.602343210355911,0.5938211737493021,0.47911740564171224,0.48845688322404196,0.7940612128379956,0.935684844641725,0.866864106305778,0.6641566595943895,0.522513335346298,0.4123599850129921,0.7388359513788748,0.7534467679527794,0.00052356020942408,0.0,0.0,0.0,0.0,0.0,0.0,0.0,Matthias Bluebaum,3095.0
20.341415174765558,186.8564737290797,-63.65091690265393,-14.954834656974919,-11.203449395437469,3.992647058823529,-5.438062547673532,-38.155368974439504,-10.770836137658724,12.87898775070669,0.23889999999999997,0.36740000000000006,24.3,0.055200000000000006,0.005699999999999999,0.05506835075754176,-0.25730380939561176,1.0273010424612257,0.6806461963139487,0.8529607843137255,0.8453861616743497,0.5381135013283653,0.4774318053620473,0.5297356025460097,0.5932639670858164,0.7718499396793558,0.7990387578307824,0.7901731493190308,0.5509940025556169,0.4052934375519377,0.3255958079117141,0.8825502690669698,0.881400541323142,0.0,0.0,0.0,0.0,0.0,0.0,0.0,0.0,Matthias Bluebaum,3095.0
19.27788979257637,180.7481821723644,-57.7872149091916,-15.142528377897015,-11.28453497107793,3.99485961341864,-5.216436893079165,-32.08487658203392,-10.745449619747612,12.691751921225396,0.2150051157781367,0.4567692514808831,20.822294022617125,0.0687323640280021,0.0092587506731287,0.1162294291180645,-0.2491385958083418,1.3445084460948056,0.6860217317779287,0.8718358234281046,0.7767062293841047,0.5583900159976267,0.5961095084029905,0.5447498303966489,0.5214183198605007,0.8694039284792554,0.8619962052726318,0.814359055670247,0.6867393780209047,0.423802802934685,0.4566979016100948,0.7447442556093133,0.8287972774948719,0.0626903211061562,0.0633807507599006,0.0460013218770654,0.0352941176470588,,,,,Matthias Bluebaum,3095.0
22.407959903101354,221.4877375456496,-50.78585628853662,-12.705153184696297,-11.447636551124491,3.99795918367347,-7.322574593857409,-25.04720467630173,-10.1138955939762,11.852649127746039,0.23370000000000002,0.49960000000000004,19.8,0.10619999999999999,0.024399999999999998,0.06586319650843217,-0.42894485440393204,1.2762824105128028,0.869667657847697,0.8381951063434426,0.9180448374749227,0.5760428797666535,0.7376136134170453,0.5651105219101099,0.6341113539861692,0.9027193383461807,0.9363221253632211,0.7631757875280049,0.6960461729745753,0.5514692687302695,0.5034665052820747,0.891679035250464,0.8910667903525047,0.00068493150684931,0.0,0.0,0.0,0.0,0.0,0.0,0.0,Matthias Bluebaum,3095.0
18.515067016317015,162.14761363636362,-62.107708577632685,-16.96678321678322,-11.677172447096556,3.9717103729603727,-5.78962703962704,-33.38634906759906,-11.29555944055944,13.03607226107226,0.18460000000000001,0.45680000000000004,21.3,0.0386,0.0106,0.02986596736596736,-0.09565268065268064,1.56768648018648,0.6234281282956562,0.7324949635096044,0.7920665566317739,0.5130819432613557,0.4250226191213039,0.3745305089875999,0.683458913450043,0.852491287030122,0.7974685687858367,0.7849377746243507,0.580158677809476,0.25363216961254853,0.6542339811364,0.8002642077083119,0.7571118104249387,0.00097087378640776,0.0,0.0,0.0,0.0,0.0,0.0,0.0,Michael Concio Jr.,2918.0
16.80781739287006,147.3325911666846,-57.090603245769806,-15.707828078737986,-10.521070588414428,3.9977777777777774,-7.331082143049869,-29.85827140059547,-10.705821208796332,13.035692396046496,0.21269999999999997,0.5075999999999999,21.8,0.0408,0.0,0.10485183714453099,-0.4881287809548679,1.937313898142002,0.5064779393167841,0.9498484848484848,0.7065857524591713,0.568219849347114,0.5913904676721424,0.41992294499784527,0.4786530460323114,0.868980656429876,0.9088916316222783,0.6260887792041738,0.5638465937093425,0.5617723624436853,0.744720256539537,0.8196094915412975,0.8775253628172912,0.0,0.0,0.0,0.0,0.0,0.0,0.0,0.0,Michael Concio Jr.,2918.0
17.536873122177624,144.50313274614948,-60.752086168421116,-15.844371220839388,-11.408006688172762,3.9990825688073395,-8.601809659504037,-32.798534570391425,-11.238382115021768,15.13993551670092,0.1861,0.5266,25.0,0.0593,0.0062,0.1766114496312968,-0.16932726346978777,1.3944321895083227,0.4861977709045887,0.8653318903318903,0.6607875035838526,0.5085321052746551,0.4164210578740697,0.5117842044675843,0.5109874556348023,0.8758720596511843,0.6905254452258012,0.7516347294070581,0.5119411192252563,0.487531623031393,0.78933443729815,0.7562800250016601,0.8714728289877842,0.0007352941176470499,0.0,0.0,0.0,0.0,0.0,0.0,0.0,Michael Concio Jr.,2918.0
17.657527026768495,156.61000404711194,-63.725945476075914,-17.307127798173262,-11.898748438060613,4.0,-5.11027492380912,-36.477152662648805,-11.182528427360777,14.249886773976655,0.2036,0.2394,22.9,0.0759,0.011600000000000001,0.2785274922289743,-0.09594766094324277,1.348777363302821,0.5696945657731055,0.7783499185606313,0.7821934621788815,0.29598887371867344,0.6702231554711903,0.45033786968591727,0.34486062699725517,0.7894081838180904,0.806164094066429,0.7128728284159522,0.3492299868395037,0.35907603285384054,0.49757005001339377,0.7851418787186609,0.7909487924356344,0.006362869198312219,0.0,0.0,0.0,0.0,0.0,0.0,0.0,Michael Concio Jr.,2918.0
19.25939985493007,174.13959483171828,-64.55436203934201,-16.50162778021712,-12.214389785647356,4.0,-5.3915635456858215,-34.663992548125435,-10.934459408372554,11.151671028706266,0.2,0.4474,16.7,0.0311,0.0017000000000000001,0.06726719446752724,-0.4854066541032712,1.800840890011615,0.6799739865412351,0.7891099696194435,0.6566691459446798,0.6360634044801105,0.6057342702786619,0.6368229702323631,0.42736077168182895,0.8588292585704356,0.8721122784847015,0.6372754767408034,0.476293212273479,0.6125317917178655,0.6647536635607574,0.8147089947089947,0.7358437240099502,0.0075187969924812,0.0,0.0,0.0,0.0,0.0,0.0,0.0,Michael Concio Jr.,2918.0
18.146561175235647,167.61104703440185,-61.53885231535061,-15.880200984710944,-11.496495476262401,3.995454545454545,-6.595921162559508,-33.20153149050766,-10.967698360940828,12.607540614176195,0.22559999999999997,0.3982,19.7,0.040999999999999995,0.0108,0.10967482268332515,-0.14752725285688567,1.7890445716289498,0.5956568206589303,0.8007776287464811,0.7989676092509109,0.5805879274263213,0.5990682085267602,0.41757957594954204,0.5755967296821277,0.8167972540598925,0.7319349996701141,0.6594631459736692,0.5569254801812268,0.5199762747854835,0.5613398487019073,0.8263571823769226,0.77175311407758,0.0,0.0,0.0,0.0,0.0,0.0,0.0,0.0,Michael Concio Jr.,2918.0
17.812726266340157,177.54803933652914,-51.92002521387434,-16.950650731435736,-9.660707199647394,3.984830508474576,-2.3286118161814677,-30.546938190988897,-10.376678872532718,13.9587310884373,0.23499999999999996,0.3546,23.4,0.0641,0.005900000000000001,0.3343887786946821,-0.4500539199912189,1.5880948296919877,0.7172795516280573,0.9328688219992568,0.6715960974134692,0.5579845418922045,0.41753670207032095,0.3853701647063304,0.43861739739132644,0.8899247863026553,0.912589088868401,0.8761786619185056,0.5787697083954175,0.457846468787101,0.5035624966319897,0.6731940824278319,0.8163544046712363,0.00254273504273503,0.0,0.0,0.0,0.0,0.0,0.0,0.0,Michael Concio Jr.,2918.0
17.365550633902227,176.34281946281632,-57.891165466197755,-14.125323989361487,-11.772761791713645,3.995,-4.938220298877542,-33.26242692876544,-10.351857065393009,12.564424607913384,0.20950000000000002,0.4856,19.9,0.0698,0.0127,0.037233494668561545,-0.14476342846178047,1.8975337854599559,0.7583236234046759,0.8123173000265747,0.7346509779528648,0.5344940369407276,0.6239838322596943,0.49574648362406004,0.44086856081560566,0.9076294146105466,0.9474100951459441,0.7528849163356205,0.6006864100260326,0.5940156501389497,0.3399369100446296,0.8411078858248671,0.8397194000967586,0.00805555555555555,0.0,0.0,0.0,0.0,0.0,0.0,0.0,Michael Concio Jr.,2918.0
17.914667104346798,161.45523534891805,-61.3734702322482,-13.183924266947802,-10.909875535431421,3.9956989247311823,-7.5421100775319,-36.46992428191233,-10.418988825496974,13.155653830341038,0.20800000000000002,0.36779999999999996,22.8,0.061,0.0060999999999999995,0.07025908480179369,-0.27758281630303033,1.3572395131293287,0.6215299906853613,0.7987213886995302,0.7884988299495401,0.505646728669136,0.6482655494033722,0.5773048126819484,0.44603994332879715,0.8347595482474514,0.7718054736598088,0.8124067626208156,0.48964512839745966,0.5279576639427629,0.5542968891381238,0.7935165087637167,0.8032985872797986,0.0,0.0,0.0,0.0,0.0,0.0,0.0,0.0,Michael Concio Jr.,2918.0
18.572116985832075,181.4249143687089,-69.93916504915227,-16.474772851839834,-12.755051921353637,3.9911534701857283,-6.433428367875623,-39.29656020120551,-11.108576905283908,12.138071728220526,0.19870000000000002,0.479,22.0,0.05870000000000001,0.013999999999999999,0.09518818877996567,-0.1702517902381438,1.694809116500951,0.7011817844388875,0.6677636524562879,0.9231104622739286,0.43567670009269566,0.6317800088163791,0.4700960665851802,0.5515543618082077,0.7797656234789953,0.9028486775078981,0.773159178366353,0.5962705723820537,0.5060263539135057,0.31985126537058906,0.8343331432964847,0.7422889994254835,0.00176991150442477,0.0,0.0,0.0,0.0,0.0,0.0,0.0,Michael Concio Jr.,2918.0
18.346174818228526,183.00082145000343,-67.72124621803376,-14.972190787072076,-13.187940991619632,4.0,-6.984732220199566,-39.81465136461302,-10.341745514618028,13.580014660088576,0.21269999999999997,0.46830000000000005,18.0,0.0442,0.0076,0.10865395161750493,-0.1366584798001165,1.980527749526889,0.7629187867408216,0.8044697285546064,0.8603043629657334,0.40436479079815574,0.7433104593879098,0.4616102450690905,0.8164975649099834,0.7693632288297557,0.8101054723243781,0.8169148083309498,0.6233302636387924,0.48825076793075733,0.46583304028027006,0.8635296888280652,0.9382403445610994,0.0,0.0,0.0,0.0,0.0,0.0,0.0,0.0,Michael Concio Jr.,2918.0
18.080117954876716,173.40639774334053,-61.19427783746196,-16.574493684785107,-11.037559681537974,3.9870370370370365,-5.550553819032522,-35.57774457288564,-10.722968120211856,14.282005003954106,0.1971,0.43220000000000003,23.1,0.05689999999999999,0.01,0.15062070492616103,-0.26367214493733776,1.5958666353789166,0.6882997952503139,0.843584259670021,0.6040261822878294,0.378814832555389,0.5341835426693734,0.5561072384160181,0.3516889304389046,0.9130757126509959,0.8509500678600996,0.7877057155187808,0.4873201227545553,0.49184644320298654,0.5172979951244835,0.8869358721190019,0.9120125211947308,0.0429883542078664,0.00108108108108108,0.0,0.0,0.0,0.0,0.0,0.0,Michael Concio Jr.,2918.0
19.03047258312752,189.73038615584792,-63.775012364446255,-13.462506429503673,-12.68006938196465,4.0,-5.959527385455342,-37.70283657957053,-9.897885112786478,11.927812524834426,0.21400000000000002,0.5186000000000001,16.2,0.078,0.0114,0.01400278661654909,-0.16709346246106477,1.913261084053707,0.8182008416574178,0.8480345911949685,0.8346268750230446,0.5311595564427573,0.5886922474898862,0.46579213610272985,0.49197428233980844,0.9066176470588235,0.8610548781414866,0.9686501141552512,0.6106676500898389,0.666270557217753,0.7288721486905098,0.7855657558578523,0.944811320754717,0.0248612652608213,0.0,0.0,0.0,0.0,0.0,0.0,0.0,Michael Concio Jr.,2918.0
18.872072263549704,188.78019348554318,-57.116803815937786,-13.262789285879649,-10.562903175308055,3.9898305084745767,-5.107336749451482,-33.799725035761824,-10.158838931354449,11.784958853343102,0.2219,0.38769999999999993,20.5,0.07970000000000001,0.0113,0.11723220052918663,-0.15313626333026242,1.7350555458235148,0.796606417262155,0.8390516769205295,0.8024168378754004,0.5153621510726419,0.5920383335569902,0.5611704928599189,0.40322482066480686,0.8987978142076504,0.7943817202833596,0.7685240806552281,0.6605083370995796,0.3915077326519222,0.6006844304824421,0.7297294087053691,0.9098342026825634,0.00893162393162392,0.0,0.0,0.0,0.0,0.0,0.0,0.0,Michael Concio Jr.,2918.0
18.567883335931874,169.95726036530542,-59.17278942807237,-14.353513405515802,-13.263988883495333,4.0,-6.385680059606456,-33.70073753511285,-9.848850655994369,14.379981111652437,0.2166,0.5513999999999999,19.4,0.055600000000000004,0.0032,0.06434333425694655,-0.5621189238316971,1.7430122310847367,0.6689910792771132,0.9076470588235294,0.8132897578815926,0.5057566336890982,0.5089413291920313,0.4645989883048232,0.49316101578528954,0.8864758750041192,0.821910517482587,0.7488127567331293,0.5829013910124925,0.5547899597547117,0.7799489755080689,0.8868784689371992,0.8994473744797127,0.0007352941176470499,0.0,0.0,0.0,0.0,0.0,0.0,0.0,Michael Concio Jr.,2918.0
17.442578980801805,160.29064135924463,-56.26431620937211,-16.434600037643516,-9.702943083705502,4.0,-10.252574110671937,-27.97144696185457,-10.45002188029362,14.547269864797041,0.22319999999999998,0.4930999999999999,20.6,0.0678,0.0124,0.19352064119455425,-0.24396687370600417,2.0901717799109107,0.6032616551207219,0.8741858237547891,0.8821534406573243,0.3850310433329366,0.5994002941255182,0.5114259783987651,0.7215601792033635,0.9135177042351307,0.8079409989524475,0.7071101733371029,0.6360982873740922,0.4473047312998011,0.791290332687885,0.8435250055078211,0.9393919365499009,0.00722222222222222,0.0,0.0,0.0,0.0,0.0,0.0,0.0,Michael Concio Jr.,2918.0
18.556662026103695,181.9523551691911,-59.38220013018567,-14.26121549984914,-11.907444190348913,3.998360655737705,-7.636770585942868,-32.984490426463026,-9.913168394410105,13.322528311090684,0.1883,0.3618,19.7,0.0833,0.0021000000000000003,-0.020071813072679988,-0.2061992984853164,1.638470231739485,0.7175883616477567,0.8590510881027706,0.8088114194910929,0.6024445674791485,0.5864830297617512,0.5994783285848686,0.41732920317876154,0.8414291882556132,0.8170116561730524,0.8253618479151814,0.5749880029930593,0.5203745500625374,0.6608960947673761,0.7636880576788732,0.7695346304953541,0.0,0.0,0.0,0.0,0.0,0.0,0.0,0.0,Michael Concio Jr.,2918.0
18.68534721920407,163.21697948865085,-75.1671267586502,-16.949986914268457,-13.158359343290915,4.0,-5.341138912826976,-43.92237602112502,-11.12604178153217,11.330776214393318,0.1931,0.4931,19.6,0.0442,0.0034000000000000002,0.0970532025836936,-0.09570700660496453,2.2250473685943915,0.6007297191698957,0.8551960074422406,0.860406597013602,0.6028379405771065,0.5433824826052657,0.6377308715024524,0.7383944439091639,0.8378642074311682,0.7684518534479564,0.8493748464687674,0.7212473639675416,0.41760548945871945,0.5675705421549893,0.8311594282169855,0.8467194074109567,0.0,0.0,0.0,0.0,0.0,0.0,0.0,0.0,Michael Concio Jr.,2918.0
19.305705218381,155.28312339186317,-62.42472078773061,-15.68830259099175,-11.227635710002613,4.0,-4.426910940729428,-38.43012595776197,-10.468919630066605,13.817174041821767,0.22510000000000002,0.4545,20.9,0.0628,0.0045,0.13223671912468335,-0.2923261206264641,1.85015542512321,0.5482823862085517,0.8014186303074877,0.7563842064665188,0.4492446252575425,0.5020141687828028,0.4939572719233654,0.5608082267009762,0.8261918961902698,0.8079984063310892,0.7951175313244279,0.6255967375822543,0.5843722623374543,0.667017445708074,0.6775470915781094,0.855612311765093,0.009195402298850571,0.0,0.0,0.0,0.0,0.0,0.0,0.0,Michael Concio Jr.,2918.0
18.88294584830385,171.01077419537543,-61.44717359722053,-15.607175062817758,-11.69430967605276,3.996913863650704,-5.820707492844992,-34.8752065457234,-10.529908203841728,13.083219520409404,0.2100821114369501,0.4207360703812317,20.43401759530792,0.0624926686217008,0.0064780058651026,0.1106697003617285,-0.2387675619866623,1.6668342446127382,0.6652959749909766,0.8509980608641329,0.774703618667782,0.5421311226200733,0.5489960787995867,0.5266700068435584,0.5421103520220812,0.8742466009465765,0.8565851698249436,0.786366348926603,0.5408259104583005,0.5141969165786174,0.6516288678634896,0.7903230954055738,0.8366797041442544,0.0463348016299772,0.0505044081514669,,,,,,,Michael Concio Jr.,2918.0
18.365740420297605,160.25890258194028,-61.09600561518617,-15.201015818261203,-13.338766987930892,4.0,-4.321662288785989,-34.604176493669726,-10.29363577803114,12.663251751492774,0.21150000000000002,0.3735,21.9,0.0753,0.013000000000000001,0.09154967464535632,-0.4947638542186074,1.792271438707416,0.5932692118091099,0.9801754385964913,0.7624470702082642,0.5458097883976555,0.6083999431448308,0.48190109534127973,0.5199401857206002,0.9633229383229382,0.8821655857182172,0.8019714592295237,0.6631143710091079,0.4868782953905093,0.6852390527396862,0.8002435278145438,0.8698322703161413,0.00129032258064516,0.0,0.0,0.0,0.0,0.0,0.0,0.0,Michael Concio Jr.,2918.0
20.121695012832678,183.49942992086432,-63.759144173077985,-16.724190356760783,-12.158969092619547,4.0,-5.123950611146027,-35.326299903983475,-9.836132816288176,11.410398607720026,0.1947,0.3971,18.3,0.0516,0.0055,0.0437899132554886,-0.23172736097216756,2.3096038191134305,0.7118993414232159,0.8978693057946071,0.8204592569199178,0.740054181840864,0.6894982716097176,0.6679891973857559,0.6414383001643971,0.9583999999999999,0.9546031746031746,0.9089608124253283,0.6011073961980634,0.4058817412276067,0.7277666879049933,0.733513722619731,0.7745918625860329,0.01651376146788991,0.0,0.0,0.0,0.0,0.0,0.0,0.0,Mikhail Demidov,3036.0
19.685418366579654,183.90338465722166,-48.13013606335049,-14.376577033605894,-9.922587002903299,4.0,-4.289949078934647,-24.25685273130944,-9.806719686086408,10.522549469489197,0.2346,0.43479999999999996,13.4,0.052000000000000005,0.0051,-0.03957558570461795,-0.17427418817741397,2.273661161136543,0.7561408804780428,0.9705882352941178,0.8826202768598161,0.7687791303054367,0.765087766397144,0.7300280745523702,0.6621245373532196,0.914695861141048,0.9760829493087557,0.9957142857142858,0.7871143888765816,0.5292134892155534,0.5506308381012607,0.7610821191874683,0.8913006766610276,0.0,0.0,0.0,0.0,0.0,0.0,0.0,0.0,Mikhail Demidov,3036.0
18.841750771694713,182.71735483884075,-56.09485152864094,-14.550545156098966,-11.837734238062284,3.9986666666666664,-3.957018574969721,-32.2556156954782,-9.566285895854733,12.073681365156299,0.23880000000000004,0.3618,15.7,0.0427,0.0017000000000000001,0.11019237942004607,-0.4938002299663176,2.1627923034048386,0.6670398533812184,0.9917886178861789,0.9373333333333334,0.6632853134695689,0.6305369989173139,0.5227794301900006,0.7287242047910285,0.9475772357723578,0.9613333333333334,0.8034225387306346,0.8702916134525331,0.45600009176216927,0.7987158193390077,0.869257938446507,0.902774287242987,0.02391304347826087,0.0,0.0,0.0,0.0,0.0,0.0,0.0,Mikhail Demidov,3036.0
18.767430295239343,167.18901717094008,-61.877944271860336,-16.972648748767792,-11.183037393437429,4.0,-5.593112447657539,-34.68231256293225,-10.524442388797329,13.077609269732012,0.2149,0.4476,20.3,0.058699999999999995,0.0018,0.32241494885597544,-0.16891906792675787,2.2462348650605914,0.6703391992388784,0.9628884360672441,0.6264182430330238,0.7727677722919968,0.5526880001943131,0.6419349877131661,0.44082436634908284,0.9085222672064777,0.8718841378643358,0.7565911302527952,0.6800935757631471,0.6666107249822726,0.3514788501967422,0.7697191006160236,0.8639527648293768,0.009471639471639471,0.0,0.0,0.0,0.0,0.0,0.0,0.0,Mikhail Demidov,3036.0
19.621797314167026,180.41504410239617,-57.406515034100565,-16.18462869854759,-10.580752968460644,4.0,-6.085591680768222,-30.004932412320137,-10.253143555086263,11.70253428108229,0.21810000000000002,0.3121,17.1,0.039900000000000005,0.0070999999999999995,0.11077009114481122,-0.592122792943421,1.9042634500974245,0.7391792306820892,0.8652147955702514,0.8376365998890372,0.6442727383012533,0.4818604377379284,0.4869749559414954,0.6905517327811938,0.912713409172226,0.9231330091091555,0.8302920590808501,0.7550571865062792,0.5199261428762505,0.6245235940315702,0.770152811116389,0.9018495219999828,0.0,0.0,0.0,0.0,0.0,0.0,0.0,0.0,Mikhail Demidov,3036.0
18.49059054679246,160.7228928033852,-60.963575327336045,-17.076509154272284,-11.52421639275621,4.0,-7.757456112856582,-30.357486416525653,-11.241778063551378,12.993870812626048,0.1935,0.4023,16.8,0.06970000000000001,0.0036,0.16649134177277228,-0.2639031069463556,1.8858973393704086,0.6106452680543262,0.9348519788874274,0.689310015226561,0.6785147708411084,0.5745560015002518,0.6262780342101554,0.58424804167735,0.923375812093953,0.8948397737763575,0.7864041437801539,0.6351237575025899,0.4956432226065804,0.538595563675772,0.7628325025743844,0.7663539412846732,0.00086206896551724,0.0,0.0,0.0,0.0,0.0,0.0,0.0,Mikhail Demidov,3036.0
19.34292799817908,169.6772039285484,-53.37088297497375,-17.129355536570745,-11.390001472943386,4.0,-2.589125237708054,-28.007105206892795,-10.090743059257095,11.83544753839833,0.1979,0.356,16.8,0.027500000000000004,0.0038,0.15344947320530627,-0.41491996309407525,2.1119258874258295,0.614247813641969,0.9422902494331066,0.7866851886870215,0.7379976176738217,0.7005418367750996,0.4932273893163822,0.5909675088852362,0.9384057971014492,0.9647540983606557,0.8622461101332906,0.7456994059206007,0.6002132377660021,0.3884130477446383,0.9247298919567827,0.8547697111631539,0.00327868852459016,0.0,0.0,0.0,0.0,0.0,0.0,0.0,Mikhail Demidov,3036.0
16.35176215297399,148.63744403752622,-54.910907479382935,-16.247302030823718,-10.615482040129033,4.0,-5.7790523862425855,-28.637335453288966,-10.297118957044349,12.665383388145722,0.2137,0.5456000000000001,20.8,0.0392,0.004399999999999999,0.14633799672808917,-0.24750687232200136,2.520365906961347,0.5383320478928337,0.9736842105263157,0.6781211761546441,0.5126520540539514,0.5174558078094043,0.6051269330660949,0.6469251299598974,0.9275136884021901,0.8645771659112939,0.847600393744718,0.7052530145499531,0.5304864604034008,0.6323333440646065,0.7733537332976551,0.8527537076089047,0.0,0.0,0.0,0.0,0.0,0.0,0.0,0.0,Mikhail Demidov,3036.0
19.38335288183948,178.21533573986716,-48.80296030960484,-15.672668892481715,-9.788268196362159,4.0,-5.663079923359091,-24.049523547500616,-10.404581968044285,12.77516221814302,0.21870000000000003,0.45990000000000003,17.4,0.0376,0.0014,0.23762885342039017,-0.29094625019767556,1.8649470788944011,0.6734928883251922,0.930281690140845,0.8450264807185219,0.774372777351016,0.7321241340426672,0.4657979449398626,0.5349520291170196,0.8309950536840347,0.8424111450027251,0.8497502715407489,0.5989997884453139,0.5550559140350583,0.5008313475159121,0.860863631257665,0.8379543951874335,0.0054054054054054005,0.0,0.0,0.0,0.0,0.0,0.0,0.0,Mikhail Demidov,3036.0
19.094445815839816,179.87479806024623,-60.01564488108623,-14.88329115717612,-12.176108094549887,3.9839285714285717,-5.252497851518184,-34.44555330124372,-10.254505931198446,13.012382883171554,0.19319999999999998,0.3633,20.3,0.0462,0.0062,0.10953934992316898,-0.2949246945722324,2.1569427293683296,0.7394220472388491,0.943173659573246,0.917836784516393,0.5363750182849016,0.5949197064830694,0.5976656986652886,0.6525024257426041,0.8226770752891843,0.8780662313721846,0.7510465583807904,0.7134530822502099,0.6795109142867999,0.5717682054008326,0.852469539057344,0.901927516071775,0.0008547008547008499,0.0,0.0,0.0,0.0,0.0,0.0,0.0,Mikhail Demidov,3036.0
21.080298045838536,188.04194496054896,-63.94623620152879,-16.628850947155176,-11.751619121290679,4.0,-5.411511802829646,-35.092090945630204,-10.573529398986562,11.51136601436347,0.2202,0.5518,18.3,0.0576,0.0072,0.21016545812870327,-0.36441759411274616,1.8648667595758486,0.6848972087927748,0.8383998383996634,0.7301349249806637,0.8465963253894287,0.5711428345785838,0.5580914599808804,0.4384982419409152,0.9350070663894415,0.8119085420050878,0.8526970574983433,0.7915780093297238,0.5661540394583556,0.33818345715082354,0.8017943370911947,0.789268345234964,0.00181444991789819,0.0,0.0,0.0,0.0,0.0,0.0,0.0,Mikhail Demidov,3036.0
18.42437242833662,161.26342929177457,-65.79174987438749,-15.796986276781675,-13.867555587752026,4.0,-8.572223903432343,-34.84488798516292,-10.274136919519274,13.564040798260745,0.1962,0.4525,19.8,0.0633,0.009,0.14783731619409368,-0.2769717555088399,2.23219812093853,0.5748958753985638,0.852354572114103,0.9328307362311525,0.5989054870789006,0.6242311545897141,0.7816010782404205,0.6332999880481943,0.8856854622270707,0.9734708193041527,0.7375174456967138,0.70861508861357,0.48287983321298916,0.5237525612970477,0.8880221406607094,0.934694373763076,0.0,0.0,0.0,0.0,0.0,0.0,0.0,0.0,Mikhail Demidov,3036.0
17.145750116847204,173.47787940801533,-70.9111601917408,-15.656229026097034,-12.429811946245632,4.0,-7.014765576640848,-41.44902540383845,-10.971676192171424,12.610347953252585,0.21190000000000003,0.45170000000000005,19.7,0.0643,0.0038,0.20982594239161276,-0.06483768879129692,1.9526868899063419,0.7020583741512133,0.9249875336289541,0.6493517776031984,0.553259822805268,0.5442209905415782,0.5865092589905336,0.5012367634450582,0.8249721816604396,0.8394062691904404,0.8227447937201827,0.6971362737480764,0.6262142148817716,0.4920639374565646,0.6599986405196631,0.7853361217918705,0.0,0.0,0.0,0.0,0.0,0.0,0.0,0.0,Mikhail Demidov,3036.0
18.29938674790405,153.10819621554785,-45.98567742517522,-16.066747697306088,-10.587050184748579,4.0,-4.788503582476805,-21.308389153177508,-11.259185757899678,14.02419895043344,0.20049999999999998,0.46529999999999994,20.2,0.08,0.0032,0.009626362861106741,-0.4657745946350251,1.6677910051604556,0.48513294753344444,0.941025641025641,0.6767675788819837,0.5663967090772343,0.5504496813884885,0.6336373032813064,0.4824108278817555,0.8435168024423305,0.7458239031559394,0.788180144396127,0.7573265002233304,0.6897315330696798,0.5867832311544666,0.7023490862018286,0.6900242503001743,0.010780426135487629,0.0,0.0,0.0,0.0,0.0,0.0,0.0,Mikhail Demidov,3036.0
18.647041160586667,154.2095546530905,-63.34075083402446,-16.519957148273285,-12.510356544934515,4.0,-5.637302752089505,-35.09812842627646,-10.771536379884298,13.196530417433603,0.21000000000000002,0.5404,17.7,0.038900000000000004,0.0064,0.18927903541711572,-0.09401166362754423,1.894855734527345,0.564792892026088,0.9396634615384615,0.6905284632052566,0.8254693041457747,0.4572911819221381,0.4881597008569871,0.6852250507104488,0.7214559154199236,0.9189062851113109,0.8241300672366849,0.5340420132403827,0.6720728670805023,0.4886678615169167,0.7314067070209523,0.8016381325164893,0.0054054054054054005,0.0,0.0,0.0,0.0,0.0,0.0,0.0,Mikhail Demidov,3036.0
20.141349043204634,186.70931918468324,-58.40761607241791,-17.15408367888053,-11.005255279349178,4.0,-4.602293179208645,-30.360616528644094,-10.938553308945744,11.65318590261029,0.231,0.38970000000000005,19.4,0.0516,0.0097,0.334792771798342,-0.44401866368533904,2.2942322939601025,0.7439135096532773,0.8591725288175717,0.6792762880331404,0.9196580027359781,0.4484811707878854,0.5459030355442984,0.4247534711296394,0.8663202122954445,0.8066657447959198,0.9542457542457543,0.8099207314033796,0.4482616266407396,0.49945660525564683,0.6777687689771935,0.7972308653191006,0.0042402517922713705,0.0,0.0,0.0,0.0,0.0,0.0,0.0,Mikhail Demidov,3036.0
17.503464679759055,163.93829058619357,-64.23890664607947,-15.405962057319215,-12.64676100660404,3.998529411764706,-5.457831578569943,-34.77572974392693,-10.470189107499678,10.519037436075642,0.20529999999999998,0.2036,14.2,0.054400000000000004,0.0078,0.021498799064988895,-0.34993950213497554,2.162982818739331,0.6960963852420706,0.8481431787623583,0.7857433250583024,0.6888298056599453,0.6520066917684856,0.6083683694746704,0.634803104911289,0.933564777471249,0.8781821781821784,0.9354806861656175,0.7355901046400918,0.3510961357523301,0.5864279024716981,0.8875712428757124,0.8523153993079152,0.0,0.0,0.0,0.0,0.0,0.0,0.0,0.0,Mikhail Demidov,3036.0
17.28726156857254,161.0147750166842,-51.678494109215706,-14.590014711148722,-8.572878574785388,3.6,-2.356806554593267,-32.11881931858426,-9.227136525891243,11.587161575787174,0.2096,0.31930000000000003,14.4,0.0851,0.016999999999999998,0.06283932061673239,-0.1342362107702287,2.1529688824123148,0.7210521620517858,0.9229042157971248,0.7624206529305867,0.6820449336940254,0.5608838739897594,0.5804975649543798,0.6487409594324544,0.9141320214757573,0.8670754538032049,0.839832213354339,0.893511898884171,0.5177248359364701,0.6543562177337011,0.869469394009856,0.908897077129911,0.02203816786598243,0.0,0.0,0.0,0.0,0.0,0.0,0.0,Mikhail Demidov,3036.0
19.108153526161924,173.58833669854198,-60.65095189770817,-16.018063330319702,-11.644449763213114,3.992286334870008,-5.95803937674147,-32.97461761691066,-10.481630390856802,12.433562245463582,0.2118975609756097,0.3991349593495935,18.663414634146346,0.0544617886178861,0.0053186991869918,0.118363419079451,-0.2925448050900821,2.073026074674868,0.6763985749971743,0.8955092462609964,0.786424747072718,0.6664466750441879,0.58880530220864,0.5646941343855318,0.5987215543599265,0.8911537347177326,0.8645220542940806,0.8529348240746144,0.6677204012114716,0.5277959941360528,0.5630120580150355,0.7822323925271815,0.8229024127601904,0.0440030289537643,0.0177700972122285,,,,,,,Mikhail Demidov,3036.0
19.710061645099774,184.3815590235834,-54.20225986026977,-16.074800340813486,-9.644189534123376,4.0,-3.682613644321852,-29.06318341786679,-10.403238138045458,10.665765214901189,0.25010000000000004,0.395,21.4,0.0651,0.0064,0.27429480377192,-0.24038529627400437,1.7153912663226678,0.6810296341010103,0.9788732394366196,0.7361700230656157,0.8704822017646242,0.5906881126112,0.5132411187615734,0.5797041799604137,0.791534067785147,0.935332350576253,0.9455058717253839,0.7072289196844109,0.2742698182126421,0.5663578219904353,0.8251766054368893,0.7356214498739696,0.0056338028169014,0.0,0.0,0.0,0.0,0.0,0.0,0.0,Mikhail Demidov,3036.0
19.01899284125715,177.7082698434785,-52.49928814174068,-15.735558380495169,-10.445649167925243,4.0,-4.089127042010946,-27.9867058291788,-9.990869653989385,11.748621931858864,0.2012,0.43099999999999994,17.7,0.05950000000000001,0.0053,0.05407144255869488,-0.375491283592675,2.0914464873091445,0.690464108959129,0.9163530465949821,0.7938433548057506,0.6850102886471481,0.6480357383542256,0.676706484019465,0.7771171129840566,0.8716960260600523,0.9009199134199134,0.9903728268515728,0.8825905196187935,0.4739327987500343,0.7617499419330587,0.7560011788626622,0.8769307104813586,0.0,0.0,0.0,0.0,0.0,0.0,0.0,0.0,Mikhail Demidov,3036.0
17.219033814546357,161.44830170691597,-54.81534358218664,-15.684969576615202,-10.733889505653483,4.0,-5.343834894895911,-29.77703506642668,-10.700310747821579,13.424696209226216,0.2346,0.42069999999999996,17.1,0.0716,0.0018,0.08739302654437195,-0.2673095407183626,1.416774993455653,0.5999787000131432,0.8705294850028297,0.7357442355624032,0.5785546338755003,0.4822859357531601,0.5423567889613715,0.6744741535261923,0.8711605121675156,0.8530417402694848,0.8933681845062094,0.36337377741358107,0.46515225300056595,0.5421961314998799,0.7476888724840791,0.8687221485763201,0.0,0.0,0.0,0.0,0.0,0.0,0.0,0.0,Nguyen Ngoc Truong Son,2979.0
20.122495663138146,182.17044320063007,-54.71645424011833,-14.84222397085326,-10.270449110030011,3.996078431372549,-9.175674524158408,-25.88631988450544,-10.417978013641243,11.880112831697485,0.2492,0.45999999999999985,16.7,0.0612,0.0036,0.08866933515966177,-0.3328372657974994,1.644801769071203,0.7184597694835866,0.8437870127012937,0.8254618227024331,0.6500370599179742,0.6192119809065977,0.6460032695389242,0.4923351028450932,0.8762464985994398,0.6450937680471908,0.7522672771773505,0.5385451827638388,0.6705491831102084,0.5972215892544952,0.8401245153305628,0.9733333333333334,0.0,0.0,0.0,0.0,0.0,0.0,0.0,0.0,Nguyen Ngoc Truong Son,2979.0
19.616608576608577,167.42139801996944,-57.81605212250166,-14.511964754821898,-11.533375658753776,3.986666666666667,-5.604582322439465,-33.362979348693635,-10.339316080744652,13.54949937628509,0.21679999999999996,0.48549999999999993,22.0,0.08120000000000001,0.013800000000000002,0.2685173556602128,-0.28973391687677397,1.5122206232920519,0.6174725232398014,0.8898551948589178,0.7540779082476774,0.44811573877809574,0.490257877647372,0.6589341989193068,0.6010370384671475,0.8836292165406089,0.8756407318172024,0.9391799855090996,0.458903199623094,0.41861414305163036,0.6479201331973281,0.7254367909718888,0.7667925761796337,0.01176470588235294,0.0,0.0,0.0,0.0,0.0,0.0,0.0,Nguyen Ngoc Truong Son,2979.0
18.54597263896533,182.89744364748552,-53.25785528852894,-13.95642274388236,-10.766470143943206,4.0,-6.635583382185239,-27.531264806792723,-10.521746130745388,12.153631919019976,0.24560000000000004,0.49870000000000003,20.1,0.06120000000000001,0.0036000000000000003,0.2870226250126998,-0.3459961797636798,1.5061621131130256,0.7037292562660179,0.9549019607843137,0.7425343780256883,0.6110245050887945,0.693473608541307,0.6944743603162017,0.523956023013343,0.8909017384162372,0.9239179219501443,0.9313837570879825,0.7724894030275193,0.41704237296549734,0.559066314768076,0.6867846842514674,0.833238511580659,0.00867052023121387,0.0,0.0,0.0,0.0,0.0,0.0,0.0,Nguyen Ngoc Truong Son,2979.0
21.86860201741338,201.89982454256392,-49.928707034196535,-14.432552045707748,-10.521597137059151,4.0,-4.019081897822348,-26.907489668573806,-9.562104496067304,11.514118211033828,0.23159999999999997,0.5522,14.0,0.0571,0.0058,-0.04401641278580566,-0.20925566921483435,1.8438686145725403,0.8474773874287213,0.960344827586207,0.9132854335291782,0.7863996924306581,0.7092782515922741,0.6618615747693666,0.6638510442506597,1.0,0.9478051058530511,0.993103448275862,0.8072410609576565,0.4487994368603772,0.5922559614216811,0.8921720944403251,0.9647727272727273,0.0,0.0,0.0,0.0,0.0,0.0,0.0,0.0,Nguyen Ngoc Truong Son,2979.0
22.86702289453765,219.6214390896589,-43.8253842248665,-12.795340111675799,-9.853335444136913,3.9905660377358485,-7.727949526996224,-21.300346244569802,-9.821715402509046,13.682736467285434,0.2487,0.2712,16.6,0.11679999999999999,0.0225,0.056570470110789174,-0.10271548569981666,1.3380503658681695,0.8420709995934825,0.9191823743542381,0.9137275930749196,0.5109742214050821,0.5926590835796957,0.5142265850541213,0.71686110366931,0.9180408809849363,0.8590055032726562,0.8717417260954987,0.6170331039426878,0.19182778391901617,0.6453871806865978,0.9168235509534505,0.9276357636740586,0.00957935666313184,0.0,0.0,0.0,0.0,0.0,0.0,0.0,Nguyen Ngoc Truong Son,2979.0
19.107746191252453,184.8117344159566,-55.74558911371632,-16.073944370539802,-11.017783760999775,4.0,-3.931406910456284,-30.153088169302247,-10.527458482073072,11.95809257965485,0.2359,0.5213000000000001,17.1,0.0514,0.0085,0.3033687219601,-0.28769229615876624,1.5205364275452706,0.7613176012979449,0.911339376729285,0.8311780999528524,0.6363063794109813,0.6011473490343718,0.5792566430241821,0.47909555539663035,0.9384033613445378,0.8186255859415252,0.8876712912887929,0.6675279375953299,0.36562789885688124,0.7773279816513762,0.8078280198393522,0.7995527570643117,0.0,0.0,0.0,0.0,0.0,0.0,0.0,0.0,Nguyen Ngoc Truong Son,2979.0
18.91267662608557,174.42384880995385,-70.11193107853788,-15.432225342665514,-13.097119958542901,4.0,-8.993810275687022,-38.463838789102944,-11.148955539766977,13.024018827227488,0.2258,0.4253,19.6,0.0534,0.0062,0.09023732052251554,-0.1559218707659034,1.569692522185913,0.6753803129883356,0.9237423195084485,0.7659094510690255,0.5064796797030825,0.5262477515207037,0.5130277022360852,0.5922120208378115,0.7586984794330283,0.7982428624806269,0.8650752818257997,0.590550898008248,0.30333367332568434,0.6183476667514067,0.874222524142428,0.7513916729647259,0.0,0.0,0.0,0.0,0.0,0.0,0.0,0.0,Nguyen Ngoc Truong Son,2979.0
19.13840061406541,176.43914302088302,-61.2986014562883,-15.163216376826904,-11.415025856619819,4.0,-6.030116506745927,-34.26632022933952,-10.863110482249265,12.43918799549313,0.21749999999999997,0.4175000000000001,18.0,0.10659999999999999,0.0221,0.11693566410835829,-0.39685602155018196,1.1714102548649437,0.6524769673855108,0.9026526894770246,0.7338335675966904,0.5653300689512674,0.5321989539742435,0.7464466886130061,0.5181171519662426,0.7459827891557642,0.9029468404146813,0.8242743393283293,0.5961457696670546,0.40086533421115667,0.6545381078421889,0.7335725109357167,0.7943762976598399,0.004,0.0,0.0,0.0,0.0,0.0,0.0,0.0,Nguyen Ngoc Truong Son,2979.0
18.6631058443601,162.18639422237374,-47.161059372129486,-14.763897809412821,-10.567255631133492,4.0,-5.600010432383612,-23.612187183747515,-10.509994432571983,13.892286117119955,0.2211,0.45199999999999996,19.5,0.0663,0.0036999999999999997,0.1705698356570294,-0.47388453169458244,1.6512030898737085,0.5297730689887767,0.9776755852842809,0.807160371834285,0.4709841876659924,0.582805700091338,0.5658273183943379,0.458829025751941,0.9349924072890026,0.8566123911074695,0.854644838446131,0.572269889158824,0.6130072866552942,0.5863887001035338,0.8469711394862603,0.7980042092142863,0.0007352941176470499,0.0,0.0,0.0,0.0,0.0,0.0,0.0,Nguyen Ngoc Truong Son,2979.0
19.39064873061368,176.3054371077249,-57.53533810302015,-14.77926674948069,-11.192675743342702,3.9882265841575046,-6.164762118882244,-31.92724057086468,-10.381481203130212,12.921861698522877,0.2265653245686113,0.4463073130649136,19.05505341002465,0.0684987674609696,0.0084979457682826,0.1235782515332378,-0.3368072665409921,1.4925782957200733,0.6610904983581178,0.8895175734220181,0.8088846910214472,0.5815010193758012,0.5740334251699533,0.5848102018448041,0.5779135254110687,0.8831479461322841,0.8594766678191484,0.8513357298419483,0.6200062044265818,0.4632507158474904,0.6115790484506708,0.7776103772742704,0.8465952230621505,0.0472879832597551,0.0495817291931202,,,,,,,Nguyen Ngoc Truong Son,2979.0
19.460130418901255,175.47262803237467,-63.60195599860343,-15.057860112355044,-12.039801971840054,3.995,-9.880417057607316,-34.421856102078394,-10.619121005034703,14.422100250312084,0.2162,0.46040000000000003,19.2,0.06570000000000001,0.0079,0.1620054127098913,-0.37528359294622776,1.8693706669270576,0.6476125279316842,0.9071082879612826,0.7051907196450774,0.65202125575236,0.5800483820862194,0.608473194480454,0.5349423700259958,0.8063449812270138,0.9205944986690329,0.8561013645224171,0.909561451521524,0.44924311087086843,0.5326265193500183,0.6899053534457261,0.8026287886046438,0.00083333333333333,0.0,0.0,0.0,0.0,0.0,0.0,0.0,Nguyen Ngoc Truong Son,2979.0
19.177621523022317,186.674772190993,-57.915824230456266,-16.303985838128803,-11.11364030469954,4.0,-7.233559654110221,-29.69898233318255,-10.485562693293527,12.919906592958364,0.22950000000000004,0.4433999999999999,22.8,0.1142,0.016800000000000002,0.316497989046205,-0.37963961578173244,1.8479221802452876,0.7514992346323218,0.8371764637629889,0.7762644515363274,0.5598256697005557,0.5448579581648593,0.609804301580417,0.5330038682611752,0.8797445255474452,0.8418549190478106,0.8239898331595412,0.38077822587343285,0.5611532439718573,0.6532759791309319,0.8735727314714425,0.886406223344365,0.0148858764917159,0.0,0.0,0.0,0.0,0.0,0.0,0.0,Nguyen Ngoc Truong Son,2979.0
18.537373496069147,170.0508020119977,-62.55059657205136,-16.062983393418175,-10.44380934961196,3.9944444444444445,-6.736757505779245,-36.00024389861346,-10.627001006240137,13.32575413716718,0.24180000000000001,0.3463,18.7,0.0824,0.007200000000000001,0.06031670020800454,-0.4613064230455535,1.2883102766798422,0.6225247950766094,0.7524186799467698,0.7606853855245828,0.4940103599854207,0.5613315362123437,0.501912423314934,0.5120289126202993,0.9148709985666507,0.8882505175983436,0.812267239473415,0.42993787929511906,0.33884138305605654,0.7331275316986113,0.8189402828298589,0.8945723049714381,0.0019230769230769201,0.0,0.0,0.0,0.0,0.0,0.0,0.0,Nguyen Ngoc Truong Son,2979.0
18.4329285927251,177.6999450355846,-66.03967935275651,-14.471558286674568,-12.027499132298672,4.0,-8.67126215596419,-37.015576163177904,-11.08564459523035,13.231860980589179,0.2123,0.4554,21.7,0.044700000000000004,0.0055,0.18874383126563357,-0.3792982259988074,1.657037991078689,0.7197761593586118,0.9014285714285715,0.7846232256115977,0.49406658704227413,0.6089312713361339,0.5415984596798549,0.6088935576769157,0.9423250162883774,0.7657266183428975,0.8537984496124033,0.5132763378270778,0.5417709563164108,0.5936583725886251,0.7002159697244263,0.8073428333470618,0.00186147186147185,0.0,0.0,0.0,0.0,0.0,0.0,0.0,Nguyen Ngoc Truong Son,2979.0
20.69144221320949,186.56498350108464,-59.31876386272584,-13.88080532379667,-11.980687772373962,3.998,-3.7801658063129984,-35.532383555249204,-9.983139442400931,11.840418037407936,0.23820000000000002,0.48149999999999993,17.5,0.0431,0.0062,-0.02117669632032278,-0.11002443643841935,1.6913035893329167,0.7572597774684526,0.8847496706192359,0.7742950041325997,0.5235102948937236,0.6917074529937712,0.6060766948278421,0.695544848764701,0.9166366090689306,0.9230594353235861,0.822589236637637,0.7467479639370155,0.4412327454858323,0.5427140419479329,0.7991728201044238,0.8922653524581335,0.0,0.0,0.0,0.0,0.0,0.0,0.0,0.0,Nguyen Ngoc Truong Son,2979.0
20.71403664505591,197.02345439640783,-51.61377528804725,-14.286495434824392,-10.828011168431413,3.9928051001821494,-4.517095692663113,-27.643379062815182,-10.342631211247692,12.011032181752398,0.2354,0.44639999999999996,14.5,0.0425,0.004399999999999999,0.18533514853280236,-0.33441582049336516,1.3871408703129835,0.8205198963922605,0.8964912280701753,0.9023310771385227,0.7853118514298006,0.4825208179188706,0.6016111765080622,0.6906114967276155,0.9003530166880616,0.9635248646536809,0.9257791327913278,0.46410955095276424,0.5471216673629187,0.6996018877698781,0.8905425945563803,0.96,0.0008130081300813,0.0,0.0,0.0,0.0,0.0,0.0,0.0,Nguyen Ngoc Truong Son,2979.0
17.96728162956332,156.65423685218295,-59.66666269842212,-15.8631722866383,-12.767332703528131,3.9934782608695647,-6.758371756479534,-31.049730071181386,-11.198885732808574,13.977351591344242,0.2303,0.49610000000000004,19.5,0.09519999999999999,0.0091,0.1179320566301583,-0.20806707328446458,1.9234491986249487,0.4991572226424454,0.9182437275985663,0.915579476861167,0.4360772949290187,0.6529695999483942,0.6183093690822725,0.6115847774838514,0.9020723851888329,0.8759480840188942,0.7879491428776543,0.7130975641584311,0.44637792522864395,0.45928136861636054,0.7177745268295646,0.8971791961932549,0.00845070422535211,0.0,0.0,0.0,0.0,0.0,0.0,0.0,Nguyen Ngoc Truong Son,2979.0
20.618228855621616,193.5474083648897,-61.69176066586884,-13.788579583213249,-12.131279586569129,4.0,-8.828722477310114,-34.02405195325151,-10.196292417260159,13.277165351735317,0.2554,0.43820000000000003,16.2,0.09090000000000001,0.0128,0.13104475050039566,-0.4353395986782226,1.1635956476843146,0.757441003883823,0.9296875,0.8382472774798158,0.5146947371844913,0.6264806045091404,0.5555180562979438,0.5100493944565491,0.8516252955082744,0.6855372080275071,0.913684143870314,0.6325824257007768,0.5108767641472778,0.4762208952346727,0.7364584025390182,0.819881614396242,0.0,0.0,0.0,0.0,0.0,0.0,0.0,0.0,Nguyen Ngoc Truong Son,2979.0
18.81821452052702,155.55258423532533,-55.3381053831756,-11.01644159465588,-11.177651423302004,3.998148148148148,-11.090061634570564,-32.50823569453034,-9.240944093444094,15.697080909179125,0.22479999999999997,0.5279,19.2,0.072,0.0108,0.10092639369425085,-0.3026684102934103,1.3817247394658108,0.4425076580519199,0.884311464940381,0.8778079710144928,0.5768321512088544,0.43062774485528754,0.5758953783983858,0.5250498501194076,0.7446625553196662,0.8837643706182778,0.8705210548221339,0.6950711960109913,0.4717710683620366,0.5060913870016976,0.7715163650898192,0.8877553765552344,0.0061224489795918295,0.0,0.0,0.0,0.0,0.0,0.0,0.0,Nguyen Ngoc Truong Son,2979.0
18.840480163153337,178.05892075190565,-51.25223675731428,-14.835610636770898,-11.231797936301962,4.0,-2.942207105165324,-29.579715184089377,-10.195197379733267,13.532291484746548,0.24710000000000001,0.4826,22.3,0.0819,0.011899999999999999,0.37385927223131366,-0.5879190293024656,1.485266109482348,0.7020491817136674,0.9386792452830189,0.7135930724543071,0.6038920952499981,0.5721972199278482,0.37627863701889874,0.5662200045667787,0.897373465109314,0.9008928571428572,0.93125,0.6744619987459253,0.5728785045970809,0.39782649259434255,0.6910923965222505,0.7991205318221447,0.0,0.0,0.0,0.0,0.0,0.0,0.0,0.0,Nguyen Ngoc Truong Son,2979.0
20.463148516927212,184.3309766900738,-63.92228892734683,-14.142825424138252,-11.867018789674209,4.0,-1.7756434244675057,-41.330223760915814,-9.3247328730909,10.518155344939853,0.24430000000000002,0.4345,12.1,0.0635,0.008799999999999999,-0.010634962152404004,-0.18636298714205685,1.2938351961935983,0.7019180494296342,0.9889495846136338,0.8931474507596571,0.7555805113852877,0.5439939249284522,0.7078977349158363,0.5137056105411363,0.9296080875225037,0.9965517241379309,0.8334356051604548,0.3605021106537506,0.582851570146409,0.578067656272286,0.7672461046827211,0.9177343573740314,0.0,0.0,0.0,0.0,0.0,0.0,0.0,0.0,PavelShkapenko,2817.0
18.889542328717585,172.30457859352077,-62.70246823239844,-15.90133926357593,-11.493013148194366,4.0,-2.7098744053080672,-37.251892535078326,-10.95406908809643,11.607720207854676,0.20620000000000002,0.39920000000000005,17.1,0.0697,0.007799999999999999,0.043033662775930855,-0.42133814638072814,1.0363435079167933,0.6256210460191407,0.7335120148648723,0.6205566774895799,0.5034652516097774,0.6458780269880079,0.6507860723675789,0.3560024177719644,0.87625148201643,0.8734209550234316,0.5970956905052475,0.4147957597160257,0.5970990730925954,0.5247239330136347,0.7688580900629373,0.751400117524195,0.00934579439252336,0.0,0.0,0.0,0.0,0.0,0.0,0.0,PavelShkapenko,2817.0
16.682682381198227,147.0189266860684,-55.03733677560731,-16.28138329114763,-10.666850193139778,4.0,-4.025954999996398,-30.008390894033397,-11.307958437160073,13.25320103986997,0.21800000000000003,0.4071000000000001,23.3,0.06839999999999999,0.0034000000000000002,0.259054622613235,-0.37641499216950486,1.0772137452683137,0.4842603656914039,0.8812698086025932,0.8100860422850318,0.4023773760396174,0.6463820832328308,0.39115000005952977,0.505596382797306,0.9087446827767218,0.819475804882034,0.7900531688334539,0.387408284486496,0.5729795119670041,0.5735543210224242,0.6754083795147623,0.8313562536255492,0.0,0.0,0.0,0.0,0.0,0.0,0.0,0.0,PavelShkapenko,2817.0
18.72365968226943,173.5690586540614,-45.595817856659075,-16.429277498695082,-10.157044965928687,4.0,1.2508742872865193,-25.712915784088317,-10.27259593129499,11.72514203606149,0.21870000000000003,0.47650000000000003,16.7,0.0391,0.0,0.190864925511908,-0.3587477473786688,1.145233922392099,0.6606354555210774,0.7990849607239575,0.7692413523927801,0.5664503384488724,0.6121586747180217,0.5126873182323661,0.6643187415338025,0.91857043348508,0.932391269000241,0.8859848259724629,0.3086436656985882,0.514068707363182,0.7125414092819298,0.9096104655995862,0.7853059774038552,0.00652173913043478,0.0,0.0,0.0,0.0,0.0,0.0,0.0,PavelShkapenko,2817.0
20.741994586386742,188.47774496599988,-51.177450432724534,-12.565863867432494,-11.645922803491018,4.0,-4.404162540437051,-28.937978807684694,-9.960480887304417,12.33695847362514,0.2211,0.4236,16.0,0.0942,0.020499999999999997,0.057786756453423085,-0.1738119759688387,1.2256579520697168,0.7371220955139643,0.917138032925285,0.7768960200636202,0.6661911063579865,0.8142251439661479,0.6589868725313373,0.5288512543871267,0.9120845972625276,0.993167701863354,0.8896015074324796,0.47525743147474914,0.5734966072673859,0.6294873068492235,0.8359343872778094,0.7770959429820847,0.0,0.0,0.0,0.0,0.0,0.0,0.0,0.0,PavelShkapenko,2817.0
19.078411829359524,166.70796416456363,-78.36045922622093,-16.221084092543514,-12.883450270064776,4.0,-4.628179203108465,-50.05912416413114,-10.609495202613221,12.04087370624019,0.2202,0.4363,16.5,0.08689999999999999,0.004,0.147969359382241,-0.25446653147258136,1.4507854483462261,0.6665286953456786,0.806140839026745,0.6073086360224977,0.5600632779105447,0.6186152352301081,0.6673370037032347,0.5315898437456856,0.8298986795404659,0.8400915303321181,0.7800165565133623,0.5986444517253924,0.4300355875091137,0.7429074094275809,0.8167834373659353,0.6882000794193218,0.027297285889156208,0.0,0.0,0.0,0.0,0.0,0.0,0.0,PavelShkapenko,2817.0
18.809571389065805,169.089295639569,-59.90694145253734,-16.332058367112325,-10.987297341709896,3.9815686274509803,-4.103478766636086,-32.17465795194415,-10.894010704416324,10.602993051830461,0.21259999999999998,0.46820000000000006,22.6,0.0827,0.013000000000000001,0.04548067131327691,-0.3510162981284558,1.3819459392770477,0.6082301702983072,0.7419473247090402,0.7629206695494799,0.4749701095081454,0.5772046285020079,0.6655089737383709,0.5757703249526634,0.9761826794835672,0.7587401301568342,0.7206911293617037,0.5054437587382549,0.43158016094534907,0.5930926189023864,0.8586361663267009,0.728864698409048,0.013513513513513509,0.0,0.0,0.0,0.0,0.0,0.0,0.0,PavelShkapenko,2817.0
19.543516452702672,156.8118801923285,-51.550106875654095,-15.373614477237435,-10.043737371877734,3.9944444444444445,-5.501694199692455,-26.861148222391684,-10.882110397618167,13.11775334871894,0.2162,0.3701,20.5,0.054299999999999994,0.005300000000000001,0.090942599261927,-0.057024365301676185,1.099872735257625,0.478941289338305,0.8698426693312957,0.8451284067085953,0.6517251668987123,0.4999207979593335,0.5255442574468459,0.5496911700747257,0.9435552257790969,0.9499855502654831,0.8266302217949818,0.4013465888677067,0.4956239548872231,0.42670882206031563,0.7573588066290822,0.740311189005269,0.0,0.0,0.0,0.0,0.0,0.0,0.0,0.0,PavelShkapenko,2817.0
19.51291407944656,169.40201274651508,-49.172586317512454,-14.63207132085418,-10.149657678876352,4.0,-4.03407798281092,-26.478172990502365,-10.017798475538616,12.139192131069976,0.23769999999999997,0.35439999999999994,14.3,0.037,0.02,0.0028041117895137206,-0.6043867100066544,1.2256452845618038,0.617791650436632,0.8582312214015182,0.8317634682355424,0.6083262750080988,0.7388786070658037,0.748338268962907,0.7526094998728956,0.9204051906779661,0.9421095935494488,0.8316936825918436,0.2792913729343593,0.6035670680316663,0.7878109092138661,0.8988563228462259,0.8983544392852119,0.00097087378640776,0.0,0.0,0.0,0.0,0.0,0.0,0.0,PavelShkapenko,2817.0
17.451697766809517,161.03320349844822,-56.833916647719676,-13.945893590120633,-10.767004820269902,3.9958333333333336,-4.938711141908997,-32.572891052938225,-10.203605333454846,11.598355957639601,0.23170000000000002,0.38849999999999996,20.2,0.06509999999999999,0.0067,-0.02952375604018657,-0.16993127076353437,1.169618851536445,0.5908148056663327,0.9218556701030927,0.809145811524542,0.6075079738095444,0.6779857344461647,0.5402922811296209,0.599321015968684,0.9068210902877057,0.9119285471038048,0.7976198628535078,0.6241294935415757,0.37792714586047266,0.5372393081868185,0.7257867386608113,0.8279410776032801,0.0,0.0,0.0,0.0,0.0,0.0,0.0,0.0,PavelShkapenko,2817.0
18.88263371204699,163.66103497881363,-59.359935982926785,-15.559368456054987,-11.388544949929818,3.985454545454546,-4.535854786779756,-33.52374930889046,-11.046746221233251,12.708873194506939,0.20939999999999998,0.3493,18.5,0.0837,0.0033,0.08925504388793759,-0.16917436543058972,1.087096766207421,0.5391351982835004,0.8804503753127607,0.7199898917611172,0.8019623105124684,0.6623028177489856,0.6613538902639632,0.3913714746277287,0.9549368039043925,0.9372866065232477,0.8024957702640035,0.15927623832619592,0.36628262530032685,0.5363402450846451,0.8182625151007746,0.7818286895393101,0.0,0.0,0.0,0.0,0.0,0.0,0.0,0.0,PavelShkapenko,2817.0
19.839047212949826,171.81446306471486,-60.898916394489184,-16.300492223098992,-12.607290225664247,4.0,1.8241504907349824,-39.329821948076194,-10.479677676232537,11.994215187847814,0.2319,0.3779,16.7,0.0747,0.0068000000000000005,0.013469192441008086,-0.18643106954684693,1.0139919807128206,0.6452686111558182,0.9164331041776839,0.7353940899607762,0.703300037504857,0.5011508795804646,0.5516546911391144,0.5782921503966045,0.8893447976109139,0.8867674724068971,0.8960441387207181,0.37635643269952174,0.23264798117385652,0.48777424871289554,0.8108324210154588,0.981325783573553,0.023620071684587803,0.0,0.0,0.0,0.0,0.0,0.0,0.0,PavelShkapenko,2817.0
20.09724046855728,184.08653410083951,-55.66995947391506,-14.14651828760636,-11.04963379563564,4.0,-6.21118423438288,-29.219536178254522,-10.270784517655397,11.22769753961974,0.20929999999999999,0.44239999999999996,15.6,0.0315,0.010199999999999999,0.08696626277329873,-0.5169699841945811,1.3130871661924428,0.7758870308435526,0.8734079159250785,0.7938424255715774,0.5732841766251376,0.8186013808210604,0.7245910279228356,0.6258893539078856,0.8961059106148201,0.956425120772947,0.831955902390685,0.46747648608090514,0.6107100210578471,0.8869718328449618,0.8812030615371576,0.9035897435897435,0.0,0.0,0.0,0.0,0.0,0.0,0.0,0.0,PavelShkapenko,2817.0
19.10261264767353,177.35947319744062,-52.96735413107511,-14.949718057102192,-9.899550369854234,4.0,-3.369153149809081,-30.169236787913142,-10.480327188522397,11.900631422125922,0.25010000000000004,0.38560000000000005,18.9,0.0796,0.0064,0.26901563850306975,-0.47215215612701866,1.1316295882262102,0.6362811000491168,0.8890012519126443,0.8851756925017382,0.5482902464774031,0.6979908308413882,0.44684991232384474,0.608940050367263,0.8352068770073682,0.9671428571428571,0.8350573213706125,0.4033326380675503,0.5031858482827054,0.850864651103457,0.8839262661053706,0.8861921163413701,0.0012658227848101199,0.01518987341772152,0.0,0.0,0.0,0.0,0.0,0.0,PavelShkapenko,2817.0
16.989071154863076,148.60556717868053,-63.33890083247578,-14.969039638760137,-11.167192080565172,3.984329004329004,-7.295911132518276,-36.44284218843613,-11.086170854249271,13.637926057724195,0.2036,0.36239999999999994,18.9,0.0877,0.0087,0.18284055445934327,-0.3847614885114885,1.225347990518798,0.4958476807051356,0.7534194092881509,0.7261876619875293,0.7313156107637427,0.5071795513357162,0.5740939504770125,0.336929649576676,0.8148078579710555,0.7626755182804896,0.7663443766055238,0.2913989783866767,0.5046241121041825,0.5378061343185904,0.8456770845858703,0.8534441742476077,0.009662603780250831,0.0,0.0,0.0,0.0,0.0,0.0,0.0,PavelShkapenko,2817.0
19.689456971788864,194.0431683073519,-40.90434115579641,-12.867946100864605,-10.632986311671086,4.0,-4.586761267649967,-19.696746071720984,-10.02136627051922,12.901464866629459,0.21760000000000002,0.5305,18.1,0.10129999999999999,0.0118,0.02003515030110776,-0.058620080800931854,1.5398007516198002,0.8250819797072058,0.7607360055778479,0.8428889590016201,0.5457660348887508,0.5549240229670797,0.5598655737606788,0.6776570913514258,0.8412893081761007,0.9234986812740921,0.8804421243191785,0.5094610953952524,0.5219650023928403,0.8315994176124498,0.9144802071772105,0.9292582315945246,0.0,0.0,0.0,0.0,0.0,0.0,0.0,0.0,PavelShkapenko,2817.0
18.7523637400051,171.38214476706833,-57.71225941066248,-14.93000100676056,-11.220200040611791,3.993177080188576,-4.486481855419873,-33.41423332332095,-10.46184420499383,12.807323940255952,0.2219833005893909,0.4365009823182711,18.66797642436149,0.0699518664047151,0.0083506876227897,0.109415998592515,-0.2727597304676071,1.246761336594005,0.6406714250136087,0.8577254784615315,0.7846992475657609,0.5690556799800853,0.6089286295020155,0.5438925556852968,0.544677094936243,0.8775042162025998,0.8774229471344235,0.821885214270693,0.4532515903566547,0.4572899845498004,0.6232441080263111,0.7920767786201475,0.8438562622755391,0.0633393149025136,0.0811618482191793,0.0256410256410256,,,,,,PavelShkapenko,2817.0
18.29903202485121,176.682210302431,-54.75146994203362,-11.89737401817198,-10.908253531486988,3.9916666666666663,-9.337448304383788,-30.32802368825289,-9.878247977263257,13.606210910858618,0.22640000000000002,0.49770000000000003,16.7,0.058600000000000006,0.005,0.16079369743631206,-0.31411324008947095,1.1465624825090022,0.6736748487168102,0.8307592391795428,0.8695488307682624,0.7164171673268391,0.8065842975560343,0.4982184877747528,0.4838804419428085,0.9100187265917604,0.9422268907563026,0.8697634116937915,0.30026015642779624,0.4665877065349603,0.9244885295890508,0.9115074119535456,0.9553583231045227,0.021603641456582633,0.0,0.0,0.0,0.0,0.0,0.0,0.0,PavelShkapenko,2817.0
20.620270625806484,203.82194724564366,-51.27606592198134,-15.6170970235982,-10.536850677900391,4.0,-3.6926253722866575,-27.623739811861856,-10.310994295998462,12.50524125966422,0.21430000000000002,0.4638999999999999,18.9,0.0449,0.0018,0.06508387654168482,-0.3963868053557389,1.4375893408469413,0.7608657701058171,0.8729833546734955,0.9232357385584041,0.6829827984190111,0.6485688675116384,0.6478809892200924,0.6218517366435682,0.9677966101694915,0.9535353535353535,0.9703838383838385,0.5136998871634393,0.555659764554825,0.6542828595956319,0.843900143112244,0.9484563850803174,0.0,0.0,0.0,0.0,0.0,0.0,0.0,0.0,PavelShkapenko,2817.0
16.82985916939736,159.3200229784191,-57.55245507273712,-16.166643299500997,-11.857194856944108,4.0,-3.2659424023729016,-31.887687311043795,-11.229901217981734,12.854914015106406,0.20539999999999997,0.4434,20.7,0.067,0.0067,0.07888510642163028,-0.27128092028287715,1.2048656544213874,0.5644579436084358,0.7893545035643799,0.7689007562524712,0.38795624638939985,0.6796990580122171,0.41521320746971513,0.5283675723059285,0.8343549706958424,0.845728730642545,0.7614597065747085,0.39310643049624583,0.4119052844235026,0.39423512367027413,0.7757678066443787,0.7386213682866978,0.03193277310924369,0.0,0.0,0.0,0.0,0.0,0.0,0.0,PavelShkapenko,2817.0
20.260195903942243,205.37410131269635,-44.96605233009775,-12.844889531588024,-10.240254427490555,4.0,-3.4677768079442712,-23.27323916824877,-9.117631567595868,9.977739172769741,0.2069,0.4962999999999999,16.7,0.0607,0.0,0.014378325725474723,-0.15335567440732598,1.3588172919932597,0.8424853412988164,1.0,0.916123401985128,0.8056129227053139,0.610864579562653,0.7220692494227975,0.7584258577718568,0.9456685245259893,0.9138030284069579,0.9528719809786009,0.6587831811996224,0.5662229182800458,0.7463330864088873,0.8114054533305097,0.7169484971910288,0.00756340579710144,0.0,0.0,0.0,0.0,0.0,0.0,0.0,PavelShkapenko,2817.0
19.838230365031045,165.04675276341726,-57.58343474634754,-16.825148528789178,-11.382909598513603,3.9920634920634925,-2.4283779124664404,-33.354218227352064,-10.589035475612217,13.004191504322463,0.1851,0.3619,17.4,0.054000000000000006,0.007799999999999999,-0.001236627146789504,-0.504344481256477,1.9716153695265795,0.5986322017783817,0.7983896602085578,0.7451875382618713,0.38267728889726926,0.49694226623195953,0.5801130597952598,0.6912581663937416,0.786214320455566,0.912592711970633,0.788935595489213,0.6664838797120245,0.35434010966276325,0.503042539862699,0.8075684632161438,0.8043528569623986,0.0,0.0,0.0,0.0,0.0,0.0,0.0,0.0,Rasmus Svane,3077.0
19.953610742138885,174.49290342527243,-58.05425750732761,-17.191483989908278,-9.722456884233372,3.998529411764706,-7.290419302344006,-30.225313967784285,-11.287299355361599,13.66418658053922,0.21939999999999998,0.3328,21.0,0.054200000000000005,0.0118,0.14120763927854635,-0.29897626867013677,1.7450683063410064,0.6659865495826831,1.0,0.6994140149372594,0.7086314555305924,0.5700565877008983,0.4879504982620696,0.4893972989433831,0.8477823423898269,0.9072558623910572,0.8666490587783328,0.6426817558051288,0.3518357859993887,0.6121880853002439,0.6631539622445215,0.7199911140233021,0.0,0.0,0.0,0.0,0.0,0.0,0.0,0.0,Rasmus Svane,3077.0
21.07534079361431,170.53014182735896,-69.42431245768633,-16.750087825110196,-12.273559810430017,4.0,-9.082163641126147,-39.04269510406197,-10.273136636896483,13.997330559938495,0.20709999999999998,0.33880000000000005,15.6,0.06240000000000001,0.0014,0.0006047618544775049,-0.41860110625567915,2.093141398463091,0.619714046398751,0.9117251640781052,0.8007104463845556,0.7699960944591672,0.5907595417302958,0.7090379190399606,0.6220005815053484,0.9030201803349078,0.8166380459607941,0.763949074815515,0.7510990490887398,0.32177718480069906,0.6201379959124974,0.8908196621413257,0.8101497797641881,0.0007352941176470499,0.0,0.0,0.0,0.0,0.0,0.0,0.0,Rasmus Svane,3077.0
18.445265070391688,172.168283862488,-60.361929121787874,-17.938903015221747,-11.269259495133223,3.9971428571428573,-3.7393320528516605,-34.0753596223417,-11.26507459967078,13.928856806288362,0.20140000000000002,0.4486,21.1,0.0561,0.002,0.07422925289484814,-0.02239461310256679,1.8729093329089153,0.7051232205325653,0.944734637482729,0.7574038208636982,0.5122125832985545,0.5425094389848326,0.5258774869910443,0.48240903734767315,0.9211995637949837,0.8787431755813928,0.8217144090600389,0.3916944896644901,0.5083352633016874,0.5768128563720062,0.8201289458241803,0.8152231751137297,0.0,0.0,0.0,0.0,0.0,0.0,0.0,0.0,Rasmus Svane,3077.0
18.402378997640493,178.78526987855332,-61.915157748130355,-16.278533391779042,-12.026354404503053,4.0,-6.879955844726455,-32.41418134185584,-10.81477865865863,12.498645893392684,0.21139999999999998,0.3014,23.0,0.06720000000000001,0.009,0.12179030230397256,-0.4457511235431698,1.966905975658047,0.6490793701823516,0.8525301463291907,0.8703549589027532,0.4876525974021744,0.5969220013683956,0.3736946202333613,0.4677486957980615,0.8925956535047443,0.7419816967692288,0.8096464446473594,0.6981468864786955,0.44172428738661357,0.5870402650921056,0.7820760810773615,0.7835844310175861,0.02535211267605634,0.0,0.0,0.0,0.0,0.0,0.0,0.0,Rasmus Svane,3077.0
20.848397597940476,191.02367551421656,-49.965090724170125,-15.387286851079955,-10.205074914586483,4.0,-4.925947079236552,-27.65715052302507,-10.121172555892382,14.33154119965032,0.2303,0.4514,16.1,0.053700000000000005,0.0053,0.16594666374158207,-0.27631193368035467,1.6247430080506304,0.6730289072918685,0.9399545550623547,0.969013157894737,0.4969349062428535,0.5239607236323729,0.5076868221564628,0.8028841594780969,0.9752987421383648,0.9238730297353733,0.8374091478696741,0.7571293508038894,0.4271761361941172,0.6954434112272597,0.9547201336675022,0.8738893911995177,0.0033333333333333296,0.0,0.0,0.0,0.0,0.0,0.0,0.0,Rasmus Svane,3077.0
21.377133194133194,213.82899466749467,-60.10874129374487,-15.141961061961064,-12.106792778296352,4.0,-3.919729152229152,-32.88156887656887,-9.895188991188991,9.836499566499565,0.2359,0.4589,15.2,0.0524,0.005,0.05962926512926513,-0.2506293296293296,1.7846271716271715,0.9327272727272728,0.9308333333333334,0.8536277900563615,0.6652869097511955,0.7770268818483104,0.5137964693321836,0.8354368004368004,0.8510071872571873,0.9472072072072072,0.9741880341880342,0.945146166574738,0.33635162831591403,0.6106028977457548,0.7819776491205063,0.8158909608909608,0.00417832167832166,0.0,0.0,0.0,0.0,0.0,0.0,0.0,Rasmus Svane,3077.0
19.15660044829638,186.03104490600433,-64.22233559450022,-17.5251618773225,-11.853387764061885,4.0,-3.0159182502262687,-35.69185801778973,-11.342632941644876,11.206623256545019,0.2258,0.4784999999999999,19.9,0.059800000000000006,0.0025,0.24467371568526528,-0.19840640222056402,1.4082988602240065,0.713561199559301,0.7942727203915829,0.822171256086327,0.6039496636575921,0.43975609780386404,0.5122912629728684,0.5821287616332784,0.8419495614035087,0.8221943512304251,0.7592576680795949,0.7040788833018194,0.42049742178202354,0.545283100788885,0.830174582704737,0.8788092925266187,0.03930369127516778,0.0,0.0,0.0,0.0,0.0,0.0,0.0,Rasmus Svane,3077.0
19.587688108100213,190.85460746394247,-62.9660472093024,-17.3829567768719,-11.834686954474595,4.0,-5.023013884715238,-33.39971550023547,-10.825455624900055,11.499781531894849,0.19340000000000002,0.44639999999999996,19.4,0.0396,0.0055,0.11849617128733918,-0.509419704209211,2.0906283600567086,0.7286062949295845,0.9200793650793653,0.8152772897054656,0.6806780134354161,0.4761573414554034,0.6959605527514766,0.5990766918065279,0.9144986994499071,0.8591107451295699,0.924478607702776,0.7355827295065371,0.5464364398795893,0.5745585839623255,0.7112529510506176,0.8124885063225585,0.048878299738551054,0.00958083832335329,0.0,0.0,0.0,0.0,0.0,0.0,Rasmus Svane,3077.0
19.372421186062702,176.14680748010466,-63.081327398757495,-16.511031726455293,-12.870940514995615,4.0,-3.0657860210216645,-36.57585975863737,-10.4529052258805,12.395195848232937,0.21960000000000002,0.35819999999999996,21.4,0.08280000000000001,0.0073999999999999995,0.36173307988779896,-0.19885245187102768,1.6251767563448571,0.6392957734266561,0.8363906285011403,0.6926741416075065,0.5628737242647583,0.5860221979541598,0.557496451953907,0.6672888103612062,0.852352264944767,0.9478924418604651,0.8103076203427756,0.6884699204698403,0.3799864844421077,0.5568323254960352,0.8762497048318618,0.65025994713707,0.00854865310610224,0.0,0.0,0.0,0.0,0.0,0.0,0.0,Rasmus Svane,3077.0
20.51873431354226,181.32056108816482,-63.42411433708435,-16.378047403184986,-11.620764999392012,3.999065420560748,-3.4979013154719154,-37.82519116032288,-10.36144742038822,12.260172541114931,0.2171,0.4683,19.2,0.0617,0.010199999999999999,0.10066133856498719,-0.23342385323815257,1.7319386331818698,0.6550282216706768,0.8425749201132472,0.8446952469387494,0.6517294848840509,0.6624245507212991,0.5778802487246449,0.6113606023548595,0.8464986310952078,0.8256102554148977,0.9666671659078201,0.698830491623027,0.3237872600835528,0.6313458697834363,0.8744495791744921,0.8274478132985704,0.006375311835905009,0.0,0.0,0.0,0.0,0.0,0.0,0.0,Rasmus Svane,3077.0
19.68127232652918,184.80038451056856,-65.02513589282543,-14.891183843503015,-10.972175280687136,4.0,-7.270211834156621,-37.16086760983304,-10.39176135358284,11.661064028937215,0.2386,0.36660000000000004,16.9,0.0495,0.0089,0.10516406858093937,-0.16224863932100703,2.2097765775913265,0.7279763347113977,0.9844332298136645,0.7142228185022863,0.6831907820000003,0.6153199489483898,0.5010532088233317,0.7027654259796899,0.9123973869525657,0.9616071428571429,0.8346729099783357,0.7039312545192917,0.4754611592279868,0.533145437609422,0.8194918596731154,0.8719550505400167,0.01592356687898089,0.0,0.0,0.0,0.0,0.0,0.0,0.0,Rasmus Svane,3077.0
17.651406124189126,150.12110896875566,-57.79943627427167,-16.11083222202873,-11.097520558263477,4.0,-5.984432915066578,-33.3982980170531,-10.245826858931242,15.037474297071459,0.24379999999999996,0.4426,19.2,0.11200000000000002,0.011899999999999999,0.4129410705156336,-0.5751249103160283,1.634792959526926,0.47649254213222036,0.986821862348178,0.8969414640122955,0.4974817766840027,0.5135156017596136,0.5330253041167845,0.5472049106491519,0.9320453077221241,0.8712201615091401,0.8330128383388951,0.6975311021964569,0.5022207940244692,0.36698900447864524,0.7647736150410982,0.8870543859540394,0.00093457943925233,0.00467289719626168,0.0,0.0,0.0,0.0,0.0,0.0,Rasmus Svane,3077.0
21.32392717884255,187.6244480890373,-56.91037824233016,-17.962818524053404,-11.139989063508356,4.0,-4.797114632466259,-28.334401904735962,-10.790849127866249,12.114795010300076,0.2096,0.3915,18.3,0.055200000000000006,0.002,-0.029075261263925855,-0.07908419080828362,1.9199901215253454,0.7556480186159863,0.918443845177665,0.7380414052771879,0.7377659498335349,0.6444301897654376,0.49443936821784823,0.622359837581616,0.86720339309813,0.906828475460804,0.8899081820399608,0.6268592756902337,0.4560935706804585,0.38422409163773874,0.9522664529343665,0.9458010508504765,0.0,0.0,0.0,0.0,0.0,0.0,0.0,0.0,Rasmus Svane,3077.0
19.738765693418205,166.92159823019733,-64.58462990887266,-15.13958931421979,-12.473070177043283,3.995791505791506,-4.3985830407477655,-40.527328844306595,-10.491016953334778,14.449166914988052,0.2049,0.5005000000000001,25.4,0.0654,0.0014,0.2151650272441497,-0.24340036112867183,1.367807410889323,0.5855226907321059,0.8526372926440946,0.8392496702193514,0.4204840498428556,0.6087618077340119,0.6263415355241222,0.4644199101180212,0.8510500566570695,0.9112302193190182,0.8046977041815675,0.4939650804475078,0.4728886214723875,0.41097425977919544,0.8545052769885253,0.8022219708312364,0.0074013605442176805,0.00133333333333333,0.0,0.0,0.0,0.0,0.0,0.0,Rasmus Svane,3077.0
23.76057018680014,213.37391322671616,-62.30247726619009,-16.753310253597895,-11.999785846074094,4.0,-3.5542184383853597,-34.497637661196414,-10.316562830987861,10.819037764051535,0.2274,0.4024,15.6,0.054700000000000006,0.0073999999999999995,0.06634382615548466,-0.12940364786172617,1.6629152948234958,0.8524811089568164,0.9442857142857143,0.7956444327731093,0.7408518853274457,0.7350089902186421,0.6154162226985761,0.49287474555414806,0.9868750000000001,0.8570623433583962,0.8050146103896104,0.6620043859437059,0.4871333744675267,0.5139603485525395,0.8167243239355582,0.8428410323853361,0.0,0.0,0.0,0.0,0.0,0.0,0.0,0.0,Rasmus Svane,3077.0
19.85144153271494,170.81780943750172,-52.55926780107865,-16.92331319482458,-10.712750922586164,3.9903890160183066,-3.8561184452476867,-27.51466063150243,-10.66839003880833,13.125576415872237,0.2029,0.36269999999999997,18.4,0.030400000000000003,0.0018,0.3410505602551052,-0.311983939194066,1.8586410734725098,0.651149145481764,0.6820930515464909,0.7930594206412825,0.5642049687095114,0.6680274886201755,0.5399681586509935,0.4495836101117037,0.876046307533277,0.8324096910030814,0.836292524049726,0.6172876896777454,0.42841684449249995,0.8379936954147933,0.8122196297974928,0.8017556755014758,0.0,0.0,0.0,0.0,0.0,0.0,0.0,0.0,Rasmus Svane,3077.0
18.83670511950411,164.37051037974248,-61.88126611002453,-17.087190370152292,-10.831982301707395,3.990813686026452,-5.81484494241773,-33.9466001217037,-11.207159242924082,13.015697182854236,0.1993,0.3862,21.4,0.066,0.0068000000000000005,0.3017502234750275,-0.20792441408118897,1.8516672139664858,0.6905225002837363,0.8545314850634,0.6856915267739321,0.6673902263147145,0.4448489313185413,0.45448378600026995,0.4829343793827697,0.7969401970778117,0.8022098662465635,0.7639536371515033,0.8071939558883725,0.36337962134101354,0.6343330392111738,0.6486624362698578,0.727770441307127,0.0,0.0,0.0,0.0,0.0,0.0,0.0,0.0,Rasmus Svane,3077.0
19.9593848933674,185.91689237042334,-56.12498041099112,-16.32880345641983,-12.347080854180653,4.0,-4.5964994755503525,-27.87934539075768,-10.415009730785952,11.441758496703354,0.227,0.42469999999999997,18.1,0.037000000000000005,0.0033,0.1840467202801206,-0.45061234925559723,1.5272564605895542,0.6623484825818761,0.981782693558881,0.8421870148854602,0.6161025836842406,0.7612966684798067,0.48778835503594803,0.5855328827441293,0.9349514563106796,0.9348111658456487,0.8438334558769032,0.7039462206685707,0.42381514720587266,0.7005290135431437,0.8002000666970368,0.9618498579104964,0.02298850574712643,0.013793103448275858,0.0,0.0,0.0,0.0,0.0,0.0,Rasmus Svane,3077.0
19.677021633908264,179.29405186113863,-60.91366280159985,-16.421648109716962,-11.441017501575631,3.9972619323601295,-5.394059881576784,-33.8723773025594,-10.61903311723495,12.837211178703749,0.2130261904761904,0.3818241071428572,19.90863095238096,0.0594125,0.0075300595238095,0.1133274265935955,-0.302437517683544,1.8374330430839312,0.6893105479672702,0.9090367866615922,0.788378365351717,0.6045236880423915,0.5839645184181228,0.5240287782631213,0.5764556069072396,0.8836620221862312,0.8801925199940827,0.8524308377689908,0.703561214959846,0.4194103419627953,0.5592886955773291,0.7900153536057977,0.8227363060767685,0.0558098273367461,0.0713643535048062,0.0418384107435177,0.0276515151515151,0.0125,,,,Rasmus Svane,3077.0
20.91101352627424,189.3951370006727,-61.705785808220675,-17.899308375684672,-12.35531054210135,4.0,-2.265289345995091,-35.30673283094234,-10.871368695058024,12.992223981560802,0.18880000000000002,0.4968,23.7,0.0794,0.014500000000000002,0.18746063644708613,-0.27407721713307553,1.6110617660833362,0.7297959459011218,0.8902370356037153,0.8249639458320882,0.4509677287414594,0.6190847903083104,0.4850770896284443,0.5635033889373501,0.9491704374057315,0.8206511964805691,0.9037996521989362,0.7713935054491445,0.3090450280932234,0.38072754141056936,0.8562915724655383,0.7916607016290673,0.0,0.0,0.0,0.0,0.0,0.0,0.0,0.0,Rasmus Svane,3077.0
16.421944943658847,137.79784585450594,-65.72758747840986,-16.705676746888745,-12.620557809835699,4.0,-4.326031499462219,-39.81353181313972,-11.232537997034205,14.97074838795073,0.19180000000000003,0.3892,28.2,0.0697,0.0013,0.00991146094540718,-0.2729133252288474,1.0500551973993713,0.4228116608146847,0.8077474414283893,0.8239290554072269,0.4686961763354437,0.41602768216707214,0.35033663784144364,0.520905822071202,0.8161910628305709,0.7612344035246951,0.7084888683647591,0.47584760508706225,0.18769539813181754,0.46849071770604667,0.5619225472047318,0.6562421231606299,0.0,0.0,0.0,0.0,0.0,0.0,0.0,0.0,Rustam Rustamov,3018.0
18.791605595680416,173.84891534792274,-59.40664254295135,-15.05781481516255,-12.055184180996559,4.0,-6.760646657367556,-32.44833171199485,-10.548435996699654,13.463770819269817,0.22000000000000003,0.4795,19.3,0.0646,0.005699999999999999,0.08040086415405302,-0.31552171095562054,1.2288551328585147,0.579476704136363,0.924243587061993,0.7915880653697072,0.6740958352735904,0.4648752682977023,0.340754931866449,0.6620112395413787,0.7902617417500187,0.7997865439970794,0.7542098200153857,0.7684140969715617,0.36997476714703287,0.5410345493753292,0.7816860716022943,0.778475626512931,0.02576305220883533,0.00166666666666666,0.0,0.0,0.0,0.0,0.0,0.0,Rustam Rustamov,3018.0
20.39065972698848,178.54982509723177,-59.68193120070755,-16.869974834134062,-11.684796162958751,4.0,-3.0376664378860676,-34.30349891329215,-10.28697317547472,12.500978323038206,0.2085,0.4479,16.5,0.042899999999999994,0.0054,-0.027658068329138984,-0.1965663082437276,1.1252804278197208,0.6401334270311991,0.9626262626262626,0.9268885501355013,0.5804855354309496,0.648294446836699,0.5290452091603943,0.586222964956326,0.887417400574598,0.7754273107907568,0.8276945006041114,0.646766675361877,0.33669146295200203,0.5620030003614531,0.8213345072854572,0.8480184423396997,0.0,0.0,0.0,0.0,0.0,0.0,0.0,0.0,Rustam Rustamov,3018.0
16.926795579417476,160.13711691373624,-57.37104997189023,-15.284532869404586,-11.375148231479379,3.988390410958904,-5.675304338351569,-31.149505626397985,-10.19227209782734,12.317322780611727,0.20390000000000003,0.45309999999999995,21.9,0.10400000000000001,0.010700000000000001,0.048073957572894746,-0.369654348974166,1.2058792340655393,0.56200659813389,0.8347578802513371,0.7976206099664747,0.5419411583837346,0.6569361465572296,0.37187836417699816,0.49974801327129503,0.9062252113989949,0.932756317034283,0.9068630925135717,0.6752448412517283,0.2745013177014192,0.6483099340989456,0.6517978829478379,0.8349606572861032,0.00188679245283018,0.0075471698113207504,0.0,0.0,0.0,0.0,0.0,0.0,Rustam Rustamov,3018.0
20.535782260952068,180.05030571266815,-57.0456419235565,-14.512996289829692,-10.843453048629275,4.0,-8.177888216127972,-30.941849444757906,-10.514925064578605,13.945470140366945,0.20670000000000002,0.4699,18.8,0.0673,0.007999999999999998,-0.004271270399861357,-0.09165887798255604,1.2960630798866093,0.6599261074093424,0.8931925559365193,0.8313584110041475,0.6172285048645377,0.8037989071426898,0.5301578546052597,0.42844254415105915,0.8766015999498938,0.8547509846907954,0.7868379905251364,0.41048117935514294,0.46786036180029766,0.6838650131732581,0.7769223101581652,0.786489253549425,0.0074074074074074,0.0,0.0,0.0,0.0,0.0,0.0,0.0,Rustam Rustamov,3018.0
19.910793389670992,175.62227013503284,-60.161138855094734,-14.24095139207671,-10.866492674957884,3.996666666666667,-3.571860754335179,-36.1152322515777,-10.606866274045851,11.243597825231912,0.2503,0.42679999999999996,17.5,0.10089999999999999,0.0183,0.11700131676602263,-0.19511973975766447,1.374975447406759,0.6941250389044507,0.8743040293040293,0.7039678649237473,0.6341449531571015,0.569505524431995,0.35856582545521165,0.5694129019129018,0.9874007936507937,0.8854763700351935,0.8426553185376715,0.5504342039271707,0.3344899347360984,0.4261639052195318,0.7160439968528204,0.7915499533146592,0.01005291005291004,0.0,0.0,0.0,0.0,0.0,0.0,0.0,Rustam Rustamov,3018.0
18.475095147419793,170.09117991191602,-64.97295922282557,-14.108036836345525,-11.007194894544565,3.995959595959596,-10.175360984529755,-37.14120669369497,-10.810699909688822,14.273580500018474,0.22010000000000002,0.40190000000000003,25.3,0.1105,0.014000000000000002,0.39542895988893106,-0.4610292261130703,1.0094843735120511,0.5424743407166552,0.7880702472230796,0.8639031266949926,0.5370488057005871,0.46686062130244466,0.37553714824577705,0.580776777489794,0.8829252484299805,0.7250704844093376,0.7198019053011856,0.5933664230030729,0.21930749897539306,0.5971624517112124,0.7245814022268166,0.6932038410919824,0.01659168314855107,0.0,0.0,0.0,0.0,0.0,0.0,0.0,Rustam Rustamov,3018.0
17.53250151249468,151.19191377326052,-64.95245385470479,-16.228330444744763,-11.82551547370887,4.0,-4.588239429556177,-40.475648771773805,-11.09063558047541,15.255915845554245,0.2237,0.43879999999999997,24.0,0.0656,0.0047,0.3708916606793854,-0.24762513660831856,1.1675027602462065,0.5169112221818161,0.862629389873972,0.7430737257443691,0.5728253859725567,0.3835406665848783,0.369844257392748,0.35795731873564457,0.8276374676220055,0.7361579946111714,0.8686576314799094,0.4599605418618557,0.37272309443424406,0.38422027041873885,0.8230706054287437,0.6812174306478482,0.0,0.0,0.0,0.0,0.0,0.0,0.0,0.0,Rustam Rustamov,3018.0
19.258769087114278,165.55761507268312,-67.51976602809509,-16.347549925991004,-12.753611251295402,3.994107744107744,-4.249733782512935,-40.20282514750502,-10.987112109719595,13.02695844482111,0.2044,0.41669999999999996,24.9,0.054700000000000006,0.0036999999999999997,0.18709676763342092,-0.09344593982391691,1.1882252042273695,0.5578818201380991,0.7974355669456644,0.8554422956338555,0.514903249402475,0.5010369107729153,0.3742296718521338,0.453482633946167,0.9366412213740457,0.816895757828684,0.814498081790779,0.5241315021698314,0.2353731724469726,0.710707909593786,0.7502575837145333,0.8744107744107744,0.00348444721400009,0.0,0.0,0.0,0.0,0.0,0.0,0.0,Rustam Rustamov,3018.0
17.576692180345102,172.4001357908675,-60.105844849424614,-15.225446191740991,-11.855324302694317,3.9986666666666664,-5.833732645350585,-34.208046868087735,-11.252173310669624,14.270211802451964,0.2088,0.3813,24.5,0.06359999999999999,0.0036000000000000003,0.1626814411002539,-0.16776692335830187,0.9264552267590884,0.6486425341039704,0.7886275832515074,0.7926188352036482,0.37668613982503574,0.6245876968136145,0.414213323297016,0.4929480083824524,0.7850029122912836,0.8221245215281826,0.6296443955804177,0.41615459085390993,0.35490456168926154,0.5187617858629633,0.6866363779119112,0.796945662426132,0.01610738255033557,0.0,0.0,0.0,0.0,0.0,0.0,0.0,Rustam Rustamov,3018.0
16.898295464905654,166.72837763051828,-73.89217482801995,-17.458509059588327,-12.581558212508341,3.998979591836735,-6.920573762421446,-42.13213849854235,-11.80575143473932,13.007376547943093,0.18380000000000002,0.421,22.4,0.11349999999999998,0.0021999999999999997,0.04166764548753474,-0.06811415385826461,1.1240467155144311,0.5749772522495585,0.6304123587817351,0.7359186908065711,0.6154393631587319,0.6105339682562858,0.4242607802940747,0.3716858112120298,0.6226996785318099,0.6781216597828257,0.7303154233307437,0.4628330623381897,0.42202403361977936,0.3907161863804232,0.7163497633620205,0.664668548836207,0.00078125,0.0,0.0,0.0,0.0,0.0,0.0,0.0,Rustam Rustamov,3018.0
17.65123609631861,150.71563407132842,-60.72209444035847,-14.52383152588735,-10.422275406735547,4.0,-6.32314648518357,-36.53871537880258,-10.695195478490204,13.781069834740787,0.23399999999999999,0.518,22.3,0.0629,0.0021000000000000003,0.05386752147161085,-0.3072463028653958,1.200967133081546,0.550069100664698,0.902975338662994,0.7703433508802467,0.5066091020799695,0.5519657886652356,0.43357846153353796,0.5740027141558064,0.8309839369109703,0.8327727315188636,0.9017199890080654,0.7554857392810699,0.5049909946807991,0.5077470018710677,0.6954059978914221,0.8637135782846951,0.0,0.0,0.0,0.0,0.0,0.0,0.0,0.0,Rustam Rustamov,3018.0
22.652578537291067,193.74544662439988,-47.068956989814886,-15.723786959803874,-10.837429129998187,4.0,-2.2663854811672706,-24.423807774868813,-10.276367259165212,12.458819615188474,0.23420000000000002,0.46909999999999996,16.2,0.057499999999999996,0.011,-0.12408734424002159,-0.1572408963585434,0.9690585567089979,0.7339547717235042,0.9712500000000001,0.8730307372949179,0.6531656988330372,0.7065780154370614,0.4403892618762022,0.6181714536204346,0.8295407994503818,0.9329445422535212,0.9183591726164149,0.5150558538529313,0.37104355592039906,0.7170433302100235,0.8426924519807922,0.9421875,0.00123456790123456,0.0,0.0,0.0,0.0,0.0,0.0,0.0,Rustam Rustamov,3018.0
17.548335695697,168.72230352011005,-55.246970748313686,-15.808449586942737,-11.956464892582662,4.0,-2.5314439028437317,-30.15954291997956,-10.23932994830512,11.448260502340126,0.2113,0.5119,18.8,0.040999999999999995,0.0058,0.23386817634420373,-0.20307560590094836,1.3483746305064799,0.6674687372153801,0.8246947585804607,0.7699815463315824,0.5647718061368805,0.6126066711420943,0.538591969071369,0.5910212049183183,0.7800919510149187,0.7849529815219027,0.7375903582016532,0.7905223543954844,0.31340031610572794,0.7007978045071367,0.555055331373463,0.841808302285614,0.0,0.0,0.0,0.0,0.0,0.0,0.0,0.0,Rustam Rustamov,3018.0
18.68801507268163,191.4912016074411,-61.52979187620353,-13.816423949878725,-11.688318572699496,3.9983050847457626,-5.921986406755929,-36.38289397076424,-10.104319313874992,12.38584525302409,0.22200000000000003,0.5067000000000002,20.9,0.05670000000000001,0.012199999999999999,0.15510404366098968,-0.22132988980446605,1.3711967509631062,0.7187362715540658,0.8196833160479045,0.9180561942853427,0.6324993013564513,0.6043030265404721,0.40123396052949334,0.5125102391453364,0.8699980715760833,0.64030698667355,0.8572128325508608,0.6781567051916698,0.3842255550307715,0.6161015363093727,0.8329347982829318,0.8940853736846254,0.00223574562845481,0.0,0.0,0.0,0.0,0.0,0.0,0.0,Rustam Rustamov,3018.0
18.69562823962112,168.0913336810344,-73.14304641483321,-16.35063010332125,-11.902291319345437,3.991935483870968,-7.4862550058447725,-44.29632366144311,-11.777627457081481,14.678145648331881,0.1954,0.36629999999999996,30.8,0.1006,0.0106,0.28719126843271353,-0.29860220830324913,0.6749195560066386,0.5412732433222989,0.8122574010574695,0.7710552886598593,0.5347992871655863,0.5742640248150811,0.318573572385038,0.40879164194548867,0.808069702761197,0.7014942671240488,0.5989627267786483,0.37086245968206744,0.31846814580312144,0.5926496249375368,0.7596869074264847,0.7696876647037488,0.00838198212775628,0.0,0.0,0.0,0.0,0.0,0.0,0.0,Rustam Rustamov,3018.0
18.68662481517965,171.93487900356118,-56.505585388304624,-16.167132989096466,-10.226343066391976,4.0,-6.918097185623987,-29.314826434716615,-11.03419601282422,13.155010300348641,0.2123,0.4202,21.2,0.0518,0.0063,0.2185976426860244,-0.5033028446438756,1.2753316299404172,0.6336999056220954,0.9037471202059899,0.8362304930521198,0.5413627443456405,0.6966406532391327,0.31581389884387534,0.5635935447148332,0.8146018211284002,0.9036090889255275,0.7643848592575567,0.5769925815136443,0.2554375429722473,0.5296718179654959,0.8611814392758417,0.8245955425893378,0.0,0.0,0.0,0.0,0.0,0.0,0.0,0.0,Rustam Rustamov,3018.0
20.862382253716454,193.49116346159082,-66.9824578447603,-14.430101882134881,-12.411111210453658,4.0,-6.618868687998076,-40.39853912044667,-10.256156427247339,13.13231948352031,0.19280000000000003,0.5043,18.3,0.0421,0.0024000000000000002,0.07431440623928619,-0.670375332698894,1.1557289294330377,0.7395917905970762,1.0,0.767534552368651,0.6797998315967682,0.4134037942587452,0.5103425737524663,0.6452383504525411,0.8763184080843367,0.8177025656512846,0.8257471039797499,0.6804293713884346,0.2277021555560162,0.6663492115436599,0.84853278863806,0.8414593919586839,0.0,0.0,0.0,0.0,0.0,0.0,0.0,0.0,Rustam Rustamov,3018.0
18.68446568011394,172.5737239792117,-61.86855357197825,-15.774304573386276,-11.467759186935805,3.997167894467901,-5.230666991652423,-35.423488526898964,-10.860687991317626,12.891185803744948,0.2097062868369351,0.4577632612966601,21.80255402750491,0.0674135559921414,0.006852652259332,0.1155523009606384,-0.2626206585728579,1.2830134042815955,0.6375874505304386,0.8614080514356732,0.7878153920209557,0.5835738636629304,0.5600910076179904,0.4378643632348065,0.5172694295018258,0.8656784665278815,0.8320030210133922,0.8050591761829544,0.5843902682795159,0.3758710706197822,0.5636433259820064,0.7534245874426433,0.7993540508342832,0.061247141734823,0.0630831779154836,0.0481965963931926,,,,,,Rustam Rustamov,3018.0
15.448776983620021,129.36536002422093,-39.44883664446506,-15.081559393009522,-8.695913794369963,4.0,0.49459756575158603,-23.449970977983714,-10.358103383960325,13.642113339106874,0.20270000000000002,0.4022,21.1,0.052000000000000005,0.0066,0.257854939736771,-0.348877854651547,0.8833032477450967,0.41647123763302263,0.94070796460177,0.7105334577887369,0.6456934671848242,0.49472914393445827,0.4076766670575857,0.547590394495052,0.9633789169551793,0.8698974025178938,0.8899338617301339,0.42662279460695884,0.3554430148717608,0.5986381512330509,0.6638558133377905,0.7328403775576479,0.013772455089820359,0.00718562874251497,0.0,0.0,0.0,0.0,0.0,0.0,Rustam Rustamov,3018.0
16.03217996947877,150.99402537342013,-74.36137781236205,-15.979171789576705,-13.951221551888702,3.9880769230769233,-7.355413462695644,-43.702937725745684,-11.787740183902855,14.427029978370632,0.20439999999999997,0.44250000000000006,24.5,0.051000000000000004,0.0031,0.08504708771061512,-0.23459436491970737,1.2779990355132376,0.4917776112725674,0.7224866981077572,0.7459558718388621,0.4479197796430817,0.4183920428483878,0.4058632983777204,0.48380054271028633,0.7534068705532547,0.6668804279194303,0.7070334548409274,0.5184858619555864,0.25044063024649416,0.5263686841225708,0.6567141728849989,0.8422070354968472,0.003125,0.0,0.0,0.0,0.0,0.0,0.0,0.0,Rustam Rustamov,3018.0
21.285125269982046,195.56710340142433,-50.45176336349457,-15.944462439941827,-11.003733793791938,4.0,-1.610608244117693,-27.8595757236,-10.322659826028357,12.289276663985245,0.23169999999999996,0.5317999999999999,19.7,0.0327,0.0035000000000000005,0.11942371548179291,-0.20094689637372562,1.835991089087678,0.7797419236095611,0.9938461538461538,0.7237411311377164,0.6517126783885454,0.6328056595830295,0.5258979699359236,0.537577615718237,0.979032258064516,0.9610943623756405,0.9190458245402471,0.8968307866440295,0.4405136417778717,0.5479575866367543,0.8417508326642527,0.8756656316875497,0.0,0.0,0.0,0.0,0.0,0.0,0.0,0.0,Sam Shankland,2984.0
20.04833371491113,184.96894520899048,-56.717259012463806,-15.062832407141874,-11.235690426792695,3.999158035722859,-4.722461379007856,-31.643769701798345,-10.196715917216297,12.145052783770394,0.2272459239130435,0.4373451086956522,18.64266304347826,0.0570326086956521,0.0078396739130434,0.1082533694645967,-0.2419315278009339,1.7611245890820229,0.7175139627600179,0.9190105998371776,0.8108988127595395,0.6849793243770893,0.607413042057967,0.561080288433564,0.5537039791830575,0.9006412951617362,0.8880167525602747,0.8759054781349163,0.7287492941793495,0.4549192927013933,0.5106768674759816,0.7946248835439874,0.8543194315393522,0.0449548962922519,0.0524347647771668,,,,,,,Sam Shankland,2984.0
19.091965772629237,167.1313165610714,-73.61451308740082,-13.947115954604328,-13.144532335829876,3.9846153846153847,-8.437862301211815,-45.99197743266846,-10.324040179441747,14.24639973174001,0.23720000000000002,0.5545,20.9,0.0756,0.0214,0.227083426389647,-0.13689845068190146,1.7867337415568858,0.6152307945557419,0.7794319759541534,0.736848515222613,0.7002685054895421,0.5919788929542126,0.5144056305679369,0.40445607696607605,0.7681673507446357,0.7401599704799285,0.7802384229555712,0.7455164339327859,0.5941571275844757,0.3590711641518627,0.7885881287104897,0.8649849922797529,0.0008130081300813,0.0,0.0,0.0,0.0,0.0,0.0,0.0,Sam Shankland,2984.0
19.435217236467235,190.26208775157303,-56.40007606539767,-15.000855081737432,-9.889769359576258,4.0,-4.240786827551533,-33.48989384798208,-9.927369966634675,12.14859901808431,0.25010000000000004,0.5372999999999999,17.3,0.0779,0.0067,0.19387702439173027,-0.31688811188811183,1.8590000495147556,0.7012319830689924,0.931875,0.8705328207391314,0.652574137457527,0.5885845644728611,0.5729586620991222,0.6205773817801573,0.9475524475524475,0.9515078671328672,0.9304969426708558,0.7832361327992396,0.38830581066097103,0.5676536899091247,0.827991614866615,0.8579121359387296,0.0014492753623188402,0.0,0.0,0.0,0.0,0.0,0.0,0.0,Sam Shankland,2984.0
19.86510470274272,189.6588106524096,-56.23534680065222,-16.1959964827985,-11.068235923517648,4.0,-1.2243938603359634,-32.88740485903595,-10.225252343938696,11.365936668974523,0.25320000000000004,0.5484,18.7,0.091,0.0079,0.26395394181150084,-0.28355135335209114,1.9206572945173488,0.7157725648089559,0.9514285714285714,0.8183009834120846,0.7797640524031937,0.5642918546048878,0.4774192797273825,0.5873327018099201,0.962155388471178,0.9711278195488722,0.8567424998883437,0.8543033210374705,0.38742310061113655,0.40532157755874865,0.7057637890416691,0.8528529962844781,0.0043859649122807,0.0,0.0,0.0,0.0,0.0,0.0,0.0,Sam Shankland,2984.0
21.357274580995643,195.07554519262789,-53.62657077990182,-13.599424827222382,-10.876265316805803,4.0,-4.881028599291539,-31.198132286116323,-9.66451109778863,12.592791347322851,0.24600000000000005,0.4448,15.8,0.0593,0.0060999999999999995,0.13726554383284084,-0.25901027260040543,1.7811527257569921,0.8101264749519048,0.9257767156025947,0.888999440484589,0.6025870346597502,0.5597056302478502,0.5560818459764938,0.669327499874489,0.9247524752475247,0.8377523751489019,0.9874189143052237,0.7576661587292979,0.42617771478158745,0.5207455949593662,0.905955595559556,0.9900990099009901,0.0,0.0,0.0,0.0,0.0,0.0,0.0,0.0,Sam Shankland,2984.0
20.294503991796553,198.38494847370112,-57.994119390152186,-14.93029539398483,-10.802361383752059,4.0,-2.8968242892665175,-35.06919879400667,-9.912077022587379,11.616637493445257,0.2759,0.4011,19.0,0.047,0.0017000000000000001,0.03515306284631746,-0.0795194104848503,1.6491410794297632,0.8335899389346505,0.9124209124209125,0.8884921432452751,0.655672670024197,0.5150718064121805,0.6572320621002117,0.5373510689956005,0.9827756988773938,0.9334457853617766,0.9308195623572008,0.6359159740813126,0.3662988720837293,0.4934949356260936,0.9474794786270196,0.9922077922077921,0.0,0.0,0.0,0.0,0.0,0.0,0.0,0.0,Sam Shankland,2984.0
19.331832211863976,169.69954210869363,-58.930596709442526,-14.856093169795528,-10.659577218695267,4.0,-5.5252220619280505,-34.11508537021241,-10.235930531906032,12.461311643094763,0.22079999999999997,0.31920000000000004,23.0,0.0526,0.0038,0.24788146031340225,-0.24192725888733144,1.5047745853780337,0.615492971427975,0.9341490879063133,0.783422697183979,0.5703934066760429,0.5562218925591076,0.735275726894224,0.5457003206921666,0.8647377131842451,0.9285870696685304,0.8489472243121494,0.6392643259647925,0.34961918491655286,0.43389809408685265,0.8751104957270661,0.7735144997548659,0.0,0.0,0.0,0.0,0.0,0.0,0.0,0.0,Sam Shankland,2984.0
19.459423117097227,183.50725909303154,-50.19671674554478,-14.092587265363202,-10.91848489633977,4.0,-3.0934929413021615,-27.823570626947106,-9.923602698902545,11.655021683310006,0.24930000000000002,0.4551,17.3,0.1055,0.0317,0.06304230535443742,-0.34128540670740154,1.7071236731827562,0.7287841056025359,0.8546254978567103,0.7835268731154434,0.5767382839121525,0.7120044071531486,0.6453102980741576,0.5297240740815629,0.9473096723096723,0.9811965811965813,0.8923556595276942,0.8509123592456926,0.4707082437655118,0.5134419900828411,0.836176549356374,0.9742905405405405,0.00246913580246913,0.0,0.0,0.0,0.0,0.0,0.0,0.0,Sam Shankland,2984.0
19.631796616236404,183.94898060135264,-54.71917326478931,-16.051342379248375,-10.202721160767787,4.0,-4.32493230760222,-29.454855065825445,-9.806633313500353,11.121310962154867,0.21309999999999998,0.409,19.9,0.030199999999999998,0.0014,0.14544513576909496,-0.26870528502048574,1.8523061204555957,0.6968388039148877,0.9782178217821782,0.8785999489730832,0.627295372050792,0.6815536082069313,0.6018706740107295,0.5983693024927828,0.978906314828645,0.8575608900943349,0.9197530864197532,0.6460172017188729,0.5419366658050352,0.49509050854425657,0.7366021877377013,0.9176012793176973,0.0,0.0,0.0,0.0,0.0,0.0,0.0,0.0,Sam Shankland,2984.0
19.097613035814593,154.4419230110316,-55.457757466208264,-17.121552017035505,-10.894760952928568,4.0,-4.929883688057005,-30.174574584262967,-11.451897826210148,15.114911602285925,0.2009,0.2352,23.1,0.04820000000000001,0.0058000000000000005,0.13078010433236864,-0.18307934271473356,1.4541481012304307,0.5604045085852557,0.9555023923444976,0.6545650435873203,0.6581476143457835,0.635621226288241,0.4341809881662325,0.3398282059489131,0.8337513308600581,0.8927619600519936,0.8501429906584816,0.5401061634200734,0.40610768993401924,0.4233031242161845,0.6599759173403101,0.7534418483340815,0.00164735819995982,0.005839416058394159,0.0,0.0,0.0,0.0,0.0,0.0,Sam Shankland,2984.0
22.25098818316396,213.339687469699,-52.977431661760285,-14.418201943380947,-11.151415288312808,4.0,-3.7815461396671437,-29.362281559636006,-9.554532963436262,11.290546232672892,0.22610000000000002,0.5867,16.0,0.043300000000000005,0.0029000000000000002,0.05803362500338871,-0.0761675780970674,1.7554891469004112,0.8645910382057271,0.9947368421052631,0.964516129032258,0.7791601747502168,0.77365081654033,0.6097727149994712,0.6770397653034569,0.9929824561403509,0.968421052631579,0.9369565217391305,0.8344567892560901,0.48713724818000853,0.49478131798242053,0.910621957744457,0.8406519724908325,0.0,0.0,0.0,0.0,0.0,0.0,0.0,0.0,Sam Shankland,2984.0
21.418147225387926,187.69462217905712,-57.50034506370662,-15.081010217440602,-11.242717830042494,4.0,-5.7293451383533505,-32.05871604387532,-10.154253287834909,12.765697453840064,0.21589999999999998,0.5055,14.1,0.03269999999999999,0.0053,0.0154474510995848,-0.4222219436787672,1.7076672397778534,0.6882606256382958,0.9688524590163935,0.8125300813008132,0.7891397742827894,0.6130575677897192,0.6540175558605386,0.5834327845356285,0.9221520172073016,0.9429268292682927,0.8143887388509642,0.8182233449477352,0.43443262208903777,0.5088203280247636,0.848766550522648,0.8918476190476191,0.0008130081300813,0.0,0.0,0.0,0.0,0.0,0.0,0.0,Sam Shankland,2984.0
19.961632133537627,190.34381075197126,-66.40475713363762,-15.292851815067177,-11.264828268028909,4.0,-6.7063606185028934,-39.504935854327286,-10.58439916209193,12.948618584380572,0.24699999999999997,0.4243,19.7,0.0655,0.007200000000000001,0.21882369560913043,-0.15040969783950192,1.500089799404416,0.7671412801763828,0.8703767123287671,0.7930203411209462,0.5540239199681194,0.4732936069144009,0.5275886761577793,0.6527962959414138,0.8416560121765603,0.7815364517466658,0.8529394026360704,0.7837865328279914,0.27461749759504667,0.44405160263754073,0.8352613176077603,0.7556089768197589,0.0,0.0,0.0,0.0,0.0,0.0,0.0,0.0,Sam Shankland,2984.0
18.718513141069796,176.64088803490554,-60.07498117135658,-16.051232837417462,-11.232310022372605,4.0,-4.526740948340865,-34.39758163697867,-10.401780234196403,12.534664507949419,0.23099999999999996,0.48949999999999994,19.3,0.0366,0.0064,0.09355737393517174,-0.36729761593361043,2.015793699450456,0.6716870090872797,0.91287284144427,0.7229988350528271,0.8303811800525883,0.5049570062107991,0.5094109911343881,0.4320372950675119,0.8912331773635518,0.906092778325106,0.8686416989711082,0.8363342830009497,0.5410266555756469,0.35419411969786324,0.697654015192048,0.7841969505365698,0.0,0.0,0.0,0.0,0.0,0.0,0.0,0.0,Sam Shankland,2984.0
20.657201128902912,174.3129148131606,-56.64675528581481,-14.203250579333636,-11.535493872032857,4.0,-5.768233524390945,-31.84532934520459,-10.566080241808192,13.27163227695541,0.2746,0.39649999999999996,19.5,0.10389999999999999,0.0222,0.23347121020333592,-0.3092944539375881,2.133201721064618,0.6995302429980248,0.9182673709269453,0.8411362321888639,0.5907423772813198,0.6839337669867802,0.44139547987568023,0.43669753586337895,0.8196520306972493,0.9279266693277071,0.8143456416243373,0.7899392561874488,0.43304317312803847,0.5389574367401915,0.8324318914168538,0.8152589279442006,0.00075187969924812,0.0,0.0,0.0,0.0,0.0,0.0,0.0,Sam Shankland,2984.0
17.970618249517102,166.75585090848364,-55.18111996128134,-14.308768735382795,-10.595700003694956,4.0,-5.3410382260812685,-30.828316798510485,-10.126120862239944,12.018824664628108,0.23190000000000005,0.46980000000000005,21.0,0.0694,0.0040999999999999995,0.19767251492861246,-0.43009191801874724,1.6759508489278931,0.556930932052771,0.8846505950564542,0.8547987438617823,0.6181000795516729,0.6737834940454668,0.3989744348748171,0.5406872644282725,0.9259746348808889,0.8054229145146534,0.8537237901201978,0.7934263531881951,0.46350981995279417,0.46208510179684004,0.7909000673728294,0.7712536761944639,0.0,0.0,0.0,0.0,0.0,0.0,0.0,0.0,Sam Shankland,2984.0
19.77537140167528,175.56035679460786,-47.9921562505608,-14.725622886536268,-10.58670126546929,4.0,-5.025072637263463,-24.040636819024517,-10.204292365740226,12.590169723472966,0.22749999999999998,0.45120000000000005,17.5,0.046,0.0,0.04920042463228512,-0.0925845762557259,1.9259055119870734,0.6297083749925417,0.9667881646655232,0.7949603388660982,0.5473638561913596,0.8441219534797515,0.5820392424652577,0.6112664506161068,0.9536945202082816,0.8295405289509062,0.803951053773479,0.7593657444586646,0.5641659282881484,0.5715751924889763,0.7614511952439402,0.7936508361921097,0.00091743119266055,0.0,0.0,0.0,0.0,0.0,0.0,0.0,Sam Shankland,2984.0
21.684640871397836,185.94667576775936,-53.4246966892448,-13.602582877505478,-11.282739360654336,4.0,-3.002092403640391,-31.167646958591227,-9.413303322924067,11.043668234070712,0.22140000000000004,0.517,16.0,0.0397,0.0025,0.07836874884088509,-0.5013768160517387,1.7224902330784684,0.8464780317721494,0.9138636363636363,0.7060918602095072,0.6516665790350001,0.8403541118324401,0.714954430101489,0.6249080657904187,0.8542383107088991,0.9772727272727273,0.9239160839160838,0.6101368417157891,0.6859308192667325,0.33854659501718326,0.8518894830659536,0.8803183091418386,0.0018181818181818102,0.0,0.0,0.0,0.0,0.0,0.0,0.0,Sam Shankland,2984.0
20.27627216352758,176.78110080602585,-49.527564682595866,-15.864903877432653,-10.15521934202433,4.0,-2.7215793489995073,-27.40434757041145,-10.059441217784682,12.677926674056756,0.2254,0.44370000000000004,17.0,0.049999999999999996,0.0031,0.16982283051630756,-0.4124397109000689,1.8210594143921792,0.6827593404519141,0.9648351648351647,0.700661437598836,0.6521515576165033,0.51093868005226,0.5700577620015712,0.6887841194274273,0.9343463433118606,0.8429225806433542,0.8847296703296703,0.762578594912438,0.28595751539071407,0.6347916099382747,0.7980307605157138,0.8324180177846845,0.0008130081300813,0.0,0.0,0.0,0.0,0.0,0.0,0.0,Sam Shankland,2984.0
18.23342360371642,166.91663554311668,-61.66163168182406,-16.147023998543904,-10.380256448564683,3.996969696969697,-7.416594572675929,-32.72865159771954,-11.32911186216512,12.343037100875424,0.2206,0.4426,24.6,0.0682,0.0033,0.21500622004584685,-0.18403135462846415,1.744134975535771,0.5922339303551276,0.8115606060606062,0.7967119286836519,0.6485053693651871,0.6594865192879104,0.4257547009599619,0.5573218449719863,0.721402044385356,0.7593662656651539,0.7047060703728153,0.6011594532986051,0.48443562114348476,0.4926994154405587,0.7526459599496438,0.7963455892749132,0.0033057851239669403,0.0,0.0,0.0,0.0,0.0,0.0,0.0,Sam Shankland,2984.0
19.673994051932002,184.99483521855691,-65.68013178033513,-15.302136917444628,-12.187962292204258,3.9883333333333333,-9.22773494977576,-36.404635842035376,-10.397965914411083,13.851970802202638,0.21069999999999997,0.5418000000000001,17.1,0.0783,0.0157,0.07015104884384875,-0.34982292201599624,2.2424548733357743,0.7357002553525696,0.8133918063320958,0.8626280133068353,0.6175274057855547,0.5916762591665929,0.5392667731239922,0.598524778502209,0.9355031446540881,0.8262480136862365,0.7644145885357871,0.5243237637031255,0.6677214563449981,0.7361478144227684,0.9399189189189189,0.9044513221120691,0.01913043478260869,0.00869565217391304,0.0,0.0,0.0,0.0,0.0,0.0,Sebastien Maze,2801.0
16.731886887362602,169.902446961276,-62.61793926030955,-12.766543811235284,-10.859478461716671,3.5696271929824563,-5.854257869610391,-37.14541607222035,-9.512570297874191,9.950700059364888,0.179,0.5189999999999999,20.5,0.08729999999999999,0.0104,0.2912395651449644,-0.3839114981982693,1.594393970304617,0.811692118226601,0.8729844640746945,0.8067155884309528,0.7034725273089129,0.5721672797305726,0.5181314896737016,0.48190484953853885,0.8733740684602752,0.8883632388099068,0.874987231680237,0.6804090251534827,0.6894618938668946,0.7512611146411678,0.7692431553468271,0.8290733863837312,0.0,0.0,0.0,0.0,0.0,0.0,0.0,0.0,Sebastien Maze,2801.0
17.834357683982685,163.01269047619047,-58.224445136649535,-14.217348484848486,-13.279538751368154,4.0,-5.9060227272727275,-33.182359307359306,-10.26988474025974,14.630708874458875,0.1851,0.5774,23.0,0.07849999999999999,0.0067,0.00765313852813853,-0.12174350649350649,2.1299561688311686,0.6302674485341663,0.8816719971570718,0.7633239039385132,0.5179728946247169,0.49841659502530966,0.6661484880597401,0.5773098809313117,0.8803714347517072,0.9250217661691543,0.7905201226128441,0.549161644485791,0.7607773004783295,0.8023996946986044,0.7542610808116526,0.7618388247734034,0.029653679653679647,0.0,0.0,0.0,0.0,0.0,0.0,0.0,Sebastien Maze,2801.0
21.124402220895476,180.10738517259844,-57.835503559121946,-15.0744260476938,-11.668220040249102,4.0,-5.30893962252034,-31.67436530541475,-10.14515318375285,12.035600640508896,0.20049999999999998,0.43859999999999993,20.6,0.04809999999999999,0.0,0.20277661443864048,-0.2752085916438607,1.7533488841653202,0.6824321239707616,0.8697998687664041,0.9042084938246356,0.6260049331835635,0.6105998949079805,0.5534075341978866,0.5591839343175308,0.9113127052300282,0.8171335422454824,0.8421683227096614,0.6553027532125861,0.4885535119839887,0.597395054080185,0.9631928923789388,0.9453233830845772,0.00151515151515151,0.0,0.0,0.0,0.0,0.0,0.0,0.0,Sebastien Maze,2801.0
19.59161074044085,184.76484267459324,-61.06062025312309,-13.075620164679208,-12.45341519146879,3.9883333333333333,-5.050254372713477,-36.969203949033975,-9.713331366214781,12.212871457653812,0.1959,0.38380000000000003,17.3,0.06810000000000001,0.011,-0.008462696312634682,-0.5909690581974919,1.8235423549651528,0.7411356487884626,0.8857142857142856,0.8337042183774288,0.6574047345580442,0.7573685385632123,0.554520302577415,0.5122198640259494,0.9717979002624672,0.8186880468664992,0.8480439298934804,0.6858292509320157,0.532213834442994,0.6800206407534086,0.7991419769562703,0.7869674425264911,0.027380952380952377,0.0,0.0,0.0,0.0,0.0,0.0,0.0,Sebastien Maze,2801.0
21.657566471490593,187.09338184909484,-47.19790454096966,-16.630202828911496,-10.487915955524858,4.0,-3.792711035139039,-23.10215671041241,-9.908177269898164,12.723259258916306,0.2202,0.4011,16.1,0.03710000000000001,0.0,0.038903569630667614,-0.395887255123186,1.9348997629410618,0.7222990535520809,0.9798611111111111,0.836137874690106,0.6010225932849945,0.7174640730331028,0.780983756573638,0.5781241143566497,0.98375,0.9315277777777778,0.8906343843843845,0.6143226702039257,0.5632546579636245,0.7595599288734146,0.8488346830372693,0.8770675697133609,0.0,0.0,0.0,0.0,0.0,0.0,0.0,0.0,Sebastien Maze,2801.0
20.719063776280276,199.52788892779046,-57.7458072875372,-14.800290762213896,-13.203037188700216,4.0,-3.835286364156457,-30.98944951462682,-10.231019607946967,11.313276150107162,0.16830000000000003,0.3741,17.2,0.052700000000000004,0.0123,-0.083336396727866,-0.25104426887516806,2.1109398879081125,0.874671510217067,0.9026057373872753,0.8970616120463933,0.7410075137666615,0.790991715800586,0.5854015974114638,0.6329198086999628,0.8771803631497935,0.9436162809194306,0.8161246286812158,0.6895609320168464,0.6575805167548916,0.6605936868593135,0.8654916301046786,0.9511764705882353,0.001,0.0,0.0,0.0,0.0,0.0,0.0,0.0,Sebastien Maze,2801.0
22.033851620502197,196.85927408783516,-64.61226567119056,-16.253164077021044,-12.464963279433585,4.0,-5.921626664151919,-37.37746614851158,-10.154782017029158,13.559736514956711,0.20060000000000003,0.4856999999999999,21.0,0.0498,0.007899999999999999,-0.006072670185995261,-0.46549757446391177,1.8412130251623142,0.8026835427255999,0.9024013143578362,0.8148167271911921,0.4297837164273021,0.5112116581110049,0.5415327321197029,0.4566674344748288,0.8575588225588225,0.8996457360444146,0.9579522338011699,0.6225011828011355,0.6140408344609616,0.41032065184904126,0.8254699822541232,0.7771640006779502,0.0,0.0,0.0,0.0,0.0,0.0,0.0,0.0,Sebastien Maze,2801.0
18.48310373232482,170.1172470001024,-58.91572795725066,-15.430538324115869,-12.653858542559103,4.0,-4.669779169569492,-33.711363104577295,-10.347205248715408,13.897016432286502,0.2085,0.4747,21.6,0.059800000000000006,0.0161,0.08715915530494993,-0.2436729411941351,1.9318150660208304,0.6534673448728847,0.8810810810810811,0.8483680042200141,0.636401988459831,0.4814902857604686,0.5923991690168122,0.3564326831242271,0.94453125,0.8320504157559341,0.9210574748351176,0.5849501058861748,0.4172484956027883,0.6190028019293219,0.8173308496674924,0.6940315407238068,0.00655737704918032,0.0,0.0,0.0,0.0,0.0,0.0,0.0,Sebastien Maze,2801.0
18.88396669889543,172.96976667415225,-61.048174514600305,-17.286386370917505,-11.500730799264623,4.0,-4.774447060748635,-33.57440826362057,-11.114218122395167,13.202016102346187,0.20929999999999999,0.44930000000000003,25.9,0.0914,0.0123,0.2865004627960367,-0.11897072756187532,1.3646825149420798,0.6316459616751772,0.9256582343830665,0.8204400412673947,0.5463549081347608,0.5579957401456607,0.5107088661246099,0.5332700107492423,0.8629515591490421,0.7453189246160978,0.7172231362552927,0.44550269245641916,0.4636975616518561,0.4646916967239562,0.7604738201815532,0.7141059375414619,0.00231515151515151,0.0,0.0,0.0,0.0,0.0,0.0,0.0,Sebastien Maze,2801.0
19.192908829311776,175.60530471294652,-58.76580661528045,-15.702142810997476,-11.928506357749432,3.979772469999813,-6.079255809506598,-31.749782304614147,-10.3886691614956,13.10277735908299,0.2061172413793103,0.481832183908046,19.40919540229885,0.0620620689655172,0.008935632183908,0.0952133853751349,-0.2473761235674479,1.7969938992427563,0.6971166181205719,0.8756764608696154,0.7990630523787741,0.5851119323721736,0.6522222432994371,0.5668966106441189,0.5590868335987772,0.8751718356189812,0.8538655286791756,0.8258756355496096,0.6026059697702701,0.6086836902220609,0.6350442169273514,0.8063457877894025,0.8247124013511573,0.0589226753774271,0.0646881752826291,,,,,,,Sebastien Maze,2801.0
20.090993748816878,187.04890954660263,-51.130245432523374,-17.182251361282844,-11.07913871917015,4.0,-3.9220638596697013,-25.082087602996836,-10.827181913012772,12.962478023608924,0.2012,0.46950000000000003,22.4,0.07260000000000001,0.013499999999999998,0.07475234208593233,-0.2521332178021654,1.6618584038605462,0.7273206690553111,0.9189001231822352,0.8256591202757129,0.5686076734426917,0.5544845364966299,0.6633694599129065,0.4453157350203438,0.9000556773863144,0.9215184098251499,0.8921556620787043,0.5618679635058836,0.5257325563135209,0.49107062695621384,0.7162329229004091,0.7246641214645269,0.0012195121951219501,0.0,0.0,0.0,0.0,0.0,0.0,0.0,Sebastien Maze,2801.0
20.76189329189329,174.73349475842014,-47.303237403415075,-13.770463974941586,-10.158911140954483,4.0,-5.577958815645383,-24.9781357117178,-9.70293349270961,12.885165732553792,0.1875,0.4832000000000001,15.3,0.0293,0.0,0.1475433742597922,-0.2421083228545915,1.70785079486572,0.7335768418161994,0.7699081211767778,0.8862312641534951,0.6879309204700927,0.7054287673007054,0.7832404378205904,0.5570528288983522,0.7939464135761275,0.9420879120879121,0.752494739530173,0.6874156602441055,0.7505661499936309,0.6630061103070702,0.8919285294857815,0.9300893005820658,0.00288461538461538,0.0,0.0,0.0,0.0,0.0,0.0,0.0,Sebastien Maze,2801.0
22.526976030970427,205.45330820236435,-54.30972741684432,-15.782215388560427,-13.150842481140206,4.0,-6.922613199619624,-24.923446209556026,-10.611105369678388,13.080495231710362,0.18889999999999998,0.49189999999999995,18.8,0.0437,0.0066,-0.0014481253552169559,-0.25501439858926034,2.0380236560259286,0.8418416945373467,0.9953703703703705,0.8427897847766423,0.6108227719156625,0.6897472061985498,0.5006832761106264,0.6506975694531791,0.9888888888888889,0.9219967793880837,0.8701545893719806,0.6870070520295408,0.7099834906395042,0.6267724437959765,0.952,0.841707266933909,0.0017391304347826,0.0,0.0,0.0,0.0,0.0,0.0,0.0,Sebastien Maze,2801.0
18.589460787570523,164.03234678597363,-61.925000086966655,-14.990163469518388,-11.861627777614263,3.9842105263157896,-5.438495968743287,-36.97957195304447,-10.063979324785905,13.42462788042387,0.198,0.5368999999999999,17.3,0.06359999999999999,0.0035000000000000005,0.04679431700495493,-0.3554194548519024,1.9104879293695425,0.6499570691036015,0.9285432098765432,0.7505102355605484,0.492098172583139,0.6423113065651948,0.6145217304728758,0.34958076701320157,0.816317355872965,0.8276185885284502,0.819685135953395,0.6491939127798749,0.6844760012466885,0.6149583700633501,0.9393815983197615,0.8420358244619198,0.0,0.0,0.0,0.0,0.0,0.0,0.0,0.0,Sebastien Maze,2801.0
18.093817008182572,177.33092296651208,-65.21850819315037,-15.046000634670719,-12.73770069617874,3.9696271929824563,-8.337269745497,-36.8223810094399,-10.455650081202455,14.210866780856003,0.22979999999999995,0.5100999999999999,19.2,0.11140000000000001,0.0094,0.07907556452997669,-0.2094877178865445,1.7682592940096165,0.7352054425395177,0.870257258578597,0.7374464753700455,0.7276080318933079,0.5378325910726047,0.5473080989540532,0.46671127082998404,0.8344172676373484,0.8121409027615034,0.6874349120255338,0.48616830571760017,0.7297304703310787,0.538676150656492,0.766967538910815,0.8093659012951031,0.00288461538461538,0.0,0.0,0.0,0.0,0.0,0.0,0.0,Sebastien Maze,2801.0
20.110247317923584,202.13015586513075,-54.971377815382574,-15.299325580797525,-12.037203681019703,4.0,-8.753613399040344,-25.649900198568538,-10.38731030956634,13.155975353609875,0.21810000000000002,0.5399,17.9,0.1065,0.0102,0.10689985282781436,-0.22994426295469936,1.8704009778159958,0.9026022159035201,0.9242760307477289,0.8390375342282775,0.49336346089237215,0.7975821847331501,0.5499186426953913,0.6610767446487278,0.8939974757198476,0.7939276151588418,0.9500759878419454,0.6496423364155364,0.7263036162379235,0.6156759214204616,0.8563087557603687,0.8391762410434019,0.008,0.0,0.0,0.0,0.0,0.0,0.0,0.0,Sebastien Maze,2801.0
17.012880797979186,154.91906070853733,-56.223781244504096,-17.244125976144833,-10.569104384443497,4.0,-7.172119060567607,-28.660335784600317,-11.081331995969467,14.503235957221623,0.22399999999999998,0.5081,21.5,0.0677,0.005,0.1434681815958328,-0.23459159968075913,2.083318111647452,0.5487886026315463,0.8873654352671035,0.755762236377142,0.5641076109767281,0.49468912489904737,0.5777835771064866,0.46398998867211383,0.8416677131002246,0.8357801852878579,0.8499355248544088,0.5249607358083922,0.6196555961290473,0.5631431470471726,0.8378723376766487,0.7789131328499386,0.0044776119402985,0.0,0.0,0.0,0.0,0.0,0.0,0.0,Sebastien Maze,2801.0
19.63780763955122,183.7041524021534,-66.62193825080323,-16.21051186458704,-14.110404630468349,4.0,-6.55543453003732,-37.20154891073666,-10.429807159403628,13.885768844429768,0.19030000000000002,0.5246999999999999,19.8,0.053700000000000005,0.0036999999999999997,0.03893259220115163,-0.3140211586272096,2.6797243152838375,0.7622556038384082,0.8801471010454138,0.7547091614621672,0.6611983139848026,0.5839713470284462,0.5634315705952269,0.61875611861651,0.8779134762755231,0.8649591451101536,0.8522513350146822,0.6953628901815294,0.862270758917262,0.7236459170607118,0.9677701778385772,0.7690118298166038,0.01083003952569169,0.0,0.0,0.0,0.0,0.0,0.0,0.0,Sebastien Maze,2801.0
17.88724179750465,138.45483855504483,-65.7970173825156,-17.255885856354304,-12.479711605013991,4.0,-5.120631717736467,-37.70361420357517,-10.677756329985348,13.44058233014967,0.22729999999999997,0.48650000000000004,21.1,0.0857,0.006,0.29367478929417773,-0.2780518939360839,1.8954423608392375,0.4271497206497207,0.9661538461538461,0.695852207817725,0.5854636104636105,0.5068397215811009,0.48825181013112057,0.4749523637282257,0.8977008177008177,0.852063529063529,0.8109427481841275,0.47319048448358797,0.6352483442483442,0.6008040835282215,0.747875656272208,0.8820390688494136,0.00151515151515151,0.0,0.0,0.0,0.0,0.0,0.0,0.0,Sebastien Maze,2801.0
17.45443623861767,157.64042326326773,-49.06840724494411,-15.400935425002663,-10.562836707637729,4.0,-2.989075668356191,-27.234607640959382,-10.442844818106005,13.561893015117864,0.23040000000000002,0.5046,20.0,0.0536,0.006999999999999999,0.16263942703787243,-0.18239642477509008,1.7818911554521388,0.6340380798747601,1.0,0.773235920136212,0.4775535348102804,0.7181623825230629,0.4159186688371923,0.5551547158683316,0.9226333483392948,0.8028909382506401,0.8524511143219197,0.5785027787219473,0.4243663546209766,0.5867580471355638,0.8132960587754358,0.9508333333333333,0.00109890109890109,0.0,0.0,0.0,0.0,0.0,0.0,0.0,Sebastien Maze,2801.0
18.16495978964678,168.88492803426405,-58.44029147142866,-15.913539429278472,-12.946862625190889,4.0,-4.673134215776389,-30.50887145870417,-10.757750548278283,12.359866805799538,0.21759999999999996,0.4391999999999999,19.1,0.046099999999999995,0.0064,0.11544909239729281,-0.23827997096757453,2.31473648594984,0.6230995024849478,0.8752631578947367,0.7520069009070534,0.6789896465430005,0.7401285201655449,0.3612552123270548,0.5365447276807555,0.9387495232646834,0.8783310450038139,0.8302642879067994,0.7406136940848073,0.4991526399402012,0.4783721388388928,0.8357832418665506,0.8484176634768741,0.0,0.0,0.0,0.0,0.0,0.0,0.0,0.0,Tamas Banusz,3101.0
19.00627860942385,162.79022867607074,-65.41611173720464,-17.091949326536696,-12.828719962207478,3.9972972972972967,-4.927322797543718,-36.47934293428695,-10.588718399385762,12.502644385458666,0.2177,0.3501,17.7,0.0441,0.0025,0.0412964771116093,-0.13987552406029446,1.8136873488740182,0.5688445090891645,0.9168230307311903,0.8376812835256342,0.6137664412388942,0.42207971141602085,0.5385900180392079,0.6835269733210011,0.8408256578379076,0.8759400632646509,0.8303365617278526,0.6802942128075083,0.37770246022212456,0.49564382204905166,0.7793267115053276,0.9690647482014387,0.00066666666666666,0.002,0.0,0.0,0.0,0.0,0.0,0.0,Tamas Banusz,3101.0
20.5388615782791,195.69258226604978,-57.20614821372976,-16.855312219407313,-11.288717393997276,4.0,-4.45372363162146,-30.296149472596444,-10.40816183476962,12.095916338662347,0.23230000000000003,0.48679999999999995,19.8,0.0449,0.0017000000000000001,0.14717500855956106,-0.20868341728543732,1.8661061264973544,0.7532020867626571,0.9671867700644678,0.8541561039454407,0.6394679244060605,0.4519664950179568,0.5796370003448412,0.44751812263759383,0.9241075321560934,0.8388568977593845,0.8825338190985672,0.6888491669780052,0.49200779452210985,0.5987471530864652,0.6986133552180077,0.8260606788060034,0.02222222222222222,0.0,0.0,0.0,0.0,0.0,0.0,0.0,Tamas Banusz,3101.0
21.04942838934462,185.08712786169968,-56.59068319798165,-16.67582892899363,-10.3161338721388,4.0,-1.7846665054942807,-33.13791573755111,-10.432097373785215,11.755959219981383,0.215,0.5617,18.0,0.0512,0.0038,0.03711575118954465,-0.2400846133036761,2.0187669403002877,0.7369368606911836,0.8769105691056911,0.8297411832795717,0.5942035846374234,0.6762609856308449,0.46946656209760357,0.6929447764427678,0.930037815208963,0.9804878048780488,0.8430445585764497,0.7289185779401873,0.5332713790493967,0.5619844380507568,0.8980612211498897,0.9371724103880714,0.010989010989010981,0.0,0.0,0.0,0.0,0.0,0.0,0.0,Tamas Banusz,3101.0
18.83667127652255,171.57597184648415,-51.36437821141881,-16.165410103173492,-10.84220079339147,3.9862068965517237,-7.451990368883768,-24.439269729743906,-10.3655032894039,13.913789176626006,0.2266,0.32889999999999997,19.6,0.0969,0.0149,0.09706355222596878,-0.17715587390246712,1.8064340485528465,0.6137977925318421,0.9144731908511435,0.8067841869416672,0.7062968283574885,0.596549757628525,0.479382811033701,0.5197215249267576,0.8768508327830361,0.8587524280655414,0.8542666373174848,0.6824979366496974,0.4482013910488007,0.377756260056445,0.73007137325119,0.8508931142750779,0.0,0.0,0.0,0.0,0.0,0.0,0.0,0.0,Tamas Banusz,3101.0
17.805416488829856,185.7592540044219,-61.42323702070686,-17.044150433484628,-11.989903070646584,3.9855059468210974,-3.068315818719814,-33.20330447568416,-10.856625138947278,10.753555969954519,0.21470000000000003,0.5061,19.8,0.0955,0.011099999999999999,0.10918855964848376,-0.1743078441813384,1.5449455134937549,0.802427517047277,0.829637858456217,0.7537883282664443,0.5576083576840059,0.5153063492359015,0.5158644529177507,0.5241467687095787,0.8419594906308416,0.8365261953763433,0.8950123251779585,0.49022943740121905,0.4728040570527319,0.51814088008642,0.7085575622278197,0.7234144728268176,0.0,0.0,0.0,0.0,0.0,0.0,0.0,0.0,Tamas Banusz,3101.0
20.88374892650473,184.2326122795379,-65.24321405514321,-16.325806134496208,-12.818909890216617,4.0,-5.877542149915829,-36.10131649274662,-10.089272589402524,11.969633201634588,0.21359999999999996,0.48020000000000007,19.8,0.0633,0.006900000000000001,0.02472116767004502,-0.2177350189561455,1.9372298506361438,0.668710281991906,0.8744447789511647,0.8411044417767106,0.6584018211502818,0.7157619800795528,0.5721044507563168,0.4986641230923642,0.8423335528464119,0.817972168741792,0.7182011984751956,0.8311073502571761,0.588222609302467,0.47913917558401015,0.8077091263382823,0.8473036718971722,0.00066666666666666,0.002,0.0,0.0,0.0,0.0,0.0,0.0,Tamas Banusz,3101.0
20.078570224950248,197.6902049866776,-57.03830256959742,-16.835013398862756,-11.985934578131026,3.993055555555556,-5.738260709553656,-26.796429694280356,-10.938590256940167,11.262870512614992,0.2062,0.36040000000000005,18.5,0.0613,0.006900000000000001,0.1709055037396495,-0.45191695603363186,1.911570137303882,0.7909751940822872,0.8080935672547582,0.8585382103040178,0.7143588185170833,0.7243754019142965,0.4207218236224901,0.5212038010043439,0.9038877578118084,0.8569053396470856,0.8956993006993006,0.7782049835661153,0.4559923159470406,0.718555714289449,0.8944245224207519,0.9269930069930069,0.013924050632911389,0.0,0.0,0.0,0.0,0.0,0.0,0.0,Tamas Banusz,3101.0
19.388903788628475,179.90658364125073,-58.341613642059045,-15.97148356106646,-11.591018140492102,3.9969639224562337,-5.156807615519056,-31.458707197912,-10.446132850147553,12.285571800621884,0.2145446428571428,0.4496763392857143,19.176339285714285,0.055921875,0.0059866071428571,0.1065722765207818,-0.304177350964608,1.9364468529526189,0.6948960797723777,0.8965437753211896,0.8030649869371448,0.6632805163952442,0.6199545934870138,0.5391933863202637,0.5463980996919534,0.9104813429552244,0.893627979678037,0.8608295662299003,0.6831450164636989,0.5250644680902907,0.5938199734281522,0.7787856498062211,0.8312508012161413,0.0577312200443525,0.080234285895582,0.2758620689655172,0.028735632183908,0.0344827586206896,,,,Tamas Banusz,3101.0
18.870103056192193,184.59502902573695,-63.93570725013867,-15.443504425096403,-11.982707099707923,3.993150684931507,-6.43703802574773,-35.90568770959989,-10.48533226820579,12.325411593287566,0.2121,0.4911,18.7,0.056900000000000006,0.0125,0.14783033500841286,-0.46743270629720535,1.6701671590118097,0.6751838891811297,0.859995923026745,0.7526665027962274,0.7180439701647422,0.42197202948883505,0.4820558630764654,0.6398256812484637,0.8908285518889638,0.8530370768320408,0.7583007822526893,0.6822356905999466,0.4542998264989727,0.4918316132775293,0.6865466303349421,0.7672424152832156,0.016679119966791202,0.02848484848484848,0.0,0.0,0.0,0.0,0.0,0.0,Tamas Banusz,3101.0
18.991857616019804,186.59570388782848,-58.78757818039751,-16.183282334499552,-11.483468627947541,4.0,-3.199660889543515,-34.536410947555,-10.243003584863242,12.858248204011336,0.20620000000000002,0.3801,16.9,0.0591,0.0064,0.005678079087534071,-0.4218619897768251,1.898397416438525,0.7709259860514741,0.8902557778386774,0.7166913092415274,0.6177498045124077,0.6122681813994063,0.45820509856466674,0.7138738176049967,0.9739705755736365,0.8957304936982586,0.9216067016123247,0.6006135173734927,0.5537009598635729,0.49604305786634073,0.74780616842769,0.8465048415090892,0.0,0.0,0.0,0.0,0.0,0.0,0.0,0.0,Tamas Banusz,3101.0
19.725805887879055,172.9536566956079,-61.258811432041,-16.813373618251667,-12.09823784573571,4.0,-0.5786548817036621,-36.51563375648742,-10.372193944267117,11.119282614404566,0.1975,0.44820000000000004,16.9,0.06090000000000001,0.0091,0.06161344075978224,-0.42298771689015585,1.7814973779607925,0.6447234773256179,0.8847051066504464,0.7398404114816894,0.7231822656714131,0.7045298324056184,0.4188908433731049,0.5171625979056993,0.9650921196120071,0.9343984962406016,0.908602466236054,0.6767384172221312,0.5038872262684765,0.5540174724495374,0.7202650919895733,0.8568106085281659,0.0,0.0,0.0,0.0,0.0,0.0,0.0,0.0,Tamas Banusz,3101.0
20.625388016416654,183.69859389654943,-57.961437431171966,-15.73539171683468,-11.364199555465836,4.0,-7.785744029872968,-28.490890554192426,-10.68171284455959,12.09650126975355,0.23479999999999998,0.5358,16.0,0.0829,0.0081,0.29980481275954,-0.42853139341861146,1.964924397666359,0.7504399561630949,0.9274544988464497,0.8223216053994792,0.617629289470988,0.5208731893229334,0.814227563648944,0.530152925038214,0.8801856715669107,0.8659479304766204,0.8198931679823941,0.7123060899000748,0.5323167695250853,0.533921621160111,0.7231792561532281,0.8678096868485717,0.00212765957446808,0.0,0.0,0.0,0.0,0.0,0.0,0.0,Tamas Banusz,3101.0
19.49312450724627,187.75356482952344,-68.2178055572167,-15.222044485799898,-11.888180033231796,4.0,-3.042745967215133,-43.29841363699123,-10.628294304512147,11.861872870533501,0.2124,0.4829,19.8,0.08020000000000001,0.0033,0.08114412510349014,-0.22592351855093215,1.6351651869217327,0.7356933114324311,0.8152485003219649,0.7651642647833014,0.689762937564104,0.6866911868263761,0.5037174277796366,0.4474759328227197,0.9572333333333333,0.8394738459163194,0.8452476445123505,0.5120623446023547,0.5725407788444259,0.6345201177112025,0.6900093907179037,0.8431243522664242,0.0,0.0,0.0,0.0,0.0,0.0,0.0,0.0,Tamas Banusz,3101.0
19.262280533319263,182.4751755951814,-56.72274232288614,-14.996692432184934,-11.363253918207052,4.0,-4.690841787152372,-31.679365979053124,-9.741812707651057,11.749224501362388,0.22760000000000002,0.5086,19.2,0.0752,0.0054,0.07020514204351683,-0.19419899533982932,2.3430123663979288,0.731569757864388,0.9933333333333334,0.7879871198639528,0.7245129359101227,0.7782025632198769,0.5738057391293967,0.42127125928275755,1.0,0.9733333333333333,0.8945090198169379,0.6843179805101371,0.5363391960543906,0.7230144364161959,0.848583900260342,0.8133741454953576,0.0,0.0,0.0,0.0,0.0,0.0,0.0,0.0,Tamas Banusz,3101.0
20.81430439865043,169.6975955686541,-61.591619226530455,-15.071856600529028,-11.8571822362274,4.0,-5.610789167736341,-36.60528863829139,-10.193650396801418,13.747147813055118,0.233,0.3976,20.0,0.0409,0.0038,0.2283550174840434,-0.42309186136955185,1.797344783718507,0.609116891389574,0.9601851851851851,0.7378264608198819,0.719405287820669,0.48100162101519883,0.4198623965753777,0.45318799232119983,0.9169409349451574,0.8596455223880597,0.941651119402985,0.7678596841980243,0.32533068257326386,0.595254373583751,0.9038885433941404,0.814711629188276,0.0,0.0,0.0,0.0,0.0,0.0,0.0,0.0,Tamas Banusz,3101.0
17.80275517782541,161.7101517386526,-59.35814064817792,-15.971505167275746,-12.425161613424686,3.989702409069438,-4.851973723227982,-31.15657254873971,-10.524721930450097,11.58209192587086,0.2133,0.46770000000000006,18.8,0.028200000000000003,0.0041,0.015682958103563238,-0.1330946611291687,2.172895768283681,0.6520132332162824,0.8328157095620486,0.6672900722656534,0.7670299065830358,0.5790008811854189,0.4988386109471321,0.6221858796401645,0.8178810494174931,0.8776566617023714,0.8002383019518504,0.6463923847614022,0.6141958999732414,0.6495890212575148,0.7674904922962441,0.8528258651814582,0.00340639269406392,0.002,0.0,0.0,0.0,0.0,0.0,0.0,Tamas Banusz,3101.0
18.97468900643785,169.0060506531451,-61.31143087396623,-16.03229758072134,-11.093719406553138,3.9972972972972967,-7.1000318044242405,-34.73154986443264,-10.467487004800093,14.11635748966791,0.21080000000000002,0.3746,22.3,0.0842,0.0059,0.10845675396664842,-0.11524006381922855,1.8438122738556533,0.5870907142888353,0.9257882740281118,0.88493257938234,0.4530571306218952,0.48839201674935007,0.4105663053548908,0.5503494462882967,0.855113628252113,0.8769478000250764,0.7934910551933646,0.878641632535928,0.25023748715748406,0.3821877033954405,0.7029463105930153,0.8252836245506501,0.0,0.0,0.0,0.0,0.0,0.0,0.0,0.0,Tamas Banusz,3101.0
19.963828977192456,201.53425822532247,-61.39912033110975,-16.384845029564367,-11.521191334508615,4.0,-7.041235047288341,-32.19013376788766,-11.153598420191946,12.89188326833119,0.21000000000000002,0.4145,22.3,0.04379999999999999,0.0027,0.01669075687813521,-0.19581818260273806,1.6153541541163214,0.7981083809190236,0.8534668769652176,0.8064891352501972,0.649099498092861,0.5497675246715168,0.5533376636361711,0.6281655813184013,0.8100963943124821,0.8501194234869608,0.8278957775226431,0.5119638593840317,0.41029000656056197,0.5716801437274295,0.7319939767595295,0.7885605256586633,0.0,0.0,0.0,0.0,0.0,0.0,0.0,0.0,Tamas Banusz,3101.0
20.836648349084776,179.27129532110396,-60.61234338624166,-16.000315282705433,-12.33517990477086,4.0,-7.33563310661021,-29.401948794220864,-10.655398466740483,11.116132168806171,0.21319999999999997,0.4427,16.6,0.054000000000000006,0.0021999999999999997,-0.014579767389463228,-0.3887471298569697,2.078579061364524,0.7007101001639474,0.9757575757575758,0.8654105511588164,0.7330067199190031,0.5132886346957322,0.6092709288520466,0.6522175922503226,0.862605206280451,0.8610404724893097,0.8712160001379173,0.69036361986131,0.5713006861694482,0.5294701513904575,0.8497393253306914,0.9309732933328438,0.010989010989010981,0.0,0.0,0.0,0.0,0.0,0.0,0.0,Tamas Banusz,3101.0
19.63827155473891,183.99610106956166,-57.50732784312661,-16.53521138401172,-11.377296883974392,4.0,-5.2115895515973625,-29.762448573534726,-10.719041776667076,12.098260326658671,0.20679999999999996,0.4144,18.4,0.058199999999999995,0.0097,0.06476375055646807,-0.2020002560667522,1.9913339334747349,0.740860539998662,1.0,0.8461575545666454,0.7641810167035329,0.718681964762067,0.5856222786901807,0.5983361160155064,0.8649468817627385,0.8869020685197156,0.9365579607558218,0.6267575493372337,0.5608541381664371,0.6515179259284964,0.8081896825550585,0.686015913353103,0.00396039603960396,0.0,0.0,0.0,0.0,0.0,0.0,0.0,Tamas Banusz,3101.0
18.40897732293872,162.9361496054375,-60.07787168231209,-16.296499698258053,-13.109803148047575,4.0,-4.990296913283133,-33.01961378183755,-10.734386618499165,14.072728477613392,0.22689999999999996,0.4518,18.0,0.0536,0.0054,0.10388195478468536,-0.5111964558362568,1.3749270644695326,0.5332552626307328,0.8150462924172601,0.6761203460712081,0.6204149084162794,0.44403635995245966,0.417791586867875,0.610905747430087,0.8372941025250409,0.8491678885630499,0.8026839553657361,0.810864778064045,0.35877724891246643,0.4626621687115022,0.7880225230077872,0.7328557552625329,0.0,0.0,0.0,0.0,0.0,0.0,0.0,0.0,Vaclav Finek,2958.0
17.857580551282936,166.7750113856353,-66.56537816933835,-17.8724978664443,-10.608370611893514,4.0,-4.2106765086716695,-39.72337856317775,-11.041070996958352,12.890616377807234,0.20779999999999998,0.2717,21.6,0.09870000000000001,0.0049,0.03747092478799252,-0.0735777273239023,1.766572759201895,0.5919852111735776,0.9971153846153846,0.8161753135227169,0.5777258533688326,0.5012631881279488,0.49204816605676865,0.3075695108953627,0.9017344312623342,0.9064380286731124,0.8136646594870479,0.45452897781700796,0.41831520467910643,0.4660460632537635,0.8267964152359909,0.7978913332083926,0.0007874015748031401,0.00393700787401574,0.0,0.0,0.0,0.0,0.0,0.0,Vaclav Finek,2958.0
18.5668933114457,172.87450636087846,-61.475257655062734,-16.41546303741029,-11.454966130301663,3.9813001277118607,-6.008043172269193,-33.4387388548699,-10.661823509752216,12.52247692182867,0.2142966101694915,0.3858389830508474,20.266949152542374,0.0645550847457627,0.0071440677966101,0.1572107868422748,-0.2693679404392897,1.6607814489799673,0.6565545181107341,0.8824523738574569,0.7856273078263531,0.6335381012374559,0.5777151540382061,0.5019845106776164,0.5596047200997637,0.881663888398216,0.8394266475393113,0.8378817385256618,0.6580611658958847,0.4724431012053129,0.5033501674364494,0.7735514832879574,0.7851260728823158,0.0348664863976014,0.021756966314755,,,,,,,Vaclav Finek,2958.0
17.621829699768703,155.93889873011912,-57.51049919461866,-16.91084355126673,-11.952670647986379,4.0,-6.329839651886042,-29.24106001809069,-11.116210605456986,14.040125280068176,0.2072,0.41900000000000004,21.0,0.055499999999999994,0.007000000000000001,0.2928695234403259,-0.200386334237868,1.6917468362523915,0.5037129069407494,0.8237050105857445,0.7802577314220444,0.6136568167278964,0.5041231574855448,0.48254283237180384,0.4968866291464117,0.8888676086709795,0.8239730964887894,0.8909267753992525,0.630095374875216,0.5953993522378497,0.5392311383676264,0.7697550652345473,0.856470552863966,0.025752111760883673,0.00166666666666666,0.0,0.0,0.0,0.0,0.0,0.0,Vaclav Finek,2958.0
18.958410713489478,181.07365236672,-54.14559376586711,-17.93462529479995,-9.730008152576893,4.0,-5.046014745171055,-29.224088938022344,-10.899237256888977,14.688380621592106,0.21340000000000003,0.4619999999999999,25.2,0.05770000000000001,0.0125,0.052839048536180135,-0.26628914627544215,2.046521851506105,0.6898471395537451,0.984,0.7214406834404297,0.742794840972505,0.5334513034248546,0.32280980605292114,0.4951533270963903,0.9167517647467921,0.9308332482261225,0.9278834894875245,0.7888602546072867,0.28464293870420015,0.3208899595498398,0.7871640964077938,0.8101751460196007,0.006723027375201281,0.0,0.0,0.0,0.0,0.0,0.0,0.0,Vaclav Finek,2958.0
18.98859533495631,174.02482501819648,-66.6412743841266,-17.25899416302734,-12.12899474021929,4.0,-7.143466600819286,-36.23219094241137,-11.13063237408676,13.253004436437436,0.22570000000000007,0.2718,20.8,0.0904,0.0047,0.21026353502259224,-0.16236177277905778,1.5050178121819324,0.6323275316996391,0.9311264367816092,0.8089426437827492,0.6746591232443435,0.5196348891224489,0.5359704087724512,0.5493422417163636,0.8033466160459352,0.7168574871810692,0.7908956347772931,0.651539520673645,0.3329662039544304,0.4433038449367183,0.9114786462530218,0.8566379892945786,0.0044006568144499105,0.0,0.0,0.0,0.0,0.0,0.0,0.0,Vaclav Finek,2958.0
18.306244003159946,174.96039904472764,-72.07770403077615,-17.71865860424294,-11.165155871116944,4.0,-8.923930833524958,-38.17526572026726,-11.168022449800569,11.073329448176525,0.2125,0.30230000000000007,20.7,0.0679,0.0087,0.1364053314308387,-0.5045222291040359,1.4378527484595391,0.6899387007227349,0.7990742626344907,0.7738789541633583,0.7221137105619482,0.5698184290857131,0.5580748314873346,0.5705348744834614,0.8241351534234959,0.7914087417294831,0.8037798718269139,0.6726842283930216,0.3728646999034548,0.3611219657453713,0.815441528614729,0.7960498222571178,0.0,0.0,0.0,0.0,0.0,0.0,0.0,0.0,Vaclav Finek,2958.0
19.181631307494452,164.68406576219675,-66.17413588220984,-17.485010355414488,-11.7823834211469,4.0,-7.213173698018487,-34.70428597747535,-10.839697947995752,11.850415517841164,0.2166,0.3577,21.1,0.0563,0.0054,0.10120675447839218,-0.16980249795798508,1.705457312967812,0.6046488138757897,0.925695652173913,0.7423805434311934,0.6153132767213578,0.5793347431637048,0.5658428637828987,0.5600347817897797,0.7425192131556273,0.7125044244828717,0.8775024675133153,0.7702956150492252,0.4464155188304571,0.5132974383986934,0.8687019981599,0.7062471644224653,0.0,0.0,0.0,0.0,0.0,0.0,0.0,0.0,Vaclav Finek,2958.0
18.868824291501213,173.58027708858558,-63.75311076458778,-17.82971877542358,-10.797056381957212,4.0,-4.195796365825773,-35.94122748390745,-10.926412509334765,11.937100751861001,0.21990000000000004,0.37949999999999995,21.3,0.0782,0.0155,0.22843131102052014,-0.11184430772728078,1.6723886326863067,0.6436209169118712,0.8390811936704912,0.7277474675629343,0.7149243430239066,0.4817071975909631,0.7217801894693945,0.40538165052028097,0.8410046387288057,0.7524713608319197,0.9209340687242232,0.7569242941339428,0.4031813619676474,0.275190115609658,0.7220630804897817,0.7100909071268413,0.0,0.0,0.0,0.0,0.0,0.0,0.0,0.0,Vaclav Finek,2958.0
18.64367370421953,164.46766386902797,-56.73013419958647,-16.547308958656995,-10.84392101098587,4.0,-5.801348676745453,-30.105591844707135,-10.924308506142768,13.492344797651736,0.21860000000000004,0.37720000000000004,18.1,0.0407,0.0066,0.13308326805600526,-0.11842981498390044,1.7205943541931834,0.6859647074600751,0.8722706517227066,0.6052277941471927,0.6466960804953397,0.558648757422921,0.533439606856917,0.6202057038046568,0.7847220927113805,0.7101131077771498,0.945805785123967,0.7878196347031964,0.6035855009481638,0.5173501660110896,0.893412209259667,0.7051763101756477,0.00083333333333333,0.00166666666666666,0.0,0.0,0.0,0.0,0.0,0.0,Vaclav Finek,2958.0
18.715065425064388,170.4716392519344,-61.79151431895413,-15.184821833555077,-12.277776050796959,4.0,-7.846708149604123,-34.942779000595095,-9.916133691104163,14.376704406701307,0.22490000000000002,0.49079999999999996,17.2,0.0649,0.0041,0.12778612362413225,-0.47571771418845177,1.6539063684881021,0.612940172735026,0.876122810021115,0.8087021872849093,0.6589006726007105,0.43056866097950036,0.46750792956451787,0.6675306619185689,0.8405656137647662,0.8454610438823957,0.7671363020448386,0.9518739221483123,0.5237907648279473,0.4357141782033277,0.8766833467473282,0.7469896220329347,0.0,0.0,0.0,0.0,0.0,0.0,0.0,0.0,Vaclav Finek,2958.0
17.493376768039965,166.30183634071076,-59.76846898536026,-16.759930716460932,-11.632636591622127,4.0,-5.501080141125161,-32.347650134571154,-10.83424024093354,13.307068839352658,0.2324,0.3427,23.2,0.04870000000000001,0.0010999999999999998,0.265841614665952,-0.17710521737374463,1.3313332577907002,0.5752522922618167,0.9438709677419354,0.7125207232682063,0.6203949995008327,0.4854609227853029,0.4508149710686678,0.6129419493384665,0.8476280834914611,0.7836587716485739,0.8556298826450985,0.6315636091427715,0.27790925080383394,0.3189161074126009,0.705849448281987,0.6338411074904623,0.0,0.0,0.0,0.0,0.0,0.0,0.0,0.0,Vaclav Finek,2958.0
18.385934522310826,175.46906584511115,-55.820703585902685,-16.220888925244328,-11.735198342017647,4.0,-3.446839813303228,-28.79547154355517,-10.381732869337398,10.759427907555086,0.21430000000000002,0.3093,16.3,0.0491,0.0060999999999999995,0.10862405403346169,-0.4133553979895443,1.6147203860792712,0.6708255988660465,0.8767476800707026,0.832660922079835,0.717193167905948,0.620953179647072,0.4564885147956206,0.5851951006159546,0.8823900293255132,0.8600538007137905,0.8774621212121211,0.5972715083188138,0.426056486587004,0.639796603321402,0.799818901799281,0.792706059598311,0.0,0.0,0.0,0.0,0.0,0.0,0.0,0.0,Vaclav Finek,2958.0
16.849728048389352,148.11731429456114,-59.4030374631851,-16.954471414601734,-12.90392649475435,4.0,-3.2887029283020395,-32.13309331585712,-10.573258200064084,12.450414890394217,0.2145,0.3434,19.3,0.08350000000000002,0.0119,0.21482841078431364,-0.3446684295739183,1.5831624679107075,0.5053146151186867,0.9472430067917579,0.7580706973914794,0.5789347278953703,0.6261317133649327,0.4674172619283601,0.5447304523785119,0.8858285564011259,0.7132196629691276,0.8065371382015527,0.6830631391111199,0.4327883820885458,0.48738562538289176,0.7191870824630773,0.7399569278302295,0.00840336134453781,0.0016806722689075599,0.0,0.0,0.0,0.0,0.0,0.0,Vaclav Finek,2958.0
17.47897376433091,174.0784244128887,-54.78048527758775,-16.471194678337532,-10.078739444056197,4.0,-3.7950445387945386,-30.276653406117692,-10.448196803196804,12.289343592915023,0.21870000000000003,0.4285,24.7,0.057499999999999996,0.006900000000000001,0.2971785555714127,-0.4750244993102136,1.3823474937760651,0.6139740497474907,0.836864277926528,0.8022937624319756,0.5604205368299355,0.582122145999855,0.42447042827681924,0.552127931918712,0.9500856653340948,0.6988642639485014,0.8360943485163318,0.6784462143954625,0.516832274683889,0.41758367527712004,0.7751151834798452,0.8025756386470672,0.00945599292348517,0.0016806722689075599,0.0,0.0,0.0,0.0,0.0,0.0,Vaclav Finek,2958.0
19.278195892567044,180.88718773988154,-60.58174050603342,-17.36413448065516,-10.218079868856313,3.9883333333333333,-4.9876496833480015,-32.79452210526421,-10.451987723499187,11.246300022256117,0.23720000000000002,0.38570000000000004,21.6,0.06580000000000001,0.0016,0.23240029809083712,-0.22423096893116337,1.523075603379548,0.729038946780694,0.8547725498545169,0.8212384160829617,0.5923803911589536,0.6099375475300983,0.6128360534257322,0.5993111474696923,0.8760630899155488,0.7601761488598836,0.8462699295376075,0.5322484874213275,0.5433033510370209,0.3501212402622453,0.7628473257161782,0.7683883329784968,0.0,0.0,0.0,0.0,0.0,0.0,0.0,0.0,Vaclav Finek,2958.0
19.432181190189894,172.80908120441183,-54.09150746925216,-17.380175503984425,-9.515648674807823,4.0,-7.269157683805766,-25.999650462004475,-11.12550352496564,13.19862838031597,0.2445,0.40210000000000007,18.5,0.093,0.0142,0.19042571684990173,-0.32998886948981176,1.9745972907678369,0.6587554605373961,0.923322597960279,0.6835309654413215,0.7934143183616414,0.5456383641129163,0.4865949801191257,0.5985599360163085,0.9732673267326731,0.8831573351500888,0.9133316008316008,0.7094469977392258,0.3193430513467301,0.6425788150432705,0.646480918114827,0.8126431414597712,0.0,0.0,0.0,0.0,0.0,0.0,0.0,0.0,Vaclav Finek,2958.0
19.598361160848178,191.35213523908334,-68.461503732954,-16.915000508834616,-11.694895912036147,4.0,-2.3797235182162924,-42.66893898482233,-10.14316437301987,11.34021956397525,0.2219,0.4199,15.7,0.071,0.0098,0.13032918871017518,-0.33401521177965876,1.7389714914201204,0.8008399090451132,0.9295189769368173,0.8111683806594087,0.573633873900439,0.5541930427462237,0.471055694161527,0.7676254097302259,0.9240948813982521,0.8761207183129261,0.8036714289668385,0.6317863692452476,0.42331667035922493,0.7805777958180646,0.8797035366775233,0.8295850946550729,0.0021660264618011,0.0,0.0,0.0,0.0,0.0,0.0,0.0,Vaclav Finek,2958.0
20.08332113329028,174.88936428602648,-62.18128772357106,-17.168578565671652,-12.44452718786727,4.0,-4.0168224908680665,-33.78547196342654,-10.071004828021016,11.305117312283489,0.22959999999999997,0.29100000000000004,14.0,0.034100000000000005,0.0027,0.02555655363510715,-0.36644247319112633,1.954775639693939,0.6753443878032452,0.9328767123287671,0.7742118895017158,0.6959837856322104,0.6824670691387666,0.5608701232959332,0.6694029099219005,0.9927219408157825,0.887983788603494,0.9151242336452649,0.5956357189379111,0.40624901388131934,0.721611657010019,0.97531583370326,0.8651026741598711,0.0,0.0,0.0,0.0,0.0,0.0,0.0,0.0,Vaclav Finek,2958.0
18.759871226392193,164.77939156536428,-68.74524424590732,-15.3202470335082,-12.451566262239263,4.0,-6.2305984443505,-40.93840303974211,-11.110629256593905,13.306199790526659,0.20670000000000002,0.4323,21.3,0.0848,0.010400000000000001,0.1348016242785358,-0.21597056437300344,1.5126836989613095,0.647924932720648,0.831254830625624,0.7601455541506672,0.5729668764452083,0.5920689216448649,0.5366185497465846,0.6749335697086583,0.7346351670622544,0.7285631441840609,0.7410011242404165,0.6785436809107371,0.5142844211775194,0.4143337028022773,0.7180907563535059,0.8111873990198528,0.0073170731707317,0.0,0.0,0.0,0.0,0.0,0.0,0.0,Vaclav Finek,2958.0
17.253696624382954,145.48913820601098,-56.02635314884926,-16.09888805459469,-10.693497595376147,4.0,-8.026963504613445,-28.638740952384104,-11.033422471519014,14.46515942963814,0.2205,0.4293,18.4,0.0634,0.0027,0.024613287868821037,-0.32463120792033345,1.4448896906122397,0.5257744389369436,0.9282608695652174,0.6624615518137812,0.595050301098946,0.5815748056572211,0.6464860301967307,0.7023239404367747,0.9477070230607966,0.8693450276894072,0.7977343777158266,0.5670859419416862,0.5859709570964284,0.5412465136498589,0.7393679557026128,0.655848364076342,0.0,0.0,0.0,0.0,0.0,0.0,0.0,0.0,Vaclav Finek,2958.0
20.619729820189754,199.63161050964533,-57.80712631180736,-14.270198725522032,-11.260430884559375,3.992,-6.591803602806891,-31.692921584522644,-9.537538382882293,11.55376686848588,0.2274,0.5232,14.6,0.0251,0.0,0.04137152468312696,-0.43437947692820256,1.5469840832272035,0.8138386622284802,0.9086434573829532,0.8158896733073779,0.7021580020923417,0.6756887652284433,0.6639585701620618,0.6550027690964628,0.9275163398692812,0.8708802467471528,0.8274318836130838,0.6841820048617213,0.616682996109951,0.6338234309405392,0.7360308358967711,0.866256038647343,0.0008403361344537799,0.0,0.0,0.0,0.0,0.0,0.0,0.0,Varuzhan Akobian,2969.0
19.602225689993915,179.48555656413126,-56.15219660922866,-14.661285510257102,-11.387837740882604,3.997786465619296,-5.231165329203096,-31.50910683570485,-10.329972153084537,12.969384494284226,0.2211884669479606,0.5174866385372714,19.639943741209564,0.0519620253164557,0.0049901547116736,0.1467042266531224,-0.2824173130925173,1.8158339256198328,0.6942189092022272,0.8973422806169647,0.7680582901089921,0.5671614098222894,0.5847486929717836,0.5904225495757208,0.5456851155102014,0.9009415087741378,0.8879332634773086,0.8506576609744916,0.7666851896550632,0.5796909896662577,0.493847264090739,0.7824039259348374,0.8292280309573159,0.059988741501982,0.0770898173144176,,,,,,,Varuzhan Akobian,2969.0
17.94496627926919,168.2190775136109,-64.79803157697242,-14.075322736562118,-12.983680978349948,4.0,-6.85814645279437,-38.28455967094726,-10.16637325574278,13.570051517424053,0.2238,0.5484000000000001,21.0,0.048799999999999996,0.0067,0.2834141630078986,-0.477919773076548,1.8118173966922402,0.6766394373200557,0.8667756720749408,0.800754485610945,0.50456818482306,0.4438055789160173,0.6122991548759925,0.4678477189138778,0.8400214473852416,0.8568782501565521,0.8538707923356293,0.6663460772992378,0.6100435885563649,0.6251304271003874,0.8331281136897426,0.8374857611823204,0.01603174603174602,0.0,0.0,0.0,0.0,0.0,0.0,0.0,Varuzhan Akobian,2969.0
18.675452031368078,168.94403509093922,-58.72132826094575,-14.835955466697225,-11.180904151485164,3.996551724137931,-9.095614060998113,-32.03518546125332,-10.299790844176243,14.729569999526385,0.24130000000000001,0.487,21.8,0.054900000000000004,0.0062,0.3747398886033041,-0.5192697058810284,1.675526693631254,0.6134296839235576,0.9570590139173591,0.792702933462562,0.6480487146631623,0.6159707419563127,0.48814608310625013,0.4078401573237332,0.8950372208436725,0.9472129319955407,0.8344522733496984,0.872741899191101,0.4090062204088465,0.49779891629420325,0.7791051560497012,0.8116123503068206,0.00344827586206896,0.0,0.0,0.0,0.0,0.0,0.0,0.0,Varuzhan Akobian,2969.0
19.415085617916446,181.30970162662155,-42.94581697810887,-15.852910789458571,-8.898099320174168,3.991549295774648,-1.0059789560361272,-23.1792145187877,-11.059515061877345,13.058352372450395,0.22970000000000002,0.4976999999999999,22.4,0.08920000000000002,0.0115,0.23248352829616623,-0.23545742579797313,1.6090947883267492,0.6688004094288088,0.907563901930099,0.7458702420342969,0.5358986802532735,0.46059116214254303,0.6106764881545473,0.47165863508704425,0.807973550935786,0.8261679414461558,0.8168074530318801,0.6795689163103098,0.6489064524326921,0.2454759428687674,0.6627711498887908,0.7451081733532886,0.02337606310859114,0.0,0.0,0.0,0.0,0.0,0.0,0.0,Varuzhan Akobian,2969.0
21.254182050628305,184.75766224331537,-61.947901457092236,-12.882232636588848,-11.850688427910121,4.0,-6.304249482476935,-38.02946215595606,-9.771326207447308,12.890057453287033,0.22690000000000002,0.5062,17.3,0.0231,0.0,0.11458850562580003,-0.1941475494212306,1.8770645679712612,0.7332636756139056,0.9642032045708607,0.9280797029047081,0.5391581053333583,0.6110548975994068,0.6043290162854125,0.5663513104533111,0.8911829686449048,0.8819602947366627,0.859761432512794,0.8779282076760652,0.6281817998085684,0.46175082979373566,0.951764705882353,0.8454269422533554,0.0,0.0,0.0,0.0,0.0,0.0,0.0,0.0,Varuzhan Akobian,2969.0
18.44229216638544,167.29907387473878,-60.45063991437926,-15.302512321749797,-12.122316246316176,3.9934426229508198,-6.024821545243186,-33.38678897351885,-10.802706938120938,13.195063487618853,0.21000000000000002,0.5378999999999999,19.6,0.0624,0.006900000000000001,0.040532745368282753,-0.271374886661721,1.576161190064051,0.6491997886784426,0.8648731634527088,0.6669953702265305,0.4192842948442368,0.5781267790403234,0.6231477893246206,0.5887354675253434,0.8795669765840219,0.8768555798354687,0.746797184448427,0.69413009907739,0.6365536658630592,0.4487325774880958,0.670443697495531,0.7846235982071237,0.0,0.0,0.0,0.0,0.0,0.0,0.0,0.0,Varuzhan Akobian,2969.0
21.80359656103151,189.35794560674117,-67.05255580496268,-14.386845561583224,-13.83931882628151,3.9980769230769226,-6.394592956871389,-38.50149912536912,-10.573401573217229,12.645025315282867,0.2158,0.47539999999999993,19.5,0.031000000000000007,0.0031,0.2582436994385732,-0.2471208528373162,2.0172500728300498,0.7738547678552428,0.8516952654953135,0.6406638691545429,0.6012695724496341,0.6075004156069392,0.6312578505121368,0.6012627586781079,0.8094518253095734,0.8208203817211585,0.9261458568525626,0.7163983344870679,0.34004837764489754,0.7067007382861041,0.9003748390075575,0.8994087261339997,0.0,0.0,0.0,0.0,0.0,0.0,0.0,0.0,Varuzhan Akobian,2969.0
19.860084147724994,184.96217498203416,-59.42634492735086,-15.269974209410828,-13.137205245957665,4.0,-4.40780324917649,-34.0656154812845,-10.37410275561684,13.828356014095451,0.21910000000000002,0.524,21.2,0.0514,0.005599999999999999,0.3883733780564767,-0.14006631865786792,1.7772130021777908,0.6903280704564494,0.9054580690627201,0.7028260642274652,0.68495306290999,0.4378787381036423,0.6609710170384314,0.6234744395896054,0.7918914782628376,0.8566696713050772,0.8449509364824046,0.6849438063830691,0.5924504493271401,0.5064136161480689,0.7679633213150037,0.7391542844665142,0.03783605475837043,0.0,0.0,0.0,0.0,0.0,0.0,0.0,Varuzhan Akobian,2969.0
19.841644529507587,176.6509950064695,-43.786263882677204,-14.765597403510702,-10.568845735158837,4.0,-5.122961093741942,-20.894275391295256,-10.080919991758474,13.646335732788007,0.22210000000000002,0.5621,17.5,0.058100000000000006,0.0023,0.01590776340196847,-0.24553805005457394,2.0453596458668093,0.6669657951491027,0.9174066039704776,0.7903558756855453,0.6083806642275364,0.579521363094847,0.5876701646960744,0.7464237549770429,0.8813292902928793,0.9621929215822345,0.9146829880407974,0.918356867779204,0.5683921456658043,0.6851080080572978,0.8724871564042702,0.8808518490622882,0.00687022900763358,0.0,0.0,0.0,0.0,0.0,0.0,0.0,Varuzhan Akobian,2969.0
19.82136909069973,188.20018851399684,-53.045909866693464,-14.930329661008894,-11.366338738435218,4.0,-1.881407997726646,-29.866241414065122,-9.984422647190641,10.982830591733052,0.22110000000000002,0.5240000000000001,17.2,0.046099999999999995,0.005,-0.007164373540834568,-0.17529275963721236,1.8664927453217282,0.7588306437674015,0.8924059842556525,0.8368267716121434,0.5313066331938321,0.6249336179566145,0.7528683586048015,0.5562399682566074,0.9502732240437158,0.943917435221783,0.8764734608070317,0.7043577910328487,0.5880225209662037,0.5060328533317697,0.8594926076486624,0.8242613806172121,0.0,0.0,0.0,0.0,0.0,0.0,0.0,0.0,Varuzhan Akobian,2969.0
21.22061172542592,182.8514908285946,-44.7321657939735,-11.117561705245922,-10.520575919519363,3.9903225806451617,-6.103319583663334,-25.188968684795718,-10.014360961283419,14.222298479889096,0.1995,0.5358,17.1,0.038,0.0063,0.00751116624316017,-0.31971545802848056,1.408384771464091,0.7526910886781302,0.9269846963175514,0.7290951452034726,0.5684362323468706,0.6029503441703142,0.6996014218591677,0.5021718022116657,0.8820572818212472,0.982258064516129,0.8541365069776307,0.886603337848797,0.4543584453836128,0.540302302861165,0.8133936335725229,0.8248555589568344,0.0008130081300813,0.0,0.0,0.0,0.0,0.0,0.0,0.0,Varuzhan Akobian,2969.0
18.721919789534855,150.3213714416636,-53.31757103514201,-15.788668876963744,-11.908103123802494,4.0,-4.607251711334166,-27.446302114762062,-10.689803118008514,13.122557909728968,0.2097,0.4603,19.5,0.0432,0.0,0.18742922262552167,-0.15206428863674057,1.8991089394628884,0.5263697171456109,0.9008648155873855,0.7127183148476532,0.530780937363075,0.5379651441833194,0.5205489699474812,0.5408863076619407,0.839420972514677,0.9147596662892203,0.7994546456317776,0.6284565658895359,0.49803126791499536,0.6083379256748661,0.8260610759730298,0.8669806955664278,0.0,0.0,0.0,0.0,0.0,0.0,0.0,0.0,Varuzhan Akobian,2969.0
22.373609015088213,195.2555647980268,-66.19720104351885,-13.034596850622673,-13.078255089026985,4.0,-7.455862461307224,-39.50879463355073,-10.102235593674617,12.982543584663384,0.2049,0.5505000000000001,20.7,0.0483,0.0019,0.012808500761155006,-0.14605207736628106,1.9398899272654653,0.7697185452810529,0.9268199486454065,0.8823328664799253,0.6313290425426141,0.6560135277450942,0.5606249481615617,0.5762829988232926,0.9076264426026542,0.8406335743635296,0.8037266306309728,0.832479832123802,0.6052138417283011,0.4202353720217116,0.7879315149186142,0.8295702053699721,0.016867469879518072,0.0,0.0,0.0,0.0,0.0,0.0,0.0,Varuzhan Akobian,2969.0
19.442259759209602,186.799766010481,-55.53250313813908,-13.45978510621705,-10.965639331301821,3.9983870967741937,-6.185960157501267,-31.57500546653379,-9.96143675823849,12.61693658487915,0.21150000000000002,0.5376,18.7,0.041100000000000005,0.0019,0.22768229431585052,-0.07530669111156915,1.9818995085838123,0.7711038899898968,0.9183954229769714,0.7398487193199343,0.6561110541713263,0.5383785745507904,0.5590712065369179,0.5759967052146926,0.9480313004595702,0.9909461257066845,0.9053224646367777,0.7731026556327172,0.549860102033098,0.5350190727989651,0.8483895793225414,0.7181688795850165,0.02871342835708926,0.0,0.0,0.0,0.0,0.0,0.0,0.0,Varuzhan Akobian,2969.0
19.84344886798044,176.8496017770709,-63.651979435672764,-13.602984811015011,-11.77204950046143,4.0,-6.61607293130114,-39.372912724302566,-10.318772869584468,14.03081340099185,0.2367,0.5515000000000001,19.8,0.08520000000000001,0.0154,0.23949787851640975,-0.25551659987487024,1.3179113357853918,0.6250182816883276,0.9186045256293994,0.8606439393939395,0.6373943275642197,0.6224905012686784,0.6109734774726727,0.44627717307425696,0.8336021505376344,0.8396951862750541,0.8296968339307049,0.6949640072508637,0.40893790583240064,0.6108350623085368,0.7827395626847848,0.8454381510376642,0.0,0.0,0.0,0.0,0.0,0.0,0.0,0.0,Varuzhan Akobian,2969.0
17.194796889705657,144.3681930735634,-60.309404478370105,-14.86417810142322,-12.79789837690036,4.0,-6.764072001815327,-35.47223793098383,-10.107621695182603,15.696603627935229,0.2395,0.47859999999999997,18.4,0.0258,0.0018,0.09623432723800052,-0.32190477437584736,1.7057996715816053,0.45038739974766007,0.7554415265372995,0.825045513005033,0.5755035881302855,0.6686435717276994,0.36255497892096766,0.5441476877836668,0.9044353501452582,0.8986025885628836,0.8011710190924919,0.7196988984203414,0.5671939872336398,0.42130893428742394,0.8333538576593634,0.8174081755716956,0.0,0.0,0.0,0.0,0.0,0.0,0.0,0.0,Varuzhan Akobian,2969.0
19.86807770633407,177.93380576728575,-63.91927543130889,-15.02890700949728,-13.151458612054231,4.0,-3.5530957815050366,-37.64133034491324,-10.522607041511932,11.978123358172821,0.19260000000000002,0.5166999999999999,20.4,0.0511,0.0046,0.032220021129832965,-0.10911801306270774,1.8190528945914697,0.666575432894459,0.9937888198757765,0.7825715006308582,0.5365842096801184,0.4915601585881092,0.6726819388292269,0.5601057035755558,0.8613655462184873,0.8907217671241158,0.8440134344698155,0.7096736302708336,0.618563635772112,0.49337783994455797,0.6749789806953637,0.7999558902384851,0.01255714285714285,0.0,0.0,0.0,0.0,0.0,0.0,0.0,Varuzhan Akobian,2969.0
19.90897565666202,175.44010644324825,-61.4861426974561,-16.066134731833294,-11.998138003644154,4.0,-4.115448068461526,-35.38879750182313,-10.566827342543613,12.649202950849611,0.215,0.5816,19.3,0.040900000000000006,0.0062,0.07506478534439233,-0.5629142145068993,2.1887073532609556,0.7208316143305045,0.9264705882352942,0.7462423070995376,0.5564077805526739,0.5194609700437862,0.5816195845888483,0.42643094487393973,0.9418954248366014,0.961042780748663,0.9111015538290788,0.7764638897297055,0.6205549904485841,0.4557252070486351,0.8381390673288565,0.8496617114541642,0.0006289308176100599,0.0,0.0,0.0,0.0,0.0,0.0,0.0,Varuzhan Akobian,2969.0
20.051288323514274,187.45205892936156,-51.80737197004777,-15.199743221205626,-10.851579882938461,4.0,-2.5635550481418212,-30.018836772897934,-10.484732202091577,13.311075157227657,0.22440000000000002,0.5251000000000001,17.2,0.047,0.0,0.11346233525028074,-0.2290167349521946,1.4179138057998721,0.6892375642298015,0.9208980493191019,0.8296233425589612,0.6816086012028473,0.5720580129419552,0.8118746273062325,0.44521500233014155,0.883121089436879,0.917821304127403,0.8677712609970675,0.8693159254288199,0.5113487166747417,0.29511736320547755,0.7301381979650231,0.7228486416033115,0.00317863954227589,0.0,0.0,0.0,0.0,0.0,0.0,0.0,Varuzhan Akobian,2969.0
20.339950925680238,181.2979209472446,-53.87459405202841,-15.11046609723328,-11.534882566349182,4.0,-4.330125305880917,-29.872675357685875,-9.843383348285172,12.816938623406013,0.22419999999999995,0.5196,19.2,0.031100000000000006,0.0,0.09929141659190747,-0.3125792405308534,1.805846098552971,0.6787025691652269,0.9522981138884965,0.7073393107990926,0.6006284229546812,0.5598077760018432,0.7332673976875311,0.6623784965338143,0.9779314391082055,0.8968367821319173,0.953777318640955,0.7362247047233923,0.670384040909316,0.5870944943399412,0.7210399989721288,0.7831720966607628,0.0,0.0,0.0,0.0,0.0,0.0,0.0,0.0,Varuzhan Akobian,2969.0
20.01925054568749,189.10329150100102,-57.580054075062435,-15.75874806606563,-10.899637162829162,3.9924999999999997,-3.3487880194851924,-33.09643052611427,-10.500135786760687,12.031185486192502,0.2555,0.33080000000000004,21.5,0.07400000000000001,0.0,0.10164160351810714,-0.248128375010893,1.6163893257793618,0.7615957474481884,0.7896071641087463,0.8436722534855956,0.4909788108121752,0.52382691510634,0.5221552639759481,0.5135053141407256,0.8892526650500129,0.8321390536109868,0.8556755408915089,0.5387403513722693,0.5913305682294625,0.3844280878742496,0.6438195937742224,0.7004538975390224,0.0,0.0,0.0,0.0,0.0,0.0,0.0,0.0,Vignesh N.R,2899.0
19.12453479506819,170.16826120406034,-60.89803429147396,-16.77772936632791,-11.219733175918224,3.9983333333333335,-3.950877511815924,-35.27863162039529,-11.143705384081212,13.47430943373127,0.2344,0.45010000000000006,20.5,0.0323,0.012,0.14728620665531894,-0.17260554409262935,1.9898626503031551,0.662694764783118,0.9561852289125017,0.7435948559498178,0.6622799939062411,0.49023321041655954,0.43153129062407364,0.41562203111710083,0.8449308360243084,0.8693139778110452,0.854908481552925,0.5753066381863741,0.4557256170363444,0.48549990058648324,0.6469928809355928,0.7011723468490357,0.0015267175572519,0.0,0.0,0.0,0.0,0.0,0.0,0.0,Vignesh N.R,2899.0
20.909615753869787,198.22056539091813,-56.234369582034766,-14.155998799499747,-10.30308799177377,4.0,-6.539777324852041,-31.853552576474613,-10.444657923888405,13.062705034453813,0.2531,0.5256,16.7,0.026000000000000002,0.0026,-0.05562979195738751,-0.10634377682697008,1.4243007867169224,0.8658294641865592,0.9540865384615385,0.8602910913970823,0.5674343718333584,0.5478993532247605,0.5149066786631946,0.6542776648759159,0.9358032577451294,0.9288668320926385,0.9252253937745651,0.5924105411798058,0.4790446539344734,0.5956138424302474,0.8178382370649618,0.8661152555521795,0.0,0.0,0.0,0.0,0.0,0.0,0.0,0.0,Vignesh N.R,2899.0
18.03382069136294,154.5714232436309,-68.40864508966092,-16.763418469557426,-12.461562151745262,4.0,-4.50487065507649,-43.137065822252886,-11.13737054155099,15.595642550522118,0.17980000000000002,0.454,28.2,0.07339999999999999,0.012399999999999998,0.23077479759427616,-0.08676500164077801,1.197636904054642,0.5111565979572417,0.8001241147550185,0.7129005291037835,0.5341895799096887,0.44685376722029346,0.3898887402604811,0.5340256381365328,0.7662395860367912,0.84817565496475,0.6549839022920467,0.3573852705595551,0.26700879154914964,0.6724192579166491,0.8831957375834942,0.7647649636513645,0.028125497690715078,0.0,0.0,0.0,0.0,0.0,0.0,0.0,Vignesh N.R,2899.0
19.61668145487716,196.2779253423224,-58.38145386378284,-14.360761380877156,-9.927574344459906,4.0,-5.061602599073232,-35.57273394023485,-10.04399454457589,12.5852129454382,0.24010000000000004,0.4367,15.5,0.07109999999999998,0.0048000000000000004,0.1590999242238131,-0.410425268314725,1.4775591011326958,0.8226133329351027,0.8964705882352941,0.8858505447512883,0.525072182964639,0.683315716031311,0.46807708043326846,0.670633885068741,0.9207829211583174,0.9824561403508772,0.8483619571192962,0.5713622510924299,0.47840963614594856,0.638052897772629,0.7765842703765706,0.8542511028864913,0.0,0.0,0.0,0.0,0.0,0.0,0.0,0.0,Vignesh N.R,2899.0
20.05059402154119,196.93171595928987,-62.477362057421416,-15.700026880611642,-11.167715283971955,3.9985915492957744,-6.2255809040703225,-36.5346039987035,-10.915165076178631,14.067138536818877,0.2137,0.41390000000000005,21.0,0.0806,0.016,0.12709389436176938,-0.06294505778799979,1.4858146666808165,0.8081573900808502,0.9193075117370892,0.8174570743507605,0.6098074978496618,0.6346568934726989,0.3846086970595399,0.5768584460206767,0.8907760910593628,0.861670899506722,0.8751608195488008,0.46882059786243724,0.361156425884514,0.47166168407889,0.7908648129772974,0.7145014252537752,0.008823529411764699,0.0,0.0,0.0,0.0,0.0,0.0,0.0,Vignesh N.R,2899.0
20.40669099021592,174.85597526500572,-54.75389241203052,-14.490987220870704,-10.66374296278276,3.998214285714286,-3.4388275839606086,-30.86939661724086,-9.948259239541848,10.659106926651976,0.2561,0.43299999999999994,15.5,0.038200000000000005,0.002,0.1246458091389456,-0.22354095206647212,1.5559404475503114,0.6868942897585233,0.8526059280559999,0.8751295913465196,0.6452878948909377,0.6725555259736453,0.7139776233694709,0.5152857697672392,0.9224244043215796,0.8832812771126151,0.9454329342356411,0.5861486515457509,0.6178687550568852,0.5850563458613088,0.9007582566310729,0.9096454000829372,0.0,0.0,0.0,0.0,0.0,0.0,0.0,0.0,Vignesh N.R,2899.0
19.27028408035749,177.16609279414774,-57.61812378029708,-15.815128331120848,-11.137157769961275,3.99660578304483,-4.726778439376907,-32.13662537211719,-10.499469652078036,12.70043000131236,0.2264545454545454,0.43856,19.57454545454545,0.0620218181818181,0.0079163636363636,0.0995514918647135,-0.2285476569545177,1.7855169025931974,0.6951287901334194,0.8922063882134145,0.7960073059088092,0.5884673071855236,0.5952450144940052,0.5515260052000744,0.568908180432494,0.8952269527989298,0.8742718674566091,0.8563200009443507,0.61109566162796,0.5050099459901566,0.5500038008086942,0.7733645296159025,0.8161630240408198,0.045967016525657,0.0113636363636363,,,,,,,Vignesh N.R,2899.0
18.14970214129641,168.99174009351051,-68.69399570073912,-17.147245818858035,-12.958325948899198,3.9985915492957744,-5.4663464303746805,-38.14112424786022,-10.769587414306645,11.790042610263885,0.21610000000000001,0.43899999999999995,18.8,0.0598,0.0054,0.15545432590706715,-0.18983086491221263,1.924358724094,0.6237066472141819,0.8188695408498095,0.7930974274767378,0.6945236781586605,0.6084923253988926,0.5294092674253408,0.4475081125098358,0.753796087882607,0.7289043049505827,0.7510963233416015,0.6285999205107186,0.6253348638841596,0.6223853720614284,0.7277688113089986,0.8004303766263108,0.0,0.0,0.0,0.0,0.0,0.0,0.0,0.0,Vignesh N.R,2899.0
20.063844124807392,178.45351536269828,-54.93871466555335,-15.830652480952333,-11.158102730012631,3.9971014492753625,-0.1537052714901291,-33.10611558606311,-9.833345190541595,11.146105144231083,0.22069999999999998,0.4988,13.1,0.0316,0.0052,0.06587928563190934,-0.34998173157843315,1.141178195451059,0.6861299157915208,0.8911307166929354,0.8587254798750747,0.5412360190312759,0.6182785968502448,0.6850686275242227,0.5865780443501077,0.9528959879034842,0.8355844343240273,0.9123005347143278,0.5082784464828654,0.5280510500936957,0.5475252763217224,0.7998732952970936,0.8803173051054406,0.0,0.0,0.0,0.0,0.0,0.0,0.0,0.0,Vignesh N.R,2899.0
20.06373548538332,175.5678177313943,-60.43651279708153,-16.485431680391837,-11.801665778271204,3.9961038961038957,-4.3598793718130455,-35.28369116664319,-10.473139946478938,13.971191250412787,0.2101,0.43979999999999997,21.9,0.0588,0.006899999999999999,0.2138848557724355,-0.07955738596333053,1.664714809100344,0.6168703817736692,0.9320261437908496,0.712758489414813,0.47087274018216546,0.6042306377886961,0.42297032815542607,0.654115138831304,0.8436020645194138,0.7859386623649203,0.7121060787915665,0.6578789530279314,0.43942286451310075,0.4877099835724904,0.9159722335647202,0.8247346468254042,0.008823529411764699,0.0,0.0,0.0,0.0,0.0,0.0,0.0,Vignesh N.R,2899.0
17.670713720462977,171.33170482257196,-66.85485284422539,-15.349190536803576,-11.273497662807138,3.9935019206145967,-6.541659185673787,-41.57868063799473,-11.265943448291168,15.160616706730412,0.21660000000000004,0.39499999999999996,28.9,0.0675,0.014299999999999998,0.20758896081744238,-0.1588686161313277,1.7208071676075314,0.6406123433327482,0.924387351778656,0.7647902527686725,0.380604972094983,0.5021518214096514,0.5252311926704861,0.4439070459863981,0.8718813743732093,0.7662650788984673,0.7875876061273723,0.35521630671753923,0.4376563758134104,0.6109567082601763,0.6378947724099178,0.8041551202420768,0.02492782783658472,0.0,0.0,0.0,0.0,0.0,0.0,0.0,Vignesh N.R,2899.0
17.176742406284582,163.43827435955728,-62.50661854483336,-16.28792498673818,-10.802434220309616,3.9983333333333335,-5.749175481760656,-35.82623760756584,-10.724370583242317,12.885191001449908,0.2347,0.49060000000000004,17.5,0.0536,0.0026,0.02662291395262817,-0.296281218721571,1.7366398357151946,0.6171494440798481,0.8787794262258002,0.7519543243159157,0.5535644996019464,0.5172092412514209,0.5419902269724058,0.5110548329889062,0.9533130346527475,0.8420103049827258,0.896065525147258,0.6876678526456648,0.40074237603194157,0.48564496928376516,0.6576970699115864,0.728752848350596,0.0,0.0,0.0,0.0,0.0,0.0,0.0,0.0,Vignesh N.R,2899.0
18.530564264549852,189.69020879408617,-57.38574767724733,-14.692027036127195,-10.47004437488658,4.0,-4.147888018561346,-33.50876607710327,-9.565678975616159,10.998656805047224,0.2593,0.4366,12.8,0.0518,0.0059,0.09135521352141227,-0.4482873599590791,1.9080390748079323,0.8114090053271201,0.9089993559579895,0.8800298507462687,0.47837998026518325,0.6533785906111188,0.5883750339519112,0.6258674195236243,0.9389603705609882,0.8686813186813186,0.8660460237532768,0.7424386481056258,0.5557688344591518,0.5445384336812695,0.9306203358208954,0.9419958214066654,0.00133333333333333,0.0,0.0,0.0,0.0,0.0,0.0,0.0,Vignesh N.R,2899.0
19.29383776796376,191.44422340415312,-57.71518748889957,-15.164260160836212,-10.903534384395465,4.0,-0.11636768321586288,-38.029047966372374,-10.031764069259362,12.52978677517969,0.24650000000000002,0.4936,17.3,0.07289999999999999,0.0184,0.016202362757198538,-0.41883685691883477,1.9698179008780972,0.8064345065058592,0.945631067961165,0.8502489408098981,0.6133799740348254,0.6854366811453779,0.4579156943103858,0.5813528207208027,0.9344973714498463,0.9685039370078741,0.947274673190123,0.7063533712064338,0.5310544663743023,0.5660134811656141,0.7725471192491519,0.8886353104726599,0.0,0.0,0.0,0.0,0.0,0.0,0.0,0.0,Vignesh N.R,2899.0
19.773816788699875,194.74204577780574,-56.81144844328236,-14.45329444300946,-11.870270381942625,4.0,-4.989922663602788,-31.35560455508848,-10.043070347425479,11.900713947786475,0.23759999999999998,0.48389999999999994,16.5,0.0553,0.0091,0.0558906293844182,-0.41410523034929314,2.035219661257294,0.8661349902124545,0.9666666666666666,0.777449426009119,0.6236476864874458,0.821206998042519,0.623625802193746,0.6465566862211978,0.984659577068818,0.9235184388004019,0.8463702408888232,0.7067897036630877,0.5619057277179027,0.6098303955536659,0.7128310000899055,0.897703202594507,0.0,0.0,0.0,0.0,0.0,0.0,0.0,0.0,Vignesh N.R,2899.0
19.907867985467526,188.47287144747253,-49.206780672967845,-13.408916267145784,-11.25632194049559,3.9979999999999998,-4.961437404321242,-24.68668420586249,-9.536352638671177,10.644931783528435,0.21719999999999998,0.4422,14.2,0.058100000000000006,0.007999999999999998,-0.004312762973352024,-0.2757044614947428,1.4083592387866788,0.7710724136340574,0.9483870967741936,0.889550505050505,0.772897392627887,0.6856869257565236,0.5500262148126949,0.7591239788987721,0.9819090909090911,0.9129610622352559,0.8596332056758481,0.6586965965352115,0.495816369450515,0.5415473538691441,0.9564814814814815,0.95,0.0,0.0,0.0,0.0,0.0,0.0,0.0,0.0,Vignesh N.R,2899.0
19.942545259879154,180.66907854970677,-64.34550945520925,-17.366009653285563,-11.508317634959692,3.9983333333333335,-5.201249909356956,-37.59045496333666,-11.025681609792484,14.347870982188772,0.2226,0.4509,20.7,0.07790000000000001,0.0054,0.14297211959483286,-0.1457177633065781,1.6383592682639787,0.6622020058936403,0.9405486196588712,0.7856599722116964,0.2797580679516306,0.7050721211272826,0.5041065613100992,0.4031578448044346,0.8126477260610713,0.7563861884324121,0.8990830006692325,0.6337645373092685,0.37537134738620626,0.6608013638324632,0.6978061393027228,0.6919320005594688,0.03461538461538461,0.0,0.0,0.0,0.0,0.0,0.0,0.0,Vignesh N.R,2899.0
16.844043175332413,150.82074751126788,-54.259170956279775,-17.01872020615971,-9.491904141081154,4.0,-3.8574037640491867,-31.1489055509588,-11.334313212048249,14.592075918017333,0.2222,0.362,24.3,0.08629999999999999,0.0050999999999999995,0.27582569531581824,-0.22196535604300607,1.4430107446090572,0.49051485248306576,0.8169282025653839,0.6981758740407285,0.5698336876924626,0.4156391617403907,0.3835674975055984,0.6037357300781758,0.794272560283076,0.8952756033609817,0.7580175022453972,0.5226311566627404,0.3973619881862295,0.5320949743714168,0.7264479545308202,0.7554839543333763,0.034455582600462095,0.0,0.0,0.0,0.0,0.0,0.0,0.0,Vignesh N.R,2899.0
19.24958284092702,182.40235877103348,-60.37937314105496,-16.893735688491244,-9.97023369932361,3.990243902439025,-5.706417560347405,-32.436952523554595,-10.734177580503523,11.371900008726396,0.22359999999999997,0.4245,18.1,0.0737,0.0093,0.20390689679368035,-0.3519347943870005,1.7142600219515831,0.7227269131655842,0.6948682634990797,0.8692171872969731,0.4959018746519247,0.6098144579108635,0.689395617747067,0.5216831683544523,0.9274987993332768,0.9323630068195286,0.7079986935536133,0.5492365061994503,0.48629673646660265,0.5806346354833185,0.8449181439911546,0.9942028985507246,0.0006410256410256399,0.0,0.0,0.0,0.0,0.0,0.0,0.0,Vignesh N.R,2899.0
18.54352346145468,172.15607325565833,-68.43070163090873,-15.077542158372157,-12.940157761448745,3.9972972972972967,-8.25114417994747,-37.5806204061474,-10.368748391192785,11.790213968902526,0.2068,0.44349999999999995,16.9,0.0331,0.0066,-0.010698781855825781,-0.2505997352283343,1.6470495035444976,0.6637673911057625,0.890191314910416,0.8334537229748247,0.6337180582747265,0.7306376872018442,0.740452439258619,0.5478745317079077,0.9014632107023411,0.865365888792855,0.7928484250846541,0.7167077738193112,0.6369869871980038,0.5153481675407873,0.8576573490454006,0.8031933121539863,0.0,0.0,0.0,0.0,0.0,0.0,0.0,0.0,Vignesh N.R,2899.0
18.316251136251136,170.14646931360903,-53.476645633875435,-15.81128140407552,-12.310673770153565,4.0,-4.483901814600345,-27.39614264213529,-9.796655993450113,12.322009990539403,0.20860000000000004,0.465,16.9,0.0517,0.0,0.021321792939439994,-0.38477760183642534,2.0240583604260074,0.6387533378351793,0.9428571428571428,0.80239574416045,0.4708304346686701,0.7467151767151767,0.588001317131752,0.7231084298584298,0.9287851396547048,0.8416523116523116,0.9117873391786435,0.6451988116949753,0.6378932778932779,0.5071640246173494,0.7113919413919414,0.9238600138600137,0.0,0.0,0.0,0.0,0.0,0.0,0.0,0.0,Visakh NR,2949.0
18.662346024472726,186.17910403774002,-46.92951283093129,-15.775986927355135,-9.982337523998853,3.9964912280701754,-1.722909146264341,-25.058554923293634,-9.794779118584016,11.408563580494514,0.2398,0.46230000000000004,17.8,0.0606,0.014599999999999998,0.2373440637154812,-0.5937570042638465,1.357172093247813,0.712798526122777,0.9024767801857585,0.886208048661115,0.5939108695914153,0.6653483809052374,0.5656360161863752,0.5411339672095041,0.9208475125587425,0.9539215686274509,0.9542042042042042,0.7371770832297149,0.4833845048153603,0.3763568564003318,0.8159407434221647,0.8752405692647981,0.00082644628099173,0.0,0.0,0.0,0.0,0.0,0.0,0.0,Visakh NR,2949.0
19.31039864295021,186.2864747673584,-63.41793194915657,-16.153048657906197,-12.40493271491269,4.0,-3.0653947809970505,-37.424957085328046,-10.637939072342375,12.268340362329775,0.22279999999999997,0.312,20.9,0.057800000000000004,0.0,0.05306816827895415,-0.38274212593081985,1.7334003406695822,0.7292031251362647,0.8628645361550987,0.8893340383954774,0.5174456348613975,0.5993335244420017,0.5108223793798607,0.4177100417047953,0.884328325382943,0.9782332445173191,0.8922421769091631,0.43248061144772904,0.3206367801868289,0.6155341038472121,0.7973905537603471,0.906726792350334,0.0032520325203252,0.0,0.0,0.0,0.0,0.0,0.0,0.0,Visakh NR,2949.0
19.498514215359315,174.35011144233394,-43.44378978744953,-15.330523444583443,-10.226437353296411,4.0,-3.034369665343296,-21.913223260297027,-10.082412639754585,13.143176575825233,0.18030000000000004,0.26769999999999994,13.6,0.0534,0.0131,0.016721169091832057,-0.5132080526379662,1.7259897190141664,0.7014130992711219,0.8403800904977377,0.8384346576326867,0.6719250120948235,0.6545395919152117,0.604226432526977,0.6654326909363326,0.9545039602631226,0.9119494918386204,0.8935330428191763,0.6629556032444969,0.552962644809271,0.7537665556788753,0.8254330150908531,0.9611971104231166,0.00066666666666666,0.0,0.0,0.0,0.0,0.0,0.0,0.0,Visakh NR,2949.0
19.07979404009782,178.73502574174364,-55.94876641813106,-15.74098796523319,-10.99862077496231,3.9880711333044334,-4.030966168311761,-30.90962769447541,-10.404089912302904,12.147454963850096,0.2238291215403129,0.4276823104693141,18.74368231046932,0.0669891696750902,0.0078604091456077,0.0743258091037801,-0.2439266219125494,1.6240661809453965,0.7054256164978444,0.885611633353198,0.8193607074660817,0.5909179528588623,0.5893405791655617,0.523256170342144,0.5687475106643481,0.8987704828460207,0.8717553303695859,0.8397118178475623,0.6381146726005181,0.4780177345088184,0.565460265959661,0.7759734126795562,0.8418843401587033,0.0578195610513696,0.0355441766965216,0.072992700729927,,,,,,Visakh NR,2949.0
19.135989078893793,194.47362005328281,-52.47389708126989,-15.82714055807115,-9.656696224162534,4.0,-0.8486592526137027,-31.699780847494527,-10.474107385236728,12.032487186308748,0.2373,0.46860000000000007,20.1,0.06670000000000001,0.011899999999999999,0.11961962708462814,-0.27937912064269577,1.7661172315513323,0.8263947689437428,0.9324315920398011,0.7666988985192129,0.518964725781339,0.5698458851657706,0.41342681895482086,0.5138657656659258,0.9467126393349707,0.962,0.9376625295508274,0.6378124245374158,0.4998478443708597,0.6388472347031386,0.7915842462367649,0.8454640858208956,0.00069444444444444,0.0,0.0,0.0,0.0,0.0,0.0,0.0,Visakh NR,2949.0
17.506624938617694,162.8953984478717,-64.09945702300958,-15.308296041087496,-11.08868198331294,3.989705882352941,-5.568526578337298,-38.451717862096466,-10.681877061374397,13.00993662084608,0.20249999999999999,0.43740000000000007,23.1,0.0508,0.0031,0.23432090596585856,-0.23308974803611404,1.675029195667861,0.6394261710489207,0.7486389041429046,0.8151059759382026,0.6195549272971927,0.4122164790473066,0.4483460687827904,0.45620849553092685,0.8284785186443389,0.7695860346317692,0.7275211365715891,0.6828584215370817,0.4093522236521383,0.47685313820148734,0.8710755989498649,0.8012346060240073,0.0,0.0,0.0,0.0,0.0,0.0,0.0,0.0,Visakh NR,2949.0
18.488424432047548,166.94356852472322,-66.91740226830834,-14.479839547256663,-10.696476512277039,3.9835812356979403,-6.773194527857903,-41.14405735014391,-10.642496079473757,12.835080513002984,0.23089999999999997,0.36769999999999997,25.4,0.07730000000000001,0.0036999999999999997,0.09722070761927479,-0.31739784347592287,1.223181378950838,0.5638956270167916,0.9423050847457628,0.8460417600949584,0.6081525044937702,0.5618344652081348,0.3499963596208813,0.4992908040022569,0.8693601025737407,0.8588229430405967,0.6784427871427121,0.5271152680406053,0.41093723856748393,0.38293640163734377,0.6961809621161585,0.8375585485398265,0.0032596658481390496,0.0,0.0,0.0,0.0,0.0,0.0,0.0,Visakh NR,2949.0
19.684989537432436,185.6787758883059,-71.01607587335494,-15.482838149163262,-12.468780554269461,4.0,-5.025354500239919,-41.70936613989055,-9.91965640315136,9.589919873359609,0.22949999999999995,0.38439999999999996,15.3,0.0591,0.012199999999999999,-0.0034860734147970306,-0.29121831432926054,1.7292392261576637,0.7913961787874831,0.9011764658106122,0.8192973982931935,0.636214947113415,0.6699131246996319,0.4544330888296896,0.5046943082459034,0.9603056431546312,0.8567507439865164,0.8710310281879267,0.7104293854650766,0.5120918281917632,0.5855743687999164,0.8625346512686061,0.8472293785478657,0.0,0.0,0.0,0.0,0.0,0.0,0.0,0.0,Visakh NR,2949.0
18.498203224716235,179.70404000954866,-62.83303474118966,-15.05768528200682,-12.687867671699554,4.0,-6.507230146041981,-36.07202872094983,-10.034404220035661,13.526181299544191,0.21220000000000003,0.4509,15.9,0.07070000000000001,0.0052,-0.06294240767724962,-0.44348005769660687,1.6400682710501073,0.7147636143039722,0.9332957756324335,0.7936722419597355,0.7398838971695944,0.706499655043538,0.534896867986473,0.5814741239549887,0.8237083320425637,0.7674565467347436,0.876342645035509,0.6541576670058158,0.5559737571950075,0.6008400841180096,0.8440094086850702,0.9108802043830586,0.0,0.0,0.0,0.0,0.0,0.0,0.0,0.0,Visakh NR,2949.0
20.554287580125305,184.64180941519618,-56.63651185225892,-16.307717375039864,-11.165929011224321,4.0,-4.502429051299738,-29.476659269284056,-10.31693955042671,11.133162405015769,0.2062,0.48900000000000005,18.6,0.08979999999999999,0.0153,-0.008994165877576307,-0.2007396299949034,1.780430742236483,0.7592139454055028,0.9231085949562532,0.700971802013217,0.5479951005443772,0.541334958380338,0.6801484794329814,0.6608040571677039,0.975,0.889975415669276,0.8940251069697466,0.7333878099901395,0.5903407277134993,0.6295235599307138,0.7304811067739692,0.7411545253163061,0.01551724137931034,0.0,0.0,0.0,0.0,0.0,0.0,0.0,Visakh NR,2949.0
19.64019926995583,169.70891410045888,-47.9137761661609,-16.432495757595092,-10.03533093959954,4.0,-2.268740246352575,-26.821258071550535,-10.437010070473578,14.08105891941042,0.2092,0.38480000000000003,23.2,0.098,0.0147,0.1288140533810235,-0.2818385792935487,1.8144929863882264,0.6717627097161029,0.8113136908052331,0.6489705625176014,0.5009127401976098,0.47007208266297484,0.45968391953995164,0.5687814283120354,0.8539298374267024,0.9571649122807017,0.8832568960226814,0.65280584934677,0.5476383356933183,0.5998654189370607,0.7237932577857508,0.7563621031306856,0.0007142857142857101,0.00571428571428571,0.0,0.0,0.0,0.0,0.0,0.0,Visakh NR,2949.0
17.554140914108814,173.91811153477389,-65.58804144571657,-17.213671663488757,-11.849349071163829,3.9903225806451617,-5.407342100550385,-36.67560800716413,-10.905831322970808,12.473438138976164,0.24380000000000002,0.5799000000000001,23.8,0.06,0.0083,0.0890964392548191,-0.1889673492486978,2.1189363489855344,0.7171459708829048,0.9328861788617886,0.8413540804917112,0.4573004696161673,0.6201261511104715,0.5096863341201321,0.4875327989755827,0.9027267573696145,0.8139194458271113,0.8773027898027899,0.708047804902747,0.6202641875074482,0.4924906269739389,0.7275363721287983,0.854503232926578,0.0,0.0,0.0,0.0,0.0,0.0,0.0,0.0,Visakh NR,2949.0
21.061865266479323,180.65175398528143,-54.37719539737823,-16.809352879330316,-10.693906849078875,4.0,-4.764319289825595,-28.949016950378745,-10.174212096376579,13.013612667611891,0.20529999999999998,0.3755,16.5,0.054900000000000004,0.015100000000000002,0.11630081502165832,-0.15959660268537743,1.419046034905266,0.6876236256815835,0.8979100408905044,0.8302790340919028,0.681036989065876,0.5189611921900891,0.4869233548233048,0.5922113972276178,0.9377929547088424,0.923814843121237,0.7777361337761508,0.6150825941969,0.3943340426183883,0.4579666372855728,0.8263934863795089,0.8773084266753244,0.00461538461538461,0.0,0.0,0.0,0.0,0.0,0.0,0.0,Visakh NR,2949.0
18.092876659099023,168.33601409944998,-66.49730359743016,-16.606381512756812,-10.99341257337002,3.988961038961039,-6.5149518341808585,-36.61634634091167,-11.728662728574658,11.973490353402799,0.1943,0.3848,27.7,0.0698,0.010199999999999999,0.07109013723216345,-0.20467299804256323,1.2518900458084519,0.6615838917101029,0.6777742866041038,0.8514711265584948,0.45911357457249924,0.5116671642095477,0.44386690856956434,0.4781508187962194,0.7154516379828458,0.8526768189967106,0.6870822686999692,0.5617254411206645,0.4735828777267989,0.47939791267383036,0.7772742886018726,0.676630501345398,0.0007299270072992699,0.014598540145985401,0.0072992700729927005,0.0,0.0,0.0,0.0,0.0,Visakh NR,2949.0
20.388948419596762,176.396892636961,-54.95238171248161,-16.343135830140305,-9.775067844972888,3.998275862068965,-6.825544803753585,-27.94713866621015,-11.151962256085111,13.092191826611472,0.19799999999999998,0.4511,17.9,0.0627,0.017099999999999997,0.16374114140812587,-0.11823931346651602,1.7527633652738381,0.7108051960708571,0.8064981327160596,0.7066623298241381,0.786692140285491,0.5615142825145145,0.502726915126397,0.630699294759782,0.8877112914131169,0.8750306900414543,0.8050000371734392,0.7106308899439914,0.36244730543110487,0.5232859311401207,0.8575013454811057,0.8521489255372314,0.0,0.0,0.0,0.0,0.0,0.0,0.0,0.0,Visakh NR,2949.0
19.132589038485655,178.76152680159322,-72.14112769683416,-16.266553785693382,-12.12302478460153,4.0,-5.917185012638809,-44.03114247564697,-10.590265993883204,12.787044355629735,0.2089,0.43760000000000004,20.1,0.086,0.0134,0.0422581239728957,-0.47508154122728313,1.4739923584244259,0.7274510209846028,0.9112959806564135,0.7632408523323593,0.42699121587763883,0.6070706197364689,0.5411069555529803,0.6817829681309098,0.8534825562161302,0.6839336360683266,0.6913094383583365,0.5104972702917668,0.698309328832707,0.48822913339399354,0.774329674595412,0.8245538960444572,0.00599255695299346,0.0,0.0,0.0,0.0,0.0,0.0,0.0,Visakh NR,2949.0
20.21246278484955,193.51887440535904,-56.077094319394504,-15.229024874756856,-10.227122648785365,4.0,-4.073301280430774,-30.970317708190656,-10.032076685961412,10.454748878730566,0.22610000000000002,0.3845,15.6,0.053200000000000004,0.0067,-0.04665267189745487,-0.31520605793638345,1.4911982786341889,0.8008524865134412,0.8505360330209728,0.8220629603178896,0.6276911950223617,0.5103264091251967,0.5785874840310513,0.3632060272395235,0.9977777777777778,0.9504166666666667,0.8047195111194132,0.4630623793965471,0.47905542367250276,0.6739037408335654,0.9845474922947604,0.8854717114070316,0.0,0.0,0.0,0.0,0.0,0.0,0.0,0.0,Visakh NR,2949.0
19.53631221271419,178.52172577916696,-57.080178415430055,-16.104209816447728,-10.74719173365953,3.997560975609756,-4.0927866027576405,-32.01885415276197,-10.349469320116762,12.23477223470382,0.21459999999999999,0.5573,16.3,0.0688,0.004399999999999999,0.11277570624710613,-0.2163021031402476,1.667269003993312,0.7583845239131792,0.8915774555257144,0.8203822054587505,0.5199532891437126,0.5732141745953022,0.6130729146424374,0.6243484680971716,0.8363471900744083,0.8835617872559757,0.8852436486634521,0.5088171479842687,0.6167435478621991,0.6933315962401052,0.6776142883701631,0.7821713879097648,0.0,0.0,0.0,0.0,0.0,0.0,0.0,0.0,Visakh NR,2949.0
18.999159170974067,166.01133065185448,-53.02812323492152,-16.727937744862686,-9.761091805540428,4.0,-5.470068119008534,-28.973618174224054,-10.726670213053264,14.63126282176745,0.21610000000000001,0.45920000000000005,22.6,0.0683,0.010400000000000001,0.12924078791438906,-0.16663554096678346,1.618391108015836,0.6002829157605853,0.8235943748890637,0.7572132636488454,0.5293606191370996,0.5089968909932017,0.4716678559416404,0.5226636208459601,0.9513251137470154,0.8118838617471811,0.8195905921885368,0.6199011611963885,0.3272105372719144,0.6610756690816232,0.7278554413411142,0.8406350443534605,0.0,0.0,0.0,0.0,0.0,0.0,0.0,0.0,Visakh NR,2949.0
19.621505131328306,185.50091553264207,-53.73354580361337,-15.349746717282576,-10.170937889101157,4.0,-4.154785885488485,-28.979367996301267,-10.306752901421099,11.22804558598121,0.23769999999999997,0.4202,18.5,0.054200000000000005,0.011,0.09602638941819802,-0.1981930367356185,1.6302129938787826,0.740751190424288,0.8352699333345122,0.9028494831778113,0.6556904273921592,0.7088119886632708,0.667747702942117,0.5951411471439642,0.9304123711340206,0.8389978632696306,0.8606234930864927,0.6868013082816494,0.47930090547440596,0.47365505465540564,0.7108714067579612,0.8412855153960039,0.0,0.0,0.0,0.0,0.0,0.0,0.0,0.0,Visakh NR,2949.0
18.96084543391045,180.68109625601883,-53.34277166772284,-12.892443654053562,-12.090767629728097,4.0,-0.9959743260826853,-31.46903409867806,-9.557133199548062,9.662581240367619,0.21590000000000004,0.5008,16.1,0.04240000000000001,0.0106,0.050192043690495694,-0.21376034224331436,1.6955070911727261,0.7853781456942908,0.9343191694833413,0.7838769036869251,0.8041281794767606,0.5597078153393897,0.643719731729466,0.6402837425651952,0.933308944379571,0.9354073939504042,0.9008594625787458,0.894261417815148,0.5969398726188839,0.44278183013961553,0.8977223710300205,0.8745260486031026,0.0216867469879518,0.00120481927710843,0.0,0.0,0.0,0.0,0.0,0.0,VladimirKramnik,3062.0
22.00294897964269,192.86460234867053,-48.5497712034547,-14.141625600930874,-10.622875049542824,4.0,-3.412879677097476,-26.71760580174627,-10.07659243492788,12.421807360790627,0.23120000000000002,0.5006000000000002,16.0,0.04820000000000001,0.0023,0.04817929618259233,-0.36557812623482,1.7888754860369975,0.7576339971725368,1.0,0.8308604350688042,0.7582580733442803,0.7620379091502907,0.6336781840747635,0.7919151453684923,0.9508578431372549,0.953448275862069,0.9361401284651792,0.7034308710071377,0.7074497220613514,0.6783097019349771,0.9735632183908045,0.8468978578892372,0.0,0.0,0.0,0.0,0.0,0.0,0.0,0.0,VladimirKramnik,3062.0
19.05970178221446,182.60613983911398,-50.70262848180166,-17.236903432897346,-11.135415816193966,4.0,-2.4391487935478806,-25.12292156521365,-10.396482070777202,11.62824319682839,0.21550000000000002,0.30799999999999994,17.9,0.0622,0.005,0.10643624624101297,-0.4642378728027815,1.7852053376698405,0.6801268827508289,1.0,0.8087694981300224,0.7770845289552233,0.6268975856408504,0.4629738298174317,0.5424613609433903,0.9483061046330361,0.9293241089539264,0.8858700091810106,0.5945456947935638,0.5545902660181421,0.42325867699803055,0.8489866759957149,0.8620375710750363,0.02058823529411764,0.0,0.0,0.0,0.0,0.0,0.0,0.0,VladimirKramnik,3062.0
19.36044584975747,177.62039899340948,-51.54507534921745,-15.667450060933302,-9.710977537650086,3.9774647887323944,-2.133513305345196,-30.441510050284855,-10.813886381150837,13.244797197414442,0.22079999999999997,0.36530000000000007,22.2,0.0887,0.0,0.023145884566346097,-0.16559303036562237,1.3167526259369011,0.7400653071071531,0.9135746006495659,0.6183457078382089,0.5059174229279229,0.5469488772524942,0.6327179825292153,0.5835279511583764,0.8295961251420527,0.8650537622792613,0.8713038028857912,0.4476517386615564,0.37090352851102165,0.482135807598557,0.6112529054082254,0.7020766824285685,0.0,0.0,0.0,0.0,0.0,0.0,0.0,0.0,VladimirKramnik,3062.0
17.928674894793318,166.07181597520412,-49.93570924074721,-13.820714129924658,-9.908099987184007,3.6,-3.820578635545741,-28.482747606925237,-9.644116022866024,12.140547141698457,0.17850000000000002,0.4242,22.5,0.0656,0.0099,0.17430345726398358,-0.12886216366479525,1.3282848012124329,0.6859358173908727,0.9585547802359617,0.7897708426832951,0.5230764327767117,0.609062128486755,0.60482363785854,0.5618934835372407,0.8483167069451467,0.7168006562017405,0.8460456897639783,0.6556608973997946,0.5126418222224995,0.6738938982393825,0.8271151475904466,0.9350638059259302,0.01869158878504672,0.0,0.0,0.0,0.0,0.0,0.0,0.0,VladimirKramnik,3062.0
19.313612932653037,175.28860442549782,-62.231658388521495,-16.7754524758494,-10.398519510149615,3.9774647887323944,-4.039031102305449,-36.44404746868516,-10.823293277655887,12.27122065739163,0.21230000000000002,0.45499999999999996,23.4,0.0973,0.0015,0.13547106164119244,-0.3520624977048545,1.761360271854206,0.6645734018111974,0.7724777993074167,0.7719200289012542,0.5016166466228429,0.5338031266156859,0.4583665340630646,0.5141731751862605,0.8900806197805735,0.9548245614035087,0.7354522831902451,0.7724816189064551,0.26886021165127294,0.6436949738851406,0.7230967980656926,0.7026236378324958,0.0,0.0,0.0,0.0,0.0,0.0,0.0,0.0,VladimirKramnik,3062.0
19.124821253577664,179.04476699675334,-54.51785723344578,-15.303976558333938,-11.435611990342982,4.0,0.0890085634760339,-33.66933427761627,-9.829822609435094,11.631879638806458,0.1974,0.4723,19.8,0.0561,0.001,0.17671911467082385,-0.34514300739022,1.3685090808992055,0.6158369625341449,0.8816125317980988,0.8987622110713713,0.6451716406252412,0.668945160613361,0.6000797734688808,0.7498495566621607,0.8234363805318295,0.9396500446118766,0.9510309278350515,0.7430463484994846,0.41026381999842015,0.4968239257393763,0.851508384784335,0.8832341106599391,0.01401794082206452,0.0,0.0,0.0,0.0,0.0,0.0,0.0,VladimirKramnik,3062.0
17.385609684498032,160.63801601923154,-57.826694080891436,-16.799846825638124,-10.83788422125071,3.972966101694915,-2.733212126128708,-32.28773751802264,-11.09508739461389,11.954107903067726,0.223,0.5401,25.8,0.092,0.0013,0.07813872799629384,-0.18594604431519884,1.2954735874587313,0.5513088647544527,0.8848426335875381,0.7094144852510513,0.5461563169416223,0.5033783390409374,0.4908397200635708,0.5169237876120787,0.8174842981092981,0.8642894854952352,0.8769129084531031,0.5065323827715232,0.6098617041801818,0.41344109222794473,0.5093935576823796,0.7532115923111685,0.00873397435897435,0.0,0.0,0.0,0.0,0.0,0.0,0.0,VladimirKramnik,3062.0
19.555680977980057,190.34967232287306,-57.22197366473807,-16.47850553940118,-10.51339590676007,3.997560975609756,-0.47171813205399776,-32.766397104251965,-10.59788705392464,9.608369096044026,0.23970000000000002,0.5938,17.2,0.1299,0.024399999999999998,0.18725572018854705,-0.24943106163018197,1.867718528462231,0.7836568639007664,0.8559082892416224,0.7170583131090983,0.6718813671305718,0.5119009308429066,0.5182902566262774,0.5759341653834117,0.8919887429643527,0.8927999642633789,0.7936755685937109,0.7371573679188549,0.6380148855758612,0.4518704417113749,0.7424580767281368,0.8826916746110808,0.01818181818181818,0.0,0.0,0.0,0.0,0.0,0.0,0.0,VladimirKramnik,3062.0
19.17922346319082,168.31983253833613,-59.699761519660555,-15.429366835980485,-12.29292119664334,4.0,-5.801223255767663,-32.76182403181666,-10.612446913659081,13.198020714206677,0.2132,0.4231,21.1,0.0546,0.0103,0.02311898772208478,-0.24505707030764698,1.7173073521120508,0.6473443174075878,0.9622208350672772,0.7618198868524668,0.6826868687885662,0.631010763247357,0.5255571953279897,0.49006131571373707,0.8844434938449502,0.8993514099758814,0.9186668415071247,0.704785346912609,0.38663416708174514,0.5342083508520696,0.7994877174578198,0.8704268292682926,0.00112359550561797,0.0,0.0,0.0,0.0,0.0,0.0,0.0,VladimirKramnik,3062.0
19.80691755390681,195.22960149196288,-58.84289516882488,-16.543951438498897,-10.226582623041537,3.9986111111111113,-3.8168482037623788,-33.920220897102006,-10.672633571461372,12.338730453930204,0.23220000000000002,0.4239,18.8,0.10010000000000001,0.0060999999999999995,0.09806722689075631,-0.38702374283046553,1.7498159646372209,0.851810425490003,0.8820921346694544,0.7672626217618594,0.5620964136745021,0.45093169158020957,0.5814913380503479,0.6031014019482828,0.8375675113243336,0.8898873348873348,0.9621418956630224,0.6150181098244478,0.46605477481640867,0.7314577114702868,0.754088481365822,0.9228769841269842,0.00357142857142857,0.0,0.0,0.0,0.0,0.0,0.0,0.0,VladimirKramnik,3062.0
22.269743358431285,206.4455842130406,-54.914168400211125,-13.489215353810161,-11.547608763990045,4.0,-3.119921461560744,-31.917218257985137,-9.338102790592727,10.49789822772768,0.22440000000000002,0.3606,14.4,0.0509,0.013300000000000001,0.17509512812771016,-0.3029422499631228,1.2790186544333348,0.820577388881152,0.9583139083139083,0.9387784315051508,0.8609070591071525,0.8041577923213652,0.5740425987369444,0.5620396178892829,0.980341280972417,0.8740297274682763,0.9948717948717949,0.8909590813870951,0.5158250526411535,0.5328309084705702,0.8355439074094815,0.8078656448974801,0.0,0.0,0.0,0.0,0.0,0.0,0.0,0.0,VladimirKramnik,3062.0
16.246443900716855,133.8776147520618,-59.11289268398035,-14.615745504051853,-10.929048013534654,3.598717948717949,-1.3733794395051562,-37.4061847912023,-9.61147478745687,11.224221903052538,0.1967,0.3412,20.2,0.06160000000000001,0.006999999999999999,-0.003090002166538727,-0.4945643649013694,1.1621373697273307,0.5184290877180198,0.9000167616493464,0.6979094897599818,0.6915021232307399,0.6097770857575375,0.5159984913004462,0.6872746844929949,0.9022145222431481,0.874045498733904,0.8074347949384961,0.4742270178640613,0.5485219205733419,0.6060783137806367,0.757291659570603,0.7857250514565989,0.00588235294117647,0.0,0.0,0.0,0.0,0.0,0.0,0.0,VladimirKramnik,3062.0
19.47188573636272,189.72213270666572,-58.055457799920326,-14.520829479348555,-11.658625896735632,3.995,-4.915584995596826,-32.97072153625956,-10.526186934452998,12.541491042473243,0.24400000000000005,0.4307,18.6,0.0979,0.0036999999999999997,0.11133133854710915,-0.04513095619134123,1.5383255191214376,0.7780442397207745,0.7946677634961267,0.812379706980399,0.4890189691830722,0.7540137940720485,0.5932235236689892,0.5492326852507877,0.9129241071428572,0.8765432562303577,0.8101051809059434,0.578597269030863,0.4346723878558055,0.6211537234243221,0.7011512628057297,0.9113661454578226,0.00068493150684931,0.0,0.0,0.0,0.0,0.0,0.0,0.0,VladimirKramnik,3062.0
19.953828865505404,191.786897690348,-57.740439511725036,-15.758696201397104,-10.55714389858843,3.998148148148148,-4.071365229627614,-32.64223370126082,-10.496317798726603,11.787169169727388,0.2036,0.4760999999999999,21.8,0.06160000000000001,0.0083,0.3073472683583398,-0.1088928380912497,1.2694610952206187,0.7560147005270844,0.8553235487346645,0.7222816692816298,0.5680628158449587,0.5134592930669257,0.7545951497823596,0.5403914491268818,0.9235269716038946,0.9430457801308003,0.7204778140270597,0.565764972933313,0.36444411781201747,0.48338337501613626,0.7477547996571969,0.8488806841654982,0.00211640211640211,0.0,0.0,0.0,0.0,0.0,0.0,0.0,VladimirKramnik,3062.0
19.290648773037066,200.52932602643182,-57.95257366101472,-15.15352445487479,-10.860514297216147,4.0,-2.3204133430560554,-33.81509022707227,-9.909807375470082,10.106776036674617,0.2403,0.512,16.7,0.0837,0.0,0.10569260489341625,-0.11709323729491794,1.8549097028731918,0.8442465834818776,0.8042134893010946,0.7817048907330237,0.7222409148112472,0.7528622524934698,0.5612262727284294,0.6242895303048756,0.8673287053952017,0.8270987008690562,0.8278544650117731,0.7901401169735329,0.497125145386015,0.5996881941587823,0.722789941800172,0.8209868980294219,0.003,0.0,0.0,0.0,0.0,0.0,0.0,0.0,VladimirKramnik,3062.0
19.706661121851685,162.78946156538927,-57.858669776427256,-14.914639161248086,-10.633245849389619,3.5964285714285715,-2.5317393825563057,-35.174760989115306,-10.01166846653905,11.81095550099253,0.17,0.44830000000000003,18.7,0.049999999999999996,0.0017000000000000001,0.12925071791908685,-0.10410055068660742,1.4367656350220992,0.7413421024640968,0.9422882427307204,0.7174686653778833,0.8112991993257481,0.7278908043071448,0.6202906259601161,0.5877039678771255,0.8665236037608406,0.9470983787767133,0.8161070990568119,0.5291198694735331,0.5819813939504549,0.7459528007506139,0.7425829088980332,0.7669688511372751,0.00508474576271186,0.0,0.0,0.0,0.0,0.0,0.0,0.0,VladimirKramnik,3062.0
19.761860242660553,188.69854571096874,-64.63742801437077,-16.104046216881606,-11.552661455333668,3.9972972972972967,-6.647636344326095,-35.39383462007932,-11.125033218185191,12.188486543137836,0.2183,0.4383,19.9,0.10740000000000001,0.0139,0.03388796700448941,-0.2769225358553653,1.74202950968285,0.7235166503515381,0.8295368632485228,0.7140550329877277,0.5365456819997787,0.6785218230000886,0.49090138584426074,0.5021275512669582,0.8707328159157264,0.8424773772437323,0.8171976326694494,0.6466788776451114,0.3967036483799732,0.5680327872166557,0.7712754766551049,0.8024410569403895,0.0,0.0,0.0,0.0,0.0,0.0,0.0,0.0,VladimirKramnik,3062.0
18.139523844035327,150.73923410624835,-68.85302835472952,-16.23298297900985,-12.176049537930846,3.9973684210526317,-5.923476580971826,-42.637263248751346,-10.995828549106031,15.115204119987743,0.20790000000000003,0.38900000000000007,21.2,0.0608,0.0018,0.2506392404237,-0.1581916271493117,1.2006425608901563,0.437227416534778,0.941421568627451,0.7809114421684253,0.4134489224348689,0.503559580185242,0.5820072303508781,0.49243816014282193,0.7635483599477333,0.7538977633867002,0.9368736383442264,0.5744610313109311,0.3527421226100152,0.38510991033575526,0.6842873935659817,0.5845855790740366,0.00502020202020202,0.0,0.0,0.0,0.0,0.0,0.0,0.0,VladimirKramnik,3062.0
19.728203100744672,182.5233816988708,-55.84970949922816,-15.3309200902008,-10.896266451373336,3.97361010387472,-4.188991901150249,-31.495750396342967,-10.342473908866657,12.431083144831124,0.2183258026159334,0.4530321046373365,19.5410225921522,0.0688287752675386,0.0078953626634958,0.1289729251488786,-0.2757384979601304,1.5979875921742182,0.7110498753610595,0.9010216426868116,0.7952099644163086,0.6356811287529731,0.6266051400631503,0.5470283922562004,0.5862620531877208,0.8936961942246928,0.8788711371914274,0.8671023527654101,0.6599034783984411,0.4901689042162535,0.5536179187847378,0.7752985036342361,0.8236129816826132,0.0506281241794496,0.0152476113717304,,,,,,,VladimirKramnik,3062.0
20.573315283201865,180.86261729252746,-51.35039516938538,-15.874886363856671,-10.82403977758205,3.995918367346939,-0.4063608550976336,-28.394671875629562,-10.206495390915553,10.36014072634915,0.22840000000000002,0.3984,20.9,0.0709,0.0107,0.028391815432722824,-0.17519207216034027,1.4537856915478935,0.7217491066789276,0.8884013605442178,0.7986356859078458,0.6409912974507118,0.48375395081857453,0.6336965269793311,0.44496398580805596,0.9045122227226278,0.9628571428571429,0.8939805964579925,0.6280617690791669,0.5603131827732548,0.438149264438722,0.7350420404149861,0.7865115485722313,0.0,0.0,0.0,0.0,0.0,0.0,0.0,0.0,VladimirKramnik,3062.0
21.699647884308874,191.3746681134092,-56.730420811267685,-14.085710492782306,-11.815160174311776,4.0,-5.9587970685630065,-31.34583118281998,-9.547394378914733,12.02247248612412,0.1933,0.46679999999999994,16.8,0.06140000000000001,0.0095,0.09131184263080815,-0.15434916298834964,2.0413551764565514,0.7195565998337967,0.8929753914988815,0.9320440481061677,0.8988736878334194,0.5736267844046137,0.6991921797149,0.7085401103450462,0.8678873343520577,0.8670487414994206,0.856968992248062,0.7216901059071341,0.59437158978594,0.6351710166461758,0.8888823872014402,0.8418888297958066,0.0,0.0,0.0,0.0,0.0,0.0,0.0,0.0,Vladislav Artemiev,3071.0
18.983013290217695,169.33994528343248,-48.952777167752494,-15.96041857127311,-11.049244540217764,4.0,-3.3406559297429865,-24.793566064609045,-10.56654826429443,12.757656202384839,0.23079999999999998,0.46440000000000003,21.7,0.07189999999999999,0.0034000000000000002,0.21571399318010895,-0.26968676694069593,1.9585503601207161,0.6486512853041653,0.9620264879301572,0.838913468092923,0.6175846372785664,0.47987065260106476,0.49374279955799005,0.6569061418791875,0.8416103897681311,0.8641969020136102,0.8508213964228407,0.8239064895419246,0.5004466332830291,0.4413623978489272,0.6206552440304246,0.7347393964087362,0.00065359477124183,0.0,0.0,0.0,0.0,0.0,0.0,0.0,Vladislav Artemiev,3071.0
20.080564206843395,178.83537343702568,-59.23517807549682,-15.798088984826986,-11.03003080520726,3.9911764705882353,-8.910165607370795,-29.778233180076587,-10.552297377423352,12.842461408819926,0.2142,0.5242000000000001,15.8,0.0703,0.0126,-0.01674400822448229,-0.18796261830695868,1.8404556120362632,0.6205805881746642,0.9587852429256039,0.8286152713173767,0.6910190523715587,0.6067796216049459,0.5447788041132128,0.8756998520857262,0.9084683311098406,0.8760221255796588,0.7909078386109581,0.7156781547398253,0.44436840288014656,0.7045316178554918,0.7155276990335454,0.7814794996726908,0.0,0.0,0.0,0.0,0.0,0.0,0.0,0.0,Vladislav Artemiev,3071.0
19.535674146102046,190.6264982572713,-61.56248980068913,-16.151260322497517,-12.03661022657892,3.990153846153846,-3.257158783888643,-34.88793779179477,-10.80911405992033,11.58943753783721,0.2091,0.4265,17.8,0.0391,0.0019,0.1508464268733045,-0.3421833241990412,1.7136346559207847,0.7839185766298542,0.9371671087533157,0.7210180339583958,0.6852775436202514,0.531294672787324,0.45941910001336234,0.5105499956875834,0.9073054818744474,0.967764817150063,0.9137764853386674,0.691890240190006,0.49221948605964994,0.45819397892758545,0.7686027043527044,0.7698919678675191,0.008653846153846149,0.0,0.0,0.0,0.0,0.0,0.0,0.0,Vladislav Artemiev,3071.0
19.099006453961344,183.37130559861737,-60.19647109825638,-14.070640437197634,-10.847994567425282,3.9735588972431075,-6.3602468104065455,-32.69959235708647,-10.108405740633014,9.916849917249486,0.20579999999999998,0.45890000000000003,15.8,0.08130000000000001,0.002,0.07685213359991962,-0.4494900497019486,1.7453337458878746,0.6722490521174731,0.7907187618023531,0.8987391760357111,0.7811595108714366,0.48215518509180244,0.6532671697067982,0.5218920941506717,0.8959710550887021,0.9215219421101775,0.8365927072583419,0.6422391669218295,0.5788944174160892,0.5102155576939282,0.6593985641121864,0.9122245564892623,0.0,0.0,0.0,0.0,0.0,0.0,0.0,0.0,Vladislav Artemiev,3071.0
19.95428124671384,193.15687794576502,-44.7976188760494,-14.714078505475133,-10.698513644385661,4.0,-2.4232089127416394,-21.10034708814331,-9.731575982025198,9.870105256721542,0.20059999999999997,0.40800000000000003,14.5,0.0402,0.010499999999999999,0.08312180044431565,-0.20646184370223356,1.9908807402462478,0.7957514767143417,0.8706938374490891,0.8296610594238922,0.839140742290742,0.5859605864299208,0.5501781207710741,0.6228090416717473,0.955333459755308,0.9104122913673042,0.8665766020248169,0.5580787226982253,0.5437524457096884,0.7521872521004191,0.7734845489289679,0.9148238482384825,0.0,0.0,0.0,0.0,0.0,0.0,0.0,0.0,Vladislav Artemiev,3071.0
19.797447406071154,174.8297410740393,-48.25604322241078,-16.10640027470898,-10.784086314319463,4.0,-7.0357714527919715,-22.037736035999988,-10.521039151763453,14.228990007173076,0.189,0.5079,19.8,0.06699999999999999,0.0060999999999999995,0.13696145944167892,-0.2876354995679034,2.147912619020542,0.6181686821066605,0.857310090269278,0.8962634279629282,0.594616757413154,0.6452021975941328,0.4779527094602599,0.7822073685243328,0.8517725670628721,0.7578067210980629,0.7888376445867802,0.5759139410587071,0.5964747335594616,0.8772895026410568,0.8648206520049525,0.9624696356275304,0.00480551258800938,0.0,0.0,0.0,0.0,0.0,0.0,0.0,Vladislav Artemiev,3071.0
19.667598462515205,183.280862204502,-52.29190953111161,-15.277530670450147,-11.612507684550224,4.0,-3.1964144435110042,-29.016918189205796,-9.909436314742697,12.720897771348266,0.251,0.31910000000000005,16.3,0.0663,0.013500000000000002,0.2089598497638971,-0.5371618374340201,1.3784252122758656,0.6499227496098194,0.8790761548064919,0.8555461280137935,0.6660827278324469,0.652415787499024,0.5962872974192345,0.5174700420680464,0.8331190179963806,0.9456515260844712,0.8750751094076523,0.7154299235757939,0.46418369339572435,0.6647165602952748,0.8458048373644704,0.9328342245989305,0.0,0.0,0.0,0.0,0.0,0.0,0.0,0.0,Vladislav Artemiev,3071.0
20.22606875157939,195.49711945494363,-64.29788668016896,-16.018245580035316,-12.524401869610319,3.98235294117647,-4.730928541629418,-36.50191775857295,-10.332737425903257,11.827991554405823,0.2358,0.3497,17.6,0.05740000000000001,0.0017000000000000001,0.20654820648687985,-0.14803903869736157,2.159174671316724,0.8236203213740012,0.8427290770693737,0.7929139132060251,0.6039331659643692,0.6021307232853222,0.5214948549515078,0.596669246037395,0.8166868119396209,0.814827575337284,0.9240612032051254,0.750813513455459,0.47138548714336104,0.5605966322109031,0.8403525196486361,0.8917915079267544,0.0,0.0,0.0,0.0,0.0,0.0,0.0,0.0,Vladislav Artemiev,3071.0
20.349507585197518,174.72410861701047,-48.84425410179031,-15.265600256326584,-10.454718291596567,4.0,-4.862485721856549,-24.365424536186033,-9.778178934705258,11.882153638880684,0.2366,0.3294,17.3,0.0613,0.0066,0.15250280255833945,-0.22162453413806302,2.0507387804146338,0.6935758369904711,0.8584274438372799,0.8068308082146075,0.7992887939580662,0.6875942553403334,0.5482399911086084,0.72397209967213,0.8439606379670355,0.8988302086572778,0.9679487179487178,0.5526586980529886,0.6716631634614441,0.5531912126545266,0.7254656973276584,0.9067423401009966,0.00327868852459016,0.0,0.0,0.0,0.0,0.0,0.0,0.0,Vladislav Artemiev,3071.0
18.654236305000477,180.3527716051403,-51.09879896860303,-12.981581755396624,-10.506949231728862,4.0,-6.125118120223229,-28.213276641717897,-9.926156806267013,12.654283586730603,0.22480000000000003,0.34530000000000005,14.2,0.07339999999999999,0.002,0.05906027527289985,-0.5173304856826452,1.3876747331918602,0.7216902376077512,0.9075107510751075,0.8116380751810779,0.7361609986374519,0.5358290245349103,0.7828142383203838,0.4086783986615464,0.7725166844307232,0.8264586858685868,0.887692319489681,0.5825805183112959,0.283686945242096,0.7231772471364784,0.840953561563053,0.9709894001164823,0.0,0.0,0.0,0.0,0.0,0.0,0.0,0.0,Vladislav Artemiev,3071.0
19.191318728013233,165.88373711593965,-58.949924710009064,-15.431386153958433,-11.749163149845227,4.0,-6.33777384375153,-33.558492913323775,-10.623033111582215,14.749924462452114,0.1898,0.40099999999999997,21.1,0.0641,0.0075,0.06189797965251548,-0.23636639925172775,2.0240225907099827,0.6182268773316496,0.9932270916334662,0.7578506068913795,0.580972424196477,0.4702757630617002,0.5443889351324993,0.5301072489736692,0.7903126034236406,0.9049053409854558,0.7831785569882339,0.6520103471706227,0.5053395399668671,0.6172093831481695,0.7836945510266246,0.8457814213733302,0.008,0.0,0.0,0.0,0.0,0.0,0.0,0.0,Vladislav Artemiev,3071.0
22.226620169816808,198.02104650422785,-49.14202898129528,-15.93763530616352,-11.697751424300275,4.0,-4.6608182797216795,-22.424169147713428,-10.512757620264837,12.091102796868459,0.23370000000000002,0.3868,17.1,0.037,0.0,0.026808184959854563,-0.15300341943850942,2.052836642260899,0.8348640300460209,1.0,0.8015967905217657,0.8163514762460228,0.6334693171918474,0.6030101009844975,0.7149140935207131,0.9248290598290598,0.8275126368971673,0.888249700073828,0.7780705987793297,0.4786420389132795,0.6516179145761678,0.8911162695811035,0.9343883525874348,0.011123595505617971,0.0,0.0,0.0,0.0,0.0,0.0,0.0,Vladislav Artemiev,3071.0
20.259685172381605,183.01375642955836,-57.76523785854285,-16.01232120232471,-10.615013223525223,3.9732384823848235,-5.720336041510374,-31.145425637192023,-10.106222158769626,11.860841922394282,0.22199999999999998,0.34690000000000004,16.7,0.043300000000000005,0.0,0.16261356660102042,-0.11796955207048614,2.1656501349969943,0.6969365941297179,0.8807463721724286,0.8107966946301299,0.7147614255306423,0.6608367719237285,0.7188448160000823,0.4636246557681597,0.8363582251082251,0.9210858585858587,0.782843906911228,0.45135575908862363,0.5610387510650484,0.8073992439485398,0.8942045454545454,0.8583956888182241,0.0,0.0,0.0,0.0,0.0,0.0,0.0,0.0,Vladislav Artemiev,3071.0
20.72157993311405,179.09129258946535,-47.93454071907344,-15.654109519065765,-10.636641672906494,3.9862068965517237,-2.600287485814838,-25.36570410437683,-10.085329213024185,12.421324379562934,0.21319999999999997,0.4173,21.4,0.0351,0.0021999999999999997,0.07799614396207959,-0.34817649443743376,1.851386576167738,0.6505253399586971,0.9257728072379996,0.7956359662515136,0.5851647383945059,0.5358324941346886,0.43065500620624775,0.5793718751865404,0.8438080451653798,0.916253842775582,0.8932635528414525,0.7549155909291001,0.5751439669872326,0.3667545406177036,0.8676662497025903,0.9393681278187277,0.0,0.0,0.0,0.0,0.0,0.0,0.0,0.0,Vladislav Artemiev,3071.0
21.159604905054373,193.38746490026605,-53.65385733512193,-13.760713163137666,-11.040566748751555,4.0,-8.511838186179727,-25.856241323580036,-9.905272209423977,11.420774295951029,0.2359,0.3518,13.4,0.0324,0.0063,0.004975334019860433,-0.2448722857547497,2.02126721262351,0.8016544896959047,0.9389167969428522,0.8910591630591631,0.6163553840863233,0.6418364379441102,0.6579261485142152,0.6839322665349241,0.9753362193362193,0.9455988455988455,0.8240768588137009,0.6552526663057038,0.6827505174774842,0.6271994112077489,0.8284519413190596,0.9309311740890689,0.0,0.0,0.0,0.0,0.0,0.0,0.0,0.0,Vladislav Artemiev,3071.0
18.925218875327566,164.9856265700767,-45.554906276257164,-15.98175102107327,-10.085267514195127,3.9786324786324783,-3.7052162529144623,-22.490133209714415,-10.267141415702795,12.99597065871043,0.21550000000000002,0.48339999999999994,20.1,0.0485,0.004,0.17717297869791476,-0.06524012077720516,2.5111892994757445,0.6349696745811318,0.9018375486545928,0.8558703792144009,0.6478052690621819,0.6325198642756257,0.4149742681085513,0.6458567804551587,0.9194363357902826,0.9158543851673866,0.9200559307724777,0.7496134332878994,0.7153606572863349,0.5463645128999688,0.8779652701858017,0.8371291911397382,0.0055862584017923695,0.0,0.0,0.0,0.0,0.0,0.0,0.0,Vladislav Artemiev,3071.0
19.81599883995994,162.15543861858964,-58.87718758515696,-16.938324109147906,-11.392011576700629,3.9898684210526314,-0.9037507763022641,-34.545079667345114,-10.620481465140502,11.532591588426829,0.22820000000000001,0.2691,14.4,0.0495,0.0094,0.13092251468338426,-0.20803228299795803,2.033012937482045,0.5620418183852967,0.8994318181818182,0.8134320610842352,0.5507466675189412,0.5858886086112032,0.5961086885304276,0.7620252160130991,0.9727272727272727,0.9631739130434782,0.7961994851994851,0.6409067140804846,0.510681403594447,0.4586073379449003,0.9182277025755287,0.8173112842957462,0.008,0.0,0.0,0.0,0.0,0.0,0.0,0.0,Vladislav Artemiev,3071.0
17.805290621397543,161.29153590558755,-54.44552698487725,-16.795519429138864,-10.784061541305606,4.0,-2.4987243482906316,-31.513401472680805,-10.561025911756106,13.707205718294773,0.2279,0.2923,18.1,0.0546,0.0,0.1095374169312056,-0.3775346286424438,1.6548273766846802,0.6187333314117792,0.9782178217821782,0.8259663302202069,0.5795951047199865,0.6517891434452624,0.40461740760246334,0.6231117813856494,0.9205733057111735,0.8634985217271727,0.8469676397786838,0.5432349097198159,0.36120472741679943,0.687029642830365,0.7466656194243373,0.8898954322515585,0.00078125,0.0,0.0,0.0,0.0,0.0,0.0,0.0,Vladislav Artemiev,3071.0
20.70462860534979,186.72950075962234,-59.14027522017703,-15.282448830316918,-12.58539863052197,3.9924999999999997,-3.894081160345318,-33.5048800078447,-10.108665104049848,12.24269851290171,0.21390000000000003,0.4349,21.3,0.0339,0.005,0.11158411319970278,-0.4772035137857923,2.3139931720511333,0.7277876085799165,0.8327536055487348,0.8853759860576043,0.529838698272395,0.5876016973905408,0.5454215392599082,0.5137787512504293,0.8998979817650703,0.9078983516483516,0.8483688147295743,0.48954705738956716,0.7795392831585068,0.7840720134676975,0.9406532549728752,0.9778594032549728,0.0,0.0,0.0,0.0,0.0,0.0,0.0,0.0,Vladislav Artemiev,3071.0
20.016671063298027,181.1506941472256,-54.12285185257902,-15.263829317554036,-10.990138629988111,3.988000480752115,-4.80453245298041,-29.08931344752196,-10.161675668095205,12.198637182808575,0.2170393873085339,0.4104376367614879,17.908096280087527,0.0600284463894967,0.0082647702407002,0.1016237311474703,-0.2622599613085607,1.928176278976505,0.7050390421417672,0.8977318343568951,0.8264526740398133,0.6698068527661121,0.5851955103325059,0.5637170973893264,0.612502829175198,0.8933804208538849,0.890852139805033,0.859959579774151,0.6942776183564117,0.5444418893868174,0.5829307014948055,0.8087217657117017,0.8489903916044306,0.0502854265756753,,,,,,,,Vladislav Artemiev,3071.0
20.75894989027555,188.91110418126286,-62.32069851196362,-17.36870264520066,-13.532921200766888,4.0,-5.51339629848683,-32.08006819059769,-10.829965159474892,13.004354982563347,0.2077,0.521,17.4,0.0754,0.013900000000000001,0.018715497942660954,-0.09701065199809308,1.9838047009861888,0.7507534751763119,0.8101118792290591,0.8568724925867782,0.495502025057486,0.6784743531830466,0.744343936051531,0.5855011301176807,0.8741180214584471,0.8059968903564962,0.8018504551351402,0.5989652638369644,0.6458484736782396,0.7218063748454896,0.8199911660297359,0.7851574491258424,0.02558057705840956,0.0,0.0,0.0,0.0,0.0,0.0,0.0,Vladislav Kovalev,2844.0
18.3680143204328,172.2978496374692,-57.11410293689388,-16.823196841675102,-10.781557999946767,4.0,-6.73178985909964,-28.786793929728713,-11.01016645492189,13.019402148478235,0.22849999999999998,0.4295,20.0,0.05700000000000001,0.0021999999999999997,0.061549114402375274,-0.2334466326857631,1.4039564893097503,0.6688211962944947,0.835702638204214,0.6732502808512082,0.7040538618658322,0.6064130666182747,0.48925204461196525,0.5981555699136198,0.8033186584000493,0.8368644576871176,0.7804006340764077,0.6428660486981866,0.4507549736638518,0.7178200595865032,0.6392340994011807,0.8326884226884227,0.0030534351145038103,0.0,0.0,0.0,0.0,0.0,0.0,0.0,Vladislav Kovalev,2844.0
19.56869422850412,178.1369259864787,-66.19948871829781,-16.62867231254466,-12.83646520801398,3.998969072164948,-5.4693116308995835,-37.42572681312585,-10.746349534347136,12.908067708468428,0.2036,0.48549999999999993,17.1,0.0807,0.008299999999999998,0.0702158387343568,-0.1899392933303337,1.6059512695396883,0.6776503425587581,0.8729516201990295,0.8142590047231846,0.6095087005742892,0.6751786949150413,0.4620418809038985,0.6522333096370099,0.8172811625891487,0.8789101814202878,0.7513995317034243,0.47850916682111133,0.7033756495941839,0.5325573406387619,0.7347705767902816,0.7198805391130711,0.0,0.0,0.0,0.0,0.0,0.0,0.0,0.0,Vladislav Kovalev,2844.0
19.64398502927755,170.46691513889905,-63.588246725490855,-17.702765175547455,-15.238659644647418,3.9958333333333336,-2.904598420766865,-32.80448668833117,-11.407446643836112,12.473876514304836,0.2239,0.3357,19.6,0.0522,0.0038,0.18369049119122582,-0.10803797580651797,1.5002445715467292,0.6172683913347932,0.824176454207414,0.7295525387282017,0.6243876758691868,0.6578323360852765,0.5481749040668993,0.7043028120339045,0.7679501951494714,0.8525264999079407,0.9401724137931033,0.4722148879167907,0.5512707020504731,0.7236932846924844,0.7240725911821941,0.8165024393595821,0.0,0.0,0.0,0.0,0.0,0.0,0.0,0.0,Vladislav Kovalev,2844.0
19.528750684932213,180.06501059527523,-66.56953491546044,-16.729966527438403,-10.86238085388364,4.0,-7.797339889920488,-38.388473312718105,-11.083134659264221,14.291760327764427,0.2367,0.42010000000000003,21.8,0.06150000000000001,0.006900000000000001,0.15605286033658727,-0.27340973726483603,1.4802553345603955,0.6846202874477927,0.8810388098282207,0.7654550046151133,0.4534652547175577,0.5268003379731544,0.45829086755612813,0.6705869797890197,0.8062528808481926,0.8799935136028771,0.8226111609336446,0.3909386690115675,0.4896740258495155,0.667122072225479,0.7072315317663637,0.7367387681411078,0.011674165285342162,0.0,0.0,0.0,0.0,0.0,0.0,0.0,Vladislav Kovalev,2844.0
22.13164390054636,189.09505114956326,-47.37604686544387,-16.84047200173057,-10.918704528003923,4.0,-0.3268429108947716,-25.209728859250816,-10.223705012129678,12.143406446565887,0.22290000000000001,0.5247000000000002,20.5,0.0767,0.006500000000000001,0.1258303535816204,-0.24277776110794164,1.6364973878460334,0.7436261787724653,1.0,0.7716867096164294,0.6710491495468066,0.5944981526752587,0.6596119473359275,0.8101311209988429,0.9074500571550139,0.9052464032469706,0.9141608525128975,0.6379539827309556,0.5135374330389871,0.7275507199073257,0.7558369722214563,0.8631353580153279,0.0040983606557377,0.0,0.0,0.0,0.0,0.0,0.0,0.0,Vladislav Kovalev,2844.0
20.402483122562806,177.86694435793578,-54.84850997634695,-17.510331362224484,-11.04183931567633,3.9986301369863013,-1.8129389007216345,-29.44715009749057,-10.890212548974773,11.855332111754539,0.2237,0.52,16.9,0.0531,0.005699999999999999,0.04726115553883154,-0.22982856610763586,1.6370954614245072,0.7475006197281835,0.759338475763581,0.7027494493353008,0.5606741047177005,0.8075796821552116,0.46673973749724007,0.7349699626289005,0.8895174747651555,0.9192715690347597,0.8027128551139157,0.5792051558769771,0.6432724979462371,0.7543045811433698,0.8188234127733505,0.9155855067390164,0.0157299247752431,0.0,0.0,0.0,0.0,0.0,0.0,0.0,Vladislav Kovalev,2844.0
20.613211019432367,191.97101122066954,-56.43944959948142,-16.261890354504956,-11.962919300408684,4.0,-5.9528417041362705,-27.098033104887946,-10.540989971050454,11.377224835506881,0.1848,0.5584,16.4,0.0632,0.0024000000000000002,0.25840917689177456,-0.1367437695769614,1.5463678530486678,0.7548159420216818,0.7718271515643698,0.9368089081062927,0.5528865969849928,0.7808749680515329,0.7525133897371109,0.6686415968561842,0.8132722326881506,0.8197643051651202,0.8570179160338981,0.7234480143492185,0.5030162293507748,0.8710874350523463,0.8966472160418677,0.9886075949367088,0.0,0.0,0.0,0.0,0.0,0.0,0.0,0.0,Vladislav Kovalev,2844.0
19.387404731329905,164.4912149691611,-55.42850313181632,-16.454707056807116,-11.100554148239365,4.0,-2.096315712534387,-32.52653402933175,-10.664123237175255,13.413731052271547,0.215,0.5063000000000001,17.5,0.06849999999999999,0.0068000000000000005,0.0526100273750922,-0.3620920497488747,1.336985916549069,0.6177999557224225,0.9182048131820482,0.7959200184858668,0.8322317139714599,0.5986110263055439,0.4730346933329674,0.6190703077606092,0.8708346890757632,0.8729540924789385,0.8857162073275504,0.5795953637546747,0.5646847432879325,0.714109491156704,0.8869644065312343,0.7886976752563102,0.0022598540145985398,0.0,0.0,0.0,0.0,0.0,0.0,0.0,Vladislav Kovalev,2844.0
21.723473200056873,189.3314422766492,-57.29366315373848,-16.73591769996556,-11.234846034114785,4.0,-4.319661276208776,-32.34833568222031,-10.512401630397479,13.857499169168438,0.22210000000000002,0.5075000000000001,16.0,0.06299999999999999,0.0126,0.025192582607381546,-0.06099700590306621,1.9236923485254867,0.7235348699640272,0.9967741935483871,0.8558541292562379,0.7074692000186213,0.47983142543651197,0.6785688488072217,0.6664514571316305,0.9047975744604958,0.9640449438202247,0.9932584269662922,0.5063810215269248,0.6166867839105129,0.7336196119388434,0.8813340894820808,0.8257385612522269,0.01935483870967742,0.0,0.0,0.0,0.0,0.0,0.0,0.0,Vladislav Kovalev,2844.0
19.861908056326662,180.0203300972321,-62.31811489005533,-16.761586293147754,-12.66916804046063,4.0,-5.429068795306337,-33.62199068403388,-11.18078932807338,13.344488250966654,0.2004,0.4928,21.7,0.0458,0.009,-0.03534681033850469,-0.24956658528087097,1.4204215264846494,0.6578157240179381,0.7307685614496247,0.8632287977802928,0.5901575671025678,0.5671392754911164,0.4892671698778625,0.415447964272715,0.8118703527922797,0.785520961388162,0.6369118643610066,0.5419385435253774,0.4754744134602939,0.8455703225346081,0.8662087912087912,0.889646781789639,0.04795918367346938,0.0,0.0,0.0,0.0,0.0,0.0,0.0,Vladislav Kovalev,2844.0
21.129637983469625,184.06441797559913,-69.96794145105808,-17.3457836008119,-10.858835949423568,3.978333333333334,-8.009236517881124,-39.685664628282396,-12.146544375335761,14.099790287343334,0.2137,0.4756,19.6,0.05790000000000001,0.010900000000000002,0.10059215595912971,-0.18721842631453983,1.8688079176915846,0.7377311363554894,0.9255863854975953,0.7593742725265098,0.6397287078850118,0.47277617813535333,0.5179464681939203,0.6690660665259004,0.840887297934942,0.9134426329608598,0.8774677452955902,0.5039411205229598,0.44085668054968535,0.6338625920787109,0.7449631028309982,0.8285815794294308,0.00301169011293837,0.0,0.0,0.0,0.0,0.0,0.0,0.0,Vladislav Kovalev,2844.0
18.423690388043422,168.40021946049075,-54.38032493464054,-14.80292339147297,-10.73016739239756,3.98160113884853,-7.073044969107846,-27.983015426988395,-10.659993682999424,12.887218789477128,0.23780000000000007,0.49420000000000003,17.8,0.0664,0.0073999999999999995,0.28679010700357543,-0.37607521537172983,1.302539451671845,0.676790981471769,0.8230474199585215,0.765092723182702,0.5534930876090448,0.6580551141428128,0.4421075271265228,0.5909640610208872,0.8804137071106972,0.8271619861547246,0.7198245713250263,0.6294463199222663,0.5201327387665178,0.7684097176482519,0.8947797553942527,0.7230249874519499,0.00827067669172932,0.010526315789473679,0.0,0.0,0.0,0.0,0.0,0.0,Vladislav Kovalev,2844.0
20.84426328565752,180.748089776605,-56.90647249968576,-15.353471983398297,-12.019572531124734,4.0,-5.316296129109015,-31.633146861485322,-10.871487134330586,14.287502139762193,0.23310000000000003,0.46440000000000003,17.1,0.056999999999999995,0.0016,0.07148210826723436,-0.39547436669733615,1.6943474019693774,0.6882689058848667,0.946875,0.816271409852224,0.6322669195372712,0.6213939356037461,0.6739914537019829,0.5271122349654018,0.8816923740519995,0.8698653013980511,0.8735675964188999,0.4951306487509415,0.5732082743954512,0.6138898490741893,0.9462987355110644,0.8303091736694679,0.0016129032258064499,0.0,0.0,0.0,0.0,0.0,0.0,0.0,Vladislav Kovalev,2844.0
19.182155666519982,156.33561501303842,-63.441061133987944,-15.602251575054101,-11.191950449194602,4.0,-9.269023337450442,-34.179097547154356,-10.355049956417371,13.156311731282926,0.215,0.481,18.5,0.0485,0.009,0.0842901656518483,-0.3594975030095317,1.919027187707771,0.5039833404863827,0.8731830914183856,0.8069046700328535,0.6113518182972469,0.7687330981096288,0.4919408120473646,0.5188428845370792,0.8181583988886529,0.9002756557168322,0.8537020581757424,0.7345462621955159,0.4779660485488096,0.7189970916596303,0.7723836048737855,0.6722719349803581,0.0,0.0,0.0,0.0,0.0,0.0,0.0,0.0,Vladislav Kovalev,2844.0
19.254967547753562,184.00630128463814,-57.30501004974731,-15.869595776163575,-11.094583462445716,3.978333333333333,-7.058967245090126,-28.159273271455476,-10.690247175141241,11.589323547215498,0.24230000000000002,0.45030000000000003,13.5,0.0639,0.0087,0.10361733252623084,-0.33112489911218723,1.802005649717514,0.7897962464222176,0.9255863854975953,0.8472877305443095,0.6160736034144053,0.6877313979198946,0.7124762957091619,0.7848228530338138,0.9054263294195533,0.8303862121134962,0.938930123936367,0.5846932261766474,0.5994037815295445,0.6863802937943695,0.8393399487274348,0.8428564949201741,0.0008547008547008499,0.0,0.0,0.0,0.0,0.0,0.0,0.0,Vladislav Kovalev,2844.0
18.855694876970947,173.74784130866448,-50.53025906673692,-16.022239325804055,-10.740737421027168,4.0,-4.891558707248535,-27.187307441566407,-11.081678328424024,15.393262157333274,0.2178,0.4236000000000001,22.4,0.060899999999999996,0.0027,0.11715738869675922,-0.39406305983471457,1.177929610466561,0.6293598799221019,0.9084535195968982,0.7727288515726497,0.4835467500569345,0.6054658027719759,0.4973326601719245,0.5610364516222973,0.8576285036472173,0.9129300726730047,0.8009702001937624,0.3414774196812256,0.4312695670949573,0.8048310337394586,0.795829233166554,0.9057212650394251,0.0030534351145038103,0.0,0.0,0.0,0.0,0.0,0.0,0.0,Vladislav Kovalev,2844.0
17.14195041369583,149.53098405269233,-54.427685269037774,-13.92963347496198,-11.462668358928497,4.0,-7.433729856231572,-29.685023621077967,-9.874928313329768,13.958298355491996,0.22550000000000003,0.43999999999999995,19.0,0.05389999999999999,0.0082,0.15317664322696914,-0.6069817613873385,1.311834236117832,0.5556283882174438,0.8955045432807269,0.7744151245680528,0.5037875485519093,0.8089198781745365,0.49326310295120546,0.6459424786052089,0.9688405797101449,0.8934222429211562,0.839571861059666,0.418879843265519,0.5348494501076738,0.7990295594086874,0.7938209248768254,0.8102175637828426,0.0,0.0,0.0,0.0,0.0,0.0,0.0,0.0,Vladislav Kovalev,2844.0
19.98392644010165,177.9455991291263,-57.1638395168312,-16.094447735492277,-11.30000757953944,3.992271169722284,-4.730734665788949,-31.3134682718314,-10.511420033473357,12.79396759957193,0.2195576036866359,0.473734693877551,18.78538512179065,0.0618841342988808,0.0067794601711652,0.1005765079229369,-0.308037041444583,1.6481510371218997,0.6898167073853538,0.8770100941742875,0.8094282987533873,0.6147773970180573,0.6465993085397418,0.5668217602103511,0.5816950994561967,0.8935119206127168,0.8869346261103407,0.8526516043199676,0.5191841179807243,0.5654138505475482,0.7491993591042764,0.807920797646717,0.8257679205696699,0.0493639131145807,0.0323112650148971,,,,,,,Vladislav Kovalev,2844.0
20.505853093958372,172.36922002188774,-59.91639522299543,-16.39974510843185,-11.05723123716976,4.0,-4.222594449681517,-36.13023788483821,-10.013904681209018,13.90731813833492,0.23049999999999998,0.5012000000000001,17.9,0.05589999999999999,0.0051,0.24666627903161847,-0.3118004201680672,1.7222893019858894,0.680721083135299,0.9108627450980391,0.7286111271071197,0.6292039570630761,0.7377317936546313,0.4080920428872262,0.585413328796055,0.8246835443037975,0.8957476840393184,0.801676199709824,0.32467201357385916,0.6872035188121874,0.7398455394188451,0.8375625989109979,0.9168888888888889,0.01139240506329113,0.0,0.0,0.0,0.0,0.0,0.0,0.0,Vladislav Kovalev,2844.0
19.68092822941969,180.87418748851624,-58.870875705803414,-15.137883004818487,-10.51412303015368,4.0,-6.329674598697369,-32.80307436795814,-10.09851947221966,12.012398768043928,0.24419999999999997,0.4915,17.0,0.0315,0.0049,0.20934143729921714,-0.1832207207207207,2.022694776290602,0.7145004750728499,0.962329721362229,0.9361695028361694,0.6873959818815297,0.6676402671158546,0.5162312864225009,0.7569245754092604,0.9269551282051282,0.8178873106852983,0.9263774883598007,0.5408470779379397,0.6005665066113982,0.8242132867132866,0.9430128205128205,0.8592378917378918,0.0,0.0,0.0,0.0,0.0,0.0,0.0,0.0,Vladislav Kovalev,2844.0
19.488720464544983,175.05682650857628,-60.07102486354401,-15.923992804120576,-11.676701441742283,3.985158098689664,-4.091989491454406,-34.6042278604664,-10.34284251402301,12.583571149573007,0.2147647058823529,0.4163464052287581,18.640522875816995,0.0621764705882352,0.0076601307189542,0.0933709999209814,-0.235078029909076,1.3996234703059571,0.6630522464200975,0.9065638370408176,0.792694453318445,0.6468095369155964,0.6104254365782602,0.5365407086549334,0.5988808936841399,0.9035293362327516,0.8620925447810411,0.8501722511838328,0.3907017408414003,0.5126915730101322,0.708694886483813,0.8171645421400011,0.8120410765110425,0.026370318788099,0.0153846153846153,,,,,,,Vojtěch Plát,2886.0
20.946149580234486,172.70241627317097,-68.28920788523973,-14.91586506133676,-13.335736102135872,4.0,-3.079319020686946,-42.496288872185104,-9.776249713570468,11.314250884675413,0.2279,0.3912,18.3,0.1049,0.0147,0.08551625860116424,-0.16927875167497805,1.2188006969233385,0.6141622936404868,0.7989194816965713,0.7721943795152517,0.6623000091659778,0.5814146911517702,0.6477971262348773,0.5848804877298344,0.9757009345794392,0.865240457109616,0.8947433006498426,0.3818308872052417,0.543301479779823,0.5879759361030239,0.9002080002080002,0.8149679983013316,0.0,0.0,0.0,0.0,0.0,0.0,0.0,0.0,Vojtěch Plát,2886.0
20.141312167067504,169.63416803614223,-51.73291822767597,-15.945880832692543,-10.781091295124467,4.0,-3.644532609463969,-27.85918485229002,-10.480245496848624,12.978016858743654,0.2419,0.5104,14.8,0.040400000000000005,0.0017000000000000001,0.018911549461717185,-0.08992838397773542,1.5457672522346617,0.66686379497042,0.9232552342971087,0.7795564803916132,0.6196563369540096,0.7363347598294288,0.6727937373157873,0.689015166182277,0.9470588235294117,0.9175107754458487,0.8689287756189854,0.37267275602934063,0.5664980793498562,0.7039088720850147,0.7299562997251798,0.8402824627001667,0.0,0.0,0.0,0.0,0.0,0.0,0.0,0.0,Vojtěch Plát,2886.0
18.550704230777626,150.5862944002971,-70.39501676393881,-15.644206373799431,-12.891415033746387,3.9983870967741937,-4.684802960335212,-43.33520346174435,-10.74163816107344,12.903862129985807,0.18419999999999997,0.4474,19.0,0.0623,0.013000000000000001,-0.029106638233178543,-0.21784090558445177,1.5175794737826198,0.5157968068213112,0.8291395506798068,0.6974646089658771,0.5635221993088038,0.4986527848504948,0.4667595683840383,0.5407394254469415,0.8716375757112902,0.7583449177596571,0.905818777844338,0.4910101711392061,0.22690242870137484,0.5918545776572838,0.8576418417645755,0.786523853143599,0.0,0.0,0.0,0.0,0.0,0.0,0.0,0.0,Vojtěch Plát,2886.0
21.229834884803928,178.96312232733285,-54.80199773620319,-15.89463744262506,-10.065809336841422,4.0,-3.1119078373722338,-32.97528401553169,-9.625745308578127,12.871386204745338,0.24019999999999997,0.3571,17.0,0.0624,0.0124,0.07638152831651283,-0.2624006324006324,1.3718001836113292,0.7010121063062377,0.9763636363636363,0.8323288529170881,0.6915755373899239,0.5102638391157167,0.45350928002131285,0.571261629913196,0.9535064935064934,0.9248950226536433,0.887643445584622,0.3762247613331927,0.49198890459871336,0.761578405248662,0.8344829509691094,0.8511337109612971,0.0,0.0,0.0,0.0,0.0,0.0,0.0,0.0,Vojtěch Plát,2886.0
18.59769766908886,178.765229448947,-69.5893913433795,-16.351467517364657,-12.359754940018453,4.0,-2.8954587608312705,-44.82518330933175,-10.223069005196702,13.065542189363324,0.231,0.44610000000000005,18.5,0.0706,0.0038,-0.01032114554862799,-0.20519269898674927,1.5439543972177427,0.6877007239279966,0.9178461538461539,0.8086132376395534,0.492795238720764,0.6059068646163508,0.6218564554966677,0.5898112633378911,0.9891891891891891,0.9356674856674857,0.9129364216325939,0.33645452914425245,0.5712765903220448,0.7921639902190141,0.749385096928159,0.7618628173628174,0.0,0.0,0.0,0.0,0.0,0.0,0.0,0.0,Vojtěch Plát,2886.0
18.555079775022612,167.39900534459406,-49.79646745354517,-14.66375629533581,-10.087671983215172,4.0,-0.8536618955509352,-30.69212664061407,-9.718455804926393,12.219205166097211,0.2143,0.3492,22.4,0.0364,0.005,0.1943952141266719,-0.22922543467392945,1.2272392923252629,0.6225196991022114,1.0,0.821532112845138,0.5332551676731827,0.5799107678054353,0.49729529528600624,0.5595253731084238,0.9583426097711811,0.8429065638794702,0.929395358392423,0.3939225736588425,0.4025193769481855,0.777245670995671,0.7817189556073213,0.7482996129486278,0.0,0.0,0.0,0.0,0.0,0.0,0.0,0.0,Vojtěch Plát,2886.0
19.57841743123389,175.87043288560795,-60.319596844418776,-15.556286271721174,-11.159828696446809,3.9972972972972967,-4.150107165702526,-35.71761202267062,-10.277825963231269,12.544765978056324,0.22359999999999997,0.40120000000000006,16.8,0.06910000000000001,0.005,0.020554567625549653,-0.23384000179397996,1.13079071541762,0.6629182795481035,0.8304654120136803,0.8956016986600958,0.8186220482136873,0.5795826757217626,0.5924276623007281,0.5754198909364803,0.9643236769219253,0.8575905045817575,0.8480030781386951,0.43298373939714824,0.30647714394802383,0.7162888736929645,0.8416421207204617,0.9220885518273292,0.0,0.0,0.0,0.0,0.0,0.0,0.0,0.0,Vojtěch Plát,2886.0
19.57693780526911,187.45964689560884,-59.632389660013985,-16.163411160938644,-12.131027764772229,3.998039215686275,-6.015489247669256,-32.16417725095653,-9.857899228472364,12.701575777108761,0.2156,0.3799,18.9,0.06720000000000001,0.0055,0.11221155646047279,-0.12665143592378536,1.298292069590243,0.7115169656360775,0.8666637934887402,0.8639712571694369,0.5457335091084389,0.7550839463231787,0.5781315323383212,0.6070894864805982,0.9579365079365079,0.9069603828474964,0.7765647020308099,0.41520010577194755,0.36684408036178895,0.7293693971521085,0.8308772574591506,0.7899351883529098,0.0,0.0,0.0,0.0,0.0,0.0,0.0,0.0,Vojtěch Plát,2886.0
18.267699689485923,164.4718403314984,-71.31761705244413,-16.52043640573668,-12.117031101566642,4.0,-6.301665567980594,-43.98621277320456,-10.426696477373122,14.034425273417444,0.2303,0.36030000000000006,24.7,0.0737,0.0056,0.03743357251812285,-0.0894677502590751,1.3621102621531658,0.593771712344791,0.887094861660079,0.7383541328126928,0.6686917324192075,0.45722741422745183,0.5038920335893553,0.4724587520606719,0.9386145903979612,0.7119080955322513,0.6901816295389006,0.31006128237502517,0.44982548271016637,0.6838631985029238,0.7097117078342133,0.7586945652624209,0.0,0.0,0.0,0.0,0.0,0.0,0.0,0.0,Vojtěch Plát,2886.0
19.09184221170961,149.86973138639877,-58.95404155631197,-15.949595871040026,-12.431795788035037,3.9983870967741937,-6.547560905807527,-30.811602244049887,-10.28872158339978,13.076847739246087,0.2068,0.39559999999999995,17.1,0.0427,0.0,0.1364988828437305,-0.10164314711724705,1.4630496680035239,0.5037458281241387,0.8854140603781856,0.7092725370728445,0.7316650439858889,0.5715032385659714,0.5755792911506525,0.6971907473188036,0.9296261783705864,0.955309536492296,0.9574578277596922,0.30628610179182714,0.5000579612210905,0.6677471105254724,0.8700917536811316,0.7609298054928145,0.0,0.0,0.0,0.0,0.0,0.0,0.0,0.0,Vojtěch Plát,2886.0
17.45523188413358,155.08639427788506,-60.08415158917743,-15.992504867514977,-10.933460582121244,4.0,-4.114620657213541,-37.182495862859085,-11.283509733724863,15.422440114256267,0.2217,0.3227,29.2,0.07409999999999999,0.013999999999999999,0.3321762123041091,-0.35567390443270763,1.197054166264165,0.5399442823744773,0.8958928103372956,0.6650999492438128,0.41506277055286234,0.5093126961082698,0.3615299580173318,0.4333488075561241,0.9170100649742727,0.7191148016852658,0.714540464751374,0.3714352052396398,0.42441691965391365,0.6719875549005689,0.5900594078665631,0.6422583137681266,0.0,0.0,0.0,0.0,0.0,0.0,0.0,0.0,Vojtěch Plát,2886.0
20.766158612393323,189.44055331402166,-60.04408819135642,-16.022112531981737,-11.43980147297277,4.0,-3.9839386034320485,-34.36707357195694,-10.014723362399417,11.783561351386478,0.21799999999999997,0.4523,14.8,0.039400000000000004,0.014100000000000001,-0.03358875380059283,-0.21297097766309583,1.3342524836499776,0.7839955275356081,0.9302380952380952,0.8618749999999998,0.7643183681314156,0.6977231550540243,0.6451395855125958,0.66301338848349,0.9707142857142858,0.8844324682137238,0.7827593030773716,0.35984228320728534,0.5742910828024466,0.7101507012087941,0.8942954257080433,0.8921658749706779,0.0,0.0,0.0,0.0,0.0,0.0,0.0,0.0,Vojtěch Plát,2886.0
17.447351249939054,132.9012704371315,-69.11883514169229,-17.055113771364805,-10.815717693923782,4.0,-8.349858406920795,-42.37661372110555,-10.90958233075445,16.388050782377086,0.2325,0.3059,19.6,0.07339999999999999,0.0046,0.2182024734831459,-0.1832278599511279,0.9428661802546298,0.3867055863345298,0.7487972910086882,0.6837165503086025,0.5971557927314507,0.46616449865503595,0.4493430965751316,0.46620219005019337,0.8734580449426025,0.7800534016428974,0.7996799291874696,0.11880337880919507,0.37653802935419195,0.5579479576374895,0.829921542175352,0.7564410177773518,0.0,0.0,0.0,0.0,0.0,0.0,0.0,0.0,Vojtěch Plát,2886.0
19.277731606449997,180.51625377337908,-58.43529165620714,-16.19127769830279,-11.206442991279355,3.9881578947368417,-6.829848233215114,-30.771164980006745,-10.251378438842032,12.826662790702049,0.2197,0.481,20.1,0.06770000000000001,0.0,-0.03506805797877614,-0.29531292895958705,1.9023680575256914,0.7012278013984977,0.9119772313808678,0.8489741638901751,0.6460402885476886,0.4772103675482118,0.6179860922085841,0.50479145063105,0.9865830915872358,0.938437629506838,0.8134669373192356,0.47392334342706954,0.5975009319137811,0.5266563048470068,0.7977620185127516,0.7475700152444766,0.0,0.0,0.0,0.0,0.0,0.0,0.0,0.0,Vojtěch Plát,2886.0
19.066943723676545,179.25713575088653,-55.2582974392181,-16.291024305315098,-11.967641056547398,4.0,-2.386458651241039,-29.981233352921684,-10.441835691740419,11.809895618547541,0.2262,0.44189999999999996,19.1,0.0755,0.0172,0.12816250031236573,-0.11684190102157696,1.557389805540331,0.6959544352103956,0.9204267471747378,0.8665426294041435,0.6782175319776368,0.654664744239935,0.49509472169057356,0.7284413051801338,0.8784145077720208,0.9102379203894848,0.871795112398515,0.3595778300647899,0.5120812094452515,0.7544135693141346,0.842532683738367,0.9304326628860512,0.0,0.0,0.0,0.0,0.0,0.0,0.0,0.0,Vojtěch Plát,2886.0
20.415286287405287,169.8937020268561,-57.59292832354382,-14.979063962390288,-11.903306305216802,3.9980769230769226,-3.9184574663068035,-32.37453475048602,-10.249946756123341,11.834303993902505,0.2223,0.4718,18.5,0.03749999999999999,0.0,0.16423383260425112,-0.1608158442109241,1.3080731707925115,0.621704945054945,0.9611477411477412,0.7292201465201466,0.6221802197802198,0.604673002471783,0.7358266297388248,0.6643663941749308,0.8693166160397867,0.8764814794961137,0.8863980463980463,0.4501596950474999,0.6397196893892015,0.6656611721611722,0.7757615995115995,0.7853861207897793,0.0007142857142857101,0.0,0.0,0.0,0.0,0.0,0.0,0.0,Vojtěch Plát,2886.0
19.916406531127784,170.08435984877866,-57.83537210824761,-16.59107150238378,-12.36638919475217,3.989795918367347,-2.175139020873722,-33.621477031842346,-10.359398879141263,13.288307602378307,0.21680000000000002,0.5207999999999999,19.4,0.06670000000000001,0.0051,0.10693727777255362,-0.24618437448839484,1.4574721741172032,0.6089952018244003,0.9594929881337648,0.7194677008103898,0.5895189046906799,0.5419133020732328,0.5751197735401672,0.5527882117848567,0.874059483707596,0.8613083297990624,0.8125137930819125,0.4296100576865884,0.4728972425808745,0.8833520094327779,0.9330321604123494,0.7298607725875923,0.0,0.0,0.0,0.0,0.0,0.0,0.0,0.0,Vojtěch Plát,2886.0
18.402664263840734,164.2462424037214,-64.26758826721135,-16.683438130496956,-11.676527385982407,3.9964285714285714,-5.132927751520188,-37.05226658262372,-10.973021194491784,13.254164206475133,0.2435,0.31599999999999995,17.5,0.0379,0.0,0.09690623801968341,-0.09768057805872929,1.2893896346417355,0.5256640220183063,0.9547682753758124,0.7947436147719391,0.45325799472730005,0.6985585775556588,0.5834744991631299,0.6058863100976918,0.8389448824686321,0.9173513186375285,0.8745001437668947,0.30874155865522035,0.2368407955781205,0.7323773461052222,0.8139139464499211,0.8495937990580847,0.013274336283185839,0.0,0.0,0.0,0.0,0.0,0.0,0.0,Vojtěch Plát,2886.0
21.072258234386524,199.59279120652852,-59.857293252267915,-14.981341921896732,-11.50615689373879,4.0,-8.727424257660257,-32.93450278617495,-9.572324108746825,13.864456715949643,0.2253,0.5029,15.5,0.0553,0.0042,0.14731454443971542,-0.25133337545068707,1.574267787428334,0.7957177570242266,1.0,0.8771634615384615,0.6846813949547937,0.6260382996653904,0.6428516949518677,0.6911890688359216,0.9140099859572477,0.8833877629301057,0.9084905481892569,0.529354752216143,0.5914168973601083,0.819633026287438,0.9539366515837104,0.9680672268907564,0.0,0.0,0.0,0.0,0.0,0.0,0.0,0.0,Vojtěch Plát,2886.0
19.22721029894671,159.06342567222404,-70.4881104042679,-17.270925277640576,-12.71632782385049,4.0,-5.467190640194527,-42.0448761389609,-11.074467160419134,14.085676636797725,0.2367,0.43759999999999993,18.0,0.0739,0.014199999999999999,-0.0636841495755401,-0.4456883339528533,1.3676248326071776,0.5708580898804467,0.9582768248903072,0.67306760313469,0.7236991142168158,0.47730061694609266,0.4208593773378819,0.653865133335033,0.9374770642201835,0.7068721522149193,0.8458137212815162,0.30228496014504425,0.4525164371439548,0.8039894088891456,0.7973349430725046,0.7262962309731832,0.0,0.0,0.0,0.0,0.0,0.0,0.0,0.0,Vojtěch Plát,2886.0
19.431080265982715,177.73501607185415,-58.07078695706414,-15.627982338073434,-11.208578313987848,3.9777063723750334,-6.692417966737917,-30.628577223000526,-10.60627627659897,12.71533878895952,0.2040169491525423,0.4296682808716707,19.26634382566586,0.0720726392251815,0.0093292978208232,0.0900220311196063,-0.2286084667354154,1.7818986984334642,0.687275341185189,0.8740205164713618,0.7952473408194963,0.6254323013214586,0.6124377624016083,0.5483597010514009,0.6005846514842388,0.8657394296171256,0.8504415541357874,0.8169245366697769,0.5752069308514212,0.5693305455893048,0.6433383546319938,0.7857095404332793,0.8007682735853974,0.0797290867659292,0.0337055927343682,,,,,,,Vuk Damjanovic,2964.0
20.891156144362263,191.40351707237014,-68.62378409373721,-15.06573813857394,-11.890032244932788,4.0,-7.823076590753959,-38.092854494343094,-10.58364834580799,10.831565720674563,0.19660000000000002,0.5227999999999999,19.7,0.059899999999999995,0.0054,0.04275390364203042,-0.27432045856850795,1.8366612145211612,0.7507294166449526,0.8508337513822954,0.8012627973038707,0.652053096417166,0.6157472174195249,0.5926912327184656,0.6984390792994841,0.7427266142649444,0.8709828888375976,0.9044555477874914,0.6555197222334816,0.5243989282150624,0.6120704715117589,0.7614438993070265,0.7495854007621688,0.0,0.0,0.0,0.0,0.0,0.0,0.0,0.0,Vuk Damjanovic,2964.0
18.725877566670253,165.68420041533457,-62.07728086724842,-16.80410702752166,-11.541539002323619,4.0,-5.902001807794491,-34.995469234676555,-11.465886904643003,14.631723109710913,0.2032,0.4241,19.4,0.0516,0.0046,0.30812456707578656,-0.14698218554316114,1.8852705275754058,0.5380501384095236,0.7842109840123085,0.7887880646595811,0.588697466624619,0.42946200485360625,0.6301740193648591,0.5727591701752079,0.8884944684944684,0.8228235462586607,0.8035019765129467,0.7656042210181283,0.5535088729809605,0.5835293474002083,0.5600674007972678,0.6425740316006816,0.034314794620138124,0.0,0.0,0.0,0.0,0.0,0.0,0.0,Vuk Damjanovic,2964.0
21.273971426635512,187.99184158144917,-58.22625782929939,-14.783870505139856,-10.5580716277587,4.0,-9.70319500008935,-29.100981978118206,-10.60232102705516,12.522182308861876,0.2192,0.3469,21.3,0.08719999999999999,0.0157,0.039886816156552984,-0.06396215657980361,2.2806414396433743,0.6950377499359741,0.859838667019307,0.8818145695364239,0.7977344165386555,0.5082660081708907,0.5407789530607175,0.5982243895464634,0.9093383473659689,0.9222616787641913,0.8916258234131927,0.6853214404763628,0.5040641244178315,0.6499159279207534,0.8704810126582279,0.7715615855097246,0.00213283989092324,0.00662251655629139,0.0,0.0,0.0,0.0,0.0,0.0,Vuk Damjanovic,2964.0
19.99869823561826,186.8564400806398,-54.60759120043364,-16.606853230769197,-10.860078432504924,3.998529411764706,-3.933246211240367,-28.88547438310409,-10.20547317499893,11.88500482041916,0.20929999999999999,0.3807,16.5,0.05349999999999999,0.010700000000000001,0.11655028469300613,-0.2962272622474367,1.8252103242926627,0.6674821054010333,0.8757841610164314,0.7751943772705716,0.629391443388063,0.5880344528230419,0.4859808318120538,0.5596334372034936,0.9926470588235293,0.9030238313649047,0.8783596596997032,0.44087779500739294,0.5205608161871006,0.5992382556135061,0.8386371626542815,0.8373564360006933,0.0,0.0,0.0,0.0,0.0,0.0,0.0,0.0,Vuk Damjanovic,2964.0
20.53891362186791,189.11385762453537,-46.414228274634226,-15.373534142345227,-9.543909589544265,4.0,-5.7488270320622,-22.454216930203,-10.63813390699924,13.344393326519699,0.2088,0.38349999999999995,17.3,0.08900000000000001,0.007000000000000001,0.18697926994254402,-0.14946360153256705,1.5430954935171153,0.7798402910324802,0.8630959142460467,0.7344825836430747,0.5999369610968446,0.6267229111337118,0.5281398101657997,0.5715139501586584,0.9104081632653062,0.939251700680272,0.6254293244991174,0.5023768441880199,0.3581940003688601,0.8073069370590484,0.8822334800221243,0.9727272727272727,0.0016429305535163598,0.0,0.0,0.0,0.0,0.0,0.0,0.0,Vuk Damjanovic,2964.0
19.26258577654111,205.28618720767503,-50.326470244821415,-14.885649963176155,-10.535470800931186,4.0,-7.5423305902505815,-22.31024856091424,-9.904804985099448,10.852034655550188,0.20549999999999996,0.4888,14.0,0.07120000000000001,0.011300000000000001,0.12980957993522801,-0.08082705924566388,1.756588216433773,0.8471978021978023,0.8833168316831683,0.922435017437914,0.7931900158012549,0.6548735144600805,0.594000445791571,0.6495568770710831,0.9465346534653465,0.9170151658022945,0.7232165640368746,0.506249388026448,0.6044055597620879,0.7059246156714586,0.7720671253124246,0.9339892665474061,0.02127659574468085,0.0,0.0,0.0,0.0,0.0,0.0,0.0,Vuk Damjanovic,2964.0
16.79398725439139,142.7321988771984,-65.14338089678321,-16.958336886588764,-12.020575682313067,3.989251893939394,-7.817504190671485,-35.47474907845914,-11.35405507884972,14.492588126159555,0.1611,0.5016999999999999,23.8,0.0887,0.007300000000000001,0.0607379738578047,-0.0951519016697588,1.7468093183445625,0.5178396105602585,0.8247376630226313,0.6857939543654055,0.43785002367350945,0.517319379729235,0.5254509092726958,0.6164342912583227,0.7876335420531849,0.7952875741205573,0.7151970819570636,0.5661414065065005,0.4828841445580866,0.619506191081322,0.760737407823386,0.6980768873815336,0.00020408163265305999,0.0,0.0,0.0,0.0,0.0,0.0,0.0,Vuk Damjanovic,2964.0
20.739591627145828,207.8725950905247,-54.93876549433501,-15.123085632026498,-10.92630539413331,4.0,-7.289140485071703,-26.460675685874463,-10.161577088955791,11.02201879172676,0.19890000000000002,0.4223,17.0,0.0519,0.0078,0.00977681085088715,-0.06094895968723404,2.3899205141887623,0.9075139146567718,0.8802843892411334,0.8090234567951449,0.7494918261473289,0.699182230074652,0.5329867693916579,0.7972671130727342,0.9383749761586877,0.9141187384044527,0.966609977324263,0.5000067193055152,0.5756324106934055,0.6143233650716867,0.8997542445216326,0.7736715233643177,0.0,0.0,0.0,0.0,0.0,0.0,0.0,0.0,Vuk Damjanovic,2964.0
18.878676348891094,170.20088496760607,-54.4026375471385,-15.312065524677243,-11.649006225009781,3.9939393939393937,-7.420060078947865,-26.798484447528644,-10.268923952165014,13.051963287250652,0.1946,0.4981000000000001,17.4,0.0776,0.0038,0.19915998909233767,-0.3582249751241806,2.572942220391327,0.6688735120804387,0.7979587156542103,0.8338795339032602,0.5624727480324536,0.6107300375560608,0.5998106239160552,0.6031763090340705,0.8298001382100191,0.829210569304909,0.8310768830880424,0.6113919926848258,0.8027441313662056,0.8068115195929986,0.9052524579573215,0.8497940052543587,0.0,0.0,0.0,0.0,0.0,0.0,0.0,0.0,Vuk Damjanovic,2964.0
17.96178793157837,150.35988127108706,-57.75208130919558,-16.469012429476688,-11.467550656508797,4.0,-3.3960462823837916,-33.77492566540558,-10.802963793023483,14.15841751760276,0.21789999999999998,0.42779999999999996,23.2,0.0605,0.002,0.13822746453374676,-0.3381060135516657,1.7083134686794417,0.5255040116173426,0.9275059508066651,0.6622224041934688,0.6382872735083036,0.6512660634643955,0.4992767102911252,0.5943852983538792,0.8720946743634265,0.7424027916684276,0.8624526550870133,0.5915090875921739,0.6740332916159597,0.5710563217100602,0.6266974455150505,0.6107699769261135,0.017587939698492462,0.0,0.0,0.0,0.0,0.0,0.0,0.0,Vuk Damjanovic,2964.0
21.495378104165336,212.57529488006085,-53.372027134319616,-15.089864367311174,-10.285425301164583,4.0,-6.235544809800129,-27.004550154337387,-10.513537781367567,11.756895279661238,0.20350000000000001,0.4372,17.2,0.0834,0.0193,0.1361105584722606,-0.24540394829756532,1.8851551568998375,0.877113063976604,0.9678714285714285,0.7798312034779723,0.7354335700308896,0.6167654277511054,0.6610242440826078,0.8176519838077209,0.9685876525311103,0.8911709722610344,0.8431696391927863,0.6617692125208643,0.4897630846972702,0.8988313253012048,0.875032384917881,0.8587733284282166,0.01606717557251908,0.0,0.0,0.0,0.0,0.0,0.0,0.0,Vuk Damjanovic,2964.0
21.65386234204599,203.90554974750268,-60.23151941753089,-14.152485513739714,-11.604135216977598,4.0,-8.596139040752702,-29.620952505252614,-10.148639977665734,9.890832836857472,0.1921,0.4521,12.5,0.0315,0.002,-0.12884373376198682,-0.2332939374507123,1.614961913703235,0.9172431077694236,0.8727654532370529,0.9317131713171317,0.8770612824677443,0.8369657565931666,0.5014780921972167,0.679270602016824,0.8715107300203704,0.9217638430509718,0.850702303698656,0.6845940233121055,0.4869399893084103,0.8534723171565277,0.9480036630036631,0.9666666666666666,0.0,0.0,0.0,0.0,0.0,0.0,0.0,0.0,Vuk Damjanovic,2964.0
21.472132219549405,195.64147912831092,-55.3087721722596,-16.960618935274617,-11.101900305562353,4.0,-5.467796411961169,-28.619132438924975,-10.015380361449466,12.856056280912977,0.19870000000000002,0.45909999999999995,14.5,0.0677,0.018,0.021233888895909804,-0.12619376230288054,2.3393035847548,0.7867795462682681,0.8993102365248484,0.868827067669173,0.7102476796198163,0.597464705778436,0.6335270508265033,0.6187888905199905,0.9426329756547827,0.8938519517857417,0.9074700906776816,0.5421413649621094,0.7038768526385348,0.6077958755828312,0.885728311148872,0.8428247957353431,0.00289915966386553,0.0,0.0,0.0,0.0,0.0,0.0,0.0,Vuk Damjanovic,2964.0
19.050578644038964,172.0777250643577,-62.75519976613701,-16.356057826467985,-10.974586859976332,3.9953125,-7.960171045582721,-34.02292077119519,-10.581107039671014,13.144331276756205,0.21880000000000002,0.3949,23.3,0.0671,0.0,0.2112864497745876,-0.29989415160312144,1.7498919328036924,0.616354275737259,0.8412610643409006,0.8929248386295928,0.6068888647785424,0.5029427257762344,0.6201730957366027,0.5533558942701817,0.8189058088232868,0.8323399151090307,0.8237556931271552,0.5782723786056745,0.6526744491384198,0.5403053966387252,0.6629772085136654,0.6998782935778216,0.0,0.0,0.0,0.0,0.0,0.0,0.0,0.0,Vuk Damjanovic,2964.0
21.444168320213002,203.3640051645604,-53.99539514331889,-15.697989385400684,-10.654464195515752,4.0,-6.353395527051657,-27.254935765760155,-10.55595651654709,12.521346246956448,0.18339999999999998,0.45899999999999996,18.0,0.0543,0.005699999999999999,0.07662374628959852,-0.18906151355450826,1.7697333206458261,0.8702309352345428,0.9404761904761905,0.8946552550666181,0.5706404950078148,0.6761503063166912,0.6159948651103168,0.6127059371342758,0.8028424435436978,0.8672208122622651,0.8532770631132258,0.4648242158863889,0.6171328332898965,0.6660620560313215,0.9135103915881532,0.7938906201351346,0.0,0.0,0.0,0.0,0.0,0.0,0.0,0.0,Vuk Damjanovic,2964.0
17.732214443663295,171.68476059803035,-41.903165808602026,-15.798825124800308,-9.476419666188034,4.0,-2.6002477365047887,-19.672075830218166,-10.195166794345841,11.8395693434551,0.23220000000000002,0.33549999999999996,16.7,0.0986,0.0187,0.1139837842570904,-0.32479338079774284,2.104196999850994,0.6617532937843779,1.0,0.6887126893293205,0.7066210525490544,0.46349047029724827,0.5542110583950379,0.6197176849875464,0.9063540529386873,0.9256097560975609,0.976829268292683,0.35880196359435695,0.5886893475754,0.6899816631415747,0.7017801026847351,0.7141417377213601,0.0024844720496894402,0.0,0.0,0.0,0.0,0.0,0.0,0.0,Vuk Damjanovic,2964.0
19.398173049961578,183.11401036015818,-57.4279601647263,-15.391487767393567,-11.248638751138731,3.9887500000000005,-8.366401866020443,-27.352882400032648,-10.732977271930183,11.675677891789272,0.2192,0.4949,18.4,0.069,0.011699999999999999,0.02282701551820381,-0.29796971578004344,1.8715760858336883,0.7335605583917152,0.6996329445017275,0.7850303808659216,0.7890772791258901,0.6633678112858559,0.43714365701525687,0.46630340944634935,0.7580915811832853,0.8006984477251311,0.7787694647464568,0.7213865432387192,0.5200369291071082,0.6850068263669826,0.7903503687164367,0.8803497122062577,0.01627261627261626,0.0,0.0,0.0,0.0,0.0,0.0,0.0,Vuk Damjanovic,2964.0
19.16936924643546,185.2532186951882,-64.48685374390993,-15.808213609325298,-10.950101307518647,3.9854838709677423,-7.212749901437912,-37.73970856876427,-10.828206600981105,14.066642373149566,0.2004,0.4202,22.9,0.10729999999999999,0.0147,0.2186200832270148,-0.11505491737522652,1.6746419254288558,0.6844449755238502,0.8293711648328396,0.6701060591159598,0.515761479076768,0.5947643176400432,0.43076297730270213,0.6656015154920218,0.9096857155784805,0.8459534772632631,0.9096634959373485,0.5794469304036671,0.45038151247923935,0.35777015826409847,0.5207569739249542,0.734671696189826,0.02127659574468085,0.0,0.0,0.0,0.0,0.0,0.0,0.0,Vuk Damjanovic,2964.0
17.52486852226985,148.8335072642087,-71.34481339972115,-16.46666551210699,-11.712159589480503,3.9939999999999998,-8.877124420124007,-38.325783508681695,-11.173985092312819,11.216904722984863,0.19529999999999997,0.40570000000000006,21.2,0.07449999999999998,0.0079,0.10014044749170226,-0.24589301479724696,1.4020877573454031,0.43286793227931747,0.795176923178723,0.8974282501124605,0.5263879919441503,0.6655647863922416,0.5169597116567524,0.5400224488576459,0.6419257707804417,0.7755376337354092,0.8438247488850363,0.4302426801047091,0.39991220599192095,0.5551673653123502,0.8790776129410778,0.8332586761170724,0.0,0.0,0.0,0.0,0.0,0.0,0.0,0.0,Vuk Damjanovic,2964.0
19.879153271573138,187.89301643827451,-52.80212260530057,-16.249764013089035,-10.811929220935342,3.9971014492753625,-4.5354014361133075,-29.478318252952437,-10.418418801015042,14.69460766952923,0.19649999999999998,0.4609,19.9,0.0284,0.0016,-0.033778859331106616,-0.06745978356033817,2.028582510388327,0.7732028943921152,0.9033043478260868,0.7431938647450078,0.4335580101894402,0.7139993376867407,0.5000562571449622,0.5750247209133604,0.8618046821916945,0.8160820493626932,0.8739674744218165,0.5233358172869437,0.5874830667957742,0.6671307497354888,0.7652184693232131,0.7832684431977559,0.0008,0.0,0.0,0.0,0.0,0.0,0.0,0.0,Vuk Damjanovic,2964.0
20.11141349158785,182.6506000096055,-54.94878993291978,-15.172045748197712,-10.887795838197905,3.998122155190074,-5.06854486426869,-29.75824868997451,-10.16246704050772,12.102190093036684,0.222990243902439,0.4500243902439024,18.09268292682927,0.0594341463414634,0.0073463414634146,0.1023691590263495,-0.2174889958628192,1.9576974217576348,0.7005963783331877,0.9186976747593164,0.7964706943118098,0.6605217753738541,0.6318348298753934,0.6230087025340681,0.6194635343819899,0.9269814431010424,0.8908081425916683,0.853228860413577,0.71187601504434,0.5748557205318305,0.5006844909315347,0.831416679749352,0.8579471315858307,0.0577471335641104,0.051429881061517,,,,,,,Zviad Izoria,2911.0
19.27790145906909,180.23487707334658,-64.12853066857761,-16.416368380847974,-12.054092866304007,3.998275862068965,-3.998557965087931,-36.90022694951018,-10.429303749253302,11.671743380356812,0.2169,0.38029999999999997,16.5,0.0645,0.0102,0.03748880737992346,-0.32627917256052547,1.446638356164515,0.7282904709194259,0.8906896551724138,0.6848917353259089,0.5483892802598046,0.5441321503988803,0.5759854474222681,0.6153494381455588,0.9253160777071251,0.8791002678272515,0.9092703521629906,0.7639090345076028,0.3586712806233688,0.3149419994920407,0.8999489401360276,0.8738688063389569,0.00086206896551724,0.0,0.0,0.0,0.0,0.0,0.0,0.0,Zviad Izoria,2911.0
18.812323326892994,177.52619479683995,-58.711060920873685,-13.225957464076888,-10.804661234932123,3.991428571428571,-5.5336762606657945,-35.51038664622827,-9.865260980154599,12.237453093755429,0.2354,0.5096,16.6,0.0985,0.0058,0.21009477489642214,-0.12650332064539335,1.8726886159482246,0.6493663282469406,0.9328502415458937,0.8314225033648164,0.5705383976371754,0.7724762184460826,0.5586243568269704,0.6050481006611068,0.9387017079085436,0.8191761406339202,0.7657739749538864,0.5468603860490623,0.5979238974686663,0.6279131471657748,0.9091807238367947,0.8483696497529938,0.00625,0.00357142857142857,0.0,0.0,0.0,0.0,0.0,0.0,Zviad Izoria,2911.0
19.319131598884617,171.7106150539267,-63.6228224599412,-16.142256918577708,-11.17767065455501,4.0,-6.875081621581439,-35.18807501261374,-10.539526401074266,12.299788148460966,0.2064,0.4565,18.8,0.0306,0.0010999999999999998,0.09388583496639764,-0.1574070497764323,2.441489614818259,0.6494930087145802,0.9217391304347826,0.8642477980416008,0.7411625153840748,0.6222399112547037,0.5921772194186723,0.6113313175296045,0.9684414841451454,0.8840010517070013,0.8319978842032617,0.7895300297846065,0.7060484462143501,0.5172330360642498,0.8030627074081794,0.9145229841313212,0.0,0.0,0.0,0.0,0.0,0.0,0.0,0.0,Zviad Izoria,2911.0
21.229155091364895,184.5186330514752,-64.98049145905817,-15.382893923659537,-12.753224365217367,4.0,-10.607152063256347,-32.382608416282196,-10.25009809814529,12.395485407502568,0.1997,0.4751,16.5,0.042199999999999994,0.002,0.12291814198018307,-0.2633923930176714,1.9658942920786824,0.6626804252214089,0.8645138700641546,0.7827661048628791,0.7526907837153739,0.667053127236348,0.7137617829513652,0.6371540150388099,0.8784788740671093,0.8652979373567609,0.8759209744503863,0.7030291144442542,0.6517632641878295,0.4551257472965563,0.8571131342248398,0.9982142857142857,0.0,0.0,0.0,0.0,0.0,0.0,0.0,0.0,Zviad Izoria,2911.0
21.468367026768405,206.25483441654814,-57.96348252128305,-15.044243346067182,-11.170575074265184,4.0,-6.389133883406094,-31.417296228130294,-10.130126831798616,12.18789284238432,0.21999999999999997,0.3854,17.4,0.05169999999999999,0.0033,0.025728347304704923,-0.19195183360700602,2.1315182441704534,0.8190764636854352,0.9496716717126258,0.835018516997844,0.6834618514862991,0.45095147893502396,0.7074995935440389,0.7672134379189023,0.9626086784502625,0.8945526420773945,0.8671355533071281,0.8033281869645507,0.4499520621403922,0.5202438379748422,0.7904469158204531,0.8768137892710349,0.00082644628099173,0.0,0.0,0.0,0.0,0.0,0.0,0.0,Zviad Izoria,2911.0
20.397018366537672,178.87403092750998,-54.153113687148945,-15.000993579267824,-11.88497208921096,4.0,-5.77984346252556,-28.36246304865302,-10.609507943231927,13.48466643574034,0.1973,0.5660000000000001,21.0,0.06119999999999999,0.0028,0.09603477628772847,-0.09480739704878063,1.9259047345821632,0.6793845705791764,0.9725401428874584,0.6767528258441586,0.623959425395274,0.6753815404449679,0.490203795414594,0.6676191024765687,0.9677218304083975,0.9188215914496253,0.8906792685136471,0.8502032984500278,0.4599857553532668,0.48639220701339936,0.8246877096010408,0.8809036174824977,0.02770689026613196,0.00769230769230769,0.0,0.0,0.0,0.0,0.0,0.0,Zviad Izoria,2911.0
19.212417935525803,176.0247062308958,-53.98273214063768,-14.998784003880804,-12.472192862153804,4.0,-3.5633474514761714,-29.662535555373324,-9.62440461400184,12.338532346248268,0.2102,0.5598,16.7,0.047,0.0042,-0.04455102257115877,-0.33569688246454465,1.5947405971873845,0.6203771958008056,0.9391172165296702,0.8928166505921885,0.5126055551843663,0.6040270792515438,0.7173306645058009,0.7127923399642875,0.9712582775873916,0.9344766344766345,0.903439197392581,0.7390212961641534,0.5571457700376784,0.3170592581742212,0.6992115290415433,0.8679219804865245,0.0,0.0,0.0,0.0,0.0,0.0,0.0,0.0,Zviad Izoria,2911.0
22.039183118784308,201.14708316774872,-58.0860880931134,-14.61270289414237,-11.718723819934729,4.0,-5.823025332345311,-31.922493208000798,-9.872256013174221,11.863113174484031,0.2068,0.5544,15.7,0.028100000000000003,0.0021999999999999997,-0.04563417677269669,-0.13225318329837105,1.8274004808848816,0.8638376387999884,0.8352539542689661,0.8784140560938145,0.7228272070920191,0.7138035952639489,0.8958041751221687,0.6053343756355152,0.840076681038974,0.8953984819734344,0.861969881410508,0.8164244436777643,0.5321764124068089,0.6627428098570716,0.8122307321966813,0.9696373850868232,0.0,0.0,0.0,0.0,0.0,0.0,0.0,0.0,Zviad Izoria,2911.0
22.916725284502775,207.27589491050907,-62.66573072209131,-13.55721647007076,-12.96156417619672,4.0,-6.40667772130995,-35.3623940776757,-9.395081372188184,11.017203095350002,0.22000000000000003,0.47040000000000004,14.5,0.05790000000000001,0.0115,0.025676196402552132,-0.3283510509597597,2.080203214775171,0.813087953897907,0.9111386138613862,0.8975402978493682,0.7589113750000716,0.5574317986002228,0.7679543249432391,0.8496559768117642,0.8920317695906214,0.8543509216079205,0.8192623902359149,0.8360474868413442,0.6479067844316967,0.5841977815519785,0.8986340396142685,0.8924532861507675,0.0,0.0,0.0,0.0,0.0,0.0,0.0,0.0,Zviad Izoria,2911.0
20.181495457898944,177.58486377234968,-49.47788965440019,-14.238343893372377,-10.884989003607057,4.0,-2.9666968883213434,-27.353467971008165,-9.639255251210107,11.60486335311886,0.22410000000000002,0.4154999999999999,16.5,0.0765,0.020200000000000003,0.16322375992374016,-0.17565516385894198,1.64933723420474,0.6604093373671229,0.9619047619047618,0.7823741469212483,0.5532767385687001,0.5712028963740685,0.7091382476669655,0.7767035806570691,0.9744186046511627,0.9213547434477668,0.8628787936363176,0.8438914010910136,0.614291866617448,0.28500109527764217,0.862678038672309,0.9190066035027276,0.0,0.0,0.0,0.0,0.0,0.0,0.0,0.0,Zviad Izoria,2911.0
20.912871197433404,179.64817588023033,-64.0082763884129,-16.8572130700593,-13.162844246422846,4.0,-3.339993830672492,-36.3887109804611,-10.75187551813682,12.492361257339649,0.2081,0.3802,18.8,0.0588,0.0174,0.01698762188740998,-0.1493242670605798,1.2834316938696089,0.714206721046523,0.8092375585633536,0.7428386863536621,0.7008991949746795,0.6018627475673293,0.5646727739325972,0.6254408626689105,0.851137194008038,0.779359547112598,0.6925444481141982,0.5572448833280375,0.4281963590015122,0.620230493800722,0.9065713293191292,0.8162281248921571,0.0,0.0,0.0,0.0,0.0,0.0,0.0,0.0,Zviad Izoria,2911.0
20.03063595324641,168.47103448905418,-55.67891901342498,-15.59464826173392,-10.127481337587923,3.990670859538784,-10.304415895145846,-25.09528396940565,-10.80476322457093,12.257002815480503,0.21200000000000002,0.4721,21.3,0.0679,0.009,0.37276124548108436,-0.4105869971869972,1.7746162095280176,0.5604928951050109,0.7909525638719528,0.757275545198678,0.6472582806029265,0.6141734660678995,0.6837667498578629,0.7932845910237943,0.8246876803124534,0.8689183789954338,0.7810208438571726,0.6748871531289755,0.6476972256925274,0.3633717788932032,0.8288340283358708,0.8004018271140142,0.01,0.0,0.0,0.0,0.0,0.0,0.0,0.0,Zviad Izoria,2911.0
20.042647462302565,184.16674504663627,-50.87246805661005,-16.259310355900972,-10.405592186502869,3.998275862068965,-3.323047443956135,-25.377510289011475,-10.75280104352115,11.247517400213582,0.20999999999999996,0.3964,19.0,0.08320000000000001,0.0147,0.08915836036692701,-0.40451472616604567,1.5636236199092415,0.6684547829058478,0.7924962649130842,0.7379087186750521,0.6526571404423839,0.7028139326566911,0.6491382347087216,0.5812282396104699,0.8504093290921384,0.7668005477631777,0.8043799758670449,0.7328293010752688,0.39786906664442157,0.5523706625687994,0.9199862852664576,0.8914691558441558,0.01711206896551724,0.00357142857142857,0.0,0.0,0.0,0.0,0.0,0.0,Zviad Izoria,2911.0
22.06952270033708,210.08839924443367,-40.456572208869645,-14.511454633244801,-9.74575036380348,4.0,2.3144172408662502,-22.754341270940685,-9.443625144725656,9.684181962978736,0.22260000000000005,0.4760000000000001,11.7,0.054900000000000004,0.003,0.07534993538295076,-0.1427763725636066,2.2358486381964005,0.8636784414415993,0.9909060175794455,0.8856233059136871,0.6737768267762211,0.7077372344450918,0.6806370450362657,0.6560421937347407,0.9978947368421054,0.975170278637771,0.9391288566243194,0.8929954256270045,0.6643619829869429,0.6122828779407726,0.8461749817090375,0.9415584415584416,0.00153846153846153,0.0,0.0,0.0,0.0,0.0,0.0,0.0,Zviad Izoria,2911.0
20.46820518057513,181.96125842425607,-54.838560715815525,-16.23276018283007,-10.561604680793192,4.0,-2.8093187049222825,-29.76824206248357,-10.466702528894816,11.000067444108396,0.2072,0.49759999999999993,18.0,0.0516,0.0023,0.172724985699775,-0.3755319607689756,1.7785099149493244,0.6832095484597601,0.8800000000000001,0.7931218958537701,0.6032863349866286,0.7271216184975687,0.6034945471995664,0.555763448535817,0.9644485294117647,0.8841594827586207,0.8242858808321012,0.6639454661174815,0.7119852472734487,0.31976479544623604,0.8437501724336458,0.8067516843440872,0.0,0.0,0.0,0.0,0.0,0.0,0.0,0.0,Zviad Izoria,2911.0
19.498555215475072,184.05522315680545,-56.71295287539998,-14.986202723259876,-11.567586985622262,4.0,-1.7834057504068248,-32.25437101781658,-10.46748399826038,10.346097599965947,0.2404,0.4446,19.9,0.054000000000000006,0.0094,0.03299163076922335,-0.28596270979728755,1.453600587607794,0.6588329633450589,0.8664726182908001,0.7722976994800079,0.6767988477759199,0.6073446974110441,0.4823784559890387,0.45023006609316746,0.9124157592979103,0.9038553033723022,0.7724067435283966,0.6763679597787594,0.3296363985367373,0.5360372832408405,0.8358707472057795,0.908027632227237,0.0231090549766439,0.0,0.0,0.0,0.0,0.0,0.0,0.0,Zviad Izoria,2911.0
20.87631308380544,195.0476752379087,-48.882558805363495,-14.796789930961603,-10.660345664703316,4.0,-3.7010250376598677,-24.10338470926751,-9.907435105947128,10.286421643175935,0.2081,0.4104,18.6,0.055600000000000004,0.0098,-0.06903982217225005,-0.33592774372613193,1.874831635552889,0.7487337272094675,0.8799566682715454,0.9107280513710979,0.7052002049675423,0.6769690420951522,0.6054002571978152,0.7154520459271125,0.8732125812263499,0.9629288274449564,0.9194900919364006,0.8513642941864374,0.530995475966065,0.5468112660160537,0.8991354872470383,0.8798308443599115,0.0012658227848101199,0.0,0.0,0.0,0.0,0.0,0.0,0.0,Zviad Izoria,2911.0
20.581843501458202,177.57904563609335,-57.736716044326116,-16.440827993367026,-10.64496419524296,3.995348837209302,-6.283348005597661,-31.226908174731893,-10.049093464352897,12.913076951757017,0.21740000000000004,0.31009999999999993,15.5,0.047299999999999995,0.0087,0.013791606652873706,-0.07249354882237201,2.044900835252556,0.6748903453498717,0.8881620548995841,0.8671435638307191,0.7187218286526761,0.629916051719308,0.6451807656553639,0.77522156150453,0.8598071788745696,0.9488076751422163,0.9729406650728102,0.7744748037861149,0.6088130468047528,0.5078221980612686,0.8533835403244758,0.8843954202958388,0.01046511627906976,0.0,0.0,0.0,0.0,0.0,0.0,0.0,Zviad Izoria,2911.0
19.080479240388488,164.0096830358317,-57.171146594373184,-14.958158392571997,-10.634945053713725,3.9988235294117644,-7.469046937184797,-31.3909340298527,-10.15511290478503,13.438227194323304,0.223,0.49099999999999994,22.3,0.03780000000000001,0.0026,0.2886107958977273,-0.40708160829213025,1.7716435330607312,0.6234765558580733,0.9446808510638298,0.7550105367760701,0.5479811525680267,0.4988426967514477,0.5092491161819864,0.512337420999873,0.9784075157862313,0.8988859691154882,0.7583421259811146,0.5678595101432017,0.5761113854758599,0.5141385815970684,0.829914393090634,0.735047046381748,0.03491124260355029,0.0017751479289940802,0.0,0.0,0.0,0.0,0.0,0.0,Zviad Izoria,2911.0
18.87664663562925,154.8916311541605,-59.640700608394106,-14.912435270396628,-10.411250975469747,4.0,-6.356244518071586,-36.687976938315714,-10.30904074204866,15.036247835908245,0.2274,0.3854,29.7,0.07160000000000001,0.0054,0.31141143898700435,-0.15913782015011435,1.9112202546251542,0.5204823946417682,0.8622165146362724,0.6858449353728571,0.5571418207813105,0.39894450291238587,0.5075924529643331,0.5200183656035066,0.9800134474932332,0.8593339343517382,0.8234890330776101,0.7199557477953223,0.4056538431371696,0.41395142068910457,0.7894113536310912,0.7710785018379515,0.01314872116250831,0.0,0.0,0.0,0.0,0.0,0.0,0.0,Zviad Izoria,2911.0
