Name,Solid_Style_Prob,Solid_Style_Score
4empechement,0.40518085715264807,0.3911
AFRUZA Khamdamova,0.1134345611328655,0.0642
Aadit Bhatia,0.08125124529041919,0.033
Aaditya Dhingra,0.5705988676432124,0.6271
Aakaash Meduri,0.08509322917387499,0.0364
Aakash G,0.03599920943876176,0.0074
Aansh Nandan Nerurkar,0.3517607020484288,0.3254
Aaradhya Das,0.0839477980641826,0.0349
Aarav Dengla,0.6405903393138881,0.7132
Aarav Sinha,0.4020741208724349,0.3852
Aaravamudhan Balaji,0.22236511962680935,0.1647
Aarit Kapil,0.372934037996007,0.3499
Aaron Bendayan Claros,0.4583199116061305,0.4664
Aaron Cooper,0.4162185517078606,0.4063
Aaron Jacobson,0.36160089133515994,0.3343
Aaron Matthes,0.16551923261890383,0.1102
Aaron Mendes,0.16519025352254751,0.1098
Abdimalik Abdisalimov,0.3258748998402744,0.2928
Abdulla Gadimbayli,0.9256421404306743,0.9766
Abhimanyu Puranik,0.4867556105989192,0.5128
Abigail Zhou,0.35161741509184863,0.325
Abtin Atakhan,0.5163353052553108,0.554
Adam Collins,0.7981931772385418,0.8857
Adam Gibała,0.21217044856261635,0.1525
Adam Kozak,0.1764740808306931,0.1195
Adam Kujawski,0.8349286997676588,0.9187
Adam Mekhane,0.6955012011868528,0.7811
Adani Clarke,0.1198699378156117,0.0701
Adar TARHAN,0.40761354951978285,0.3959
Adham Fawzy,0.7434763173493067,0.8312
Adham_Hossam2011,0.08313119132357791,0.0341
Adi Menahem,0.79690732112431,0.8835
Aditya Mittal,0.5994633817354111,0.6694
Aditya S Samant,0.8063339383756324,0.8954
Aditya Varun Gampa,0.12847454991405843,0.0761
Adnan Sitnic,0.4280955579483294,0.4223
Adrian Antonio Garcia Garcia,0.4043961670457653,0.3896
Adrian Gschnitzer,0.3468688799750442,0.3191
Adrian Martinez Fernandez,0.5577950648142173,0.6104
Adrian Suarez Uriel,0.5709694432313629,0.6282
Adán Rios Escobar,0.4179984829365587,0.4082
Aghasiyev Kamal,0.8348344711183314,0.9184
Agustin Ambrogi,0.5800672724363215,0.6401
Agustin Fuentes,0.2483457459658321,0.2015
Ahmad Ahmadzada,0.5920517683214535,0.6571
Ahmad Al khatib,0.8880099024713186,0.9573
Ahmed Kandil,0.3134446611829324,0.2783
Ahn Hongjin,0.10702840580740362,0.0575
Aiaru Altynbek,0.08343026850660026,0.0345
Airat Sadubayev,0.2869437778509547,0.2497
Aisen Mestnikov,0.6072249126453487,0.6779
Ajay Karthikeyan,0.8740712393588839,0.9432
Akeem Brown,0.7587335631495538,0.846
Akhmedov_David,0.0701127284880073,0.0249
Aksel Bu Kvaloy,0.7956290965666518,0.8827
Akshay Borgaonkar,0.30477307010926996,0.2698
Akylbek2021,0.49009918445054124,0.518
Al-Saffar Araz Basim,0.6891099478738173,0.7729
Alain Fayard,0.36579628065344033,0.3388
Alain Otero Marino,0.13361496339545648,0.0813
Alain Prieto Aranguren,0.33061826629165697,0.2987
Alan Morris-Suzuki,0.2295204227184461,0.1733
Alan Pichot,0.8535886758720433,0.9306
Alba De Lomas Busquets,0.48223645395423687,0.5043
Alban alban1987@hotmail.com,0.3448911999721906,0.3165
Albert Fishman,0.5545875630699874,0.6071
Alberto Barp,0.7746198309344974,0.8623
Alberto Fabris,0.4778259515192344,0.4965
Alberto Guzman Moneo,0.7360833017718115,0.8212
Alberto Martin Fuentes,0.6773531024230742,0.7596
Alberto Santos Flores,0.9118794511846329,0.9688
Aleexeey Sueetin,0.46107744970785747,0.4716
Alejandro Castellanos Gómez,0.1550785908474007,0.0991
Alejandro Castellanos Villela,0.2547491589116643,0.2085
Alejandro Cosoi Scherzer,0.5459271002861352,0.5952
Alejandro Cuellar Montes,0.1163934935449491,0.0664
Alejandro Domingo Nunez,0.2582725881062526,0.213
Alejandro Garcia Garcia,0.355023388107058,0.3291
Alejandro González Vega,0.7656874290906702,0.8549
Alejandro Pacheco,0.2567772809752766,0.2119
Alejandro Uzcategui Rodriguez,0.472429523710084,0.4865
Alekhine Nouri,0.03851398701093499,0.0082
Aleksa Micic,0.6276466500063308,0.7006
Aleksa Petrovic,0.5504732331234244,0.6011
Aleksandar Indjic,0.4584780912039698,0.4668
Aleksandar Topalov,0.3877393440466309,0.3662
Aleksander Hnydiuk,0.5745377481756255,0.633
Aleksander Kumala,0.24631602976439773,0.1974
Aleksandr Devaev,0.31595066701572766,0.2816
Aleksandr Domalchuk-Jonasson,0.6775828086658688,0.7603
Aleksandr Ivanov,0.2968360081521837,0.259
Aleksandr Lenderman,0.9795560821175077,0.9993
Aleksandr Rakhmanov,0.8770372421057921,0.9473
Aleksandr Shimanov,0.5414816127783911,0.5896
Aleksandr Usov,0.9333999754880408,0.9822
Aleksandra Goryachkina,0.8095359501521742,0.898
Aleksandra Lach,0.33192389267814554,0.3013
Aleksandra Maltsevskaya,0.10558001300241777,0.0564
Aleksandra Tarnowska,0.4252226705486398,0.4193
Aleksandras Jegorovas,0.48446449113932194,0.508
Aleksei Belov,0.47876650955668126,0.4976
Aleksei Pridorozhni,0.5594472384577955,0.613
Aleksei Sarana,0.5942188834554826,0.6601
Aleksey Sorokin,0.8016139529701565,0.8913
Alen Yeremyan,0.07517273098939078,0.0286
Alena Nikulina,0.4046968350062186,0.39
Alessandro Manzone,0.519844857855994,0.5573
Alessio Boraso,0.7459338202679149,0.8338
Alex Arias Igual,0.5872869606371709,0.6486
Alex Bullen,0.4124042513433338,0.403
Alex Fier,0.046840886642250903,0.0122
Alex Fishbein,0.9190419612593839,0.9733
Alex Garrido Outon,0.06720346246300563,0.0215
Alex Goldin,0.5519422198445085,0.6026
Alex Jian,0.20476256164908202,0.1447
Alex King,0.9321436044645199,0.9818
Alex Krstulovic,0.42286852115981544,0.4137
Alex Ostrovskiy,0.5594605702742588,0.6134
Alex Sahakyan,0.8869531315792003,0.9562
Alex Truskavetsky,0.37025738001724456,0.3451
Alex Villa Tornero,0.48059631174776085,0.502
Alex Wang,0.5016709992796571,0.5325
Alexander A. Chernov,0.650311072028317,0.7258
Alexander Alexikov,0.5230524969056481,0.5629
Alexander Donchenko,0.7372951458967458,0.823
Alexander Fikiet,0.6066154023584879,0.6772
Alexander Gelman,0.2696522462116239,0.2263
Alexander Grischuk,0.9554482572819959,0.9904
Alexander Herbrig,0.7172905772064986,0.8078
Alexander Hernandez Jimenez,0.6971626757051838,0.7822
Alexander Jasinski,0.4494590982935035,0.4519
Alexander Katz,0.11693896715031057,0.0668
Alexander Khlebovich,0.9191722422262967,0.974
Alexander Khripachenko,0.6485046458460075,0.7247
Alexander Mikhnenko,0.4742860847218481,0.4887
Alexander Moskalenko,0.8605790086118908,0.9343
Alexander Reprintsev,0.7017433894819147,0.7878
Alexander Rustemov,0.8057537005954305,0.8946
Alexander Spichkin,0.3485402252906442,0.3224
Alexander Suvorov,0.41930097920876797,0.4104
Alexander Timerkhanov,0.6252699056981059,0.6968
Alexander Velikanov,0.18078232829085514,0.1236
Alexander Zlatin,0.8019883684663892,0.8917
Alexander Zubov,0.7612354738054296,0.8508
Alexandr A Smirnov,0.4592397081401174,0.4686
Alexandr Kostiukov,0.6187282533324534,0.6879
Alexandr Provotorov,0.7158716629029801,0.8059
Alexandr Triapishko,0.970040910896342,0.9959
Alexandra Afanasieva,0.6241706607264552,0.6942
Alexandra Kosteniuk,0.6882970653133309,0.7718
Alexandra Obolentseva,0.47526300094148094,0.4902
Alexandra Prado,0.28993823211010294,0.2512
Alexandra Samaganova,0.13516369720700444,0.0824
Alexandra Shvedova,0.14002821804477078,0.0879
Alexandra Zherebtsova,0.36289057782907286,0.3354
Alexandre Bouget,0.1897142604467419,0.1302
Alexandre Qashashvili,0.7388246622080724,0.8256
Alexandros Papasimakopoulos,0.6444397932867124,0.7184
Alexandru Calin,0.3476248845842714,0.3199
Alexandru-Bogdan Banzea,0.8206386905069527,0.9076
Alexei Gubajdullin,0.22760687757834286,0.1711
Alexei Kornev,0.611511094394827,0.6805
Alexei Saveliev,0.06982398149774274,0.0241
Alexei Shirov,0.7172142922399236,0.8074
Alexey Chos,0.36765156253395836,0.3417
Alexey Dreev,0.9704670341257426,0.9963
Alexey Evdokimov,0.4632815538249833,0.4738
Alexey Jarovinsky,0.8965991950875145,0.9629
Alexey Kislinsky,0.26268724917814323,0.2182
Alexey Kolmagorov,0.2793772419516608,0.2404
Alexey Kornyukov,0.3975931083988226,0.3796
Alexey Kovalchuk,0.8825727534794648,0.9518
Alexey Reshetnikov,0.6202902364653318,0.6917
Alexey Slavin,0.41713094120730004,0.4074
Alexey Streltsov,0.8693297580454992,0.9388
Alexey Zhuravlev,0.20412390381627277,0.1436
Alfeu Junior Varela Bueno,0.3844527559652427,0.3633
Alfie Onslow,0.38867843462172047,0.3688
Alfonso Llorente Zaro,0.9095819001906003,0.9677
Alfredo Cecilio Miserendino,0.4364709550141429,0.4345
Algol Jorajuria,0.43012308085826884,0.4263
Ali Elier,0.21859705813404587,0.1614
Ali Farahat,0.7593414189966681,0.8464
Ali Mortazavi,0.0604087402443592,0.0178
Ali Rastbod,0.7328259143920052,0.8197
Alicja Sliwicka,0.330420747201387,0.2983
Alikhan Daulet,0.5611352695312075,0.6167
Alikhan Khazhatuly,0.654921394028019,0.7328
Alikhon Avazkhonov,0.25297255030458865,0.2063
Alina Kashlinskaya,0.20418146052457958,0.144
Alina Semenova,0.34814996903011186,0.3217
Alireza Firouzja,0.5595295829055001,0.6141
Alisa Genrietta Yunker,0.11095686599658253,0.062
Aljoscha Feuerstack,0.3701158325717966,0.3447
Alkhoori Eisa Mohmood,0.387179154562014,0.3655
Allahverdi Hamidov,0.7524112179345475,0.8408
Alma Jaqueline Mora Velasco,0.2434017206059506,0.1937
Almas Rakhmatullaev,0.027920986434717427,0.0048
Alon Mindlin,0.7164321545704639,0.8067
Alopekos,0.4658445654792141,0.4761
Altay Eynullayev,0.4377425321423244,0.436
Alua Nurman,0.018145760273435813,0.0011
Alvar Alonso Rosell,0.2634782352568961,0.2197
Alvaro Alves De Almeida Junior,0.4776451961882505,0.4957
Alvaro Bayo,0.6812408319326991,0.7633
Alvaro Blanco Fernandez,0.47262165099234227,0.4868
Alvaro Donatti,0.42530719958438273,0.4197
Alvaro Rodriguez,0.8903144750916919,0.9588
Aman Hambleton,0.8863350647556174,0.9555
Amani Alazmi,0.09092420065611703,0.0427
Ameet Ghasi,0.3651954884087003,0.3384
Amelia Hernandez,0.41755016215554674,0.4078
Amgalantengis Enkh-Amgalan,0.5588091849911215,0.6122
Amin Tabatabaei,0.8335263588720963,0.9173
Amina Kairbekova,0.31433215801934644,0.2794
Amir Ali Ghafourian,0.6038522187427043,0.6727
Amir hosein Kashefi,0.7083363261014016,0.797
Ana Kuchava,0.6297025979862543,0.7032
Anastasia Avramidou,0.3465931164326041,0.3187
Anastasia Bodnaruk,0.13777963524407277,0.0853
Anastasia Travkina,0.16271742878245773,0.108
Anastasiia Hnatyshyn,0.4409499420641182,0.4408
Anastasios Mihailidis,0.7536426879804738,0.8419
Anastassia Sinitsina,0.45766788442644624,0.4649
Anatole Vlachos,0.36658998898807943,0.3395
Anatoliy Emeliantsev,0.29006294824267437,0.2516
Anatoliy Shapkin,0.9252642746989519,0.9759
Anatoly Bykhovsky,0.4295419466509728,0.4241
Anatoly Donskov,0.26944388317597956,0.226
Anatoly Krutko,0.668210170224915,0.7503
Anatoly Moskvin,0.4210902829647547,0.4126
Anderson Esmeraldas,0.6458713628565936,0.7217
Andre Bold,0.6862373138279717,0.7692
Andre Kunz,0.27500455786304023,0.236
Andre Mendez Machado,0.21911307432931,0.1622
Andreas Brenke,0.4454307514083312,0.4475
Andreas Mende,0.37742070900844643,0.3555
Andreas Skotheim,0.7163030568176001,0.8063
Andrei Belozerov,0.6773130639994246,0.7592
Andrei Ioan Trifan,0.8741253005386227,0.9436
Andrei Macovei,0.4425877355045566,0.4445
Andrei Negrean,0.6509401129011823,0.7265
Andrei Olhovik,0.5355434776337152,0.58
Andrei Purygin,0.8074172353382745,0.8965
Andrei Shishkov,0.9390463253745919,0.984
Andrei Skvortsov,0.6734161841593391,0.7558
Andrei-Mihai Bonte,0.6173063999641165,0.6865
Andrej,0.09100031043608935,0.043
Andres Carrasco Miranda,0.598717455759602,0.6679
Andres Ferriz Barrios,0.08856689885524975,0.039
Andrew Green,0.6441795115345407,0.7176
Andrew Hong,0.29727124047694053,0.2597
Andrew Jing,0.39342980248604564,0.3737
Andrew Tang,0.0913254781171319,0.0434
Andrew Titus,0.5868106386947222,0.6475
Andrew Wu,0.22836617570069798,0.1722
Andrey Drygalov,0.5620983996301228,0.6182
Andrey Esipenko,0.20315932852016502,0.1421
Andrey Gonzalez Zharikov,0.7835028249161529,0.8738
Andrey Gorovets,0.6262963785940736,0.6983
Andrey Ivanov,0.11154141775959603,0.0627
Andrey Klymchuk,0.6910387791069597,0.7755
Andrey Levitskiy,0.664342712006685,0.7477
Andrey Marcelo Souza Neves,0.7757434027985748,0.8646
Andrey Rychagov,0.47670482755561505,0.4946
Andrey Tsvetkov,0.06082400901074847,0.0182
Andrii Palchuk,0.5380936149170538,0.5829
Andrii Vachylia,0.1415123152823758,0.0891
Andriy Diachek,0.8951081622335322,0.9618
Andriy Prydun,0.5004610229431368,0.5295
Andrzej Krzywda,0.2705763981243158,0.2286
Andrés Delgado,0.6214011203761922,0.692
Andy Woodward,0.05183312305867258,0.013
Angel Gabriel Cordoba Roa,0.7513269494457566,0.8386
Angie Garcia,0.37715439475761264,0.3551
Anil Berk Erdogan,0.5427884690578654,0.5911
Anish Giri,0.7977751718196109,0.885
Ankush Khandelwal,0.2590259602063833,0.2145
Anna Cramling,0.3003811158934331,0.2638
Anna Jakubowska,0.1962071480651257,0.1347
Anna Kubicka,0.23850492396588607,0.1881
Anna M. Sargsyan,0.15541785171383377,0.0998
Anna Shukhman,0.532166391752766,0.5748
Anna-Maja Kazarian,0.06805095836885272,0.0226
Anthony Atanasov,0.3093568642576702,0.2761
Anthony Wirig,0.7768313949687096,0.866
Antoine Bournel,0.34788584466409256,0.3213
Anton Barash,0.35060562040384796,0.3243
Anton Demchenko,0.5949769241652502,0.662
Anton Isajevsky,0.54775599722147,0.597
Anton Karpenko,0.5639675597567214,0.6212
Anton Korobov,0.34312896034602647,0.3139
Anton Vasilenok,0.28604720957018337,0.2482
Antoni Kozak,0.5076359857209215,0.541
Antoni Szustakowski,0.14221479267814247,0.0902
Antonin Ferey,0.316426220605332,0.2831
Antonio Arencibia,0.2739445591805278,0.2349
Antonio Carlos Bambino Filho,0.48254203658024275,0.505
Antonio Lopez Del Alamo,0.38493161279308813,0.364
Antonio Naranjo Moreno,0.4235508224236687,0.4152
Antonio Pedro Freixial Vasques,0.45308480701361054,0.4579
Antonio Ruperez Benito,0.6758736654196218,0.7581
Antonios Gkavardinas,0.8033192360001197,0.8924
Anusha Subramanian,0.18345679420479924,0.1262
Anysia Thomas,0.4140213195363577,0.4045
ApacheSVD,0.529585733493336,0.5718
Apoorv Kamble,0.19605167624268416,0.1343
AradNazari,0.6149657564837432,0.6839
Aradhya Garg,0.9647761589386844,0.9937
Aram Hakobyan,0.8520485509972671,0.9288
Aran Köhler,0.45062307885269914,0.4549
Arash Tahbaz,0.6187684838922981,0.6883
Aravindh Chithambaram,0.4099172497894263,0.3989
Aref Vasli,0.7831315074632957,0.8735
Ari Guz,0.29468582261300824,0.2579
Ari Kiremitciyan,0.8744983802126702,0.9443
Arian Baradaran Tamadon,0.11347132857799191,0.0646
Ariel Nicolas Tokman,0.8002502509082425,0.8894
Arina Kiseleva,0.39191131321886696,0.3718
Arjun Adireddy,0.4832876846173108,0.5069
Arjun Erigaisi,0.3317016162992332,0.2998
Arman Erzhanov,0.6434213787183237,0.7158
Arman Geivondian,0.5057332711621699,0.5377
Arman Ghevondyan,0.603535205650093,0.672
Arman Mikaelyan,0.5698868716824268,0.6263
Armin Kekic,0.8202406977889101,0.9069
Armin Mušović,0.5928751240981226,0.6583
Arnaldo Jesus Fernandez De La Vara Mulet,0.6657016441329222,0.7488
Arnold Essing,0.507501066713952,0.5399
Arnold Mayeregger,0.28665520563143093,0.249
Aron Pasti,0.19709554808785756,0.1365
Arsal Gardezi,0.42080744030301426,0.4119
Arsene Kukhmazov,0.8112991338389659,0.8987
Arseniy Astafurov,0.7927310308630672,0.8805
Arseniy Nesterov,0.523927416900867,0.564
Arseny Alavkin,0.5240642213244163,0.5644
Artak Manukyan,0.8759486914458771,0.9451
Artem Alek Fedorov,0.17838326596951948,0.1213
Artem Bardyk,0.9405908090062691,0.9848
Artem Chernobay,0.10802123831530774,0.0594
Artem Dyachuk,0.05320129972845319,0.0145
Artem Galaktionov,0.6853769210576455,0.7677
Artem Gulevich,0.36899090564485826,0.3425
Artem Koval,0.6455778696596159,0.7213
Artem Legenya,0.45710140172403013,0.4638
Artem Omelja,0.5598275109185847,0.6148
Artem Sadovsky,0.6628107006557846,0.7462
Artem Timofeev,0.8074310382109517,0.8968
Artemii Khanbutaev,0.37259079562876085,0.3484
Artemiki Lebedev,0.7276721818485277,0.816
Artemy Gogolev,0.5617894058328444,0.6178
Arthur De Winter,0.40387584934123205,0.3881
Arthur Lucas,0.7345791301821254,0.8204
Arthur Muromtsev,0.12030546279896566,0.0712
Arthur Olinto de Souza,0.3974449018719513,0.3792
Artin Ashraf,0.3034600741370858,0.2675
Artiom Samsonkin,0.5149125852513157,0.5525
Artiom Stribuk,0.7313450582875295,0.8186
Artur Dilmukhametov,0.25403457502287835,0.2078
Artur Gabrielian,0.5857962256969839,0.6456
Artur Tin Lun Dai Lima,0.5545469534570987,0.6067
Artyom Bogdanov,0.6900547427176409,0.774
Artyom Manukyan,0.22255487488464412,0.1651
Arush Chitre,0.04645495226384245,0.0119
Arvids Andrejevs,0.23201191107104474,0.1766
Arvind Jayaraman,0.7879541417453817,0.8761
Aryan Tari,0.7019177641718158,0.7885
Arystanbek Urazayev,0.6583184762233845,0.738
Asa Hoffmann,0.4545019394362386,0.4594
Ashot Nadanian,0.7034105133993478,0.7915
Ashritha Eswaran,0.2564412682043976,0.2111
Asish Panda,0.19683719944002914,0.1362
Aslan Aitbayev,0.4327538922737807,0.4297
Assel Lesbekova,0.5636433482581646,0.6204
Assel Serikbay,0.3995000850184883,0.3829
Aswath S,0.7391402114780943,0.826
Asylbek Abdyjapar,0.2276538487538235,0.1714
Atanas Dimitrov,0.11275230714248738,0.0638
Atilla Eynullayev,0.32821588738009233,0.2957
Atousa Pourkashiyan,0.6239556886124771,0.6939
Attila Jr. Forgacs,0.3536315162216795,0.3276
Attila Turzo,0.7289782381292681,0.8171
Augustin Droin,0.2688947869950368,0.2241
Augustinas Bazilius,0.7838516108228107,0.8742
Aung Thant Zin,0.4802938534321678,0.5017
Aurelio Vila Dupla,0.4940140044791067,0.5217
Austin Mei,0.3588589361195756,0.331
Avi Kaplan,0.12446600029341826,0.0727
Avital Boruchovsky,0.7899360978695371,0.8779
Axel Bachmann,0.4407153610643582,0.4401
Axel Delorme,0.9458511667801475,0.9874
Ayan Allahverdiyeva,0.06761137020485405,0.0223
Aydin Suleymanli,0.05331887197320452,0.0148
Aydin Turgut,0.03891250205911041,0.0089
Ayrat Vafin,0.7086857947897819,0.7985
Azer Mirzoev,0.9288458516406234,0.9792
Aziz Degenbaev,0.11152503079616656,0.0623
BOZNENA PIDDUBNA,0.4511753371354068,0.456
Baadur Jobava,0.5949533252688515,0.6616
Babageldi Annaberdiyev,0.6364820053746558,0.7091
Bach Ngoc Thuy Duong,0.5955249936563074,0.6623
Bahadir Ozen,0.8355636274703254,0.9191
Bahadur Khodzhamkuliev,0.457055307669863,0.4635
Baira Kovanova,0.2846679590155114,0.2468
Bakhtiyar Askarov,0.392776185940953,0.3733
Bakhtiyar Nugumanov,0.5226472881101593,0.5618
Balaji Daggupati,0.18543764799092693,0.1276
Balázs Csonka,0.9041203506355296,0.9655
Bao Nghia Dong,0.11959219732864224,0.0698
Barad Yeganegi,0.5121711827670536,0.5473
Barbara Skuhala,0.11091788234774187,0.0616
Bardiya Daneshvar,0.27270376414246567,0.2327
Barnabas Kovacsy,0.8168023377620397,0.9035
Bartosz Przybylski,0.28530959114287613,0.2479
Batuhan Özen,0.33958939360362345,0.3091
Bayastan Sydykov,0.2526501105519493,0.2056
Beksultan Moldagali,0.6340295238712228,0.7072
Belka1989,0.5968141430392084,0.6646
Ben Finegold,0.6700767220149259,0.7529
Ben Johnson,0.4944045537401306,0.5224
Bence Pribelszky,0.12000533002708733,0.0705
Benedikt Dauner,0.707127648372433,0.7955
Benedikt Huber,0.4092796963852738,0.3985
Benik Agasarov,0.6741181668191958,0.7566
Benjamin Bok,0.885840085855907,0.9547
Benny Aizenberg,0.22347293034541038,0.1673
Bernardo Vainzoff Sztokbant,0.7656251854325882,0.8545
Bharath Subramaniyam.H Harishankkar,0.12651123442715972,0.0746
Bianka Havanecz,0.3324559439488004,0.302
Bibisara Assaubayeva,0.47426841959911836,0.4883
BikingBrian,0.5137296161095062,0.5495
Bilel Bellahcene,0.9066875684995017,0.9662
Bintang Rasyid,0.6195631277234036,0.6898
Björn Andersson,0.282191436618363,0.2445
Blanka Ejsymont,0.30209158793886554,0.2668
Blaz Bratovic,0.42476722189887867,0.4182
Blazej Grot,0.3559042621715789,0.3302
BobbyFischer1508,0.3004661924418431,0.2642
Bobur Sattarov,0.640265099645552,0.7121
Bogdan Belyakov,0.7745997938567851,0.862
Bogdan Daniel Deac,0.9183361296360614,0.9725
Bogusz Piliczewski,0.5392744512925116,0.5855
Bojan Maksimović,0.7660966545619332,0.8557
Bojan Todorovic,0.5274975926904124,0.5688
Boris Bruned,0.504502532854168,0.5365
Boris Ferrufino,0.2026938348637796,0.1417
Boris Grachev,0.966269469178175,0.9941
Boris Savchenko,0.14361998699900114,0.0913
Boris Stankovic,0.12206089651548417,0.0724
Bovie Mei Liu,0.22403007433052627,0.1681
BozeKat,0.3734065434971563,0.3503
Brahian Diaz Herquinio,0.31007563835667845,0.2764
Brandon Jacobson,0.7623607280486666,0.8519
Brett Passen,0.40473674720100894,0.3904
Brewington Hardaway,0.3451796811490245,0.3173
Bruno André Leite Martins,0.6482188253009562,0.7239
Bruno Morado Rodrigues,0.5048854832425921,0.5369
Bryan Enming Lin,0.5947190396922808,0.6605
Bryan Weisz,0.20839651987256552,0.1477
Bryan Xie,0.2929259802771392,0.256
Bulat Mirzanurov,0.14659208441731528,0.0939
Burak Firat,0.3696417520890845,0.344
Burak Ozalp,0.41904176895134554,0.41
Buyankhishig Batpelden,0.2709689888237269,0.2293
Byambaa Uyanga,0.18065357217818567,0.1232
CAMPO ELIAS GUZMAN,0.39801145363712354,0.3803
Caio Poeta,0.3775927043335016,0.3562
Caleb Levi,0.7239386897194199,0.8111
Calin Gheorghiu,0.2907411400384336,0.2531
Camilo Corredor Castellanos,0.4875153955996777,0.5147
Carles Martín Barceló,0.7470654136456976,0.8341
Carlos Alberto Gallegos Diaz,0.6985795988761307,0.7844
Carlos Alvarado,0.47292439966279415,0.4872
Carlos Andres Obregón,0.24748142166514028,0.1996
Carlos Andres Perdomo,0.5009690110566363,0.5317
Carlos Daniel Albornoz Cabrera,0.6124718078295841,0.6813
Carlos Eduardo Cardozo Munar,0.5065394214958502,0.5384
Carlos Martins,0.2558246921887525,0.2104
Carlos Morales,0.23134087386424357,0.1759
CarlosjPineror,0.7443937500852844,0.8315
Casper Liu,0.26824786888245045,0.223
Cedric Chassard,0.7756984337022595,0.8642
Cem Kaan Gokerkan,0.6885735708608346,0.7722
Cengiz Hasman,0.1453697217400926,0.0931
Cervantes Landeiro Thalia,0.20962723631211264,0.1488
Cesar Ugarte,0.523016014540905,0.5625
Chamal Gedgaf,0.3776634549267501,0.3566
Chanchal Kumer Ghosh,0.13606644048732022,0.0827
Charles Storey,0.755379403133465,0.8434
Chelsie Monica Ignesias Sihite,0.08733935938139178,0.0378
Cherry Ann Mejia,0.8978840963284659,0.964
Chesswizard_2007,0.39354302056744667,0.374
ChessyInstinct,0.5718213835139061,0.6297
Chris Baker,0.5372794237686753,0.5818
Chris L Chambers,0.5005357539755038,0.531
Christian Almeida do Nascimento,0.467076316786782,0.4783
Christian Gian Karlo Arca,0.45526006170876376,0.4609
Christian Koepke,0.5353169364264693,0.5788
Christian Polster,0.3135613715874701,0.2787
Christian Silvestre,0.4773507688100607,0.4954
Christian Stevens,0.9253743263729405,0.9763
Christiansen Sava,0.5343098525976944,0.5774
Christof Sielecki,0.9270141419944575,0.9777
Christopher Chabris,0.3160727118776931,0.282
Christopher Guzman,0.24509936851038,0.1955
Christopher Pace,0.3822062604967605,0.3618
Christopher Woojin Yoo,0.870245229818986,0.9391
Christos Krallis,0.654259876530498,0.7317
Cindy Qiao,0.15752524491853498,0.1024
Claudius Gottstein,0.8157413182970418,0.9017
Clemens Rietze,0.10383925491339303,0.0553
Clement Cristian Daianu,0.3092897866042595,0.2757
Coachpoker,0.31421788637163084,0.279
Collin Colbow,0.683854987603544,0.7655
Colombiano07,0.5871009591788482,0.6482
Conrad Holt,0.861299710265944,0.9347
Conrad Thake,0.27978737322433656,0.2419
Cptn2,0.40141307874053656,0.384
Craig Clawitter,0.4928115370307286,0.5202
Cristhian Montero,0.7584772310543734,0.8456
Cristhian Portal,0.20808673511796022,0.1469
Cristi Machidon,0.8332279939694456,0.9165
Cristian Adrian Dolezal,0.5889271700304402,0.6534
Cristian Robledo,0.34510047087032686,0.3169
Cristian Sanhueza,0.7735437181671656,0.8601
Cristian Silva Lucena,0.5296528715421722,0.5722
Cristiano G Souza,0.3982493375112467,0.3818
Cristobal Henriquez,0.45920683366055304,0.4683
Cumali Unver,0.8418352369641591,0.9228
Cyrielle Monpeurt,0.08913673752042234,0.0408
César Augusto Blanco Gramajo,0.6109845831955363,0.6798
Dachey Lin,0.19651102601829595,0.1351
Dalton Perrine,0.6604842255143217,0.7421
Damian Lewtak,0.790092790531775,0.8783
Damian Śliwicki,0.12580298140385102,0.0735
Damir Ismagilov,0.7147153785638638,0.8041
Dan Herman,0.6437361148042208,0.7165
Dan Shapiro,0.3880183566196814,0.3666
Dana Tuleyeva-Aketayeva,0.6287784221729357,0.7017
Daniel Aguiar De Sousa,0.28209367070293667,0.2442
Daniel Barria,0.5993881992033404,0.6686
Daniel Beniosev,0.1784341553029311,0.1217
Daniel Centron Antuna,0.511971367924828,0.5469
Daniel Chan,0.02463297749281271,0.0037
Daniel Cremisi,0.5417916074044381,0.5904
Daniel Dardha,0.4396003182432581,0.439
Daniel Garcia Ramos,0.5759939070888189,0.6364
Daniel Girsh,0.2314149055513358,0.1763
Daniel Gormally,0.6537983665417658,0.731
Daniel Gutiérrez Olivares,0.22551682668739756,0.1699
Daniel Kopylov,0.7997409025802529,0.8887
Daniel Marcolino,0.5411538795483379,0.5885
Daniel Melamed,0.9152498644674661,0.9703
Daniel Naroditsky,0.7397296023503006,0.8267
Daniel Pinto,0.8819119222436228,0.9506
Daniel Rangel,0.13320592343903265,0.0805
Daniel Ser,0.202251045245242,0.141
Daniel Taboas Rodriguez,0.8760510083995792,0.9455
Daniel Tabuenca Mendataurigoitia,0.5070750676939785,0.5395
Daniel Teidi Awoki,0.8236092426910616,0.9098
Daniel Titichoca Daza,0.08458131680736698,0.036
Daniel Yedidia,0.8000157332989459,0.8891
Daniil Dubov,0.7993241181000853,0.8876
Daniil Lintchevski,0.9646990237655754,0.9933
Daniil Manelyuk,0.11921250451749835,0.0694
Daniil Plyasunov,0.6046255695603373,0.6735
Danila Bilan,0.8740151672067273,0.9429
Danila Poliannikov,0.796192888606677,0.8831
Dantelle Joubert,0.5905674461693912,0.6549
Danyyil Dvirnyy,0.814386444272124,0.9013
Daouda Ethmane,0.27967567712098984,0.2412
Daria Yurasova,0.5318955631511597,0.5744
Daria Zaichenko,0.19307139256092665,0.131
Darius Viškelis,0.7298548501669206,0.8178
Dariusz Bieliński,0.7604369822060162,0.849
Dariusz Swiercz,0.9675214733208272,0.9944
Darko R Mitrovic,0.7107125140186399,0.8007
Darvi Abraham Crispin Ferreras,0.5650122694566067,0.6226
Dashgyn Ibadov,0.4230871886992727,0.4141
Davi Sulzbacher,0.5160597998191985,0.5529
David Alexandru,0.3165793226371322,0.2839
David Anton Guijarro,0.6973268307290197,0.7826
David Bernat,0.6573862544264755,0.7369
David Blanco Diez,0.6815379697538388,0.7636
David Brodsky,0.5222161548736661,0.5607
David Gasparyan,0.11032725453788136,0.0612
David Gavrilescu,0.1270952551880573,0.075
David George Samir,0.10304835657600311,0.0545
David Gorodetzky,0.5602715557951511,0.616
David Haydon,0.2514504138997452,0.2037
David Howell,0.8245425148016556,0.9109
David Kalashian,0.8329697755735201,0.9161
David Levine,0.6317087982332092,0.7061
David Martinez,0.5984481354578217,0.6675
David Navara,0.9712204606686379,0.997
David Okike,0.14159976935263552,0.0894
David Paravyan,0.9448617519294279,0.9866
David Rodríguez López,0.8543505674066914,0.9317
David Sh. Gevorgyan,0.182217494822559,0.1254
David Shapiro,0.8451164734133478,0.925
David Temirkanov,0.4458867690002359,0.4482
David Torres Domínguez,0.6498807387636881,0.7254
David Zakarian,0.5450641637139793,0.5944
David Zhurbinsky,0.043168728506707596,0.0104
Davis Zong,0.5207909289289883,0.5581
Dawid Czerw,0.16436774616795508,0.1091
Dawid Janaszak,0.11388399222532644,0.0649
Dawid Niekraś,0.7617552895171514,0.8516
De Silva L.M.S.T,0.12828971819250246,0.0757
Deepak Aaron,0.07087494067157393,0.0256
Deepweb2020,0.36691521120968795,0.3403
Dejan Djordjevic,0.1751421530041476,0.1184
Dejan Jakovljevic,0.42972202609782917,0.4245
Dejan Tasev,0.18209880050886149,0.125
Denes Boros,0.5544656444399794,0.6063
Deniel Causo,0.4955801759841025,0.5236
Deniel Safarov,0.028663328603408162,0.0052
Denis Garrido,0.35199250363727674,0.3258
Denis Khismatullin,0.7818458178652231,0.8712
Denis Kovalev,0.7382684467516897,0.8237
Denis Kozlov,0.8805376634052164,0.9495
Denis Lazavik,0.8296917502201756,0.9143
Denis Makhnev,0.6272095933585536,0.6994
Denis Pershin,0.23671360052114535,0.1844
Deniz Arman,0.7754407609488878,0.8638
Dennis Wagner,0.7041163961227229,0.7929
Derek Wu,0.39543880082605976,0.3763
Derlei Alex Florianovitz,0.363189309504076,0.3358
Dev Shah,0.6340521905018544,0.708
Devina Devagharan,0.12956246343759484,0.0772
Devindya Oshini Gunawardhana,0.08749345701691198,0.0382
Dewar B. Feliz Dotel,0.5270754207380646,0.5677
Deysi Cori,0.418069516502552,0.4089
Diana Mirza,0.35482798917808106,0.3288
Diana Preobrazhenskaya,0.09328857239351745,0.0453
Diego Adla,0.9239533684725603,0.9755
Diego Berardino,0.4073936743856142,0.3944
Diego Carbone,0.6055711534668543,0.6757
Diego Flores Quillas,0.603582924533848,0.6724
Diego Garcia,0.07164748795980035,0.0275
Diego Zilleruelo,0.29241231340534446,0.2549
Dila Baloglu,0.21282883162643937,0.1532
Dimitar Mardov,0.3840231176889618,0.3622
Dimitrios Vazelakis,0.3688301854895461,0.3421
Dimitris Alexakis,0.8878783269442453,0.957
Dimitris Makridis,0.387254054166199,0.3659
Dina Belenkaya,0.29240794094874084,0.2545
Dinara Wagner,0.3356300329260749,0.3039
Dinesh Rajan M,0.5037212210664113,0.5351
Diogo Duarte Guimaraes,0.8041172182693845,0.8931
Dion Krivenko,0.7742529476661608,0.8605
Dion Su,0.16111302596388813,0.1061
Dirk Troltenier,0.7684974258329802,0.8571
Djuro Skaric,0.13894546052186446,0.0857
Dmitrii Marcziter,0.44652897316733287,0.449
Dmitrij Kollars,0.7598534846403326,0.8475
Dmitrij Skurikhin,0.45359831016735364,0.4586
Dmitriy Bocharov,0.3667705637846992,0.3399
Dmitriy Kushko,0.7030104394994428,0.7911
Dmitry Andreikin,0.9301193358559242,0.98
Dmitry Frolyanov,0.6097165075643476,0.6794
Dmitry Gordievsky,0.5940041367101804,0.6597
Dmitry Gurevich,0.9167230500597636,0.9707
Dmitry Kirillov,0.5044753242059314,0.5362
Dmitry Kononenko,0.5790779710182281,0.6382
Dmitry Kryakvin,0.8956198588596305,0.9622
Dmitry MIschuk,0.927857872655912,0.9785
Dmitry Maximov,0.02338946038793179,0.0026
Dmitry Minko,0.3696996892477741,0.3443
Dmitry Petukhov,0.4980396080778203,0.5265
Dmitry Ponomarev,0.6450596011444262,0.7199
Dmitry Rostovtsev,0.8651733450134206,0.9365
Dmitry Semenenko,0.487933913379251,0.5158
Dmitry Sumaneev,0.8280577539968622,0.9135
Dmitry Tatarinov,0.3599713389980266,0.3325
Dmitry Vyatkin,0.2537043282366939,0.2071
Dmitry Zacurdajev,0.4087597904277801,0.3978
Dmitry Zenin,0.6618253013177776,0.7455
Dobre Claudiu Cristian,0.8053122955139294,0.8939
Dolzhykova Kateryna,0.4572161772597029,0.4642
Domantas Klimciauskas,0.6420679179772576,0.7139
Dominick Orzech,0.4242912993276947,0.4167
Dominik Horvath,0.22113233311506852,0.1636
Dominik Marczuk,0.23341318895853477,0.1785
Dominique Myers,0.1185735330502717,0.0683
Donát Daróczi,0.13627630119423192,0.0831
Dorian Kang,0.16834440165122677,0.1121
DrMamaliga,0.3785844944979864,0.3588
Dragan Popadic,0.2185254682773948,0.161
Dragomirescu Robin,0.8203854200990437,0.9072
Dragos Ceres,0.4297235313761604,0.4249
Duc Minh Lai,0.25950096703221803,0.2156
Dumitru-Daniel Dinu,0.3459526278408648,0.318
Dushyant Sharma,0.2694284226664053,0.2256
Dávid Haszon De,0.7065827290202465,0.7948
EREBUNI91,0.6831818769106586,0.7651
Edgar Hayrapetyan,0.3007873204159497,0.2649
Edgard Vinicius Zanette,0.7823778108884072,0.8724
Edgardo J. Almedina Ortiz,0.5518481841134829,0.6022
Ediz Gürel,0.03415479292923942,0.0063
Edmund C Player,0.5100790893404816,0.5436
Eduard Ashiev,0.41979040608295126,0.4111
Eduard Kanter,0.7746351671462833,0.8627
Eduardo Barbosa Mesquita,0.041695754901445135,0.01
Eduardo Iturrizaga Bonelli,0.24560115492573478,0.1963
Eduardo Marra,0.40652003465780107,0.3933
Eduardo Mendez Fortes,0.07568118388352181,0.0289
Eduardo Muzzi,0.33686537958629703,0.3054
Eduardo Peralta,0.4580254770848013,0.466
Edvin Trost,0.5161659768248186,0.5532
Eelke De Boer,0.20898322516788131,0.1484
Eesha Karavade,0.6992101967851168,0.7848
Egor Baskakov,0.07807825090438386,0.0308
Egor Bykov,0.6149525874758093,0.6835
Egor Koshulyan,0.037165856574600586,0.0078
Egor Kurchenko,0.07934871813124164,0.0315
Egor Lashkin,0.5035879427358482,0.5347
Eivind Grunt Kreken,0.3158543873593543,0.2813
Ekaterina Borisova,0.7943892629910214,0.882
Ekaterina Goltseva,0.63046865030041,0.7039
Ekaterina Miroshnik,0.08403210285800845,0.0356
Ekaterini Pavlidou,0.28901511321263973,0.2508
Eldiar Orozbaev,0.4115920947413623,0.4011
Elham Amar,0.6254897975250803,0.6972
Elijah Logozar,0.07051876400283744,0.0252
Eline Roebers,0.07132125115303037,0.0267
Elis Denele Dicen,0.17630132032216905,0.1191
Elliott Winslow,0.5598336855306691,0.6152
Elnaz Kaliakhmet,0.25155298986436503,0.2041
Elnur Aliyev,0.7490746864237164,0.836
Eltaj Safarli,0.9710461370099945,0.9967
Elvin Wilson,0.372893732713801,0.3495
Emanuel Vaglio,0.25760523707585936,0.2122
Emerson Veiga,0.09856578645676393,0.0501
Emilia Dyalog,0.29857893764328197,0.262
Emilia Sprzęczka,0.06989661036291092,0.0245
Emilia Zavivaeva,0.26593041056859756,0.2223
Emilio Cordova,0.6943055315367089,0.7781
Emilio Hernandez,0.4250963111385236,0.4189
Emin Ohanyan,0.6888513958508915,0.7725
Emre Mecit,0.8276529695952479,0.9132
Enes Tanriverdi,0.5667454156236091,0.6245
Enkhrii Enkh-Amgalan,0.47774437982580664,0.4961
Enrico Vianello,0.5087425764273111,0.5417
Enrique Butti,0.4061596154970659,0.3915
Enrique Fernando Asensio Ramos,0.6510742800809425,0.7269
Enrique Fonseca Manrique,0.2907067212257405,0.2527
Enrique Tejedor Fuente,0.63508868801827,0.7087
Enzo Federzoni,0.19662313790369423,0.1354
Enzo Ferrara,0.22889842742175928,0.1725
Eray Kilic,0.4590589245185252,0.4679
Erez Kupervaser,0.4757330239139045,0.492
Eric Hansen,0.5148552564776291,0.5518
Eric Hon,0.5825276229676228,0.643
Eric Liu,0.23379497689549686,0.1796
Eric Rosen,0.7285977919779246,0.8167
Erick Zhao,0.06091180273837719,0.0186
Erik Blomqvist,0.41636192283286844,0.4067
Erik Golubovic,0.6790174495752763,0.7614
Erik Rönkä,0.06740111142683942,0.0219
Erik van den Dikkenberg,0.09170794199223467,0.0438
Ermes Espinosa Veloz,0.3366094409293458,0.3046
Ernesto Javier Fernandez Guillen,0.23827472068409444,0.1878
Ernesto Real de  Azua,0.9259509098282465,0.977
Ervin Ozkan,0.7853602088270429,0.8757
Erzhan Zhakshylykov,0.655918436946561,0.7336
Esper Van Baar,0.8724435480238981,0.9406
Ethan Saya,0.8535910628026473,0.931
Ethan Sheehan,0.9532753437432341,0.9892
Etienne Bacrot,0.8137972520295254,0.9002
Ettore Stromboli,0.5197368375425085,0.5566
Eugene Yanayt,0.13018314681603832,0.0776
Eugenia Karas,0.4350964573665457,0.4319
Evan Ai,0.6590602931682851,0.7391
Evan Rabin,0.6731821183177094,0.7555
Evan S. Rosenberg,0.7259174065317573,0.813
Evandro Amorim Barbosa,0.31454177988089116,0.2798
Evelina Zavivaeva,0.5265836722488039,0.5673
Evgeni Krasilnikov,0.6243927694425259,0.6954
Evgenij Kretov,0.14991338725410447,0.0968
Evgenij Novikov,0.27871264972971127,0.2397
Evgenij Shuvalov,0.5973336893513428,0.6653
Evgenios Ioannidis,0.8726865951594407,0.9414
Evgeniy Najer,0.5337595965206725,0.5766
Evgeniya Doluhanova,0.6281748028608899,0.7009
Evgeny Alekseev,0.8181597100645484,0.9043
Evgeny Degtiarev,0.8270987882146572,0.9124
Evgeny Egorov,0.40415330035997243,0.3889
Evgeny Ermolaev,0.7849110442436725,0.875
Evgeny Melikhov,0.8545069702645091,0.9321
Evgeny Postny,0.6579938675693651,0.7377
Evsuld Myagmarsuren,0.2548115322869231,0.2089
Ewa Barwinska,0.2938177186999681,0.2575
Eyal Noy,0.47935395151839116,0.4991
Eytan Rozen,0.4062921449633329,0.3922
FAUSTO CASTELLA GARCIA,0.7384600159071459,0.8245
Fabian Fiorito,0.12528942366643211,0.0731
Fabian Vivas,0.5861553766629051,0.6468
Fabiano Caruana,0.553132341976263,0.6041
Fabio Colonetti,0.49301939912058207,0.5213
Facundo Vazquez,0.48105563711725025,0.5028
Farid Mustafayev,0.3690727125290564,0.3429
Farid Orujov,0.5033654598710997,0.5343
Farzad Bolourchifard,0.6586314656250686,0.7388
Faustino Oro,0.08972699057510045,0.0419
Federico Perez Ponsa,0.7992203625007962,0.8872
Federico Sellitti,0.40481569643011933,0.3907
Felix Hindermann,0.5227011951509775,0.5622
Felix Ilinca,0.15677211542751124,0.1013
Felix Kuznetsov,0.02617474936852608,0.0045
Felix Meissner,0.576410664614766,0.6367
Felix Rose,0.5585423638037084,0.6115
Ferenc Jr. Gombocz,0.3346595838591381,0.3032
Fernando Bolaños Soza,0.39463336434876944,0.3751
Fernando Broca,0.6367340753069232,0.7095
Fernando Díaz,0.2406124753671087,0.1907
Fernando López Gracia,0.5253324502559023,0.5659
Fernando Mata,0.1258488516156936,0.0738
Fernando Valenzuela,0.0726038881123252,0.0278
Fidel Corrales Jimenez,0.4577574929614471,0.4657
Filip Boe Olsen,0.7726669716393267,0.8594
Filip Dowgird,0.6634021385773463,0.7469
Filip Haring,0.7607722282415157,0.8501
Filip Ochedzan,0.6154853550742668,0.6842
Flavio Wisniacki,0.7400184054960179,0.8275
Florescu Codrut Constantin,0.3882643137350109,0.3677
Florian Gatterer,0.6615932187031793,0.7451
Florian Jenni,0.8724256431896347,0.9403
Floryan Eugene,0.08882219192671735,0.0401
Flávio Bezerra,0.5738256816283132,0.6315
Francesco Bettalli,0.32784666170046356,0.295
Francesco Sonis,0.2379568127255683,0.1866
Francisco Ferrari Pironti,0.31784420746769343,0.2846
Francisco Fiorito,0.4815684320917331,0.5032
Francisco Javier Muñoz,0.43019270372791807,0.4267
Francisco Orantes Taboada,0.7884131653862088,0.8768
Francisco Silva Gonzalez,0.4980316320928268,0.5262
Franciszek Sernecki,0.8239046444748404,0.9106
Franck Steenbekkers,0.29690048812807485,0.2594
Franco Manteiga,0.6248037507807419,0.6965
Frank Buchenau,0.8283628972778929,0.9139
Frankie Badacsonyi,0.8485045980131647,0.9265
Frederick Waldhausen Gordon,0.606299773527428,0.6764
Frederico Matsuura,0.7813898548405207,0.8705
Frederik Svane,0.653637134752785,0.7306
Frode Elsness,0.23122039367282513,0.1755
Fruzsina Szente-Varga,0.052222557636933266,0.0134
Fy Antenaina Rakotomaharo,0.47411390094713407,0.4879
GERARDO MARIN,0.46065150403215094,0.4705
GIRINATH PDS,0.40237078750798566,0.3859
Gabor Nagy,0.044151030065830335,0.0111
Gabriel Carckeno Do Carmo,0.2867158318908031,0.2494
Gabriel Gonzaga Garcia,0.7029899164191067,0.7907
Gabriel Gähwiler,0.7949203004862572,0.8824
Gabriel Lenoir,0.40200466755018754,0.3848
Gabriel Petesch,0.32342043251895963,0.2913
Gabriel Voiteanu,0.6900229011625987,0.7737
Gahan MG,0.8905382863428442,0.9592
Gaioz Nigalidze,0.5759480390023415,0.6356
Galina Novikova,0.031824155013642,0.0056
Gara Balajaev,0.44245968070033703,0.4442
Garnik Nersesyan,0.8104079234865725,0.8983
Garrett Smith,0.47667193131348007,0.4939
Garv Gaur,0.27065733005952675,0.2289
Gary Leschinsky,0.4343962988806654,0.4304
Gasan Guliev,0.7536932860168826,0.8423
Gastón Martin,0.31646108636237996,0.2835
Gata Kamsky,0.9844809946288576,1.0
Gaurang Bagwe,0.1396015642314169,0.0872
Gawain Maroroa Jones,0.7059275559914382,0.7941
Gellert Karacsonyi,0.5145165475005096,0.551
Gennady Kozlov,0.36741467674528555,0.341
Geordie Derraugh,0.272430283486868,0.2315
Georg Seul,0.5390080151037344,0.5844
Georg Von Buelow,0.4609692188253837,0.4709
George Danzer,0.375923548044048,0.3532
George Stoleriu,0.7993248410331697,0.8879
Georgi Orlov,0.7980428891848477,0.8853
Georgijs Germanovs,0.43187281688582224,0.4278
Georgios Alexandros Kouskoutis,0.8117005022882575,0.8994
Georgios Kanakaris,0.9295833317098591,0.9796
Georgios Souleidis,0.5739381728221111,0.6323
Gerardo Antonio Gracia Alvarez,0.7310707081177658,0.8182
Gerardo Fernandez,0.47137038949972376,0.4835
Gergana Peycheva,0.16622594262064155,0.1109
German Bazeev,0.9742786161750473,0.9978
German Spata,0.882531094136897,0.951
Germán Della Morte,0.23486796201080326,0.1814
Gerodot71,0.21499545258779432,0.1562
Gerson Príncipe,0.5600133091551293,0.6156
Gevorg Harutjunyan,0.85334022735106,0.9302
Gianmarco Leiva,0.8975414493947117,0.9636
Giannis Kalogeris,0.3040478717930761,0.2686
Giga Quparadze,0.6564030353107965,0.7354
Gil Popilski,0.6978417047463032,0.7829
Gilbert Elroy Tarigan,0.9783517605829678,0.9989
Giorgio Belli,0.6051499468570759,0.675
Giovanna Arbunic Castro,0.31735506679593417,0.2842
Giovanni B Tavares Da Silva,0.4695060713160434,0.4801
Giovanni Marchesich,0.32055846673101296,0.2891
Girish Koushik,0.8584202078072533,0.9328
Gisela Roque Sola,0.4925489754359929,0.5199
Giulia Sala,0.18039755572218352,0.1224
Gizem Olcayoz,0.40307372223793775,0.3874
Glaucio Cella,0.5971139550547688,0.6649
Gleb Dudin,0.35286454379511534,0.3269
Glek_Igor,0.5386111117487689,0.584
Gloomy_Wanderer,0.7745398599523542,0.8612
Gnel Melikyan,0.9111246440923484,0.9685
Goltsev Dmitry,0.6845843073131648,0.767
Gonzalo Navarrete,0.3034891886377873,0.2679
Graham Horobetz,0.6265661436465514,0.6987
Grayson Rorrer,0.1931997253203026,0.1314
Greg Shahade,0.6954028342630898,0.7807
Grigor Dilanyan,0.21698064039584913,0.1596
Grigor Grigorov,0.9427740957223216,0.9852
Grigoriy Oparin,0.6997933080336728,0.7852
Grigoriy Sharankov,0.8960415079379838,0.9625
Grigory Seletsky,0.5220572900158592,0.5599
Grzegorz Kopacz,0.2675777620740101,0.2226
Grzegorz Nasuta,0.8795612088957565,0.9481
Grzegorz Toczek,0.4883167584040865,0.5165
Guadalupe Montano Vicente,0.7601299148733925,0.8482
Guerau Masague Artero,0.7035890773173353,0.7918
Guillermo Baches Garcia,0.5707222207609418,0.6275
Guillermo José Llanos,0.33830363754263765,0.3061
Gukesh D,0.19598290922672418,0.134
Guliskhan Nakhbayeva,0.5916085998322298,0.6568
Gulrukhbegim Tokhirjonova,0.1800678641146614,0.1221
Gumersindo Fernandez Garcia,0.5472131333698822,0.5963
Gunay Mammadzada,0.13398336898324664,0.0816
Gunnar Lund,0.49188549369675927,0.5187
Gustavo Eduardo Nunez V,0.40248240726499357,0.3863
Gustavo Horokoski De Souza,0.40214428216834247,0.3855
Gyula Pap,0.9727611497278132,0.9974
HRVOJE FAJDETIĆ,0.5337613082416677,0.577
Haik Martirosyan,0.6867089402398409,0.7703
Hajiyev Kanan,0.8417021084799042,0.9221
Halldor Gretar Einarsson,0.3495233475368235,0.3236
Halsagar Chincholimath,0.37842720113890593,0.3581
Hamed Wafa,0.6922352931274871,0.7766
Hamidreza Ebrahimi Herab,0.3240134558558438,0.2917
Hampus Sorensen,0.6260664989715257,0.698
Han Schut,0.6247445118539118,0.6961
Hanna Wesołowska,0.25644040012661773,0.2108
Hans Niemann,0.8422224273078689,0.9236
Haowen Xue,0.9778064441152022,0.9985
Harald Schmidt,0.7503105107688566,0.8371
Harika Dronavalli,0.9090654499517447,0.967
Harold Wanyama,0.4182380481735432,0.4093
Harry Cun,0.2525205541378682,0.2052
Harry Grieve,0.3986426945454577,0.3822
Harsha Bharathakoti,0.8734495196359273,0.9417
Harshavardhan GB,0.4596563071413528,0.469
Harshin Reddy Jagirapu,0.3333610687951464,0.3024
Hasan Atis,0.37397914999625753,0.3514
Havard Haug,0.7889435664437819,0.8776
Hayk Yeritsyan,0.8054988643226967,0.8942
HeartAblaze,0.8218399742874706,0.9083
Heinz Georg,0.45110042715743137,0.4557
Henning Holinka,0.2026761395960198,0.1414
Henrik Cernov,0.1601166706892878,0.1046
Henrique Barbosa Veloso,0.3662840621301095,0.3391
Henrique M A Albergaria Paiva,0.14546984106464048,0.0935
Henry Deng,0.24832781711156757,0.2011
Henry Roger Lopez,0.43608322877278527,0.4334
Henryk Seifert,0.762698945835915,0.8527
Hernan Ramon Filgueira,0.37674391800109347,0.354
Hikaru Nakamura,0.6902972657359242,0.7748
Hoang Thi Bao Tram,0.05767127683297697,0.0163
Hong Anh Nguyen,0.4400013737843362,0.4397
Hovik Hayrapetyan,0.6907503449295106,0.7751
Hrant Melkumyan,0.8467453472393192,0.9258
Hubert Zieba,0.7411956777129096,0.8286
Hugo Guillemette,0.3067603562067287,0.2735
Hugo Wernberg,0.8016118745611251,0.8909
Hui Li,0.9349803651646236,0.9829
Humberto L. Blanco Ronquillo,0.717957284559729,0.8085
Huseyin Said Deveci,0.2495089016580093,0.2026
Héctor Elissalt Cardenas,0.6848322267152828,0.7673
IULIAN NECULA,0.23852648270000337,0.1885
Ian Dzhumagaliev,0.6093756221406755,0.679
Ian Harris,0.23030535953510353,0.1744
Ian Nepomniachtchi,0.4874777094203365,0.5139
Ian Ocampos,0.33696524333006905,0.3058
Ieuan Ward,0.43614001659813173,0.4341
Ignacio Gago,0.22270608222259317,0.1655
Ignacio Sainz Aguirre,0.6404890391544114,0.7128
Igor Bjelobrk,0.8263199018355454,0.9117
Igor Da Paz Palácio,0.7298456727561723,0.8174
Igor Gulkov,0.9280353297932276,0.9788
Igor Janik,0.7013319231298032,0.787
Igor Kovalenko,0.7045795362901146,0.7933
Igor L. Vakhlamov,0.8448035063032056,0.9247
Igor Lutz,0.42881727336071307,0.4234
Igor Lysyj,0.9561877729438806,0.9907
Igor Miladinovic,0.48445353560135124,0.5076
Igor Vershinin,0.21026006080388968,0.1499
Igor Wilk,0.72423853516048,0.8115
Ihor Samunenkov,0.6797973183598172,0.7618
Ihor Vypkhaniuk,0.9210355759718942,0.9748
Ilamparthi A R,0.01553216283051535,0.0004
Ilan Schnaider,0.09492744391732957,0.0468
Ilan Vardi,0.31958990520042263,0.2879
Ildar Idrisov,0.43858167104400414,0.4367
Ilija Stanojevic,0.4423478031816949,0.4434
Ilja Biriukov,0.14370458428164973,0.0917
Ilja Haitin,0.6866047426675767,0.7699
Ilja Sirosh,0.7721260928653945,0.8586
Iljya Grigorjev,0.5260306940851066,0.5666
Ilya Gruzman,0.4305412899206168,0.4271
Ilya Gutkin,0.9177659339742684,0.9722
Ilya Khakhinov,0.5638286411092348,0.6208
Ilyass Msellek,0.07619832613755859,0.0293
In Hei Henry Ho,0.2992165565567794,0.2623
In Vau,0.4035963489297081,0.3878
Inayat Bolat,0.062107089543805005,0.0189
Ind1anStar-inactive,0.14504490789291807,0.0928
IndianGrandmaster13,0.471407916667366,0.4839
Indy Southcott-Moyers,0.774673795144025,0.8631
Inigo Riveiro,0.6767651459334247,0.7584
Iniyan P,0.47233742969724923,0.4861
Ioan Rees,0.7784700445386219,0.8675
Irene Sukandar,0.21328026386418228,0.1547
Irina Bulmaga,0.24636200792469376,0.1978
Irina Mikhaylova,0.9237475193483897,0.9751
Irina Petrova,0.2701609951147307,0.2271
Isaac Chiu,0.33620616467461756,0.3043
Isaak Parpiev,0.39723825989054645,0.3788
Isabelle Tamarozi,0.4739710281523982,0.4876
Isak Storme,0.5200704759430124,0.5577
Isaque Goncalves Santos,0.46688005295496804,0.4776
Ishvi Aggarwal,0.2780530356998755,0.2393
Ismael Gimenez,0.057036568345899395,0.016
Ismayil Shahaliyev,0.8761433389597647,0.9458
Israel Caspi,0.6047107956197915,0.6742
Isuru Alahakoon,0.5107782424627917,0.5451
Italo Romero,0.2442831695318651,0.1941
Itay Sitbon,0.5888439071041712,0.6527
Itgelt Khuyagtsogt,0.9474503505351702,0.9881
Iulian-Ioan Taras,0.6514716771653617,0.728
Iung Alicio de O. Pinheiro,0.24654329137628572,0.1981
Ivan Aldokhin,0.38803965084727127,0.3673
Ivan Andrade,0.25849208609639407,0.2134
Ivan Ivanisevic,0.661209994372044,0.744
Ivan Kalajzic,0.6259475962135939,0.6976
Ivan Kochiev,0.19798091488284764,0.1377
Ivan Krylov,0.4700820764583399,0.4805
Ivan Kubatko,0.7110155014841134,0.8011
Ivan Martic,0.4412002329945716,0.4412
Ivan Mezentsev,0.40846446242266266,0.3974
Ivan Paquico Rodriguez,0.44579557222457405,0.4479
Ivan Povshednyi,0.8255258535678163,0.9113
Ivan Provotorov,0.7085307639114389,0.7978
Ivan Stankovic,0.5848742440183059,0.6442
Ivan Vihor Krsnik Cohar,0.8211849816785903,0.908
Ivan Yeletsky,0.8303168214220206,0.9147
Ivan Zemlyanskii,0.4417996911650876,0.4423
Ivashentseva Dominika,0.41896943833902844,0.4096
Iwo Godzwon,0.37260801532583415,0.3488
Iwo Karolczuk,0.05278434861149196,0.0141
J,0.30068248925278807,0.2646
Jaan Ehlvest,0.378144476984311,0.3577
Jacek Stachanczyk,0.3444648984585109,0.3158
Jack Mizzi,0.479705111630814,0.5002
Jack Rodgers,0.6201922600744376,0.6909
Jacob Dreelinck,0.23970741357947395,0.1896
Jacob Flynn,0.642460419846696,0.7143
Jacob Templen Grave,0.781009834216775,0.8701
Jacorey Bynum,0.5515431752228537,0.6019
Jacques Muller Luxama,0.14757137614097465,0.095
Jaime Rodriguez Santiago,0.0917188793156903,0.0442
Jaime Santos Latasa,0.89836026964757,0.9644
Jaime Vaglio,0.42149557775754243,0.413
Jaiveer Mahendru,0.07858927293655531,0.0312
Jaka Brilej,0.3977749880471674,0.38
Jake Darmanin,0.23782243473021505,0.1859
Jake Kleiman,0.6135733431623505,0.6816
Jake Shanty,0.4121822758040721,0.4022
Jakhongir Vakhidov,0.8805231749501916,0.9492
Jakob Leon Pajeken,0.6428510449193524,0.715
Jakob Postlmayer,0.84931146216827,0.9276
Jakob Weihrauch,0.514286932642255,0.5503
Jakub Borawski,0.08956043238296287,0.0416
Jakub Chyży,0.3446717727011256,0.3161
Jakub Fus,0.4618823369512709,0.4727
Jakub Kosakowski,0.14812500306705825,0.0954
Jakub Kusa,0.7233330024697364,0.8108
Jakub Luberanski,0.2847349574264336,0.2471
Jakub Pulpan,0.9442375589649046,0.9863
Jakub Seemann,0.23043294556462776,0.1748
Jakub Suder,0.2770156966116761,0.2386
Jaloliddin Ilkhomi,0.7597607183867041,0.8471
James Allen,0.3427201649923951,0.3124
Jan Boder,0.5652211839599411,0.623
Jan Enrique Zepeda,0.24237900240673288,0.1926
Jan Gustafsson,0.9260231472832166,0.9774
Jan Helmer,0.507611010756603,0.5406
Jan Jodilyn Fronda,0.8526659698330862,0.9299
Jan Klimkowski,0.5104484311955139,0.5443
Jan Kokoszczynski,0.5697592936797184,0.626
Jan Malek,0.5981484451994457,0.6668
Jan Marn,0.3909824042625394,0.3703
Jan Murawski,0.8178455627193429,0.9039
Jan Petr,0.32221383512075247,0.2902
Jan Roebers,0.4357458803741922,0.4327
Jan Subelj,0.7560323721828288,0.8445
Jan Zienkiewicz,0.09451641408641712,0.046
Jan-Krzysztof Duda,0.6029683760171666,0.6716
Jann-Christian Tiarks,0.6585813792296424,0.7384
Jarmo Hartikainen,0.8751934046202505,0.9447
Jaroslav Sobek,0.4919840430219602,0.5191
Jason Morefield,0.1048692318226823,0.056
Jasper Rom,0.798653993816822,0.8865
Javier Benitez,0.7073970915748554,0.7959
Javier Buenafé Moya,0.25902716060964875,0.2148
Javier Quispe Santacruz,0.5494442957183238,0.5989
Javier Ruiz Vazquez,0.13669585092055342,0.0846
Javohir Bozorov,0.3944621882818269,0.3748
Javokhir Sindarov,0.9689697319618931,0.9952
Jay Bonin,0.6162228422909887,0.6853
Jean Marco Cruz Mendez,0.11865621259873822,0.0686
Jean Meunier-Pion,0.23661377102028505,0.184
Jean-Christophe Martine,0.4075917331473321,0.3948
Jeet Jain,0.17240759024596236,0.1154
Jeevan Karamsetty,0.08087408470168549,0.0323
Jeff Quirke,0.5907756838783721,0.6553
Jeffery Xiong,0.79286266310291,0.8809
Jeffinho023,0.7695721201458663,0.8575
Jemal Ovezdurdyeva,0.215594539138664,0.157
Jennifer Perez Rodriguez,0.5436500392730792,0.5937
Jenny Astrid Chirivi Castiblanco,0.8825520659008952,0.9514
Jens Albert Ramsdal,0.47608886454447086,0.4931
Jens E Ingebretsen,0.5855713310227827,0.6453
Jens Hirneise,0.8364857446127137,0.9199
Jerzy Jesús Perez Leiva,0.34331600672586016,0.3143
Jerzy Slaby,0.8486570745828466,0.9269
Jesper Kjaergaard-Jensen,0.5371698064218317,0.5814
Jesper Lauridsen,0.5354011799872673,0.5792
Jesus Alberto Alcazar Jimenez,0.8579426110216352,0.9325
Jesus Martin Duque,0.3471456244379299,0.3195
Jesús Alberto Coca Cubillos,0.15803944939984177,0.1032
Jesús Manuel Vargas Pereda,0.40793843663926205,0.3963
Jia Haoxiang,0.617733880875758,0.6872
Jiner Zhu,0.39604734012873694,0.377
Joa Max Bornholdt,0.20494963347613523,0.1451
Joachim Mouhamad,0.6440265819761436,0.7169
Joakim Nilsson,0.3768883629533212,0.3544
Joao Avalos,0.1344291867785322,0.082
Joao Batista Dias,0.2687496619942113,0.2234
Joaquin Fiorito,0.055422096448103766,0.0152
Joaquin Rodrigo Jimenez,0.2154061427444983,0.1566
Joey Grochal,0.5245382074605813,0.5647
Johan-Sebastian Christiansen,0.05816431763955311,0.0167
Johann Hjartarson,0.29147234455733645,0.2542
John Bartholomew,0.6626065133928912,0.7458
John Curtis,0.791517872410809,0.8801
John Funderburg,0.4859228669880844,0.5091
John Merriman,0.39248836937350084,0.3725
John S. White,0.19523617161750176,0.1325
Johnathan Bakalchuk,0.20992372039072887,0.1492
Jonah Willow,0.16744749964835984,0.1117
Jonas Bjerre,0.8201308553791936,0.9065
Jonas Eilenberg,0.5994473339376402,0.669
Jonas Gallasch,0.45390350586955525,0.459
Jonas Wyss,0.624658731872348,0.6957
Jonathan Blackburn,0.6654384435994484,0.7484
Jonathan Dourérassou,0.18042156754805844,0.1228
Jonathan Hrach,0.42456241398438516,0.4174
Jonathan Pein,0.5649879778563639,0.6223
Jonathan Subervi,0.08872878837666136,0.0397
Jonathan Yedidia,0.3914587297463285,0.3711
Jonny Cueto,0.20792009538631667,0.1466
Jorden Van Foreest,0.8488463251756972,0.9273
Jorge Carlos Antonio,0.5773107228414723,0.6371
Jorge Soto Vega,0.4065428013227135,0.3937
Jose A. Hernandez Izquierdo,0.49942766158148927,0.528
Jose Antonio Garrido Diaz,0.29839991350804956,0.2609
Jose Antonio Herrera Reyes,0.10885240874750028,0.0601
Jose Camacho Collados,0.6641679533349993,0.7473
Jose Esteban Marin Masis,0.38097973584376377,0.3607
Jose Felix Calvo Gonzalez,0.5499478946343533,0.5996
Jose Fernando Cuenca,0.8072001943193067,0.8961
Jose Gabriel Cardoso,0.7266193499819058,0.8141
Jose Garcia Molina,0.24132119756444625,0.1918
Jose Guilherme Barria Santos,0.2565154452659907,0.2115
Jose Javier Gonzalez Castillo,0.4026258377802015,0.3866
Jose Martinez,0.7453056384164156,0.833
Jose Rafael Gascon,0.7665954218357962,0.8564
Josefine Heinemann,0.5550070849421456,0.6074
Josep Lacasa Diaz,0.7762001041876767,0.8649
Josep Ruscalleda,0.2187403383210939,0.1618
Joseph Bellissimo,0.06657528943035072,0.0208
Joseph Girel,0.09842850111674031,0.0497
Joseph Levine,0.3800149134929559,0.3592
Joseph Zeltsan,0.22275243724309193,0.1659
Joshua Colas,0.5103136195345338,0.544
Josue Araujo Sanchez,0.2386648532699013,0.1889
José Carlos Ibarra Jerez,0.6684899340252164,0.7506
José Francisco Veiga,0.5615296495173046,0.6174
José Remolar,0.2649588430681991,0.2208
José Renato Ruiz Maranhão,0.4756377264127341,0.4917
Jovana Srdanovic,0.20531524288945108,0.1455
Joy Romany,0.48281006561393136,0.5058
JozefKneht,0.24453864002535614,0.1944
Juan Alberto Gomez Aguirre,0.6979856162614719,0.7837
Juan Antonio Urbina Perez,0.7659234526087525,0.8553
Juan Carlos Mesa Cruz,0.5316818987405116,0.574
Juan Carlos Ricaurte Lopez,0.6511732842969687,0.7276
Juan Cruz Arias,0.2236972517376345,0.1677
Juan David Becerra Morales,0.8091920420524493,0.8972
Juan David Lopez Perdomo,0.18423126186760191,0.1269
Juan Fernando Aguilar Novoa,0.684179201226247,0.7659
Juan Manuel Aranda,0.2769074065770717,0.2382
Juan Manuel Garcia Almaguer,0.5850316530097386,0.6449
Juan Pablo Demaría,0.45523383376298004,0.4605
Juan Rottenwohrer Suarez,0.7474431325140979,0.8345
Juan Sebastian,0.23640345068832738,0.1833
Juan Sebastian Melian,0.36474307809744605,0.3377
Judah Nathan Levitan,0.340740223781708,0.3102
Jude Shearsby,0.17199608039740713,0.1147
Jules Moussard,0.5040985686247128,0.5354
Julia Elizabeth Sloan,0.20833737621511564,0.1473
Julia Tsukerman,0.22029305032407503,0.1629
Julian Antonio Rojas Alarcon,0.3056132415208608,0.2709
Julian Colville,0.48237270556169937,0.5046
Julian Estrada,0.9456609448206219,0.987
Julien Dubreuil,0.5607127187723997,0.6163
Julio Antonio Hernando Rodrigo,0.5408689956313693,0.5874
Julio Cesar Diaz Rosas,0.1416511748022687,0.0898
Jun Ying Tan,0.17691993378177734,0.1199
Jun Zhao,0.8328455534234024,0.9158
Jung Min Seo,0.5408688132661134,0.587
Junior Tay,0.2689400652235693,0.2245
Justin Blackman,0.052457453518642574,0.0137
Justin Chen,0.7788844289623815,0.8683
Justin Liang,0.5921302535055244,0.6575
Justin Sarkar,0.659701914692874,0.7403
Justin Storm,0.25341559970104377,0.2067
Justo Reinaldo Chemin,0.6549091752531663,0.7325
Jéssica Trindade Hubner,0.24119597085953734,0.1915
József Mátyás Herpai,0.16703593025350438,0.1113
K Priyanka,0.6562600100968743,0.7347
Kaan Kucuksari,0.5623788894055922,0.6189
Kaan Ozcan,0.37698156171549074,0.3547
Kacper Drozdowski,0.7024711895470589,0.7892
Kacper Karwowski,0.8859352643493894,0.9551
Kacper Piorun,0.10926737924449045,0.0605
Kacper Polok,0.438605628012832,0.4371
Kacper Tomaszewski,0.755441936874593,0.8438
Kacper Ugorek,0.4519398522538042,0.4571
Kadir Soria Delgado,0.7028649116562391,0.7904
Kaganskiy Gleb,0.619459055631072,0.6894
Kaiser Luiz Mafra,0.33958377509937754,0.3087
Kaivalya Sandip Nagare,0.48638964436393134,0.5121
Kalyani Sirin,0.4662086227401363,0.4772
Kamal Aghasiyev,0.7522437173577703,0.8401
Kamil Warchoł,0.592294145028349,0.6579
Kanishka Bhatia,0.14858443951055741,0.0957
Karina Ambartsumova,0.5980679264254791,0.6664
Karina Ivanova,0.6843677004840677,0.7666
Karl Bowden,0.6436040909530165,0.7161
Karl-Emil Elmer Nielsen-Refs,0.3478181072603538,0.3206
Karol Kucza,0.7607584239011376,0.8497
Karsten Hansch,0.7259625674801274,0.8134
Karsten Schulz,0.8522562627046681,0.9291
Karsten Schuster,0.6190949745769128,0.6891
Karthik Rajaa,0.673118945347117,0.7551
Karthikeyan Murali,0.6940084856908404,0.7777
Kashish Jain,0.7774685886748778,0.8668
Kaspar Kappeler,0.2230251674934495,0.1662
Katarzyna Dwilewicz,0.685466956817717,0.7681
Kateryna Lagno,0.5428289075931679,0.5915
Katharina Reinecke,0.327450046090134,0.2942
Kaua Marques Silva,0.2125576299123368,0.1529
Kavyev_Ruslan,0.5962933011588801,0.6638
Kayden Troff,0.6665564294874893,0.7495
Kazybek Nogerbek,0.7578281235858615,0.8449
Keaton Kiewra,0.6451220079839903,0.7202
Keith Jeffrey Khumalo,0.17156764706665437,0.1139
Kelsey Liu,0.3607269098214513,0.3332
Kelvin Sánchez,0.6568580760135163,0.7362
Kemal Bashirov,0.32474959929877634,0.292
Kemel Antonio Gallo García,0.5161979190068047,0.5536
Ken Arnold,0.8093210081711437,0.8976
Kerem Tinmaz,0.8435125468295949,0.9239
Kerry Stead,0.3965022154316272,0.3777
Ketevan Arakhamia-Grant,0.34238253965389653,0.3121
Keti Tsatsalashvili,0.1607454256457291,0.1054
Kevin Bordi,0.76369989455351,0.8538
Kevin Chor,0.08912674899826592,0.0404
Kevin Cupid,0.3615407622357691,0.334
Kevin Davidson,0.5759659489933144,0.636
Kevin George,0.5838656824776567,0.6434
Kevin Joel Cori Quispe,0.3693876888334126,0.3432
Kevin Noboa Silva,0.55346092417517,0.6048
Kevin Yang,0.5004639200682514,0.5299
Khagan Ahmad,0.818768204000731,0.9046
Khumoyun Begmuratov,0.3709111323195066,0.3455
Kiborg95,0.5304649876081349,0.5729
Kim Sergey,0.2524240187831627,0.2048
Kim Yew Chan,0.38883694160565085,0.3692
Kingsman132,0.5821370483234665,0.6423
Kiren Vivek Nasta,0.47179281400372364,0.485
Kirill Alekseenko,0.3718843128886845,0.3473
Kirill Klukin,0.687230002726521,0.7707
Kirill Kotlyar,0.11243312455109296,0.0631
Kirill Kozionov,0.6013695117590581,0.6701
Kirill Kuderinov,0.336687775729117,0.305
Kirk Ghazarian,0.7151753151000009,0.8048
Kjell Petersson,0.15590201552064403,0.1006
Klementy Sychev,0.4244270292852822,0.4171
Klendi Zeneli,0.3300061057754779,0.298
Kler Çaku,0.270372592665056,0.2282
Klára Kovács,0.1557666275473954,0.1002
Koen Leenhouts,0.8836319222933963,0.9529
Komal Kishore Pothuri,0.4769444626136602,0.495
Konstantin Bazarov,0.3111983744173479,0.2776
Konstantin Begunov,0.6309995797988902,0.7058
Konstantin Borsuk,0.7339494422489686,0.82
Konstantin Egorov,0.27209691625619853,0.2312
Konstantin Garagulya,0.6516512944036245,0.7284
Konstantin Loy,0.8946526057242596,0.9614
Konstantin Popov,0.7903573131126549,0.8787
Konstantinos Markidis,0.7550702356621135,0.843
Konstnatin Andreev,0.12131457012962779,0.072
Koorosh Bahmani,0.25950590507993426,0.216
Koosha Jaferian,0.4839856527511005,0.5072
Korun Gulamirian,0.3254161626489219,0.2924
Kosma Pacan-Milej,0.8591607453115475,0.9332
Kostya Kavutskiy,0.45694398940100855,0.4631
Krikor Sevag Mekhitarian,0.891260471964873,0.9599
Krishna Nathan,0.1447098681835128,0.0924
Kriti Patel,0.11829253017199995,0.0679
Krzysztof Budrewicz,0.4685941006496779,0.479
Krzysztof Jakubowski,0.10584066094786779,0.0568
Kshatriya Vekhande,0.5983344171888181,0.6672
Kuzmicz Krystian,0.13929827509852136,0.0865
LUIS MIGUEL FLORESVILLAR,0.5902406294638712,0.6545
Ladislav Langner,0.840056455370234,0.9217
Lagmantr,0.7083662071722875,0.7974
Lakshmi C,0.250392673680294,0.203
Lala Huseynova,0.29357126828683655,0.2571
Lamine Brahami,0.33175442000727123,0.3002
Lars Andreassen,0.38082294129927174,0.3603
Laura Viñolas,0.14942316226352634,0.0961
Laurin Jahnz,0.5858788919040138,0.646
Lawrence Trent,0.7045949498285549,0.7937
Lazaro Lorenzo De La Riva,0.3383943076543613,0.3065
Le Thao Nguyen Pham,0.9193251058394567,0.9744
Leancy Beatriz Fernandez Bustamante,0.18299335319697424,0.1258
Leandro Formes De Arruda,0.32716462569309945,0.2939
Leandro Jiménez,0.6998071655563469,0.7855
Leandro Krysa,0.6685692445026873,0.751
Lefong Hua,0.6142272061506417,0.682
Leinier Dominguez Perez,0.6295917644784718,0.7024
Lenaerts Lennert,0.8663994490231135,0.9373
Lenin Guerra Tulcan,0.7661330246384456,0.856
Lenka Ptacnikova,0.4463938767667324,0.4486
Lennis Martinez Ramirez,0.6532430902345052,0.7299
Leo Crevatin,0.6147560533167093,0.6831
Leo Valle Luis,0.035149317753279626,0.0071
Leon Livaic,0.78860816580687,0.8772
Leon Luke Mendonca,0.4116877333420209,0.4015
Leon Mazi,0.3880243495978581,0.367
Leonardo Duarte,0.4194417697952263,0.4108
Leonardo Tristan,0.9087707845252575,0.9666
Leonardo Valdés,0.4274565058050778,0.4212
Leonardo Vincenti,0.2760197606383578,0.2371
Leonid Guerb,0.5758199797616393,0.6353
Leonid Nozdrachev,0.6216036738551629,0.6924
Leonid Sokolin,0.6863892183292093,0.7696
Leonid Starozhilov,0.9318091083049345,0.9814
Leslie Carolin Torres Hernandez,0.6147315709167707,0.6827
Lev Zverev,0.024187917187724596,0.0033
Levan Pantsulaia,0.3152097152391048,0.2805
Levente Miszler,0.16453807933753536,0.1095
Levon Aronian,0.5223909708158719,0.5614
Levy Rozman,0.3607883956063488,0.3336
Lewis Martin,0.46198097893259604,0.4731
Liam Baruch,0.4099577332406999,0.3993
Liam Putnam,0.32669196664225236,0.2935
Lianet Diaz Garcia,0.5346477642460664,0.5777
Licael Ticona,0.7450538344681545,0.8327
Liem Le,0.838121932706685,0.921
Lile Koridze,0.13987317246759934,0.0876
Lilia Fuentes,0.5488151313072395,0.5981
Lilit Mkrtchian,0.5739104153033063,0.6319
Lily Jeanette Duarte Cramer,0.40808087642203555,0.397
Linus Olsson,0.4991424203813984,0.5276
Linxi Zhu,0.33094271975964595,0.2994
Liwia Jarocka,0.5816647052925108,0.6412
Liya Kurmangaliyeva,0.10035406474113442,0.0519
Loay Sameer,0.16057235912304968,0.105
Logan Clark Shafer,0.6426552972726524,0.7147
Logman Guliev,0.37786089876513385,0.3573
Loic Travadon,0.10281147501897217,0.0538
Looi Xin Hao,0.5393878648613507,0.5859
Lorenzo Perea Fruet,0.30469852724835655,0.2694
Loris Tavernier,0.32884897205652347,0.2968
Lovro Novosel,0.23794458666855492,0.1863
Lubov Markelova,0.5808993496600114,0.6404
Luca Albertini,0.24470804154639642,0.1948
Luca Ernst,0.5100289680543388,0.5432
Luca Moroni Jr,0.681111002892721,0.7629
Luca Silva,0.11440223078124392,0.0653
Luca Suvorov,0.46051709849001793,0.4701
Lucas Aguiar Cunha,0.23985268089051037,0.19
Lucas Aparecido Oliveira Dos Santos,0.3709325126583717,0.3458
Lucas Cumpe,0.703636708774082,0.7922
Lucas DI NICOLANTONIO,0.37372590521032695,0.351
Lucas Do Valle Cardoso,0.3981640183569463,0.3811
Lucas Foerster-Yialamas,0.3149066642769525,0.2801
Lucas Liascovich,0.8161791245185906,0.9024
Lucas Pereira Mendes Da Silva,0.17556483642082116,0.1187
Lucas Ranaldi,0.6070374294961114,0.6776
Luciano Justi Antunes,0.40099657473817285,0.3837
Lucius Melillo,0.7983116886367402,0.8861
Ludvig Carlsson,0.9764679323160692,0.9981
Luis David Jimenez Almeida,0.24172563286152898,0.1922
Luis Eduardo Ballester Llagaria,0.6842811261472111,0.7662
Luis Enrique Valle Maytin,0.19541942895165493,0.1328
Luis Eusebio Oro,0.06286969542802985,0.0197
Luis Fernández Siles,0.3428880769711511,0.3132
Luis Galego,0.5794404243370769,0.639
Luis Guillermo Antúnez Soler,0.3785770865586544,0.3584
Luis Manuel Perez Rodriguez,0.4476510760491285,0.4501
Luis Roque,0.5751523817470336,0.6338
Luiz Araujo,0.2248956345686898,0.1688
Luka Paichadze,0.09312414512685206,0.0449
Lukasz Jarmula,0.49593815795188156,0.5239
Lukasz Swiatlowski,0.21415376022169846,0.1555
Lázár Mátyássy,0.778953353861346,0.8686
MF Pablo Alexander Ruiz Aguilar,0.43609655807671716,0.4338
MI Marcelo Playa,0.33531163389514684,0.3035
MIJuanReyesRosa,0.4914800690947193,0.5184
MN Vinicius Saito,0.29316953521483147,0.2564
MYMChessAcademy-inactive,0.13628808356244695,0.0835
Maciej Czopor,0.5907989605095824,0.6557
Maciej Klekowski,0.03880704927051006,0.0085
Maciej Sroczyński,0.2140721133820259,0.1551
Maciej Świcarz,0.2716668717553115,0.2308
Madara Golsta,0.2712343942402696,0.2301
Mads Vestby-Ellingsen,0.619775172545457,0.6902
Maftuna Bobomurodova,0.25876162854324225,0.2137
Magnus Carlsen,0.9476519572451769,0.9885
Mahammad Muradli,0.5887502148593102,0.6519
Mahdi Gholami Orimi,0.2011173213985364,0.1403
Mahel Boyer,0.6951305764407517,0.7792
Mahmoud Alhadad,0.6983010463954098,0.784
Mai Narva,0.6380077283061777,0.7109
Maka Purtseladze,0.7817197761536516,0.8709
Maksim Chigaev,0.8786414993118921,0.9477
Maksim Ivannikov,0.1746702197291427,0.118
Maksim Tsaruk,0.6999170626246887,0.7859
Maksim Volkov,0.20405418687787172,0.1432
Maksim Zhukov,0.4879648158956359,0.5161
Maksims Golubovskis,0.24820280359622243,0.2007
Maksym Dubnevych,0.19561901783348573,0.1332
Maksym Goroshkov,0.6562802965775842,0.7351
Maly Alexey,0.15520734316738147,0.0994
Malyi Viacheslav,0.7718182140296634,0.8579
Mamedov Edgar,0.5407907696905573,0.5866
Mamikon Gharibyan,0.7808431650151978,0.8698
Manoj Mishra,0.36692854305895783,0.3406
Manolache Marius,0.5723165263159448,0.6304
Manuel Petrosyan,0.87245714755765,0.941
Manvel Arakelyan,0.318580457538704,0.2868
Marat Denishev,0.5621209777739925,0.6186
Marat Gilfanov,0.5376140501719331,0.5822
Marc Balague Camps,0.08867326970675565,0.0393
Marc LLari,0.55650319907684,0.6082
Marc Lonoff,0.4498682694448183,0.4534
Marc Morgunov,0.749985781700745,0.8367
Marcel Beulen,0.8864150837190365,0.9558
Marcel Petersen,0.7628280526106671,0.8534
Marcel Winkels,0.2377037358905568,0.1855
Marcell Szabo,0.5877607520573079,0.6494
Marcelo Jorquera,0.5441233140103765,0.5941
Marcelo Villalba,0.24279472668877222,0.1933
Marcin Krzyżanowski,0.6272584324734284,0.6998
Marcin Molenda,0.19834278223474774,0.138
Marcin Sieciechowicz,0.8837444644208297,0.9532
Marco Cattaneo,0.4851633540809293,0.5083
Marco Cordeiro,0.41182979920383483,0.4019
Marco Dobrikov,0.1173528473082845,0.0675
Marco Lantini,0.37112041832600495,0.3462
Marco Materia,0.1959063051931465,0.1336
Marco Riehle,0.6952088799672844,0.7796
Marcos Lianes,0.5870714825115474,0.6479
Marcos Rodriguez Fontecha,0.5146934147395017,0.5514
Marcos Vinicius Torsani,0.8028923673905313,0.892
Marcus Harvey,0.9303800339980988,0.9803
Marek Karas,0.8338097910864029,0.9176
Marek Pniaczek,0.25484082464048574,0.2093
Margarita Fakhretdinova,0.30096693777184824,0.2653
Margarita Novikova,0.29322196699515957,0.2568
Margarita Potapova,0.09521615849416162,0.0471
Margarita Zvereva,0.16152933479120074,0.1065
Maria Florencia Fernández,0.23495489478072845,0.1818
Maria Fominykh,0.6349917104633022,0.7083
Maria Gevorgyan,0.12622713255971035,0.0742
Maria Larina,0.11698638538385994,0.0672
Maria Teresa Jimenez Salas,0.6044100281381695,0.6731
Marianna Grineva,0.17156657970917272,0.1135
Mariano Ortega Amarelle,0.8639612558950601,0.9362
Marie Sebag,0.5181258843359374,0.5562
Mariia Berdnyk,0.1017905519677261,0.0531
Marina Korneva,0.3725157921669638,0.3481
Mario Andres Fernández Sánchez,0.6786706669976517,0.761
Mario Gavilán Díaz,0.07637737685856219,0.0297
Mario Sibilio,0.5502642620519039,0.6007
Marius Deuer,0.3090414721890972,0.2753
Marius Fromm,0.9109517381722728,0.9681
Mariya Yakimova,0.187793316617579,0.1291
Mark Biernacki,0.6387892641906243,0.7113
Mark Dejmek,0.4564703257494799,0.4623
Mark Josse,0.4079457832024588,0.3967
Mark Liubarov,0.8139533455732497,0.9006
Mark Smirnov,0.7997180491556174,0.8883
Mark Timmermans,0.5381221926057552,0.5833
Mark van der Werf,0.4789353069974439,0.498
Marko Jelcic,0.6807656429886051,0.7622
Marko Nenezic,0.23262110633730182,0.177
Marko Perestjuk,0.32835733699250935,0.2961
Marko Srebrnic,0.38545199864923096,0.3647
Markus Ragger,0.9589319216386057,0.9918
Marlon Javier La Villa Rivas,0.10336657340792983,0.0549
Marlon Jodar,0.6523224707916665,0.7295
Maroun Tomb,0.3433735542317411,0.3147
Martin Brüdigam,0.1950426960529648,0.1321
Martin Chlpík,0.5413314333327491,0.5889
Martin Holten Fiskaaen,0.5111823966232845,0.5455
Martin Horak,0.7626033446059146,0.8523
Martin Horcajuelo Rocamora,0.3152216801265605,0.2809
Martin Matthiesen,0.3438337396729797,0.315
Martin Mena,0.39808230468477457,0.3807
Martin Portero Rubio,0.4574018826091292,0.4646
Martyn Kravtsiv,0.7313821430113315,0.8189
Martyna Starosta,0.09194754127104451,0.0445
Marvin Guevara,0.22571506993592066,0.1703
Mary Kiseljova,0.37283809700273574,0.3492
Marya,0.4390049823143847,0.4386
Maryana Huda,0.5577608850419551,0.61
Masruri Rahman,0.7742947189352176,0.8609
Matan Prilleltensky,0.3925864429191284,0.3729
Matei-Valeriu Mogirzan,0.43889998382497275,0.4382
Matensien,0.8194068976770807,0.905
Mateu Boci,0.20066571751308748,0.1395
Mateus Costamilan Tomiello,0.21290571721106405,0.154
Mateus Felizardo Viageiro Alice,0.3716104190231067,0.3469
Mateusz Bartel,0.7476918870493308,0.8349
Mateusz Brozyna,0.637831353030031,0.7106
Matfey Rogov,0.07749174199785328,0.0304
Matheus Santos,0.28040193927082374,0.243
Mathias Womacka,0.6875444572489462,0.7711
Mathieu Ternault,0.8115556783839744,0.8991
Mathis Sabatier,0.5861099039869411,0.6464
Matias Jaque,0.511954060985787,0.5466
Matt Herman,0.280053172318187,0.2423
Matt Pon,0.349735801584823,0.3239
Matt Zavortink,0.6391941981786232,0.7117
Matthew Guo Diao,0.4299906332609251,0.426
Matthew O'Brien,0.4997880851642842,0.5284
Matthew Wadsworth,0.8880860885449471,0.9577
Matthia Bach,0.48701023606023613,0.5135
Matthias Bluebaum,0.9472535398585153,0.9878
Matthias Dann,0.6754904430059602,0.7577
Matthias Mattenberger,0.4246740987151084,0.4178
Matvey Galchenko,0.15435180113599528,0.098
Matyas Palczert,0.41678647315626743,0.4071
Matyáš Zeman,0.571555486079496,0.6293
Matías Mingo Fernández,0.4506646485468068,0.4553
Matías Pérez Gormaz,0.6603734402911294,0.7417
Mauri Lehtosaari,0.8723747668262838,0.9399
Maurizio Brancaleoni,0.8635322652492843,0.9358
Max Chen,0.4477032381715511,0.4505
Max Warmerdam,0.6922746686937777,0.777
Maxi Perez,0.3527153176998179,0.3265
Maxim Gavrilov,0.21623244939634928,0.1581
Maxim Lugovskoy,0.4279201545043648,0.4219
Maxim Matlakov,0.26537330125838815,0.2212
Maxim Novik,0.7727560649596996,0.8597
Maxim Omariev,0.23636327793107942,0.1826
Maxim Ventura,0.3037263640516129,0.2683
Maxime Lagarde,0.8417942177504429,0.9224
Maxime Vachier-Lagrave,0.8419241227030749,0.9232
Maximilian Mostbauer,0.7397938124874923,0.8271
Maximiliano Rossi,0.7417825054036505,0.8293
Maya Porozhnyak,0.4669430105921647,0.4779
Mayank Chakraborty,0.5709940928001181,0.6286
Md Bashiq Imrose,0.5757765761351546,0.6349
Md Jamal Uddin,0.4530988878601544,0.4583
Medet Dzhaparov,0.651913542159706,0.7291
Medina Paz Miguel 1968,0.25471987905403154,0.2082
Mees van Osch,0.8164654766597879,0.9028
Megan Althea Paragua,0.5594770714219598,0.6137
Meilis Annaberdiev,0.7190527320912534,0.8096
Melih Kaan Can,0.5322084040550779,0.5751
Melih YURTSEVEN,0.5251791302388391,0.5655
Melika Mohammadi,0.7385077656677435,0.8249
Meri Arabidze,0.5890520887084155,0.6538
Meri Grigoryan,0.6306227075083868,0.7043
Mert Acikel,0.42903547495714667,0.4237
Mert Erdoğdu,0.10759589274585571,0.0586
Michael Buscar,0.4500335954664859,0.4545
Michael Concio Jr.,0.8767100959242147,0.9462
Michael Fernandez,0.5434396257942364,0.5929
Michael Klenburg,0.3745148863170344,0.3521
Michael Kotyk,0.4755478606679075,0.4913
Michael Song,0.6878309333330235,0.7714
Michal Fiedorek,0.2848058776744742,0.2475
Michal Fudalej,0.23352978766198712,0.1788
Michal Koziorowicz,0.4790049283858944,0.4983
Michal Mazurkiewicz,0.7100477640654577,0.8
Michal Provaznik,0.12895553093013076,0.0764
Michal Redzisz,0.3591463048032314,0.3317
Michal Tworuszka,0.6164644321638699,0.6857
Michalina Rudzińska,0.09707234649756498,0.049
Michał Bartel,0.22766537236604317,0.1718
Michał Kopczyński,0.16158791780546183,0.1069
Michał Walentukiewicz,0.22077404367904535,0.1633
Michel Alejandro Diaz Perez,0.5669881403864431,0.6249
Michel Bifulco,0.17431736738841672,0.1173
Michel Coto,0.4810010030099153,0.5024
Michel Samuel Lopez Abreu,0.43463909286467955,0.4308
Michel Saucey,0.2954125626453826,0.2583
"Michelle Catherina, P",0.5486685302418751,0.5978
Miguel Angel Marino,0.464849150322287,0.4757
Miguel Munoz,0.3063267687502312,0.272
Miguel Santos Ruiz,0.6511516321068882,0.7273
Mihael Ankerst,0.11460667413684662,0.0657
Mihai-Lucian Grunberg,0.7828083510424004,0.8731
Mihailo Djokic,0.4236467618012615,0.4156
Mihnea Costachi,0.5070637198174076,0.5391
Mika Karttunen,0.5273561486223303,0.5681
Mikayel Manvelyan,0.8231162377552845,0.9087
Mikayel Mkrtchyan,0.47198273857157824,0.4853
Mikayel Rostomyan,0.6266001056999904,0.6991
Mike Hehir,0.7383912567379121,0.8241
Mike Ivanov,0.7195325750014206,0.81
Mike Sailer,0.48615738643077355,0.5113
Mikelis Vingris,0.2984192048549468,0.2612
Mikhael Garakov,0.60542929092827,0.6753
Mikhail Antipov,0.5274328607392987,0.5685
Mikhail Bryakin,0.6542363264786337,0.7314
Mikhail Chernov,0.3385316872394417,0.3072
Mikhail Demidov,0.9185644686313692,0.9729
Mikhail Golubev,0.5290989600360338,0.5711
Mikhail Gusev,0.7907774416085069,0.879
Mikhail Kazakov,0.717817436374721,0.8082
Mikhail Kobalia,0.6026146938030601,0.6712
Mikhail Pesotskiy,0.7082301798759111,0.7967
Mikhail V. Kuznetsov,0.5316698642867321,0.5737
Mikhail Yashmetov,0.6174065768059996,0.6868
Mikkel Jacobsen,0.4928814265305503,0.521
Mikołaj Gbiorczyk,0.23323841509697313,0.1781
Milad Khodabandeh,0.448554488040127,0.4512
Milan Jocev,0.7129152839074656,0.8022
MillyNeuf,0.539039957783972,0.5852
Milos Milosevic,0.4875741441663406,0.5154
Milton Pantzar,0.744837362366194,0.8323
Mina Wael Sabry,0.42065986798262084,0.4115
Miran Oganian,0.2736757779660651,0.2341
Miras Assylov,0.20143501254515966,0.1406
Miroslav Simonovic,0.5881892651278416,0.6508
Mirosław Lewicki,0.08671021468610435,0.0375
Mitch Fishbein,0.9338661806338943,0.9826
Mitrabha Guha,0.485954003041367,0.5095
Miłosz Szpar,0.31807316078816283,0.2857
Mladen Gajic,0.4704241681028229,0.4816
Mobina Alinasab,0.4430658290089931,0.4449
Mohamed Anees M,0.30784282388168893,0.2742
Mohamed Ezat,0.42340211539881656,0.4145
Mohamed Haddouche,0.3277978920673898,0.2946
Mohamed Nouali,0.33942474082962887,0.3083
Mohamed Salem Yahi,0.18625677189017828,0.1284
Mohammad Fahad Rahman,0.07116437593770553,0.026
Mohammad Mohammadian,0.44460334509478344,0.446
Mohammadhossein Shamsi,0.1570787889633404,0.102
Mohammed Seder,0.41134447114857486,0.4004
Mohsen Gabr,0.2165428289102202,0.1588
Moksh Amit Doshi,0.6020186914978227,0.6705
Momchil Petkov,0.4962254471390716,0.5247
Monika Marcińczyk,0.4891633653139943,0.5173
Moritz Weishäutel,0.75050553167164,0.8375
Mostafa Sakhaei,0.5967096226877483,0.6642
Mounika Akshaya Bommini,0.48658629405466786,0.5124
Mr. Sai Han Thiha,0.796992169936414,0.8839
Mrudul Dehankar,0.2347432468759023,0.1811
Muhittin Büker,0.3086624216326771,0.275
Mukhammadali Abdurakhmonov,0.47525150040195585,0.4898
Mukhammadzokhid Suyarov,0.5208552596110069,0.5588
Mukhiddin Madaminov,0.5845119236906413,0.6438
Munkhgal Gombosuren,0.5693225110076353,0.6256
Murad İbrahimli,0.7393693728809733,0.8263
Mustafa Yilmaz,0.4685533509648313,0.4787
Mykhailo Shinkarev,0.3476481445252469,0.3202
Mykhaylo Kepeshchuk,0.7013424066967431,0.7874
Mykola Bortnyk,0.7907927766982965,0.8794
Mykola Korchynskyi,0.10974538777719238,0.0609
Myroslava Hrabinska,0.5088365089606158,0.5421
Máté Gyenes,0.26546811758264804,0.2215
Nad Titus Petre,0.7189917557908758,0.8093
Nadezhda Antonova,0.29743901528361194,0.2601
Nadezhda Kostina,0.4715203406226708,0.4842
Nadya Toncheva,0.46250070008526356,0.4735
Nafisa Muminova,0.17132709752972167,0.1132
Nahun Gavarrete,0.43966826459937575,0.4393
Nail Bashirli,0.21189708744386032,0.1521
Nameer Issani,0.0640193712904892,0.0204
Namitbir Singh Walia,0.827204520680936,0.9128
Narayan Venkatesh,0.14667884878150497,0.0942
Narek Ghimoyan,0.6190166141515231,0.6887
Narmin Khalafova,0.09387570443677985,0.0456
Nasrin Babayeva,0.5642304044553195,0.6215
Nasyrova Ekaterina,0.3062694274183362,0.2716
Natalia Zhukova,0.562985541300361,0.6197
Natalie Wisniowski,0.3755753313764599,0.3525
Nataliya Buksa,0.5351679497053208,0.5785
Nate Solon,0.3618042594913256,0.3347
Nathaniel Mullodzhanov,0.0948188845293724,0.0464
Naveen Jain,0.4513610725089137,0.4564
Nayem haque,0.13166876409784986,0.0787
Nazar Firman,0.15339505639564568,0.0976
Nebojsa Ristic,0.47176562643559034,0.4846
Necmettin KORKMAZ,0.522042657461123,0.5596
Neeraj Harish,0.4107638178751924,0.3996
Nemo Zhou,0.2221368471710265,0.1644
Nesa Modric,0.310185436788904,0.2772
Neven Hercegovac,0.6156797267291007,0.6846
Newansa M Esandi,0.18621349897578013,0.128
Nguyen Ngoc Truong Son,0.9685870716813734,0.9948
Nhat Minh To,0.8068968637848318,0.8957
Nhung Hong Nguyen,0.1853373339735501,0.1273
Nicholas Figorito,0.6902937256784362,0.7744
Nicholas Ladan,0.6607607651093559,0.7432
Niclas Huschenbeth,0.29990648292607536,0.2635
Nicodim_Cosmin Stepanencu,0.30752260129903874,0.2738
Nicola Altini,0.31839834656079347,0.2861
Nicolai Maxime Østensen,0.0669832357155064,0.0212
Nicolas Brunner,0.774577568542667,0.8616
Nicolas Cogan,0.530815603859674,0.5733
Nicolas De La Colina,0.21171980667570817,0.1514
Nicolas Perossa,0.5521102591335327,0.603
Nicolò Napoli,0.6177687173333994,0.6876
Nihal Sarin,0.6494136923290267,0.725
Nikhil Dixit,0.7754319416025979,0.8635
Nikita Fedotov,0.3224996860304004,0.2909
Nikita Filindash,0.5569075077858832,0.6089
Nikita Khoroshev,0.8800795983203678,0.9484
Nikita Kraiouchkine,0.4499401468266502,0.4538
Nikita Matinian,0.7555188332898989,0.8442
Nikita Meshkovs,0.7365103768150354,0.8215
Nikita Shandrygin,0.5500963296403858,0.6
Niklas Schmider,0.5069893233615961,0.5388
Niklesha Tharushi,0.5198044383548244,0.557
Nikolai Aliavdin,0.5360067605900303,0.5803
Nikolai Kabanov,0.7480964878393949,0.8353
Nikolai Vlassov,0.5667333550579555,0.6241
Nikolaos Skiadopoulos,0.528672403400958,0.5703
Nikolaos Spyropoulos,0.6782183675543583,0.7607
Nikolas Koutlas,0.3737178397653932,0.3506
Nikolas Theodorou,0.7425203709237498,0.8301
Nikolay Kleimenov,0.23800722891867915,0.187
Nikolay Maevskiy,0.4708984424405376,0.4831
Nikolay Milchev,0.7017842423500785,0.7881
Nikolay Pavlov,0.7426412476936214,0.8304
Nikoloz Petriashvili,0.7508006994946314,0.8378
Nikolozi Kacharava,0.5122756700031414,0.5477
Nils Grandelius,0.7793302860917054,0.869
Nils Richter,0.5395108405622189,0.5863
Nima Hosseinzadeh,0.6921847315978091,0.7763
Nimay Agrawal,0.10388572349780753,0.0557
Nino Batsiashvili,0.528022449871024,0.5696
Niranjan Navalgund,0.17830742391869203,0.121
Nisha Mohota,0.2925179020071244,0.2553
Nisim Iliaguev,0.6241923225957147,0.6946
Nita Lucian,0.4386328803344936,0.4375
Nitai Leve,0.40759275123618693,0.3952
Nitin Senthilvel,0.022384903331694784,0.0019
Nitish Belurkar,0.5888154762464293,0.6523
Nitish Nathan,0.25878302573346657,0.2141
Nitzan Steinberg,0.5938216547748202,0.6594
Noah Thomforde-Toates,0.6469061815149888,0.7228
Noam Vitenberg,0.22322237976726553,0.1666
Nodar Lortkipanidze,0.3208927944461881,0.2894
Nodirbek Abdusattorov,0.5877804986964866,0.6497
Novak Čabarkapa,0.21674835639660528,0.1592
Novendra Priasmoro,0.4286603078427798,0.423
Noël Studer,0.6076611365087323,0.6783
Nurai Sovetbekova,0.3385300502909044,0.3069
Nurgazy Zheenbekov,0.13939220011563824,0.0868
Nurgyul Salimova,0.44507373071257195,0.4464
Obolenskikh Dmitry,0.9596856964618802,0.9922
Okan Bulgurlu,0.5824536212788821,0.6427
Olaf Michalski,0.6442627243883549,0.718
Oleg Artemenko,0.4766804768134615,0.4942
Oleg Badmatsyrenov,0.6753041003682828,0.7573
Oleg Kozlov,0.40639587538335886,0.3926
Oleg Papayan,0.8267016029533663,0.9121
Oleg Rychkov,0.23503553704947774,0.1822
Oleg Terletsky,0.6475857855101368,0.7232
Oleg Vastrukhin,0.6823480799431345,0.7644
Oleg Yaksin,0.35778210398710736,0.3306
OlegKrivonosov,0.9577364434975083,0.9915
Oleksandr Bortnyk,0.7768385673128961,0.8664
Oleksandr Kuzhilniy,0.7726052267675326,0.859
Oleksandr Matlak,0.32976928933546185,0.2972
Oleksandr Prokhorov,0.3514120945415719,0.3247
Oleksandr Shymanskyi,0.6022900414374721,0.6709
Oleksandr Vasynda,0.4954967718447973,0.5232
Oleksandr Yevchenko,0.3954426065107489,0.3766
Oleksandr Yurovskykh,0.8832858481075769,0.9521
Oleksiy Solovchuk,0.6231396315099406,0.6935
Olexandr Shevchuk,0.6166647353268754,0.6861
Olexiy Bilych,0.8197077703646658,0.9054
Olga Artemyeva,0.2290049996031236,0.1729
Olga Babiy,0.28294488115556804,0.2456
Olga Badelka,0.3013807190483596,0.2657
Olga Girya,0.9384695241246653,0.9837
Olga Karavaeva,0.11250675727300766,0.0635
Olga Kuznetsova,0.5058510654338535,0.538
Olga Matveeva,0.33921093361749594,0.3076
Olga Sikorova,0.27302611425274453,0.2334
Olga Yushko,0.15018976088922806,0.0972
Olga Zhuravleva,0.17196485170996553,0.1143
Oliver Stork,0.21653062066319007,0.1584
Oliver Wartiovaara,0.7627634358034184,0.8531
Olzhas Khamzin,0.38830226284769415,0.3681
Om Kadam,0.17361621364587743,0.1165
Omar Garcia Blanco,0.38423839949292377,0.3629
Omer Akkara,0.5501166137765244,0.6004
Omran Alhosani,0.43481091761583024,0.4312
Ondrej Toman,0.6301314961048157,0.7035
Onno Elgersma,0.6454571313734767,0.7206
Orest Vovk,0.5354383636117201,0.5796
Ori Kobo,0.5097937624061943,0.5429
Ori Taichman,0.40629179539922544,0.3918
Oriol Serra Canals,0.1494747184474931,0.0965
Ortik Nigmatov,0.4239577620285405,0.416
Oscar Ardila,0.2713347869569948,0.2304
Oscar yosimar Acosta cruz,0.2608927399343728,0.2171
Oskar Wieczorek,0.6859379641409271,0.7688
Owen McCoy,0.0340188294972891,0.0059
PAULO CÉSAR COSTA,0.46160635927768806,0.472
Pablo Barrionuevo,0.5086716952519319,0.5414
Pablo Glavina,0.6775207186575976,0.7599
Pablo Lalanne,0.3062257564469795,0.2712
Pablo Salinas Herrera,0.08599894682312358,0.0367
Pablo Zarnicki,0.6449462393456269,0.7195
Paco Rubio Tent,0.8670160782784915,0.9384
Padmini Rout,0.4827088315966336,0.5054
Panagiotis Hristodoulou,0.8342279482086783,0.918
Pantata007,0.6288505347773803,0.702
Paolo Ciuffoletti,0.6229820677379603,0.6928
Papp Levente,0.451805490390771,0.4568
Papp Petra,0.7232515641710915,0.8104
Pappu Murthy,0.18951841010733075,0.1299
Parham Maghsoodloo,0.6455693368960608,0.721
Paris Prestia,0.5385047540070641,0.5837
Pariston Hill,0.7092423432594547,0.7989
Patrick Aizpurúa,0.45497090441953497,0.4597
Patrick Perry,0.8388525171297356,0.9213
Patrik Aalto,0.5713512431393466,0.6289
Patrik Stevik,0.442319335472883,0.443
Patryk Chylewski,0.660678177921266,0.7429
Patryk Cieslak,0.7444708892360834,0.8319
Patryk Stanisz,0.2634565142581189,0.2193
Patty Castillo,0.5477088643656021,0.5967
Pau Marin Ferragut,0.2955162387274767,0.2586
Paul Burke,0.3693986980652037,0.3436
Paul Cristian Rusan,0.5648192411704217,0.6219
Paul Makarov,0.19905128489357446,0.1384
Paul Richter,0.20387320220453137,0.1429
Paul Rohwer,0.29815984298028764,0.2605
Paulina Cagara,0.0961021334736771,0.0482
Paulius Pultinevičius,0.1331033823189206,0.0798
Paulo Jodorcovsky Werjivker,0.14028989668758315,0.0883
Pavel Chernomordik,0.3318319680259486,0.3006
Pavel Eljanov,0.6477062259133036,0.7236
Pavel Kiselev,0.4469638921582092,0.4494
Pavel Plotnikov,0.11495168989573538,0.066
Pavel Politov,0.26252845074834663,0.2178
Pavel Ponkratov,0.7934422282339287,0.8816
Pavel Salman,0.3429317508423904,0.3135
Pavel Skatchkov,0.5107225562840434,0.5447
Pavel Smirnov,0.3413775623043268,0.3113
Pavel Tregubov,0.9124584480556164,0.9692
Pavel-Alexandru Nastore,0.10769943682703383,0.059
PavelShkapenko,0.9690176027548073,0.9955
Pawel Flis,0.4415750446780299,0.4416
Pawel‚ Dudzinski,0.6057690615477016,0.6761
Paweł Kowalczyk,0.18089842329639388,0.1239
Paweł Kukuła,0.23019867610333594,0.174
Paweł Sowiński,0.5497478940016352,0.5993
Pedro Espinosa,0.5414771155150641,0.5892
Pedro Filipe Rego,0.6568757034783438,0.7365
Pedro Gil Ferreira Da Silva,0.6674455551315248,0.7499
Pedro Martinez,0.7112841956114251,0.8019
Pere Garriga Cazorla,0.3598937464138336,0.3321
Peter Keller,0.7578395907197812,0.8453
Peter Lizak,0.8743423765914073,0.944
Peter Prohaszka,0.7781184860645742,0.8672
Peter Roberson,0.32613265208544434,0.2931
Peter Sadilek,0.6948368432600197,0.7788
Peter Svidler,0.7149210810916318,0.8045
Petr Matyukov,0.22516405669676107,0.1692
Petro Golubka,0.5572958352761732,0.6093
Phileas Mathieu,0.4636712178137645,0.4746
Philipp Sonnenschein,0.28346072937114625,0.2464
Phuong Hanh Luong,0.5379356766319734,0.5826
Piero Mazzilli,0.8907064487886679,0.9596
Pierre Barbot,0.31009520058383466,0.2768
Pierre Villegas,0.5014584459317322,0.5321
Piotr Brodowski,0.3812015625380448,0.361
Piotr Brzezina,0.6615050307280194,0.7447
Piotr Dobrowolski,0.8974070781185486,0.9633
Piotr Kejna,0.2727629413070945,0.233
Piotr Lopusiewicz,0.7607764728319226,0.8505
Piotr Piesik,0.6808869457355209,0.7625
Piotrek Mickiewicz,0.5005184509544207,0.5306
Plamen Stefanov,0.7268062348182609,0.8148
Polina A Smirnova,0.8446054694677819,0.9243
Polina Gutkovich,0.2633458383043347,0.2189
Polina Shuvalova,0.5626476396780228,0.6193
Pouria Darini,0.9534358172678488,0.9896
Pouya Idani,0.8881046428922789,0.9581
Praggnanandhaa Rameshbabu,0.27029944225924507,0.2275
Pranav Anand,0.022387342588548225,0.0022
Pranav Senthilkumar,0.21713054497821097,0.1599
Pranav V,0.19770447409277034,0.1373
Pranesh M,0.05844491841981956,0.0174
Praveen Balakrishnan,0.5144316410575918,0.5506
Prithu Gupta,0.4816134131601677,0.5035
Priyansh Garg,0.5281464611043065,0.5699
Prraneeth Vuppala,0.5709012765782594,0.6278
Przemyslaw Koc,0.3409587569975784,0.3106
Punin Andrii,0.6819473524073537,0.764
Qi Pang,0.6445596852933013,0.7187
Qianyun Gong,0.06837337339163463,0.023
Qingyu Yuan,0.5719852175438459,0.6301
Quiet_Desperation,0.288765472490118,0.2505
Quoc Hy Nguyen,0.6599188431415008,0.741
RICHARD POLACZEK,0.41337543681573263,0.4033
Raahul V S,0.5132778996510516,0.5484
Rachid Schrik,0.4875425701243402,0.515
Radmila Kovacevic,0.45905132067559073,0.4675
Radoslaw Szczepanek,0.18942256085834336,0.1295
Radosław Dzierżak,0.8359048681487353,0.9195
Rafael Leitao,0.6593673773893061,0.7399
Rafael Merino García,0.3412065024350083,0.3109
Rafael Miranda,0.6339959698764396,0.7069
Rafael Teixeira,0.1432776347665133,0.0909
Rafael Vahanyan,0.8666044249240317,0.938
Rafael Ventura dos Santos,0.4499659277305442,0.4542
Rafail Antoniou,0.6306960024297926,0.7046
Rafal Szyszylo,0.12914102175432018,0.0768
Rafał Lewandowski,0.36181051269823955,0.3351
Rafał Tymrakiewicz,0.7164380359466812,0.8071
Raja Rithvik R,0.624241715446124,0.695
Rakesh Kulkarni,0.5796771269760691,0.6393
Ralph Federick Tan,0.3319194733344529,0.3009
Ramil Faizrakhmanov,0.6735759691938815,0.7562
Ramiro Corona Monraz,0.3478743944928979,0.321
Ramon Jr. Manon-og,0.15631208636928845,0.1009
Ramyres Santana Coelho,0.2111177334025518,0.1503
Randal Ferguson,0.36757330280573763,0.3414
Ranesh Ratnesan,0.1657315973417122,0.1106
Ranindu Dilshan Liyanage,0.10128786374508639,0.0527
Raphael Alonso,0.4798625609048196,0.5006
Raphael Lagunow,0.5994997905385928,0.6698
Raphael Mayaud,0.9357908943812614,0.9833
Raset Ziatdinov,0.27462261372492125,0.2356
Rashad Zeynalli,0.9174453841935988,0.9714
Rasmus Skytte,0.5948348662891253,0.6609
Rasmus Svane,0.9093939082065411,0.9673
Rastko Svicevic,0.5133693241099555,0.5488
Ratko Novak,0.4234815368107106,0.4148
Raunak Sadhwani,0.7094266146494522,0.7993
Ravan Aliyev,0.58891691131662,0.6531
Raven Sturt,0.3050743725639222,0.2701
Raymond Gao,0.6712100007545546,0.754
Raymond Kaufman,0.574680125918983,0.6334
Razvan Preotu,0.7826368386037073,0.8727
Read Samadov,0.48298051085833116,0.5065
Rebeca Garcia Hernandez,0.38129821390954116,0.3614
Rebeca Jiménez Fernández,0.14030959237354504,0.0887
Reem Sherman,0.10048925834061606,0.0523
Regita Desyari Putri,0.386001930069201,0.3651
Reinis Paikens,0.0557967301266525,0.0156
Remy Rushbrooke,0.7356603641590084,0.8208
Renato Quintiliano,0.5178258732856331,0.5555
Renato Terry,0.7490477748486731,0.8356
Rene Humberto Perera Alfonso,0.23637111560139976,0.1829
Rene' Phillips,0.6123363986890302,0.6809
Renzo Jhonathan Rengifo Blancas,0.4985878117120621,0.5269
Reza Mahdavi,0.2738548644069907,0.2345
Rian Kapriaga,0.49757101467438514,0.525
Ribeiro Domingues Ribeiro,0.6592255276773129,0.7395
Ricardo D Darruda,0.7977298371771612,0.8846
Ricardo Maruchi Desideri,0.23394733599922318,0.1803
Richard Bethke,0.17794447866449842,0.1202
Richard Persson,0.7078239088453231,0.7963
Richard Pert,0.3588851011335302,0.3314
Richard Stalmach,0.2244502111759538,0.1685
Richard Vedder,0.19232622640723854,0.1306
Richard Yi,0.31891075583178313,0.2872
Rick Frischmann,0.4701033259580947,0.4809
Rick GC,0.2711694067834931,0.2297
Rinat Jumabayev,0.6441250050246028,0.7173
Rishabh Chandrashekhar Gokhale,0.18185067527635185,0.1247
Robby Kevlishvili,0.24563860937285287,0.1967
Robert Aloma,0.48605770189972475,0.5109
Robert Baskin,0.8372963103833075,0.9202
Robert Díaz Villagrán,0.500573124605036,0.5314
Robert Gabriel,0.8598484397657618,0.9336
Robert Hungaski,0.6447769643836312,0.7191
Robert Kula,0.23706341597500616,0.1848
Robert L. Hess,0.34613512606509184,0.3184
Robert Mcligeyo,0.5462872197738398,0.5959
Robert Piliposyan,0.47802638350939197,0.4968
Robert Ramirez,0.2620008543811493,0.2174
Robert Safin,0.7495916550532119,0.8364
Robert Sava,0.5799923056168723,0.6397
Roberto Al Avila Bautista,0.3763790867468403,0.3536
Roberto Carlos Gomez Ledo,0.8628575557165293,0.9351
Roberto De Abreu,0.455432858254754,0.4612
Roberto Junio Brito Molina,0.832755550523341,0.9154
Roberto Martin del Campo,0.5289503522487059,0.5707
Robinson Perez,0.5584700769821918,0.6111
Rodion Radzhabov,0.8939287542694746,0.961
Rodolfos Stamatiou,0.40761297561560894,0.3955
Rodrigo Espinoza Villanueva,0.034226294436227725,0.0067
Rodrigo Mendoza Acuna,0.5170676876240424,0.5544
Rodrigo Román,0.511236963914284,0.5458
Rodrigo Vasquez,0.3807140668632293,0.3599
Rogerio Paulo Muller Fernandes,0.4285588162077154,0.4226
Rohan Rajaram,0.23812087966601977,0.1874
Rohit S,0.26910688319644616,0.2252
Rohith Krishna,0.02398478969341446,0.003
Rohun Trakru,0.689342629678225,0.7733
Roman Dehtiarov,0.470508372990888,0.4827
Roman Ganzhurov,0.058367701538712825,0.0171
Roman Gavrilin,0.2632419140165424,0.2186
Roman Goldin,0.2448321680914015,0.1952
Roman Jiganchine,0.8805672546438258,0.9499
Roman Kezin,0.41562579736004013,0.4056
Roman Komov,0.7146871477771584,0.8037
Roman Kozelov,0.44890301804350907,0.4516
Roman Kuzmin,0.2688220281491276,0.2237
Roman Novoselov,0.07119610379549773,0.0263
Roman Ovetchkin,0.8048478001483412,0.8935
Roman Pyrih,0.32019902025024116,0.2883
Roman Shogdzhiev,0.5174293950839832,0.5547
Roman Shton,0.6558232641342994,0.7332
Roman Tomaszewski,0.5028144468577049,0.5336
Roman Yanchenko,0.9141068269793994,0.9696
Ronaldo Alonso Moreira,0.682595802485924,0.7647
Ronan Le Goff,0.4337099041218819,0.4301
Rosh Jain,0.098601483487178,0.0505
Roshan Sethuraman,0.31611635419427875,0.2824
Roven Vogel,0.7374016011279834,0.8234
Roza Idrisova,0.8238812502335522,0.9102
Ruben Akhayan,0.615924439944104,0.685
Ruben Gideon Köllner,0.7540343424760614,0.8427
Rubens Gazineu,0.5430018133290156,0.5918
Rubén Domingo Núñez,0.21562104583646105,0.1573
Rudi Olenik Campa,0.0875762438866466,0.0386
Rudik Makarian,0.7762047243669078,0.8653
RupeshReddyY,0.25974912124563143,0.2163
Rushan Bogaudinov,0.6467088155485029,0.7224
Ruslan Gnechko,0.13662201713504582,0.0839
Ruslan Kashtanov,0.48601069186249496,0.5098
Ruslan Kavyev,0.43192769470080217,0.4282
Ruslan Momunaliev,0.16189278868903717,0.1076
Rustam Khusnutdinov,0.9148574486569643,0.9699
Rustam Rustamov,0.8806948565363178,0.9503
Rustem Gorbenko,0.5956314029770715,0.6627
Ryan Amburgy,0.7098343763345472,0.7996
Ryan Hamley,0.15682722895555226,0.1017
Ryo Chen,0.47484388453252635,0.4894
Rômulo Cardoso,0.29108034373109626,0.2538
S R,0.30673711607330684,0.2731
S.L. Narayanan,0.49208328438906523,0.5195
SALVA-DALI,0.3223911625666261,0.2905
SHAPIRO VIKTOR,0.5239154028470676,0.5636
Saadat Bashirli,0.23287642238147477,0.1774
Sabir Umarov,0.5773968126794199,0.6375
Sabrina Vega,0.37118052428997583,0.3466
Safin Safarullakhan,0.10298422366376017,0.0542
Sahaj Grover,0.5732373366914887,0.6312
Sahebali Atanejhad,0.7028478432865624,0.79
Sahib Singh,0.3800381725758987,0.3596
Sahil Tickoo,0.8929531634007226,0.9607
Sai Krishna G V,0.18734743251841612,0.1288
Sai Nirupama Kotepalli,0.19944357880278202,0.1391
Saidakbar Saydaliev,0.2495051997621439,0.2022
Sakshi Chitlange,0.3963480759469363,0.3774
Salem AR Saleh,0.398794108970938,0.3826
Salomeja Zaksaite,0.4986207733065009,0.5273
Sam Schmakel,0.3919596222695678,0.3722
Sam Sevian,0.3161828575985157,0.2827
Sam Shankland,0.9642631844825276,0.9926
Sambit Panda,0.30669117271995305,0.2727
Sameer Mujumdar,0.3721512490851187,0.3477
Sammed Shete,0.16283440733805876,0.1083
Samuel Fieberg,0.6046469004177037,0.6738
Samuel Jesus P Goncalves,0.8009442106134473,0.8902
Samuel Malka,0.5592448824750911,0.6126
Samuel Zenelaj,0.7366065397678053,0.8223
SamuelGhimpu2003,0.44849057996175323,0.4508
Samvel Ter-Sahakyan,0.8006162395431182,0.8898
San Thit Lwin,0.4408048028059953,0.4404
Sanan Sjugirov,0.4318400235255339,0.4275
Sandi Stojanovski,0.8803025522850335,0.9488
Santiago  Rodriguez,0.4953449274753427,0.5228
Santiago Avila Pavas,0.4760130553975993,0.4924
Santiago Guevara,0.16075518366193903,0.1058
Santiago Quiñones García,0.3321532581653074,0.3017
Sarah Sima Derlich,0.17218900368296713,0.115
Saravana Krishnan P,0.3195556333606267,0.2876
Sargis Manukyan,0.5042468114982372,0.5358
Sargis Sargissyan,0.726193266616889,0.8137
Sarp Sahin,0.14448693551079933,0.092
Sarveshwaran V,0.06872498170861703,0.0234
Sasvatha A,0.4379330554314097,0.4364
Satbek Akhmedinov,0.6561559429474717,0.7343
Sathvik Adiga,0.27576428350221543,0.2367
Satria Duta Cahaya,0.1577371704943916,0.1028
Savitha Shri B,0.09828187717679264,0.0494
Savva Vetokhin,0.27964468766149964,0.2408
Sayed Javad Alavi,0.7001938600743297,0.7863
Sean Senft,0.4066150777927822,0.3941
Sebasti&aacute;n Mar&iacute;n,0.5004423237359872,0.5291
Sebastian  Zsombor Peczely,0.4550661362848283,0.4601
Sebastian Bazzano,0.5324504580460954,0.5759
Sebastian Mihajlov,0.03894618364026216,0.0093
Sebastian Półtorak,0.5522002186053963,0.6033
Sebastien Azar,0.3948515143960563,0.3755
Sebastien Maze,0.9190795488161114,0.9737
Semen Kazmin,0.4370659419746367,0.4353
Semen Khanin,0.5567669570128283,0.6085
Semen Mitusov,0.3085538545217027,0.2746
Semen Novozhilov,0.2605903040937618,0.2167
Semetey Tologontegin,0.19726867037896972,0.1369
Semyon Puzyrevsky,0.3418819417398874,0.3117
Senthil Maran,0.837596752598872,0.9206
Seo Jungmin,0.6715575292693756,0.7544
Serafin Moral Garcia,0.7110750786055924,0.8015
Serban Cristian,0.5929902636600123,0.6586
Serdar Murat Yildiz,0.6482967069428405,0.7243
Sergei Iskusnyh,0.7180838114665656,0.8089
Sergei Ljukin,0.3556964505737499,0.3299
Sergei Lobanov,0.30283990736286476,0.2672
Sergei Mihajlovskij,0.4326939317876928,0.4293
Sergei Zhigalko,0.46602002718501045,0.4768
Sergey Drygalov,0.4577261187674644,0.4653
Sergey Grigoriants,0.8159065924499634,0.902
Sergey Nefedov,0.8142429122721049,0.9009
Sergey Rodchenkov,0.09551464101076385,0.0475
Sergey Sergienko,0.5563154931287739,0.6078
Sergey Shipov,0.6651748863686386,0.7481
Sergey Shtyka,0.5611783568158092,0.6171
Sergey Sklokin,0.5265435228787128,0.567
Sergey Slugin,0.27545066994605727,0.2364
Serghei Gostev,0.7136782177822664,0.8026
Sergio Barrientos Chavarria,0.13318280687865436,0.0801
Sergio Hernández Leon,0.2521533729169512,0.2045
Sergio Joshafatt Morales Garcia,0.6432284579324083,0.7154
Sergiy Zavgorodniy,0.5076033932596724,0.5403
Serhan Berat Özdemir,0.8767888238376319,0.9466
Sethuraman S.P,0.6742738599377992,0.757
Setu Madhav Yellumahanthi,0.5978875501413264,0.6657
Seyed Abolfazl Moosavifar,0.4180171937823632,0.4085
Seyed Kian Ghoreishi Amiri,0.3336249115363777,0.3028
Seyed Poormosavi,0.360147077156001,0.3328
Shaaketh Sivakumar,0.44518015663122157,0.4468
Shaashwath Sivakumar,0.23291762379324848,0.1777
Shahdad Teimouri Yadkuri,0.31277905575452986,0.2779
Shahruh Turayev,0.36492648907654246,0.338
Shakhriyar Mamedyarov,0.8314104987393435,0.915
Shamil Arslanov,0.27037257850013124,0.2278
Shamsiddin Vokhidov,0.7371841311206612,0.8226
Shane Melaugh,0.2637176304160519,0.22
Shanmukha Meruga,0.29081162260618,0.2534
Shant Sargsyan,0.8197241716615655,0.9058
Sharapov Evgeny,0.8834479504588838,0.9525
Sharath Radhakrishnan,0.7509195150956133,0.8382
Sharvesh Deviprasath,0.2338741365894995,0.18
Shawn Martinez,0.2340680552108846,0.1807
Shawn Rodrigue-Lemieux,0.15951161565052677,0.1043
Sherif Khater,0.34839955231666203,0.3221
ShimanovAlex,0.661098519176606,0.7436
Shiyam Thavandiran,0.36409155637661134,0.3365
Sho Glashausser,0.6702408124896035,0.7536
Shreyas Royal,0.017395523338497004,0.0007
Shubh Laddha,0.4019260609465283,0.3844
Shubhi Gupta,0.14691889052486737,0.0946
Shukhrat Makhmudov,0.5055782590852346,0.5373
Shyaamnikhil P,0.8235128040155365,0.9095
Shyam Gandhi,0.7037355911494774,0.7926
Siar Yaran,0.7314629401668044,0.8193
Siem van Dael,0.5739778694742899,0.6327
Sihan Tao,0.7852016073701715,0.8753
Silvius Tiberius,0.2726224587860946,0.2319
Simao Poscidonio Dias,0.24797157245522183,0.2004
Simeon Todev,0.47603669080246147,0.4928
Simon Lamaze,0.6050671347996877,0.6746
Simon Williams,0.30667668870885517,0.2724
Sina Movahed,0.025923448016356432,0.0041
SirMittensofMittensville,0.4453008354378639,0.4471
Siva Mahadevan,0.06281212083650647,0.0193
Sivanesan Nithyalakshmi,0.09616290488094034,0.0486
Skat2704,0.5093972437973759,0.5425
Slaven Pastar,0.6516836645035715,0.7288
Slobodan Filipovic,0.5492506390761963,0.5985
Sofia Blokhin,0.039814137494630523,0.0096
Sofia Pogorelskikh,0.4375697188338769,0.4356
Sofiia Hryzlova,0.09938294079916557,0.0508
Soham Kamotra,0.8200949404802385,0.9061
Soltan Muradov,0.2130444791869623,0.1544
Sondre Melaa,0.6613789919016113,0.7443
Soren Bech Hansen,0.8235069666717086,0.9091
Sourath Biswas,0.5221790632732626,0.5603
Sravan Renjith,0.1994182397700995,0.1388
Sreyas Payyappat,0.23764372086427787,0.1852
Sricharan Pullela,0.24729909444581652,0.1993
Srihari L,0.06905181915274758,0.0237
Srihari L R,0.7086279174592308,0.7981
Srinath Narayanan,0.26556411688028214,0.2219
Sriram Krishnakumar,0.6979418926814871,0.7833
Srishti Pandey,0.1306149040328251,0.0783
Srivastan Karthikeyan,0.6721074372147313,0.7547
Stamatis Kourkoulos-Arditis,0.8664399145422162,0.9377
Stanislav Bukreev,0.7256677597906842,0.8126
Stanislav Kovalevsky,0.32030669795128286,0.2887
Stanislav Tsyhanchuk,0.1074883585127114,0.0583
Stanisław Osiecki,0.47432011485646053,0.4891
Stanley Badacsonyi,0.3643719683557842,0.3373
Stanoje Jovic,0.43494148106341585,0.4315
Stefan Eilers,0.6374492622138861,0.7102
Stefan Mladenovic,0.3845190510598962,0.3636
Stefanos Kazantzoglou,0.6143866079981244,0.6824
Stelios Halkias,0.3777321974216602,0.357
Stepan Osinovsky,0.5793696054929716,0.6386
Stephan Becking,0.8167111715487823,0.9032
Stephen Capp,0.25403087911944355,0.2074
Stephen Willy,0.3544867646128845,0.328
Steve Harrington,0.3840995488304443,0.3625
Steven Cooklev,0.5409851061415312,0.5878
Steven Javier Rojas Salas,0.4642322582531329,0.4753
Steven Zierk,0.6463512285572008,0.7221
Stöttner Lukas,0.21151682504149155,0.151
Sujana Lohani,0.3398503223935373,0.3095
Suleyman Suleymanlı,0.7066812135940165,0.7952
Sully McConnell,0.43545576231931477,0.4323
Sultai Chyngyz,0.08268323113907015,0.0338
Sultanbeibarys Dumanuly,0.4979487713584102,0.5258
Sune Berg Hansen,0.4704353221886981,0.482
Supratit Banerjee,0.4115304082179116,0.4007
Suresh Harsh,0.5882077554806058,0.6512
Susanna Gaboyan,0.48602801795293304,0.5106
Suvradeepta Das,0.48931030606065773,0.5176
Suvrajit Saha,0.5536236506652461,0.6052
Suyog Wagh,0.01891542662770707,0.0015
Sven Tica,0.4322295393285879,0.4286
Svetlana Vifleemskaia,0.917670158579241,0.9718
Svyatoslav Korneev Leskova,0.3548194505430557,0.3284
Svyatoslav Lisenkov,0.5779744796607088,0.6378
Swara Lakshmi Nair,0.25545666000120726,0.21
Sweafty,0.2904599040040735,0.2523
Szymon Gumularz,0.4793737513702716,0.4994
Sébastien Bouchet,0.44696852478457866,0.4497
Símon Þórhallsson,0.669924057510456,0.7525
Sławomir Kurpiewski,0.29853841336622644,0.2616
Sơn Đặng,0.3849455112401031,0.3644
Tabaré Bustelo,0.2254445547987108,0.1696
Tahsin Tajwar Zia,0.7063349198344141,0.7944
Talaibek Osmonbekov,0.2770834687996492,0.239
Talibov Shiroghlan,0.29928712436461585,0.2627
Tamas Banusz,0.943407107997451,0.9855
Tamas-Kristof Balla,0.1392155693438244,0.0861
Tamaz Mgeladze,0.5631184187443077,0.62
Tangi Migot,0.21795511989018096,0.1607
Tanitoluwa Adewumi,0.5949483342133406,0.6612
Tanraj Sohal,0.08935675086150145,0.0412
Tarasova Viktoriya,0.3019280509453415,0.2664
Tarini Goyal,0.5324035951760713,0.5755
Tarun Kanyamarala,0.5884932507325011,0.6516
Tatev Abrahamyan,0.17117222907468524,0.1128
Tatiana Bogumil,0.6633831819052407,0.7466
TatjanaVasilevich,0.24881627203725545,0.2019
Tehni4arce,0.5959209600625135,0.6631
Teimur Toktomushev,0.782189104697886,0.872
Tejas Rama,0.7011059758435502,0.7866
Teodora Injac,0.44981089921634376,0.4527
Terry Luo,0.5237580338452468,0.5633
ThaKanielOutis,0.9056700413452342,0.9659
Tharushi T.H.D. Niklesha,0.26898893844181143,0.2249
The_filthy,0.15458175822600345,0.0983
Theo Bressy,0.8334148106847905,0.9169
Theodore Slade,0.632030838072233,0.7065
Thomas Bauer,0.07292235906699984,0.0282
Thomas Beerdsen,0.1639803236898381,0.1087
Thomas Carroll,0.58973199353241,0.6542
Thomas Christensen,0.414927838216044,0.4052
Thomas Decker,0.4298504802535403,0.4252
Thomas Diem,0.35520006129859244,0.3295
Thomas Eggleston,0.19669818568860445,0.1358
Thomas Kahlert,0.8522964595093591,0.9295
Thomas Michalczak,0.4875120466208357,0.5143
Thomas Rendle,0.42093582643684496,0.4122
Thomas Thiel,0.6663224171148973,0.7492
Thore Perske,0.691051985363611,0.7759
Tiago Batista Oliveira,0.43695492081073334,0.4349
Tiago Carvalho Mangialardo,0.4792951064225595,0.4987
Tiago Cunha Navarro,0.5485029308349214,0.5974
Tigran Mukhutdinov,0.7987128042052773,0.8868
Tigran Nazaretyan,0.5180114673148567,0.5558
Tihomir Yanev,0.4437123904504883,0.4456
Tikhon Popov,0.2549722235753259,0.2096
Tikhonov Viacheslav,0.627469524105697,0.7002
Tim Grutter,0.5347897544945455,0.5781
Tim Kett,0.5135881957514268,0.5492
Timofey Iljin,0.09564704677900274,0.0479
Timofey Smirnov,0.38959146842773495,0.3699
Timur Gareyev,0.4659404673592512,0.4764
Timur Kocharin,0.5433052031150941,0.5922
Timur Yonal,0.32806792708511817,0.2954
Tobias Kölle,0.2638603787356887,0.2204
Tobias Lang Nilsen,0.28802050145121055,0.2501
Tobias Rizzo,0.1376727312947737,0.085
Tobias Voege,0.342793819199881,0.3128
Todd Andrews,0.24062884657330255,0.1911
Todd Bryant,0.2591855488310364,0.2152
Tom Decuigniere,0.9174329365561823,0.9711
Tom O'Gorman,0.5757595480916835,0.6345
Tomas Kraus,0.5909157310419793,0.656
Tomas Laurusas,0.22976078109987244,0.1737
Tomasz Jaskolka,0.4868171003933182,0.5132
Tomasz Mika,0.6371396383674555,0.7098
Tommi Luukkonen,0.13665528478335115,0.0842
Tomáš Vaněk,0.21178643406405886,0.1518
Tor Fredrik Kaasen,0.44201093296199057,0.4427
Torben Søraas,0.4704613765940208,0.4824
Trisha Kanyamarala,0.2578687891261113,0.2126
Tsvetan Stoyanov,0.18414034415922176,0.1265
Tuan Minh Le,0.6505135429581873,0.7262
Tudor Henry Edward,0.21016756405364134,0.1495
Tuna Özateş,0.08263467641533162,0.0334
Tunahan Makaraci,0.7821570725263871,0.8716
Turkan Mamedjarova,0.2009318761595628,0.1399
Tyhran Ambartsumian,0.7524094727756282,0.8404
Tykhon Cherniaiev,0.752066384168764,0.8397
Tyler Tanaka,0.7457330153022251,0.8334
Tymon Ochedzan,0.2220202162848865,0.164
Tymur Keleberda,0.42735346560573495,0.4208
Tyrell Harriott,0.11874532783480807,0.069
UKR_Master,0.40410464734094154,0.3885
Ufuk Sezen Arat,0.5817553458739397,0.6416
Ugur Doga Yazici,0.8510807625788838,0.9284
Uliana Dudkina,0.04339005498781759,0.0108
Ulises Hernández Bermúdez,0.30539893759371783,0.2705
Ulrich Zimmermann,0.1273041088201529,0.0753
Umid Aslanov,0.1618847186340917,0.1072
Umut Erdem Gündüz,0.10265591182523015,0.0534
Unknown_IM,0.3912772114668347,0.3707
Uurtsaikh Agibileg,0.4753111633156871,0.4909
Uwe Kleibel,0.5979121598038069,0.666
Vache Hovakimyan,0.5587248480424841,0.6119
Vaclav Finek,0.8537683900954374,0.9314
Vadim Bobkov,0.5753311446619602,0.6341
Vadym Petrovskyi,0.04550329301435689,0.0115
Vahan Nalbandyan,0.7883062839623235,0.8764
Vahap Sanal,0.45666577344840753,0.4627
Vahe Baghdasaryan,0.32161273677500707,0.2898
Vahe Danielyan,0.5527183822801973,0.6037
Vaibhav Raut,0.36425938838403915,0.3369
Vaishali R,0.5139688323452438,0.5499
Valdis Troņenkovs,0.4860258467264387,0.5102
Valentin Dragnev,0.4416605146264687,0.4419
Valentina Golubenko,0.2036306391719045,0.1425
Valentina Gunina,0.24721918413233784,0.1989
Valentyn Hulka,0.6953162396590464,0.78
Valentyn Prokofiev,0.13353619389838273,0.0809
Valeria Viana,0.21788919500143528,0.1603
Valerie Ruchinskaya,0.5702109099604467,0.6267
Valerio Carnicelli,0.537022027807845,0.5811
Valeriy Grinev,0.4240282794528786,0.4163
Valery Kazakouski,0.6308140951818236,0.7054
Valery Skatchkov,0.4324089230005323,0.4289
Valiantsin Yezhel,0.6692872003073176,0.7521
Vantika Agrawal,0.34403969335250323,0.3154
Vardan Danielian,0.8038647728179115,0.8928
Varun Krishnan,0.27969640357667497,0.2416
Varuzhan Akobian,0.9807818656961766,0.9996
Vasif Durarbayli,0.4109698629329128,0.4
Vasil Trickov,0.9404227711980342,0.9844
Vasilii Titarov,0.5507391529335064,0.6015
Vasiliy Korchmar,0.2078105180104123,0.1462
Vasily Volovich,0.8854771481473582,0.9544
Veaceslav Slovineanu,0.8495230160017716,0.928
Vedant Goswami,0.6296374771966375,0.7028
Vedant Nitin Vekhande,0.28262870002950824,0.2453
Vedant Panesar,0.5299999630576058,0.5725
Velimir Ivic,0.21975898426420187,0.1625
Veronika Minina,0.2803600736596748,0.2427
Veronika Shubenkova,0.09050433716832516,0.0423
Viachaslau Zarubitski,0.865548509094453,0.9369
Viacheslav Mikhailov,0.5223786374627462,0.561
Viacheslav Rozhkov,0.3406360261630805,0.3098
Victor Bologan,0.5683380483880031,0.6252
Victor Labussiere,0.07154718772013588,0.0271
Victor Mikhalevski,0.751476808076934,0.839
Vidar Grahn,0.7911391335895459,0.8798
Vidit Gujrathi,0.6689028964881014,0.7514
Vignesh N.R,0.9644522204480109,0.9929
Vignir Vatnar Stefansson,0.7021435604708332,0.7889
Vihaan Jammalamadaka,0.1811702898675464,0.1243
Viktor Berezin,0.07697010048696037,0.0301
Viktor Dmitrenko,0.6535289258601529,0.7302
Viktor Ianov,0.40275660575696826,0.387
Viktor Neustroev,0.4359043461899931,0.433
Viktor Parfenov,0.8850774885175013,0.954
Viktor Poddubnyi,0.2901006538187148,0.2519
Viktor Romanchuk,0.9001628976500335,0.9647
Viktor Skliarov,0.7600019892687528,0.8479
Vilka Sipilä,0.26996131600002565,0.2267
Vilmos Balint,0.2865298250157644,0.2486
Vince Gergő Turcsányi,0.09960394794272956,0.0512
Vincent Keymer,0.885071817409038,0.9536
Vincent Riff,0.5915532831767086,0.6564
Vinicius Tiné Martins,0.4800617956839181,0.5009
Vinzent Spitzl,0.726701500334699,0.8145
Visakh NR,0.9275249948932964,0.9781
Vitaliy Bernadskiy,0.4690326363023908,0.4798
Vitaliy Garbuz,0.6603001736454484,0.7414
Vitaly Rodchenkov,0.4686977176903421,0.4794
Vitaly Teterev,0.7433981736024378,0.8308
Vitor Ferreira,0.13229735548487317,0.0794
Vitorio Chemin,0.6411321418351197,0.7135
Vittorio Cinà,0.1724425955443502,0.1158
Vitus Bondo Medhus,0.276646611346237,0.2375
Vivaan Vishal Shah,0.5542422770806755,0.6059
Vjacheslav Weetik,0.5434299845285919,0.5926
Vlad Lymar,0.4602680439232022,0.4694
Vlada Sviridova,0.38929964777920767,0.3696
Vladimir Belous,0.4617787916203196,0.4724
Vladimir Bugayev,0.3884014153903995,0.3685
Vladimir Burmakin,0.7763058792147969,0.8657
Vladimir Bychkov,0.4794310947578036,0.4998
Vladimir Chernikov,0.3491996774203369,0.3232
Vladimir Damjanovic,0.7403820470961469,0.8278
Vladimir Demin,0.4941006826795439,0.5221
Vladimir Dobrov,0.2731786498937111,0.2338
Vladimir Fedoseev,0.5880090126973232,0.6505
Vladimir Grabinsky,0.5208401195068075,0.5584
Vladimir Hamitevici,0.8715668166133289,0.9395
Vladimir Mikhailovsky,0.2063423750140113,0.1458
Vladimir Sakun,0.8060384602505442,0.895
Vladimir Seliverstov,0.4161824848626732,0.4059
Vladimir Zakhartsov,0.7144973412559511,0.803
Vladimir Zemerov,0.5461004970075939,0.5955
VladimirKramnik,0.9516619873766446,0.9889
Vladimír Bochnička,0.4139420431933606,0.4041
Vladislav Artemiev,0.9574047908677372,0.9911
Vladislav Efremov,0.44983321326317716,0.4531
Vladislav Gontcharov,0.5175663729194329,0.5551
Vladislav Kovalev,0.953498194041303,0.99
Vladislav Voitovich,0.6561276889609156,0.734
Vladyslav Baziuk,0.30192633448771355,0.266
Vladyslav Sydoryka,0.5818870330060655,0.6419
Vo Quoc Bao Tran,0.4270236877059183,0.4204
Vojislav Milanovic,0.5728842171403261,0.6308
Vojtěch Plát,0.944013139029499,0.9859
Volen Dyulgerov,0.15883410681428378,0.1035
Volkan Yirik,0.31795867169148734,0.2853
Volodar Murzin,0.8459042005622773,0.9254
Volodya Torosyan,0.14321045450918662,0.0905
Volodymyr Onyshchuk,0.654401801677366,0.7321
Volodymyr Vetoshko,0.6965282384285578,0.7818
Volodymyr Vusatiuk,0.2128291976051689,0.1536
Volodymyr Yaniuk,0.7614605434409707,0.8512
Vsevolod Ovchinnikov,0.7970519201729311,0.8842
Vsevolod Rytenko,0.7387698642760846,0.8252
Vugar Manafov,0.37745979286199327,0.3558
Vugar Rasulov,0.8119268883414265,0.8998
Vuk Damjanovic,0.8919188735634217,0.9603
Vuk Djordjevic,0.5867438286744613,0.6471
Wagner Guimarães,0.5584030943850694,0.6108
Walter Cuevas Araya,0.6598826802150181,0.7406
Wanderlei Lukachewski Junior,0.9029916748442082,0.9651
Ward Al-Tarboush,0.3287858511013889,0.2965
Wellington Albuquerque Jr.,0.7597598960513071,0.8468
Wesley So,0.7528588460695086,0.8412
Wiktoria Śmietańska,0.27686030107374576,0.2378
Wilfredo Sariego Figueredo,0.48289547129630367,0.5061
Willi Skibbe,0.668952168682235,0.7518
William Alfaro Caracas,0.6340406992953932,0.7076
William Coe,0.3942464805394715,0.3744
William Ferreira Da Cruz,0.6953837618154817,0.7803
William Graif,0.6113743337439216,0.6801
William Hernandez Gonzalez,0.31795636084076145,0.285
William Olsson,0.24675762153715533,0.1985
Wilson Morales,0.5537967228163556,0.6056
Witold Klepek,0.6230660073561702,0.6931
Wladimir Zampronha,0.5125601688974257,0.5481
Wojciech Przybylski,0.5330812267379856,0.5763
Wojciech Śmieszek,0.22334872889182628,0.167
WonderChampion,0.17372016573096588,0.1169
Wouter Terlouw,0.6565763649407976,0.7358
Xavier Martinez Pla,0.08090494085477141,0.0327
Xeniya Balabayeva,0.10848844532329356,0.0597
Xiaobing Gu,0.20439225876958597,0.1443
Xu Yi,0.4609985864459937,0.4712
Yaacov Norowitz,0.8890692062730224,0.9584
Yagiz Kaan Erdogmus,0.5532617173747946,0.6045
Yago Labussiere,0.6955240187892956,0.7814
Yahli Sokolovsky,0.4854557820640868,0.5087
Yair Parkhov,0.7418557001649632,0.8297
"Yang, Kaiqi",0.5814602541246832,0.6408
Yaroslav Demchenko,0.5411447876534239,0.5881
Yaroslav Remizov,0.4998386648207373,0.5288
Yaroslav Shevchenko,0.6200851438112511,0.6905
Yasin Emrah Yagiz,0.5255766806804935,0.5662
Yelfry Torres,0.10745057013685903,0.0579
Yelyzaveta Hrebenshchykova,0.2998356081050179,0.2631
Yevhenii Yelisieiev,0.6402807523715669,0.7124
Yichen Han,0.660486570095155,0.7425
Yidong Chen,0.39707168976636387,0.3785
Yilin Li,0.47014986744612114,0.4813
Yinn Long Wong,0.4889773569572441,0.5169
Yoav Milikow,0.3914634325193195,0.3714
Yoel Estarling Polanco Nunez,0.46335547479560735,0.4742
Yotam Shohat,0.6089896636877962,0.6787
Yovann Gatineau,0.6857640189722213,0.7685
Yudel Romero Arzuaga,0.49287315345524096,0.5206
Yulia Efremova,0.2462151488738483,0.197
Yuliia Osmak,0.5247489730446416,0.5651
Yuniesky Quesada,0.3392718575240951,0.308
Yuri Kozin,0.2740727673767761,0.2353
Yuri Zhizmer,0.7604743072181093,0.8494
Yurii Khodko,0.5019703657079065,0.5328
Yuriy Dovzik,0.44313280334802074,0.4453
Yuriy Kuzubov,0.7529229836669585,0.8416
Yvain Bruned,0.740575587202762,0.8282
ZAHAR HILKEVICH,0.7273234707390086,0.8156
Zacarias M Ruben D,0.4064943115879297,0.3929
Zachary Calderon,0.6575771308230088,0.7373
Zachary Liu,0.09992608120575996,0.0516
Zachary Tanenbaum,0.28254955598084736,0.2449
Zahar Efimenko,0.670187077454812,0.7532
Zala Urh,0.25063826357238567,0.2033
Zane Nasir,0.7603226461492065,0.8486
Zarikovs1999,0.5005105263603026,0.5302
Zarina Nurgaliyeva,0.5113099915384696,0.5462
Zarina Shafigullina,0.46044265549975344,0.4698
Zaur Mammadov,0.5575512840429084,0.6096
Zaur Tekeyev,0.7517289624757225,0.8393
Zbigniew Pakleza,0.8739620518432305,0.9425
Zeinep Sultanbek,0.3950179376752138,0.3759
Zhamsaran Tsydypov,0.1549952243135364,0.0987
Zhanibek Amanov,0.7718314567088715,0.8583
Zhaoqi Liu,0.1304789017817784,0.0779
Zhongyi Tan,0.4277254595968832,0.4215
Zlatko Lisjak,0.30449206754631286,0.269
Zmiyevik2200,0.7788431152430617,0.8679
Zoey Tang,0.233741019954941,0.1792
Zoran Velickovic,0.5878917233696669,0.6501
Zou Chen,0.4762832120702803,0.4935
Zozek Salah Mohammed Mohammed,0.47528317365137285,0.4905
Zsigmond Szajbely,0.7655573979072018,0.8542
Zsoka Gaal,0.42160994902520865,0.4134
Zsolt Korpics,0.48019492503395167,0.5013
Zurab Javakhadze,0.29269003134852606,0.2557
Zurab Tqebuchava,0.6772027287495337,0.7588
Zviad Izoria,0.9314070032346485,0.9811
abelmat,0.12020111414780263,0.0709
anon102030,0.3531003063044949,0.3273
anon219,0.7671829932476442,0.8568
anon481216,0.7146542614233319,0.8033
anon569,0.3307854458021825,0.2991
anon6121824,0.2267050552666643,0.1707
anushurvan graf,0.4556118751177543,0.4616
asghar golizadeh,0.3965873898782798,0.3781
bait_or_mate,0.7365521789006563,0.8219
barte bongo,0.2478829462128651,0.2
boris abrashkin,0.2527892870578371,0.2059
bratkoo,0.13167697471913714,0.079
broskolis,0.4961695173769294,0.5243
buddika amarasinghe,0.31841263011111554,0.2865
c_r_e_e_p_e_r,0.0631609012476588,0.02
champ2005,0.6202665496199014,0.6913
edison ruge,0.281287365616539,0.2434
elamier fathy,0.7416425399648773,0.8289
esapunov,0.2814061076871028,0.2438
freshfoodcompany,0.6307993313591759,0.705
goofypenguin96,0.5876225363676493,0.649
hermionegrangermagic,0.21607613304405154,0.1577
infinitegiantkiller,0.7154236583523272,0.8056
kamran SHIRAZI,0.3298391091222972,0.2976
khoipham,0.1062765402330786,0.0571
kirillshevchenko,0.5277370195262667,0.5692
londonkid,0.4388338567051161,0.4378
malakismayil,0.4523671543385519,0.4575
mapleaff,0.5849097323085174,0.6445
mattcolins2025,0.24250536995223712,0.1929
mauro vargas,0.2832031562502741,0.246
moshe katzir,0.375782647155832,0.3529
natelleka,0.7153619989407005,0.8052
paradise10,0.2787152981582697,0.2401
parintele_chess,0.5435466207673616,0.5933
patzer-reloaded,0.7930233922430234,0.8813
pawel jaracz,0.4042127580868051,0.3892
realmadridtv,0.6285589726635062,0.7013
samarth Rao 1664 Leavud Rating,0.16883787175836346,0.1124
sau6on,0.4249795551844507,0.4186
scandalgod,0.4586451746487966,0.4672
shakked tifferet,0.5028190240056883,0.534
sofiko tereladze,0.5367034771337446,0.5807
starplatinum2030,0.478277008101932,0.4972
thechesscorner 64,0.12129654595525703,0.0716
thisunaa,0.15898112040725712,0.1039
vesal hamedi nia,0.048672803525918254,0.0126
winniethepooh04,0.08401192112053117,0.0353
x-0147207515,0.4816137721325104,0.5039
x-0618534659,0.1780185449825386,0.1206
x-3704738925,0.8875236285422223,0.9566
x-3738459472,0.502388128237281,0.5332
x-5963514717,0.5596366270804748,0.6145
x-8127726737,0.7799545411421029,0.8694
x-9960558865,0.24029973964938792,0.1904
yaguigor,0.8768785426366946,0.9469
zbigniew wieczorek,0.4003185081974555,0.3833
Ágoston Juhász,0.4299083468516791,0.4256
Álvaro Valdés,0.4137835995468809,0.4037
Ömer Faruk Özer,0.3521715648298835,0.3262
İlhan Serhat Salman,0.463854056994351,0.475
Łukasz Licznerski,0.6926403246415181,0.7774
Štěpán Hrbek,0.4147424764878232,0.4048
Аrtеm Odеgоv,0.5457662666469538,0.5948
Азат Габдрахманов,0.08669740998036883,0.0371
Александр Брюхович,0.08064031966119754,0.0319
Алексей Мокшанов,0.7251159083741527,0.8119
Андрей Хромкин,0.5937041400912966,0.659
Артём Синявский,0.5209388112056733,0.5592
Валерий Свиридов,0.8480786323641816,0.9262
Варвара Полякова,0.5417532744173597,0.59
Владимир Матвеев,0.27263826705041333,0.2323
Володимир Михальський,0.5293434693193207,0.5714
Гор Глиджян,0.7840350832711863,0.8746
Григорий Гусаров,0.6066084171564656,0.6768
Гульдона Каримова,0.5665559626551941,0.6237
Гурвич Виталий,0.36366019737390287,0.3362
Даниил Постников,0.24527101372938204,0.1959
Данил Найдин,0.4497048265171923,0.4523
Денис Денисенко,0.7027845408851885,0.7896
Димитрий Король,0.5149038167134722,0.5521
Евгений Бурмакин,0.34908546842267824,0.3228
Екатерина Кабанова,0.214994977384302,0.1558
Игорь Князев,0.5962147912678883,0.6635
Илья Дерябин,0.5420345780640299,0.5907
Илья Чеклецов,0.4979112648714274,0.5254
Максим Матюнин,0.19475307762614474,0.1317
Максим Щекачихин,0.7268466401395152,0.8152
Маргарита Филиппова,0.7105780737651447,0.8004
Матфей,0.23881189882178858,0.1892
Матфей Юрасов,0.23657656854251569,0.1837
Микола Боднар,0.4122207330896952,0.4026
Михаил Экдышман,0.44239377019279863,0.4438
Наталья Зайнуллина,0.40878636567819254,0.3981
Нечитайло Нікіта,0.456351549550177,0.462
Никита Довбня,0.20840675247495755,0.1481
Никита Майоров,0.17454467289576808,0.1176
Николай Гриценко,0.8602854106664115,0.934
Николай Оглоблин,0.8629237523208992,0.9354
Николай Хныкин,0.173343524037972,0.1161
Олег Губанов,0.3452869979802352,0.3176
Олег Кислов,0.5988575268303518,0.6683
Павел Торопов,0.7255020331336689,0.8122
Рамиль Садыков,0.7284823482662874,0.8163
Рамиль Хасангатин,0.9310867665206424,0.9807
Руслан Габдушев,0.42609775909413533,0.42
Руслан Пахомов,0.39822154292113626,0.3814
Сергей Ярый,0.6946120779813277,0.7785
Соловьев Александр,0.4863132510162284,0.5117
Спартак Высочин,0.8014471499177984,0.8905
Феликс Тульчинский,0.4721413882595818,0.4857
Шубин Кирилл,0.3743381153173756,0.3518
Эдуардо Гербелли Нето,0.5656922605324455,0.6234
Эмир Шаршенбеков,0.23053035578347156,0.1751
Яков Гинзбург,0.873674819439989,0.9421
Ян Дьомін,0.5390105973435944,0.5848
אהרן בגראטיוני,0.2113284700612068,0.1506
