Name,Tactical_Style_Score,Rank_Percentile,IForest_Pct,ELO
Ali Farahat,1.0,1.0,1.0,2616.0
Ivan Provotorov,0.9993320964749537,0.9996289424860854,0.9988868274582561,2569.0
Николай Хныкин,0.9992578849721707,0.9992578849721707,0.9992578849721707,2201.0
ChessyInstinct,0.9982931354359926,0.9988868274582561,0.9974025974025974,2341.0
Emilio Cordova,0.9983673469387755,0.9985157699443413,0.9981447124304267,2890.0
Raja Rithvik R,0.9987384044526901,0.9981447124304267,0.9996289424860854,2919.0
Haik Martirosyan,0.9980705009276438,0.997773654916512,0.9985157699443413,3001.0
Daniel Chan,0.9947309833024118,0.9974025974025974,0.9907235621521335,2818.0
Shawn Rodrigue-Lemieux,0.9970315398886828,0.9970315398886828,0.9970315398886828,2903.0
Erick Zhao,0.9963636363636363,0.9966604823747681,0.9959183673469387,2827.0
Alessandro Manzone,0.9962894248608534,0.9962894248608535,0.9962894248608535,2800.0
Christof Sielecki,0.9941372912801484,0.9959183673469387,0.9914656771799629,2608.0
Srishti Pandey,0.9942115027829312,0.9955473098330241,0.9922077922077922,2525.0
Rashad Zeynalli,0.9920593692022263,0.9951762523191094,0.9873840445269016,2763.0
Mariia Berdnyk,0.9955473098330242,0.9948051948051948,0.9966604823747681,2488.0
David Zakarian,0.9944341372912802,0.9944341372912802,0.9944341372912802,2609.0
Vojtěch Plát,0.9928756957328386,0.9940630797773655,0.9910946196660483,2886.0
Pavel Ponkratov,0.9941372912801485,0.9936920222634509,0.9948051948051948,2873.0
Fy Antenaina Rakotomaharo,0.9900556586270872,0.9933209647495361,0.9851576994434137,2781.0
Benny Aizenberg,0.985974025974026,0.9929499072356215,0.9755102040816327,2621.0
Nisha Mohota,0.9878293135435993,0.9925788497217068,0.9807050092764379,2318.0
Michel Bifulco,0.9925046382189239,0.9922077922077922,0.9929499072356215,2364.0
Nad Titus Petre,0.9931725417439703,0.9918367346938776,0.9951762523191094,2610.0
Alex Goldin,0.9922077922077922,0.9914656771799629,0.9933209647495361,2654.0
Julian Antonio Rojas Alarcon,0.9916883116883117,0.9910946196660483,0.9925788497217068,2802.0
Dmitry MIschuk,0.9844897959183674,0.9907235621521335,0.975139146567718,2814.0
kamran SHIRAZI,0.9737291280148423,0.9903525046382189,0.9487940630797773,2540.0
Alikhan Daulet,0.9785528756957328,0.9899814471243042,0.9614100185528757,2709.0
Rodion Radzhabov,0.9899072356215213,0.9896103896103896,0.9903525046382189,2693.0
vesal hamedi nia,0.9893877551020408,0.989239332096475,0.9896103896103896,2462.0
Daniel Gormally,0.9915398886827459,0.9888682745825603,0.9955473098330241,2792.0
Nazar Firman,0.9877551020408164,0.9884972170686457,0.9866419294990724,2589.0
Eduardo Marra,0.9873840445269015,0.9881261595547309,0.9862708719851577,2606.0
Piotr Dobrowolski,0.9821150278293136,0.9877551020408163,0.9736549165120594,2706.0
Thomas Rendle,0.9863450834879406,0.9873840445269016,0.984786641929499,2760.0
Руслан Пахомов,0.9896846011131726,0.987012987012987,0.9936920222634509,2511.0
Vladyslav Baziuk,0.9872356215213358,0.9866419294990724,0.9881261595547309,2800.0
Daniel Titichoca Daza,0.9853803339517625,0.9862708719851577,0.9840445269016698,2580.0
John S. White,0.9906493506493508,0.9858998144712431,0.997773654916512,1948.0
Joakim Nilsson,0.9856771799628943,0.9855287569573283,0.9858998144712431,2631.0
Nitish Belurkar,0.983673469387755,0.9851576994434137,0.9814471243042672,2790.0
Carlos Daniel Albornoz Cabrera,0.9822634508348794,0.984786641929499,0.9784786641929499,2819.0
Aleexeey Sueetin,0.9821892393320966,0.9844155844155844,0.9788497217068646,2458.0
Igor Wilk,0.9880519480519481,0.9840445269016698,0.9940630797773655,2633.0
Semen Mitusov,0.9856029684601113,0.9836734693877551,0.9884972170686457,2709.0
Tanraj Sohal,0.978404452690167,0.9833024118738405,0.9710575139146568,2528.0
Bogdan Belyakov,0.977291280148423,0.9829313543599257,0.9688311688311688,2710.0
Sweafty,0.9807792207792208,0.9825602968460111,0.9781076066790353,2633.0
Evandro Amorim Barbosa,0.9804081632653061,0.9821892393320965,0.9777365491651205,2797.0
Maciej Czopor,0.9846382189239333,0.9818181818181818,0.9888682745825603,2816.0
Babageldi Annaberdiyev,0.9701669758812617,0.9814471243042672,0.9532467532467532,2744.0
Jake Shanty,0.9663821892393321,0.9810760667903525,0.9443413729128015,3079.0
Mukhammadzokhid Suyarov,0.9811502782931354,0.9807050092764379,0.9818181818181818,3094.0
Mikhail Chernov,0.9830055658627087,0.9803339517625231,0.987012987012987,2512.0
Maxime Lagarde,0.972987012987013,0.9799628942486085,0.9625231910946197,3016.0
Tobias Voege,0.9424860853432282,0.9795918367346939,0.8868274582560297,2744.0
Irina Bulmaga,0.9737291280148422,0.9792207792207792,0.9654916512059369,2606.0
Andrey Ivanov,0.9745454545454546,0.9788497217068646,0.9680890538033395,2360.0
Alexander Herbrig,0.935139146567718,0.9784786641929499,0.8701298701298701,2577.0
Mikayel Rostomyan,0.9775139146567718,0.9781076066790353,0.9766233766233766,2819.0
Novendra Priasmoro,0.9759554730983302,0.9777365491651205,0.9732838589981447,2900.0
Fabiano Caruana,0.9782560296846011,0.9773654916512059,0.9795918367346939,3171.0
Tymon Ochedzan,0.9804081632653061,0.9769944341372913,0.9855287569573283,2232.0
Semyon Puzyrevsky,0.9650463821892393,0.9766233766233766,0.9476808905380334,2911.0
Yoav Milikow,0.9749165120593692,0.976252319109462,0.9729128014842301,2756.0
Zahar Efimenko,0.9792949907235622,0.9758812615955473,0.9844155844155844,2764.0
Gunnar Lund,0.9484972170686456,0.9755102040816327,0.9079777365491651,2827.0
Aarav Dengla,0.9721706864564008,0.975139146567718,0.9677179962894249,2871.0
Vasilii Titarov,0.9746196660482375,0.9747680890538033,0.9743970315398887,2544.0
Marcel Petersen,0.952430426716141,0.9743970315398887,0.9194805194805195,2703.0
Jan Malek,0.977291280148423,0.974025974025974,0.9821892393320965,2912.0
Loay Sameer,0.9727643784786641,0.9736549165120594,0.9714285714285714,2607.0
Vaclav Finek,0.9528014842300556,0.9732838589981447,0.922077922077922,2958.0
Zarina Shafigullina,0.9794434137291281,0.9729128014842301,0.989239332096475,2446.0
Stefan Mladenovic,0.9716512059369202,0.9725417439703155,0.9703153988868275,2679.0
Alvaro Blanco Fernandez,0.9742486085343227,0.9721706864564007,0.9773654916512059,2320.0
Pranesh M,0.9694248608534324,0.9717996289424861,0.9658627087198516,3196.0
Leandro Formes De Arruda,0.9736549165120594,0.9714285714285714,0.9769944341372913,2401.0
Marie Sebag,0.9777365491651206,0.9710575139146568,0.9877551020408163,2667.0
Jakub Chyży,0.9558441558441558,0.9706864564007421,0.9335807050092765,2587.0
Noël Studer,0.9756586270871985,0.9703153988868275,0.9836734693877551,2650.0
Nikolay Milchev,0.9616326530612246,0.9699443413729129,0.9491651205936921,2570.0
Stefanos Kazantzoglou,0.8912059369202225,0.9695732838589981,0.7736549165120594,2538.0
Dmitry Frolyanov,0.978256029684601,0.9692022263450835,0.9918367346938776,2670.0
Farid Orujov,0.9303896103896104,0.9688311688311688,0.8727272727272727,2821.0
Artem Koval,0.9709833024118739,0.9684601113172542,0.9747680890538033,2619.0
Олег Губанов,0.974025974025974,0.9680890538033395,0.9829313543599257,2465.0
anushurvan graf,0.9588126159554731,0.9677179962894249,0.9454545454545454,2365.0
Mikhail Antipov,0.9709090909090909,0.9673469387755103,0.976252319109462,2987.0
Andrey Tsvetkov,0.9680148423005566,0.9669758812615955,0.9695732838589981,2961.0
x-5963514717,0.9483487940630797,0.9666048237476809,0.9209647495361781,2620.0
ThaKanielOutis,0.9684601113172542,0.9662337662337662,0.9717996289424861,2498.0
Aarit Kapil,0.9501298701298702,0.9658627087198516,0.926530612244898,2731.0
Gustavo Eduardo Nunez V,0.8439332096474954,0.9654916512059369,0.661595547309833,2235.0
Aditya Mittal,0.9532467532467532,0.9651205936920223,0.9354359925788497,3004.0
John Bartholomew,0.9692022263450835,0.9647495361781077,0.9758812615955473,2868.0
Igor Bjelobrk,0.9669016697588126,0.9643784786641929,0.9706864564007421,2694.0
Valery Kazakouski,0.9714285714285714,0.9640074211502783,0.9825602968460111,3028.0
Abdimalik Abdisalimov,0.9391465677179962,0.9636363636363636,0.9024118738404453,2783.0
Hovik Hayrapetyan,0.9644526901669759,0.963265306122449,0.9662337662337662,3060.0
Mykhailo Shinkarev,0.9394434137291281,0.9628942486085343,0.9042671614100185,2535.0
Ahmad Al khatib,0.9043413729128016,0.9625231910946197,0.8170686456400742,2726.0
Daniel Centron Antuna,0.9470129870129871,0.9621521335807051,0.92430426716141,2621.0
Paul Makarov,0.9601484230055659,0.9617810760667903,0.9576994434137291,2402.0
Pavel Plotnikov,0.9606679035250464,0.9614100185528757,0.9595547309833025,2556.0
Kamal Aghasiyev,0.9623747680890538,0.961038961038961,0.9643784786641929,2587.0
Максим Щекачихин,0.9571057513914657,0.9606679035250464,0.9517625231910947,2719.0
Roberto De Abreu,0.9678664192949906,0.9602968460111317,0.9792207792207792,2123.0
Eytan Rozen,0.9620037105751392,0.9599257884972171,0.9651205936920223,2944.0
Dominik Horvath,0.9678664192949907,0.9595547309833025,0.9803339517625231,2890.0
Derlei Alex Florianovitz,0.9375139146567717,0.9591836734693877,0.9050092764378479,2223.0
Oleg Badmatsyrenov,0.9332838589981447,0.9588126159554731,0.8949907235621521,2749.0
Vignir Vatnar Stefansson,0.9550278293135437,0.9584415584415584,0.9499072356215214,2842.0
Xeniya Balabayeva,0.9438218923933209,0.9580705009276438,0.9224489795918367,2495.0
Alexander Zlatin,0.9202968460111317,0.9576994434137291,0.8641929499072356,2562.0
Cristian Adrian Dolezal,0.9303153988868275,0.9573283858998145,0.889795918367347,2542.0
Dinara Wagner,0.9563636363636364,0.9569573283858999,0.9554730983302412,2656.0
Гульдона Каримова,0.9323933209647495,0.9565862708719851,0.8961038961038961,2429.0
Vache Hovakimyan,0.9251948051948051,0.9562152133580705,0.8786641929499073,2687.0
Juan Manuel Garcia Almaguer,0.9631168831168831,0.9558441558441558,0.974025974025974,2489.0
Henrique M A Albergaria Paiva,0.9565120593692022,0.9554730983302412,0.9580705009276438,2314.0
Gonzalo Navarrete,0.8964749536178107,0.9551020408163265,0.8085343228200371,2634.0
Alejandro Cuellar Montes,0.9484972170686456,0.9547309833024119,0.9391465677179963,2562.0
Miguel Munoz,0.9614842300556585,0.9543599257884973,0.9721706864564007,2777.0
SALVA-DALI,0.9419666048237476,0.9539888682745825,0.9239332096474954,2757.0
Aljoscha Feuerstack,0.9681632653061224,0.9536178107606679,0.9899814471243042,2778.0
Alvar Alonso Rosell,0.9382560296846011,0.9532467532467532,0.9157699443413729,2899.0
Cesar Ugarte,0.9273469387755102,0.9528756957328386,0.8890538033395177,2305.0
Robby Kevlishvili,0.9363265306122449,0.952504638218924,0.9120593692022263,3092.0
William Ferreira Da Cruz,0.89291280148423,0.9521335807050093,0.8040816326530612,2514.0
Валерий Свиридов,0.9456771799628942,0.9517625231910947,0.9365491651205937,2933.0
Bilel Bellahcene,0.963265306122449,0.9513914656771799,0.9810760667903525,2460.0
Thomas Bauer,0.9277179962894249,0.9510204081632653,0.8927643784786642,2607.0
Zaur Mammadov,0.9546567717996289,0.9506493506493506,0.9606679035250464,2896.0
Miguel Santos Ruiz,0.9578478664192949,0.950278293135436,0.9692022263450835,2823.0
Andrew Wu,0.9334322820037106,0.9499072356215214,0.9087198515769944,2549.0
Shant Sargsyan,0.9240074211502783,0.9495361781076067,0.8857142857142857,3024.0
Volodymyr Onyshchuk,0.9628200371057514,0.9491651205936921,0.9833024118738405,2964.0
Javier Ruiz Vazquez,0.9007050092764379,0.9487940630797773,0.8285714285714286,2703.0
Oleksandr Bortnyk,0.9525788497217069,0.9484230055658627,0.9588126159554731,3210.0
Andrew Hong,0.9421150278293136,0.948051948051948,0.9332096474953617,2977.0
Максим Матюнин,0.7888682745825603,0.9476808905380334,0.5506493506493506,2574.0
Philipp Sonnenschein,0.951317254174397,0.9473098330241188,0.9573283858998145,2515.0
Andrei-Mihai Bonte,0.9493135435992579,0.9469387755102041,0.9528756957328386,2399.0
Maksym Goroshkov,0.6290909090909091,0.9465677179962895,0.1528756957328386,2845.0
Emerson Veiga,0.9435250463821891,0.9461966604823747,0.939517625231911,2384.0
Michal Provaznik,0.934100185528757,0.9458256029684601,0.9165120593692022,2278.0
Matthew Wadsworth,0.9451576994434138,0.9454545454545454,0.9447124304267162,2777.0
Nikita Fedotov,0.9560667903525046,0.9450834879406308,0.9725417439703155,2565.0
Yulia Efremova,0.94708719851577,0.9447124304267162,0.9506493506493506,2328.0
Jan Gustafsson,0.9435992578849721,0.9443413729128015,0.9424860853432282,2836.0
Lawrence Trent,0.9315027829313545,0.9439703153988869,0.9128014842300557,2710.0
Dávid Haszon De,0.915547309833024,0.9435992578849721,0.8734693877551021,2423.0
anon219,0.9476808905380334,0.9432282003710575,0.9543599257884973,2896.0
Mitch Fishbein,0.9281632653061225,0.9428571428571428,0.9061224489795918,2574.0
Ivan Martic,0.9359554730983303,0.9424860853432282,0.9261595547309833,2579.0
Erik van den Dikkenberg,0.8949165120593692,0.9421150278293136,0.8241187384044527,2146.0
Tobias Kölle,0.836808905380334,0.9417439703153989,0.6794063079777366,3017.0
Hans Niemann,0.950278293135436,0.9413729128014843,0.9636363636363636,3214.0
Pablo Lalanne,0.9515398886827457,0.9410018552875695,0.9673469387755103,2485.0
Isabelle Tamarozi,0.9392949907235622,0.9406307977736549,0.937291280148423,2126.0
Evgenij Novikov,0.9255658627087198,0.9402597402597402,0.9035250463821892,2563.0
Christian Almeida do Nascimento,0.9333580705009277,0.9398886827458256,0.9235621521335807,2635.0
Alon Mindlin,0.9292764378478664,0.939517625231911,0.9139146567717996,2903.0
Greg Shahade,0.908126159554731,0.9391465677179963,0.861595547309833,2783.0
Marko Nenezic,0.9176994434137291,0.9387755102040817,0.8860853432282003,2873.0
Marco Lantini,0.9470129870129871,0.9384044526901669,0.9599257884972171,2517.0
Luis Enrique Valle Maytin,0.8906864564007421,0.9380333951762523,0.8196660482374768,2439.0
Ali Rastbod,0.9446382189239332,0.9376623376623376,0.9551020408163265,2931.0
Arthur Lucas,0.8979591836734693,0.937291280148423,0.8389610389610389,2331.0
Zachary Calderon,0.8300556586270873,0.9369202226345084,0.6697588126159555,2289.0
Roman Novoselov,0.9217068645640074,0.9365491651205937,0.8994434137291281,2641.0
Alexey Kislinsky,0.9453803339517626,0.9361781076066791,0.9591836734693877,2687.0
Adham Fawzy,0.9322448979591837,0.9358070500927643,0.9269016697588126,2973.0
Jeffinho023,0.9321706864564008,0.9354359925788497,0.9272727272727272,2500.0
Ben Finegold,0.8317625231910946,0.935064935064935,0.676808905380334,2587.0
Tobias Lang Nilsen,0.9294990723562152,0.9346938775510204,0.9217068645640074,2596.0
Adam Mekhane,0.8559554730983302,0.9343228200371058,0.738404452690167,2531.0
Sven Tica,0.9523562152133581,0.9339517625231911,0.9799628942486085,2742.0
Kacper Drozdowski,0.7847124304267161,0.9335807050092765,0.5614100185528756,3061.0
Xiaobing Gu,0.9338033395176252,0.9332096474953617,0.9346938775510204,2418.0
Anatoly Bykhovsky,0.9064192949907236,0.9328385899814471,0.8667903525046382,2677.0
Ediz Gürel,0.8748794063079777,0.9324675324675324,0.7884972170686456,3250.0
Bryan Enming Lin,0.9245269016697588,0.9320964749536178,0.9131725417439703,2839.0
thechesscorner 64,0.9314285714285715,0.9317254174397032,0.9309833024118739,2511.0
Christian Koepke,0.8893506493506493,0.9313543599257885,0.8263450834879407,2536.0
Pablo Barrionuevo,0.9441929499072357,0.9309833024118739,0.9640074211502783,2430.0
Vlad Lymar,0.9225974025974025,0.9306122448979591,0.9105751391465677,2635.0
Devina Devagharan,0.8812615955473098,0.9302411873840445,0.8077922077922078,2606.0
Yuriy Kuzubov,0.9175510204081633,0.9298701298701298,0.8990723562152133,2952.0
Medina Paz Miguel 1968,0.9345454545454546,0.9294990723562152,0.9421150278293136,2443.0
Rudi Olenik Campa,0.9378849721706864,0.9291280148423006,0.9510204081632653,2705.0
Liam Putnam,0.8906122448979592,0.9287569573283859,0.8333951762523191,3170.0
Kim Yew Chan,0.9421892393320965,0.9283858998144713,0.9628942486085343,2573.0
Ilja Sirosh,0.9020408163265308,0.9280148423005566,0.8630797773654917,2584.0
Farzad Bolourchifard,0.9058256029684602,0.9276437847866419,0.8730983302411874,2748.0
Eduardo Iturrizaga Bonelli,0.9042671614100185,0.9272727272727272,0.8697588126159554,3010.0
Rafael Ventura dos Santos,0.8449721706864564,0.9269016697588126,0.7220779220779221,2453.0
Jerzy Slaby,0.9281632653061225,0.926530612244898,0.9306122448979591,2641.0
Nitzan Steinberg,0.934025974025974,0.9261595547309833,0.9458256029684601,3006.0
Ori Kobo,0.9369202226345084,0.9257884972170687,0.9536178107606679,2811.0
Daniel Teidi Awoki,0.8874211502782932,0.925417439703154,0.8304267161410018,2336.0
Steven Javier Rojas Salas,0.8386641929499072,0.9250463821892393,0.7090909090909091,2592.0
Vidit Gujrathi,0.9323933209647495,0.9246753246753247,0.9439703153988869,3054.0
Adam Kozak,0.9167346938775509,0.92430426716141,0.9053803339517625,3045.0
S.L. Narayanan,0.8880148423005567,0.9239332096474954,0.8341372912801485,3044.0
Gaioz Nigalidze,0.9302411873840446,0.9235621521335807,0.9402597402597402,2815.0
Denis Khismatullin,0.9344712430426716,0.9231910946196661,0.9513914656771799,2940.0
Zhamsaran Tsydypov,0.91139146567718,0.9228200371057514,0.8942486085343229,3070.0
Bintang Rasyid,0.9217068645640074,0.9224489795918367,0.9205936920222635,2475.0
Arjun Erigaisi,0.9412244897959183,0.922077922077922,0.9699443413729129,3183.0
Bartosz Przybylski,0.8939517625231911,0.9217068645640074,0.8523191094619667,2707.0
Fabio Colonetti,0.9354359925788497,0.9213358070500928,0.9565862708719851,2370.0
Camilo Corredor Castellanos,0.9154730983302413,0.9209647495361781,0.9072356215213359,2575.0
Barnabas Kovacsy,0.8742857142857143,0.9205936920222635,0.8048237476808905,2570.0
Rebeca Garcia Hernandez,0.9387755102040817,0.9202226345083488,0.9666048237476809,2173.0
Szymon Gumularz,0.9237105751391466,0.9198515769944341,0.9294990723562152,3068.0
Aravindh Chithambaram,0.9364007421150278,0.9194805194805195,0.9617810760667903,3035.0
x-3704738925,0.9333580705009277,0.9191094619666048,0.9547309833024119,2743.0
Tangi Migot,0.8911317254174397,0.9187384044526902,0.849721706864564,2523.0
Andrei Olhovik,0.9201484230055659,0.9183673469387755,0.9228200371057514,2633.0
Axel Bachmann,0.9361038961038961,0.9179962894248609,0.963265306122449,2939.0
Cristobal Henriquez,0.9346938775510205,0.9176252319109462,0.9602968460111317,3003.0
Olexandr Shevchuk,0.9168089053803339,0.9172541743970315,0.9161410018552876,2475.0
Alex Arias Igual,0.9293506493506494,0.9168831168831169,0.948051948051948,2320.0
Pavel Salman,0.8612987012987012,0.9165120593692022,0.7784786641929499,2576.0
Kuzmicz Krystian,0.8873469387755102,0.9161410018552876,0.8441558441558441,2735.0
Kemal Bashirov,0.9248237476808905,0.9157699443413729,0.9384044526901669,2657.0
Matthew O'Brien,0.9027829313543599,0.9153988868274583,0.8838589981447125,2712.0
Rohan Rajaram,0.8164749536178109,0.9150278293135437,0.6686456400742115,2646.0
Evgeny Degtiarev,0.9186641929499072,0.9146567717996289,0.9246753246753247,2392.0
Luis Guillermo Antúnez Soler,0.8213729128014842,0.9142857142857143,0.6820037105751392,2601.0
Jude Shearsby,0.8667161410018553,0.9139146567717996,0.7959183673469388,2632.0
Nodirbek Abdusattorov,0.924378478664193,0.913543599257885,0.9406307977736549,3140.0
Денис Денисенко,0.8738404452690167,0.9131725417439703,0.8148423005565862,2447.0
Manolache Marius,0.8706493506493507,0.9128014842300557,0.8074211502782931,2794.0
Amelia Hernandez,0.8625602968460111,0.912430426716141,0.7877551020408163,2230.0
Isak Storme,0.9006307977736548,0.9120593692022263,0.8834879406307977,2539.0
Licael Ticona,0.7371428571428571,0.9116883116883117,0.4753246753246753,2781.0
Thomas Decker,0.9312059369202226,0.911317254174397,0.961038961038961,2388.0
Ömer Faruk Özer,0.9195547309833024,0.9109461966604824,0.9324675324675324,2722.0
londonkid,0.9148794063079777,0.9105751391465677,0.9213358070500928,2506.0
Manuel Petrosyan,0.8840816326530613,0.9102040816326531,0.8448979591836735,3005.0
Sam Schmakel,0.9206679035250465,0.9098330241187385,0.9369202226345084,2903.0
Burak Ozalp,0.9280148423005565,0.9094619666048237,0.9558441558441558,2503.0
Oleksandr Kuzhilniy,0.8325046382189238,0.9090909090909091,0.7176252319109462,2636.0
Fruzsina Szente-Varga,0.8860111317254173,0.9087198515769944,0.8519480519480519,2414.0
Leon Livaic,0.8874211502782932,0.9083487940630798,0.8560296846011132,2998.0
Aleksei Sarana,0.9275695732838591,0.9079777365491651,0.9569573283858999,3204.0
Konstantin Garagulya,0.9061224489795918,0.9076066790352505,0.9038961038961039,2530.0
sofiko tereladze,0.91139146567718,0.9072356215213359,0.9176252319109462,2391.0
Alexander Katz,0.9225974025974026,0.9068645640074211,0.9461966604823747,2723.0
Aarav Sinha,0.8946196660482375,0.9064935064935065,0.876808905380334,2602.0
Спартак Высочин,0.8599628942486085,0.9061224489795918,0.7907235621521336,2724.0
Nahun Gavarrete,0.7108719851576994,0.9057513914656772,0.41855287569573285,2216.0
Igor Miladinovic,0.8932096474953617,0.9053803339517625,0.8749536178107606,2877.0
Robert Baskin,0.9156957328385901,0.9050092764378479,0.9317254174397032,2695.0
goofypenguin96,0.9074582560296847,0.9046382189239333,0.9116883116883117,2585.0
Sergey Drygalov,0.919851576994434,0.9042671614100185,0.9432282003710575,3142.0
Ettore Stromboli,0.7844155844155845,0.9038961038961039,0.6051948051948052,2512.0
Omar Garcia Blanco,0.8846753246753247,0.9035250463821892,0.8564007421150278,2673.0
Daniel Cremisi,0.8834137291280149,0.9031539888682746,0.8538033395176252,2635.0
Tor Fredrik Kaasen,0.9250463821892393,0.9027829313543599,0.9584415584415584,2870.0
Alejandro Pacheco,0.8964749536178107,0.9024118738404453,0.887569573283859,2577.0
Alessio Boraso,0.8742857142857143,0.9020408163265307,0.8326530612244898,2512.0
Kaivalya Sandip Nagare,0.8936549165120593,0.9016697588126159,0.8816326530612245,2827.0
Jaka Brilej,0.908126159554731,0.9012987012987013,0.9183673469387755,2573.0
Karsten Schuster,0.8286456400742115,0.9009276437847866,0.7202226345083488,2465.0
Sasvatha A,0.7108719851576994,0.900556586270872,0.42634508348794065,2381.0
Oleg Kozlov,0.9012244897959184,0.9001855287569573,0.9027829313543599,2747.0
Maksym Dubnevych,0.9247495361781076,0.8998144712430427,0.9621521335807051,3003.0
Jose Javier Gonzalez Castillo,0.9190352504638218,0.8994434137291281,0.9484230055658627,2640.0
Daniel Ser,0.8952133580705008,0.8990723562152133,0.8894248608534323,2515.0
Yurii Khodko,0.8522448979591837,0.8987012987012987,0.7825602968460111,2695.0
Daniel Naroditsky,0.926382189239332,0.898330241187384,0.9684601113172542,3073.0
Arman Geivondian,0.8626345083487941,0.8979591836734694,0.809647495361781,2737.0
Stanley Badacsonyi,0.889721706864564,0.8975881261595547,0.8779220779220779,2770.0
Victor Mikhalevski,0.8834137291280149,0.8972170686456401,0.862708719851577,2763.0
Alexey Reshetnikov,0.887643784786642,0.8968460111317255,0.8738404452690167,2911.0
Mahammad Muradli,0.9203710575139146,0.8964749536178107,0.9562152133580705,3203.0
Valentyn Prokofiev,0.8962523191094619,0.8961038961038961,0.8964749536178107,2683.0
Siem van Dael,0.8733209647495361,0.8957328385899814,0.8397031539888683,2169.0
Sebastian Mihajlov,0.8543970315398887,0.8953617810760668,0.7929499072356215,2844.0
Siar Yaran,0.8992949907235622,0.8949907235621521,0.9057513914656772,2753.0
Juan Cruz Arias,0.8842300556586271,0.8946196660482375,0.8686456400742115,2858.0
Aksel Bu Kvaloy,0.7992578849721708,0.8942486085343229,0.6567717996289425,2924.0
Bibisara Assaubayeva,0.8848237476808906,0.8938775510204081,0.8712430426716141,2854.0
De Silva L.M.S.T,0.8963265306122449,0.8935064935064935,0.900556586270872,2709.0
Robert Gabriel,0.8267903525046383,0.8931354359925788,0.7272727272727273,1917.0
Sameer Mujumdar,0.8538775510204082,0.8927643784786642,0.7955473098330241,2549.0
Arsene Kukhmazov,0.9119851576994433,0.8923933209647495,0.9413729128014843,3054.0
Piotr Brzezina,0.8687198515769945,0.8920222634508349,0.8337662337662337,2733.0
Unknown_IM,0.8938775510204082,0.8916512059369203,0.8972170686456401,2896.0
Thomas Carroll,0.8878664192949907,0.8912801484230055,0.8827458256029684,2545.0
Daniil Dubov,0.9204452690166977,0.8909090909090909,0.9647495361781077,3102.0
Ruslan Gnechko,0.8976623376623376,0.8905380333951762,0.9083487940630798,2498.0
Mladen Gajic,0.8665677179962894,0.8901669758812616,0.8311688311688312,2524.0
moshe katzir,0.8532838589981446,0.889795918367347,0.7985157699443414,2281.0
Pedro Filipe Rego,0.9008534322820037,0.8894248608534323,0.9179962894248609,2497.0
Alexander Alexikov,0.8451205936920223,0.8890538033395177,0.7792207792207793,2279.0
Polina Shuvalova,0.8748794063079777,0.8886827458256029,0.8541743970315399,2908.0
Eray Kilic,0.8516512059369201,0.8883116883116883,0.796660482374768,3023.0
Aakash G,0.8459369202226346,0.8879406307977736,0.7829313543599258,2675.0
Adani Clarke,0.8238961038961039,0.887569573283859,0.7283858998144712,2267.0
Nayem haque,0.8926901669758813,0.8871985157699444,0.9009276437847866,2576.0
Nataliya Buksa,0.8065306122448979,0.8868274582560297,0.6860853432282004,2654.0
Lennis Martinez Ramirez,0.8931354359925788,0.8864564007421151,0.9031539888682746,2805.0
Duc Minh Lai,0.8626345083487941,0.8860853432282003,0.8274582560296846,2731.0
Rodrigo Vasquez,0.8658256029684601,0.8857142857142857,0.8359925788497217,2863.0
Santiago Guevara,0.900482374768089,0.885343228200371,0.9231910946196661,2270.0
Igor Lutz,0.8759183673469388,0.8849721706864564,0.8623376623376623,2155.0
Marlon Javier La Villa Rivas,0.8894990723562153,0.8846011131725418,0.8968460111317255,2502.0
Viacheslav Rozhkov,0.8981818181818182,0.8842300556586271,0.9191094619666048,2487.0
Olga Kuznetsova,0.8751020408163266,0.8838589981447125,0.8619666048237477,2614.0
mapleaff,0.9044155844155843,0.8834879406307977,0.9358070500927643,2399.0
Dimitar Mardov,0.8943970315398886,0.8831168831168831,0.911317254174397,3022.0
Angie Garcia,0.9094619666048237,0.8827458256029684,0.9495361781076067,2165.0
Dila Baloglu,0.8705009276437847,0.8823747680890538,0.8526901669758813,2559.0
Necmettin KORKMAZ,0.8794805194805195,0.8820037105751392,0.87569573283859,2486.0
Evsuld Myagmarsuren,0.8788126159554731,0.8816326530612245,0.874582560296846,2580.0
Siva Mahadevan,0.8358441558441558,0.8812615955473099,0.7677179962894248,2792.0
Michael Concio Jr.,0.7712059369202227,0.8808905380333952,0.6066790352504638,2918.0
Nafisa Muminova,0.8824489795918367,0.8805194805194805,0.885343228200371,2306.0
Julio Cesar Diaz Rosas,0.8841558441558441,0.8801484230055658,0.8901669758812616,2627.0
Richard Vedder,0.8532096474953618,0.8797773654916512,0.8133580705009277,2522.0
Joao Batista Dias,0.7962894248608534,0.8794063079777366,0.6716141001855288,1981.0
Jerzy Jesús Perez Leiva,0.9045640074211503,0.8790352504638219,0.9428571428571428,2601.0
Kateryna Lagno,0.9082003710575139,0.8786641929499073,0.952504638218924,2830.0
Bayastan Sydykov,0.892987012987013,0.8782931354359926,0.9150278293135437,2700.0
William Hernandez Gonzalez,0.8771799628942487,0.8779220779220779,0.8760667903525047,2610.0
Mark Biernacki,0.8245640074211502,0.8775510204081632,0.7450834879406308,2303.0
Jose A. Hernandez Izquierdo,0.8198886827458256,0.8771799628942486,0.733951762523191,2637.0
Logman Guliev,0.8621150278293135,0.876808905380334,0.8400742115027829,2567.0
Tom O'Gorman,0.89721706864564,0.8764378478664193,0.9283858998144713,2640.0
Peter Svidler,0.8696846011131727,0.8760667903525047,0.8601113172541744,2863.0
Eltaj Safarli,0.8777736549165122,0.87569573283859,0.8808905380333952,3007.0
Faustino Oro,0.8503896103896104,0.8753246753246753,0.812987012987013,3172.0
Kevin Joel Cori Quispe,0.8840074211502783,0.8749536178107606,0.8975881261595547,2676.0
Frederik Svane,0.8830426716141002,0.874582560296846,0.8957328385899814,3055.0
Aref Vasli,0.8837105751391465,0.8742115027829314,0.8979591836734694,2633.0
Dmitry Tatarinov,0.9030797773654917,0.8738404452690167,0.9469387755102041,2673.0
Jacob Flynn,0.8503153988868275,0.8734693877551021,0.8155844155844156,2583.0
Narek Ghimoyan,0.8279777365491652,0.8730983302411874,0.7602968460111317,2793.0
Felix Meissner,0.8617439703153988,0.8727272727272727,0.8452690166975881,2469.0
Vladimir Sakun,0.8785899814471243,0.872356215213358,0.8879406307977736,2903.0
Alexandra Obolentseva,0.8286456400742115,0.8719851576994434,0.7636363636363637,2747.0
Hugo Guillemette,0.89847866419295,0.8716141001855288,0.9387755102040817,2364.0
Robert Aloma,0.8948423005565862,0.8712430426716141,0.9302411873840445,2539.0
Aleksey Sorokin,0.825899814471243,0.8708719851576995,0.7584415584415585,2923.0
Juan Alberto Gomez Aguirre,0.7593320964749536,0.8705009276437848,0.5925788497217068,2657.0
Gloomy_Wanderer,0.8879406307977736,0.8701298701298701,0.9146567717996289,2751.0
Adrian Martinez Fernandez,0.8440816326530611,0.8697588126159554,0.8055658627087199,2586.0
Karl-Emil Elmer Nielsen-Refs,0.8123933209647495,0.8693877551020408,0.7269016697588127,2164.0
Antoine Bournel,0.835769944341373,0.8690166975881262,0.785899814471243,2641.0
anon102030,0.895213358070501,0.8686456400742115,0.935064935064935,2778.0
Rohith Krishna,0.8611502782931355,0.8682745825602969,0.8504638218923933,3005.0
Roman Gavrilin,0.9075324675324675,0.8679035250463822,0.9669758812615955,2651.0
Grigoriy Oparin,0.8553617810760668,0.8675324675324675,0.8371057513914657,3055.0
Hikaru Nakamura,0.8917996289424861,0.8671614100185528,0.9287569573283859,3319.0
Gizem Olcayoz,0.7081261595547309,0.8667903525046382,0.4701298701298701,1965.0
Matías Pérez Gormaz,0.8923933209647494,0.8664192949907236,0.9313543599257885,2801.0
Артём Синявский,0.8158812615955473,0.8660482374768089,0.7406307977736549,2588.0
Evgeni Krasilnikov,0.8637476808905381,0.8656771799628943,0.8608534322820037,2481.0
anon6121824,0.859517625231911,0.8653061224489796,0.850834879406308,2898.0
Ян Дьомін,0.8990723562152134,0.8649350649350649,0.950278293135436,2855.0
Ismayil Shahaliyev,0.8782189239332097,0.8645640074211502,0.8987012987012987,2673.0
Sébastien Bouchet,0.8422263450834879,0.8641929499072356,0.8092764378478664,2580.0
Leo Valle Luis,0.8476437847866419,0.863821892393321,0.8233766233766234,2902.0
Jean Marco Cruz Mendez,0.8834879406307977,0.8634508348794063,0.913543599257885,2790.0
Mai Narva,0.8890538033395177,0.8630797773654917,0.9280148423005566,2740.0
Abdulla Gadimbayli,0.808682745825603,0.862708719851577,0.7276437847866419,2831.0
Nino Batsiashvili,0.8663450834879405,0.8623376623376623,0.872356215213358,2549.0
Mustafa Yilmaz,0.8987755102040816,0.8619666048237477,0.9539888682745825,2970.0
Benik Agasarov,0.6676066790352505,0.861595547309833,0.37662337662337664,2806.0
Lucas Pereira Mendes Da Silva,0.8686456400742115,0.8612244897959184,0.8797773654916512,2494.0
Zaur Tekeyev,0.89291280148423,0.8608534322820037,0.9410018552875695,2903.0
Lubov Markelova,0.8708719851576994,0.8604823747680891,0.8864564007421151,2111.0
Pranav Anand,0.8549165120593694,0.8601113172541744,0.8471243042671615,3142.0
Davis Zong,0.8802226345083488,0.8597402597402597,0.9109461966604824,2544.0
Chris L Chambers,0.7649721706864563,0.859369202226345,0.6233766233766234,2181.0
Nadya Toncheva,0.8659740259740261,0.8589981447124304,0.8764378478664193,2662.0
Sergey Nefedov,0.8672356215213358,0.8586270871985158,0.8801484230055658,2787.0
Igor Vershinin,0.8536549165120594,0.8582560296846011,0.8467532467532467,2609.0
Goltsev Dmitry,0.7882745825602968,0.8578849721706865,0.6838589981447124,2859.0
József Mátyás Herpai,0.8895732838589981,0.8575139146567718,0.9376623376623376,2632.0
Hugo Wernberg,0.8,0.8571428571428571,0.7142857142857143,2566.0
Derek Wu,0.8871985157699442,0.8567717996289425,0.9328385899814471,2777.0
Cristian Sanhueza,0.8667903525046381,0.8564007421150278,0.8823747680890538,2567.0
Muhittin Büker,0.8069016697588127,0.8560296846011132,0.7332096474953618,2214.0
Owen McCoy,0.822708719851577,0.8556586270871985,0.7732838589981447,2905.0
Josefine Heinemann,0.8450463821892393,0.8552875695732839,0.8296846011131725,2493.0
Alen Yeremyan,0.8332467532467532,0.8549165120593692,0.8007421150278293,2868.0
Paulius Pultinevičius,0.8566233766233766,0.8545454545454545,0.8597402597402597,2799.0
Paulina Cagara,0.7962894248608534,0.8541743970315399,0.7094619666048237,2210.0
khoipham,0.8460853432282003,0.8538033395176252,0.8345083487940631,2620.0
Нечитайло Нікіта,0.8553617810760668,0.8534322820037106,0.8582560296846011,2271.0
Frederico Matsuura,0.8419294990723563,0.8530612244897959,0.8252319109461966,2295.0
Shakhriyar Mamedyarov,0.8902411873840446,0.8526901669758813,0.9465677179962895,3094.0
Kazybek Nogerbek,0.8714656771799629,0.8523191094619667,0.9001855287569573,3083.0
Alexander Zubov,0.8516512059369202,0.8519480519480519,0.8512059369202226,3018.0
Vignesh N.R,0.8527643784786642,0.8515769944341373,0.8545454545454545,2899.0
Praggnanandhaa Rameshbabu,0.8756957328385899,0.8512059369202226,0.912430426716141,3189.0
Leonid Sokolin,0.8779962894248609,0.850834879406308,0.9187384044526902,2635.0
Conrad Holt,0.8635250463821892,0.8504638218923933,0.8831168831168831,2954.0
Semen Khanin,0.8757699443413729,0.8500927643784787,0.9142857142857143,2919.0
Lucas Liascovich,0.7197031539888683,0.849721706864564,0.5246753246753246,2929.0
Nodar Lortkipanidze,0.8885343228200371,0.8493506493506493,0.9473098330241188,2956.0
Mamikon Gharibyan,0.8719851576994434,0.8489795918367347,0.9064935064935065,2947.0
Igor Kovalenko,0.8297588126159554,0.84860853432282,0.8014842300556586,2958.0
Maksim Chigaev,0.8768831168831168,0.8482374768089054,0.9198515769944341,3077.0
Nikita Shandrygin,0.8824489795918367,0.8478664192949907,0.9343228200371058,2774.0
Michel Alejandro Diaz Perez,0.8795547309833024,0.8474953617810761,0.9276437847866419,2742.0
Georgios Alexandros Kouskoutis,0.7791465677179963,0.8471243042671615,0.6771799628942486,2540.0
Dmitry Kirillov,0.8742115027829314,0.8467532467532467,0.9153988868274583,2511.0
Ernesto Javier Fernandez Guillen,0.8098701298701299,0.8463821892393321,0.7551020408163265,2881.0
Kadir Soria Delgado,0.8537291280148424,0.8460111317254174,0.8653061224489796,2317.0
Nikita Khoroshev,0.7853803339517624,0.8456400742115028,0.6949907235621521,2785.0
Enrique Tejedor Fuente,0.5472356215213358,0.8452690166975881,0.10018552875695733,2688.0
Mateus Costamilan Tomiello,0.8557328385899814,0.8448979591836735,0.8719851576994434,2606.0
Mobina Alinasab,0.8439332096474954,0.8445269016697589,0.8430426716141002,2753.0
Vitorio Chemin,0.8385157699443413,0.8441558441558441,0.8300556586270872,2091.0
Andre Kunz,0.8332467532467531,0.8437847866419295,0.8174397031539888,2222.0
Iwo Godzwon,0.8834879406307977,0.8434137291280148,0.9435992578849721,2720.0
BikingBrian,0.7869387755102041,0.8430426716141002,0.7027829313543599,2306.0
Mikhail Demidov,0.8064564007421151,0.8426716141001855,0.7521335807050092,3036.0
Alexandr A Smirnov,0.8632282003710575,0.8423005565862709,0.8946196660482375,2634.0
Artem Galaktionov,0.7997773654916511,0.8419294990723563,0.7365491651205937,2913.0
Nikolozi Kacharava,0.8016326530612244,0.8415584415584415,0.7417439703153988,2828.0
Patrick Perry,0.7699443413729128,0.8411873840445269,0.6630797773654916,2254.0
Jake Darmanin,0.8566975881261595,0.8408163265306122,0.8805194805194805,2468.0
Matvey Galchenko,0.8469758812615955,0.8404452690166976,0.8567717996289425,2968.0
Marat Denishev,0.8742115027829314,0.8400742115027829,0.925417439703154,2855.0
Victor Labussiere,0.7521335807050094,0.8397031539888683,0.6207792207792208,2551.0
Alberto Guzman Moneo,0.7246011131725417,0.8393320964749537,0.5525046382189239,2347.0
Ian Ocampos,0.856178107606679,0.8389610389610389,0.8820037105751392,2600.0
Alexey Kovalchuk,0.8089053803339518,0.8385899814471243,0.764378478664193,2674.0
Wanderlei Lukachewski Junior,0.7313543599257885,0.8382189239332096,0.5710575139146568,2483.0
Jens Hirneise,0.8298330241187384,0.837847866419295,0.8178107606679035,2558.0
Álvaro Valdés,0.8101669758812615,0.8374768089053803,0.7692022263450835,2536.0
Andrzej Krzywda,0.8523933209647496,0.8371057513914657,0.8753246753246753,2545.0
Antoni Kozak,0.81847866419295,0.8367346938775511,0.7910946196660482,3022.0
Сергей Ярый,0.7367717996289423,0.8363636363636363,0.5873840445269016,2627.0
Jeevan Karamsetty,0.8401484230055658,0.8359925788497217,0.8463821892393321,2785.0
Georgios Souleidis,0.7882745825602968,0.835621521335807,0.7172541743970315,2753.0
Jaime Santos Latasa,0.8380705009276438,0.8352504638218924,0.8423005565862709,2985.0
Diana Preobrazhenskaya,0.7266790352504638,0.8348794063079777,0.564378478664193,2495.0
Gerodot71,0.8253061224489795,0.8345083487940631,0.8115027829313544,2737.0
Maxim Novik,0.8632282003710576,0.8341372912801485,0.9068645640074211,2635.0
Alan Pichot,0.8730983302411873,0.8337662337662337,0.9320964749536178,3007.0
Andreas Skotheim,0.7425602968460111,0.8333951762523191,0.6063079777365492,2640.0
Peter Keller,0.8389610389610389,0.8330241187384044,0.8478664192949907,2466.0
Bach Ngoc Thuy Duong,0.8408163265306123,0.8326530612244898,0.8530612244897959,2380.0
Devindya Oshini Gunawardhana,0.8633024118738405,0.8322820037105751,0.9098330241187385,2532.0
Eric Hansen,0.846456400742115,0.8319109461966605,0.8682745825602969,2959.0
Mark Josse,0.7313543599257886,0.8315398886827459,0.5810760667903525,2296.0
Michalina Rudzińska,0.8408163265306123,0.8311688311688312,0.8552875695732839,2586.0
Oliver Wartiovaara,0.8346567717996289,0.8307977736549165,0.8404452690166976,2643.0
Vugar Rasulov,0.8305751391465677,0.8304267161410018,0.8307977736549165,3148.0
Maxime Vachier-Lagrave,0.8696846011131725,0.8300556586270872,0.9291280148423006,3249.0
mattcolins2025,0.7444897959183674,0.8296846011131725,0.6166975881261596,2607.0
Mikkel Jacobsen,0.8034879406307978,0.8293135435992579,0.7647495361781076,2550.0
Denes Boros,0.8262708719851577,0.8289424860853433,0.8222634508348794,2985.0
Petro Golubka,0.8426716141001855,0.8285714285714286,0.863821892393321,2750.0
Frankie Badacsonyi,0.8184044526901669,0.8282003710575139,0.8037105751391466,2504.0
Saravana Krishnan P,0.8386641929499072,0.8278293135435992,0.8549165120593692,2515.0
Kevin Bordi,0.7329128014842301,0.8274582560296846,0.5910946196660483,2953.0
Vaibhav Raut,0.7997773654916511,0.82708719851577,0.7588126159554731,2645.0
Uurtsaikh Agibileg,0.8155844155844156,0.8267161410018553,0.798886827458256,2723.0
Rene Humberto Perera Alfonso,0.7813729128014842,0.8263450834879407,0.7139146567717997,2372.0
Jung Min Seo,0.7845640074211503,0.825974025974026,0.7224489795918367,2828.0
Alex Krstulovic,0.780482374768089,0.8256029684601113,0.7128014842300556,2646.0
Dmitrij Kollars,0.8469016697588125,0.8252319109461966,0.8794063079777366,3049.0
Sahebali Atanejhad,0.8214471243042671,0.824860853432282,0.8163265306122449,2491.0
Al-Saffar Araz Basim,0.807569573283859,0.8244897959183674,0.7821892393320965,2564.0
Ralph Federick Tan,0.8132838589981447,0.8241187384044527,0.7970315398886827,2472.0
Paweł Sowiński,0.8515027829313544,0.8237476808905381,0.8931354359925788,2949.0
Aditya Varun Gampa,0.8253061224489796,0.8233766233766234,0.8282003710575139,2687.0
Almas Rakhmatullaev,0.7824860853432282,0.8230055658627087,0.7217068645640075,3047.0
Kashish Jain,0.8027458256029685,0.822634508348794,0.77291280148423,2815.0
Vitor Ferreira,0.8307235621521336,0.8222634508348794,0.8434137291280148,2603.0
Allahverdi Hamidov,0.8138775510204082,0.8218923933209648,0.8018552875695732,2817.0
Karthik Rajaa,0.8510575139146568,0.8215213358070501,0.8953617810760668,2713.0
Abhimanyu Puranik,0.8662708719851577,0.8211502782931355,0.9339517625231911,2989.0
boris abrashkin,0.8314656771799629,0.8207792207792208,0.8474953617810761,2682.0
Alejandro Uzcategui Rodriguez,0.8207050092764379,0.8204081632653061,0.8211502782931355,2527.0
Ivan Aldokhin,0.8384415584415584,0.8200371057513914,0.8660482374768089,2607.0
Sina Movahed,0.7917625231910945,0.8196660482374768,0.7499072356215213,3201.0
Aram Hakobyan,0.7208905380333952,0.8192949907235622,0.5732838589981447,3048.0
Phileas Mathieu,0.8284230055658627,0.8189239332096475,0.8426716141001855,2701.0
Alicja Sliwicka,0.7697217068645641,0.8185528756957329,0.6964749536178108,2642.0
Renato Terry,0.8266419294990723,0.8181818181818182,0.8393320964749537,3145.0
Maciej Sroczyński,0.8206307977736549,0.8178107606679035,0.824860853432282,2579.0
Tigran Nazaretyan,0.793395176252319,0.8174397031539888,0.7573283858998144,2637.0
Andrey Klymchuk,0.8332467532467532,0.8170686456400742,0.8575139146567718,2904.0
Marko Srebrnic,0.7672727272727273,0.8166975881261596,0.6931354359925789,2486.0
Rafael Vahanyan,0.8077179962894249,0.8163265306122449,0.7948051948051948,2660.0
Renato Quintiliano,0.8465306122448979,0.8159554730983303,0.8923933209647495,2823.0
Airat Sadubayev,0.7548794063079778,0.8155844155844156,0.663821892393321,2715.0
Pavel Smirnov,0.8285714285714285,0.8152133580705009,0.84860853432282,2743.0
Egor Bykov,0.8633766233766234,0.8148423005565862,0.9361781076066791,2704.0
Kacper Ugorek,0.7142857142857142,0.8144712430426716,0.5640074211502782,2802.0
Mohammad Fahad Rahman,0.8371057513914657,0.814100185528757,0.8716141001855288,2784.0
Semetey Tologontegin,0.8177365491651206,0.8137291280148423,0.8237476808905381,2670.0
Mukhiddin Madaminov,0.8246382189239332,0.8133580705009277,0.8415584415584415,3030.0
Evelina Zavivaeva,0.8578107606679035,0.812987012987013,0.9250463821892393,1583.0
Zachary Tanenbaum,0.7953988868274582,0.8126159554730983,0.7695732838589981,2806.0
Slaven Pastar,0.7542115027829313,0.8122448979591836,0.6671614100185529,2802.0
Koosha Jaferian,0.777291280148423,0.811873840445269,0.725417439703154,2773.0
Sergey Slugin,0.8506864564007421,0.8115027829313544,0.9094619666048237,2649.0
Viktor Skliarov,0.7971799628942486,0.8111317254174397,0.776252319109462,2690.0
Nikolas Koutlas,0.8413358070500928,0.8107606679035251,0.8871985157699444,2572.0
Roman Pyrih,0.7909461966604824,0.8103896103896104,0.7617810760667904,2961.0
Guillermo José Llanos,0.8018552875695732,0.8100185528756957,0.7896103896103897,2406.0
Ivan Krylov,0.7495361781076066,0.809647495361781,0.6593692022263451,2649.0
Blaz Bratovic,0.8128385899814472,0.8092764378478664,0.8181818181818182,2482.0
Lars Andreassen,0.8330983302411874,0.8089053803339518,0.8693877551020408,2367.0
Olga Babiy,0.8367346938775511,0.8085343228200371,0.8790352504638219,2455.0
Alexander Grischuk,0.8489795918367347,0.8081632653061225,0.9102040816326531,3134.0
Maxim Matlakov,0.8401484230055659,0.8077922077922078,0.8886827458256029,3035.0
Tarun Kanyamarala,0.8381447124304267,0.8074211502782931,0.8842300556586271,2557.0
Andrii Palchuk,0.8300556586270871,0.8070500927643784,0.8645640074211502,2671.0
Nguyen Ngoc Truong Son,0.7758070500927644,0.8066790352504638,0.7294990723562153,2979.0
Ruslan Momunaliev,0.7982931354359926,0.8063079777365492,0.7862708719851577,2676.0
Francesco Sonis,0.845417439703154,0.8059369202226345,0.9046382189239333,3007.0
Graham Horobetz,0.8030426716141001,0.8055658627087199,0.7992578849721707,2700.0
Gyula Pap,0.7951020408163265,0.8051948051948052,0.7799628942486085,3000.0
Pavel Tregubov,0.8382189239332096,0.8048237476808905,0.8883116883116883,2596.0
Kirill Kotlyar,0.7909461966604823,0.8044526901669758,0.7706864564007421,2653.0
Mathis Sabatier,0.8230797773654916,0.8040816326530612,0.8515769944341373,2452.0
Vlada Sviridova,0.7853061224489796,0.8037105751391466,0.7576994434137291,2166.0
Lenaerts Lennert,0.774100185528757,0.8033395176252319,0.7302411873840445,2617.0
Aaditya Dhingra,0.8584786641929499,0.8029684601113173,0.9417439703153989,2694.0
Микола Боднар,0.8131354359925789,0.8025974025974026,0.8289424860853433,2635.0
Sarp Sahin,0.8120222634508348,0.8022263450834879,0.8267161410018553,2453.0
Viktor Ianov,0.7936920222634508,0.8018552875695732,0.7814471243042672,2552.0
Vladislav Kovalev,0.8476437847866419,0.8014842300556586,0.9168831168831169,2844.0
Aleksandr Usov,0.6457142857142857,0.801113172541744,0.4126159554730983,2966.0
Jason Morefield,0.8169202226345084,0.8007421150278293,0.8411873840445269,2871.0
Suresh Harsh,0.7101298701298702,0.8003710575139147,0.5747680890538034,2811.0
Mika Karttunen,0.8020779220779222,0.8,0.8051948051948052,2754.0
Aleksa Micic,0.8100185528756957,0.7996289424860853,0.8256029684601113,2380.0
MillyNeuf,0.6889795918367346,0.7992578849721707,0.5235621521335807,2636.0
Grigoriy Sharankov,0.8552875695732838,0.798886827458256,0.9398886827458256,2508.0
Moritz Weishäutel,0.79569573283859,0.7985157699443414,0.7914656771799629,2770.0
Steve Harrington,0.7911688311688312,0.7981447124304267,0.7807050092764378,2127.0
Sławomir Kurpiewski,0.6288682745825603,0.7977736549165121,0.37551020408163266,2139.0
Sergio Barrientos Chavarria,0.7953246753246754,0.7974025974025974,0.7922077922077922,2744.0
Praveen Balakrishnan,0.7890166975881261,0.7970315398886827,0.7769944341372913,2855.0
Samvel Ter-Sahakyan,0.8588497217068646,0.796660482374768,0.9521335807050093,3031.0
Jan Klimkowski,0.8044526901669758,0.7962894248608534,0.8166975881261596,2999.0
Pranav V,0.8212987012987012,0.7959183673469388,0.859369202226345,3169.0
Jonas Bjerre,0.8525417439703153,0.7955473098330241,0.9380333951762523,2962.0
Anish Giri,0.8309461966604823,0.7951762523191095,0.8846011131725418,3150.0
Vladimir Zakhartsov,0.8200371057513915,0.7948051948051948,0.8578849721706865,2977.0
Polina Gutkovich,0.7913172541743969,0.7944341372912801,0.7866419294990723,2246.0
Arush Chitre,0.786048237476809,0.7940630797773655,0.7740259740259741,2934.0
Krzysztof Budrewicz,0.7208163265306122,0.7936920222634508,0.6115027829313544,2594.0
RupeshReddyY,0.8231539888682746,0.7933209647495362,0.8679035250463822,2492.0
Aran Köhler,0.7356586270871985,0.7929499072356215,0.649721706864564,2134.0
Olga Girya,0.78278293135436,0.7925788497217069,0.7680890538033395,2595.0
Kirill Kuderinov,0.7954730983302412,0.7922077922077922,0.8003710575139147,2669.0
Evgenij Kretov,0.8037105751391465,0.7918367346938775,0.8215213358070501,2761.0
Anatoly Donskov,0.7797402597402597,0.7914656771799629,0.762152133580705,2510.0
Marlon Jodar,0.7921335807050092,0.7910946196660482,0.7936920222634508,2338.0
Oleksandr Vasynda,0.6436363636363637,0.7907235621521336,0.4230055658627087,2650.0
VladimirKramnik,0.8307235621521336,0.7903525046382189,0.8912801484230055,3062.0
Tommi Luukkonen,0.6952875695732839,0.7899814471243043,0.5532467532467532,2449.0
Filip Haring,0.7965862708719852,0.7896103896103897,0.8070500927643784,2804.0
Alexandra Kosteniuk,0.8046753246753247,0.7892393320964749,0.8278293135435992,2828.0
Parham Maghsoodloo,0.7980705009276438,0.7888682745825603,0.811873840445269,3272.0
Sammed Shete,0.7871614100185529,0.7884972170686456,0.7851576994434137,2658.0
Аrtеm Odеgоv,0.7633395176252319,0.788126159554731,0.7261595547309833,2906.0
Zachary Liu,0.8325788497217069,0.7877551020408163,0.8998144712430427,2561.0
Tharushi T.H.D. Niklesha,0.7284601113172542,0.7873840445269017,0.640074211502783,2132.0
Kirill Kozionov,0.8067532467532468,0.787012987012987,0.8363636363636363,2492.0
Dominique Myers,0.7945083487940631,0.7866419294990723,0.8063079777365492,2419.0
Marc LLari,0.5100556586270871,0.7862708719851577,0.09573283858998145,2555.0
Kiborg95,0.7640816326530612,0.785899814471243,0.7313543599257885,2839.0
Salem AR Saleh,0.7939888682745826,0.7855287569573284,0.8066790352504638,3186.0
Arseniy Nesterov,0.8173654916512059,0.7851576994434137,0.8656771799628943,3101.0
Blazej Grot,0.7951762523191095,0.7847866419294991,0.8107606679035251,2708.0
Attila Turzo,0.7409276437847867,0.7844155844155845,0.67569573283859,2534.0
Shreyas Royal,0.783747680890538,0.7840445269016698,0.7833024118738404,2843.0
Roman Shogdzhiev,0.7428571428571429,0.7836734693877551,0.6816326530612244,2822.0
Marcos Lianes,0.767421150278293,0.7833024118738404,0.7435992578849722,2916.0
Sergio Hernández Leon,0.8023747680890538,0.7829313543599258,0.8315398886827459,2503.0
Arjun Adireddy,0.7515398886827458,0.7825602968460111,0.7050092764378478,2601.0
Wouter Terlouw,0.7030797773654917,0.7821892393320965,0.5844155844155844,2552.0
x-8127726737,0.8471243042671615,0.7818181818181819,0.9450834879406308,2379.0
Lucas DI NICOLANTONIO,0.832504638218924,0.7814471243042672,0.9090909090909091,2603.0
Matías Mingo Fernández,0.7374397031539888,0.7810760667903525,0.6719851576994434,2382.0
Oleg Terletsky,0.8197402597402598,0.7807050092764378,0.8782931354359926,2533.0
Reza Mahdavi,0.8244155844155844,0.7803339517625232,0.8905380333951762,3057.0
Ruben Gideon Köllner,0.6888311688311688,0.7799628942486085,0.5521335807050093,2830.0
Miran Oganian,0.6702040816326531,0.7795918367346939,0.5061224489795918,2766.0
Suleyman Suleymanlı,0.7866419294990723,0.7792207792207793,0.7977736549165121,2823.0
Batuhan Özen,0.7674211502782933,0.7788497217068646,0.750278293135436,2504.0
Jacques Muller Luxama,0.7658627087198515,0.7784786641929499,0.746938775510204,1876.0
Daniil Lintchevski,0.643191094619666,0.7781076066790352,0.44081632653061226,2914.0
Ian Nepomniachtchi,0.833543599257885,0.7777365491651206,0.9172541743970315,3195.0
Roman Tomaszewski,0.7666790352504638,0.7773654916512059,0.7506493506493507,2218.0
Plamen Stefanov,0.7033766233766234,0.7769944341372913,0.5929499072356216,2201.0
Maroun Tomb,0.837922077922078,0.7766233766233767,0.9298701298701298,2552.0
Sanan Sjugirov,0.8250834879406308,0.776252319109462,0.898330241187384,3121.0
Olga Matveeva,0.8261966604823747,0.7758812615955473,0.9016697588126159,2444.0
Marc Balague Camps,0.7452319109461967,0.7755102040816326,0.6998144712430426,2545.0
Aadit Bhatia,0.7341743970315399,0.775139146567718,0.6727272727272727,2528.0
Nikhil Dixit,0.6711688311688312,0.7747680890538033,0.5157699443413729,2535.0
Vinzent Spitzl,0.7782560296846012,0.7743970315398887,0.7840445269016698,2574.0
Irina Petrova,0.7385528756957329,0.7740259740259741,0.6853432282003711,2305.0
Abtin Atakhan,0.7982931354359926,0.7736549165120594,0.8352504638218924,2923.0
Maxim Ventura,0.7630426716141001,0.7732838589981447,0.7476808905380334,2505.0
Chris Baker,0.8079406307977737,0.77291280148423,0.8604823747680891,2166.0
Yair Parkhov,0.7412244897959184,0.7725417439703154,0.6942486085343228,2687.0
Andrei Shishkov,0.8092764378478664,0.7721706864564007,0.8649350649350649,2498.0
Facundo Vazquez,0.6961038961038961,0.7717996289424861,0.5825602968460112,2792.0
Símon Þórhallsson,0.8125417439703154,0.7714285714285715,0.8742115027829314,2603.0
Vincent Keymer,0.8234508348794063,0.7710575139146568,0.9020408163265307,3165.0
Vladimir Fedoseev,0.8229313543599257,0.7706864564007421,0.9012987012987013,3109.0
Leon Luke Mendonca,0.7689795918367347,0.7703153988868274,0.7669758812615955,3039.0
Dan Herman,0.8144712430426716,0.7699443413729128,0.8812615955473099,2442.0
BOZNENA PIDDUBNA,0.6848237476808905,0.7695732838589981,0.5576994434137291,2487.0
Mitrabha Guha,0.7825602968460111,0.7692022263450835,0.8025974025974026,2921.0
Arman Erzhanov,0.7110946196660483,0.7688311688311689,0.6244897959183674,2653.0
Rafael Teixeira,0.8045269016697588,0.7684601113172542,0.8586270871985158,2234.0
David Anton Guijarro,0.8008905380333952,0.7680890538033395,0.8500927643784787,3066.0
Felix Hindermann,0.6350278293135436,0.7677179962894248,0.4359925788497217,2596.0
Julien Dubreuil,0.8017810760667903,0.7673469387755102,0.8534322820037106,2440.0
Magnus Carlsen,0.8169944341372912,0.7669758812615955,0.8920222634508349,3309.0
Timur Yonal,0.7769944341372913,0.7666048237476809,0.7925788497217069,2478.0
Sam Sevian,0.7721706864564007,0.7662337662337663,0.7810760667903525,3093.0
Rohit S,0.7342486085343228,0.7658627087198516,0.6868274582560296,2813.0
Никита Майоров,0.7856771799628943,0.7654916512059369,0.8159554730983303,2430.0
Evan S. Rosenberg,0.7296474953617811,0.7651205936920222,0.6764378478664193,2492.0
Павел Торопов,0.7981447124304267,0.7647495361781076,0.8482374768089054,2595.0
Raunak Sadhwani,0.809647495361781,0.764378478664193,0.8775510204081632,3166.0
Julian Estrada,0.7344712430426716,0.7640074211502783,0.6901669758812616,2557.0
Boris Savchenko,0.8026716141001855,0.7636363636363637,0.8612244897959184,2749.0
Tuan Minh Le,0.7479777365491651,0.763265306122449,0.7250463821892393,3224.0
Mostafa Sakhaei,0.7952504638218924,0.7628942486085343,0.8437847866419295,2558.0
Inigo Riveiro,0.6801484230055659,0.7625231910946196,0.5565862708719852,2564.0
Mathias Womacka,0.7369202226345083,0.762152133580705,0.6990723562152134,2608.0
Martin Chlpík,0.6440816326530612,0.7617810760667904,0.4675324675324675,2306.0
Rafał Tymrakiewicz,0.785899814471243,0.7614100185528757,0.822634508348794,2471.0
Vahap Sanal,0.7191836734693877,0.7610389610389611,0.6564007421150279,2966.0
Rian Kapriaga,0.7352875695732839,0.7606679035250464,0.69721706864564,2414.0
"Yang, Kaiqi",0.8242671614100185,0.7602968460111317,0.9202226345083488,2604.0
Roman Ovetchkin,0.7482003710575138,0.759925788497217,0.7306122448979592,2658.0
TatjanaVasilevich,0.707012987012987,0.7595547309833024,0.6282003710575139,2719.0
Nate Solon,0.7228200371057514,0.7591836734693878,0.6682745825602968,2603.0
Konstantin Bazarov,0.7182931354359926,0.7588126159554731,0.6575139146567718,2744.0
Mario Andres Fernández Sánchez,0.7376623376623377,0.7584415584415585,0.7064935064935065,2156.0
Arseny Alavkin,0.6802968460111317,0.7580705009276438,0.5636363636363636,2579.0
Cptn2,0.7210389610389609,0.7576994434137291,0.6660482374768089,2800.0
Karina Ambartsumova,0.7997773654916511,0.7573283858998144,0.8634508348794063,2750.0
Vahe Danielyan,0.8244897959183674,0.7569573283858998,0.9257884972170687,2730.0
Pavel Skatchkov,0.7856771799628943,0.7565862708719852,0.8293135435992579,2726.0
Georg Seul,0.7486456400742115,0.7562152133580705,0.737291280148423,2605.0
Robert L. Hess,0.7743970315398887,0.7558441558441559,0.8022263450834879,2876.0
Paweł Kukuła,0.7483487940630797,0.7554730983302412,0.7376623376623377,2602.0
Artyom Manukyan,0.762077922077922,0.7551020408163265,0.7725417439703154,2591.0
Roven Vogel,0.7810018552875695,0.7547309833024118,0.8204081632653061,2945.0
Sam Shankland,0.7991836734693878,0.7543599257884972,0.8664192949907236,2984.0
Aryan Tari,0.7856029684601114,0.7539888682745826,0.8330241187384044,3041.0
Igor Lysyj,0.7871614100185529,0.7536178107606679,0.8374768089053803,2947.0
Daniil Plyasunov,0.7039703153988868,0.7532467532467533,0.6300556586270872,2910.0
Eldiar Orozbaev,0.6449721706864564,0.7528756957328386,0.4831168831168831,2788.0
Srihari L R,0.760074211502783,0.7525046382189239,0.7714285714285715,2918.0
Grzegorz Nasuta,0.8076437847866419,0.7521335807050092,0.8909090909090909,2758.0
Komal Kishore Pothuri,0.7311317254174396,0.7517625231910946,0.7001855287569573,2236.0
Alexandra Samaganova,0.6477922077922078,0.75139146567718,0.4923933209647495,2376.0
Gabor Nagy,0.7594805194805194,0.7510204081632653,0.7721706864564007,3001.0
Vladyslav Sydoryka,0.7631168831168831,0.7506493506493507,0.7818181818181819,2803.0
Harsha Bharathakoti,0.7884230055658628,0.750278293135436,0.8456400742115028,3065.0
Vadym Petrovskyi,0.7697959183673468,0.7499072356215213,0.7996289424860853,2811.0
Ranindu Dilshan Liyanage,0.7839703153988868,0.7495361781076066,0.835621521335807,2756.0
Jeffery Xiong,0.7976994434137291,0.749165120593692,0.8705009276437848,3117.0
David Gorodetzky,0.7315769944341373,0.7487940630797774,0.7057513914656772,3034.0
Martin Matthiesen,0.7110204081632653,0.7484230055658627,0.6549165120593692,2514.0
Andrei Macovei,0.7211873840445269,0.7480519480519481,0.6808905380333952,2752.0
Nikita Filindash,0.7646011131725419,0.7476808905380334,0.7899814471243043,2375.0
Papp Levente,0.7823376623376623,0.7473098330241187,0.8348794063079777,2683.0
Denis Kovalev,0.7117625231910947,0.746938775510204,0.6589981447124305,2775.0
Andrey Gorovets,0.7703153988868274,0.7465677179962894,0.8059369202226345,2877.0
Nikolay Maevskiy,0.6794063079777365,0.7461966604823748,0.5792207792207792,2744.0
Marius Fromm,0.7951020408163265,0.7458256029684601,0.8690166975881262,2650.0
Bharath Subramaniyam.H Harishankkar,0.7662337662337663,0.7454545454545455,0.7974025974025974,3040.0
Jakub Fus,0.7431539888682747,0.7450834879406308,0.7402597402597403,2821.0
Kavyev_Ruslan,0.7405565862708721,0.7447124304267161,0.7343228200371058,2228.0
Sargis Sargissyan,0.7795176252319109,0.7443413729128014,0.8322820037105751,2473.0
Arman Ghevondyan,0.7292764378478664,0.7439703153988868,0.7072356215213358,2561.0
Vinicius Tiné Martins,0.781595547309833,0.7435992578849722,0.8385899814471243,2522.0
Ari Guz,0.7694990723562152,0.7432282003710575,0.8089053803339518,2716.0
Umid Aslanov,0.7409276437847867,0.7428571428571429,0.7380333951762523,2775.0
Ivan Zemlyanskii,0.7994805194805195,0.7424860853432282,0.8849721706864564,3183.0
Mohsen Gabr,0.6368831168831168,0.7421150278293135,0.4790352504638219,2652.0
Karsten Schulz,0.6636734693877551,0.7417439703153988,0.5465677179962894,2526.0
Hrant Melkumyan,0.7522077922077922,0.7413729128014842,0.7684601113172542,2939.0
Stephen Willy,0.7754359925788498,0.7410018552875696,0.82708719851577,2557.0
PAULO CÉSAR COSTA,0.733951762523191,0.7406307977736549,0.7239332096474954,2322.0
Kelvin Sánchez,0.7436734693877551,0.7402597402597403,0.7487940630797774,2689.0
Leandro Krysa,0.729795918367347,0.7398886827458256,0.7146567717996289,2823.0
Savitha Shri B,0.7800371057513915,0.7395176252319109,0.8408163265306122,2736.0
Todd Andrews,0.7280148423005566,0.7391465677179963,0.7113172541743971,2568.0
Andrey Drygalov,0.7574768089053803,0.7387755102040816,0.7855287569573284,3041.0
Klementy Sychev,0.7495361781076066,0.738404452690167,0.7662337662337663,2929.0
Chelsie Monica Ignesias Sihite,0.6984044526901669,0.7380333951762523,0.638961038961039,2521.0
Irene Sukandar,0.7861966604823748,0.7376623376623377,0.8589981447124304,2526.0
Linxi Zhu,0.6857884972170687,0.737291280148423,0.608534322820037,2635.0
Bardiya Daneshvar,0.6950649350649352,0.7369202226345084,0.6322820037105752,3087.0
Jun Zhao,0.7797402597402597,0.7365491651205937,0.8445269016697589,2861.0
Richard Stalmach,0.723116883116883,0.736178107606679,0.7035250463821893,2534.0
Marco Materia,0.798886827458256,0.7358070500927644,0.8935064935064935,2979.0
Mihnea Costachi,0.6407421150278293,0.7354359925788497,0.4987012987012987,3014.0
Gata Kamsky,0.74708719851577,0.7350649350649351,0.7651205936920222,2868.0
Maxi Perez,0.7682374768089054,0.7346938775510204,0.8185528756957329,2673.0
Manvel Arakelyan,0.7561410018552877,0.7343228200371058,0.7888682745825603,2833.0
Maksim Volkov,0.7661595547309833,0.733951762523191,0.8144712430426716,2926.0
Martyn Kravtsiv,0.7605936920222635,0.7335807050092764,0.801113172541744,2945.0
Mamedov Edgar,0.6935807050092764,0.7332096474953618,0.6341372912801484,2922.0
Murad İbrahimli,0.7743970315398887,0.7328385899814471,0.8367346938775511,3023.0
Daouda Ethmane,0.6782931354359926,0.7324675324675325,0.5970315398886827,2166.0
Filip Boe Olsen,0.6915769944341373,0.7320964749536178,0.6307977736549165,2679.0
Shane Melaugh,0.7409276437847867,0.7317254174397032,0.7547309833024118,2503.0
Vladimir Belous,0.7564378478664193,0.7313543599257885,0.7940630797773655,2913.0
Pavel Eljanov,0.7738775510204081,0.7309833024118738,0.8382189239332096,2965.0
Cindy Qiao,0.7484230055658627,0.7306122448979592,0.775139146567718,2393.0
Tejas Rama,0.7297959183673469,0.7302411873840445,0.7291280148423006,2588.0
Vladislav Artemiev,0.7862708719851578,0.7298701298701299,0.8708719851576995,3071.0
Kirill Alekseenko,0.7115398886827459,0.7294990723562153,0.6846011131725418,2948.0
Keaton Kiewra,0.7242300556586272,0.7291280148423006,0.7168831168831169,2604.0
Ignacio Sainz Aguirre,0.5169573283858998,0.7287569573283859,0.19925788497217067,1939.0
Ayrat Vafin,0.6927643784786641,0.7283858998144712,0.6393320964749536,2627.0
Alexander Donchenko,0.7333580705009277,0.7280148423005566,0.7413729128014842,2919.0
Sofia Pogorelskikh,0.7484230055658627,0.7276437847866419,0.7795918367346939,2299.0
Vladimir Zemerov,0.6820037105751391,0.7272727272727273,0.614100185528757,2178.0
Dion Su,0.7046382189239333,0.7269016697588127,0.671243042671614,2686.0
Junior Tay,0.6920964749536178,0.726530612244898,0.6404452690166976,2453.0
Dragos Ceres,0.7073098330241187,0.7261595547309833,0.6790352504638218,2779.0
Stefan Eilers,0.7318738404452689,0.7257884972170686,0.7410018552875696,2518.0
Manoj Mishra,0.7530241187384044,0.725417439703154,0.7944341372912801,2323.0
Lilit Mkrtchian,0.7277179962894249,0.7250463821892393,0.7317254174397032,2451.0
Savva Vetokhin,0.6765862708719852,0.7246753246753247,0.6044526901669759,3020.0
Enrico Vianello,0.6512801484230055,0.72430426716141,0.5417439703153989,2273.0
Hayk Yeritsyan,0.6860853432282004,0.7239332096474954,0.6293135435992578,2680.0
Nicodim_Cosmin Stepanencu,0.7403339517625231,0.7235621521335807,0.7654916512059369,2600.0
Vladimir Burmakin,0.735064935064935,0.723191094619666,0.7528756957328386,2754.0
Karsten Hansch,0.6692393320964749,0.7228200371057514,0.5888682745825603,2606.0
Alexander Suvorov,0.763265306122449,0.7224489795918367,0.8244897959183674,2572.0
Anatoliy Shapkin,0.6349536178107607,0.7220779220779221,0.5042671614100186,2755.0
Zou Chen,0.642152133580705,0.7217068645640075,0.5228200371057514,2863.0
Alexander Moskalenko,0.688682745825603,0.7213358070500928,0.6397031539888682,2911.0
Pedro Martinez,0.7187384044526901,0.7209647495361781,0.7153988868274582,2576.0
Dolzhykova Kateryna,0.4642671614100185,0.7205936920222634,0.07977736549165121,2422.0
José Francisco Veiga,0.7789981447124303,0.7202226345083488,0.8671614100185528,2448.0
Alexey Streltsov,0.6392578849721707,0.7198515769944341,0.5183673469387755,2737.0
Alejandro González Vega,0.6848979591836735,0.7194805194805195,0.6330241187384045,2341.0
Rogerio Paulo Muller Fernandes,0.6867532467532468,0.7191094619666049,0.6382189239332097,2311.0
Baadur Jobava,0.774100185528757,0.7187384044526902,0.8571428571428571,3002.0
Paul Cristian Rusan,0.7257884972170686,0.7183673469387755,0.7369202226345084,2147.0
Seyed Poormosavi,0.6967717996289424,0.7179962894248608,0.6649350649350649,2828.0
Kosma Pacan-Milej,0.7728385899814472,0.7176252319109462,0.8556586270871985,2665.0
Om Kadam,0.7553988868274581,0.7172541743970315,0.8126159554730983,2732.0
Federico Perez Ponsa,0.7410760667903525,0.7168831168831169,0.7773654916512059,2945.0
Eduard Kanter,0.7929499072356215,0.7165120593692023,0.9076066790352505,2524.0
Krikor Sevag Mekhitarian,0.7090166975881262,0.7161410018552876,0.6983302411873841,2880.0
Juan David Lopez Perdomo,0.7077551020408164,0.7157699443413729,0.6957328385899815,2213.0
Momchil Petkov,0.7223747680890538,0.7153988868274582,0.7328385899814471,3031.0
Thomas Christensen,0.6092022263450835,0.7150278293135436,0.4504638218923933,2211.0
Boris Stankovic,0.7435992578849722,0.7146567717996289,0.787012987012987,2678.0
Alfonso Llorente Zaro,0.6243413729128015,0.7142857142857143,0.4894248608534323,2885.0
Andrew Titus,0.5542115027829314,0.7139146567717997,0.3146567717996289,2664.0
Przemyslaw Koc,0.6705009276437848,0.713543599257885,0.6059369202226345,2556.0
Vjacheslav Weetik,0.7562152133580704,0.7131725417439703,0.8207792207792208,2829.0
Asa Hoffmann,0.6552133580705009,0.7128014842300556,0.5688311688311688,2401.0
Danila Poliannikov,0.6260482374768088,0.712430426716141,0.49647495361781074,2733.0
Natalie Wisniowski,0.5562152133580704,0.7120593692022263,0.3224489795918367,2211.0
Dawid Janaszak,0.7087198515769945,0.7116883116883117,0.7042671614100185,2719.0
Maly Alexey,0.7343228200371057,0.7113172541743971,0.7688311688311689,2769.0
Alopekos,0.7262337662337663,0.7109461966604824,0.749165120593692,2344.0
Dmitry Gurevich,0.7362523191094619,0.7105751391465677,0.7747680890538033,2564.0
Sergei Zhigalko,0.7474582560296845,0.710204081632653,0.8033395176252319,3089.0
Diego Berardino,0.7626716141001856,0.7098330241187384,0.8419294990723563,2659.0
Andrej,0.6949165120593692,0.7094619666048237,0.6730983302411874,2659.0
Michal Koziorowicz,0.593617810760668,0.7090909090909091,0.4204081632653061,2561.0
Stephan Becking,0.6125417439703154,0.7087198515769945,0.46827458256029686,2724.0
Florian Gatterer,0.639925788497217,0.7083487940630798,0.537291280148423,2534.0
Nitish Nathan,0.6226345083487941,0.7079777365491651,0.4946196660482375,2818.0
Tanitoluwa Adewumi,0.7277922077922079,0.7076066790352504,0.7580705009276438,2979.0
Bernardo Vainzoff Sztokbant,0.7443413729128014,0.7072356215213358,0.8,2660.0
Glek_Igor,0.6678293135435993,0.7068645640074211,0.6092764378478664,2664.0
Олег Кислов,0.7400371057513915,0.7064935064935065,0.7903525046382189,2691.0
Alejandro Castellanos Gómez,0.7349165120593693,0.7061224489795919,0.7781076066790352,2525.0
Joseph Girel,0.7300927643784787,0.7057513914656772,0.7666048237476809,2953.0
Nemo Zhou,0.6838589981447124,0.7053803339517625,0.6515769944341373,2251.0
Gasan Guliev,0.6643413729128015,0.7050092764378478,0.6033395176252319,2520.0
Avital Boruchovsky,0.7087940630797773,0.7046382189239332,0.7150278293135436,2923.0
Oscar yosimar Acosta cruz,0.7012987012987013,0.7042671614100185,0.6968460111317254,2250.0
Alexander Velikanov,0.7732096474953618,0.7038961038961039,0.8771799628942486,2806.0
Jennifer Perez Rodriguez,0.7237105751391466,0.7035250463821893,0.7539888682745826,2447.0
Матфей,0.6786641929499073,0.7031539888682746,0.6419294990723562,2506.0
Halsagar Chincholimath,0.6870500927643785,0.7027829313543599,0.6634508348794063,1922.0
Eduardo Mendez Fortes,0.7352133580705009,0.7024118738404452,0.7844155844155845,2589.0
Sultai Chyngyz,0.5613358070500928,0.7020408163265306,0.350278293135436,2528.0
Danila Bilan,0.7464935064935065,0.701669758812616,0.8137291280148423,2700.0
Jose Martinez,0.6992207792207792,0.7012987012987013,0.6961038961038961,3072.0
Santiago Avila Pavas,0.7781076066790353,0.7009276437847867,0.8938775510204081,2760.0
Terry Luo,0.7173283858998145,0.700556586270872,0.7424860853432282,2757.0
Harshavardhan GB,0.6574397031539888,0.7001855287569573,0.5933209647495362,2862.0
Benjamin Bok,0.7550278293135436,0.6998144712430426,0.837847866419295,3041.0
ShimanovAlex,0.715621521335807,0.699443413729128,0.7398886827458256,2958.0
Elvin Wilson,0.6635992578849722,0.6990723562152134,0.6103896103896104,2509.0
Joa Max Bornholdt,0.6926159554730984,0.6987012987012987,0.6834879406307978,2618.0
Konstantin Popov,0.6965491651205937,0.6983302411873841,0.6938775510204082,3104.0
Mayank Chakraborty,0.6467532467532469,0.6979591836734694,0.5699443413729128,3073.0
Erez Kupervaser,0.698330241187384,0.6975881261595547,0.699443413729128,2459.0
Ivashentseva Dominika,0.4285714285714285,0.69721706864564,0.025602968460111317,2336.0
Anna-Maja Kazarian,0.7054545454545454,0.6968460111317254,0.7183673469387755,2404.0
Frederick Waldhausen Gordon,0.6749536178107607,0.6964749536178108,0.6426716141001856,2845.0
Mukhammadali Abdurakhmonov,0.6692393320964749,0.6961038961038961,0.6289424860853432,2915.0
Ivan Kochiev,0.7558441558441559,0.6957328385899815,0.8460111317254174,2723.0
Luca Moroni Jr,0.6631539888682746,0.6953617810760668,0.6148423005565863,2875.0
Eric Rosen,0.6296846011131725,0.6949907235621521,0.5317254174397031,2918.0
Dmitry Andreikin,0.7379591836734694,0.6946196660482374,0.8029684601113173,3204.0
malakismayil,0.6403710575139147,0.6942486085343228,0.5595547309833024,2592.0
Aleksandr Shimanov,0.7250463821892393,0.6938775510204082,0.7717996289424861,3053.0
Alvaro Bayo,0.7168089053803339,0.6935064935064935,0.7517625231910946,2369.0
Marco Riehle,0.5347680890538034,0.6931354359925789,0.29721706864564007,2833.0
Aakaash Meduri,0.6206307977736549,0.6927643784786642,0.512430426716141,2519.0
Maria Gevorgyan,0.7073840445269016,0.6923933209647495,0.7298701298701299,2371.0
Leonardo Tristan,0.7401113172541745,0.6920222634508348,0.8122448979591836,2839.0
Fernando Bolaños Soza,0.6641929499072357,0.6916512059369202,0.6230055658627087,2547.0
Rafael Miranda,0.7380333951762523,0.6912801484230056,0.8081632653061225,2764.0
Zhaoqi Liu,0.7137662337662338,0.6909090909090909,0.7480519480519481,2478.0
Dachey Lin,0.7071614100185528,0.6905380333951763,0.7320964749536178,2884.0
Andrey Levitskiy,0.6159554730983303,0.6901669758812616,0.5046382189239332,2704.0
Igor Janik,0.6081632653061224,0.689795918367347,0.4857142857142857,2949.0
Alikhan Khazhatuly,0.6126901669758812,0.6894248608534322,0.4975881261595547,2718.0
Isuru Alahakoon,0.715769944341373,0.6890538033395176,0.7558441558441559,2601.0
Mario Gavilán Díaz,0.7305380333951763,0.688682745825603,0.7933209647495362,2609.0
Maksim Ivannikov,0.5913914656771799,0.6883116883116883,0.44601113172541745,2817.0
Dominick Orzech,0.7142115027829314,0.6879406307977737,0.7536178107606679,2770.0
hermionegrangermagic,0.6296846011131725,0.687569573283859,0.5428571428571428,2509.0
Svetlana Vifleemskaia,0.6728014842300557,0.6871985157699444,0.6512059369202227,2364.0
Pierre Villegas,0.6703525046382189,0.6868274582560296,0.6456400742115028,2584.0
Jaloliddin Ilkhomi,0.4629313543599258,0.686456400742115,0.12764378478664193,3000.0
Aaron Mendes,0.5447866419294991,0.6860853432282004,0.3328385899814471,2804.0
Alexandros Papasimakopoulos,0.5077551020408163,0.6857142857142857,0.24081632653061225,2845.0
Yuniesky Quesada,0.7162152133580705,0.6853432282003711,0.7625231910946196,2921.0
Juan Antonio Urbina Perez,0.5966604823747681,0.6849721706864564,0.46419294990723564,2615.0
Alexander Timerkhanov,0.7246753246753247,0.6846011131725418,0.7847866419294991,2786.0
Bogdan Daniel Deac,0.7433024118738405,0.684230055658627,0.8319109461966605,3173.0
Konstantin Begunov,0.6911317254174396,0.6838589981447124,0.7020408163265306,2576.0
Jakub Kusa,0.694025974025974,0.6834879406307978,0.7098330241187384,2615.0
Dimitrios Vazelakis,0.6201855287569573,0.6831168831168831,0.5257884972170687,1707.0
Fidel Corrales Jimenez,0.6949165120593692,0.6827458256029685,0.7131725417439703,3002.0
Stanisław Osiecki,0.5671985157699444,0.6823747680890538,0.39443413729128013,2238.0
Gianmarco Leiva,0.6894248608534324,0.6820037105751392,0.700556586270872,2814.0
Judah Nathan Levitan,0.7153246753246754,0.6816326530612244,0.7658627087198516,2400.0
David Gasparyan,0.6399999999999999,0.6812615955473098,0.5781076066790353,2715.0
Ekaterina Goltseva,0.668126159554731,0.6808905380333952,0.6489795918367347,2639.0
Sahil Tickoo,0.5770686456400742,0.6805194805194805,0.42189239332096473,2506.0
Alireza Firouzja,0.7356586270871985,0.6801484230055659,0.8189239332096475,3212.0
Азат Габдрахманов,0.6702782931354361,0.6797773654916512,0.6560296846011132,2708.0
Mahdi Gholami Orimi,0.683265306122449,0.6794063079777366,0.6890538033395176,2962.0
Kim Sergey,0.6364378478664193,0.6790352504638218,0.5725417439703154,2549.0
Sathvik Adiga,0.5651205936920223,0.6786641929499072,0.3948051948051948,2820.0
Arman Mikaelyan,0.6447495361781076,0.6782931354359926,0.5944341372912801,3014.0
Jorge Soto Vega,0.6403710575139147,0.6779220779220779,0.5840445269016697,2447.0
AradNazari,0.6003710575139146,0.6775510204081633,0.48460111317254173,2905.0
Oleg Vastrukhin,0.6834137291280149,0.6771799628942486,0.6927643784786642,2987.0
Vitaly Rodchenkov,0.7029313543599258,0.676808905380334,0.7421150278293135,2258.0
Christos Krallis,0.5125788497217069,0.6764378478664193,0.26679035250463823,2804.0
Nihal Sarin,0.7029313543599258,0.6760667903525046,0.7432282003710575,3280.0
Anil Berk Erdogan,0.6314656771799629,0.67569573283859,0.5651205936920223,2616.0
Tikhon Popov,0.716734693877551,0.6753246753246753,0.7788497217068646,2725.0
Talibov Shiroghlan,0.7031539888682746,0.6749536178107607,0.7454545454545455,3005.0
Ilan Schnaider,0.553469387755102,0.674582560296846,0.3717996289424861,2959.0
Anna Shukhman,0.6246382189239332,0.6742115027829314,0.550278293135436,2751.0
Jose Camacho Collados,0.6247124304267161,0.6738404452690167,0.5510204081632653,2534.0
x-0618534659,0.7190352504638219,0.673469387755102,0.7873840445269017,2753.0
Sharapov Evgeny,0.4896474953617811,0.6730983302411874,0.21447124304267162,2659.0
Piero Mazzilli,0.6586270871985158,0.6727272727272727,0.6374768089053804,2350.0
Milos Milosevic,0.7020408163265306,0.6723562152133581,0.7465677179962894,2500.0
Artem Timofeev,0.6727272727272727,0.6719851576994434,0.6738404452690167,2876.0
Anna Kubicka,0.6539517625231912,0.6716141001855288,0.6274582560296846,2538.0
Novak Čabarkapa,0.6105380333951762,0.671243042671614,0.5194805194805194,2778.0
Bojan Maksimović,0.5595547309833024,0.6708719851576994,0.39257884972170687,3049.0
x-3738459472,0.6553617810760668,0.6705009276437848,0.6326530612244898,2585.0
Roman Komov,0.6633024118738404,0.6701298701298701,0.6530612244897959,2926.0
Jovana Srdanovic,0.6722820037105751,0.6697588126159555,0.6760667903525046,2534.0
Valery Skatchkov,0.7056029684601113,0.6693877551020408,0.759925788497217,2867.0
Heinz Georg,0.7019666048237477,0.6690166975881262,0.75139146567718,2335.0
Grzegorz Toczek,0.6894248608534322,0.6686456400742115,0.7205936920222634,2513.0
Eesha Karavade,0.7266048237476809,0.6682745825602968,0.814100185528757,2294.0
Melih Kaan Can,0.6592949907235621,0.6679035250463822,0.6463821892393321,2277.0
Martin Mena,0.5387012987012987,0.6675324675324675,0.34545454545454546,2314.0
Bakhtiyar Nugumanov,0.6635992578849722,0.6671614100185529,0.6582560296846011,2543.0
Javier Quispe Santacruz,0.5910946196660483,0.6667903525046383,0.4775510204081633,1827.0
Maya Porozhnyak,0.5580705009276438,0.6664192949907236,0.3955473098330241,2503.0
Dinesh Rajan M,0.6109833024118738,0.6660482374768089,0.5283858998144713,2809.0
Yuliia Osmak,0.6748794063079777,0.6656771799628942,0.688682745825603,2533.0
Mina Wael Sabry,0.6126159554730983,0.6653061224489796,0.5335807050092765,2703.0
Alexey Dreev,0.7170315398886828,0.6649350649350649,0.7951762523191095,2812.0
Johann Hjartarson,0.6808905380333952,0.6645640074211503,0.7053803339517625,2671.0
Pouria Darini,0.6465306122448979,0.6641929499072357,0.6200371057513915,2787.0
Ioan Rees,0.6912801484230056,0.663821892393321,0.7324675324675325,2604.0
Brandon Jacobson,0.7378107606679034,0.6634508348794063,0.8493506493506493,2958.0
Aleksandar Indjic,0.7024118738404452,0.6630797773654916,0.7614100185528757,2998.0
Arystanbek Urazayev,0.6840816326530612,0.662708719851577,0.7161410018552876,2951.0
Punin Andrii,0.40734693877551015,0.6623376623376623,0.024860853432282004,2686.0
Azer Mirzoev,0.7041187384044527,0.6619666048237477,0.7673469387755102,2689.0
Harald Schmidt,0.6371057513914656,0.661595547309833,0.6003710575139146,2365.0
Hamidreza Ebrahimi Herab,0.6515769944341373,0.6612244897959184,0.6371057513914656,3016.0
Alexey Chos,0.6011873840445269,0.6608534322820037,0.5116883116883116,2572.0
Michael Song,0.6557328385899814,0.660482374768089,0.6486085343228201,2573.0
Kemel Antonio Gallo García,0.6293877551020408,0.6601113172541744,0.5833024118738405,2825.0
Giga Quparadze,0.6532096474953618,0.6597402597402597,0.6434137291280149,3100.0
Jake Kleiman,0.6900927643784787,0.6593692022263451,0.736178107606679,2684.0
Denis Pershin,0.6472727272727273,0.6589981447124305,0.6296846011131726,2633.0
Ferenc Jr. Gombocz,0.47888682745825606,0.6586270871985158,0.20927643784786643,2628.0
Charles Storey,0.5582189239332096,0.6582560296846011,0.40816326530612246,2488.0
Sherif Khater,0.4961038961038961,0.6578849721706864,0.2534322820037106,2601.0
Mikhael Garakov,0.6916512059369202,0.6575139146567718,0.7428571428571429,2689.0
Nils Grandelius,0.7509461966604825,0.6571428571428571,0.8916512059369203,3101.0
Tsvetan Stoyanov,0.7336549165120594,0.6567717996289425,0.8489795918367347,2910.0
Ankush Khandelwal,0.5781818181818181,0.6564007421150279,0.4608534322820037,2560.0
José Carlos Ibarra Jerez,0.7406307977736549,0.6560296846011132,0.8675324675324675,3057.0
Рамиль Садыков,0.7174025974025974,0.6556586270871985,0.8100185528756957,2934.0
Raymond Gao,0.6273840445269017,0.6552875695732838,0.5855287569573284,2487.0
David Shapiro,0.6068274582560297,0.6549165120593692,0.5346938775510204,2793.0
Mirosław Lewicki,0.6520222634508348,0.6545454545454545,0.6482374768089054,2803.0
Rafal Szyszylo,0.6479406307977738,0.6541743970315399,0.6385899814471243,2409.0
Xavier Martinez Pla,0.671317254174397,0.6538033395176253,0.6975881261595547,2497.0
Aleksandra Goryachkina,0.7197773654916513,0.6534322820037106,0.8192949907235622,2720.0
Aradhya Garg,0.5795918367346939,0.6530612244897959,0.46938775510204084,2841.0
Harry Grieve,0.6626345083487941,0.6526901669758812,0.6775510204081633,2679.0
Maciej Świcarz,0.6036363636363636,0.6523191094619666,0.5306122448979592,2582.0
Anna M. Sargsyan,0.7015213358070501,0.6519480519480519,0.7758812615955473,2610.0
Daria Yurasova,0.6092764378478664,0.6515769944341373,0.5458256029684602,2487.0
David Okike,0.5905009276437848,0.6512059369202227,0.49944341372912804,2400.0
Martin Brüdigam,0.6164007421150279,0.650834879406308,0.5647495361781076,2566.0
Vasil Trickov,0.6857884972170686,0.6504638218923933,0.7387755102040816,2446.0
Eric Hon,0.6063079777365492,0.6500927643784786,0.540630797773655,2423.0
Vahe Baghdasaryan,0.6541743970315399,0.649721706864564,0.6608534322820037,2566.0
Mateus Felizardo Viageiro Alice,0.5038961038961038,0.6493506493506493,0.2857142857142857,2379.0
IndianGrandmaster13,0.6133580705009276,0.6489795918367347,0.5599257884972171,2911.0
Ronan Le Goff,0.683191094619666,0.6486085343228201,0.7350649350649351,2518.0
Lile Koridze,0.6464564007421151,0.6482374768089054,0.6437847866419295,2503.0
Marco Dobrikov,0.5868645640074212,0.6478664192949907,0.49536178107606677,2732.0
Grigory Seletsky,0.5569573283858997,0.647495361781076,0.42115027829313545,2569.0
Piotrek Mickiewicz,0.7100556586270872,0.6471243042671614,0.8044526901669758,2487.0
Matan Prilleltensky,0.603265306122449,0.6467532467532467,0.5380333951762524,2528.0
Raphael Mayaud,0.5936920222634509,0.6463821892393321,0.514656771799629,2453.0
Rinat Jumabayev,0.6719851576994434,0.6460111317254175,0.7109461966604824,3055.0
Artem Legenya,0.6303525046382189,0.6456400742115028,0.6074211502782931,2500.0
Josep Ruscalleda,0.6397773654916512,0.6452690166975881,0.6315398886827458,2517.0
Ihor Samunenkov,0.6846753246753247,0.6448979591836734,0.7443413729128014,3085.0
Kostya Kavutskiy,0.691873840445269,0.6445269016697588,0.7628942486085343,2769.0
Alba De Lomas Busquets,0.5184415584415585,0.6441558441558441,0.32987012987012987,2356.0
anon481216,0.6047495361781077,0.6437847866419295,0.5461966604823748,2486.0
Andrey Rychagov,0.6784415584415584,0.6434137291280149,0.7309833024118738,2647.0
Damian Lewtak,0.5918367346938775,0.6430426716141002,0.5150278293135436,2742.0
Dariusz Swiercz,0.561187384044527,0.6426716141001856,0.43896103896103894,3050.0
Max Chen,0.6051948051948052,0.6423005565862708,0.5495361781076067,2522.0
Nikoloz Petriashvili,0.5562894248608534,0.6419294990723562,0.42782931354359927,2894.0
Medet Dzhaparov,0.7090909090909091,0.6415584415584416,0.8103896103896104,2132.0
Francisco Fiorito,0.6450463821892394,0.6411873840445269,0.650834879406308,2777.0
Lucas Aguiar Cunha,0.6320593692022263,0.6408163265306123,0.6189239332096474,2715.0
Antonio Carlos Bambino Filho,0.6692393320964749,0.6404452690166976,0.712430426716141,2605.0
Javokhir Sindarov,0.7144341372912802,0.640074211502783,0.825974025974026,3190.0
Yuri Kozin,0.6656771799628942,0.6397031539888682,0.7046382189239332,2700.0
Vedant Nitin Vekhande,0.40601113172541736,0.6393320964749536,0.05602968460111317,2523.0
Md Bashiq Imrose,0.5522820037105751,0.638961038961039,0.42226345083487943,2569.0
Christian Silvestre,0.6117254174397031,0.6385899814471243,0.5714285714285714,2480.0
Piotr Piesik,0.6232282003710575,0.6382189239332097,0.6007421150278293,2765.0
Artem Omelja,0.6509090909090909,0.637847866419295,0.6705009276437848,2709.0
Matthias Dann,0.6717625231910946,0.6374768089053804,0.723191094619666,2775.0
Pedro Espinosa,0.39829313543599254,0.6371057513914656,0.04007421150278293,2729.0
Kaan Ozcan,0.610760667903525,0.636734693877551,0.571799628942486,2651.0
Justin Blackman,0.472356215213358,0.6363636363636364,0.22634508348794063,2555.0
Iulian-Ioan Taras,0.6968460111317254,0.6359925788497217,0.788126159554731,2394.0
Emin Ohanyan,0.4781447124304267,0.6356215213358071,0.24192949907235622,3028.0
Aleksandra Tarnowska,0.6643413729128015,0.6352504638218924,0.7079777365491651,2157.0
Jens E Ingebretsen,0.48170686456400746,0.6348794063079778,0.2519480519480519,2801.0
Adam Kujawski,0.5928014842300556,0.634508348794063,0.5302411873840446,2406.0
Juan David Becerra Morales,0.6541743970315399,0.6341372912801484,0.684230055658627,2591.0
Yasin Emrah Yagiz,0.6463821892393321,0.6337662337662338,0.6653061224489796,2386.0
Cristi Machidon,0.6706493506493507,0.6333951762523191,0.726530612244898,2598.0
Sambit Panda,0.7058998144712431,0.6330241187384045,0.8152133580705009,2712.0
Steven Cooklev,0.5349907235621522,0.6326530612244898,0.38849721706864565,2466.0
Rasmus Svane,0.6665677179962894,0.6322820037105752,0.7179962894248608,3077.0
Valeriy Grinev,0.6408163265306122,0.6319109461966604,0.6541743970315399,2711.0
Gawain Maroroa Jones,0.4798515769944341,0.6315398886827458,0.2523191094619666,2872.0
Vihaan Jammalamadaka,0.6664935064935065,0.6311688311688312,0.7194805194805195,2700.0
Mahmoud Alhadad,0.4685714285714286,0.6307977736549165,0.22523191094619666,2004.0
Adar TARHAN,0.5933209647495361,0.6304267161410019,0.5376623376623376,2828.0
Daniil Manelyuk,0.6388126159554731,0.6300556586270872,0.6519480519480519,2766.0
Anna Jakubowska,0.6795547309833024,0.6296846011131726,0.7543599257884972,2506.0
Velimir Ivic,0.6759183673469387,0.6293135435992578,0.7458256029684601,2987.0
Gumersindo Fernandez Garcia,0.5017439703153989,0.6289424860853432,0.3109461966604824,2456.0
Alekhine Nouri,0.6938775510204082,0.6285714285714286,0.7918367346938775,2832.0
Jonathan Pein,0.6166233766233766,0.6282003710575139,0.5992578849721707,2581.0
Enrique Fernando Asensio Ramos,0.5463450834879406,0.6278293135435993,0.4241187384044527,2620.0
Bahadur Khodzhamkuliev,0.5728385899814471,0.6274582560296846,0.4909090909090909,2500.0
Jonas Eilenberg,0.686456400742115,0.62708719851577,0.7755102040816326,2639.0
Vadim Bobkov,0.6813358070500928,0.6267161410018552,0.763265306122449,2800.0
Shahdad Teimouri Yadkuri,0.5800371057513914,0.6263450834879406,0.5105751391465677,2575.0
Anton Demchenko,0.6635250463821892,0.625974025974026,0.7198515769944341,3030.0
Anthony Wirig,0.5003339517625232,0.6256029684601113,0.312430426716141,2906.0
Jules Moussard,0.683265306122449,0.6252319109461967,0.7703153988868274,3075.0
Marcell Szabo,0.490834879406308,0.624860853432282,0.2897959183673469,2647.0
Aydin Turgut,0.6424489795918368,0.6244897959183674,0.6693877551020408,2746.0
Collin Colbow,0.582708719851577,0.6241187384044526,0.5205936920222635,2635.0
Mary Kiseljova,0.558886827458256,0.623747680890538,0.46159554730983304,2145.0
Phuong Hanh Luong,0.645343228200371,0.6233766233766234,0.6782931354359926,2536.0
Neeraj Harish,0.668126159554731,0.6230055658627087,0.7358070500927644,2300.0
Saidakbar Saydaliev,0.7027829313543599,0.6226345083487941,0.8230055658627087,2819.0
Algol Jorajuria,0.630278293135436,0.6222634508348794,0.6423005565862708,2393.0
Harika Dronavalli,0.4323562152133581,0.6218923933209648,0.14805194805194805,2731.0
Zacarias M Ruben D,0.6727272727272726,0.62152133580705,0.7495361781076066,2521.0
Oleg Artemenko,0.5464935064935065,0.6211502782931354,0.4345083487940631,2696.0
Sebastien Maze,0.6187012987012988,0.6207792207792208,0.6155844155844156,2801.0
Sergey Shipov,0.6261966604823748,0.6204081632653061,0.6348794063079778,2726.0
Ludvig Carlsson,0.43539888682745825,0.6200371057513915,0.15844155844155844,2773.0
Alain Otero Marino,0.5807792207792208,0.6196660482374768,0.5224489795918368,2645.0
Daniel Melamed,0.5584415584415585,0.6192949907235622,0.4671614100185529,2285.0
Luciano Justi Antunes,0.6042300556586271,0.6189239332096474,0.5821892393320964,2263.0
Juan Pablo Demaría,0.5962894248608535,0.6185528756957328,0.5628942486085343,2496.0
Kelsey Liu,0.6536549165120593,0.6181818181818182,0.7068645640074211,2300.0
Daniel Garcia Ramos,0.6728756957328386,0.6178107606679035,0.7554730983302412,2855.0
Ondrej Toman,0.49781076066790353,0.6174397031539889,0.3183673469387755,2748.0
Barbara Skuhala,0.5971799628942487,0.6170686456400742,0.5673469387755102,2377.0
Aaron Cooper,0.6676066790352504,0.6166975881261596,0.7439703153988868,2287.0
Ivan Andrade,0.5738775510204082,0.6163265306122448,0.5102040816326531,2413.0
Luis Eduardo Ballester Llagaria,0.6607792207792207,0.6159554730983302,0.7280148423005566,2510.0
Walter Cuevas Araya,0.38938775510204077,0.6155844155844156,0.05009276437847866,2394.0
Le Thao Nguyen Pham,0.6533580705009276,0.6152133580705009,0.7105751391465677,2735.0
Prraneeth Vuppala,0.5689795918367346,0.6148423005565863,0.5001855287569573,2763.0
Mark van der Werf,0.6106122448979592,0.6144712430426716,0.6048237476808905,2435.0
Lefong Hua,0.538404452690167,0.614100185528757,0.424860853432282,2618.0
Alain Prieto Aranguren,0.6122448979591837,0.6137291280148423,0.6100185528756957,2266.0
Hernan Ramon Filgueira,0.6032653061224489,0.6133580705009276,0.588126159554731,2680.0
Nurgyul Salimova,0.6541001855287569,0.612987012987013,0.7157699443413729,2760.0
Fernando Mata,0.5335064935064935,0.6126159554730983,0.4148423005565863,2547.0
Skat2704,0.6557328385899814,0.6122448979591837,0.7209647495361781,2480.0
Mauri Lehtosaari,0.6166233766233766,0.611873840445269,0.623747680890538,2658.0
Maciej Klekowski,0.5561410018552876,0.6115027829313544,0.47309833024118736,2937.0
Burak Firat,0.6365120593692022,0.6111317254174397,0.674582560296846,2814.0
Benedikt Huber,0.649795918367347,0.610760667903525,0.7083487940630798,2613.0
Ryo Chen,0.5608163265306122,0.6103896103896104,0.48645640074211505,2986.0
Amin Tabatabaei,0.5923562152133581,0.6100185528756957,0.5658627087198516,3074.0
Pablo Salinas Herrera,0.6636734693877551,0.6096474953617811,0.7447124304267161,2966.0
Matthew Guo Diao,0.6339146567717997,0.6092764378478664,0.6708719851576994,2612.0
Felix Kuznetsov,0.5980705009276438,0.6089053803339518,0.5818181818181818,2760.0
Nisim Iliaguev,0.4771799628942486,0.608534322820037,0.28014842300556586,2683.0
Kevin George,0.6007421150278294,0.6081632653061224,0.5896103896103896,2767.0
David Navara,0.5007792207792208,0.6077922077922078,0.34025974025974026,3001.0
Sarveshwaran V,0.5786270871985157,0.6074211502782931,0.5354359925788498,2599.0
Anna Cramling,0.6722077922077923,0.6070500927643785,0.7699443413729128,2301.0
Bakhtiyar Askarov,0.5994063079777365,0.6066790352504638,0.5884972170686457,2938.0
Jacorey Bynum,0.6215955473098331,0.6063079777365492,0.6445269016697588,2679.0
Artem Chernobay,0.5804081632653061,0.6059369202226345,0.5421150278293135,2669.0
Nadezhda Kostina,0.6138775510204082,0.6055658627087198,0.6263450834879406,2127.0
Vivaan Vishal Shah,0.6172170686456401,0.6051948051948052,0.6352504638218924,2716.0
Emilia Sprzęczka,0.6397031539888682,0.6048237476808905,0.6920222634508348,2453.0
Dmitrii Marcziter,0.5970315398886827,0.6044526901669759,0.5858998144712431,2359.0
Ivan Stankovic,0.6652319109461967,0.6040816326530613,0.7569573283858998,2600.0
Nicholas Ladan,0.6187012987012988,0.6037105751391466,0.6411873840445269,2656.0
Denis Lazavik,0.66582560296846,0.6033395176252319,0.7595547309833024,3257.0
Yudel Romero Arzuaga,0.6013358070500927,0.6029684601113172,0.598886827458256,2500.0
Reinis Paikens,0.6407421150278293,0.6025974025974026,0.6979591836734694,2808.0
Viktor Parfenov,0.6805936920222635,0.6022263450834879,0.7981447124304267,2511.0
Iljya Grigorjev,0.6183302411873841,0.6018552875695733,0.6430426716141002,2890.0
shakked tifferet,0.5102040816326531,0.6014842300556587,0.3732838589981447,2577.0
Ribeiro Domingues Ribeiro,0.5228942486085344,0.601113172541744,0.40556586270871986,2511.0
Marcin Molenda,0.602077922077922,0.6007421150278293,0.6040816326530613,2664.0
Sebastien Azar,0.6073469387755102,0.6003710575139146,0.6178107606679035,2742.0
Timur Kocharin,0.5110946196660482,0.6,0.3777365491651206,2606.0
Elnur Aliyev,0.3636363636363636,0.5996289424860853,0.009647495361781076,2499.0
Sune Berg Hansen,0.5986641929499072,0.5992578849721707,0.597773654916512,2757.0
Markus Ragger,0.5184415584415585,0.598886827458256,0.39777365491651206,2888.0
Alberto Fabris,0.4020037105751392,0.5985157699443414,0.10723562152133581,2251.0
Ian Dzhumagaliev,0.5972541743970315,0.5981447124304267,0.5959183673469388,2890.0
Aaravamudhan Balaji,0.5410760667903525,0.597773654916512,0.45602968460111315,2689.0
Srivastan Karthikeyan,0.6066048237476809,0.5974025974025974,0.6204081632653061,2464.0
DrMamaliga,0.6417068645640074,0.5970315398886827,0.7087198515769945,2477.0
Maksims Golubovskis,0.5510946196660482,0.5966604823747681,0.48274582560296847,2528.0
Olga Sikorova,0.6326530612244898,0.5962894248608535,0.6871985157699444,2402.0
Sergei Lobanov,0.6710204081632654,0.5959183673469388,0.7836734693877551,2933.0
OlegKrivonosov,0.3646011131725417,0.5955473098330241,0.01818181818181818,2729.0
Jorge Carlos Antonio,0.5418923933209647,0.5951762523191094,0.4619666048237477,2045.0
Javohir Bozorov,0.5021892393320965,0.5948051948051948,0.363265306122449,2508.0
Dimitris Makridis,0.5703896103896103,0.5944341372912801,0.5343228200371057,2819.0
Linus Olsson,0.5943599257884973,0.5940630797773655,0.5948051948051948,2502.0
Aditya S Samant,0.6177365491651206,0.5936920222634509,0.6538033395176253,2908.0
Sabir Umarov,0.6329499072356215,0.5933209647495362,0.6923933209647495,2441.0
Niclas Huschenbeth,0.6278293135435993,0.5929499072356216,0.6801484230055659,2572.0
Ahmad Ahmadzada,0.611873840445269,0.5925788497217068,0.6408163265306123,2961.0
Witold Klepek,0.614025974025974,0.5922077922077922,0.6467532467532467,2579.0
Alexandra Shvedova,0.6139517625231911,0.5918367346938775,0.6471243042671614,2536.0
Akylbek2021,0.5822634508348794,0.5914656771799629,0.5684601113172542,2503.0
Dennis Wagner,0.6731725417439703,0.5910946196660483,0.7962894248608534,2836.0
Visakh NR,0.6290166975881262,0.5907235621521336,0.686456400742115,2949.0
Josue Araujo Sanchez,0.6273098330241188,0.590352504638219,0.6827458256029685,2739.0
Гор Глиджян,0.5071614100185529,0.5899814471243042,0.3829313543599258,2780.0
Igor L. Vakhlamov,0.5624489795918367,0.5896103896103896,0.5217068645640074,2925.0
Miłosz Szpar,0.643265306122449,0.5892393320964749,0.72430426716141,2937.0
Roberto Martin del Campo,0.6777736549165121,0.5888682745825603,0.8111317254174397,2488.0
Nebojsa Ristic,0.6230797773654917,0.5884972170686457,0.6749536178107607,2564.0
Stamatis Kourkoulos-Arditis,0.6808905380333952,0.588126159554731,0.8200371057513914,2852.0
Serafin Moral Garcia,0.6034879406307978,0.5877551020408164,0.62708719851577,2670.0
Sergey Sklokin,0.5713543599257884,0.5873840445269016,0.5473098330241187,3023.0
Soham Kamotra,0.583747680890538,0.587012987012987,0.5788497217068646,2739.0
Pavel Chernomordik,0.6252319109461966,0.5866419294990723,0.6831168831168831,2503.0
Ivan Ivanisevic,0.6260482374768089,0.5862708719851577,0.6857142857142857,2814.0
Namitbir Singh Walia,0.6612987012987013,0.5858998144712431,0.7743970315398887,2607.0
Levente Miszler,0.5775139146567718,0.5855287569573284,0.5654916512059369,2567.0
Daniel Pinto,0.6523933209647497,0.5851576994434138,0.7532467532467533,2562.0
Aleksandra Maltsevskaya,0.6143228200371058,0.584786641929499,0.6586270871985158,2797.0
Hamed Wafa,0.6127643784786642,0.5844155844155844,0.6552875695732838,2825.0
Satbek Akhmedinov,0.62708719851577,0.5840445269016697,0.6916512059369202,2703.0
Alex Fier,0.6267161410018554,0.5836734693877551,0.6912801484230056,2822.0
Tehni4arce,0.46797773654916514,0.5833024118738405,0.2949907235621521,2559.0
Serban Cristian,0.638886827458256,0.5829313543599258,0.7228200371057514,2644.0
Armin Mušović,0.38842300556586273,0.5825602968460112,0.09721706864564007,2431.0
Giorgio Belli,0.568682745825603,0.5821892393320964,0.5484230055658627,2504.0
Sihan Tao,0.41647495361781073,0.5818181818181818,0.16846011131725416,2609.0
Peter Prohaszka,0.5321706864564006,0.5814471243042671,0.4582560296846011,2708.0
Iwo Karolczuk,0.6208534322820037,0.5810760667903525,0.6805194805194805,2902.0
Karol Kucza,0.5300927643784786,0.5807050092764379,0.4541743970315399,2677.0
Sujana Lohani,0.5674211502782931,0.5803339517625232,0.548051948051948,2315.0
Egor Koshulyan,0.6025231910946197,0.5799628942486086,0.6363636363636364,3009.0
Adam Gibała,0.6411873840445268,0.5795918367346938,0.7335807050092764,2731.0
Ivan Mezentsev,0.6390352504638219,0.5792207792207792,0.7287569573283859,2482.0
Shamsiddin Vokhidov,0.6760667903525046,0.5788497217068646,0.8218923933209648,3030.0
Sergiy Zavgorodniy,0.6495732838589982,0.5784786641929499,0.7562152133580705,2556.0
Nikolai Kabanov,0.6275324675324676,0.5781076066790353,0.701669758812616,2506.0
Evgenij Shuvalov,0.5841187384044527,0.5777365491651206,0.5936920222634509,2810.0
Kirk Ghazarian,0.4602597402597403,0.577365491651206,0.2846011131725417,2926.0
Gulrukhbegim Tokhirjonova,0.6138033395176252,0.5769944341372912,0.6690166975881262,2880.0
Mikayel Mkrtchyan,0.579443413729128,0.5766233766233766,0.5836734693877551,2599.0
Veaceslav Slovineanu,0.605491651205937,0.576252319109462,0.6493506493506493,2510.0
Carlos Eduardo Cardozo Munar,0.44155844155844154,0.5758812615955473,0.24007421150278294,2368.0
Milton Pantzar,0.6210760667903525,0.5755102040816327,0.6894248608534322,2521.0
Evgeny Postny,0.5312059369202227,0.575139146567718,0.46530612244897956,2800.0
Assel Serikbay,0.6167717996289426,0.5747680890538034,0.6797773654916512,2269.0
John Curtis,0.4268645640074211,0.5743970315398886,0.20556586270871985,2314.0
Jonny Cueto,0.5741743970315398,0.574025974025974,0.5743970315398886,2486.0
HRVOJE FAJDETIĆ,0.558812615955473,0.5736549165120594,0.5365491651205937,2444.0
AFRUZA Khamdamova,0.6280519480519481,0.5732838589981447,0.710204081632653,2682.0
Levy Rozman,0.6190723562152134,0.5729128014842301,0.6883116883116883,2849.0
Jéssica Trindade Hubner,0.4057142857142857,0.5725417439703154,0.1554730983302412,1953.0
Sargis Manukyan,0.38649350649350656,0.5721706864564008,0.10797773654916512,2741.0
Todd Bryant,0.44653061224489793,0.571799628942486,0.2586270871985158,2353.0
Theodore Slade,0.544860853432282,0.5714285714285714,0.5050092764378479,2554.0
Stanislav Bukreev,0.45929499072356217,0.5710575139146568,0.29165120593692023,2859.0
Феликс Тульчинский,0.44051948051948053,0.5706864564007421,0.24526901669758813,2769.0
Srinath Narayanan,0.641113172541744,0.5703153988868275,0.7473098330241187,2844.0
Bobur Sattarov,0.6159554730983303,0.5699443413729128,0.6849721706864564,2877.0
Abigail Zhou,0.3522820037105751,0.5695732838589982,0.02634508348794063,2282.0
Vaishali R,0.6356957328385899,0.5692022263450834,0.7354359925788497,2805.0
Daniel Tabuenca Mendataurigoitia,0.6243413729128015,0.5688311688311688,0.7076066790352504,2865.0
Leonardo Duarte,0.5910204081632653,0.5684601113172542,0.624860853432282,2316.0
Igor Da Paz Palácio,0.538404452690167,0.5680890538033395,0.49387755102040815,2264.0
Armin Kekic,0.4262708719851577,0.5677179962894249,0.21410018552875695,2360.0
Hanna Wesołowska,0.5620037105751392,0.5673469387755102,0.5539888682745826,2344.0
Evgeniy Najer,0.5856771799628943,0.5669758812615956,0.6137291280148423,2861.0
Alex Wang,0.5248979591836734,0.5666048237476808,0.4623376623376623,2110.0
Jan Subelj,0.5269016697588126,0.5662337662337662,0.46790352504638216,2902.0
Рамиль Хасангатин,0.4049721706864564,0.5658627087198516,0.16363636363636364,2676.0
Malyi Viacheslav,0.3744712430426716,0.5654916512059369,0.08794063079777366,2753.0
Evgeny Alekseev,0.5821892393320964,0.5651205936920223,0.6077922077922078,2946.0
Robert Mcligeyo,0.6273840445269017,0.5647495361781076,0.7213358070500928,2233.0
Antonio Ruperez Benito,0.509313543599258,0.564378478664193,0.4267161410018553,2750.0
Jonathan Yedidia,0.5798886827458256,0.5640074211502782,0.6037105751391466,2424.0
Austin Mei,0.5395918367346938,0.5636363636363636,0.5035250463821892,2665.0
Edgar Hayrapetyan,0.5441187384044527,0.563265306122449,0.5153988868274583,2723.0
Vasily Volovich,0.4319851576994434,0.5628942486085343,0.23562152133580705,2774.0
Patryk Cieslak,0.4213729128014842,0.5625231910946197,0.20964749536178107,3001.0
Jose Antonio Garrido Diaz,0.5695732838589982,0.562152133580705,0.5807050092764379,2561.0
Vo Quoc Bao Tran,0.6481632653061224,0.5617810760667904,0.7777365491651206,2711.0
Marvin Guevara,0.4592949907235621,0.5614100185528756,0.30612244897959184,2116.0
Olga Zhuravleva,0.45595547309833023,0.561038961038961,0.29833024118738405,2347.0
Aydin Suleymanli,0.5964378478664192,0.5606679035250464,0.6500927643784786,3066.0
Asylbek Abdyjapar,0.567569573283859,0.5602968460111317,0.5784786641929499,2776.0
Arnold Mayeregger,0.5035250463821892,0.5599257884972171,0.4189239332096475,2629.0
elamier fathy,0.64,0.5595547309833024,0.7606679035250464,2434.0
Alexey Kornyukov,0.6114285714285714,0.5591836734693878,0.689795918367347,2275.0
Nhung Hong Nguyen,0.5335807050092765,0.558812615955473,0.49573283858998146,2626.0
Viacheslav Mikhailov,0.5076808905380333,0.5584415584415584,0.43153988868274584,2824.0
FAUSTO CASTELLA GARCIA,0.6042300556586271,0.5580705009276438,0.673469387755102,2116.0
Tyhran Ambartsumian,0.5646753246753247,0.5576994434137291,0.575139146567718,2835.0
Ricardo D Darruda,0.5294248608534323,0.5573283858998145,0.487569573283859,2480.0
Klára Kovács,0.5789239332096475,0.5569573283858998,0.611873840445269,2463.0
Anatoly Krutko,0.4688682745825603,0.5565862708719852,0.337291280148423,2464.0
Max Warmerdam,0.642152133580705,0.5562152133580704,0.7710575139146568,2946.0
Robert Díaz Villagrán,0.634508348794063,0.5558441558441558,0.7525046382189239,2729.0
Aleksandr Lenderman,0.5004081632653061,0.5554730983302412,0.4178107606679035,2913.0
Thore Perske,0.5858256029684601,0.5551020408163265,0.6319109461966604,2592.0
Mihailo Djokic,0.5599257884972171,0.5547309833024119,0.5677179962894249,2812.0
Flavio Wisniacki,0.43443413729128016,0.5543599257884972,0.2545454545454545,2477.0
Ufuk Sezen Arat,0.43985157699443417,0.5539888682745826,0.2686456400742115,2639.0
Deepweb2020,0.5441187384044526,0.5536178107606679,0.5298701298701298,2519.0
CAMPO ELIAS GUZMAN,0.47294990723562147,0.5532467532467532,0.3525046382189239,1998.0
Andrei Skvortsov,0.454025974025974,0.5528756957328386,0.3057513914656772,2904.0
Jaiveer Mahendru,0.592430426716141,0.5525046382189239,0.6523191094619666,2682.0
Alex Jian,0.4909833024118738,0.5521335807050093,0.3992578849721707,2361.0
Nils Richter,0.396808905380334,0.5517625231910946,0.16437847866419295,2703.0
Stöttner Lukas,0.5006307977736549,0.55139146567718,0.42448979591836733,2360.0
Nikolaos Spyropoulos,0.5976252319109462,0.5510204081632653,0.6675324675324675,2604.0
Andrii Vachylia,0.5984415584415583,0.5506493506493506,0.6701298701298701,2756.0
Ivan Povshednyi,0.35435992578849723,0.550278293135436,0.060482374768089056,2885.0
Alexander Rustemov,0.38560296846011133,0.5499072356215213,0.1391465677179963,2973.0
Meri Arabidze,0.5968831168831168,0.5495361781076067,0.6679035250463822,2780.0
Алексей Мокшанов,0.5797402597402598,0.549165120593692,0.6256029684601113,2611.0
winniethepooh04,0.5624489795918368,0.5487940630797774,0.5829313543599258,2329.0
thisunaa,0.5579220779220779,0.5484230055658627,0.5721706864564008,2082.0
Olga Badelka,0.5645269016697588,0.548051948051948,0.5892393320964749,2534.0
Jacek Stachanczyk,0.5852319109461966,0.5476808905380334,0.6415584415584416,2446.0
Alexander Mikhnenko,0.5219294990723562,0.5473098330241187,0.48385899814471245,2637.0
Yahli Sokolovsky,0.5010760667903524,0.5469387755102041,0.4322820037105751,2824.0
Wellington Albuquerque Jr.,0.5054545454545454,0.5465677179962894,0.4437847866419295,2335.0
freshfoodcompany,0.342708719851577,0.5461966604823748,0.037476808905380334,2506.0
Valdis Troņenkovs,0.5330612244897959,0.5458256029684602,0.5139146567717996,2577.0
Nathaniel Mullodzhanov,0.4549165120593691,0.5454545454545454,0.31910946196660483,2883.0
Ali Mortazavi,0.5682374768089054,0.5450834879406308,0.6029684601113172,2540.0
Elham Amar,0.5056771799628943,0.5447124304267161,0.44712430426716143,3016.0
Ihor Vypkhaniuk,0.534100185528757,0.5443413729128015,0.5187384044526901,2700.0
Diego Flores Quillas,0.590278293135436,0.5439703153988869,0.6597402597402597,2677.0
Rustem Gorbenko,0.5241558441558442,0.5435992578849722,0.4949907235621521,2414.0
Erik Golubovic,0.5738033395176253,0.5432282003710576,0.6196660482374768,2617.0
Harold Wanyama,0.4674582560296846,0.5428571428571428,0.35435992578849723,2510.0
Girish Koushik,0.5742486085343228,0.5424860853432282,0.6218923933209648,2684.0
Mikhail Pesotskiy,0.4785899814471243,0.5421150278293135,0.38330241187384045,2636.0
Liwia Jarocka,0.49306122448979595,0.5417439703153989,0.42003710575139147,2508.0
Oleksandr Prokhorov,0.43272727272727274,0.5413729128014843,0.26975881261595547,2404.0
Marcus Harvey,0.49870129870129876,0.5410018552875696,0.4352504638218924,2830.0
Umut Erdem Gündüz,0.5945083487940631,0.540630797773655,0.6753246753246753,2678.0
Felix Rose,0.6180333951762523,0.5402597402597402,0.7346938775510204,2227.0
Nasyrova Ekaterina,0.5251948051948052,0.5398886827458256,0.5031539888682746,2381.0
Kevin Chor,0.5582189239332096,0.5395176252319109,0.5862708719851577,2537.0
Konstantin Borsuk,0.5484972170686456,0.5391465677179963,0.5625231910946197,2758.0
Ashot Nadanian,0.5877551020408163,0.5387755102040817,0.6612244897959184,2777.0
Haowen Xue,0.5814471243042671,0.538404452690167,0.6460111317254175,3061.0
Raphael Alonso,0.44244897959183677,0.5380333951762524,0.29907235621521333,2573.0
Bruno Morado Rodrigues,0.46389610389610386,0.5376623376623376,0.35324675324675325,2514.0
David George Samir,0.5519851576994435,0.537291280148423,0.574025974025974,2588.0
Paolo Ciuffoletti,0.5765491651205936,0.5369202226345083,0.6359925788497217,2223.0
Vardan Danielian,0.47703153988868274,0.5365491651205937,0.3877551020408163,2700.0
Beksultan Moldagali,0.5115398886827458,0.536178107606679,0.47458256029684603,2831.0
Huseyin Said Deveci,0.5699443413729128,0.5358070500927644,0.6211502782931354,2662.0
Alexander A. Chernov,0.5538404452690168,0.5354359925788498,0.5814471243042671,2363.0
Atousa Pourkashiyan,0.4779220779220779,0.535064935064935,0.3922077922077922,2596.0
Raven Sturt,0.569721706864564,0.5346938775510204,0.6222634508348794,2796.0
Jann-Christian Tiarks,0.5616326530612246,0.5343228200371057,0.6025974025974026,2486.0
Héctor Elissalt Cardenas,0.582634508348794,0.5339517625231911,0.6556586270871985,2349.0
Yelyzaveta Hrebenshchykova,0.5193320964749536,0.5335807050092765,0.49795918367346936,2446.0
Alexander Spichkin,0.36638218923933213,0.5332096474953618,0.11614100185528757,2413.0
Antonio Lopez Del Alamo,0.4238961038961039,0.5328385899814472,0.26048237476808905,2451.0
champ2005,0.6316141001855287,0.5324675324675324,0.7803339517625232,3057.0
Tamas Banusz,0.5328385899814472,0.5320964749536178,0.5339517625231911,3101.0
Anderson Esmeraldas,0.4395547309833024,0.5317254174397031,0.3012987012987013,2604.0
Ariel Nicolas Tokman,0.5141372912801485,0.5313543599257885,0.4883116883116883,2704.0
Michał Kopczyński,0.4619666048237477,0.5309833024118739,0.35844155844155845,2600.0
Robinson Perez,0.5549536178107607,0.5306122448979592,0.5914656771799629,2396.0
Andrew Jing,0.4661224489795919,0.5302411873840446,0.3699443413729128,2586.0
Nicolas Cogan,0.39599257884972167,0.5298701298701298,0.19517625231910946,2429.0
Aleksei Belov,0.4385157699443413,0.5294990723562152,0.3020408163265306,2678.0
Ameet Ghasi,0.5239332096474953,0.5291280148423005,0.5161410018552876,2716.0
Matensien,0.5440445269016698,0.5287569573283859,0.5669758812615956,2550.0
Nikolai Aliavdin,0.5255658627087199,0.5283858998144713,0.5213358070500927,2705.0
Leonardo Vincenti,0.3611873840445269,0.5280148423005566,0.11094619666048237,2560.0
Egor Lashkin,0.6123933209647495,0.527643784786642,0.7395176252319109,2916.0
Narayan Venkatesh,0.5274211502782932,0.5272727272727272,0.527643784786642,2600.0
Matthias Bluebaum,0.4997402597402597,0.5269016697588126,0.45899814471243044,3095.0
Qingyu Yuan,0.4863079777365491,0.5265306122448979,0.42597402597402595,2788.0
Marat Gilfanov,0.561038961038961,0.5261595547309833,0.6133580705009276,2955.0
pawel jaracz,0.5645269016697588,0.5257884972170687,0.6226345083487941,2783.0
Ramyres Santana Coelho,0.34686456400742116,0.525417439703154,0.0790352504638219,2233.0
Tomasz Jaskolka,0.4742857142857143,0.5250463821892394,0.3981447124304267,2696.0
Deniel Causo,0.5911688311688311,0.5246753246753246,0.6909090909090909,2739.0
Nikolas Theodorou,0.6000000000000001,0.52430426716141,0.713543599257885,3179.0
Alejandro Cosoi Scherzer,0.4795547309833024,0.5239332096474953,0.412987012987013,2084.0
Arthur Olinto de Souza,0.5584415584415584,0.5235621521335807,0.610760667903525,2124.0
David Zhurbinsky,0.4387384044526902,0.5231910946196661,0.3120593692022263,2636.0
Sahib Singh,0.5487940630797774,0.5228200371057514,0.5877551020408164,2727.0
Ruslan Kavyev,0.5864192949907236,0.5224489795918368,0.6823747680890538,2814.0
Jean Meunier-Pion,0.5103525046382189,0.522077922077922,0.49276437847866417,2449.0
Gnel Melikyan,0.39079777365491647,0.5217068645640074,0.19443413729128015,2804.0
Ryan Amburgy,0.5306864564007421,0.5213358070500927,0.5447124304267161,2843.0
yaguigor,0.5594063079777365,0.5209647495361781,0.6170686456400742,2738.0
Oleksandr Shymanskyi,0.502634508348794,0.5205936920222635,0.47569573283858996,2601.0
Simao Poscidonio Dias,0.4900927643784787,0.5202226345083488,0.4448979591836735,2474.0
Ramil Faizrakhmanov,0.5063450834879406,0.5198515769944342,0.48608534322820035,2931.0
Caio Poeta,0.5142857142857142,0.5194805194805194,0.5064935064935064,2573.0
Harshin Reddy Jagirapu,0.5961410018552875,0.5191094619666048,0.7116883116883117,2636.0
Giannis Kalogeris,0.601113172541744,0.5187384044526901,0.7246753246753247,2685.0
Radoslaw Szczepanek,0.4598886827458256,0.5183673469387755,0.3721706864564007,2398.0
Mohammadhossein Shamsi,0.5889424860853433,0.5179962894248609,0.6953617810760668,2478.0
Padmini Rout,0.6149907235621521,0.5176252319109462,0.7610389610389611,2626.0
Chanchal Kumer Ghosh,0.5539146567717996,0.5172541743970316,0.6089053803339518,2098.0
Tahsin Tajwar Zia,0.43079777365491645,0.5168831168831168,0.30166975881261593,2607.0
Luis Eusebio Oro,0.45417439703153983,0.5165120593692022,0.3606679035250464,2314.0
Alexandra Afanasieva,0.6253803339517625,0.5161410018552876,0.7892393320964749,2603.0
Loic Travadon,0.5282374768089053,0.5157699443413729,0.5469387755102041,2622.0
Andrew Tang,0.5410760667903525,0.5153988868274583,0.5795918367346938,3106.0
Josep Lacasa Diaz,0.5966604823747681,0.5150278293135436,0.7191094619666049,2501.0
Obolenskikh Dmitry,0.417291280148423,0.514656771799629,0.2712430426716141,2761.0
Noah Thomforde-Toates,0.3928756957328386,0.5142857142857142,0.21076066790352505,2860.0
Mario Sibilio,0.4437105751391466,0.5139146567717996,0.338404452690167,2272.0
Pawel‚ Dudzinski,0.3455287569573283,0.513543599257885,0.09350649350649351,2545.0
Evgeny Melikhov,0.36860853432282004,0.5131725417439703,0.15176252319109462,2451.0
Valerio Carnicelli,0.5257142857142857,0.5128014842300557,0.5450834879406308,2730.0
Shaaketh Sivakumar,0.5609647495361781,0.512430426716141,0.6337662337662338,2930.0
Dimitris Alexakis,0.4716883116883117,0.5120593692022264,0.4111317254174397,2897.0
Zbigniew Pakleza,0.5346938775510204,0.5116883116883116,0.5692022263450834,3004.0
Serhan Berat Özdemir,0.6052690166975881,0.511317254174397,0.7461966604823748,2622.0
Isaque Goncalves Santos,0.3430797773654916,0.5109461966604824,0.09128014842300557,1804.0
starplatinum2030,0.5374397031539888,0.5105751391465677,0.5777365491651206,2370.0
Gergana Peycheva,0.5499814471243043,0.5102040816326531,0.6096474953617811,2518.0
Tarasova Viktoriya,0.5214100185528757,0.5098330241187384,0.5387755102040817,2403.0
Naveen Jain,0.4668645640074212,0.5094619666048238,0.40296846011131726,2379.0
David Haydon,0.5463450834879406,0.509090909090909,0.6022263450834879,2704.0
Vladimir Damjanovic,0.5766975881261596,0.5087198515769944,0.6786641929499072,2659.0
Alena Nikulina,0.5249721706864564,0.5083487940630798,0.5499072356215213,2206.0
Damian Śliwicki,0.5155473098330241,0.5079777365491651,0.5269016697588126,2576.0
Jasper Rom,0.531799628942486,0.5076066790352505,0.5680890538033395,2492.0
Erik Blomqvist,0.39532467532467536,0.5072356215213358,0.2274582560296846,2583.0
Marcin Sieciechowicz,0.5350649350649351,0.5068645640074212,0.577365491651206,2752.0
Anastasios Mihailidis,0.3151762523191094,0.5064935064935064,0.028200371057513916,2520.0
Nikita Meshkovs,0.5543599257884972,0.5061224489795918,0.6267161410018552,2917.0
Nikita Matinian,0.5498330241187384,0.5057513914656772,0.6159554730983302,2820.0
Aisen Mestnikov,0.5335807050092765,0.5053803339517625,0.5758812615955473,2378.0
Luis Fernández Siles,0.530834879406308,0.5050092764378479,0.5695732838589982,2402.0
Diogo Duarte Guimaraes,0.4399257884972171,0.5046382189239332,0.34285714285714286,2412.0
Evan Ai,0.5278664192949908,0.5042671614100186,0.563265306122449,2492.0
Sergei Iskusnyh,0.6079406307977737,0.5038961038961038,0.7640074211502783,2768.0
Simon Williams,0.5612615955473097,0.5035250463821892,0.6478664192949907,2793.0
Vladimír Bochnička,0.5715769944341373,0.5031539888682746,0.6742115027829314,2491.0
James Allen,0.4110575139146567,0.5027829313543599,0.27346938775510204,2188.0
Marcin Krzyżanowski,0.4780705009276438,0.5024118738404453,0.44155844155844154,2829.0
Maxim Gavrilov,0.540482374768089,0.5020408163265306,0.5981447124304267,2656.0
Ekaterina Borisova,0.5043413729128015,0.501669758812616,0.5083487940630798,2604.0
Sricharan Pullela,0.38003710575139144,0.5012987012987012,0.19814471243042672,2496.0
José Remolar,0.5344712430426716,0.5009276437847866,0.584786641929499,2500.0
Mihai-Lucian Grunberg,0.4275324675324675,0.500556586270872,0.31799628942486086,2628.0
Oleksandr Yurovskykh,0.32044526901669756,0.5001855287569573,0.05083487940630798,2652.0
Ethan Sheehan,0.557847866419295,0.4998144712430427,0.6448979591836734,2986.0
Emre Mecit,0.3879777365491651,0.49944341372912804,0.22077922077922077,2476.0
Andrés Delgado,0.498330241187384,0.49907235621521334,0.4972170686456401,2429.0
Mikhail Kobalia,0.5886456400742115,0.4987012987012987,0.7235621521335807,2855.0
Luca Suvorov,0.594656771799629,0.49833024118738406,0.7391465677179963,2560.0
Meri Grigoryan,0.550204081632653,0.49795918367346936,0.6285714285714286,2348.0
Tomas Laurusas,0.5021892393320964,0.4975881261595547,0.509090909090909,2819.0
Mark Timmermans,0.4016326530612245,0.4972170686456401,0.2582560296846011,2777.0
Rafael Leitao,0.6007421150278294,0.49684601113172544,0.7565862708719852,2883.0
German Spata,0.36200371057513914,0.49647495361781074,0.16029684601113173,2754.0
Yevhenii Yelisieiev,0.42189239332096473,0.4961038961038961,0.3105751391465677,2701.0
Roman Kuzmin,0.5507977736549166,0.49573283858998146,0.6333951762523191,2694.0
Lazaro Lorenzo De La Riva,0.42189239332096473,0.49536178107606677,0.3116883116883117,2535.0
Joaquin Fiorito,0.5743970315398887,0.4949907235621521,0.6935064935064935,2889.0
esapunov,0.4613729128014842,0.4946196660482375,0.41150278293135434,2736.0
Vitaly Teterev,0.6071985157699444,0.49424860853432284,0.7766233766233767,2707.0
Khagan Ahmad,0.40274582560296845,0.49387755102040815,0.2660482374768089,2977.0
Vladimir Seliverstov,0.4912801484230056,0.4935064935064935,0.48794063079777367,2993.0
Vasif Durarbayli,0.5600742115027829,0.49313543599257886,0.660482374768089,2981.0
Mohamed Ezat,0.4761410018552875,0.49276437847866417,0.45120593692022265,2692.0
Dmitrij Skurikhin,0.4306493506493506,0.4923933209647495,0.3380333951762523,2371.0
Михаил Экдышман,0.4957328385899814,0.4920222634508349,0.5012987012987012,2539.0
Florescu Codrut Constantin,0.5674953617810761,0.49165120593692024,0.6812615955473098,2639.0
Nameer Issani,0.43547309833024117,0.49128014842300555,0.35176252319109463,2735.0
Artyom Bogdanov,0.49001855287569573,0.4909090909090909,0.48868274582560295,2673.0
Aleksandr Rakhmanov,0.4964749536178108,0.49053803339517627,0.5053803339517625,2912.0
Tamas-Kristof Balla,0.5569573283858997,0.49016697588126157,0.6571428571428571,2702.0
Piotr Brodowski,0.5932467532467532,0.4897959183673469,0.7484230055658627,2742.0
Santiago Quiñones García,0.5045640074211503,0.4894248608534323,0.5272727272727272,2430.0
Daniel Beniosev,0.49855287569573287,0.48905380333951765,0.5128014842300557,2401.0
Nikolay Pavlov,0.5780333951762523,0.48868274582560295,0.7120593692022263,2728.0
Francesco Bettalli,0.454025974025974,0.4883116883116883,0.4025974025974026,2599.0
Artur Dilmukhametov,0.4938775510204082,0.48794063079777367,0.5027829313543599,2453.0
Mathieu Ternault,0.4743599257884972,0.487569573283859,0.45454545454545453,2559.0
Gabriel Gähwiler,0.3985899814471243,0.48719851576994433,0.26567717996289425,2931.0
Alexandre Bouget,0.4479406307977737,0.4868274582560297,0.38961038961038963,2452.0
Kirill Klukin,0.5443413729128015,0.48645640074211505,0.6311688311688312,2960.0
Valentina Golubenko,0.5263079777365491,0.48608534322820035,0.5866419294990723,2342.0
Matyas Palczert,0.4236734693877551,0.4857142857142857,0.3306122448979592,2779.0
Volodymyr Yaniuk,0.4115769944341373,0.48534322820037107,0.30092764378478665,2729.0
Evgenios Ioannidis,0.5499814471243043,0.4849721706864564,0.647495361781076,2850.0
Anton Barash,0.5570315398886827,0.48460111317254173,0.6656771799628942,2448.0
Zhanibek Amanov,0.5909461966604824,0.4842300556586271,0.7510204081632653,2471.0
Pierre Barbot,0.4740630797773655,0.48385899814471245,0.4593692022263451,2344.0
Dawid Czerw,0.5514656771799629,0.48348794063079775,0.6534322820037106,2517.0
Nicola Altini,0.47272727272727266,0.4831168831168831,0.45714285714285713,2683.0
Bojan Todorovic,0.5407792207792208,0.48274582560296847,0.6278293135435993,2456.0
Roman Yanchenko,0.4440816326530612,0.48237476808905383,0.38664192949907233,2818.0
Christopher Woojin Yoo,0.5701669758812615,0.48200371057513913,0.7024118738404452,3110.0
Nikita Kraiouchkine,0.5095361781076067,0.4816326530612245,0.55139146567718,2636.0
Michal Fudalej,0.36623376623376624,0.48126159554730985,0.19369202226345084,2301.0
Davi Sulzbacher,0.5552504638218925,0.48089053803339515,0.6667903525046383,2524.0
Nurai Sovetbekova,0.5387012987012987,0.4805194805194805,0.625974025974026,2440.0
Edvin Trost,0.30189239332096474,0.48014842300556587,0.03450834879406308,2861.0
Eduardo Peralta,0.4158070500927644,0.47977736549165123,0.3198515769944341,2800.0
Djuro Skaric,0.33261595547309836,0.47940630797773653,0.11243042671614101,2431.0
David Temirkanov,0.5539888682745826,0.4790352504638219,0.6664192949907236,2525.0
Stanoje Jovic,0.49380333951762523,0.47866419294990725,0.5165120593692022,2532.0
Khumoyun Begmuratov,0.5254916512059369,0.47829313543599256,0.5962894248608535,2965.0
Levan Pantsulaia,0.4546196660482375,0.4779220779220779,0.41966604823747683,2873.0
Alua Nurman,0.49536178107606677,0.4775510204081633,0.522077922077922,2703.0
Artak Manukyan,0.396734693877551,0.47717996289424863,0.27606679035250464,2523.0
Grigor Grigorov,0.5479035250463822,0.47680890538033394,0.6545454545454545,2939.0
Antonio Pedro Freixial Vasques,0.5332838589981448,0.4764378478664193,0.6185528756957328,2364.0
Rohun Trakru,0.5342486085343228,0.47606679035250465,0.62152133580705,2734.0
Iung Alicio de O. Pinheiro,0.5464935064935065,0.47569573283858996,0.6526901669758812,2651.0
Qianyun Gong,0.44653061224489793,0.4753246753246753,0.4033395176252319,2728.0
Alberto Martin Fuentes,0.38367346938775515,0.4749536178107607,0.24675324675324675,2786.0
Luis Galego,0.47888682745825606,0.47458256029684603,0.48534322820037107,2574.0
Henry Deng,0.5277922077922078,0.47421150278293134,0.6081632653061224,2672.0
Vladimir Bugayev,0.4438589981447124,0.4738404452690167,0.39888682745825604,2410.0
Nikolai Vlassov,0.42330241187384043,0.47346938775510206,0.34805194805194806,2730.0
Omer Akkara,0.42189239332096473,0.47309833024118736,0.3450834879406308,2785.0
Elliott Winslow,0.487569573283859,0.4727272727272727,0.5098330241187384,2327.0
Yichen Han,0.41432282003710574,0.4723562152133581,0.32727272727272727,2792.0
Akshay Borgaonkar,0.331873840445269,0.47198515769944344,0.12170686456400742,2833.0
Chesswizard_2007,0.33461966604823745,0.47161410018552874,0.12912801484230055,3047.0
Volodar Murzin,0.5702411873840445,0.4712430426716141,0.7187384044526902,3129.0
Darvi Abraham Crispin Ferreras,0.42189239332096473,0.47087198515769946,0.3484230055658627,2442.0
Bulat Mirzanurov,0.500482374768089,0.47050092764378476,0.5454545454545454,2154.0
Mikhail Bryakin,0.34144712430426716,0.4701298701298701,0.14842300556586271,2979.0
Slobodan Filipovic,0.3547309833024119,0.4697588126159555,0.18218923933209646,2498.0
Arian Baradaran Tamadon,0.4638961038961039,0.46938775510204084,0.4556586270871985,2659.0
Lala Huseynova,0.4595176252319109,0.46901669758812614,0.4452690166975881,2451.0
Henning Holinka,0.5354359925788497,0.4686456400742115,0.6356215213358071,2699.0
Konstnatin Andreev,0.4072727272727273,0.46827458256029686,0.3157699443413729,2642.0
Sebastian  Zsombor Peczely,0.35836734693877553,0.46790352504638216,0.1940630797773655,2566.0
Santiago  Rodriguez,0.49588126159554735,0.4675324675324675,0.538404452690167,2583.0
Tudor Henry Edward,0.5615584415584416,0.4671614100185529,0.7031539888682746,2620.0
Torben Søraas,0.5187384044526901,0.46679035250463824,0.5966604823747681,2406.0
Dina Belenkaya,0.5018923933209647,0.46641929499072354,0.5551020408163265,2551.0
Sergei Mihajlovskij,0.5273469387755102,0.4660482374768089,0.6192949907235622,2519.0
Jose Garcia Molina,0.37884972170686454,0.46567717996289426,0.24860853432282004,2534.0
Adrian Suarez Uriel,0.49513914656771796,0.46530612244897956,0.5398886827458256,2487.0
Anatole Vlachos,0.5240074211502783,0.4649350649350649,0.6126159554730983,2708.0
PavelShkapenko,0.33974025974025973,0.4645640074211503,0.15250463821892393,2817.0
Jonathan Dourérassou,0.42708719851576993,0.46419294990723564,0.37142857142857144,2827.0
Dmitry Kryakvin,0.4500185528756957,0.46382189239332094,0.4293135435992579,2946.0
Mohamed Salem Yahi,0.3368460111317254,0.4634508348794063,0.1469387755102041,1874.0
Rudik Makarian,0.47866419294990725,0.46307977736549166,0.5020408163265306,3073.0
David Rodríguez López,0.2804452690166976,0.462708719851577,0.007050092764378479,2500.0
Jakob Postlmayer,0.45343228200371055,0.4623376623376623,0.4400742115027829,2683.0
Radmila Kovacevic,0.32319109461966605,0.4619666048237477,0.1150278293135436,2250.0
Altay Eynullayev,0.5270500927643784,0.46159554730983304,0.6252319109461967,2494.0
Jan Zienkiewicz,0.5545825602968459,0.46122448979591835,0.6946196660482374,2655.0
Samuel Zenelaj,0.3186641929499072,0.4608534322820037,0.10538033395176252,2606.0
Viktor Berezin,0.462708719851577,0.46048237476808906,0.4660482374768089,2566.0
Artem Sadovsky,0.410834879406308,0.4601113172541744,0.3369202226345083,2708.0
Ieuan Ward,0.4714656771799629,0.4597402597402597,0.48905380333951765,2439.0
Yoel Estarling Polanco Nunez,0.3517625231910946,0.4593692022263451,0.19035250463821893,2336.0
Anastasia Avramidou,0.42278293135435996,0.45899814471243044,0.3684601113172542,2725.0
CarlosjPineror,0.4710946196660482,0.45862708719851575,0.4897959183673469,2726.0
Roberto Al Avila Bautista,0.4198144712430427,0.4582560296846011,0.362152133580705,2666.0
Elijah Logozar,0.5196289424860854,0.45788497217068647,0.6122448979591837,2466.0
Marcel Winkels,0.4217439703153989,0.4575139146567718,0.3680890538033395,2104.0
David Brodsky,0.5493135435992579,0.45714285714285713,0.687569573283859,2876.0
Georgios Kanakaris,0.5606679035250464,0.4567717996289425,0.7165120593692023,2612.0
Juan Rottenwohrer Suarez,0.5128014842300557,0.45640074211502785,0.5974025974025974,2478.0
Mike Ivanov,0.5274211502782931,0.45602968460111315,0.634508348794063,2537.0
ZAHAR HILKEVICH,0.5040445269016698,0.4556586270871985,0.5766233766233766,2615.0
Robert Safin,0.4763636363636364,0.45528756957328387,0.5079777365491651,2590.0
Agustin Ambrogi,0.48935064935064937,0.4549165120593692,0.5410018552875696,2545.0
parintele_chess,0.5274211502782931,0.45454545454545453,0.636734693877551,2205.0
Paul Richter,0.4584786641929499,0.4541743970315399,0.4649350649350649,2787.0
Vilka Sipilä,0.4707235621521336,0.45380333951762525,0.4961038961038961,2638.0
Ruben Akhayan,0.38946196660482374,0.45343228200371055,0.2935064935064935,2468.0
Alexandr Triapishko,0.42397031539888685,0.4530612244897959,0.3803339517625232,2846.0
Laurin Jahnz,0.3453803339517625,0.45269016697588127,0.18441558441558442,2563.0
Tykhon Cherniaiev,0.30612244897959184,0.45231910946196663,0.08682745825602968,2871.0
Ernesto Real de  Azua,0.553617810760668,0.45194805194805193,0.7061224489795919,2667.0
Victor Bologan,0.534990723562152,0.4515769944341373,0.6601113172541744,2854.0
Read Samadov,0.5396660482374769,0.45120593692022265,0.6723562152133581,2979.0
Indy Southcott-Moyers,0.29647495361781073,0.45083487940630795,0.06493506493506493,2630.0
Pere Garriga Cazorla,0.4755473098330241,0.4504638218923933,0.5131725417439703,2801.0
Vladimir Mikhailovsky,0.5737291280148423,0.45009276437847867,0.7591836734693878,2944.0
Marcelo Villalba,0.5046382189239331,0.44972170686456403,0.587012987012987,2578.0
Richard Bethke,0.5501298701298701,0.44935064935064933,0.7012987012987013,2463.0
Margarita Potapova,0.5151762523191095,0.4489795918367347,0.6144712430426716,2764.0
Hong Anh Nguyen,0.5213358070500929,0.44860853432282005,0.6304267161410019,2611.0
Pawel Flis,0.3902040816326531,0.44823747680890536,0.3031539888682746,2249.0
Bao Nghia Dong,0.5056029684601113,0.4478664192949907,0.5922077922077922,2652.0
Rick GC,0.4071243042671614,0.4474953617810761,0.34656771799628944,2422.0
David Paravyan,0.3384786641929499,0.44712430426716143,0.17551020408163265,3147.0
Elnaz Kaliakhmet,0.5074582560296846,0.44675324675324674,0.5985157699443414,2602.0
Alex Fishbein,0.30879406307977736,0.4463821892393321,0.10241187384044527,2713.0
Shubhi Gupta,0.5074582560296846,0.44601113172541745,0.5996289424860853,2517.0
Volodymyr Vetoshko,0.5435992578849722,0.44564007421150276,0.6905380333951763,2849.0
Eline Roebers,0.3916883116883117,0.4452690166975881,0.31131725417439704,2841.0
Omran Alhosani,0.4589981447124304,0.4448979591836735,0.48014842300556587,2453.0
Sergey Rodchenkov,0.4857884972170687,0.44452690166975883,0.5476808905380334,2627.0
Juan Carlos Mesa Cruz,0.5041187384044526,0.44415584415584414,0.5940630797773655,2513.0
Satria Duta Cahaya,0.335139146567718,0.4437847866419295,0.17217068645640074,2815.0
Alexander Reprintsev,0.36890538033395176,0.44341372912801486,0.2571428571428571,2641.0
Jonathan Hrach,0.45669758812615957,0.44304267161410016,0.47717996289424863,2469.0
Dmitry Zenin,0.4589981447124304,0.4426716141001855,0.48348794063079775,2555.0
Sayed Javad Alavi,0.5058256029684601,0.4423005565862709,0.601113172541744,2878.0
Alexey Evdokimov,0.295139146567718,0.44192949907235624,0.07495361781076067,2671.0
Alfeu Junior Varela Bueno,0.3597773654916512,0.44155844155844154,0.23710575139146567,2432.0
Kalyani Sirin,0.4521706864564007,0.4411873840445269,0.4686456400742115,2633.0
Levon Aronian,0.5044897959183674,0.44081632653061226,0.6,3115.0
Ildar Idrisov,0.3696474953617811,0.4404452690166976,0.2634508348794063,2423.0
Floryan Eugene,0.4296846011131725,0.4400742115027829,0.41410018552875694,2902.0
SirMittensofMittensville,0.4863079777365491,0.4397031539888683,0.5562152133580704,2677.0
Artemy Gogolev,0.46842300556586275,0.43933209647495364,0.5120593692022264,2696.0
Joshua Colas,0.4953617810760668,0.43896103896103894,0.5799628942486086,2696.0
Dmitry Maximov,0.39243042671614103,0.4385899814471243,0.32319109461966605,2762.0
edison ruge,0.3160667903525046,0.43821892393320966,0.13283858998144712,2216.0
Володимир Михальський,0.44259740259740266,0.437847866419295,0.44972170686456403,2606.0
Roman Dehtiarov,0.30641929499072357,0.4374768089053803,0.10983302411873841,2814.0
Dmitry Ponomarev,0.2818552875695733,0.4371057513914657,0.04897959183673469,2262.0
Talaibek Osmonbekov,0.4597402597402597,0.43673469387755104,0.49424860853432284,2395.0
Jaan Ehlvest,0.36215213358070497,0.43636363636363634,0.250834879406308,2695.0
Kamil Warchoł,0.4441558441558442,0.4359925788497217,0.45640074211502785,2524.0
Ivan Kubatko,0.49350649350649356,0.43562152133580706,0.5803339517625232,2500.0
Enes Tanriverdi,0.5260853432282004,0.4352504638218924,0.6623376623376623,2817.0
Daniel Taboas Rodriguez,0.35428571428571426,0.4348794063079777,0.23339517625231912,2704.0
Maka Purtseladze,0.30523191094619667,0.4345083487940631,0.11131725417439703,2573.0
Michael Buscar,0.4363636363636364,0.43413729128014844,0.4397031539888683,2463.0
Remy Rushbrooke,0.4101669758812616,0.43376623376623374,0.3747680890538033,2145.0
Eduardo Muzzi,0.4623376623376623,0.4333951762523191,0.5057513914656772,1958.0
Rustam Rustamov,0.2868274582560297,0.43302411873840446,0.06753246753246753,3018.0
Pablo Glavina,0.5347680890538034,0.4326530612244898,0.6879406307977737,2826.0
Cervantes Landeiro Thalia,0.4719109461966605,0.4322820037105751,0.5313543599257885,2475.0
Oleksandr Yevchenko,0.5087940630797774,0.4319109461966605,0.6241187384044526,2386.0
Lenin Guerra Tulcan,0.4208534322820037,0.43153988868274584,0.4048237476808905,2518.0
Lucas Do Valle Cardoso,0.4535807050092764,0.43116883116883115,0.48719851576994433,2900.0
Ward Al-Tarboush,0.363265306122449,0.4307977736549165,0.2619666048237477,2728.0
Dushyant Sharma,0.36081632653061224,0.43042671614100186,0.25640074211502784,2639.0
Brewington Hardaway,0.30419294990723567,0.4300556586270872,0.11539888682745826,2632.0
Cristian Silva Lucena,0.5154730983302411,0.4296846011131725,0.6441558441558441,2607.0
Olga Karavaeva,0.4606307977736549,0.4293135435992579,0.5076066790352505,2260.0
Vladimir Demin,0.5377365491651206,0.42894248608534324,0.7009276437847867,2564.0
Matt Pon,0.42842300556586266,0.42857142857142855,0.4282003710575139,2540.0
Zoey Tang,0.4604081632653061,0.4282003710575139,0.5087198515769944,2502.0
Carlos Morales,0.5278664192949907,0.42782931354359927,0.6779220779220779,2510.0
ApacheSVD,0.4632282003710575,0.4274582560296846,0.5168831168831168,2566.0
Zviad Izoria,0.4803710575139146,0.42708719851576993,0.5602968460111317,2911.0
Carles Martín Barceló,0.2894248608534322,0.4267161410018553,0.08348794063079777,2462.0
Srihari L,0.518961038961039,0.42634508348794065,0.6578849721706864,2818.0
Artin Ashraf,0.4728756957328386,0.42597402597402595,0.5432282003710576,3065.0
Nicolò Napoli,0.4730983302411874,0.4256029684601113,0.5443413729128015,2553.0
Guillermo Baches Garcia,0.4656029684601113,0.42523191094619667,0.5261595547309833,2588.0
Geordie Derraugh,0.4621150278293136,0.424860853432282,0.5179962894248609,2481.0
Francisco Orantes Taboada,0.4111317254174397,0.42448979591836733,0.39109461966604825,2440.0
Maria Florencia Fernández,0.3344712430426716,0.4241187384044527,0.2,2427.0
Nima Hosseinzadeh,0.3759554730983302,0.42374768089053805,0.3042671614100185,2693.0
Boris Grachev,0.3233395176252319,0.42337662337662335,0.17328385899814472,2959.0
Damir Ismagilov,0.32564007421150276,0.4230055658627087,0.17959183673469387,2701.0
Luis David Jimenez Almeida,0.4830426716141002,0.42263450834879407,0.5736549165120594,2522.0
Tomas Kraus,0.48356215213358067,0.42226345083487943,0.5755102040816327,2216.0
Jan-Krzysztof Duda,0.5182189239332096,0.42189239332096473,0.662708719851577,3178.0
Daniel Rangel,0.37669758812615955,0.4215213358070501,0.3094619666048237,2459.0
Leonid Nozdrachev,0.3197773654916512,0.42115027829313545,0.16771799628942485,2602.0
Atanas Dimitrov,0.36512059369202227,0.42077922077922075,0.2816326530612245,2808.0
Yaroslav Shevchenko,0.5103525046382189,0.4204081632653061,0.6452690166975881,2623.0
Diego Adla,0.40044526901669764,0.42003710575139147,0.37105751391465674,2693.0
Artem Gulevich,0.38211502782931356,0.41966604823747683,0.32578849721706865,2462.0
Katharina Reinecke,0.3603710575139146,0.41929499072356213,0.2719851576994434,2049.0
Wilson Morales,0.47280148423005564,0.4189239332096475,0.5536178107606679,2736.0
broskolis,0.46693877551020413,0.41855287569573285,0.5395176252319109,2502.0
Lewis Martin,0.47532467532467526,0.41818181818181815,0.561038961038961,2354.0
Mykola Korchynskyi,0.445417439703154,0.4178107606679035,0.4868274582560297,2922.0
Jan Kokoszczynski,0.4370315398886827,0.4174397031539889,0.46641929499072354,2759.0
Joaquin Rodrigo Jimenez,0.42805194805194813,0.41706864564007423,0.44452690166975883,2470.0
Neven Hercegovac,0.49610389610389605,0.41669758812615953,0.6152133580705009,2510.0
Jakub Seemann,0.415139146567718,0.4163265306122449,0.41335807050092765,2866.0
Sharvesh Deviprasath,0.45246753246753246,0.41595547309833025,0.5072356215213358,2636.0
Bence Pribelszky,0.372987012987013,0.4155844155844156,0.3090909090909091,2459.0
Jaroslav Sobek,0.3926530612244898,0.4152133580705009,0.3588126159554731,2079.0
EREBUNI91,0.39495361781076066,0.4148423005565863,0.36512059369202227,2790.0
Aslan Aitbayev,0.417291280148423,0.41447124304267163,0.4215213358070501,2798.0
abelmat,0.41202226345083487,0.41410018552875694,0.40890538033395174,2310.0
German Bazeev,0.4606307977736549,0.4137291280148423,0.5309833024118739,2885.0
Margarita Fakhretdinova,0.5128014842300557,0.41335807050092765,0.6619666048237477,2445.0
Alexei Shirov,0.5381076066790352,0.412987012987013,0.7257884972170686,2955.0
Dejan Tasev,0.4440816326530612,0.4126159554730983,0.49128014842300555,2739.0
Rodrigo Román,0.29974025974025975,0.4122448979591837,0.13098330241187384,2475.0
Andriy Diachek,0.44779220779220785,0.41187384044526903,0.501669758812616,2684.0
Маргарита Филиппова,0.43243042671614096,0.41150278293135434,0.46382189239332094,2509.0
Attila Jr. Forgacs,0.3119851576994434,0.4111317254174397,0.16326530612244897,2606.0
Alvaro Rodriguez,0.46597402597402604,0.41076066790352506,0.5487940630797774,2503.0
Veronika Shubenkova,0.33781076066790355,0.4103896103896104,0.22894248608534323,2703.0
Emanuel Vaglio,0.328682745825603,0.4100185528756957,0.20667903525046383,2569.0
Nicolas Perossa,0.2904638218923933,0.4096474953617811,0.11168831168831168,2664.0
Liem Le,0.5250463821892394,0.40927643784786644,0.6987012987012987,3065.0
Gevorg Harutjunyan,0.46886827458256025,0.40890538033395174,0.558812615955473,2882.0
Zoran Velickovic,0.42441558441558436,0.4085343228200371,0.44823747680890536,2426.0
Bryan Xie,0.43666048237476807,0.40816326530612246,0.47940630797773653,2594.0
Oleg Rychkov,0.4679035250463822,0.4077922077922078,0.5580705009276438,2780.0
Denis Makhnev,0.4826716141001855,0.4074211502782931,0.5955473098330241,3076.0
Sofia Blokhin,0.3427829313543599,0.4070500927643785,0.24638218923933208,2341.0
Vojislav Milanovic,0.301595547309833,0.40667903525046384,0.14397031539888683,2522.0
Alexei Saveliev,0.3312059369202226,0.40630797773654914,0.21855287569573284,2811.0
Aziz Degenbaev,0.42983302411873836,0.4059369202226345,0.46567717996289426,2708.0
Han Schut,0.4502411873840445,0.40556586270871986,0.5172541743970316,2314.0
Ágoston Juhász,0.3839703153988868,0.4051948051948052,0.3521335807050093,2745.0
Mykola Bortnyk,0.3720222634508349,0.4048237476808905,0.3228200371057514,3170.0
Swara Lakshmi Nair,0.4660482374768089,0.4044526901669759,0.5584415584415584,2371.0
Matthias Mattenberger,0.44519480519480525,0.40408163265306124,0.5068645640074212,2655.0
David Blanco Diez,0.4476437847866419,0.40371057513914654,0.513543599257885,2413.0
Tamaz Mgeladze,0.26426716141001855,0.4033395176252319,0.055658627087198514,2741.0
Valiantsin Yezhel,0.34641929499072355,0.40296846011131726,0.26159554730983303,2547.0
Oleksiy Solovchuk,0.42916512059369205,0.4025974025974026,0.46901669758812614,2569.0
Vahan Nalbandyan,0.2686456400742115,0.4022263450834879,0.06827458256029685,2770.0
Viktor Dmitrenko,0.5012987012987014,0.4018552875695733,0.6504638218923933,2777.0
Rustam Khusnutdinov,0.48148423005565866,0.40148423005565864,0.6014842300556587,2937.0
Mohammad Mohammadian,0.25254174397031537,0.40111317254174395,0.029684601113172542,1889.0
Edgardo J. Almedina Ortiz,0.396734693877551,0.4007421150278293,0.3907235621521336,2401.0
Leinier Dominguez Perez,0.46849721706864567,0.40037105751391466,0.5706864564007421,3011.0
Vladislav Gontcharov,0.4215213358070501,0.4,0.45380333951762525,2703.0
Rubén Domingo Núñez,0.45677179962894243,0.3996289424860853,0.5424860853432282,2746.0
Krzysztof Jakubowski,0.39688311688311684,0.3992578849721707,0.39332096474953615,2805.0
Peter Lizak,0.26575139146567717,0.39888682745825604,0.06604823747680891,2644.0
Carlos Martins,0.5047866419294991,0.39851576994434135,0.6641929499072357,2471.0
İlhan Serhat Salman,0.2670871985157699,0.3981447124304267,0.07050092764378478,2600.0
Joao Avalos,0.45179962894248615,0.39777365491651206,0.5328385899814472,2448.0
Rick Frischmann,0.3331354359925789,0.3974025974025974,0.23673469387755103,2580.0
William Alfaro Caracas,0.4745083487940631,0.3970315398886827,0.5907235621521336,2408.0
Keti Tsatsalashvili,0.37706864564007425,0.3966604823747681,0.3476808905380334,2500.0
Dragan Popadic,0.29046382189239334,0.39628942486085345,0.13172541743970315,2415.0
Franciszek Sernecki,0.3543599257884972,0.39591836734693875,0.2920222634508349,2501.0
Leo Crevatin,0.4252319109461966,0.3955473098330241,0.4697588126159555,2558.0
Looi Xin Hao,0.4619666048237477,0.39517625231910947,0.562152133580705,2406.0
Jonathan Subervi,0.42538033395176256,0.3948051948051948,0.4712430426716141,2384.0
Rômulo Cardoso,0.35020408163265304,0.39443413729128013,0.28385899814471244,2502.0
Евгений Бурмакин,0.5179962894248609,0.3940630797773655,0.7038961038961039,2471.0
Varuzhan Akobian,0.3879035250463822,0.39369202226345085,0.37922077922077924,2969.0
Dmitry Zacurdajev,0.4811873840445269,0.39332096474953615,0.612987012987013,2392.0
realmadridtv,0.4144712430426716,0.3929499072356215,0.44675324675324674,2377.0
Sultanbeibarys Dumanuly,0.37150278293135436,0.39257884972170687,0.3398886827458256,2542.0
Luka Paichadze,0.4193692022263451,0.3922077922077922,0.4601113172541744,2966.0
Tigran Mukhutdinov,0.342708719851577,0.39183673469387753,0.2690166975881262,2752.0
Israel Caspi,0.38923933209647493,0.3914656771799629,0.38589981447124305,2730.0
Karl Bowden,0.41781076066790357,0.39109461966604825,0.45788497217068647,2514.0
Mert Erdoğdu,0.44593692022263454,0.3907235621521336,0.5287569573283859,2785.0
Jorden Van Foreest,0.39257884972170687,0.3903525046382189,0.39591836734693875,3128.0
Shyaamnikhil P,0.3640074211502783,0.38998144712430427,0.3250463821892393,2631.0
Jaime Vaglio,0.25899814471243043,0.38961038961038963,0.06307977736549165,2256.0
Justin Storm,0.3877551020408163,0.38923933209647493,0.3855287569573284,2509.0
Pariston Hill,0.3292022263450835,0.3888682745825603,0.23970315398886827,2517.0
Georgi Orlov,0.4989239332096475,0.38849721706864565,0.6645640074211503,2576.0
Dantelle Joubert,0.35161410018552874,0.388126159554731,0.29684601113172543,2056.0
Jesus Martin Duque,0.4330241187384044,0.3877551020408163,0.5009276437847866,2472.0
Asish Panda,0.39332096474953615,0.38738404452690167,0.4022263450834879,2704.0
Jemal Ovezdurdyeva,0.38181818181818183,0.38701298701298703,0.37402597402597404,2435.0
Ulrich Zimmermann,0.4436363636363636,0.38664192949907233,0.5291280148423005,2536.0
Jarmo Hartikainen,0.33491651205936923,0.3862708719851577,0.25788497217068646,2222.0
Sharath Radhakrishnan,0.2607792207792208,0.38589981447124305,0.07309833024118738,2559.0
Hasan Atis,0.38686456400742114,0.3855287569573284,0.3888682745825603,2564.0
Marcel Beulen,0.40296846011131726,0.3851576994434137,0.4296846011131725,2447.0
Zala Urh,0.3785528756957328,0.3847866419294991,0.3692022263450835,2328.0
Vince Gergő Turcsányi,0.3689795918367347,0.38441558441558443,0.3458256029684601,2512.0
Leandro Jiménez,0.4671614100185528,0.38404452690166974,0.5918367346938775,2541.0
Andrei Ioan Trifan,0.4531354359925789,0.3836734693877551,0.5573283858998145,2714.0
Enrique Fonseca Manrique,0.3019666048237477,0.38330241187384045,0.17996289424860853,2685.0
Соловьев Александр,0.433543599257885,0.3829313543599258,0.5094619666048238,2282.0
Kevin Davidson,0.4092764378478664,0.3825602968460111,0.44935064935064933,2455.0
4empechement,0.3893135435992579,0.3821892393320965,0.4,2522.0
Carlos Alberto Gallegos Diaz,0.3588126159554731,0.38181818181818183,0.32430426716141003,2563.0
Gabriel Voiteanu,0.34493506493506493,0.38144712430426714,0.2901669758812616,2291.0
Владимир Матвеев,0.36593692022263447,0.3810760667903525,0.3432282003710575,2664.0
Marko Perestjuk,0.39525046382189244,0.38070500927643786,0.41706864564007423,2417.0
Raset Ziatdinov,0.4181818181818182,0.3803339517625232,0.4749536178107607,2655.0
Ervin Ozkan,0.474508348794063,0.3799628942486085,0.6163265306122448,2765.0
Adham_Hossam2011,0.3865677179962894,0.3795918367346939,0.3970315398886827,2327.0
Alexandre Qashashvili,0.22931354359925787,0.37922077922077924,0.0044526901669758815,2246.0
Quiet_Desperation,0.28519480519480517,0.37884972170686454,0.14471243042671614,1533.0
Aleksandr Ivanov,0.29269016697588124,0.3784786641929499,0.1640074211502783,2339.0
Rosh Jain,0.32437847866419295,0.37810760667903526,0.2437847866419295,2622.0
Frank Buchenau,0.44853432282003713,0.3777365491651206,0.5547309833024119,2405.0
Suvrajit Saha,0.42634508348794065,0.3773654916512059,0.4998144712430427,2248.0
Jan Murawski,0.3590352504638219,0.3769944341372913,0.3320964749536178,2507.0
samarth Rao 1664 Leavud Rating,0.40319109461966607,0.37662337662337664,0.44304267161410016,1878.0
Cyrielle Monpeurt,0.37120593692022263,0.37625231910946194,0.36363636363636365,2246.0
Ilya Gruzman,0.34827458256029686,0.3758812615955473,0.3068645640074211,2071.0
Colombiano07,0.4020779220779221,0.37551020408163266,0.44192949907235624,2529.0
Ulises Hernández Bermúdez,0.3788497217068646,0.375139146567718,0.38441558441558443,2389.0
Akhmedov_David,0.33974025974025973,0.3747680890538033,0.2871985157699443,2777.0
Semen Novozhilov,0.4606307977736549,0.3743970315398887,0.5899814471243042,2914.0
Hampus Sorensen,0.3959925788497217,0.37402597402597404,0.42894248608534324,2770.0
Piotr Kejna,0.3904267161410019,0.37365491651205934,0.4155844155844156,2688.0
Lev Zverev,0.30857142857142855,0.3732838589981447,0.21150278293135436,2776.0
Nikolay Kleimenov,0.4480148423005566,0.37291280148423006,0.5606679035250464,2720.0
Hui Li,0.2521706864564008,0.3725417439703154,0.07161410018552876,2445.0
Jiner Zhu,0.37380333951762523,0.3721706864564007,0.37625231910946194,2750.0
Senthil Maran,0.3012987012987013,0.3717996289424861,0.19554730983302412,2603.0
Yaroslav Demchenko,0.4373283858998145,0.37142857142857144,0.536178107606679,2544.0
Arthur Muromtsev,0.3562152133580705,0.37105751391465674,0.3339517625231911,2318.0
Marius Deuer,0.38671614100185525,0.3706864564007421,0.41076066790352506,2627.0
Gerardo Antonio Gracia Alvarez,0.46664192949907235,0.37031539888682746,0.6111317254174397,2461.0
Artiom Stribuk,0.4264935064935065,0.3699443413729128,0.511317254174397,3009.0
Alejandro Domingo Nunez,0.4639703153988868,0.3695732838589981,0.6055658627087198,2632.0
Tatev Abrahamyan,0.3456029684601113,0.3692022263450835,0.31020408163265306,2528.0
Sơn Đặng,0.3694248608534323,0.36883116883116884,0.37031539888682746,2809.0
Ilyass Msellek,0.4638961038961039,0.3684601113172542,0.6070500927643785,2872.0
patzer-reloaded,0.3214842300556586,0.3680890538033395,0.2515769944341373,2339.0
Svyatoslav Lisenkov,0.25640074211502784,0.36771799628942486,0.08942486085343228,2825.0
Sourath Biswas,0.4755473098330242,0.3673469387755102,0.637847866419295,2623.0
Pedro Gil Ferreira Da Silva,0.4582560296846011,0.3669758812615955,0.5951762523191094,2450.0
Alberto Santos Flores,0.2776994434137291,0.3666048237476809,0.1443413729128015,2550.0
Turkan Mamedjarova,0.3316512059369202,0.36623376623376624,0.2797773654916512,2409.0
Angel Gabriel Cordoba Roa,0.4338404452690168,0.3658627087198516,0.5358070500927644,2828.0
Николай Оглоблин,0.2506122448979592,0.3654916512059369,0.07829313543599258,2567.0
Tuna Özateş,0.42612244897959184,0.36512059369202227,0.5176252319109462,2626.0
Bahadir Ozen,0.4345083487940631,0.3647495361781076,0.5391465677179963,2904.0
Axel Delorme,0.3747680890538033,0.36437847866419293,0.3903525046382189,2606.0
Niklesha Tharushi,0.27346938775510204,0.3640074211502783,0.13766233766233765,2467.0
Vugar Manafov,0.34003710575139146,0.36363636363636365,0.3046382189239332,2983.0
Andrei Belozerov,0.402152133580705,0.363265306122449,0.46048237476808906,2838.0
Yaroslav Remizov,0.30589981447124304,0.3628942486085343,0.22040816326530613,2864.0
Ignacio Gago,0.4014100185528757,0.36252319109461967,0.4597402597402597,2210.0
Joey Grochal,0.32029684601113173,0.362152133580705,0.2575139146567718,2613.0
Jose Fernando Cuenca,0.3067161410018553,0.36178107606679033,0.22411873840445268,2810.0
Daniel Barria,0.4062337662337663,0.3614100185528757,0.47346938775510206,2698.0
Peter Roberson,0.3138404452690167,0.36103896103896105,0.24304267161410018,2740.0
Volodya Torosyan,0.31658627087198515,0.3606679035250464,0.2504638218923933,2703.0
Adrian Antonio Garcia Garcia,0.24883116883116882,0.3602968460111317,0.08163265306122448,2531.0
Matt Zavortink,0.3735807050092764,0.35992578849721707,0.3940630797773655,2579.0
MF Pablo Alexander Ruiz Aguilar,0.28252319109461965,0.35955473098330243,0.16697588126159554,2313.0
Andy Woodward,0.4463079777365491,0.35918367346938773,0.5769944341372912,3171.0
Andres Carrasco Miranda,0.41684601113172537,0.3588126159554731,0.5038961038961038,2476.0
Juan Sebastian Melian,0.4090538033395177,0.35844155844155845,0.4849721706864564,2705.0
Isaak Parpiev,0.4074953617810761,0.3580705009276438,0.4816326530612245,3039.0
Tyrell Harriott,0.23124304267161408,0.3576994434137291,0.04155844155844156,2313.0
Hajiyev Kanan,0.2690166975881262,0.35732838589981447,0.1365491651205937,2686.0
Yago Labussiere,0.30782931354359927,0.35695732838589983,0.23413729128014843,2328.0
Sergey Shtyka,0.25461966604823744,0.35658627087198513,0.10166975881261596,2517.0
Robert Piliposyan,0.3314285714285714,0.3562152133580705,0.29424860853432283,2911.0
Andre Bold,0.22641929499072355,0.35584415584415585,0.03228200371057514,2578.0
Leonid Starozhilov,0.2901669758812616,0.3554730983302412,0.19220779220779222,2845.0
Sergio Joshafatt Morales Garcia,0.4306493506493506,0.3551020408163265,0.5439703153988869,2511.0
Franco Manteiga,0.38189239332096475,0.3547309833024119,0.42263450834879407,2189.0
Fernando Valenzuela,0.4037847866419295,0.35435992578849723,0.4779220779220779,2800.0
Vilmos Balint,0.2877922077922078,0.35398886827458254,0.18849721706864564,2392.0
Raahul V S,0.4462337662337662,0.3536178107606679,0.5851576994434138,2703.0
bratkoo,0.42493506493506494,0.35324675324675325,0.5324675324675324,2546.0
Ken Arnold,0.34159554730983305,0.3528756957328386,0.3246753246753247,2465.0
Vantika Agrawal,0.39109461966604825,0.3525046382189239,0.4489795918367347,2608.0
Nicolai Maxime Østensen,0.322152133580705,0.3521335807050093,0.2771799628942486,2908.0
Aleksandr Domalchuk-Jonasson,0.29714285714285715,0.35176252319109463,0.21521335807050093,2817.0
Maria Larina,0.2863821892393321,0.35139146567717994,0.1888682745825603,2293.0
Felix Ilinca,0.4099443413729128,0.3510204081632653,0.49833024118738406,3014.0
Sergey Grigoriants,0.43955473098330244,0.35064935064935066,0.5729128014842301,3000.0
Uliana Dudkina,0.3931725417439703,0.350278293135436,0.4575139146567718,2621.0
Kaan Kucuksari,0.26411873840445266,0.3499072356215213,0.13543599257884972,2814.0
Rubens Gazineu,0.28244897959183674,0.3495361781076067,0.18181818181818182,2050.0
Miguel Angel Marino,0.36667903525046386,0.34916512059369204,0.3929499072356215,2349.0
Cristian Robledo,0.3827829313543599,0.34879406307977734,0.43376623376623374,2417.0
Shubh Laddha,0.2935064935064935,0.3484230055658627,0.21113172541743971,2669.0
Wladimir Zampronha,0.33840445269016695,0.34805194805194806,0.32393320964749533,2438.0
Ketevan Arakhamia-Grant,0.25803339517625234,0.3476808905380334,0.12356215213358071,2468.0
Jose Guilherme Barria Santos,0.37536178107606677,0.3473098330241187,0.4174397031539889,2704.0
Jaime Rodriguez Santiago,0.3812244897959184,0.3469387755102041,0.4326530612244898,2288.0
Thomas Diem,0.34938775510204084,0.34656771799628944,0.3536178107606679,2418.0
Ortik Nigmatov,0.40512059369202225,0.34619666048237474,0.4935064935064935,2832.0
Keith Jeffrey Khumalo,0.4311688311688312,0.3458256029684601,0.5591836734693878,2708.0
Giovanni B Tavares Da Silva,0.396808905380334,0.34545454545454546,0.4738404452690167,2344.0
Roman Shton,0.36007421150278296,0.3450834879406308,0.3825602968460111,2501.0
Vedant Goswami,0.4030426716141002,0.3447124304267161,0.49053803339517627,2390.0
Gary Leschinsky,0.31643784786641926,0.3443413729128015,0.274582560296846,2558.0
Lukasz Jarmula,0.423821892393321,0.34397031539888684,0.5435992578849722,2685.0
Dmitry Sumaneev,0.35858998144712434,0.3435992578849722,0.3810760667903525,2556.0
Grigor Dilanyan,0.3595547309833024,0.3432282003710575,0.38404452690166974,2758.0
Shukhrat Makhmudov,0.3501298701298701,0.34285714285714286,0.36103896103896105,2387.0
Julio Antonio Hernando Rodrigo,0.383747680890538,0.3424860853432282,0.44564007421150276,2593.0
Alikhon Avazkhonov,0.34805194805194806,0.3421150278293135,0.35695732838589983,2574.0
Ekaterina Miroshnik,0.2516512059369202,0.3417439703153989,0.11651205936920223,2626.0
Jose Rafael Gascon,0.36630797773654916,0.34137291280148424,0.40371057513914654,2777.0
Egor Baskakov,0.29306122448979594,0.3410018552875696,0.22115027829313544,2974.0
Yotam Shohat,0.3441929499072356,0.3406307977736549,0.3495361781076067,2491.0
GERARDO MARIN,0.21083487940630796,0.34025974025974026,0.016697588126159554,2165.0
Bianka Havanecz,0.32296846011131725,0.3398886827458256,0.2975881261595547,2319.0
Melih YURTSEVEN,0.3341743970315399,0.3395176252319109,0.3261595547309833,2658.0
Tikhonov Viacheslav,0.24756957328385898,0.3391465677179963,0.11020408163265306,2560.0
Liam Baruch,0.2106864564007421,0.33877551020408164,0.01855287569573284,2427.0
Chamal Gedgaf,0.34968460111317257,0.338404452690167,0.3666048237476809,2293.0
Supratit Banerjee,0.2271614100185529,0.3380333951762523,0.06085343228200371,2755.0
Aman Hambleton,0.2532096474953618,0.33766233766233766,0.12653061224489795,2960.0
Shahruh Turayev,0.27079777365491653,0.337291280148423,0.17105751391465676,2900.0
Jan Boder,0.2296103896103896,0.3369202226345083,0.0686456400742115,2587.0
Leslie Carolin Torres Hernandez,0.28371057513914655,0.3365491651205937,0.20445269016697587,2266.0
Vuk Djordjevic,0.2840816326530612,0.33617810760667904,0.20593692022263452,2890.0
Pavel-Alexandru Nastore,0.3748423005565863,0.3358070500927644,0.4333951762523191,2560.0
Alina Semenova,0.3355844155844156,0.3354359925788497,0.3358070500927644,2590.0
Mykhaylo Kepeshchuk,0.35139146567717994,0.33506493506493507,0.3758812615955473,2642.0
Joseph Bellissimo,0.294025974025974,0.3346938775510204,0.23302411873840445,2620.0
Julia Elizabeth Sloan,0.2333951762523191,0.33432282003710573,0.08200371057513915,2006.0
Григорий Гусаров,0.23851576994434137,0.3339517625231911,0.09536178107606678,2746.0
Xu Yi,0.38894248608534326,0.33358070500927645,0.47198515769944344,2927.0
Isaac Chiu,0.3812987012987013,0.3332096474953618,0.45343228200371055,2905.0
Lagmantr,0.23873840445269015,0.3328385899814471,0.09758812615955473,2712.0
Dmitry Petukhov,0.23910946196660482,0.33246753246753247,0.09907235621521336,2637.0
Yuriy Dovzik,0.2200371057513915,0.3320964749536178,0.05194805194805195,2231.0
Arvind Jayaraman,0.32564007421150276,0.33172541743970313,0.31651205936920224,2417.0
kirillshevchenko,0.34515769944341373,0.3313543599257885,0.3658627087198516,2971.0
Gil Popilski,0.38990723562152135,0.33098330241187385,0.47829313543599256,2619.0
Andriy Prydun,0.37751391465677187,0.3306122448979592,0.4478664192949907,2362.0
Kaua Marques Silva,0.3143599257884972,0.3302411873840445,0.29053803339517625,2536.0
Mikhail Golubev,0.3773654916512059,0.32987012987012987,0.44860853432282005,2724.0
Luiz Araujo,0.2926901669758813,0.32949907235621523,0.23747680890538034,2330.0
Aleksei Pridorozhni,0.2633766233766234,0.32912801484230053,0.16474953617810761,2866.0
Justin Chen,0.37788497217068645,0.3287569573283859,0.4515769944341373,2859.0
Timofey Smirnov,0.27228200371057515,0.32838589981447125,0.18812615955473097,1977.0
Ivan Vihor Krsnik Cohar,0.27725417439703154,0.3280148423005566,0.20111317254174396,2766.0
Ilamparthi A R,0.3481261595547309,0.3276437847866419,0.37884972170686454,2868.0
Jose Gabriel Cardoso,0.38471243042671616,0.32727272727272727,0.47087198515769946,2943.0
Ivan Yeletsky,0.3432282003710575,0.32690166975881263,0.36771799628942486,3031.0
HeartAblaze,0.22619666048237475,0.32653061224489793,0.07569573283858998,2844.0
Jack Mizzi,0.3280890538033395,0.3261595547309833,0.33098330241187385,2650.0
Alexander Fikiet,0.3649721706864564,0.32578849721706865,0.42374768089053805,2492.0
Andrey Gonzalez Zharikov,0.3601484230055659,0.325417439703154,0.4122448979591837,2463.0
Mohamed Anees M,0.38575139146567716,0.3250463821892393,0.47680890538033394,2775.0
Samuel Fieberg,0.20801484230055656,0.3246753246753247,0.033024118738404454,2544.0
Roman Jiganchine,0.38352504638218926,0.32430426716141003,0.4723562152133581,2395.0
Johan-Sebastian Christiansen,0.30730983302411874,0.32393320964749533,0.2823747680890538,2954.0
Gabriel Petesch,0.4246382189239332,0.3235621521335807,0.576252319109462,2550.0
Paweł Kowalczyk,0.30641929499072357,0.32319109461966605,0.28126159554730984,2739.0
Enzo Federzoni,0.2492022263450835,0.3228200371057514,0.13877551020408163,2269.0
Martyna Starosta,0.3148794063079777,0.3224489795918367,0.30352504638218925,2477.0
Liya Kurmangaliyeva,0.2665677179962894,0.3220779220779221,0.18330241187384044,2738.0
Mateusz Bartel,0.35346938775510206,0.32170686456400743,0.40111317254174395,2969.0
Aleksandra Lach,0.2820037105751392,0.3213358070500928,0.22300556586270873,2489.0
Gahan MG,0.2342857142857143,0.3209647495361781,0.10426716141001856,2645.0
Gukesh D,0.4025231910946197,0.32059369202226345,0.525417439703154,3080.0
Artiom Samsonkin,0.2661966604823748,0.3202226345083488,0.18515769944341373,2945.0
Antoni Szustakowski,0.32653061224489793,0.3198515769944341,0.3365491651205937,2695.0
Leonardo Valdés,0.3224489795918367,0.3194805194805195,0.32690166975881263,2632.0
Roberto Carlos Gomez Ledo,0.33647495361781077,0.31910946196660483,0.36252319109461967,2766.0
Wojciech Przybylski,0.23487940630797774,0.3187384044526902,0.10909090909090909,2558.0
Daria Zaichenko,0.2805194805194805,0.3183673469387755,0.22374768089053804,2452.0
Vidar Grahn,0.31413729128014845,0.31799628942486086,0.3083487940630798,2440.0
Sergei Ljukin,0.34181818181818185,0.3176252319109462,0.37810760667903526,2543.0
Arthur De Winter,0.24853432282003707,0.3172541743970315,0.14545454545454545,2829.0
Mariya Yakimova,0.3633395176252319,0.3168831168831169,0.43302411873840446,2477.0
Matias Jaque,0.34797773654916514,0.31651205936920224,0.39517625231910947,2534.0
Patryk Chylewski,0.276808905380334,0.3161410018552876,0.21781076066790353,2560.0
Anusha Subramanian,0.21602968460111316,0.3157699443413729,0.06641929499072356,2389.0
Antonio Arencibia,0.3695732838589981,0.31539888682745826,0.45083487940630795,2510.0
Gennady Kozlov,0.21870129870129873,0.3150278293135436,0.07421150278293136,2661.0
Sergey Sergienko,0.3994063079777365,0.3146567717996289,0.5265306122448979,2310.0
Javier Benitez,0.34382189239332095,0.3142857142857143,0.388126159554731,2634.0
Giulia Sala,0.22545454545454546,0.31391465677179964,0.09276437847866419,2344.0
Thomas Beerdsen,0.24808905380333954,0.313543599257885,0.14990723562152133,2833.0
Yaacov Norowitz,0.2180333951762523,0.3131725417439703,0.07532467532467532,2916.0
Ayan Allahverdiyeva,0.2868274582560297,0.31280148423005566,0.24786641929499073,2470.0
Ivan Kalajzic,0.2030426716141002,0.312430426716141,0.03896103896103896,2455.0
Эмир Шаршенбеков,0.37306122448979595,0.3120593692022263,0.4645640074211503,2718.0
Vitaliy Bernadskiy,0.42775510204081635,0.3116883116883117,0.6018552875695733,2888.0
Vasiliy Korchmar,0.3687569573283859,0.31131725417439704,0.4549165120593692,2678.0
Zmiyevik2200,0.20645640074211505,0.3109461966604824,0.04972170686456401,2644.0
Pau Marin Ferragut,0.3240816326530612,0.3105751391465677,0.3443413729128015,2653.0
Jakub Pulpan,0.25395176252319107,0.31020408163265306,0.16957328385899814,2822.0
Margarita Novikova,0.25031539888682747,0.3098330241187384,0.16103896103896104,2274.0
Suyog Wagh,0.32311688311688314,0.3094619666048237,0.3435992578849722,2895.0
Roman Ganzhurov,0.31562152133580706,0.3090909090909091,0.325417439703154,2620.0
Yagiz Kaan Erdogmus,0.2941743970315399,0.30871985157699444,0.27235621521335807,3086.0
Jacob Templen Grave,0.35985157699443415,0.3083487940630798,0.4371057513914657,2506.0
Valentin Dragnev,0.37521335807050094,0.3079777365491651,0.47606679035250465,2909.0
Anastasia Bodnaruk,0.3071614100185529,0.30760667903525046,0.3064935064935065,2704.0
Jakob Leon Pajeken,0.410834879406308,0.3072356215213358,0.5662337662337662,2681.0
Eelke De Boer,0.4048237476808906,0.3068645640074211,0.5517625231910946,2713.0
Sebastian Półtorak,0.3067903525046382,0.3064935064935065,0.3072356215213358,2750.0
Kevin Yang,0.3331354359925789,0.30612244897959184,0.37365491651205934,2760.0
Эдуардо Гербелли Нето,0.3173283858998145,0.3057513914656772,0.3346938775510204,2352.0
Vsevolod Ovchinnikov,0.30879406307977736,0.3053803339517625,0.31391465677179964,2698.0
Alexei Gubajdullin,0.31435992578849725,0.30500927643784786,0.32838589981447125,2797.0
Olga Artemyeva,0.256252319109462,0.3046382189239332,0.1836734693877551,2189.0
Jay Bonin,0.26166975881261595,0.3042671614100185,0.19777365491651205,2443.0
Loris Tavernier,0.27851576994434135,0.3038961038961039,0.24044526901669758,2602.0
Wojciech Śmieszek,0.2825974025974026,0.30352504638218925,0.25120593692022264,2534.0
Galina Novikova,0.2653061224489796,0.3031539888682746,0.20853432282003712,2520.0
Daniel Aguiar De Sousa,0.2156586270871985,0.3027829313543599,0.0849721706864564,2045.0
Steven Zierk,0.27139146567718,0.30241187384044527,0.22486085343228202,2953.0
Cristiano G Souza,0.2428200371057514,0.3020408163265306,0.15398886827458255,2205.0
Kacper Polok,0.2802968460111317,0.30166975881261593,0.24823747680890537,2535.0
Dana Tuleyeva-Aketayeva,0.20423005565862706,0.3012987012987013,0.05862708719851577,2244.0
Carlos Alvarado,0.2633766233766234,0.30092764378478665,0.20705009276437847,2493.0
Dmitry Rostovtsev,0.29031539888682745,0.300556586270872,0.27495361781076066,2888.0
Arnold Essing,0.30211502782931354,0.3001855287569573,0.30500927643784786,2477.0
Garv Gaur,0.29981447124304267,0.29981447124304267,0.29981447124304267,2672.0
Florian Jenni,0.32170686456400743,0.299443413729128,0.3551020408163265,2414.0
Gilbert Elroy Tarigan,0.22753246753246753,0.29907235621521333,0.12022263450834879,2918.0
Patrick Aizpurúa,0.3801855287569573,0.2987012987012987,0.5024118738404453,2696.0
Jeet Jain,0.3042671614100185,0.29833024118738405,0.3131725417439703,2768.0
Oleg Yaksin,0.32853432282003714,0.2979591836734694,0.3743970315398887,2646.0
Clement Cristian Daianu,0.26552875695732836,0.2975881261595547,0.21743970315398886,2538.0
Alexey Jarovinsky,0.18426716141001853,0.29721706864564007,0.014842300556586271,2901.0
Randal Ferguson,0.2909090909090909,0.29684601113172543,0.2820037105751391,2046.0
David Bernat,0.22760667903525048,0.2964749536178108,0.12430426716141002,2505.0
Alina Kashlinskaya,0.35042671614100185,0.2961038961038961,0.4319109461966605,2610.0
Aron Pasti,0.341595547309833,0.29573283858998145,0.4103896103896104,2734.0
Dmitriy Kushko,0.31836734693877555,0.2953617810760668,0.3528756957328386,2850.0
Teimur Toktomushev,0.30241187384044527,0.2949907235621521,0.313543599257885,2809.0
Moksh Amit Doshi,0.42374768089053805,0.29461966604823747,0.6174397031539889,2753.0
Kaganskiy Gleb,0.27183673469387754,0.29424860853432283,0.23821892393320965,2344.0
Roman Goldin,0.2845269016697588,0.2938775510204082,0.2705009276437848,2493.0
sau6on,0.339517625231911,0.2935064935064935,0.4085343228200371,2342.0
BobbyFischer1508,0.24979591836734694,0.29313543599257885,0.18478664192949906,2466.0
Zarikovs1999,0.19495361781076065,0.2927643784786642,0.04823747680890538,1922.0
Nail Bashirli,0.2820037105751392,0.2923933209647495,0.2664192949907236,2780.0
Michal Mazurkiewicz,0.30211502782931354,0.2920222634508349,0.3172541743970315,2506.0
Edmund C Player,0.34953617810760673,0.29165120593692023,0.43636363636363634,2358.0
Ryan Hamley,0.3225974025974026,0.2912801484230056,0.3695732838589981,2629.0
Buyankhishig Batpelden,0.30708719851576993,0.2909090909090909,0.3313543599257885,2503.0
Giovanna Arbunic Castro,0.18144712430426715,0.29053803339517625,0.017810760667903526,1947.0
Klendi Zeneli,0.27102040816326534,0.2901669758812616,0.24230055658627087,2521.0
Dion Krivenko,0.3076066790352504,0.2897959183673469,0.33432282003710573,2586.0
Etienne Bacrot,0.42092764378478664,0.2894248608534323,0.6181818181818182,3005.0
Aaradhya Das,0.2886085343228201,0.28905380333951763,0.28794063079777366,2479.0
Robert Sava,0.17944341372912803,0.288682745825603,0.015584415584415584,2616.0
Николай Гриценко,0.27495361781076066,0.2883116883116883,0.2549165120593692,2801.0
Dashgyn Ibadov,0.3382560296846011,0.28794063079777366,0.4137291280148423,2505.0
Olaf Michalski,0.1833766233766234,0.287569573283859,0.027087198515769944,2132.0
Ricardo Maruchi Desideri,0.18107606679035249,0.2871985157699443,0.02189239332096475,2066.0
Md Jamal Uddin,0.2442300556586271,0.2868274582560297,0.1803339517625232,2033.0
Christian Stevens,0.368682745825603,0.28645640074211504,0.4920222634508349,2481.0
Irina Mikhaylova,0.18589981447124307,0.2860853432282004,0.03562152133580705,2336.0
Cherry Ann Mejia,0.3790723562152133,0.2857142857142857,0.5191094619666048,2250.0
Amani Alazmi,0.21959183673469387,0.28534322820037106,0.12096474953617811,2208.0
Paris Prestia,0.2576623376623377,0.2849721706864564,0.21669758812615955,2768.0
c_r_e_e_p_e_r,0.28252319109461965,0.2846011131725417,0.2794063079777365,2378.0
Meilis Annaberdiev,0.30471243042671614,0.2842300556586271,0.3354359925788497,2729.0
Javier Buenafé Moya,0.20148423005565863,0.28385899814471244,0.07792207792207792,2376.0
Simon Lamaze,0.27384044526901674,0.2834879406307978,0.2593692022263451,2671.0
Яков Гинзбург,0.23651205936920222,0.2831168831168831,0.1666048237476809,2562.0
Vladimir Chernikov,0.3002597402597402,0.28274582560296846,0.32653061224489793,2583.0
Koen Leenhouts,0.28178107606679037,0.2823747680890538,0.2808905380333952,2702.0
Trisha Kanyamarala,0.29803339517625227,0.2820037105751391,0.3220779220779221,2571.0
Zhongyi Tan,0.3212615955473098,0.2816326530612245,0.38070500927643786,2732.0
Panagiotis Hristodoulou,0.3853061224489796,0.28126159554730984,0.5413729128014843,2778.0
Valerie Ruchinskaya,0.2103896103896104,0.2808905380333952,0.10463821892393321,2341.0
Luca Albertini,0.21165120593692022,0.2805194805194805,0.10834879406307978,2490.0
Arnaldo Jesus Fernandez De La Vara Mulet,0.2626345083487941,0.28014842300556586,0.23636363636363636,2900.0
Edgard Vinicius Zanette,0.28230055658627085,0.2797773654916512,0.2860853432282004,2288.0
Thomas Michalczak,0.3251205936920223,0.2794063079777365,0.39369202226345085,2405.0
Jonas Wyss,0.19072356215213357,0.2790352504638219,0.05825602968460111,2381.0
Ori Taichman,0.188126159554731,0.27866419294990724,0.052319109461966606,2666.0
Jan Roebers,0.2359925788497217,0.2782931354359926,0.1725417439703154,2197.0
Katarzyna Dwilewicz,0.2899443413729128,0.2779220779220779,0.3079777365491651,2447.0
MYMChessAcademy-inactive,0.2193692022263451,0.27755102040816326,0.13209647495361782,2327.0
Alexandru-Bogdan Banzea,0.3320964749536178,0.2771799628942486,0.41447124304267163,2596.0
Tim Grutter,0.23910946196660482,0.2768089053803339,0.18256029684601113,2741.0
Alex Sahakyan,0.3380333951762523,0.2764378478664193,0.43042671614100186,2721.0
Rafail Antoniou,0.21951762523191096,0.27606679035250464,0.1346938775510204,2716.0
Marek Karas,0.18233766233766235,0.27569573283859,0.042300556586270875,2661.0
Lucas Aparecido Oliveira Dos Santos,0.19502782931354357,0.2753246753246753,0.07458256029684601,2278.0
Amgalantengis Enkh-Amgalan,0.21291280148423006,0.27495361781076066,0.11985157699443413,2428.0
Mateusz Brozyna,0.3050092764378479,0.274582560296846,0.35064935064935066,2480.0
K Priyanka,0.2978107606679035,0.2742115027829313,0.3332096474953618,2344.0
Thomas Eggleston,0.31005565862708717,0.2738404452690167,0.36437847866419293,2492.0
Darko R Mitrovic,0.20430426716141,0.27346938775510204,0.10055658627087198,2334.0
Iniyan P,0.3575510204081633,0.2730983302411874,0.4842300556586271,2876.0
Jose Esteban Marin Masis,0.289647495361781,0.2727272727272727,0.3150278293135436,2244.0
Michael Kotyk,0.2989239332096475,0.27235621521335807,0.33877551020408164,2590.0
Michał Walentukiewicz,0.2553617810760668,0.2719851576994434,0.23042671614100185,2484.0
Ewa Barwinska,0.2998144712430427,0.2716141001855288,0.3421150278293135,2412.0
Aaron Bendayan Claros,0.28089053803339514,0.2712430426716141,0.2953617810760668,2583.0
Artur Gabrielian,0.3084230055658627,0.27087198515769945,0.3647495361781076,2926.0
UKR_Master,0.3392207792207792,0.2705009276437848,0.4423005565862709,2642.0
Fernando López Gracia,0.2598886827458256,0.2701298701298701,0.24452690166975882,2417.0
Enzo Ferrara,0.22478664192949904,0.26975881261595547,0.15732838589981446,2517.0
Sebasti&aacute;n Mar&iacute;n,0.3370686456400742,0.2693877551020408,0.4385899814471243,2352.0
Fabian Vivas,0.27361781076066793,0.2690166975881262,0.2805194805194805,2514.0
Rebeca Jiménez Fernández,0.2790352504638219,0.2686456400742115,0.29461966604823747,2395.0
Mohamed Haddouche,0.2513543599257885,0.26827458256029685,0.22597402597402597,2821.0
Apoorv Kamble,0.34894248608534323,0.2679035250463822,0.47050092764378476,2856.0
Alex Truskavetsky,0.19673469387755102,0.2675324675324675,0.09053803339517626,2752.0
Oleg Papayan,0.2837847866419295,0.26716141001855287,0.30871985157699444,2628.0
Матфей Юрасов,0.37291280148423,0.26679035250463823,0.5320964749536178,2629.0
Ekaterini Pavlidou,0.26701298701298704,0.2664192949907236,0.2679035250463822,2477.0
Yuri Zhizmer,0.16942486085343228,0.2660482374768089,0.024489795918367346,2648.0
Teodora Injac,0.3370686456400742,0.26567717996289425,0.44415584415584414,2735.0
Erzhan Zhakshylykov,0.34589981447124307,0.2653061224489796,0.46679035250463824,2727.0
Варвара Полякова,0.21343228200371056,0.2649350649350649,0.13617810760667903,2631.0
Pavel Politov,0.24393320964749537,0.26456400742115027,0.21298701298701297,2349.0
Alexandra Zherebtsova,0.25588126159554736,0.26419294990723563,0.24341372912801484,2502.0
Martin Horcajuelo Rocamora,0.21692022263450836,0.263821892393321,0.14656771799628943,2437.0
Henrique Barbosa Veloso,0.3094619666048237,0.2634508348794063,0.3784786641929499,2178.0
Krishna Nathan,0.3328385899814471,0.26307977736549165,0.4374768089053803,2556.0
Mark Smirnov,0.23465677179962896,0.262708719851577,0.19257884972170686,2776.0
Kanishka Bhatia,0.23191094619666047,0.2623376623376623,0.1862708719851577,2417.0
Maria Teresa Jimenez Salas,0.16534322820037103,0.2619666048237477,0.02040816326530612,2558.0
Alexey Slavin,0.17981447124304267,0.26159554730983303,0.05714285714285714,2392.0
Sofiia Hryzlova,0.250834879406308,0.2612244897959184,0.23525046382189238,2497.0
Andrey Esipenko,0.29410018552875694,0.2608534322820037,0.34397031539888684,3122.0
Timur Gareyev,0.3223747680890538,0.26048237476808905,0.4152133580705009,2773.0
Ugur Doga Yazici,0.30122448979591837,0.2601113172541744,0.3628942486085343,2525.0
Anatoly Moskvin,0.24846011131725415,0.2597402597402597,0.23153988868274583,2706.0
Ilja Biriukov,0.17818181818181816,0.2593692022263451,0.05640074211502783,2187.0
Fabian Fiorito,0.32192949907235624,0.25899814471243043,0.4163265306122449,2554.0
Francisco Ferrari Pironti,0.3608905380333952,0.2586270871985158,0.5142857142857142,2533.0
Alex Garrido Outon,0.28348794063079774,0.2582560296846011,0.3213358070500928,2598.0
Luca Ernst,0.3813729128014842,0.25788497217068646,0.5666048237476808,2500.0
Jia Haoxiang,0.3208905380333952,0.2575139146567718,0.41595547309833025,2701.0
Ian Harris,0.24972170686456402,0.2571428571428571,0.23858998144712432,2428.0
Anton Korobov,0.2613729128014842,0.2567717996289425,0.26827458256029685,3031.0
Kevin Cupid,0.27139146567718,0.25640074211502784,0.2938775510204082,2410.0
Cristhian Portal,0.3321706864564008,0.2560296846011132,0.4463821892393321,2482.0
SHAPIRO VIKTOR,0.26174397031539887,0.2556586270871985,0.27087198515769945,2551.0
Amir hosein Kashefi,0.2017068645640074,0.25528756957328386,0.12133580705009277,2588.0
Anastasia Travkina,0.3119109461966605,0.2549165120593692,0.3974025974025974,2321.0
Kingsman132,0.16103896103896104,0.2545454545454545,0.02077922077922078,2597.0
Alberto Barp,0.3736549165120594,0.2541743970315399,0.5528756957328386,2711.0
Artur Tin Lun Dai Lima,0.23094619666048236,0.25380333951762524,0.19666048237476808,2436.0
Ranesh Ratnesan,0.27228200371057515,0.2534322820037106,0.300556586270872,2531.0
Vladimir Dobrov,0.24890538033395176,0.2530612244897959,0.24267161410018553,2899.0
Sho Glashausser,0.21246753246753247,0.25269016697588126,0.15213358070500926,2168.0
Alex Ostrovskiy,0.3433024118738405,0.2523191094619666,0.47977736549165123,2808.0
Konstantin Loy,0.17313543599257883,0.2519480519480519,0.054916512059369205,2539.0
Jakub Kosakowski,0.3330612244897959,0.2515769944341373,0.45528756957328387,2970.0
Łukasz Licznerski,0.25031539888682747,0.25120593692022264,0.24897959183673468,3005.0
Soren Bech Hansen,0.278886827458256,0.250834879406308,0.3209647495361781,2372.0
Matt Herman,0.21202226345083486,0.2504638218923933,0.15435992578849722,2555.0
Samuel Malka,0.21269016697588128,0.25009276437847866,0.15658627087198515,2671.0
Marianna Grineva,0.20890538033395178,0.24972170686456402,0.1476808905380334,2076.0
Leon Mazi,0.16549165120593692,0.24935064935064935,0.03970315398886828,2537.0
Rushan Bogaudinov,0.16912801484230056,0.24897959183673468,0.04935064935064935,2466.0
Evgeny Egorov,0.31925788497217067,0.24860853432282004,0.42523191094619667,2626.0
Zurab Tqebuchava,0.1593320964749536,0.24823747680890537,0.025974025974025976,2246.0
Donát Daróczi,0.24252319109461967,0.24786641929499073,0.23450834879406307,2444.0
Kaspar Kappeler,0.24749536178107606,0.24749536178107606,0.24749536178107606,2300.0
Karina Ivanova,0.20230055658627089,0.24712430426716142,0.13506493506493505,2282.0
Olexiy Bilych,0.3410018552875696,0.24675324675324675,0.48237476808905383,2780.0
Oscar Ardila,0.17261595547309833,0.24638218923933208,0.06196660482374768,2515.0
Sreyas Payyappat,0.2727272727272727,0.24601113172541744,0.31280148423005566,2461.0
Regita Desyari Putri,0.24578849721706864,0.24564007421150277,0.24601113172541744,2298.0
Volodymyr Vusatiuk,0.25640074211502784,0.24526901669758813,0.2730983302411874,2636.0
Vladimir Grabinsky,0.20749536178107605,0.24489795918367346,0.15139146567717995,2202.0
Sriram Krishnakumar,0.1756586270871985,0.24452690166975882,0.07235621521335807,2562.0
Sully McConnell,0.18374768089053803,0.24415584415584415,0.09313543599257885,2758.0
Vladimir Hamitevici,0.283265306122449,0.2437847866419295,0.3424860853432282,2888.0
Thomas Thiel,0.1930983302411874,0.24341372912801484,0.11762523191094619,2200.0
Jonas Gallasch,0.23651205936920222,0.24304267161410018,0.22671614100185528,2596.0
Anastasiia Hnatyshyn,0.3378107606679035,0.24267161410018553,0.4805194805194805,2494.0
Maksim Zhukov,0.1943599257884972,0.24230055658627087,0.12244897959183673,2538.0
Lily Jeanette Duarte Cramer,0.14545454545454545,0.24192949907235622,0.0007421150278293135,2295.0
Sai Krishna G V,0.2087569573283859,0.24155844155844156,0.15955473098330242,2772.0
Ratko Novak,0.16,0.24118738404452691,0.03821892393320965,2660.0
Cem Kaan Gokerkan,0.34055658627087193,0.24081632653061225,0.49016697588126157,2901.0
Baira Kovanova,0.25499072356215213,0.24044526901669758,0.2768089053803339,2609.0
Mikhail V. Kuznetsov,0.27213358070500926,0.24007421150278294,0.3202226345083488,2748.0
Gastón Martin,0.326530612244898,0.23970315398886827,0.4567717996289425,2415.0
Patryk Stanisz,0.29038961038961036,0.23933209647495363,0.3669758812615955,2546.0
Belka1989,0.26552875695732836,0.23896103896103896,0.3053803339517625,2609.0
David Alexandru,0.1919851576994434,0.23858998144712432,0.12207792207792208,2680.0
Nicolas Brunner,0.2212987012987013,0.23821892393320965,0.19591836734693877,2587.0
Vincent Riff,0.27213358070500926,0.23784786641929498,0.3235621521335807,2634.0
Henry Roger Lopez,0.1611873840445269,0.23747680890538034,0.046753246753246755,2537.0
Lucius Melillo,0.3007792207792208,0.23710575139146567,0.39628942486085345,2560.0
barte bongo,0.17053803339517626,0.23673469387755103,0.0712430426716141,2309.0
Myroslava Hrabinska,0.2780705009276438,0.23636363636363636,0.3406307977736549,2281.0
Jesus Alberto Alcazar Jimenez,0.2340630797773655,0.23599257884972172,0.23116883116883116,2389.0
Deepak Aaron,0.21617810760667905,0.23562152133580705,0.18701298701298702,2718.0
Aleksandr Devaev,0.19918367346938776,0.23525046382189238,0.1450834879406308,2547.0
Sean Senft,0.21172541743970313,0.23487940630797774,0.17699443413729127,2537.0
Nesa Modric,0.2364378478664193,0.23450834879406307,0.23933209647495363,2400.0
Ladislav Langner,0.24957328385899813,0.23413729128014843,0.2727272727272727,2404.0
Enkhrii Enkh-Amgalan,0.2996660482374768,0.23376623376623376,0.39851576994434135,2513.0
Niklas Schmider,0.2532838589981447,0.23339517625231912,0.2831168831168831,2574.0
Jonah Willow,0.3370686456400742,0.23302411873840445,0.49313543599257886,2884.0
Atilla Eynullayev,0.36192949907235616,0.23265306122448978,0.5558441558441558,2563.0
Eyal Noy,0.19473098330241187,0.23228200371057514,0.13840445269016696,2450.0
Artem Bardyk,0.16719851576994432,0.23191094619666047,0.07012987012987013,2922.0
Jakob Weihrauch,0.20037105751391465,0.23153988868274583,0.1536178107606679,2409.0
Kjell Petersson,0.2166233766233766,0.23116883116883116,0.19480519480519481,2123.0
Oriol Serra Canals,0.30159554730983307,0.23079777365491652,0.4077922077922078,2339.0
Adán Rios Escobar,0.20059369202226343,0.23042671614100185,0.15584415584415584,2371.0
Alexander Hernandez Jimenez,0.23153988868274583,0.2300556586270872,0.23376623376623376,2205.0
Rishabh Chandrashekhar Gokhale,0.2712430426716141,0.22968460111317254,0.33358070500927645,2616.0
Sarah Sima Derlich,0.15970315398886825,0.22931354359925787,0.05528756957328386,2100.0
Caleb Levi,0.1931725417439703,0.22894248608534323,0.13951762523191094,2673.0
Rakesh Kulkarni,0.2113543599257885,0.22857142857142856,0.18552875695732837,2470.0
Marcos Rodriguez Fontecha,0.2975139146567718,0.22820037105751392,0.40148423005565864,2635.0
Maxim Lugovskoy,0.1551020408163265,0.22782931354359925,0.04601113172541744,2802.0
Patrik Stevik,0.2903896103896104,0.2274582560296846,0.3847866419294991,2626.0
Aurelio Vila Dupla,0.2633024118738404,0.22708719851576994,0.3176252319109462,2167.0
Máté Gyenes,0.16155844155844157,0.22671614100185528,0.06382189239332096,2553.0
Maryana Huda,0.22471243042671613,0.22634508348794063,0.22226345083487942,2139.0
Dmitry Kononenko,0.17061224489795918,0.22597402597402597,0.087569573283859,2701.0
Gerson Príncipe,0.18612244897959182,0.22560296846011132,0.12690166975881262,2845.0
Mariano Ortega Amarelle,0.3274953617810761,0.22523191094619666,0.48089053803339515,2479.0
Juan Sebastian,0.16860853432282003,0.22486085343228202,0.08423005565862708,2109.0
Paco Rubio Tent,0.225974025974026,0.22448979591836735,0.22820037105751392,2416.0
Ermes Espinosa Veloz,0.31792207792207794,0.22411873840445268,0.45862708719851575,2607.0
Marco Cordeiro,0.21781076066790353,0.22374768089053804,0.20890538033395176,2293.0
Marina Korneva,0.26567717996289425,0.22337662337662337,0.32912801484230053,2545.0
Erik Rönkä,0.30612244897959184,0.22300556586270873,0.4307977736549165,2601.0
Thomas Kahlert,0.17142857142857143,0.22263450834879406,0.09461966604823747,2455.0
Onno Elgersma,0.32615955473098335,0.22226345083487942,0.48200371057513913,2699.0
Sravan Renjith,0.2180333951762523,0.22189239332096475,0.21224489795918366,2804.0
Гурвич Виталий,0.21306122448979592,0.22152133580705008,0.20037105751391465,2618.0
Leancy Beatriz Fernandez Bustamante,0.1803339517625232,0.22115027829313544,0.11910946196660482,2403.0
Jesús Alberto Coca Cubillos,0.13855287569573282,0.22077922077922077,0.015213358070500928,2323.0
Milan Jocev,0.19532467532467535,0.22040816326530613,0.15769944341372913,2728.0
Korun Gulamirian,0.1637847866419295,0.22003710575139146,0.07940630797773655,2137.0
Tymur Keleberda,0.20541743970315401,0.21966604823747682,0.18404452690166975,2729.0
Ilja Haitin,0.22018552875695732,0.21929499072356215,0.22152133580705008,2525.0
Anton Isajevsky,0.21090909090909093,0.2189239332096475,0.19888682745825603,2626.0
Dawid Niekraś,0.16215213358070502,0.21855287569573284,0.07755102040816327,2716.0
Guliskhan Nakhbayeva,0.2503896103896104,0.21818181818181817,0.2987012987012987,2506.0
Rodrigo Espinoza Villanueva,0.2762894248608534,0.21781076066790353,0.3640074211502783,2658.0
In Vau,0.1487198515769944,0.21743970315398886,0.04564007421150278,2297.0
Maximiliano Rossi,0.1867903525046382,0.21706864564007422,0.14137291280148423,2371.0
Kacper Piorun,0.29076066790352506,0.21669758812615955,0.4018552875695733,2886.0
anon569,0.14730983302411874,0.2163265306122449,0.0437847866419295,2361.0
Aansh Nandan Nerurkar,0.22946196660482376,0.21595547309833024,0.24972170686456402,2647.0
Ari Kiremitciyan,0.2911317254174397,0.21558441558441557,0.4044526901669759,2603.0
Björn Andersson,0.14545454545454545,0.21521335807050093,0.04081632653061224,2442.0
David Torres Domínguez,0.1657142857142857,0.21484230055658626,0.09202226345083488,2146.0
Richard Persson,0.20749536178107608,0.21447124304267162,0.19703153988868274,2277.0
Sandi Stojanovski,0.1867903525046382,0.21410018552875695,0.14582560296846012,2369.0
Andrei Negrean,0.14871985157699444,0.2137291280148423,0.051205936920222635,2702.0
Matfey Rogov,0.15413729128014841,0.21335807050092764,0.0653061224489796,2830.0
Patty Castillo,0.16,0.21298701298701297,0.08051948051948052,1902.0
Razvan Preotu,0.23146567717996286,0.21261595547309833,0.2597402597402597,2761.0
Mike Hehir,0.16059369202226345,0.21224489795918366,0.08311688311688312,2176.0
Jenny Astrid Chirivi Castiblanco,0.2702040816326531,0.21187384044526902,0.3576994434137291,2251.0
Blanka Ejsymont,0.13120593692022264,0.21150278293135436,0.010760667903525046,2338.0
Silvius Tiberius,0.2607050092764378,0.21113172541743971,0.33506493506493507,2907.0
Dorian Kang,0.23807050092764379,0.21076066790352505,0.2790352504638219,2552.0
Conrad Thake,0.16467532467532467,0.21038961038961038,0.09610389610389611,1809.0
Viktor Romanchuk,0.17929499072356217,0.21001855287569574,0.1332096474953618,2541.0
Michel Coto,0.2699072356215213,0.20964749536178107,0.3602968460111317,2548.0
x-9960558865,0.2730983302411874,0.20927643784786643,0.36883116883116884,2440.0
Zarina Nurgaliyeva,0.26931354359925785,0.20890538033395176,0.35992578849721707,2771.0
Joseph Zeltsan,0.2460853432282004,0.20853432282003712,0.30241187384044527,2641.0
Marcelo Jorquera,0.23606679035250464,0.20816326530612245,0.2779220779220779,2351.0
Eivind Grunt Kreken,0.20719851576994436,0.2077922077922078,0.20630797773654916,2608.0
Игорь Князев,0.12979591836734694,0.20742115027829314,0.013358070500927645,2355.0
Christopher Chabris,0.18612244897959182,0.20705009276437847,0.15473098330241186,2331.0
Nitai Leve,0.26189239332096476,0.20667903525046383,0.3447124304267161,2425.0
Yinn Long Wong,0.3234137291280148,0.20630797773654916,0.49907235621521334,2878.0
Fernando Broca,0.17283858998144713,0.20593692022263452,0.12319109461966604,2361.0
Екатерина Кабанова,0.13135435992578848,0.20556586270871985,0.020037105751391466,2314.0
Bruno André Leite Martins,0.29736549165120596,0.2051948051948052,0.43562152133580706,2765.0
Bryan Weisz,0.182708719851577,0.20482374768089054,0.14953617810760667,2625.0
Marco Cattaneo,0.23398886827458254,0.20445269016697587,0.2782931354359926,2659.0
Seo Jungmin,0.18760667903525047,0.20408163265306123,0.16289424860853433,2942.0
Alkhoori Eisa Mohmood,0.2198886827458256,0.20371057513914656,0.24415584415584415,2607.0
Rafael Merino García,0.2030426716141002,0.20333951762523192,0.2025974025974026,2515.0
David Gavrilescu,0.26827458256029685,0.20296846011131725,0.36623376623376624,3003.0
Giovanni Marchesich,0.31821892393320966,0.2025974025974026,0.49165120593692024,2435.0
Zsolt Korpics,0.2978107606679035,0.20222634508348794,0.4411873840445269,2483.0
Stanislav Tsyhanchuk,0.29313543599257885,0.20185528756957327,0.4300556586270872,2628.0
Ilija Stanojevic,0.33061224489795915,0.20148423005565863,0.52430426716141,2663.0
Pranav Senthilkumar,0.18523191094619668,0.20111317254174396,0.1614100185528757,2560.0
William Olsson,0.19361781076066792,0.20074211502782932,0.1829313543599258,2608.0
Lilia Fuentes,0.19250463821892394,0.20037105751391465,0.18070500927643784,2213.0
Clemens Rietze,0.1869387755102041,0.2,0.1673469387755102,2569.0
Garnik Nersesyan,0.11992578849721706,0.19962894248608534,0.00037105751391465676,2347.0
Lucas Ranaldi,0.1342486085343228,0.19925788497217067,0.036734693877551024,2779.0
Ben Johnson,0.16667903525046382,0.19888682745825603,0.11836734693877551,2148.0
Newansa M Esandi,0.16957328385899814,0.19851576994434136,0.1261595547309833,2330.0
Rachid Schrik,0.2233766233766234,0.19814471243042672,0.2612244897959184,2334.0
Eduardo Barbosa Mesquita,0.1995547309833024,0.19777365491651205,0.20222634508348794,2377.0
William Coe,0.2025974025974026,0.1974025974025974,0.21038961038961038,2257.0
IULIAN NECULA,0.13024118738404453,0.19703153988868274,0.030055658627087197,1975.0
BozeKat,0.14857142857142858,0.19666048237476808,0.0764378478664193,2048.0
Zurab Javakhadze,0.31799628942486086,0.19628942486085343,0.500556586270872,2832.0
David Kalashian,0.25424860853432285,0.19591836734693877,0.3417439703153989,2603.0
Aleksander Hnydiuk,0.2440816326530612,0.19554730983302412,0.3168831168831169,2529.0
Jakhongir Vakhidov,0.23717996289424859,0.19517625231910946,0.3001855287569573,3058.0
Benedikt Dauner,0.22374768089053804,0.19480519480519481,0.26716141001855287,2521.0
Pouya Idani,0.33632653061224493,0.19443413729128015,0.549165120593692,2988.0
Mahel Boyer,0.2673840445269017,0.1940630797773655,0.3773654916512059,2922.0
Mikayel Manvelyan,0.22025974025974027,0.19369202226345084,0.2601113172541744,2857.0
Alexandr Kostiukov,0.1283116883116883,0.19332096474953617,0.03079777365491651,2321.0
Martin Portero Rubio,0.29684601113172543,0.19294990723562153,0.45269016697588127,2334.0
William Graif,0.16111317254174395,0.19257884972170686,0.11391465677179963,2706.0
Arseniy Astafurov,0.20037105751391465,0.19220779220779222,0.21261595547309833,2576.0
Sethuraman S.P,0.3234879406307978,0.19183673469387755,0.5209647495361781,2916.0
Rene' Phillips,0.18137291280148424,0.1914656771799629,0.16623376623376623,1939.0
Даниил Постников,0.2167717996289425,0.19109461966604824,0.25528756957328386,2604.0
Андрей Хромкин,0.23005565862708718,0.19072356215213357,0.28905380333951763,2406.0
Alexey Zhuravlev,0.22760667903525048,0.19035250463821893,0.2834879406307978,2600.0
Vladimir Bychkov,0.1531725417439703,0.18998144712430426,0.09795918367346938,2556.0
Ahn Hongjin,0.29499072356215217,0.18961038961038962,0.4530612244897959,2750.0
John Funderburg,0.11680890538033394,0.18923933209647495,0.00816326530612245,2048.0
Наталья Зайнуллина,0.12846011131725418,0.1888682745825603,0.03784786641929499,2204.0
SamuelGhimpu2003,0.25528756957328386,0.18849721706864564,0.3554730983302412,2679.0
Juan Carlos Ricaurte Lopez,0.12697588126159554,0.18812615955473097,0.03525046382189239,2211.0
Jose Antonio Herrera Reyes,0.16890538033395175,0.18775510204081633,0.14063079777365492,2715.0
Alexander Gelman,0.13380333951762524,0.18738404452690166,0.05343228200371058,2763.0
Martin Horak,0.30471243042671614,0.18701298701298702,0.48126159554730985,2603.0
Lucas Cumpe,0.23354359925788498,0.18664192949907235,0.3038961038961039,2864.0
Valentyn Hulka,0.15851576994434138,0.1862708719851577,0.11688311688311688,2951.0
Balaji Daggupati,0.19228200371057513,0.18589981447124304,0.20185528756957327,2746.0
Daniel Dardha,0.2128385899814471,0.18552875695732837,0.25380333951762524,3070.0
César Augusto Blanco Gramajo,0.17907235621521336,0.18515769944341373,0.1699443413729128,2348.0
Nicolas De La Colina,0.1858256029684601,0.18478664192949906,0.18738404452690166,2752.0
Sabrina Vega,0.21187384044526902,0.18441558441558442,0.2530612244897959,2498.0
Natalia Zhukova,0.20244897959183672,0.18404452690166975,0.2300556586270872,2510.0
Gaurang Bagwe,0.3214100185528757,0.1836734693877551,0.5280148423005566,2717.0
Michael Fernandez,0.1919109461966605,0.18330241187384044,0.20482374768089054,2452.0
Germán Della Morte,0.28074211502782936,0.1829313543599258,0.4274582560296846,2453.0
Jakub Suder,0.17781076066790352,0.18256029684601113,0.17068645640074212,2707.0
Timofey Iljin,0.2189981447124304,0.18218923933209646,0.2742115027829313,2642.0
Michal Fiedorek,0.2805194805194805,0.18181818181818182,0.42857142857142855,2711.0
Aswath S,0.33105751391465676,0.18144712430426715,0.5554730983302412,2811.0
Anthony Atanasov,0.14797773654916513,0.1810760667903525,0.09833024118738404,2812.0
Michael Klenburg,0.12385899814471243,0.18070500927643784,0.038589981447124305,2640.0
buddika amarasinghe,0.21966604823747682,0.1803339517625232,0.27866419294990724,2325.0
WonderChampion,0.11910946196660482,0.17996289424860853,0.027829313543599257,2336.0
Lovro Novosel,0.17840445269016697,0.17959183673469387,0.17662337662337663,2764.0
Grayson Rorrer,0.3356586270871985,0.17922077922077922,0.5703153988868275,2865.0
Alexey Kolmagorov,0.23346938775510204,0.17884972170686456,0.31539888682745826,2536.0
Evgeniya Doluhanova,0.24749536178107606,0.17847866419294992,0.3510204081632653,2393.0
Adi Menahem,0.14233766233766232,0.17810760667903525,0.08868274582560297,2523.0
Craig Clawitter,0.20935064935064934,0.1777365491651206,0.2567717996289425,2350.0
Joachim Mouhamad,0.20200371057513916,0.17736549165120594,0.23896103896103896,2490.0
Serghei Gostev,0.2660482374768089,0.17699443413729127,0.3996289424860853,2506.0
Carlos Andres Obregón,0.2817068645640074,0.17662337662337663,0.43933209647495364,2938.0
Orest Vovk,0.10664192949907235,0.17625231910946196,0.0022263450834879408,2622.0
Ajay Karthikeyan,0.14782931354359927,0.17588126159554732,0.10575139146567718,2806.0
Michał Bartel,0.17640074211502782,0.17551020408163265,0.1777365491651206,2601.0
Bovie Mei Liu,0.14307977736549166,0.175139146567718,0.09499072356215213,2732.0
Pablo Zarnicki,0.18604823747680893,0.17476808905380334,0.20296846011131725,2722.0
Stephen Capp,0.11102040816326529,0.17439703153988867,0.01595547309833024,2250.0
RICHARD POLACZEK,0.14582560296846012,0.17402597402597403,0.10352504638218923,2331.0
Dumitru-Daniel Dinu,0.2212987012987013,0.17365491651205936,0.2927643784786642,2844.0
Kriti Patel,0.1907977736549165,0.17328385899814472,0.21706864564007422,2142.0
George Stoleriu,0.16326530612244897,0.17291280148423005,0.14879406307977736,2765.0
Coachpoker,0.20014842300556587,0.1725417439703154,0.24155844155844156,2781.0
Jan Jodilyn Fronda,0.15332096474953616,0.17217068645640074,0.12504638218923933,2519.0
Priyansh Garg,0.1216326530612245,0.1717996289424861,0.04638218923933209,2369.0
Maurizio Brancaleoni,0.144860853432282,0.17142857142857143,0.10500927643784787,2496.0
Dragomirescu Robin,0.19064935064935062,0.17105751391465676,0.22003710575139146,2675.0
Jan Marn,0.2920964749536178,0.17068645640074212,0.47421150278293134,2593.0
Nadezhda Antonova,0.1271243042671614,0.17031539888682745,0.06233766233766234,2032.0
Ronaldo Alonso Moreira,0.14708719851576996,0.1699443413729128,0.11280148423005566,2302.0
Varun Krishnan,0.16541743970315398,0.16957328385899814,0.15918367346938775,2761.0
Данил Найдин,0.18805194805194808,0.1692022263450835,0.2163265306122449,2618.0
Alvaro Alves De Almeida Junior,0.28029684601113175,0.16883116883116883,0.4474953617810761,2328.0
Elis Denele Dicen,0.1723191094619666,0.16846011131725416,0.17810760667903525,2427.0
Deysi Cori,0.31042671614100187,0.16808905380333952,0.5239332096474953,2536.0
Alex King,0.19146567717996288,0.16771799628942485,0.22708719851576994,2639.0
Александр Брюхович,0.17551020408163265,0.1673469387755102,0.18775510204081633,2456.0
Darius Viškelis,0.23896103896103896,0.16697588126159554,0.3469387755102041,2409.0
Gerardo Fernandez,0.20430426716141004,0.1666048237476809,0.2608534322820037,2270.0
Руслан Габдушев,0.22278293135435995,0.16623376623376623,0.30760667903525046,2522.0
Gleb Dudin,0.2688682745825603,0.16586270871985156,0.42337662337662335,2890.0
Susanna Gaboyan,0.14456400742115028,0.16549165120593692,0.11317254174397032,2286.0
David Howell,0.23562152133580705,0.16512059369202226,0.34137291280148424,3014.0
Nitin Senthilvel,0.12556586270871986,0.16474953617810761,0.06679035250463822,2811.0
Roman Kozelov,0.3030055658627087,0.16437847866419295,0.5109461966604824,2459.0
Aleksa Petrovic,0.2070500927643785,0.1640074211502783,0.2716141001855288,2732.0
Ilya Gutkin,0.169721706864564,0.16363636363636364,0.17884972170686456,2444.0
Daniel Girsh,0.23851576994434137,0.16326530612244897,0.35139146567717994,2702.0
Garrett Smith,0.17833024118738405,0.16289424860853433,0.20148423005565863,2366.0
Maksim Tsaruk,0.2466790352504638,0.16252319109461966,0.37291280148423006,2883.0
Zsigmond Szajbely,0.172987012987013,0.16215213358070502,0.18923933209647495,2272.0
Илья Дерябин,0.214025974025974,0.16178107606679035,0.2923933209647495,2632.0
Antonin Ferey,0.17847866419294992,0.1614100185528757,0.20408163265306123,2556.0
Artem Dyachuk,0.2649350649350649,0.16103896103896104,0.42077922077922075,2887.0
Michel Samuel Lopez Abreu,0.10782931354359926,0.1606679035250464,0.02857142857142857,2389.0
Yelfry Torres,0.10923933209647496,0.16029684601113173,0.0326530612244898,2468.0
Aung Thant Zin,0.13261595547309832,0.15992578849721706,0.09165120593692022,2092.0
Wilfredo Sariego Figueredo,0.2094248608534323,0.15955473098330242,0.2842300556586271,2644.0
Vuk Damjanovic,0.20564007421150277,0.15918367346938775,0.2753246753246753,2964.0
Dalton Perrine,0.1588126159554731,0.1588126159554731,0.1588126159554731,2581.0
Adnan Sitnic,0.10990723562152133,0.15844155844155844,0.03710575139146568,2392.0
Oskar Wieczorek,0.2834879406307978,0.1580705009276438,0.47161410018552874,2911.0
Hubert Zieba,0.1709090909090909,0.15769944341372913,0.19072356215213357,2629.0
Mees van Osch,0.1846382189239332,0.15732838589981446,0.22560296846011132,2468.0
Madara Golsta,0.13454545454545455,0.15695732838589982,0.10092764378478664,2175.0
Kayden Troff,0.11903525046382188,0.15658627087198515,0.062708719851577,3006.0
Niranjan Navalgund,0.2077179962894249,0.1562152133580705,0.2849721706864564,2565.0
Ethan Saya,0.09410018552875694,0.15584415584415584,0.001484230055658627,2542.0
Antonios Gkavardinas,0.17729128014842302,0.1554730983302412,0.21001855287569574,2722.0
Patrik Aalto,0.19413729128014842,0.15510204081632653,0.25269016697588126,2683.0
Francisco Javier Muñoz,0.2210760667903525,0.15473098330241186,0.32059369202226345,2829.0
Ramon Jr. Manon-og,0.25424860853432285,0.15435992578849722,0.40408163265306124,2437.0
Vedant Panesar,0.25447124304267166,0.15398886827458255,0.4051948051948052,2974.0
Oliver Stork,0.31688311688311693,0.1536178107606679,0.5617810760667904,2619.0
Munkhgal Gombosuren,0.23562152133580705,0.15324675324675324,0.35918367346938773,2670.0
Augustinas Bazilius,0.14352504638218924,0.1528756957328386,0.12949907235621522,2536.0
Agustin Fuentes,0.20786641929499072,0.15250463821892393,0.2909090909090909,2298.0
Michal Tworuszka,0.2257513914656772,0.15213358070500926,0.33617810760667904,2513.0
San Thit Lwin,0.1670500927643785,0.15176252319109462,0.18998144712430426,2237.0
Mohammed Seder,0.11443413729128014,0.15139146567717995,0.05899814471243043,2800.0
Shawn Martinez,0.27970315398886825,0.1510204081632653,0.4727272727272727,2371.0
Serdar Murat Yildiz,0.11487940630797773,0.15064935064935064,0.061224489795918366,2714.0
Jonathan Blackburn,0.23473098330241188,0.150278293135436,0.3614100185528757,2429.0
Ana Kuchava,0.209721706864564,0.14990723562152133,0.299443413729128,2304.0
Maxim Omariev,0.13098330241187384,0.14953617810760667,0.10315398886827458,2603.0
bait_or_mate,0.2181818181818182,0.14916512059369202,0.32170686456400743,2550.0
Anton Vasilenok,0.21499072356215215,0.14879406307977736,0.3142857142857143,2608.0
Kacper Karwowski,0.11666048237476809,0.14842300556586271,0.06901669758812616,2527.0
Marcos Vinicius Torsani,0.17640074211502782,0.14805194805194805,0.2189239332096475,2423.0
Sakshi Chitlange,0.22040816326530613,0.1476808905380334,0.32949907235621523,2486.0
infinitegiantkiller,0.13113172541743973,0.14730983302411874,0.10686456400742116,2486.0
Filip Ochedzan,0.09157699443413729,0.1469387755102041,0.008534322820037106,2410.0
Roza Idrisova,0.100556586270872,0.14656771799628943,0.03153988868274583,1907.0
Dan Shapiro,0.13031539888682744,0.14619666048237476,0.10649350649350649,2341.0
אהרן בגראטיוני,0.1550278293135436,0.14582560296846012,0.16883116883116883,2769.0
Mr. Sai Han Thiha,0.23554730983302413,0.14545454545454545,0.3706864564007421,2635.0
Lorenzo Perea Fruet,0.13692022263450837,0.1450834879406308,0.12467532467532468,2862.0
Diego Zilleruelo,0.163265306122449,0.14471243042671614,0.19109461966604824,2391.0
Sivanesan Nithyalakshmi,0.22552875695732838,0.1443413729128015,0.3473098330241187,2327.0
Lamine Brahami,0.14337662337662338,0.14397031539888683,0.1424860853432282,2470.0
Barad Yeganegi,0.1330612244897959,0.14359925788497216,0.11725417439703154,2860.0
Jens Albert Ramsdal,0.1787012987012987,0.14322820037105752,0.23191094619666047,2402.0
Georg Von Buelow,0.15740259740259738,0.14285714285714285,0.17922077922077922,2179.0
Jan Helmer,0.19354359925788497,0.1424860853432282,0.2701298701298701,2592.0
Wiktoria Śmietańska,0.15962894248608533,0.14211502782931354,0.18589981447124304,2518.0
Шубин Кирилл,0.2650834879406308,0.1417439703153989,0.45009276437847867,2944.0
Mikhail Yashmetov,0.13602968460111317,0.14137291280148423,0.1280148423005566,2667.0
Alexander Khlebovich,0.0923191094619666,0.14100185528756956,0.019294990723562153,2906.0
Štěpán Hrbek,0.19020408163265307,0.14063079777365492,0.26456400742115027,2707.0
Arvids Andrejevs,0.17810760667903525,0.14025974025974025,0.23487940630797774,2459.0
Aghasiyev Kamal,0.264860853432282,0.1398886827458256,0.45231910946196663,2646.0
Artemiki Lebedev,0.2440074211502783,0.13951762523191094,0.4007421150278293,2719.0
Denis Kozlov,0.1985157699443414,0.1391465677179963,0.287569573283859,2601.0
Maria Fominykh,0.2229313543599258,0.13877551020408163,0.34916512059369204,2372.0
Konstantin Egorov,0.15398886827458255,0.13840445269016696,0.17736549165120594,2360.0
MI Marcelo Playa,0.1933951762523191,0.13803339517625232,0.2764378478664193,2437.0
Itgelt Khuyagtsogt,0.23666048237476808,0.13766233766233765,0.3851576994434137,2824.0
Aleksander Kumala,0.12823747680890538,0.137291280148423,0.11465677179962894,2553.0
Stepan Osinovsky,0.09996289424860852,0.13692022263450834,0.04452690166975881,2365.0
Mark Dejmek,0.19294990723562153,0.1365491651205937,0.27755102040816326,2199.0
Artem Alek Fedorov,0.18174397031539888,0.13617810760667903,0.25009276437847866,2646.0
LUIS MIGUEL FLORESVILLAR,0.08638218923933211,0.1358070500927644,0.012244897959183673,2157.0
Nimay Agrawal,0.11510204081632652,0.13543599257884972,0.08460111317254175,2463.0
Vsevolod Rytenko,0.1905751391465677,0.13506493506493505,0.2738404452690167,2529.0
Tomasz Mika,0.23532467532467533,0.1346938775510204,0.3862708719851577,2610.0
Tomáš Vaněk,0.10166975881261596,0.13432282003710574,0.05269016697588126,2194.0
Alfredo Cecilio Miserendino,0.15042671614100186,0.1339517625231911,0.175139146567718,2219.0
Emilia Dyalog,0.11369202226345083,0.13358070500927643,0.08385899814471243,2374.0
Alisa Genrietta Yunker,0.09328385899814472,0.1332096474953618,0.03339517625231911,2473.0
Aleksandras Jegorovas,0.24371057513914657,0.13283858998144712,0.4100185528756957,2603.0
Melika Mohammadi,0.25031539888682747,0.13246753246753246,0.42708719851576993,2703.0
Paul Burke,0.08846011131725418,0.13209647495361782,0.02300556586270872,1880.0
Masruri Rahman,0.12445269016697588,0.13172541743970315,0.11354359925788497,2770.0
Arsal Gardezi,0.25410018552875696,0.1313543599257885,0.43821892393320966,2327.0
Rodrigo Mendoza Acuna,0.10233766233766234,0.13098330241187384,0.059369202226345084,2617.0
Noam Vitenberg,0.17721706864564007,0.1306122448979592,0.24712430426716142,2567.0
Zane Nasir,0.16719851576994432,0.13024118738404453,0.22263450834879406,2722.0
Luis Roque,0.09157699443413728,0.12987012987012986,0.034137291280148425,2313.0
Denis Garrido,0.16363636363636364,0.12949907235621522,0.21484230055658626,2610.0
Alexandru Calin,0.13758812615955474,0.12912801484230055,0.150278293135436,2515.0
Mikhail Kazakov,0.14493506493506494,0.1287569573283859,0.1692022263450835,2518.0
Karthikeyan Murali,0.2870500927643785,0.12838589981447124,0.5250463821892394,2939.0
Zozek Salah Mohammed Mohammed,0.12712430426716143,0.1280148423005566,0.12578849721706864,2434.0
Balázs Csonka,0.14263450834879404,0.12764378478664193,0.16512059369202226,2884.0
Daniel Kopylov,0.17283858998144713,0.12727272727272726,0.24118738404452691,2757.0
Hoang Thi Bao Tram,0.1304638218923933,0.12690166975881262,0.1358070500927644,2582.0
Alma Jaqueline Mora Velasco,0.09862708719851576,0.12653061224489795,0.056771799628942486,2429.0
Kacper Tomaszewski,0.1034508348794063,0.1261595547309833,0.06938775510204082,2552.0
Maftuna Bobomurodova,0.1673469387755102,0.12578849721706864,0.22968460111317254,2442.0
Esper Van Baar,0.14575139146567717,0.125417439703154,0.17625231910946196,2165.0
Justo Reinaldo Chemin,0.1339517625231911,0.12504638218923933,0.14730983302411874,2126.0
Leonid Guerb,0.09365491651205937,0.12467532467532468,0.04712430426716141,2191.0
Dejan Djordjevic,0.0802226345083488,0.12430426716141002,0.014100185528756958,2061.0
Tiago Cunha Navarro,0.15109461966604826,0.12393320964749537,0.19183673469387755,2491.0
Ilya Khakhinov,0.18189239332096477,0.12356215213358071,0.2693877551020408,2327.0
Tatiana Bogumil,0.07807050092764378,0.12319109461966604,0.01038961038961039,1940.0
Radosław Dzierżak,0.2293877551020408,0.12282003710575139,0.38923933209647493,2402.0
Tunahan Makaraci,0.16786641929499074,0.12244897959183673,0.23599257884972172,2421.0
Juan Fernando Aguilar Novoa,0.2059369202226345,0.12207792207792208,0.33172541743970313,2499.0
Avi Kaplan,0.12437847866419294,0.12170686456400742,0.12838589981447124,2744.0
Henryk Seifert,0.11435992578849721,0.12133580705009277,0.1038961038961039,1953.0
Aleksandar Topalov,0.13758812615955474,0.12096474953617811,0.16252319109461966,2382.0
Justin Sarkar,0.12949907235621522,0.12059369202226346,0.14285714285714285,2439.0
Vittorio Cinà,0.17009276437847867,0.12022263450834879,0.24489795918367346,2532.0
Kshatriya Vekhande,0.14849721706864566,0.11985157699443413,0.1914656771799629,2816.0
S R,0.09231910946196661,0.11948051948051948,0.05157699443413729,1962.0
George Danzer,0.10441558441558442,0.11910946196660482,0.08237476808905381,2213.0
Valentina Gunina,0.21506493506493507,0.11873840445269017,0.35955473098330243,2671.0
Dobre Claudiu Cristian,0.08051948051948052,0.11836734693877551,0.023747680890538032,2593.0
Alain Fayard,0.18938775510204084,0.11799628942486086,0.2964749536178108,2309.0
Farid Mustafayev,0.2175139146567718,0.11762523191094619,0.3673469387755102,2779.0
Kiren Vivek Nasta,0.12512059369202227,0.11725417439703154,0.13692022263450834,2428.0
David Martinez,0.2011873840445269,0.11688311688311688,0.3276437847866419,2566.0
Mohamed Nouali,0.2376252319109462,0.11651205936920223,0.41929499072356213,2624.0
Olga Yushko,0.1879777365491651,0.11614100185528757,0.29573283858998145,2309.0
scandalgod,0.18404452690166978,0.11576994434137292,0.28645640074211504,2672.0
Kevin Noboa Silva,0.13795918367346938,0.11539888682745826,0.1717996289424861,2725.0
Eugenia Karas,0.09068645640074212,0.1150278293135436,0.05417439703153989,2438.0
Augustin Droin,0.2828200371057514,0.11465677179962894,0.535064935064935,2740.0
José Renato Ruiz Maranhão,0.08756957328385899,0.11428571428571428,0.047495361781076065,2100.0
Akeem Brown,0.12860853432282005,0.11391465677179963,0.15064935064935064,2422.0
Raymond Kaufman,0.22307977736549164,0.11354359925788497,0.38738404452690167,2427.0
Qi Pang,0.14775510204081632,0.11317254174397032,0.19962894248608534,2649.0
Mike Sailer,0.19918367346938776,0.11280148423005566,0.3287569573283859,2186.0
Logan Clark Shafer,0.07250463821892393,0.11243042671614101,0.01261595547309833,2624.0
Richard Pert,0.11918367346938774,0.11205936920222634,0.12987012987012986,2715.0
Alvaro Donatti,0.10159554730983303,0.11168831168831168,0.08645640074211502,2205.0
Enrique Butti,0.07332096474953617,0.11131725417439703,0.0163265306122449,2279.0
Frode Elsness,0.18189239332096474,0.11094619666048237,0.2883116883116883,2436.0
Paul Rohwer,0.12007421150278294,0.11057513914656772,0.13432282003710574,2401.0
Seyed Abolfazl Moosavifar,0.1176252319109462,0.11020408163265306,0.1287569573283859,2879.0
Safin Safarullakhan,0.1453061224489796,0.10983302411873841,0.19851576994434136,2370.0
Veronika Minina,0.12237476808905381,0.10946196660482375,0.1417439703153989,2317.0
Luca Silva,0.201113172541744,0.10909090909090909,0.3391465677179963,2638.0
Evan Rabin,0.20029684601113174,0.10871985157699443,0.33766233766233766,2488.0
Cengiz Hasman,0.12749536178107607,0.10834879406307978,0.1562152133580705,2503.0
Juan Manuel Aranda,0.10174397031539889,0.10797773654916512,0.09239332096474953,2348.0
Eduard Ashiev,0.1787012987012987,0.10760667903525047,0.28534322820037106,2215.0
Uwe Kleibel,0.24170686456400745,0.10723562152133581,0.44341372912801486,2346.0
Gisela Roque Sola,0.09899814471243043,0.10686456400742116,0.08719851576994433,2137.0
Julian Colville,0.0953617810760668,0.10649350649350649,0.07866419294990723,2643.0
Narmin Khalafova,0.18018552875695734,0.10612244897959183,0.2912801484230056,2479.0
Sai Nirupama Kotepalli,0.09773654916512059,0.10575139146567718,0.08571428571428572,2525.0
Tim Kett,0.10953617810760669,0.10538033395176252,0.11576994434137292,2190.0
Diego Garcia,0.08601113172541744,0.10500927643784787,0.0575139146567718,2447.0
Tom Decuigniere,0.21358070500927645,0.10463821892393321,0.3769944341372913,2645.0
Mert Acikel,0.10307977736549166,0.10426716141001856,0.1012987012987013,2412.0
Ravan Aliyev,0.24682745825602967,0.1038961038961039,0.46122448979591835,2951.0
Okan Bulgurlu,0.12252319109461966,0.10352504638218923,0.1510204081632653,2337.0
Vladislav Efremov,0.11873840445269015,0.10315398886827458,0.14211502782931354,2446.0
Anatoliy Emeliantsev,0.11807050092764378,0.10278293135435992,0.14100185528756956,2371.0
Flávio Bezerra,0.10864564007421151,0.10241187384044527,0.11799628942486086,2260.0
Lukasz Swiatlowski,0.06345083487940631,0.10204081632653061,0.0055658627087198514,2316.0
Carlos Andres Perdomo,0.12526901669758814,0.10166975881261596,0.1606679035250464,2764.0
Joseph Levine,0.21261595547309836,0.1012987012987013,0.3795918367346939,2793.0
Daniel Yedidia,0.19695732838589983,0.10092764378478664,0.3410018552875696,2588.0
Mark Liubarov,0.06300556586270872,0.10055658627087198,0.006679035250463822,2548.0
Kler Çaku,0.15153988868274582,0.10018552875695733,0.22857142857142856,2450.0
Semen Kazmin,0.2678293135435993,0.09981447124304267,0.5198515769944342,2693.0
Julia Tsukerman,0.064860853432282,0.09944341372912802,0.012987012987012988,2079.0
Andreas Brenke,0.09551020408163266,0.09907235621521336,0.0901669758812616,2378.0
Casper Liu,0.2217439703153989,0.0987012987012987,0.40630797773654914,2744.0
Christopher Guzman,0.15191094619666048,0.09833024118738404,0.23228200371057514,2665.0
Димитрий Король,0.10359925788497217,0.09795918367346938,0.11205936920222634,2564.0
Miras Assylov,0.14404452690166977,0.09758812615955473,0.2137291280148423,2805.0
Claudius Gottstein,0.0939517625231911,0.09721706864564007,0.08905380333951762,2296.0
Roman Kezin,0.22538033395176252,0.09684601113172542,0.41818181818181815,2905.0
Matei-Valeriu Mogirzan,0.08192949907235622,0.09647495361781076,0.060111317254174394,2587.0
Sebastian Bazzano,0.09179962894248608,0.09610389610389611,0.08534322820037106,2396.0
Gabriel Lenoir,0.11102040816326532,0.09573283858998145,0.1339517625231911,2324.0
Renzo Jhonathan Rengifo Blancas,0.17640074211502782,0.09536178107606678,0.2979591836734694,2518.0
Dmitry Vyatkin,0.10270871985157698,0.09499072356215213,0.11428571428571428,2445.0
Franck Steenbekkers,0.05870129870129869,0.09461966604823747,0.004823747680890538,2030.0
Tabaré Bustelo,0.05862708719851577,0.09424860853432282,0.005194805194805195,1961.0
Stanislav Kovalevsky,0.1841187384044527,0.09387755102040816,0.3194805194805195,2494.0
Guerau Masague Artero,0.2653803339517625,0.09350649350649351,0.5231910946196661,2801.0
Lakshmi C,0.05988868274582561,0.09313543599257885,0.010018552875695733,2218.0
Jakub Borawski,0.12378478664192949,0.09276437847866419,0.17031539888682745,2461.0
Adrian Gschnitzer,0.16111317254174398,0.09239332096474953,0.26419294990723563,2540.0
Viachaslau Zarubitski,0.21001855287569576,0.09202226345083488,0.38701298701298703,2809.0
Cedric Chassard,0.055732838589981445,0.09165120593692022,0.0018552875695732839,2303.0
Dejan Jakovljevic,0.06753246753246753,0.09128014842300557,0.03191094619666048,1949.0
Matthia Bach,0.1562152133580705,0.09090909090909091,0.2541743970315399,2502.0
Eugene Yanayt,0.06782931354359925,0.09053803339517626,0.033766233766233764,2372.0
Mads Vestby-Ellingsen,0.18990723562152131,0.0901669758812616,0.3395176252319109,2748.0
Jack Rodgers,0.05862708719851577,0.08979591836734693,0.011873840445269016,2643.0
Tihomir Yanev,0.21038961038961038,0.08942486085343228,0.39183673469387753,2566.0
Martin Holten Fiskaaen,0.14456400742115028,0.08905380333951762,0.22782931354359925,2590.0
Alejandro Castellanos Villela,0.23844155844155845,0.08868274582560297,0.46307977736549166,2802.0
Olzhas Khamzin,0.2158070500927644,0.08831168831168831,0.4070500927643785,2302.0
Jan Enrique Zepeda,0.11020408163265305,0.08794063079777366,0.14359925788497216,2263.0
Илья Чеклецов,0.19502782931354362,0.087569573283859,0.3562152133580705,2668.0
Zeinep Sultanbek,0.12949907235621522,0.08719851576994433,0.19294990723562153,2525.0
Oleksandr Matlak,0.12126159554730984,0.08682745825602968,0.17291280148423005,2601.0
Jeff Quirke,0.12445269016697588,0.08645640074211502,0.18144712430426715,2164.0
Christian Polster,0.18285714285714286,0.08608534322820037,0.3280148423005566,2542.0
Assel Lesbekova,0.08912801484230057,0.08571428571428572,0.09424860853432282,2460.0
Gustavo Horokoski De Souza,0.1384786641929499,0.08534322820037106,0.21818181818181817,2241.0
Rodolfos Stamatiou,0.15606679035250465,0.0849721706864564,0.262708719851577,2650.0
Vitus Bondo Medhus,0.07465677179962894,0.08460111317254175,0.05974025974025974,2795.0
Henrik Cernov,0.09476808905380334,0.08423005565862708,0.11057513914656772,2716.0
Tiago Carvalho Mangialardo,0.059220779220779216,0.08385899814471243,0.022263450834879406,2029.0
Nurgazy Zheenbekov,0.09120593692022264,0.08348794063079777,0.10278293135435992,2447.0
Никита Довбня,0.26315398886827457,0.08311688311688312,0.5332096474953618,2306.0
Jesper Kjaergaard-Jensen,0.06730983302411875,0.08274582560296846,0.04415584415584416,2342.0
Rasmus Skytte,0.1090909090909091,0.08237476808905381,0.14916512059369202,2620.0
Mrudul Dehankar,0.16393320964749536,0.08200371057513915,0.2868274582560297,2517.0
JozefKneht,0.1062708719851577,0.08163265306122448,0.14322820037105752,2676.0
Anysia Thomas,0.1645269016697588,0.08126159554730983,0.2894248608534323,2208.0
Calin Gheorghiu,0.13001855287569575,0.08089053803339517,0.20371057513914656,2617.0
Anton Karpenko,0.26441558441558444,0.08051948051948052,0.5402597402597402,2656.0
Amir Ali Ghafourian,0.19280148423005566,0.08014842300556586,0.36178107606679033,2708.0
Adam Collins,0.05944341372912802,0.07977736549165121,0.02894248608534323,2540.0
Suvradeepta Das,0.10018552875695734,0.07940630797773655,0.1313543599257885,2415.0
Nikolaos Skiadopoulos,0.059591836734693884,0.0790352504638219,0.030426716141001856,2031.0
Pavel Kiselev,0.07510204081632652,0.07866419294990723,0.06975881261595547,2332.0
Filip Dowgird,0.15250463821892393,0.07829313543599258,0.263821892393321,2672.0
Matyáš Zeman,0.19948051948051948,0.07792207792207792,0.38181818181818183,2558.0
Sondre Melaa,0.22018552875695735,0.07755102040816327,0.43413729128014844,2722.0
Andre Mendez Machado,0.13803339517625232,0.07717996289424861,0.22931354359925787,2300.0
Seyed Kian Ghoreishi Amiri,0.04905380333951762,0.07680890538033396,0.0074211502782931356,2717.0
Harry Cun,0.09884972170686457,0.0764378478664193,0.13246753246753246,2378.0
Wagner Guimarães,0.2362152133580705,0.07606679035250463,0.4764378478664193,2394.0
Kaiser Luiz Mafra,0.12007421150278293,0.07569573283858998,0.18664192949907235,2227.0
Dev Shah,0.21187384044526902,0.07532467532467532,0.41669758812615953,2807.0
Prithu Gupta,0.19844155844155845,0.07495361781076067,0.3836734693877551,2582.0
Humberto L. Blanco Ronquillo,0.2298330241187384,0.07458256029684601,0.462708719851577,2719.0
Volen Dyulgerov,0.07079777365491652,0.07421150278293136,0.06567717996289425,2546.0
Italo Romero,0.06152133580705009,0.0738404452690167,0.043042671614100185,2300.0
Lázár Mátyássy,0.087569573283859,0.07346938775510205,0.10871985157699443,2551.0
Arash Tahbaz,0.19673469387755102,0.07309833024118738,0.3821892393320965,2979.0
Christiansen Sava,0.05328385899814471,0.07272727272727272,0.02411873840445269,2185.0
Mateu Boci,0.050983302411873835,0.07235621521335807,0.018923933209647494,2783.0
Robert Hungaski,0.15346938775510205,0.07198515769944341,0.27569573283859,2679.0
Jun Ying Tan,0.15606679035250465,0.07161410018552876,0.28274582560296846,2670.0
Michal Redzisz,0.23421150278293137,0.0712430426716141,0.47866419294990725,2471.0
Samuel Jesus P Goncalves,0.17461966604823748,0.07087198515769945,0.3302411873840445,2452.0
Brahian Diaz Herquinio,0.2503896103896104,0.07050092764378478,0.5202226345083488,2466.0
Mikhail Gusev,0.09031539888682746,0.07012987012987013,0.12059369202226346,2549.0
Matheus Santos,0.09795918367346938,0.06975881261595547,0.14025974025974025,2220.0
Emilia Zavivaeva,0.07205936920222634,0.06938775510204082,0.07606679035250463,2034.0
Luis Manuel Perez Rodriguez,0.08133580705009277,0.06901669758812616,0.09981447124304267,2628.0
Piotr Lopusiewicz,0.20133580705009277,0.0686456400742115,0.40037105751391466,2452.0
Alban alban1987@hotmail.com,0.1825602968460111,0.06827458256029685,0.35398886827458254,2110.0
David Levine,0.0451948051948052,0.0679035250463822,0.011131725417439703,2285.0
Jesús Manuel Vargas Pereda,0.07807050092764378,0.06753246753246753,0.09387755102040816,2075.0
Aiaru Altynbek,0.1455287569573284,0.06716141001855287,0.26307977736549165,2555.0
"Michelle Catherina, P",0.10211502782931355,0.06679035250463822,0.15510204081632653,2386.0
Theo Bressy,0.08942486085343229,0.06641929499072356,0.12393320964749537,2610.0
Ruslan Kashtanov,0.06797773654916513,0.06604823747680891,0.07087198515769945,2529.0
Diego Carbone,0.21647495361781077,0.06567717996289425,0.4426716141001855,2632.0
Richard Yi,0.1019666048237477,0.0653061224489796,0.15695732838589982,2731.0
Konstantinos Markidis,0.250760667903525,0.06493506493506493,0.5294990723562152,2542.0
Setu Madhav Yellumahanthi,0.21120593692022263,0.06456400742115027,0.43116883116883115,2712.0
Alexei Kornev,0.1808534322820037,0.06419294990723562,0.35584415584415585,2828.0
Aaron Matthes,0.08578849721706865,0.06382189239332096,0.11873840445269017,2516.0
Miroslav Simonovic,0.03970315398886827,0.06345083487940631,0.004081632653061225,2345.0
Fernando Díaz,0.1050834879406308,0.06307977736549165,0.16808905380333952,2282.0
Ashritha Eswaran,0.10797773654916512,0.062708719851577,0.17588126159554732,2533.0
Quoc Hy Nguyen,0.21358070500927648,0.06233766233766234,0.4404452690166976,2984.0
Yidong Chen,0.20192949907235622,0.06196660482374768,0.41187384044526903,2569.0
Gabriel Gonzaga Garcia,0.08712430426716142,0.06159554730983302,0.125417439703154,2628.0
Saadat Bashirli,0.10159554730983303,0.061224489795918366,0.16215213358070502,2460.0
Shiyam Thavandiran,0.25128014842300556,0.06085343228200371,0.5369202226345083,2701.0
Gabriel Carckeno Do Carmo,0.06538033395176251,0.060482374768089056,0.07272727272727272,2328.0
Emilio Hernandez,0.057588126159554734,0.060111317254174394,0.05380333951762523,2316.0
Mikelis Vingris,0.12356215213358071,0.05974025974025974,0.21929499072356215,2658.0
Igor Gulkov,0.10523191094619666,0.059369202226345084,0.17402597402597403,2461.0
Pappu Murthy,0.12014842300556587,0.05899814471243043,0.21187384044526902,2082.0
Ind1anStar-inactive,0.1536178107606679,0.05862708719851577,0.2961038961038961,2695.0
GIRINATH PDS,0.14196660482374768,0.05825602968460111,0.2675324675324675,2132.0
Alfie Onslow,0.12987012987012986,0.05788497217068646,0.23784786641929498,2377.0
The_filthy,0.04623376623376624,0.0575139146567718,0.029313543599257884,2210.0
Paulo Jodorcovsky Werjivker,0.08341372912801484,0.05714285714285714,0.12282003710575139,2459.0
Papp Petra,0.1263821892393321,0.056771799628942486,0.23079777365491652,2572.0
Petr Matyukov,0.09706864564007421,0.05640074211502783,0.1580705009276438,2604.0
Marya,0.06077922077922078,0.05602968460111317,0.0679035250463822,2133.0
Polina A Smirnova,0.08118738404452691,0.055658627087198514,0.11948051948051948,2327.0
Glaucio Cella,0.038664192949907236,0.05528756957328386,0.013729128014842301,2458.0
Tiago Batista Oliveira,0.07539888682745827,0.054916512059369205,0.10612244897959183,2059.0
Zsoka Gaal,0.09402597402597401,0.05454545454545454,0.15324675324675324,2515.0
MN Vinicius Saito,0.11562152133580705,0.05417439703153989,0.2077922077922078,2537.0
Andrey Marcelo Souza Neves,0.16526901669758812,0.05380333951762523,0.33246753246753247,2179.0
Ali Elier,0.1317996289424861,0.05343228200371058,0.24935064935064935,2596.0
Anastassia Sinitsina,0.0662708719851577,0.053061224489795916,0.08608534322820037,2399.0
Marc Morgunov,0.14708719851576996,0.05269016697588126,0.288682745825603,2429.0
J,0.047569573283858996,0.052319109461966606,0.04044526901669759,2008.0
Evgeny Ermolaev,0.1114656771799629,0.05194805194805195,0.20074211502782932,2539.0
Margarita Zvereva,0.09951762523191095,0.05157699443413729,0.17142857142857143,2185.0
mauro vargas,0.03116883116883117,0.051205936920222635,0.0011131725417439704,1999.0
Francisco Silva Gonzalez,0.03836734693877551,0.05083487940630798,0.019666048237476808,2494.0
Yvain Bruned,0.03339517625231911,0.05046382189239332,0.007792207792207792,2510.0
Kerem Tinmaz,0.0849721706864564,0.05009276437847866,0.137291280148423,2481.0
Jan Petr,0.14708719851576996,0.04972170686456401,0.29313543599257885,2564.0
Nita Lucian,0.033172541743970316,0.04935064935064935,0.008905380333951763,2442.0
Stelios Halkias,0.20452690166975881,0.04897959183673469,0.437847866419295,2767.0
Alejandro Garcia Garcia,0.13142857142857142,0.048608534322820036,0.2556586270871985,2624.0
Gellert Karacsonyi,0.04348794063079778,0.04823747680890538,0.03636363636363636,2911.0
Johnathan Bakalchuk,0.20949907235621523,0.04786641929499073,0.45194805194805193,2708.0
Daniel Marcolino,0.037551020408163265,0.047495361781076065,0.022634508348794064,2112.0
Michel Saucey,0.06063079777365491,0.04712430426716141,0.08089053803339517,2336.0
Justin Liang,0.04452690166975881,0.046753246753246755,0.041187384044526903,2701.0
zbigniew wieczorek,0.0837847866419295,0.04638218923933209,0.1398886827458256,2310.0
Shamil Arslanov,0.04437847866419295,0.04601113172541744,0.04192949907235621,2905.0
Roberto Junio Brito Molina,0.043116883116883116,0.04564007421150278,0.039332096474953615,2904.0
Laura Viñolas,0.13209647495361782,0.04526901669758813,0.2623376623376623,2269.0
Dariusz Bieliński,0.06330241187384045,0.044897959183673466,0.09090909090909091,2401.0
Viktor Neustroev,0.03517625231910946,0.04452690166975881,0.021150278293135438,2421.0
Salomeja Zaksaite,0.06953617810760668,0.04415584415584416,0.10760667903525047,2358.0
Tobias Rizzo,0.12987012987012989,0.0437847866419295,0.25899814471243043,2590.0
Deniz Arman,0.12846011131725418,0.04341372912801484,0.2560296846011132,2580.0
Shanmukha Meruga,0.10478664192949907,0.043042671614100185,0.1974025974025974,2522.0
Halldor Gretar Einarsson,0.03628942486085343,0.04267161410018553,0.02671614100185529,2354.0
Alexander Jasinski,0.058478664192949906,0.042300556586270875,0.08274582560296846,2521.0
Guadalupe Montano Vicente,0.09461966604823747,0.04192949907235621,0.17365491651205936,2242.0
Milad Khodabandeh,0.16756957328385902,0.04155844155844156,0.35658627087198513,2307.0
Nicholas Figorito,0.027087198515769947,0.041187384044526903,0.005936920222634508,2500.0
Reem Sherman,0.1706864564007421,0.04081632653061224,0.3654916512059369,2717.0
Havard Haug,0.025602968460111317,0.04044526901669759,0.003339517625231911,2960.0
Itay Sitbon,0.035027829313543604,0.04007421150278293,0.027458256029684602,2754.0
Artemii Khanbutaev,0.18040816326530615,0.03970315398886828,0.3914656771799629,2569.0
Robert Kula,0.048237476808905375,0.039332096474953615,0.06159554730983302,2324.0
Daniel Gutiérrez Olivares,0.03272727272727272,0.03896103896103896,0.023376623376623377,2501.0
Andreas Mende,0.04230055658627087,0.038589981447124305,0.04786641929499073,2206.0
Svyatoslav Korneev Leskova,0.04831168831168831,0.03821892393320965,0.06345083487940631,2711.0
Dmitriy Bocharov,0.10805194805194805,0.03784786641929499,0.21335807050092764,2838.0
Gunay Mammadzada,0.09239332096474953,0.037476808905380334,0.17476808905380334,2573.0
David Sh. Gevorgyan,0.05818181818181818,0.03710575139146568,0.08979591836734693,2451.0
Soltan Muradov,0.12029684601113173,0.036734693877551024,0.24564007421150277,2514.0
asghar golizadeh,0.16474953617810761,0.03636363636363636,0.35732838589981447,2891.0
Mikołaj Gbiorczyk,0.20697588126159555,0.03599257884972171,0.4634508348794063,2507.0
Dewar B. Feliz Dotel,0.05209647495361781,0.03562152133580705,0.07680890538033396,2204.0
Nasrin Babayeva,0.03910946196660482,0.03525046382189239,0.044897959183673466,2200.0
Dmitry Gordievsky,0.21966604823747685,0.034879406307977735,0.49684601113172544,2957.0
Georgijs Germanovs,0.07413729128014843,0.03450834879406308,0.13358070500927643,2932.0
Marc Lonoff,0.10181818181818184,0.034137291280148425,0.20333951762523192,2233.0
Nhat Minh To,0.24200371057513917,0.033766233766233764,0.5543599257884972,2804.0
Jesper Lauridsen,0.05536178107606679,0.03339517625231911,0.08831168831168831,2285.0
Mounika Akshaya Bommini,0.037922077922077926,0.033024118738404454,0.04526901669758813,2181.0
Jean-Christophe Martine,0.18983302411873842,0.0326530612244898,0.4256029684601113,2245.0
Megan Althea Paragua,0.10263450834879406,0.03228200371057514,0.20816326530612245,2672.0
Mihael Ankerst,0.04794063079777365,0.03191094619666048,0.07198515769944341,2541.0
Shaashwath Sivakumar,0.044749536178107605,0.03153988868274583,0.06456400742115027,2614.0
Vladislav Voitovich,0.02448979591836735,0.03116883116883117,0.014471243042671614,2808.0
Inayat Bolat,0.17447124304267164,0.03079777365491651,0.38998144712430427,2605.0
Dmitry Semenenko,0.10463821892393321,0.030426716141001856,0.21595547309833024,2367.0
Cumali Unver,0.05884972170686457,0.030055658627087197,0.10204081632653061,2373.0
Albert Fishman,0.01899814471243043,0.029684601113172542,0.002968460111317254,2304.0
Joy Romany,0.039406307977736546,0.029313543599257884,0.05454545454545454,2122.0
Peter Sadilek,0.15688311688311687,0.02894248608534323,0.34879406307977734,2411.0
Robert Ramirez,0.06805194805194804,0.02857142857142857,0.12727272727272726,2497.0
Jose Felix Calvo Gonzalez,0.17929499072356217,0.028200371057513916,0.4059369202226345,2502.0
Ivan Paquico Rodriguez,0.07517625231910946,0.027829313543599257,0.14619666048237476,2542.0
Christian Gian Karlo Arca,0.13758812615955474,0.027458256029684602,0.3027829313543599,2868.0
Lianet Diaz Garcia,0.018775510204081632,0.027087198515769944,0.006307977736549165,2079.0
Viktor Poddubnyi,0.022857142857142857,0.02671614100185529,0.017068645640074213,2374.0
Alex Villa Tornero,0.04148423005565863,0.02634508348794063,0.06419294990723562,2615.0
Alexandra Prado,0.017068645640074213,0.025974025974025976,0.0037105751391465678,1791.0
Ishvi Aggarwal,0.08007421150278293,0.025602968460111317,0.16178107606679035,2368.0
MIJuanReyesRosa,0.03532467532467532,0.02523191094619666,0.05046382189239332,2187.0
Federico Sellitti,0.09343228200371058,0.024860853432282004,0.19628942486085343,2597.0
Alexandr Provotorov,0.05343228200371057,0.024489795918367346,0.09684601113172542,2493.0
Lucas Foerster-Yialamas,0.04534322820037106,0.02411873840445269,0.07717996289424861,2374.0
Pantata007,0.0537291280148423,0.023747680890538032,0.0987012987012987,2480.0
Wesley So,0.18871985157699445,0.023376623376623377,0.43673469387755104,3224.0
Monika Marcińczyk,0.04066790352504638,0.02300556586270872,0.06716141001855287,2127.0
Andrew Green,0.17625231910946199,0.022634508348794064,0.40667903525046384,2313.0
Boris Bruned,0.027309833024118737,0.022263450834879406,0.034879406307977735,2414.0
Ilan Vardi,0.056920222634508355,0.02189239332096475,0.10946196660482375,2198.0
Ramiro Corona Monraz,0.016623376623376623,0.021521335807050092,0.00927643784786642,1779.0
Deniel Safarov,0.0790352504638219,0.021150278293135438,0.16586270871985156,2900.0
Koorosh Bahmani,0.16504638218923934,0.02077922077922078,0.38144712430426714,2510.0
Dmitry Minko,0.1861966604823748,0.02040816326530612,0.4348794063079777,2629.0
Arina Kiseleva,0.1640074211502783,0.020037105751391466,0.3799628942486085,2292.0
Roshan Sethuraman,0.23458256029684604,0.019666048237476808,0.5569573283858998,2676.0
Simeon Todev,0.11755102040816326,0.019294990723562153,0.2649350649350649,2512.0
x-0147207515,0.08111317254174397,0.018923933209647494,0.17439703153988867,2436.0
natelleka,0.13506493506493508,0.01855287569573284,0.3098330241187384,2431.0
Byambaa Uyanga,0.04029684601113173,0.01818181818181818,0.07346938775510205,2203.0
Jacob Dreelinck,0.09944341372912802,0.017810760667903526,0.22189239332096475,2515.0
Marko Jelcic,0.029907235621521335,0.017439703153988868,0.048608534322820036,2314.0
Rastko Svicevic,0.039777365491651215,0.017068645640074213,0.0738404452690167,2359.0
Volkan Yirik,0.062115027829313545,0.016697588126159554,0.13024118738404453,2504.0
Dirk Troltenier,0.24593692022263455,0.0163265306122449,0.590352504638219,2455.0
Ahmed Kandil,0.09165120593692022,0.01595547309833024,0.2051948051948052,2718.0
John Merriman,0.1358070500927644,0.015584415584415584,0.3161410018552876,2445.0
Andrei Purygin,0.13662337662337665,0.015213358070500928,0.3187384044526902,2429.0
Egor Kurchenko,0.1521335807050093,0.014842300556586271,0.3580705009276438,2672.0
paradise10,0.03183673469387755,0.014471243042671614,0.05788497217068646,2526.0
Antonio Naranjo Moreno,0.0946938775510204,0.014100185528756958,0.21558441558441557,2630.0
Maximilian Mostbauer,0.016846011131725416,0.013729128014842301,0.021521335807050092,2726.0
Zlatko Lisjak,0.009053803339517625,0.013358070500927645,0.0025974025974025974,2164.0
Willi Skibbe,0.1462708719851577,0.012987012987012988,0.34619666048237474,2461.0
Brett Passen,0.040074211502782925,0.01261595547309833,0.08126159554730983,2461.0
Cristhian Montero,0.017439703153988868,0.012244897959183673,0.02523191094619666,2189.0
Boris Ferrufino,0.05936920222634509,0.011873840445269016,0.1306122448979592,2361.0
Andres Ferriz Barrios,0.1706122448979592,0.01150278293135436,0.40927643784786644,2505.0
Alan Morris-Suzuki,0.04645640074211503,0.011131725417439703,0.09944341372912802,2694.0
Christopher Pace,0.08230055658627088,0.010760667903525046,0.18961038961038962,2385.0
Rafał Lewandowski,0.044823747680890536,0.01038961038961039,0.09647495361781076,2353.0
Jakub Luberanski,0.1550278293135436,0.010018552875695733,0.3725417439703154,2321.0
Raphael Lagunow,0.14575139146567717,0.009647495361781076,0.3499072356215213,2536.0
Alex Bullen,0.06953617810760668,0.00927643784786642,0.15992578849721706,2299.0
Domantas Klimciauskas,0.15539888682745828,0.008905380333951763,0.375139146567718,2266.0
Tarini Goyal,0.08244897959183674,0.008534322820037106,0.19332096474953617,2363.0
Danyyil Dvirnyy,0.16786641929499074,0.00816326530612245,0.4074211502782931,3002.0
Yilin Li,0.09254174397031541,0.007792207792207792,0.21966604823747682,2255.0
Kerry Stead,0.009053803339517625,0.0074211502782931356,0.01150278293135436,2078.0
Diana Mirza,0.03628942486085343,0.007050092764378479,0.08014842300556586,1971.0
Ismael Gimenez,0.14589981447124306,0.006679035250463822,0.3547309833024119,2724.0
Sahaj Grover,0.08675324675324675,0.006307977736549165,0.20742115027829314,2803.0
Dominik Marczuk,0.09291280148423005,0.005936920222634508,0.22337662337662337,2600.0
Yovann Gatineau,0.09640074211502783,0.0055658627087198514,0.23265306122448978,2752.0
Aaron Jacobson,0.07554730983302413,0.005194805194805195,0.1810760667903525,3062.0
Tyler Tanaka,0.09269016697588127,0.004823747680890538,0.22448979591836735,2696.0
Vitaliy Garbuz,0.020037105751391466,0.0044526901669758815,0.04341372912801484,2552.0
Bogusz Piliczewski,0.009424860853432282,0.004081632653061225,0.017439703153988868,1953.0
Alexander Khripachenko,0.10834879406307979,0.0037105751391465678,0.2653061224489796,2992.0
Gara Balajaev,0.01640074211502783,0.003339517625231911,0.03599257884972171,2189.0
Marek Pniaczek,0.16564007421150279,0.002968460111317254,0.4096474953617811,2466.0
Grzegorz Kopacz,0.07294990723562153,0.0025974025974025974,0.17847866419294992,2487.0
In Hei Henry Ho,0.06753246753246753,0.0022263450834879408,0.16549165120593692,2081.0
Lenka Ptacnikova,0.013580705009276437,0.0018552875695732839,0.03116883116883117,2260.0
Eric Liu,0.022115027829313544,0.001484230055658627,0.053061224489795916,2902.0
Amina Kairbekova,0.15933209647495364,0.0011131725417439704,0.3966604823747681,2432.0
Valeria Viana,0.017513914656771802,0.0007421150278293135,0.04267161410018553,2119.0
Shyam Gandhi,0.05543599257884972,0.00037105751391465676,0.13803339517625232,2272.0
