CenterControlScore,PieceActivityScore,KingSafetyScore,CastlingScore,KingTropismScore,KingDefendersScore,KingPawnShieldScore,KingZoneControlScore,KingDiagonalExposureScore,KingEscapeSquaresScore,CaptureRatio,PawnCenter,AveragePawnAdvanceDepth,CheckRatio,ForceRatio,PawnIsolateScore,PawnOverlapScore,PawnProtectScore,queen_1LifeRatio,rook_1LifeRatio,rook_2LifeRatio,bishop_1LifeRatio,bishop_2LifeRatio,knight_1LifeRatio,knight_2LifeRatio,pawn_1LifeRatio,pawn_2LifeRatio,pawn_3LifeRatio,pawn_4LifeRatio,pawn_5LifeRatio,pawn_6LifeRatio,pawn_7LifeRatio,pawn_8LifeRatio,queen_promo_1LifeRatio,queen_promo_2LifeRatio,queen_promo_3LifeRatio,queen_promo_4LifeRatio,queen_promo_5LifeRatio,queen_promo_6LifeRatio,queen_promo_7LifeRatio,queen_promo_8LifeRatio,Name,ELO
19.1978606721072,183.84539887076463,-63.91575165903651,-14.761522288422594,-12.3198291341516,3.9852134109160087,-5.929653808626962,-36.03586900362927,-10.295199732749694,11.441108897627595,0.2109950544015826,0.4748526211671612,18.23837784371909,0.0592462908011869,0.0074085064292779,0.0876193161127296,-0.2517733754593161,1.5791088786629508,0.740919204423952,0.8528556583475811,0.8313598375747578,0.6841858805336292,0.5636978449644425,0.5906318159989605,0.5937611777567625,0.8576617062622998,0.8306026780556062,0.7988192640421914,0.6221891341347525,0.550026673766921,0.5870047563516007,0.7690339593874391,0.8207289841073051,0.0564619935748894,0.0947368025327972,,,,,,,Alex Fier,2822.0
22.31578370714177,202.7520451028642,-49.94863102314782,-12.013563709807759,-11.842393871228214,4.0,-6.4801127642138905,-24.604318402563003,-9.37729505789921,10.369052782564257,0.19629999999999997,0.5694000000000001,14.8,0.0233,0.0055,-0.034850683559800213,-0.20667393641407522,1.4142487695083732,0.8672314470911402,0.9780219780219781,0.8891710933088313,0.8664589582866512,0.7101263950783373,0.7233331665167488,0.7350487697007053,0.9947593342330185,0.9595693779904305,0.917304625199362,0.7602164576744643,0.5905170298519671,0.4741879444626448,0.8913533834586467,0.817557354925776,0.0,0.0,0.0,0.0,0.0,0.0,0.0,0.0,Alex Fier,2822.0
21.146293991711794,197.91271448727096,-62.934647343529875,-14.69340424263143,-11.814087236331838,3.99622641509434,-7.525379584269595,-33.36614393085875,-10.315214469982601,10.783355705450003,0.2453,0.48150000000000004,16.5,0.0764,0.015600000000000003,0.03272685568050282,-0.38521574798924674,1.529433872114336,0.7881779239983919,0.950439123236217,0.8910018558841635,0.6913374673013601,0.5108907762982432,0.6294614982522122,0.7643943791009892,0.7540068744363415,0.8099415469752629,0.8280562009537695,0.6603851879531125,0.48557104518840316,0.6346030396992315,0.8793903800822147,0.9506803490627022,0.01193960511033681,0.0,0.0,0.0,0.0,0.0,0.0,0.0,Alex Fier,2822.0
19.57355648618999,180.19090836915052,-63.38419346075068,-15.15796711483479,-12.3162006442354,4.0,-7.355401195119891,-32.89335005931316,-10.411361353182198,10.750086905934754,0.1996,0.5841000000000001,17.6,0.0332,0.0038,-0.0650210596867595,-0.060883817030674935,2.1447897582729265,0.7144443081721413,0.9507597656749635,0.8814722113678377,0.7458862583517256,0.6625717448992086,0.7101133823725402,0.5315982457636674,0.9047619047619048,0.8482052127472665,0.7859740101012667,0.4916274665432249,0.7044487169083897,0.6323846010760998,0.8798532446974857,0.919833083783493,0.0,0.0,0.0,0.0,0.0,0.0,0.0,0.0,Alex Fier,2822.0
17.647848826137846,186.61105492336756,-75.58598525342158,-16.190100994463045,-12.871288666578653,3.995348837209302,-6.249780169156368,-44.1260298106564,-11.302109819697721,11.157975369921317,0.20500000000000002,0.3404,25.2,0.10569999999999999,0.012100000000000001,0.030859591494050216,-0.06591262740055721,1.842028462581586,0.7138191338126455,0.7651376271955164,0.7002214612635329,0.4762198663841171,0.3331347947379352,0.43279868957641077,0.4850156923180526,0.8201808935290027,0.8540567739228994,0.6678221122197627,0.5422641273708891,0.3646132630273383,0.4056960272577708,0.6509236506659801,0.7972571519369464,0.00453843072168488,0.0,0.0,0.0,0.0,0.0,0.0,0.0,Alex Fier,2822.0
19.427103608088622,190.08151585645132,-67.58887329684234,-13.841490425959421,-12.040578748965483,3.9885341074020317,-5.511135019004567,-40.29514559377001,-9.641047770384436,9.75199015383954,0.2284,0.5378999999999999,16.0,0.028200000000000003,0.0045,0.14641362734507385,-0.3556568818153769,1.72399891344021,0.8481240430960476,0.8381929655145534,0.8032054495212388,0.7831213790592615,0.6276707946114193,0.6915657696933118,0.6018174449852386,0.9317643941564453,0.8580402984863287,0.8478204706928112,0.7827408460107229,0.5515531713650479,0.6183832484528102,0.8151779309674045,0.9131996658312447,0.00380952380952381,0.0,0.0,0.0,0.0,0.0,0.0,0.0,Alex Fier,2822.0
20.110260540544566,214.68741374697885,-55.96730068058226,-15.378220939124395,-11.608244196218866,4.0,-4.4158903767440885,-27.953494381186108,-9.979756428313731,9.368305641004927,0.22529999999999997,0.45059999999999995,15.8,0.08020000000000001,0.0083,-0.08919015649373731,-0.21870022933888372,1.4717826570944268,0.8725178571428571,0.806514475108225,0.8336367663044758,0.7796595542194112,0.4763966030381571,0.67446522099348,0.6719232732628322,0.9185507246376812,0.8734868530402006,0.825291149068323,0.7208692340813861,0.578387766687952,0.4659201672033856,0.7697908895265423,0.706571949799251,0.0014492753623188402,0.0,0.0,0.0,0.0,0.0,0.0,0.0,Alex Fier,2822.0
18.76670971125439,169.5879494578359,-66.7625361377525,-15.039239086714266,-14.118556808275764,3.996875,-5.512990853204835,-38.12650422412086,-10.493081430834447,12.530961265397652,0.2003,0.45920000000000005,20.9,0.05720000000000001,0.0007,-0.01110991884792196,-0.3456498838604902,1.179858868568968,0.6483150596344844,0.7669676263658303,0.7642156730336864,0.4909841137758758,0.7038459740266958,0.6127292529141507,0.5545082756209496,0.7955487358485633,0.7497717126108425,0.7573190206242597,0.5939471583085997,0.48282573631733516,0.587259995083514,0.6868686523707016,0.7883490070020247,0.02260869565217391,0.0,0.0,0.0,0.0,0.0,0.0,0.0,Alex Fier,2822.0
18.98168505300806,192.8984993566868,-57.91964638032353,-15.32278098670515,-11.049705174681137,3.998969072164948,-7.014736142685014,-29.134553697604666,-10.546802418195108,11.149962967382598,0.2272,0.5166000000000001,17.9,0.05670000000000001,0.010899999999999998,-0.114921716861129,-0.3266353493147379,1.7381021337402989,0.8046220553149741,0.8685185433123579,0.8397298959154629,0.588793063347061,0.41082116968422244,0.6669489824380815,0.5169205068756492,0.9534364261168384,0.835460433203243,0.7761985936377226,0.765618015891149,0.40007775217915487,0.6455980617673825,0.755163065016031,0.7851907342714799,0.0,0.0,0.0,0.0,0.0,0.0,0.0,0.0,Alex Fier,2822.0
21.51674483905815,181.58614416098845,-74.13734066969126,-16.127281270371032,-13.452645780330196,3.994736842105263,-4.9307549472115415,-44.23305580296532,-11.030199428153328,11.641859717234901,0.1958,0.5415,24.5,0.0732,0.0157,0.32424188795016445,-0.08437797952095062,1.6113598084486487,0.6508222066872311,0.7535211006551475,0.8116661545873549,0.6057393512049087,0.5965951357959087,0.6849835154116543,0.5587420618732307,0.8588014690668322,0.6972233201806162,0.6865357830832404,0.43153277302141335,0.619522287686024,0.5938010791529523,0.8623659636101095,0.8262135102703866,0.0,0.0,0.0,0.0,0.0,0.0,0.0,0.0,Alex Fier,2822.0
18.884001944121696,162.26636220600057,-75.02763225021923,-15.285832181470928,-12.366393940167566,4.0,-7.203802698479253,-46.20153502642283,-10.473158729095282,12.503090325416638,0.20070000000000002,0.5692,17.7,0.0528,0.0052,0.19094084013323992,-0.10029979615792421,1.5792054312090593,0.6038330186753034,0.8588570470923411,0.8437224557514412,0.613181216623672,0.5399533760420375,0.7342427450355838,0.5483240144024457,0.7052298749843506,0.8670036630036628,0.7377129026131584,0.5278270378543183,0.5639161367822919,0.6377457028778426,0.7982675125386123,0.8178471608906392,0.0018181818181818102,0.0,0.0,0.0,0.0,0.0,0.0,0.0,Alex Fier,2822.0
18.9906528047114,183.90969987638073,-56.04321781493773,-15.47068018793866,-11.979994085243769,4.0,-1.4722105396658938,-33.78927515581177,-9.946171673312737,12.615113827035113,0.23739999999999997,0.4899,18.7,0.0732,0.0075,0.1635969087785179,-0.2450861082174201,1.4386931735024084,0.7111906231164843,0.9005005708666083,0.8014709824793312,0.6847483883639527,0.4932611295097014,0.5060422994734154,0.5799184433612383,0.9098452012383902,0.971778617549629,0.8659985870426125,0.5932563493757055,0.4815931355597761,0.3444474083266029,0.8207391687913835,0.790906631590407,0.01027642276422763,0.0,0.0,0.0,0.0,0.0,0.0,0.0,Alex Fier,2822.0
18.866845097181073,184.0129789747716,-66.31793179358704,-13.175208628026713,-13.569822404537613,3.9987951807228916,-8.285744088910754,-36.36829465609928,-10.046654960588228,11.128997763852654,0.24580000000000002,0.4263,15.5,0.0985,0.017099999999999997,0.13728808388268468,-0.14807856261489963,1.4486052623001051,0.7719435907723202,0.7743136609436796,0.8457063609222448,0.575542995516991,0.6317056357505305,0.6874212071386914,0.7889241135616905,0.6502585689532288,0.8034892050919055,0.8383478813502844,0.7370256747391883,0.3972140232667247,0.6118561674671195,0.8170002337667007,0.7634291079486946,0.00245901639344262,0.0,0.0,0.0,0.0,0.0,0.0,0.0,Alex Fier,2822.0
20.06143620789062,181.9795918322953,-62.914105357863775,-14.869944413821361,-13.602556634424024,4.0,-2.6374157231588664,-37.600081988029544,-9.886466133508202,11.682359535078216,0.21150000000000002,0.5052,21.4,0.0201,0.0014,0.20848124916842484,-0.17550541711809314,1.53752182950756,0.7067722857089704,1.0,0.7765188708667269,0.7783474076508244,0.5584597203607085,0.6063914047324734,0.5999188648720948,0.960303594036638,0.9623579967779184,0.7900664974496461,0.670507180772675,0.6212832802291202,0.5159667857769052,0.8094460393922385,0.8706567392134403,0.00932789720780825,0.0,0.0,0.0,0.0,0.0,0.0,0.0,Alex Fier,2822.0
19.254936811231524,180.45271440394816,-59.52854609063574,-15.325464370876398,-11.574682062366872,4.0,-5.84480265725243,-31.770361049924322,-10.533361880271833,11.520125930056105,0.23290000000000002,0.43949999999999995,17.5,0.0429,0.0024000000000000002,0.10263211609499731,-0.1965576980846067,1.6768820056877498,0.7189791203014508,0.8699142007262202,0.785057183937375,0.6013582033718412,0.6176858410476924,0.4583387218147359,0.6130819261492795,0.8940987139935647,0.8548163223584335,0.7985894947571441,0.5694077942803073,0.6395475730368924,0.49545931372130225,0.8320447202877108,0.8557628794269807,0.00092592592592592,0.0,0.0,0.0,0.0,0.0,0.0,0.0,Alex Fier,2822.0
19.071933160056478,176.44463779617953,-67.0585990898974,-16.105336763967422,-12.356930239767957,3.992307692307692,-6.347852440523608,-36.75735744859823,-10.903773981462573,11.420344092114686,0.1919,0.5024,19.4,0.0588,0.013500000000000002,0.05496420968318576,-0.18549209057153443,1.6050181538550454,0.6757678107214634,0.6508729304452274,0.82687273768965,0.5623656156302039,0.5568137311476383,0.7306469895196462,0.5695555892376675,0.8393079238897343,0.8431894042519639,0.7959751580028822,0.4852498077425215,0.4544163752863625,0.5740292673669113,0.690250434985795,0.7645665016242458,0.0,0.0,0.0,0.0,0.0,0.0,0.0,0.0,Alex Fier,2822.0
18.375264789583518,177.97505552897155,-68.37656134462574,-16.57044358688083,-11.569648148473195,3.983116883116883,-5.262796379585644,-39.722155489891634,-10.669871090379875,11.435236467468552,0.21959999999999996,0.554,23.9,0.08070000000000001,0.0101,0.22348034837614775,-0.3764710096520405,1.5067084329702773,0.6854228676070527,0.7706342909252168,0.8606117094725215,0.5564872328170438,0.47568734759354375,0.46637019977581173,0.45282829377095074,0.8743613194317419,0.8286252870759914,0.6314847793892506,0.586839150729945,0.5374412416464246,0.45961805029450054,0.6950429839099078,0.7516988570229908,0.00046948356807511,0.0,0.0,0.0,0.0,0.0,0.0,0.0,Alex Fier,2822.0
19.663446753422413,192.1294748041233,-69.27586346278723,-15.317604749345467,-13.067073574951385,4.0,-5.4446840371368666,-40.66902165512178,-9.899589600904267,11.122110154672539,0.2513,0.38980000000000004,13.6,0.10600000000000001,0.0201,0.04834060323256914,-0.3439336192988049,1.4281519964447535,0.7562995712559065,0.8162557616797192,0.977570093457944,0.8121735955832289,0.5221094100306908,0.45277830837514904,0.6620894810450497,0.8310680190074221,0.8076250831455083,0.7862321975855207,0.6041123663848014,0.2633407096935646,0.6082510279874234,0.8332821403526773,0.9725500910746814,0.0,0.0,0.0,0.0,0.0,0.0,0.0,0.0,Alex Fier,2822.0
19.133537255809497,182.80538341818524,-66.78077335445803,-14.613388264202765,-12.283733074671739,4.0,-8.466478283749428,-37.12925912614578,-10.307371968157264,12.019457362468964,0.2354,0.4534000000000001,18.3,0.0733,0.0075,0.0778574711634716,-0.21457203649064108,1.9469379671295262,0.729867285577227,0.8404334455494735,0.8832815294545048,0.6478018469329274,0.6185163643939109,0.5534668106140815,0.6353459350699586,0.7974589754352301,0.8052520222832722,0.7877140343316813,0.5422356924290634,0.7749037877765785,0.7991750166518992,0.8758034589982782,0.825498375382263,0.04895833333333333,0.0,0.0,0.0,0.0,0.0,0.0,0.0,Alex Fier,2822.0
21.553409024913726,204.4936913886303,-59.1316111595212,-14.702154598277508,-11.911676939632626,3.996969696969697,-2.7422171543118408,-33.46401203818123,-9.79544603870281,9.486925912615119,0.20860000000000004,0.49820000000000003,15.2,0.037,0.0075,-0.02769708390390847,-0.1363866737550948,1.3894932211265116,0.8081018215068386,0.8580622100531411,0.8889159905617209,0.8369562523573185,0.669405574623803,0.6288673327174832,0.6818885153806025,0.9577410468319559,0.8787986599212172,0.9244921603460261,0.681836741987137,0.4435361288710805,0.41668642384536037,0.8137916657678927,0.9094072798819479,0.0,0.0,0.0,0.0,0.0,0.0,0.0,0.0,Alex Fier,2822.0
18.588545879843032,165.60852977326292,-66.24382742816168,-16.284910349448776,-11.63549429945357,4.0,-2.9250226358531792,-41.79620829203013,-9.966029931370176,12.363838079994158,0.20340000000000003,0.47730000000000006,20.4,0.0305,0.0038,0.10340996038213868,-0.2621569543162418,1.5237859034123893,0.6512264405687844,0.913851669301649,0.9441792369121561,0.5371799224098261,0.5570577942050517,0.6122257124176619,0.43077988529759104,0.9132852144768178,0.855806094380738,0.8280668874315055,0.5233713437031157,0.5556672631093692,0.7113674655908875,0.819126472792858,0.8407252323284903,0.0,0.0,0.0,0.0,0.0,0.0,0.0,0.0,Alex Fier,2822.0
21.541626914916897,205.2963093320001,-53.46094295511294,-14.357944237931742,-10.271382863886986,4.0,-3.229102428769199,-29.64184833370455,-10.001343505243899,10.040678414423436,0.22400000000000003,0.3727,13.6,0.06660000000000002,0.013000000000000001,0.20067378462944335,-0.32089252329052376,1.687313898759945,0.8370266669360553,0.9328358208955224,0.8572054096820452,0.7406735833702128,0.521580793085121,0.6850350585711859,0.6484854109702084,0.936277233564853,0.9349038914576397,0.8693860029263348,0.47843102310336655,0.6113956609491642,0.5892846813987735,0.8435424683320305,0.8925921895466378,0.0026315789473684197,0.0,0.0,0.0,0.0,0.0,0.0,0.0,Alexander Grischuk,3134.0
16.69896339290613,146.52532213784437,-56.65601420536765,-15.769551974409728,-11.28274269736165,4.0,-5.697906361178923,-32.1071467024166,-10.551522286922516,14.752855816921763,0.25880000000000003,0.4149,17.9,0.0685,0.006500000000000001,0.1627509420233965,-0.23353115508162628,1.5595870349255778,0.5017523878249143,0.9602564102564102,0.7252879704795742,0.5487756522195122,0.5413870479151788,0.4255140912711141,0.5203769643868592,0.8857990998363338,0.9496053836514363,0.9034485815602837,0.6648352948299892,0.45847106935824733,0.5172187703485808,0.7163146036560015,0.8994838709677418,0.026250000000000002,0.0,0.0,0.0,0.0,0.0,0.0,0.0,Alexander Grischuk,3134.0
18.465587651727358,171.93687686741364,-57.08194455794271,-14.705175403494732,-10.834657418086755,4.0,-10.705558223289316,-28.63030983226624,-10.683429721888755,14.477186041083101,0.23200000000000004,0.475,18.6,0.0748,0.013800000000000002,0.08508116579965319,-0.4177919501133786,1.624558173269308,0.6530289115646258,0.7970723953772928,0.885068249187225,0.7293984171007463,0.5437527923203558,0.4794388934805701,0.5638444031226948,0.8346323668081093,0.8957673267326731,0.8244894801980198,0.6159725365393682,0.4701932033042252,0.5532751004692306,0.8383203357648281,0.9331755593803788,0.00078125,0.0,0.0,0.0,0.0,0.0,0.0,0.0,Alexander Grischuk,3134.0
21.33863457927732,203.21768191626924,-55.320445651398835,-12.605935747957911,-11.75275753205222,3.9972972972972967,-4.121303952358293,-30.769752527592345,-10.209826164544182,10.141832975808812,0.22290000000000001,0.40540000000000004,16.2,0.042800000000000005,0.0055,0.21190600177858504,-0.2886652815052264,1.401244557105866,0.8207730180901531,0.7173617991155312,0.8791154887419743,0.6465325201039815,0.61268370037694,0.6830041538989869,0.7552910532315366,0.9563858363858364,0.966905561231937,0.8100646926288773,0.6367189863473858,0.3796059007555294,0.6445588758344777,0.9054157782515991,0.9072496016840559,0.0,0.0,0.0,0.0,0.0,0.0,0.0,0.0,Alexander Grischuk,3134.0
21.365385590376274,192.2869722887731,-54.0499123434944,-13.70996510718878,-10.425079587846394,3.9911764705882353,-8.939779574832446,-27.30141094069227,-10.382573230753456,12.717719627230721,0.22590000000000005,0.5031000000000001,17.1,0.08130000000000001,0.012199999999999999,0.046739066681085295,-0.3215569499060581,2.0929692704345433,0.8040435861923824,0.9571187300168459,0.7970063025210085,0.5089735509058955,0.6267909594775349,0.7199636733712146,0.7898631704683056,0.8542247058297991,0.9415503489531407,0.9287707194969321,0.8268819095322346,0.5843013286285149,0.7823109110268434,0.722188113165833,0.8027025505954392,0.0,0.0,0.0,0.0,0.0,0.0,0.0,0.0,Alexander Grischuk,3134.0
20.182341036567614,201.69772389082078,-48.683165501022884,-14.724741372302347,-10.471875814758878,4.0,-4.611675796640495,-24.38957673623913,-10.534032536782856,12.048736755700812,0.20719999999999997,0.5418000000000001,18.3,0.059399999999999994,0.0124,0.22707949330221472,-0.34413840373403914,1.5487408880829932,0.8077512064952025,0.969811320754717,0.8209046728733501,0.603745503641239,0.6103458229735188,0.6883278236264245,0.4897876125276569,0.8939017543859649,0.8770666666666667,0.9503999999999999,0.588137817820404,0.6638976439513647,0.808404778303796,0.8064359789485026,0.9698330097087379,0.0017543859649122799,0.0,0.0,0.0,0.0,0.0,0.0,0.0,Alexander Grischuk,3134.0
19.051171199696995,179.26601220129464,-48.48822895921393,-16.13012214103688,-10.068202914594504,3.9962025316455696,-1.2076987116723203,-26.403268392237226,-10.745745009375891,12.070605678057314,0.2121,0.5892,19.1,0.0573,0.0019,0.1553245179397556,-0.14475957500557451,1.9415528796672814,0.7612711304167001,0.8018876060648212,0.6787144114675759,0.565660310153981,0.640961478746289,0.5217397616448249,0.6153770666745351,0.9541089466089467,0.8818231768231769,0.9254761904761905,0.6607193287256579,0.6741772151898735,0.6971298357057851,0.7611642787592154,0.7348656512264107,0.0,0.0,0.0,0.0,0.0,0.0,0.0,0.0,Alexander Grischuk,3134.0
21.958783848472745,209.18923347174942,-55.263725203296964,-15.805381256876037,-11.961683009168883,3.998039215686275,-0.6830210206803191,-30.567628688017056,-10.263037793968158,10.018987349727219,0.2117,0.6166,14.6,0.04129999999999999,0.008,-0.030054667323193562,-0.34431220378766164,2.460034607483672,0.8825,0.8333759100691556,0.8249886419331567,0.599857246940625,0.6548032686487322,0.5904693301808731,0.6264660512583732,0.9890243902439024,0.8791546979923947,0.885321115318957,0.7513436477856809,0.8157107843137255,0.7578167379982468,0.93377256185834,0.952123786407767,0.04722222222222222,0.0,0.0,0.0,0.0,0.0,0.0,0.0,Alexander Grischuk,3134.0
18.644108170791927,177.66134398426078,-52.321181830955446,-15.582452934477255,-10.038081821805154,4.0,-6.324256008539172,-26.069648742524294,-10.74002536200951,12.433283038399939,0.24380000000000002,0.5356,19.9,0.0876,0.0112,0.12326524968541083,-0.2208525149190111,1.8144806649863832,0.6772605707091743,0.8817543730255313,0.8594522354921736,0.4807248693594074,0.7194590419073481,0.6691191585900859,0.6024363678367013,0.8806035515704727,0.8247926938766632,0.7929879590148279,0.676030166829241,0.5411003156620742,0.6116836035992249,0.6702197962044185,0.7880419910141118,0.00079365079365079,0.0,0.0,0.0,0.0,0.0,0.0,0.0,Alexander Grischuk,3134.0
20.447368917436314,171.37728165290793,-49.08242685142558,-16.27667366788641,-10.99259557329171,4.0,-2.5643713482213273,-25.903764079409683,-10.593304303431017,13.24828212081456,0.21660000000000004,0.38980000000000004,21.5,0.0477,0.0045,0.13266990965628384,-0.17146547605256016,1.783080673624514,0.65876991922212,0.9203177660086663,0.7877628789648685,0.4477108725017726,0.5598121003991364,0.7187564374323135,0.6336848487793748,0.939154685460356,0.8783824571056915,0.8582309153227161,0.7579858097701404,0.4729965045645594,0.518841342157627,0.6706961869674264,0.8885756687996299,0.00601503759398496,0.0,0.0,0.0,0.0,0.0,0.0,0.0,Alexander Grischuk,3134.0
21.008552727112193,202.7612226824451,-53.06735658993513,-12.997708807622516,-10.914308980814104,4.0,-4.874324184226959,-29.940229191771614,-10.152666516809791,11.81188109130986,0.21480000000000002,0.4436,17.6,0.0506,0.0077,0.08608454575036459,-0.23063339321513188,1.2870223999896901,0.9055149568671259,0.734626378146732,0.8809650780270546,0.5756453289419622,0.5789154356104638,0.7762466487296181,0.5864063047636938,0.894592780475894,0.8912629332127564,0.850491532490859,0.7085973702458082,0.502059662945572,0.6277345721928927,0.7635487932311988,0.9181712578825092,0.0032312925170068,0.0,0.0,0.0,0.0,0.0,0.0,0.0,Alexander Grischuk,3134.0
21.700761877463854,203.75948123981274,-58.913969276790716,-14.865922766605099,-11.11552616228465,3.997560975609756,-5.192313346556849,-33.12529404809875,-9.989398018119171,11.376924089264055,0.20670000000000002,0.49339999999999995,16.6,0.0598,0.006,0.01953028749334886,-0.1664142070660622,1.7698025857650914,0.8745380526586185,0.7784701573841408,0.9067784094057636,0.6562786746472188,0.6391587130062097,0.607433921805411,0.4285676169631919,0.9100432900432901,0.8755926402914355,0.8794319247213751,0.8142393817695022,0.5249360021057263,0.5341026790271381,0.720965068892148,0.8888722669735328,0.0,0.0,0.0,0.0,0.0,0.0,0.0,0.0,Alexander Grischuk,3134.0
20.367394145849655,185.74199576009192,-55.11369062047995,-14.31981940525598,-9.995870964408397,4.0,-6.18229154620671,-30.791954157958838,-10.102649015585346,12.278894468935322,0.2234,0.3814,19.0,0.04379999999999999,0.0021999999999999997,0.24279556055021662,-0.45229663570607503,1.6774690002257764,0.7412075159882358,0.991044776119403,0.7572918087185854,0.7373814729836203,0.6186170647444108,0.5334034720192997,0.49886059033859287,0.9328343858796858,0.9642110287821037,0.8650974944772102,0.6359999879090432,0.5669786979013397,0.48865112519542747,0.7199996466196892,0.8673200773267146,0.0,0.0,0.0,0.0,0.0,0.0,0.0,0.0,Alexander Grischuk,3134.0
18.85238101803219,185.3282450303261,-53.5974461051434,-15.571026634833535,-9.95650283422596,4.0,-6.321040819264735,-27.970750804753873,-10.755299791921693,12.977174779856403,0.2283,0.4385,20.1,0.091,0.0186,0.16704156631195227,-0.11920302047561944,2.0036919251995218,0.7459096376275817,0.9574999999999999,0.8188858226906582,0.6049057042682463,0.4407038668416144,0.5439017217333636,0.6213182563976596,0.9409553158705701,0.8942150381154672,0.9433910533910534,0.5910518332614545,0.48351804431653533,0.488398852553523,0.7074099973638857,0.928324926015604,0.0031746031746031703,0.0,0.0,0.0,0.0,0.0,0.0,0.0,Alexander Grischuk,3134.0
21.781660103271495,187.5082775149444,-55.98657934009535,-15.8732872773368,-10.21635065482455,4.0,-4.936688781158287,-31.78589006192978,-10.591881056945478,13.417518492099543,0.21599999999999997,0.4462999999999999,20.7,0.0376,0.0059,0.284944067805628,-0.4345407548401939,1.4888620712250604,0.7139765523609863,0.9333333333333332,0.8281607092760112,0.4387899704306866,0.5187145852494213,0.6727255340383063,0.720833836420501,0.9484737484737484,0.9221856214545763,0.9141509433962265,0.4756683347954147,0.6819745901552893,0.544431118945437,0.823125369450674,0.9081294355622094,0.008791208791208791,0.0,0.0,0.0,0.0,0.0,0.0,0.0,Alexander Grischuk,3134.0
19.937693754194278,175.32543387001908,-57.15082102610675,-16.179522880105374,-11.380966670642003,4.0,-5.515585631217666,-30.42428556229769,-11.357197034612032,13.706736752768023,0.20739999999999997,0.4403,23.4,0.069,0.011600000000000001,0.2809185064445346,-0.16706973874306144,1.6014771843081461,0.6289202155996753,0.9167597765363128,0.7490457610115984,0.6912183606406239,0.6608405272598193,0.5902310732577984,0.3632107267061184,0.8943799531093545,0.9407821229050279,0.8765897739801198,0.6519003039191544,0.3050196330658044,0.5515783963686727,0.6639228370572947,0.6634837764608433,0.0,0.0,0.0,0.0,0.0,0.0,0.0,0.0,Alexander Grischuk,3134.0
20.7750873191057,187.42786032338418,-49.9293882794163,-15.355484017315586,-10.515170233151686,4.0,-3.069153932672516,-26.689226784879445,-10.829351286515278,12.528997975118207,0.22490000000000002,0.4231,17.0,0.05990000000000001,0.010700000000000001,0.22720963878061678,-0.27707086804655895,1.2873420240266022,0.6786952788699882,0.8799503328915094,0.9394859813084112,0.5073006750911441,0.6147084851877181,0.46090189536401105,0.6753304830136703,0.8879656545406958,0.954653440424545,0.9049736780073857,0.7309927243377083,0.49695193425710593,0.4614071372752222,0.8822665243705992,0.7177831675227245,0.00204081632653061,0.0,0.0,0.0,0.0,0.0,0.0,0.0,Alexander Grischuk,3134.0
22.03469689919653,184.6150980152462,-55.305178105195715,-13.363712595898386,-11.495135808227335,4.0,-3.3533940455694298,-32.601973479442066,-10.060664472146435,11.56970229608793,0.2223,0.4969,17.6,0.0513,0.0059,0.10831181699800732,-0.44237631076882067,1.6021850015398198,0.6372774705989859,0.9342690058479534,0.8940108892921959,0.6393657971950792,0.7237931634313306,0.6104990203037272,0.6310712144871704,0.9461296683686857,0.8758949272197298,0.8809969744073616,0.7431817249331981,0.4740976706494721,0.6932348111658457,0.8498969838389077,0.8979201451905627,0.0,0.0,0.0,0.0,0.0,0.0,0.0,0.0,Alexander Grischuk,3134.0
20.94004605056779,179.80805207353032,-56.44774552757757,-12.970624254972083,-10.635212558131562,4.0,-8.208054457619676,-31.05255348516218,-9.425418501788068,11.844117730095991,0.21939999999999998,0.5220999999999999,13.8,0.0425,0.0045,0.08854181567225046,-0.13190614216701171,1.781281855825334,0.6783243648499582,0.9000821553703032,0.9108034309586708,0.7319842966077148,0.5520409683297222,0.7604327140598378,0.5790850266337471,0.9077081068019813,0.8511576942554973,0.9273143610762725,0.9020713463751437,0.6706764671404184,0.45348793132292464,0.9006141835330219,0.9247635675832969,0.0,0.0,0.0,0.0,0.0,0.0,0.0,0.0,Alexander Grischuk,3134.0
21.052925619521393,177.32743970448274,-55.68880147094477,-14.492073102659992,-11.084863002504347,3.9888888888888885,-8.483748754436265,-28.672811916413007,-10.643327931061474,13.69913434724143,0.24130000000000001,0.45409999999999995,18.7,0.08060000000000002,0.0039,0.19363121499579974,-0.24432916211082856,1.8026192202178204,0.6653245972161824,0.8782683515693224,0.7044389691651476,0.7228800602580394,0.8065924974264561,0.4540884072371017,0.5567934027531262,0.9033809251856082,0.9542703277925252,0.8549259964327366,0.6570961397349521,0.4436153006713891,0.6671473307484862,0.7616259353983139,0.8442307635080024,0.00946078431372549,0.0,0.0,0.0,0.0,0.0,0.0,0.0,Alexander Grischuk,3134.0
20.430488562737384,185.07572461460003,-54.78289743275949,-14.99346234419484,-10.93843382533348,3.9984319228499454,-4.967902236675887,-30.09202269076517,-10.393361867336772,12.603853608696706,0.2143528963414634,0.4673574695121951,19.258384146341463,0.0571676829268292,0.0065701219512195,0.1139348426272457,-0.2821717645195038,1.6995169199602174,0.7179533554352576,0.8886110709776376,0.8144611480798378,0.6212048242733497,0.6079130143008893,0.6002215212787284,0.580790566190178,0.8996623408236641,0.8942441943097686,0.873555302351522,0.6868989996646944,0.5277875185350792,0.6056336607741395,0.7859745742637309,0.8457158522247576,0.0476857568582994,0.0512615068209174,0.0555555555555555,,,,,,Alexander Grischuk,3134.0
18.422292954591967,174.45386164802807,-60.305744616321945,-15.860881847009864,-10.7188387224071,3.9877088948787063,-7.809597068366422,-30.54966488710165,-11.08267087003427,11.728199883718656,0.21390000000000003,0.4008999999999999,19.3,0.07050000000000001,0.0,0.08083960751858435,-0.41978226255651147,1.7338506681439445,0.7150273085859429,0.731680175790862,0.683247002667837,0.6504187893685065,0.6066987063355771,0.5881467214328386,0.5914997387602627,0.8459878177966103,0.8799299665754988,0.806501336763519,0.6796160130644976,0.3298972993429524,0.5820070297072104,0.700121535980039,0.748805505338874,0.019607843137254898,0.0,0.0,0.0,0.0,0.0,0.0,0.0,Alireza Firouzja,3212.0
21.499207845398168,217.23991450631593,-57.48646153438234,-16.03166816621289,-10.946089160354122,4.0,-1.2709395531043834,-33.03487300224135,-10.751668220864165,10.548776568394564,0.2153,0.4907,16.0,0.09659999999999999,0.009,0.2106489629151278,-0.33071426606947374,1.5817546451452376,0.9105034279446045,0.9572247360482654,0.8695909798613783,0.5750353583863457,0.6307957768340987,0.7027100830986596,0.7205614705385861,0.8974488636363634,1.0,0.914640605296343,0.5181142766441813,0.5291454820702243,0.7976275014116025,0.788541969311321,0.9102316590219814,0.00235294117647058,0.0,0.0,0.0,0.0,0.0,0.0,0.0,Alireza Firouzja,3212.0
20.282544592133842,198.64790922484352,-63.24038890183425,-14.02586008753824,-11.838909511587802,4.0,-3.7798710290175066,-37.86014508048292,-9.88915513410757,10.153551940899794,0.2116,0.499,16.9,0.0794,0.0071,0.11158731698907765,-0.26753276884729227,2.131721735809987,0.826038909237699,0.9405180563433542,0.8293509923924851,0.6545915868161956,0.47280144006001634,0.8788292571525039,0.6066233279383582,0.9860465116279069,0.8902061504387084,0.8626431395759863,0.6970736214425621,0.7218790051844758,0.5826506982232462,0.7467164297202538,0.8507798281092012,0.00077519379844961,0.0,0.0,0.0,0.0,0.0,0.0,0.0,Alireza Firouzja,3212.0
20.1312977571852,199.38823796057477,-67.70930842141051,-13.763788738496459,-11.087638461146351,4.0,-8.531738575060707,-38.35388342546285,-10.14336075239401,10.171101531149855,0.23019999999999996,0.5252000000000001,17.2,0.0644,0.011199999999999998,0.04462266696460342,-0.6319804691682461,1.5323751828843521,0.8130043260473588,0.7415186703096539,0.8305670141141605,0.6379936257808922,0.6376465783082479,0.5911634858607313,0.5534185633657789,0.9525901639344262,0.978125,0.9479861111111111,0.6597700906409922,0.44631194165200777,0.6114320035166495,0.777423308875824,0.8372150880388587,0.00729166666666666,0.0,0.0,0.0,0.0,0.0,0.0,0.0,Alireza Firouzja,3212.0
22.004271581923756,198.23266934899544,-52.93989834172371,-15.285575221227395,-11.33986810638913,4.0,-5.17391869196217,-26.78891937478894,-10.278795820513213,11.927178873157136,0.20270000000000002,0.5349,16.3,0.058100000000000006,0.013999999999999999,-0.0008626112104372808,-0.41223548784418346,1.5961913868870392,0.837255643005643,0.9432692307692309,0.7926821286821287,0.6400125374625374,0.7258996892337704,0.6793599562523039,0.6163097806705033,0.9431307692307692,0.8553951048951047,0.9108847031963471,0.6080365093604819,0.5374932942431525,0.6654729266482218,0.7970914315414316,0.8628323878823879,0.0013513513513513501,0.0,0.0,0.0,0.0,0.0,0.0,0.0,Alireza Firouzja,3212.0
19.064317877038565,183.91766628704215,-63.387767873633706,-15.927874744034952,-11.1188152032165,4.0,-4.95555904054855,-34.95929292855008,-10.798307486202617,10.372081528918992,0.2265,0.4465,18.5,0.0653,0.0014,0.4149734066955159,-0.23154177604401777,1.9197559081154345,0.7715524757818903,0.8948217317487266,0.6126373074160918,0.6653425213355317,0.6242762607970093,0.49809061060636123,0.6622322516122902,0.9221800848733654,0.9443548387096774,0.8078277959736628,0.6973173432763207,0.39022408961166066,0.6495555831577942,0.7403577277544073,0.8431388632007828,0.01379430809502252,0.0,0.0,0.0,0.0,0.0,0.0,0.0,Alireza Firouzja,3212.0
20.209041518864495,194.3686243644835,-60.09582171621427,-15.772322659030923,-10.926163312944343,3.9967741935483874,-5.096448051766769,-33.2213957621516,-10.754067321171686,11.677801197302667,0.23889999999999997,0.43129999999999996,16.8,0.1044,0.026000000000000002,0.06646070263702991,-0.07526754153411097,1.934647031930448,0.7736796484890511,0.8121925012953414,0.8820653446029396,0.5545422237022972,0.6668645054845602,0.6401727764887426,0.6177985418853168,0.9261579042680281,0.9107943847214115,0.8618608591647563,0.6287846959845476,0.5693663198875741,0.6875934994542925,0.6650630416749775,0.866802002530928,0.00070422535211267,0.0,0.0,0.0,0.0,0.0,0.0,0.0,Alireza Firouzja,3212.0
17.453964773615702,179.34553240590756,-65.67261418032076,-15.011376464022769,-12.092831926250419,4.0,-4.525856692285911,-39.24287894575622,-10.982582341235306,12.18291218922986,0.22360000000000002,0.3738,21.1,0.0546,0.0075,0.17821464754545258,-0.15036035829279673,1.4431812169002356,0.6911665769247746,0.8053692603126679,0.9285282736612569,0.5672110538981523,0.5552191406765108,0.6388954009195377,0.5353276298702047,0.7285778676779323,0.7948031836030551,0.675189709014268,0.5635514932937591,0.6271139289340385,0.6297012617519125,0.8550355531127432,0.9204859982180483,0.01034482758620689,0.0,0.0,0.0,0.0,0.0,0.0,0.0,Alireza Firouzja,3212.0
19.102794685770288,175.55099527691016,-61.85057575623156,-16.814180725994103,-12.313617688591492,4.0,-4.523468928864872,-35.17820111012599,-10.954243758777675,13.933136456122577,0.19280000000000003,0.48100000000000004,25.2,0.06810000000000001,0.006900000000000001,0.19624333057959342,-0.26258269088527453,1.5342630584719177,0.6806215636020774,0.8988275978407557,0.7346824785600521,0.6074169265335768,0.6167836627441579,0.461676842964042,0.44079200091125753,0.7870000142457718,0.8569982137788859,0.8533247759709625,0.6777421465008603,0.5083884690912506,0.5152318264115331,0.5916628553143762,0.6992913215219916,0.0,0.0,0.0,0.0,0.0,0.0,0.0,0.0,Alireza Firouzja,3212.0
19.82592074503269,201.08980645465172,-60.6659525078397,-14.81188992121985,-10.934508183570609,4.0,-10.308850676590096,-30.238133732598488,-10.900133013746089,12.527563019885434,0.20299999999999999,0.49639999999999995,18.7,0.10859999999999999,0.0129,0.05511261425630491,-0.04684704184704182,1.610670122908905,0.7931951126201272,0.8184375351227882,0.7927185766253498,0.5949922391452171,0.671542435405858,0.5721837882360478,0.5997265911967523,0.78604431897631,0.7839159599153662,0.8499708942151585,0.6948462966521967,0.41937581987144884,0.6541386501987074,0.7354532926805613,0.8418968514187768,0.02695035460992908,0.0,0.0,0.0,0.0,0.0,0.0,0.0,Alireza Firouzja,3212.0
19.590776803475013,191.22879411946866,-63.21183297511017,-15.077500541279312,-12.91552761498767,4.0,-5.74007164599396,-34.72408671802054,-10.32952137181517,11.574874916986488,0.2193,0.48360000000000003,19.8,0.07010000000000001,0.021300000000000003,0.0035270300056105706,-0.1695564580347189,1.8726332126124325,0.7656755691565819,0.9733574442435202,0.8953595362195511,0.7128341641507392,0.6974775858301898,0.6549188604299662,0.5197700314042563,0.842865426286625,0.8780173704702005,0.8408224438753106,0.5715663204587255,0.6854565025412466,0.5142275270049964,0.8645227321697909,0.917234073116426,0.0023809523809523803,0.0,0.0,0.0,0.0,0.0,0.0,0.0,Alireza Firouzja,3212.0
18.006473898664176,154.0113355455667,-54.47339746365047,-13.403813818790667,-11.59459039677994,3.989473684210526,-6.963102551488039,-29.144823632175353,-10.178926479751707,12.822385731124706,0.174,0.4984,18.1,0.034600000000000006,0.0,0.09765193336608279,-0.2027709059389498,2.16080641033406,0.5799210360904121,0.8491649089827137,0.8395935345440775,0.6519426001249942,0.6498210120823227,0.5568079169193021,0.5873482278916528,0.9316711590296496,0.9372583556794083,0.9435558370267879,0.8227272727272726,0.5823705808207874,0.5930212300792959,0.8558063079234646,0.9433962264150944,0.0,0.0,0.0,0.0,0.0,0.0,0.0,0.0,Alireza Firouzja,3212.0
21.034438544559958,194.45675462709568,-55.344087233018215,-14.488897142738065,-11.556678911190154,3.990664423885618,-6.610829184531708,-28.459772286066276,-10.183239511323695,11.96466537894607,0.17719999999999997,0.43879999999999997,16.6,0.0482,0.0051,-0.08030760884837228,-0.2220292745710694,2.062334659422592,0.8268434758089931,0.8831877892222721,0.8044637963242615,0.698918393810134,0.6945501053929705,0.6929631276729575,0.6229721014513993,0.9770753512132823,0.9482758620689655,0.9573350361856109,0.6798391166207258,0.5922700773863564,0.5848645230592078,0.8565065867792411,0.7703656182244795,0.0,0.0,0.0,0.0,0.0,0.0,0.0,0.0,Alireza Firouzja,3212.0
20.421596987817107,182.75592500507872,-68.6986947737102,-14.039319099360583,-13.19389836661044,4.0,-5.277617740050978,-41.49313115786929,-10.299862525024308,11.605134115205413,0.24,0.4484,19.1,0.08030000000000001,0.0082,0.263522225851238,-0.17704748810374943,1.9032058280497481,0.7320334112664073,0.9093703976435936,0.7693456457120608,0.7657110877203742,0.6431124090559348,0.7195514001325929,0.6447463410837362,0.8569276573053679,0.9004802955665024,0.9202722323049001,0.589241055832544,0.6192455857359829,0.5099846711580174,0.8392724660220591,0.8206120073742792,0.02717739068610024,0.0,0.0,0.0,0.0,0.0,0.0,0.0,Alireza Firouzja,3212.0
20.30657064397645,182.12332932946367,-54.28064112422915,-13.382980128749562,-11.177520722391138,4.0,-5.645417195729531,-29.72096974357683,-9.481852918146547,11.128099584364456,0.24559999999999998,0.5488,15.2,0.0561,0.011,0.07702792371122621,-0.4719636770039995,1.996304487641743,0.6925538634251793,0.910711177857624,0.7696274746390483,0.8404198541184844,0.7289885504899284,0.6208281006542155,0.5738755389207666,0.9333642113930682,0.8936802104057614,0.9675324675324676,0.6967357413006688,0.7180651962979548,0.6383499661626209,0.8422358327710814,0.8899856561468278,0.0,0.0,0.0,0.0,0.0,0.0,0.0,0.0,Alireza Firouzja,3212.0
20.658227062487054,213.06637415185597,-59.289031071789296,-14.833809643856492,-12.097811603223638,3.9973684210526317,-5.5476240102847125,-31.595637175634852,-10.339564527391648,11.128047467549427,0.22089999999999996,0.5463,17.0,0.056400000000000006,0.0060999999999999995,-0.13141502344908412,-0.3688477361721779,1.6390155427690143,0.8982467532467531,0.9192094257214685,0.8407947579981478,0.6960376519109793,0.7634142598439707,0.6302354586680556,0.6615597289219579,0.9895714285714285,0.9434067796610168,0.9444917373648025,0.6572475574835337,0.5490533027419736,0.6974822886092236,0.8684097619391737,0.8664253711312535,0.0,0.0,0.0,0.0,0.0,0.0,0.0,0.0,Alireza Firouzja,3212.0
21.990153046684725,211.82078029754135,-62.72384520157324,-14.559898688485925,-12.043334663123805,3.998275862068965,-4.0379648180274375,-37.969969628402986,-9.799619325873191,11.68866606027114,0.2224,0.4901000000000001,16.2,0.0708,0.0081,-0.04118954577537955,-0.2761923411292629,1.0021506600807935,0.8787003497174645,0.9462317810167082,0.891104582779248,0.7200221448665107,0.7649921156550092,0.5024783335154112,0.5261913373735181,0.8702308325928302,0.9314966228226094,0.8888979572355862,0.5522768011323647,0.406628922621166,0.6973255545706107,0.8992734679815495,0.8835730905441419,0.0,0.0,0.0,0.0,0.0,0.0,0.0,0.0,Alireza Firouzja,3212.0
19.128724253011434,164.91904601803202,-49.90657716515647,-15.7675311235943,-9.982129651523563,4.0,-5.611324190766291,-26.603198318455327,-10.579908425294589,14.637514544477591,0.20550000000000002,0.44560000000000005,25.8,0.0426,0.007300000000000001,0.24785762355077945,-0.49397934185820713,1.6098816351187473,0.5644377046669667,0.9325178009401185,0.7055848134423217,0.6114974957003314,0.6097993512758362,0.5271744686112421,0.6933914432805034,0.7972673238213673,0.8864719603887767,0.831375731022673,0.6816617011444716,0.3650164310263143,0.7312182939291072,0.7777910686915174,0.8299859634222801,0.00502903600464576,0.0,0.0,0.0,0.0,0.0,0.0,0.0,Alireza Firouzja,3212.0
19.390917986900668,161.56351933513736,-43.869017721176235,-14.013354200914815,-10.639390479980467,3.9985714285714287,-3.2058873857463666,-22.771250891886716,-9.634124703434452,12.396418512215146,0.20529999999999998,0.5233,13.6,0.0451,0.002,0.014852331955251324,-0.5609287402904425,1.8541674161233785,0.6392953997453696,0.939568345323741,0.8626823751083166,0.6038620586648182,0.7514447150890138,0.4914290660750861,0.7874950727676968,0.9388527680529373,0.9621702637889689,0.8505226620842364,0.6770709397832388,0.5640601579934412,0.7056112854077641,0.7914694853742674,0.9254868105515588,0.0,0.0,0.0,0.0,0.0,0.0,0.0,0.0,Alireza Firouzja,3212.0
20.34662449318292,188.4996285410393,-58.92585120503428,-15.3363887029054,-11.609069481121988,3.994007820503757,-5.704198171555992,-31.92594697627928,-10.433281814001676,12.089026120326306,0.2136282961460446,0.4787276876267748,18.850912778904664,0.0637342799188641,0.0072494929006085,0.1123258537647316,-0.2867602724123776,1.6849726810121923,0.7426424474571615,0.8844846652922044,0.8219730708501681,0.6584014023957757,0.6342539595944734,0.6058035036419203,0.6104227235059534,0.8850910888851001,0.8700895932827314,0.8450498522323522,0.6367903248052701,0.5530074598306296,0.6242699959147353,0.8010057865895368,0.8372308557223008,0.0532321604486961,0.0379815633840181,,,,,,,Alireza Firouzja,3212.0
20.625396002713753,184.9205685153296,-53.7595551636039,-13.054544404906006,-10.735320098298072,4.0,-4.774272176174764,-30.750962767116498,-10.484274207478059,12.0398184903695,0.2043,0.35290000000000005,21.4,0.08099999999999999,0.0034000000000000002,0.08576040922410649,-0.17514527342037295,1.3828619218930385,0.6935665454968729,0.9296052631578947,0.7819447233066943,0.47823798503805054,0.5784253931413605,0.5670941402490073,0.6669513992641826,0.8591262498376835,0.8582302550108108,0.9372603694667131,0.4819321252379403,0.41973523914864047,0.7397217222843706,0.8287832594235033,0.7825379913789766,0.00066225165562913,0.0,0.0,0.0,0.0,0.0,0.0,0.0,Alireza Firouzja,3212.0
18.07582844129759,162.98980255466475,-69.65056787069003,-13.24638051472293,-12.582050323426587,3.994871794871795,-9.33023673371187,-41.960962717008286,-10.66813378608515,14.142324409393009,0.1872,0.4854,22.6,0.058699999999999995,0.0046,0.15115673007392985,-0.10947771636530138,1.9494765846287732,0.5472226368062474,0.8133471306426324,0.7706918664542616,0.6191436297670565,0.5619923188921429,0.6094584505879282,0.467500985011593,0.8138676511325462,0.7947967929098859,0.794308092142228,0.6749926294453658,0.4809473094226564,0.6215226367744131,0.6299009148646662,0.7269729324652008,0.0021098212640501103,0.0,0.0,0.0,0.0,0.0,0.0,0.0,Aman Hambleton,2960.0
18.76684697602564,164.3988970819095,-58.46514857589544,-15.244263048119112,-10.49490852089451,3.9985915492957744,-5.5610053209984045,-34.63899306082887,-10.613085893423861,14.088515719073545,0.19669999999999999,0.4857,21.8,0.0518,0.016499999999999997,0.15187123422297924,-0.19050308509856734,1.7301325251126993,0.5559224715171995,0.9179496066823377,0.790252480312865,0.5302435275731457,0.46111089550054096,0.4841478447622082,0.500408419855136,0.8964423433140212,0.7590634039235733,0.8424018689511403,0.6293413583824764,0.41913608250388884,0.5240624326233065,0.7766776976596337,0.6912950144600977,0.00132216093309191,0.0,0.0,0.0,0.0,0.0,0.0,0.0,Aman Hambleton,2960.0
19.853302309226002,198.9569506161242,-73.71639032695379,-13.94534946145512,-12.994702767985586,4.0,-7.706522498244143,-43.47065453603003,-9.951583029974664,10.35242196673577,0.1991,0.5628,17.1,0.061,0.014400000000000001,0.0978482212437475,-0.07475640134137593,2.032578269414425,0.8595458004704579,0.8793022184971339,0.8210953026592662,0.8660343322983064,0.48532256907433774,0.6170043673655224,0.6730368182626135,0.816838888952079,0.8946192018400598,0.8743487045413811,0.5453584735936541,0.6508076591777543,0.7388074338332473,0.8517566563702517,0.7169585119996583,0.00564971751412429,0.0,0.0,0.0,0.0,0.0,0.0,0.0,Aman Hambleton,2960.0
19.432503039018478,162.824128604156,-62.50865195214552,-14.11627951256664,-11.051098652028067,3.998947368421052,-7.834717276763101,-37.26641766150299,-10.537931669685188,14.298845451979407,0.17220000000000002,0.4989,22.7,0.06090000000000001,0.0016,0.019031443630193014,-0.19083439543347044,1.737099923048985,0.5475732137780616,0.9635671945501194,0.765583275283759,0.7064915700024209,0.5780056496658579,0.6169492681953674,0.4491469407068406,0.9158468551754918,0.8412112631479053,0.7568493517324586,0.6449620904647042,0.4233547344214693,0.7402692723271498,0.7716673876586788,0.9341857020347705,0.00472440944881889,0.0,0.0,0.0,0.0,0.0,0.0,0.0,Aman Hambleton,2960.0
21.056099529298685,180.31165474129097,-56.856088145317734,-13.013584680297686,-11.347403992851028,3.995,-3.627647703740874,-36.08778932935663,-9.882013195185559,13.107350756114053,0.22359999999999997,0.41770000000000007,17.6,0.0882,0.0115,0.2628473236224683,-0.11256991375187586,1.241386391478374,0.6520028585739457,0.8208094323998795,0.8908060800948732,0.5789312360539021,0.5547294766387354,0.581967660946882,0.677015412673807,0.8225231481481481,0.9059490740740742,0.8287562104787713,0.4780015528668978,0.7343377940239351,0.6474815651036915,0.771751216770233,0.8501891762452107,0.033333333333333326,0.0,0.0,0.0,0.0,0.0,0.0,0.0,Aman Hambleton,2960.0
20.230034677711608,181.37727648774236,-60.71160063317548,-13.419981612993405,-12.474287325942933,4.0,-7.6259988979833055,-34.395140243324235,-9.563135712364469,12.766943159432865,0.1811,0.5589999999999999,16.5,0.081,0.0126,0.05865715330764933,-0.1629138242709671,2.376517116801696,0.7057300057578336,0.8381873028931851,0.8658904931025893,0.5707701932940166,0.5868106884733543,0.5321839044686372,0.6910739195739961,0.8855429864253394,0.8628942147550704,0.8790840761351324,0.6654971909851732,0.7092576727878639,0.776249594081835,0.9212703962703962,0.881694857937094,0.0,0.0,0.0,0.0,0.0,0.0,0.0,0.0,Aman Hambleton,2960.0
19.351231014891987,188.83511493279767,-65.0049357090848,-14.254696040390822,-12.556035537843643,4.0,-7.001151303739154,-37.17835945494581,-10.282722349862501,12.268028977697139,0.19390000000000002,0.4654,17.9,0.06930000000000001,0.0049,-0.025174672823187954,-0.3831961084406529,1.692544531266165,0.7055031683475926,0.8560287185773514,0.7990288773408041,0.7806686963969508,0.6702172883837838,0.6596549685661992,0.4925603981731201,0.8029095286661949,0.8364902483512869,0.7712739771969817,0.571341976712304,0.5277620436971302,0.5790038016436685,0.9024833366607787,0.904133644133644,0.01563553673645416,0.0,0.0,0.0,0.0,0.0,0.0,0.0,Aman Hambleton,2960.0
17.26456228729922,149.32495469443174,-64.68568211819158,-14.354213467945007,-11.415569166596821,4.0,-5.6337742075208705,-40.26504564271268,-9.760939490445526,12.743859857029335,0.2366,0.4413,14.5,0.07350000000000001,0.0054,0.09351794467497541,-0.05543856877646205,1.6504317610216241,0.43548578087851525,0.8286279098169722,0.8735809415059508,0.6005802342083517,0.7642007799803705,0.5563805115785457,0.4089411402623068,0.899210913323558,0.8930456468965151,0.9123296088209919,0.5191034448949029,0.3077212462772422,0.6187730044262317,0.8433223945964491,0.7773546892841577,0.0,0.0,0.0,0.0,0.0,0.0,0.0,0.0,Aman Hambleton,2960.0
18.867540162451803,177.22548550697456,-56.22579721103715,-13.707677699118353,-11.44435843979559,4.0,-7.287494583362393,-30.698396882174613,-10.260765679488085,13.172896072901882,0.23550000000000004,0.5239,19.4,0.0533,0.0032,0.10312251672853327,-0.3326747401293132,1.7821600396199604,0.6251879210266831,0.9286267182703858,0.7885936325820102,0.5965388865367008,0.440350057081112,0.5794438376470417,0.6466133838559969,0.9143816506927575,0.813820255157687,0.8498248497830909,0.6521750892320209,0.5604163609962963,0.6555857529523694,0.6639094367302849,0.95,0.01016949152542373,0.0,0.0,0.0,0.0,0.0,0.0,0.0,Aman Hambleton,2960.0
19.80053922875897,170.4642423193218,-51.95554131955608,-14.895008127803768,-11.8558722358925,4.0,-3.3599633956637747,-27.768717575865992,-10.308599006114198,12.23261902178415,0.2082,0.5764,16.6,0.0433,0.002,-0.054675327485618076,-0.18481975943715262,2.3713613493958228,0.6572067439948339,0.8306970307287628,0.9439724037763254,0.4898742641458581,0.6112596104940426,0.636286310397016,0.7284753636869016,0.9171122263848638,0.7870898080434404,0.8918361246898844,0.6745982254552709,0.5996167044437166,0.8323500614461936,0.7868547491647672,0.9457142857142857,0.0,0.0,0.0,0.0,0.0,0.0,0.0,0.0,Aman Hambleton,2960.0
18.03892598685463,162.44967011659918,-64.75461072177282,-13.589939002896443,-14.341355451302348,4.0,-5.81506522273922,-37.075578963491935,-9.942954017214825,12.01028193587195,0.19380000000000003,0.6020999999999999,19.4,0.04820000000000001,0.004399999999999999,0.08695144166020422,-0.16309443669941087,2.078149943910567,0.6088587215685278,0.9044095012047327,0.8359801136363636,0.5179997227946003,0.5302549284634683,0.5237429265156174,0.6811755448852223,0.9101157176157176,0.8300222358286874,0.7940001745436528,0.7100772202961588,0.4914206010727141,0.6294889661871166,0.738107644264727,0.9478265355251393,0.0,0.0,0.0,0.0,0.0,0.0,0.0,0.0,Aman Hambleton,2960.0
18.408473546636312,166.01447304001044,-59.63472926924576,-15.487074101465089,-11.529886005046519,4.0,-7.251155511473344,-33.094203362689306,-11.027897856104616,14.755487567533109,0.21200000000000002,0.46299999999999997,23.8,0.058499999999999996,0.0054,0.15710105677641645,-0.4099707287085638,1.595634471785464,0.5677711376265793,0.9906862745098038,0.7398663547098397,0.512520789138142,0.5741952447811999,0.4776170670580354,0.4962211027252786,0.9495670995670995,0.9008029802015749,0.8516257227727557,0.5088568383439751,0.462877360670985,0.6637501276120013,0.7159351490743682,0.7658509302559526,0.02436651732707307,0.00784313725490196,0.0,0.0,0.0,0.0,0.0,0.0,Aman Hambleton,2960.0
19.069334795001247,180.43571606514223,-66.39535734189796,-14.919820626390017,-13.111033656704512,4.0,-8.421720828299224,-38.492199088607244,-9.551737102667554,14.101153960770585,0.22609999999999997,0.5446000000000001,17.5,0.0881,0.0035000000000000005,0.08567215562218362,-0.08962746003990524,2.292260108366256,0.7450996565048008,0.9463831993777546,0.7560436674991176,0.6314780926684859,0.5048630051536789,0.5393672738217239,0.5989919184542627,0.9047181695094583,0.7567929818953846,0.8022196905187873,0.7703691867137555,0.5951337590732966,0.7754297428674758,0.6868909966642345,0.7887005813550013,0.00512193680228334,0.0,0.0,0.0,0.0,0.0,0.0,0.0,Aman Hambleton,2960.0
17.417571022482015,150.86192126211927,-59.43685229144793,-14.101233265637944,-11.144836955268925,4.0,-5.837972418020842,-36.81981374108397,-10.64658698193411,15.113591070497865,0.2117,0.41480000000000006,21.8,0.0805,0.005200000000000001,0.17617706408596384,-0.22526906430010948,2.306769660870864,0.5269945941501905,0.898696434719567,0.6808317148640134,0.41251664997959586,0.4344243677195049,0.562588067466774,0.36566263822639733,0.8808245269273058,0.9452954738651711,0.8595256405977306,0.7016880058241722,0.5092672155392137,0.5988279496400217,0.7743178866456186,0.7779309989789367,0.02768033601801611,0.00787401574803149,0.0,0.0,0.0,0.0,0.0,0.0,Aman Hambleton,2960.0
20.568904673885726,185.37422019591617,-59.51712021135016,-15.330500584068067,-11.607068611303486,4.0,-0.9688467965742593,-36.45129847059363,-10.156297616521126,10.996891867710405,0.22199999999999998,0.4962,16.6,0.0422,0.0,0.062479982840312295,-0.22472964768778084,1.7664269344659367,0.6966810787880771,0.9236509968904336,0.7930945240022267,0.696139762405352,0.5187613213657414,0.6542272292030963,0.6164036699780513,0.9967213114754099,0.9417927718514496,0.8261051262385584,0.5798329273524125,0.42126084601721125,0.6983180486081855,0.7267215875835479,0.9085258055317936,0.0019912555840699503,0.0,0.0,0.0,0.0,0.0,0.0,0.0,Aman Hambleton,2960.0
18.62466116543118,181.3229585276893,-54.99001676135445,-14.612839825369411,-11.203547508711747,4.0,-6.080989336934623,-30.333390515087768,-10.044704039832475,13.285454464581576,0.22009999999999996,0.4883,20.2,0.048600000000000004,0.0086,0.016807269754183174,-0.055535263792446055,2.054924690178265,0.6228734537433558,0.9148232740389602,0.8138557432130874,0.668310260640741,0.3333910790665673,0.42856273368372,0.717711951511245,0.9228134319460359,0.9643956043956043,0.965100167343237,0.8460220374621997,0.43260019775085556,0.5728971607665359,0.670927603146912,0.7388659963898212,0.015473775717183419,0.0,0.0,0.0,0.0,0.0,0.0,0.0,Aman Hambleton,2960.0
20.015248157697794,174.00255473888632,-59.409562665632066,-14.31601758882178,-11.764960856616481,4.0,-6.548129918698011,-33.36129417185017,-10.199791224086146,12.780631094440523,0.21009999999999995,0.5408999999999999,18.6,0.0793,0.0129,0.06555556986660933,-0.176035076035076,2.040161938965323,0.6668654771566376,0.9455128205128205,0.780457726923413,0.5103358349236663,0.5497665843057857,0.6901025048196405,0.6879603984387191,0.8818970472135327,0.9176661520053946,0.8352044917315855,0.6296824162739343,0.6177084251811353,0.7420757255470639,0.7045149819476697,0.771201620795842,0.01149425287356321,0.0,0.0,0.0,0.0,0.0,0.0,0.0,Aman Hambleton,2960.0
19.28538741804084,174.23076559693158,-60.46340946378928,-13.958111578284754,-11.936318178004228,3.9980279388996456,-7.309393954308613,-34.51845134778704,-10.206951471906876,13.467789127602597,0.2072892277422528,0.4933300541072307,19.998524348253813,0.0631421544515494,0.0105597638957206,0.1160018408189439,-0.2558622785564529,1.9462308363196128,0.6539088447763962,0.8699965016640492,0.7995184418226251,0.5929097405290108,0.5398267721260239,0.5600591410206,0.5716299182684325,0.8601893083080877,0.8489088426025287,0.8379949587574583,0.6611797808787525,0.541099096125052,0.6501990663100617,0.7848890965702293,0.8230762871884912,0.0680899210703951,0.0980459184201882,0.1102196116426466,0.1207056638811513,0.053853296193129,0.0074280408542246,,,Aman Hambleton,2960.0
18.44180066972825,170.1367841002113,-63.55114574519164,-13.036975225955889,-12.126020350284817,4.0,-10.705929227232613,-35.818833752367695,-9.168009488664707,13.30462229931408,0.2223,0.4971000000000001,16.6,0.0891,0.0366,0.2749885837481527,-0.21493241235888294,2.20386414362341,0.6131028264190276,0.9295051353874882,0.84812204778246,0.6323689994438952,0.6230321854303279,0.6137380630438145,0.6261376651761819,0.9471746575342465,0.8533752582475891,0.8764906950922662,0.5619145559098078,0.50717588988588,0.8861476494396016,0.9436628409231149,0.8421332990804615,0.0,0.0,0.0,0.0,0.0,0.0,0.0,0.0,Aman Hambleton,2960.0
19.593765133171914,174.83324258825255,-64.30957324359784,-15.102478279447373,-11.300154206337316,3.995238095238095,-9.113987582706427,-35.947575563353226,-10.396437958850722,13.55582225185914,0.2021,0.5421,16.5,0.0548,0.002,0.15162672156690105,-0.5068245480010186,2.2603649009680913,0.5815636614280224,0.8123266148977593,0.9722891566265061,0.6359652064365535,0.4241950565151441,0.49734285672776013,0.6823732715750178,0.8077304094803959,0.9172151803865359,0.8172659065827055,0.7145566828000182,0.6140442275831655,0.7478248330427318,0.7547024150096161,0.8096903086990013,0.0,0.0,0.0,0.0,0.0,0.0,0.0,0.0,Aman Hambleton,2960.0
19.290322230283387,177.5743598824582,-67.94814930650331,-13.503077957733604,-13.176545051327873,3.982857142857143,-8.869675942960013,-39.038556148538476,-10.665962274350322,13.322810925549842,0.1984,0.5232,21.1,0.1016,0.0068000000000000005,0.0319109936412349,-0.38747110323370615,1.9478043006596077,0.7098304885421524,0.7864627224045764,0.7751878708188518,0.5746188950633518,0.4547379707584446,0.592636209920747,0.620440836273181,0.795106784690401,0.7891562971299432,0.7443151145640526,0.6554100890771917,0.5950046796456725,0.5709890121644606,0.7359944915179458,0.7364313050747145,0.0037037037037037,0.0,0.0,0.0,0.0,0.0,0.0,0.0,Aman Hambleton,2960.0
21.37301015187638,187.80201730681998,-60.44239781008794,-12.460188563983632,-12.428847228615151,4.0,-9.466991768509796,-32.57024770647161,-10.076362180408669,12.560239637900928,0.2283,0.48980000000000007,16.7,0.030300000000000004,0.005,0.08538274537325771,-0.3634637333290085,1.60396366280427,0.7566725499891415,0.8279779114424978,0.8824036582816006,0.47250692522087184,0.6870906903796815,0.5194676597938299,0.6902476158002631,0.83287349817947,0.8103731817953701,0.9002849873897295,0.6209571840618155,0.5628719389743344,0.6700991202667173,0.9338628173063668,0.9018256798964319,0.0,0.0,0.0,0.0,0.0,0.0,0.0,0.0,Andrew Tang,3106.0
20.959215203020747,209.2663678924527,-58.17786250295817,-16.429392306354153,-10.114163522943887,3.976708939065883,-8.112612758969727,-27.852638312536953,-11.417573977717455,11.77180943649813,0.2141,0.338,21.0,0.1011,0.0128,0.049128834069181074,-0.4534029824023228,1.6024638566767357,0.8720843321421888,0.8190594611828471,0.7179658183300441,0.6798115536330065,0.7008665826803602,0.4731392930562303,0.5124654048522168,0.9135656213704995,0.8396360820751065,0.7660941439762327,0.7763992237019333,0.43935186543289595,0.6771877432568616,0.6665280925614029,0.7701244524649671,0.03478260869565217,0.0,0.0,0.0,0.0,0.0,0.0,0.0,Andrew Tang,3106.0
20.42469184103638,193.02419215724103,-60.49186942823204,-15.155816608334083,-11.63841496957148,4.0,-5.934847782284154,-33.31296902196332,-10.900055215366443,12.450234169287425,0.211,0.4205,18.9,0.0638,0.011600000000000001,0.15229866352900667,-0.2520603272706258,1.7123192872828288,0.7348373169824118,0.7981788997233343,0.8574763896210426,0.6824979693904824,0.5823855666337542,0.6380208199550684,0.6789180581073028,0.9368015510041758,0.8751303578122751,0.8260505143946402,0.6349953285385158,0.4195963758122593,0.8280548428582216,0.8579479424476377,0.8854689435394096,0.0351063829787234,0.0,0.0,0.0,0.0,0.0,0.0,0.0,Andrew Tang,3106.0
20.42333830368016,203.60006359214037,-56.077079203686296,-13.525571910329907,-11.597037660543645,3.9825009531071287,-7.937018762476673,-28.89414043539129,-10.599837760957211,12.494026372905294,0.21020000000000003,0.3506,19.0,0.079,0.0162,0.10305428328367491,-0.2563689509300619,1.8528017933205547,0.8477950616261539,0.820600358981892,0.8283462448080352,0.6091795414959147,0.6432837813143245,0.5660797847380306,0.6566185617514706,0.9140571728297928,0.8493798028482399,0.88711914348745,0.7131359126151009,0.6020566473538418,0.6614135541974754,0.6343341713863746,0.9281057925516836,0.0,0.0,0.0,0.0,0.0,0.0,0.0,0.0,Andrew Tang,3106.0
20.15582314781438,182.56936438537826,-55.18766698947799,-13.75106398364064,-10.09035253271296,3.9891304347826084,-6.078662482307477,-31.54901299557223,-10.140744408794102,12.433038978766811,0.2262,0.394,20.1,0.0981,0.016800000000000002,0.3716295138196818,-0.8475125412473622,1.0498793035956946,0.6481616550694412,0.8237715371048704,0.8867369901547117,0.704987945152725,0.5919706865377101,0.5772171593563209,0.6606466254040833,0.9407407407407409,0.7935658821933332,0.8815038464767133,0.5606667633694271,0.5071824555832027,0.6797543227255686,0.8809332806411192,0.9282903588785942,0.0,0.0,0.0,0.0,0.0,0.0,0.0,0.0,Andrew Tang,3106.0
19.228864679190526,207.50500184489684,-73.17721777319962,-12.222723957411148,-13.671634580497383,4.0,-10.037479162482265,-43.297153747501945,-9.453615257178564,11.505388931871678,0.2102,0.46630000000000005,13.4,0.056499999999999995,0.0046,-0.06497142407693547,-0.28364874753405045,1.6351523571789213,0.9788888888888889,0.9257911132972618,0.8068538638729722,0.6201846427821038,0.4667675263619583,0.7086825020845823,0.49371902630846193,0.9625355291597331,0.7978952582506917,0.7588921331316335,0.6265298315775345,0.5153236441491766,0.7634856850214737,0.8259841754429017,0.9668789808917196,0.0,0.0,0.0,0.0,0.0,0.0,0.0,0.0,Andrew Tang,3106.0
18.783454043194087,189.3445772548464,-58.80140332597274,-14.710974614052043,-11.091506937910095,4.0,-6.163018834391042,-32.55324479725356,-10.619763643530986,12.337105501164988,0.20670000000000002,0.4544,21.5,0.0434,0.0097,0.32828446503970254,-0.1110559910836278,1.6689590805039576,0.7626361622626213,0.8095517475216438,0.8121918247316859,0.5015959611409845,0.5533750280472671,0.6315841400728622,0.5211969350809695,0.8598244728444913,0.9779264695301821,0.7900495969343525,0.6944389754120539,0.39628883456547803,0.53954746691,0.8142518358508484,0.7254434399814889,0.00074626865671641,0.0,0.0,0.0,0.0,0.0,0.0,0.0,Andrew Tang,3106.0
18.23209251152813,179.80961763729374,-66.76813588511752,-12.324858090990631,-11.8794429895309,3.994277597402598,-12.506860016857352,-36.50205486084252,-10.231251033191077,12.68205350889237,0.21020000000000003,0.43200000000000005,19.8,0.042800000000000005,0.008799999999999999,0.09897709405298702,-0.24100217921968392,1.5195159437938206,0.7458278069537492,0.9157698170052322,0.7961166361979147,0.7326703661211996,0.5014256547419415,0.5264073849815498,0.5527660966032009,0.8231357878086325,0.7288429158040178,0.8183693685233964,0.6088108632574004,0.476608149069867,0.5259925542310577,0.7629252176227024,0.8844075000513045,0.0,0.0,0.0,0.0,0.0,0.0,0.0,0.0,Andrew Tang,3106.0
19.376999295108515,190.39121236508194,-66.40071889676695,-11.84638837427453,-12.930720462357494,3.9944444444444445,-10.810683402021201,-36.51371189327939,-9.885560993107713,11.591901783828936,0.21790000000000004,0.3132,17.6,0.0223,0.0028,0.1756365455091629,-0.4495470857752181,1.326461748057108,0.7449046011947708,0.8133281181653373,0.9000262932523178,0.5593816806265816,0.7022801902219618,0.6320629227825065,0.59492674034,0.7623481379176253,0.7701700618554036,0.8019469432093855,0.5153774456942382,0.5511882550507641,0.5151149565341706,0.8689561491092889,0.8841765613177348,0.01126760563380281,0.0,0.0,0.0,0.0,0.0,0.0,0.0,Andrew Tang,3106.0
20.775782760554996,192.8085595200448,-63.132252099241285,-13.959941272655266,-11.96987692400568,3.9700928381962868,-7.336811148011942,-36.55244001129213,-9.779388099087551,12.496112517614995,0.2004,0.5597,19.4,0.05800000000000001,0.009,0.21256982786863196,-0.1980948072881757,1.7543323067284053,0.8018138961999796,0.7748818669393145,0.7242579489152453,0.8740942692704039,0.3818581673112661,0.6491679062487618,0.5126163400562972,0.9091457968606212,0.7962122909307204,0.8207556269458485,0.7769090392743524,0.5378513709291682,0.5389047207899578,0.7273648750548218,0.919778071807053,0.0,0.0,0.0,0.0,0.0,0.0,0.0,0.0,Andrew Tang,3106.0
22.035625129944016,214.78935853727452,-59.515718794557856,-15.757511000351556,-10.13032954371582,4.0,-5.944725182583154,-32.32863603437327,-10.96221217636852,11.607695142834462,0.21539999999999998,0.35900000000000004,18.7,0.059699999999999996,0.014800000000000002,0.13325257430907586,-0.20870582848524025,1.6799198103667918,0.9010749299719887,0.9885714285714287,0.7585326164424389,0.7201320316279122,0.663369815858833,0.40614733181031043,0.5681411964473145,0.9525718304199315,0.936984126984127,0.8821428571428571,0.6775582384852675,0.3216152623382228,0.553216448168663,0.7596943094506879,0.7927303368350543,0.0,0.0,0.0,0.0,0.0,0.0,0.0,0.0,Andrew Tang,3106.0
19.268712933124224,193.5545838171685,-57.69191068363021,-11.596417023836377,-11.307596658945222,4.0,-9.835203790385242,-31.064774078967627,-9.798584283995575,11.91066515249983,0.22549999999999998,0.4694,16.0,0.05,0.0089,0.2034335758327694,-0.4335730237504431,1.5214710938702876,0.7903018386108274,0.8331771000535045,0.8497207792207793,0.7038291486291487,0.6565271793565912,0.6749075985995352,0.48636753628247353,0.8097818231412415,0.9099660130718954,0.8933436337694765,0.7578069009421952,0.4356453771021517,0.7346200836616565,0.8562616161616162,0.9011998913695543,0.0032,0.0,0.0,0.0,0.0,0.0,0.0,0.0,Andrew Tang,3106.0
20.636653455201902,195.01799931382214,-69.28600192817201,-15.314743238183343,-12.11221556420578,3.996875,-8.366049645601855,-38.317943227467104,-10.742884406142732,11.570959153428799,0.2292,0.5466,17.5,0.0227,0.0,0.34075863249839894,-0.7481248173016212,1.6964158196041292,0.8201592012638523,0.9410000000000001,0.7840437043864111,0.7749062713230581,0.6070839224096188,0.5360263445310662,0.4668431801055003,0.9181169590643276,0.6127024330728432,0.8205699585835149,0.5978316507883521,0.6879967733306076,0.712575942521687,0.7504967113143384,0.9216851210804698,0.0,0.0,0.0,0.0,0.0,0.0,0.0,0.0,Andrew Tang,3106.0
19.84697331365,192.6823782423376,-61.258527311452596,-13.245024921567815,-10.959385825720162,3.997435897435898,-6.266141007041879,-35.93253282747988,-9.86210071918391,11.009222092105148,0.19459999999999997,0.3752,20.0,0.082,0.0046,0.05401781237821489,-0.31963233985081596,1.4919585312845824,0.7223827436442603,0.9767889087656529,0.9137994434506063,0.6158363229941575,0.5770877668861905,0.596992480193832,0.5833391027701539,0.9117278499581296,0.9797774552491534,0.8908200290275762,0.6316137645012697,0.307080014785005,0.6102955120873534,0.7720001611992148,0.698076918285032,0.0094017094017094,0.0,0.0,0.0,0.0,0.0,0.0,0.0,Andrew Tang,3106.0
20.47087292024454,194.8627789874209,-61.709742567234116,-14.80829600466904,-12.892741563243112,4.0,-8.36175377236062,-33.28803874824884,-9.80887834345,13.449965864737482,0.19319999999999998,0.4071999999999999,18.4,0.019799999999999998,0.0,0.052713970794495066,-0.5091560283225075,2.2463796481893405,0.8586398368713309,0.9595238095238094,0.8297272510498646,0.8328274518868289,0.606584821885739,0.6175954455316697,0.4464609459442393,0.8762069676355392,0.865994560994561,0.8485809158466597,0.7457924187713137,0.7223509482414616,0.6818285315996039,0.868932178932179,0.9850467289719627,0.00101010101010101,0.0,0.0,0.0,0.0,0.0,0.0,0.0,Andrew Tang,3106.0
17.750353621734437,161.17770174915523,-65.4276304677218,-13.860286863339189,-13.915391969720224,3.996875,-6.903985584981226,-36.399070198888516,-10.34923433496108,12.003463484168424,0.217,0.40549999999999997,19.6,0.06100000000000001,0.0036999999999999997,0.1969356593847873,-0.35903800826765936,1.1961197014322014,0.6077632968125444,0.9013175675675675,0.7609454616968877,0.7464935883215638,0.6634141615546321,0.5041356301582021,0.5325899879695404,0.9293467852257182,0.7618206944910478,0.6765808489748298,0.58339711585214,0.49089556805728113,0.7163628745024094,0.5982352366627268,0.9103013610363325,0.01680147058823529,0.0,0.0,0.0,0.0,0.0,0.0,0.0,Andrew Tang,3106.0
18.150767721899232,170.45737669084232,-78.14819835832614,-15.83887676626133,-14.533439784304544,3.996875,-8.779616849555776,-44.241779724574556,-11.258259251099421,12.50689901746949,0.197,0.39309999999999995,23.0,0.0701,0.0043,0.1570291550141346,-0.09352875850158457,1.5027342149542124,0.6694121241685096,0.8768427465985734,0.6726435720189777,0.6499964459582241,0.5275242483031186,0.4177857632662138,0.4706960587768817,0.8241194874502386,0.7388386793616293,0.7065010578032302,0.7381529439596825,0.35478126637901664,0.5888497122314422,0.6134076011938913,0.8739545568718802,0.0010695187165775401,0.0,0.0,0.0,0.0,0.0,0.0,0.0,Andrew Tang,3106.0
18.82565003710627,173.03151110614655,-57.09071420448275,-14.286295224296742,-11.378358430889062,4.0,-5.559929283620784,-31.925483845356087,-10.195772624331566,12.255125204011494,0.2009,0.3657,18.2,0.04989999999999999,0.0018,0.13466273245263885,-0.641499950902177,1.51160797998415,0.633418139050492,0.7974237677527152,0.8328099660916998,0.7728775047621796,0.706051171051171,0.5038505362886168,0.48382898594353707,0.8654716429081754,0.9829445408392777,0.7862646520146519,0.7700258650018712,0.24959268870104784,0.7614170665935371,0.7941563768189155,0.733761988871122,0.00178571428571428,0.0,0.0,0.0,0.0,0.0,0.0,0.0,Andrew Tang,3106.0
18.938656049832524,181.75691094852863,-65.04907467675667,-15.99113957937487,-10.1545137393281,4.0,-4.930188683865155,-39.71262475269829,-10.734522977022978,12.473915055532704,0.21280000000000002,0.4269,21.1,0.0493,0.016599999999999997,0.19913992053697932,-0.3039487310075545,1.2400356669474317,0.7476415083178608,0.8716411351079859,0.8057354301701286,0.6697835028542531,0.5096404695856455,0.3644471376817257,0.6149241068071806,0.8769696508137915,0.7588419815363858,0.8747621816973373,0.5789004394273873,0.3543414402943411,0.515961453318858,0.7479023388697921,0.8586090957389949,0.0,0.0,0.0,0.0,0.0,0.0,0.0,0.0,Andrew Tang,3106.0
20.56205422542745,194.68848492054343,-62.65447531842802,-14.07152111281936,-12.150962429675404,3.997773869232651,-7.385988483432182,-34.89937786573458,-10.205659623429458,12.061260327430311,0.2135058139534884,0.4218875968992248,18.489664082687337,0.0568559431524547,0.0086686046511627,0.1461501933196064,-0.3545178604074295,1.594893916809413,0.7715179621144039,0.8923885525440284,0.838743655103172,0.6905534331554444,0.6109924317802083,0.5872794041444482,0.5713790457510405,0.8923141947964032,0.8624878087856137,0.8390350358610477,0.6779111869070086,0.4975780382642762,0.651200422879724,0.7996282189804097,0.8649980338125246,0.055295768271569,0.0426543683782423,,,,,,,Andrew Tang,3106.0
21.928036835058116,211.65606347521242,-54.232917695686794,-13.970370674625993,-11.008553600471636,4.0,-8.094362348085753,-27.61982491610151,-10.874343832960854,13.334537676558952,0.20550000000000002,0.5538,16.8,0.029400000000000003,0.0077,0.11600515760090228,-0.5069227305397519,1.5951514303641963,0.9134291412877735,1.0,0.9070809871287062,0.6694822650973039,0.8413747229614212,0.5125848449114596,0.4635975666275633,0.8876944114922987,0.9193301435406699,0.996078431372549,0.7606572772316207,0.5540667543902578,0.8133223139889629,0.7092966856488248,0.8877853331938488,0.0,0.0,0.0,0.0,0.0,0.0,0.0,0.0,Andrew Tang,3106.0
20.116735413462557,198.4441995782254,-66.24158029069824,-14.595178355715134,-12.31250511868762,4.0,-6.959830331036811,-37.82485379620005,-10.169925450970641,11.620712761912031,0.24940000000000007,0.3983,18.9,0.06080000000000001,0.006,0.1717757446405026,-0.5715273098958007,1.670024435415788,0.7772061066787095,0.8458599671106561,0.8444769711163154,0.7416265092484196,0.582319210877223,0.6688895373068632,0.5601348700548503,0.9842201393895698,0.8377894736842105,0.8492187075262694,0.6773852460739297,0.516773232561267,0.35098948790330314,0.6962176660728613,0.8724965650787568,0.0,0.0,0.0,0.0,0.0,0.0,0.0,0.0,Arjun Erigaisi,3183.0
19.259938020550813,174.00633638924046,-53.701510064321134,-13.498568561622301,-11.829843387473542,4.0,-4.622985741713132,-29.670313011591595,-10.122435950259248,12.042636588338684,0.23399999999999999,0.41480000000000006,17.4,0.0719,0.014000000000000002,0.007212981842927043,-0.3440060442129166,1.5417254895193462,0.7772728557800438,0.8280858919549164,0.7438127201745262,0.5061433365705363,0.5401856774028702,0.551906638595878,0.6193503444455746,0.8258967074468984,0.7351413549082801,0.8738440860215053,0.875133141260695,0.4944071275657701,0.33635534302839215,0.8109871766928218,0.7908871283625842,0.0024462365591397797,0.0,0.0,0.0,0.0,0.0,0.0,0.0,Arjun Erigaisi,3183.0
16.90024466769394,159.25414460886626,-57.35632700250551,-13.523640330223149,-10.841361868531546,3.997301136363636,-5.349634593962369,-33.601617828078794,-10.112000835476397,12.074627317403108,0.203,0.41790000000000005,22.0,0.095,0.014199999999999999,0.16084032151047634,-0.36797873291161604,1.679276354137898,0.6022163214425275,0.7914389043064962,0.8078267694837462,0.3981726263822467,0.6867689647467607,0.5520379902520138,0.7140361634380927,0.880110125110329,0.7307542781167573,0.7119625603864733,0.6250389112429622,0.6113658351181999,0.5790963242292786,0.6646847657173744,0.7977675909361956,0.01395256916996046,0.0,0.0,0.0,0.0,0.0,0.0,0.0,Arjun Erigaisi,3183.0
21.097288614163613,202.24279456654455,-71.25813401500712,-12.310378510378511,-13.14167415542224,4.0,-11.974068986568987,-39.101343101343105,-9.7710347985348,11.040365537240538,0.2112,0.3887999999999999,15.1,0.049600000000000005,0.0086,0.07148199023199023,-0.16193986568986568,1.778252442002442,0.8583534136546185,0.7986560615200188,0.9949490268767377,0.7454980246732072,0.7512903601023986,0.4120640210701133,0.7729840108963473,0.8373039215686274,0.9616666666666667,0.744435340006104,0.7264927412735618,0.7053350044123263,0.39260646843107494,0.8677785518379281,0.8375991975775825,0.00083333333333333,0.0,0.0,0.0,0.0,0.0,0.0,0.0,Arjun Erigaisi,3183.0
20.607370889773343,200.14958724884264,-69.07823243772832,-13.666905032775162,-12.256169797263302,4.0,-5.720959543357508,-42.74013090324366,-9.888971275895553,11.19490411480687,0.2271,0.3562,20.1,0.08109999999999999,0.0039,-0.0030626382658725075,-0.5127315256777392,1.7727359681739459,0.8068668710027996,0.928108407079646,0.848398415393322,0.6356315572941017,0.6098921232780865,0.4374908739157588,0.5648304484916149,0.9167094871062899,0.8557082087533994,0.9760184722618709,0.7188542527457668,0.2903600773951884,0.5461940322118346,0.8468631899474636,0.9720588235294118,0.0,0.0,0.0,0.0,0.0,0.0,0.0,0.0,Arjun Erigaisi,3183.0
20.273897685272278,191.7547372031264,-53.39048764246532,-12.880408365967316,-11.527298831562097,4.0,-5.904424176174535,-27.67926629221685,-10.06391711807788,10.664827141533378,0.20379999999999998,0.3318,18.5,0.051000000000000004,0.0125,0.05770670133517268,-0.15515375418460065,1.3766100921602633,0.8230704857795864,0.8211823506508896,0.7645370547035522,0.7821200502319281,0.7116951575539853,0.6406781204364969,0.5721892419835746,0.925917401866769,0.8212816495988499,0.7810988197577281,0.8627824552355794,0.6195634878457303,0.5220707785533447,0.665252356589137,0.8314684661743484,0.006896551724137929,0.0,0.0,0.0,0.0,0.0,0.0,0.0,Arjun Erigaisi,3183.0
19.65209652899907,188.25452287832445,-63.404840067993305,-15.15931929497367,-11.952554565688157,3.997674418604651,-8.02176362475068,-34.881217871226305,-10.057031534561789,12.669372404602644,0.211,0.39960000000000007,18.2,0.0397,0.0047,0.06424605302555741,-0.1980331913442253,2.469866453453548,0.7745271525896349,0.9022696106236028,0.807876406328176,0.7017664670364013,0.7370319031292225,0.5300903780395936,0.5999192680396059,0.9224045000327991,0.8451234534951306,0.9788235294117648,0.6725774018211736,0.7947599926835835,0.46799874801735325,0.6352838250389361,0.83295946767561,0.0,0.0,0.0,0.0,0.0,0.0,0.0,0.0,Arjun Erigaisi,3183.0
19.17181007988299,171.90853453972687,-73.22564765189675,-13.924508864857836,-13.813948937519521,3.9952380952380957,-8.940864571434066,-42.02451645657463,-10.24952090469833,11.732473987949536,0.22929999999999998,0.5078,21.6,0.0454,0.0016,0.17660799222826076,-0.1216178343524669,1.930928100863905,0.6823930422168374,0.7674862515015775,0.7818238178654845,0.6252576480864633,0.7060860730983575,0.6413768624706789,0.5461873613809889,0.8112236339179111,0.6628933701953723,0.822421240517626,0.8425453885257805,0.4763745633901255,0.5807449583708444,0.7918593022885192,0.9019413163163164,0.0,0.0,0.0,0.0,0.0,0.0,0.0,0.0,Arjun Erigaisi,3183.0
22.90047435472409,197.56954128440873,-51.192400448232036,-14.30644512728288,-11.151858749890762,3.996825396825397,-3.9565729713131623,-28.189267759137852,-9.794564055558222,12.209482818125448,0.2239,0.3976,17.3,0.026899999999999997,0.0,0.1976685413602169,-0.11278377918621818,2.1227714468369294,0.8009450621465461,0.8688433775682849,0.8242735594352613,0.7912261735178402,0.8837878171211504,0.7349982337718187,0.44981714360030145,0.9876712328767123,0.965784832451499,0.7824163793346184,0.7149318674279366,0.4530666927430054,0.633884091087126,0.8566382909227113,0.8880070546737213,0.00079365079365079,0.0,0.0,0.0,0.0,0.0,0.0,0.0,Arjun Erigaisi,3183.0
21.93482402903947,205.78234627172668,-57.008730363685274,-12.808452898461628,-12.47347039618284,4.0,-7.9479174249765405,-30.202824972425994,-10.129275402725336,12.553210731087058,0.2211,0.47700000000000004,15.2,0.0944,0.0089,-0.03460231132662979,-0.19963428631016653,2.140865953406562,0.8495194060125337,0.9538169200264376,0.8447663623327765,0.7226577440310444,0.6043286157462435,0.636686878067105,0.8269840501097765,0.678423487728684,0.7446170255046375,0.9089935009314974,0.7482087744834413,0.6120904006657455,0.6384445019989844,0.8504655724046314,0.9523693651418365,0.01764705882352941,0.0,0.0,0.0,0.0,0.0,0.0,0.0,Arjun Erigaisi,3183.0
18.04584345700615,170.3274916725667,-69.38885477884489,-13.801704296781423,-14.940556224471129,3.9939393939393937,-11.157617296943114,-36.41101300291569,-10.239822124435998,13.167918772763077,0.1969,0.5405,18.5,0.030300000000000004,0.0,0.1753345462681563,-0.10067312956695798,2.0178442575725275,0.6553477430018438,0.9175263613412158,0.8380423327740468,0.6441558898386524,0.6799972450199447,0.5936602046743855,0.6795648203228707,0.7481868763386464,0.6550870872867244,0.7113325661996602,0.548074776193842,0.800272550896872,0.6197738595392858,0.7123368046026172,0.9435647058823531,0.0,0.0,0.0,0.0,0.0,0.0,0.0,0.0,Arjun Erigaisi,3183.0
19.98974791344981,186.6321612157127,-61.47805808938142,-14.34964311134734,-11.98485476764438,3.995393632501993,-7.349822652795096,-33.9312340089998,-10.198671052310385,12.340773871213589,0.2203885754583921,0.4349188998589563,18.959097320169253,0.0626904090267983,0.0076678420310296,0.1295346296042934,-0.2866302104082574,1.979523123252942,0.7472442813131714,0.8783710855885035,0.8274079436172536,0.651733027695225,0.6211055212661359,0.5756876016268895,0.6174433176054657,0.8720978688844091,0.8432312981763582,0.8140018105106928,0.6898711771698153,0.5749765391969291,0.6114339453904694,0.797727408294714,0.8625418456071112,0.0423041171427028,0.075491645442598,,,,,,,Arjun Erigaisi,3183.0
19.839054771758402,168.95017546094897,-67.55223663970199,-14.152563983945882,-12.701447260342983,3.98974358974359,-9.580501026319137,-37.43724251961235,-10.573674834768916,12.903449395543685,0.2344,0.34099999999999997,15.6,0.0259,0.0009,-0.039048364509734576,-0.6254528569691529,1.449439472197009,0.7169091794823534,0.8019203972065417,0.6365549898914762,0.6768791374086922,0.5528361193133959,0.49863135412347787,0.6655254806008034,0.801770956481928,0.8163739927382672,0.7644974493862586,0.6371433087406758,0.45248497849081853,0.6924031713393723,0.6881531386477879,0.867360960729744,0.0,0.0,0.0,0.0,0.0,0.0,0.0,0.0,Arjun Erigaisi,3183.0
21.242446096115238,207.67728645242155,-62.81794093397301,-11.916711823382697,-12.220222954833606,4.0,-10.27021653405994,-37.51778185396409,-9.564199128024189,14.671191360291512,0.22979999999999995,0.37510000000000004,19.6,0.0893,0.0178,0.09341105567806034,-0.27887197373936895,1.6845404590215014,0.7611729891885721,0.9273405683343571,0.8051593867921252,0.6735193642459596,0.6371364143103273,0.5077258675495092,0.5589190433055735,0.8306479933110367,0.8116973843137754,0.9315428222571078,0.6745709501145549,0.5870383231711764,0.4481018993510496,0.7935122984240344,0.8342270910593893,0.00530973451327433,0.0,0.0,0.0,0.0,0.0,0.0,0.0,Arjun Erigaisi,3183.0
18.86440886352461,169.79545536481123,-71.84950735380713,-16.041881491350892,-12.012380543726149,4.0,-7.6944112585817495,-42.84996351939084,-10.976845935194245,13.72597539443675,0.2109,0.27830000000000005,23.5,0.0795,0.0093,0.11612145616237454,-0.4914782817002922,1.8761079726188712,0.6326588679264524,0.9079042133665421,0.7842645469422128,0.4600585986227128,0.4979457641336945,0.5142720650745338,0.5670439379554744,0.8384550839766554,0.7531974576083772,0.8034611026757551,0.6535352403437719,0.4089744764546408,0.5612246325919179,0.8139585811683743,0.8977032639003959,0.0,0.0,0.0,0.0,0.0,0.0,0.0,0.0,Arjun Erigaisi,3183.0
20.754554254800023,184.58448403970164,-55.77538550512037,-15.370968295142344,-10.95719893566869,3.996825396825397,-7.881229243940768,-29.15775221734126,-10.106592214303738,13.701530004451039,0.22610000000000002,0.3589,19.5,0.0394,0.0029000000000000002,0.11127314369457804,-0.1829325477995905,1.4770399627530975,0.6612535966719826,0.9181411691207805,0.8064507246434957,0.6851857970231464,0.8172528829419405,0.6184340461176612,0.4632569234692771,0.9336544890376016,0.9236304525461152,0.874315635758515,0.5519596034012921,0.555232857174184,0.48327082146854383,0.6923338164495465,0.795106973189165,0.00079365079365079,0.0,0.0,0.0,0.0,0.0,0.0,0.0,Arjun Erigaisi,3183.0
18.62804035884012,182.84047857086273,-63.93791899666654,-15.550330420589535,-12.18585079383006,4.0,-7.725784114492437,-35.2309314741179,-10.38654450781919,13.14152231418258,0.22479999999999997,0.3569,21.5,0.09040000000000001,0.0039,0.07649773805142668,-0.09717669255557397,2.4618148333394023,0.7603348962761063,0.8559839514163874,0.7280180098892512,0.4094235348974187,0.5897662907199261,0.6432389629743482,0.6309831848553068,0.8219487903474786,0.7625619522301598,0.8265349766202481,0.6618794840609106,0.5286347789550941,0.5673662758430951,0.6870875864163872,0.7614102311219885,0.0,0.0,0.0,0.0,0.0,0.0,0.0,0.0,Arjun Erigaisi,3183.0
20.245993093171847,165.43106937069484,-65.21191730764158,-15.811574418963781,-11.658257681285956,4.0,-7.378726754528033,-37.44052720634532,-11.086486865400873,14.163655618882382,0.2186,0.4734,21.1,0.0835,0.0017000000000000001,0.23249799569640853,-0.2970734909659797,1.7766788514369938,0.5912576618948113,0.8812262468566893,0.7910586391054526,0.5417531831480504,0.4972459017207937,0.5322715874990906,0.5354719880538985,0.8144522810040875,0.7870196135940105,0.7276909809059685,0.5386901166215239,0.6696582494926202,0.6577446882480815,0.6423037446670675,0.897286927925459,0.022880203908241283,0.0,0.0,0.0,0.0,0.0,0.0,0.0,Arjun Erigaisi,3183.0
21.11099666275618,190.65000419932812,-66.37860920539057,-15.618824543628573,-11.753259883504303,4.0,-5.061011238201887,-40.211687907712545,-10.642576787713967,12.908751155370695,0.21030000000000001,0.3189,20.8,0.0877,0.007299999999999999,0.18046292593185093,-0.13196790735704506,1.719432357489468,0.8006372549019609,0.9250210332359895,0.7523342821836797,0.5899769262443364,0.692837665439287,0.41689392055940433,0.5110215433138002,0.8913151395737309,0.9266239316239316,0.8654015435961618,0.542182847294131,0.5433299988928473,0.49648938183980107,0.7594433890577508,0.7686859763985916,0.01503267973856209,0.0,0.0,0.0,0.0,0.0,0.0,0.0,Arjun Erigaisi,3183.0
20.336103237277047,201.4022984476809,-56.28043013649109,-10.76475862525393,-11.791296347720735,4.0,-9.618490027123215,-31.33394214845431,-9.500588568727405,12.728645580788495,0.20380000000000004,0.41319999999999996,16.8,0.06890000000000002,0.009999999999999998,0.06407136254975195,-0.5101100890946404,1.9171220889095628,0.8739892191041616,0.8316149029073296,0.8763299725617305,0.7462752451089165,0.6598170879471648,0.6442358112589918,0.5883245504295221,0.8282086031964806,0.9049893489548662,0.8101650839480454,0.6843224281201986,0.6607983923338947,0.6176582985404662,0.8287602509436504,0.8399675122751274,0.0,0.0,0.0,0.0,0.0,0.0,0.0,0.0,Arjun Erigaisi,3183.0
20.5332071524169,189.21252295128008,-55.27668309670902,-13.548767861712577,-11.64942284080836,4.0,-6.815095408458172,-28.430954079365996,-9.569656987960645,10.73721408159673,0.2192,0.5889,14.5,0.0762,0.0103,0.09566870286771373,-0.6365378592941382,2.3167297836503513,0.7802307233828973,0.9441558441558442,0.9181305014939836,0.7007846194450708,0.5847399942142711,0.6251250250348244,0.6604403597115642,0.9931987577639753,0.954214340198322,0.8577573856709041,0.6190705188531275,0.8242857142857142,0.7461304333817054,0.8496700021290184,0.9189610389610389,0.0007142857142857101,0.00642857142857142,0.0,0.0,0.0,0.0,0.0,0.0,Arjun Erigaisi,3183.0
19.793908908718162,178.06821059495837,-64.50286967790285,-14.308718548285844,-11.535367798613677,3.982692307692308,-7.862650109391458,-36.58485160100953,-10.370579100665966,12.17660517237132,0.2311,0.5039,23.1,0.07,0.0071,0.4083657744087207,-0.33481543311508466,1.2619664191519795,0.6173138458728935,0.7723434341230712,0.7323343323343324,0.6594339983665073,0.5496324877065544,0.7103854820762863,0.5758631512718274,0.8474605178904355,0.7586251252599396,0.665629640157684,0.7660660269962596,0.394720925519191,0.7267989053865401,0.7517203219728544,0.7552731022913549,0.02300404946110467,0.0,0.0,0.0,0.0,0.0,0.0,0.0,Bibisara Assaubayeva,2854.0
20.176406026279974,195.0876050280252,-64.33778396132038,-14.447438276009706,-12.175834584833197,4.0,-6.369265608341238,-37.247506158640604,-10.491551613652453,12.39381228015682,0.2122,0.39749999999999996,22.3,0.12350000000000001,0.008299999999999998,0.24082728662560599,-0.2653935886708995,1.1214216782284008,0.7098711512688003,0.9442135642135643,0.798489454166706,0.8206709956709956,0.5061717686512799,0.5106891749842978,0.679485693323476,0.9902597402597403,0.7888724733522642,0.9020075571621963,0.6315851359093273,0.3747115122377376,0.5464699976471973,0.7256982165918128,0.7295851667387392,0.00103092783505154,0.0,0.0,0.0,0.0,0.0,0.0,0.0,Bibisara Assaubayeva,2854.0
18.80546058265488,181.20225022906544,-68.38657290294509,-15.549357268934187,-11.203371517005559,3.9956521739130437,-8.904487730637012,-37.59370785554049,-11.285703284678863,12.154402579937972,0.22289999999999996,0.42940000000000006,24.7,0.0706,0.005,0.033162803911649066,-0.12369131208874214,1.3576590673744169,0.6780363395265339,0.8036944539290765,0.9140109890109891,0.5845287060769755,0.47437323653699126,0.5374596947501948,0.4183861541028933,0.9145843616950355,0.7532915694132558,0.7311306269568325,0.6753138823646345,0.4898424125047943,0.3458610231491228,0.7327441834721953,0.8627167753290859,0.0,0.0,0.0,0.0,0.0,0.0,0.0,0.0,Bibisara Assaubayeva,2854.0
18.137258429379294,177.01717565529165,-57.38141757544493,-15.757053281364685,-9.507313420687952,3.9899999999999998,-5.174022318864248,-31.664755873052496,-11.268258018246962,11.999985336771426,0.22879999999999998,0.5221,18.2,0.058800000000000005,0.014500000000000002,0.1028916661586865,-0.19819170747395176,1.4865531415041637,0.6888476898063989,0.8116325365158801,0.6932790624929172,0.7766385780118499,0.4299718827961416,0.4633935753371444,0.5614687963673598,0.8487150041223674,0.8409464394400488,0.7270462507467926,0.7238627831721927,0.5737122967237684,0.391812280810437,0.7061418075439543,0.8919702771980447,0.00086206896551724,0.0,0.0,0.0,0.0,0.0,0.0,0.0,Bibisara Assaubayeva,2854.0
18.031576976629108,179.69452218817167,-54.541165609887614,-15.366487536921408,-10.180755670748775,3.9821960784313726,-5.725597977897566,-27.955369810690208,-10.623582146818972,11.32843145475794,0.244,0.4709,19.9,0.0714,0.0177,0.09337791146408257,-0.11398721337058573,1.440253848956567,0.6619596098333396,0.7901749993764179,0.8631774247195508,0.6528254339444235,0.5585690196659985,0.5571552235709369,0.6378615031414241,0.7883052811343085,0.7348956232348609,0.7744374539517441,0.6824181067611417,0.45401514580051483,0.3503700983634649,0.8103412404422459,0.8884796486999604,0.023841059602649,0.0,0.0,0.0,0.0,0.0,0.0,0.0,Bibisara Assaubayeva,2854.0
20.305879937120224,186.18511821808542,-58.65499240106131,-14.259249132260388,-10.809557305172085,4.0,-6.148870520272256,-34.41485331780004,-10.144058212378152,13.121596086821611,0.2081,0.4311999999999999,19.8,0.0816,0.0070999999999999995,0.08011334668638467,-0.1020071646780478,1.7561468121436796,0.7494277916239702,0.9820754716981132,0.7698388661681225,0.7014029161587754,0.6297152567950434,0.7552276609133405,0.5861163198053786,0.7465984645922628,0.8995957977207978,0.9384206186208613,0.6101655257841634,0.456288505482034,0.5793103084918231,0.8030473738672128,0.8079727673717073,0.0,0.0,0.0,0.0,0.0,0.0,0.0,0.0,Bibisara Assaubayeva,2854.0
20.754199549133652,183.90702280854006,-58.12415399706539,-15.815405375059331,-11.18810938964691,3.9780952380952384,-4.566200650075214,-30.421969109352677,-10.393563359159126,10.282998648132624,0.24380000000000002,0.4944,14.7,0.0573,0.0049,0.16702826585308356,-0.3115268501355389,1.6006770230949716,0.7628290354640669,0.7369374133827521,0.7476351274482116,0.7296652663643945,0.6535883020414268,0.5370149812105744,0.7301118516504953,0.9532285471537808,0.8304166993301803,0.764852222206734,0.7067500504850461,0.5864457398730547,0.5372538395181492,0.8470718154051488,0.7624189388475103,0.0,0.0,0.0,0.0,0.0,0.0,0.0,0.0,Bibisara Assaubayeva,2854.0
19.101944158601846,169.34094301236672,-69.0972659905176,-15.037764453986801,-13.052903917221892,4.0,-8.59279686642846,-38.071744833599624,-10.228161105768878,11.886105186488056,0.2319,0.49030000000000007,19.7,0.0374,0.0053,0.1612414819377383,-0.16431583321827223,1.8826055703608169,0.6592281402893916,0.8311206623820633,0.7947554627415394,0.7366345892781869,0.5630449864618402,0.5700277875243301,0.5291620314379324,0.8316678231130069,0.71872011583479,0.6806329282875226,0.6549313670564932,0.41601066284623267,0.64890637826166,0.9170761418183716,0.8472196392569021,0.0,0.0,0.0,0.0,0.0,0.0,0.0,0.0,Bibisara Assaubayeva,2854.0
19.468804784479893,192.23682569792066,-56.60547740724064,-12.36070934054018,-10.841679404802814,4.0,-9.707960462766426,-30.34910910735569,-9.937251854948475,12.591232763172945,0.25939999999999996,0.5088,15.8,0.07880000000000001,0.0021999999999999997,-0.04138983123291744,-0.19545536342313866,1.0838650219887542,0.6854991394212873,0.9256196581196582,0.7498620206152025,0.7994132795820864,0.5448616023608206,0.6129601591887031,0.5791415091262657,0.8874812164808233,0.7829902712692605,0.8047618203189497,0.6843097168264509,0.5333386836228777,0.5250733164828814,0.6728941161203104,0.7127724807445226,0.0,0.0,0.0,0.0,0.0,0.0,0.0,0.0,Bibisara Assaubayeva,2854.0
19.49885984591972,184.5089356103269,-60.40733955419712,-15.305485788299602,-11.299045500158831,3.993778448201176,-5.986997759818029,-33.1294553720803,-10.555679082506895,11.875545500465371,0.224136186770428,0.4834591439688716,19.56809338521401,0.058,0.0074513618677042,0.1290711504371905,-0.1900589277764656,1.5415430553508596,0.7043921847293267,0.8575703211238961,0.799613919438564,0.678860373531245,0.5845083898510826,0.5409055463481681,0.566859173004471,0.878904028437542,0.8482730875872975,0.8029357771985229,0.6597796474191916,0.5254482741130616,0.5099916324081359,0.7674874364991974,0.8019054008056181,0.0430463833487871,0.0543012443286464,,,,,,,Bibisara Assaubayeva,2854.0
18.086177099960246,174.05232238379574,-61.32841906539674,-16.320178508390015,-12.325080134164294,3.9856459200043504,-6.414124922118214,-30.01227742124549,-11.11737522209878,10.874971222615708,0.2156,0.43679999999999997,20.0,0.0617,0.010199999999999999,0.05572345153093307,-0.07624622761121258,1.6696572374231446,0.6652252948095353,0.7999455179709105,0.8989986438945776,0.6497201125336306,0.617019343716646,0.509559155175763,0.6931930056387572,0.8913190996358822,0.9269956371434382,0.8176625461936304,0.49703305539906734,0.5810812950776787,0.5058126483697782,0.7328348733699495,0.836486716303628,0.0073170731707317,0.0,0.0,0.0,0.0,0.0,0.0,0.0,Bibisara Assaubayeva,2854.0
19.709884140955705,167.91789476116242,-48.75771093982429,-15.964964004714062,-9.486202237834938,3.9899999999999998,-7.086890243845876,-22.98044235653919,-10.670542774331397,13.441330677441169,0.23000000000000004,0.3669,19.0,0.09119999999999999,0.0025,0.28676958486204024,-0.3259368273511822,1.6188188436264657,0.5815210113161247,0.8541239125092563,0.6148813707710653,0.7281837749293332,0.4860286837964923,0.42209149416750724,0.8103886164889633,0.8909104679211766,0.8388361219590843,0.7095298521346117,0.5683210675684874,0.5823725027096911,0.5139323262313382,0.8896342928546538,0.8148769403650042,0.01769911504424778,0.00176991150442477,0.0,0.0,0.0,0.0,0.0,0.0,Bibisara Assaubayeva,2854.0
19.249673161339185,157.94860659134835,-62.72252556092883,-16.374025319160356,-11.91715790098133,4.0,-7.44139702817656,-33.762578715104844,-10.755887595515045,13.528520998009299,0.2122,0.4927,22.4,0.0541,0.0102,0.2226020948241906,-0.24813642191532376,1.401642429842069,0.5629322964416041,0.8366759427973157,0.7793454268864105,0.6641311897722952,0.5235192370361255,0.4130306160438753,0.5439626711828324,0.8856603944505255,0.7461901164288576,0.8468669592299543,0.5738606594195433,0.34116834133145957,0.5907170759026577,0.8390537413690161,0.7413477935068268,0.0,0.0,0.0,0.0,0.0,0.0,0.0,0.0,Bibisara Assaubayeva,2854.0
17.85435146897976,166.4683718871697,-51.30220030046538,-14.629085053878546,-11.549167666160027,4.0,-5.201079740684518,-26.600761195239528,-10.42186419763431,13.099757553131553,0.23810000000000003,0.45200000000000007,21.5,0.045000000000000005,0.0,0.08280901450300354,-0.2563871930538597,1.3299554329640741,0.5694191373989457,0.8620059863410245,0.8918253053181358,0.48166938426558153,0.6279455928797676,0.4877202430916805,0.4826759530221575,0.863070741153526,0.90251244332373,0.8023381020262702,0.7402720818027304,0.42899124114020176,0.3511263737471455,0.6819149131865594,0.7817931300655119,0.0,0.0,0.0,0.0,0.0,0.0,0.0,0.0,Bibisara Assaubayeva,2854.0
19.48685086810626,181.29787427133877,-67.82552457579399,-16.38162074466198,-12.563377271775186,3.996551724137931,-6.303739779620612,-37.59092403826528,-10.798999972641985,11.816585507033118,0.2234,0.5696,16.6,0.0679,0.01,0.11867283884440427,-0.20809973105484875,1.6405103909369108,0.6742785562544228,0.8890184809556005,0.814456713322494,0.6420985254546923,0.669559515477152,0.536482831098807,0.6085191503740377,0.8272881082823075,0.807333933434889,0.8216934993041619,0.647526323247785,0.616521869625157,0.5377015748911097,0.8092336078594297,0.8368603218899662,0.0,0.0,0.0,0.0,0.0,0.0,0.0,0.0,Bibisara Assaubayeva,2854.0
19.32209915422073,194.23413969037603,-57.256831730651086,-13.574767596225604,-12.017708482039165,3.996551724137931,-6.152462817135943,-30.119109498134787,-10.56945416960191,11.180119108348404,0.23569999999999997,0.48649999999999993,17.2,0.06889999999999999,0.014599999999999998,0.08336538025610687,-0.211830344601278,1.136836355368617,0.8000815376741194,0.8398483438047954,0.764780971193848,0.7094991296713484,0.637893083114591,0.5533944619726431,0.5749424085876365,0.8452273328562766,0.7561473590778027,0.8602754701085935,0.6964069052675446,0.37944950648068243,0.5640862794116916,0.6807376370917728,0.613159088693999,0.0,0.0,0.0,0.0,0.0,0.0,0.0,0.0,Bibisara Assaubayeva,2854.0
20.06080931072514,199.2476565486303,-65.53506706774638,-16.98594011723629,-12.553822591354614,3.991836734693878,-6.117526232511625,-35.50767717578999,-10.675174721248059,12.313237035700322,0.2072,0.5075000000000001,21.1,0.0434,0.0081,0.020147446530418164,-0.25363146351436744,1.5254932331833935,0.7290586936453746,0.7903699131810251,0.8072354208910009,0.5695607832853115,0.5716801655119577,0.7005544098542228,0.5001967891148605,0.8848557643609223,0.797390763234936,0.7625655726981238,0.6738987001360679,0.42942164982452147,0.5936426903677235,0.7199733205503979,0.8205266515615974,0.0,0.0,0.0,0.0,0.0,0.0,0.0,0.0,Bibisara Assaubayeva,2854.0
20.043925400780545,188.60138697626303,-58.70260732528428,-14.935417676917131,-11.613889347317635,4.0,-2.9496929343865035,-34.30851629372866,-10.159040811826552,11.263949738892206,0.23699999999999996,0.5072,15.3,0.0372,0.0043,0.17989469371802128,-0.2785572584042445,1.5793674313374342,0.7477138109114069,0.9226610644257704,0.8093679138400972,0.6925437224982928,0.5760320963254417,0.6009319302719247,0.735654958901346,0.929545238510163,0.8932270287984924,0.8854604988981125,0.6224387353277254,0.6447591272975145,0.2723898407776718,0.7932617510599089,0.8151788441221033,0.00425531914893617,0.0,0.0,0.0,0.0,0.0,0.0,0.0,Bibisara Assaubayeva,2854.0
21.011177449569004,189.73740555123132,-53.53029329357897,-15.451342546054562,-10.162582288554422,3.994642857142857,-5.930591721830695,-27.28678513669138,-10.71587975714397,12.022245299553193,0.21020000000000003,0.4546,16.7,0.0671,0.0047,0.05349573067413531,-0.19084349682844892,1.5866515435887814,0.6962975804372026,0.9494439830195646,0.7967536542420709,0.6493340311389286,0.4806079152678088,0.5829775125204497,0.4673880492219277,0.8698751381280422,0.9152957684323061,0.7762161204992545,0.7651489919215203,0.601497107816354,0.40943886455315737,0.7011727434739342,0.8446444332366664,0.0,0.0,0.0,0.0,0.0,0.0,0.0,0.0,Bibisara Assaubayeva,2854.0
20.098346123375315,201.00914428172894,-53.5012315985947,-15.360793744426866,-11.68476681300319,3.9876521739130433,-6.120569765511645,-24.94351278140936,-11.32644531628738,11.947204648130704,0.20459999999999998,0.5113000000000001,19.0,0.0507,0.008299999999999998,0.054251663913345724,-0.35243032305516075,1.700121461619816,0.8359897688518378,0.7749731908957915,0.7364219281616619,0.6678524176282286,0.5345022883742767,0.4782276219960296,0.513560017952677,0.8652620461571414,0.8818571428571429,0.8168599861557247,0.7143338837252418,0.6287271133370861,0.37617052693775,0.7567886751440147,0.9267339901477832,0.00120481927710843,0.0,0.0,0.0,0.0,0.0,0.0,0.0,Bibisara Assaubayeva,2854.0
20.007429903853705,185.50576787525463,-55.76948381434788,-15.399390568689949,-10.982795471434857,3.9917808219178084,-5.668044538545098,-28.325562079054187,-11.264957838935747,11.879485860394158,0.2217,0.44959999999999994,23.0,0.0635,0.006500000000000001,0.258037626220846,-0.47012682408994977,1.0321303628358809,0.6566897711181554,0.7883034673139622,0.8155715452133088,0.6270721975202277,0.6108084248313476,0.5187435203493691,0.5298592333285788,0.8550270188873664,0.8667831934398151,0.718554005964051,0.6300306547151647,0.38591957280355726,0.5715987714366517,0.672874250170076,0.8188425244391379,0.0,0.0,0.0,0.0,0.0,0.0,0.0,0.0,Bibisara Assaubayeva,2854.0
21.903171900522793,208.1797013666228,-54.66267985888449,-14.888968279529234,-11.254950525215051,4.0,-3.4562278976433674,-30.7473912589125,-9.540770555489205,11.225628657904887,0.2204,0.4796,15.3,0.0639,0.0155,0.05140757406013443,-0.06842444547721609,1.5418113300573173,0.7716952975993138,0.9180039138943249,0.9399719002458727,0.66616485843644,0.7852659772701565,0.8256110997185466,0.554605293824474,0.9505649717514124,0.8593359360443953,0.9467091836734693,0.6532973212909347,0.40508819061152035,0.6588559157046918,0.8679005961491223,0.9044957264957265,0.00507356671740233,0.0,0.0,0.0,0.0,0.0,0.0,0.0,Daniel Naroditsky,3073.0
19.749465229035803,184.4967447801733,-58.72503441608164,-15.42810956580147,-11.461279125008902,3.995150380451409,-4.844282315784115,-32.51659321107027,-10.470648240864856,12.00072766199656,0.2121960869565217,0.4371786956521739,18.599565217391305,0.0697947826086956,0.0088543478260869,0.0870351838447899,-0.2683187306417741,1.4703192827995764,0.7236640346166487,0.8865786312635157,0.8220699874351478,0.6370814479327398,0.6240636806799772,0.5509271155203799,0.5667109267974256,0.8826610280890492,0.8694082327108661,0.8248277688947502,0.5429559801259343,0.4894083672777264,0.6401432799992601,0.7874750854055005,0.8330667077274853,0.0462495390245399,0.0543804151242819,,,,,,,Daniel Naroditsky,3073.0
20.611862241938887,181.375585594882,-69.31262961541489,-15.937818311970696,-13.31559223245419,4.0,-4.8042162778825555,-40.84036149577473,-11.206763722634935,12.79212242530222,0.2158,0.4753,21.0,0.05890000000000001,0.0032,0.1124199266799131,-0.28534447949459646,1.530121817047929,0.6948374127186183,0.9062075424768375,0.7756516062507928,0.5289277648022954,0.4053952242653745,0.4613913870744284,0.497737407237303,0.9305498914241092,0.8987015294691556,0.8331398358281964,0.6481634276236904,0.3794950608848189,0.8081951765728361,0.718237491297775,0.8051041561460834,0.00113636363636363,0.0,0.0,0.0,0.0,0.0,0.0,0.0,Daniel Naroditsky,3073.0
18.708199412292412,171.28344531144643,-58.84831383628011,-16.730016820606476,-12.10923413199165,3.993181818181818,-6.557703810031607,-28.949595487775515,-11.397527952923783,12.902582548867084,0.18980000000000002,0.4163,19.8,0.0602,0.0121,0.0054957113668855475,-0.13962275248989842,1.6432370042440332,0.6141099086472603,0.8723749796634745,0.6993906759134553,0.6036490500830989,0.48764384119332344,0.509279611812314,0.6256469070221427,0.8398253972632409,0.8203178117946578,0.8597724563752323,0.6120406317942564,0.37768141101222164,0.6227258643956555,0.6734557557488859,0.5709261790312894,0.0077680433875677805,0.0,0.0,0.0,0.0,0.0,0.0,0.0,Daniel Naroditsky,3073.0
20.086438630920306,192.30325731006218,-58.090807525620846,-14.507105822871457,-11.100914018484286,3.9981132075471697,-9.43885543607974,-30.18277427364424,-10.254901445936447,13.395630263848167,0.22290000000000001,0.5428000000000001,18.4,0.05399999999999999,0.014099999999999998,0.15081033248417294,-0.4170497288549774,1.616223147855644,0.8301324138580306,0.8948392211963068,0.8844654571003897,0.4884468436670756,0.6599552465799957,0.647447768604143,0.4939949874524176,0.8942994781212364,0.904876671060064,0.7706865429833114,0.6937656398029336,0.6288467782861049,0.7044257412847877,0.7927528994490054,0.9001082137453071,0.011,0.0,0.0,0.0,0.0,0.0,0.0,0.0,Daniel Naroditsky,3073.0
18.91697399595926,172.67493463297916,-45.85176753624326,-15.007754470480165,-10.011016874001397,3.9894202898550724,-4.424887840390703,-21.75998215997494,-10.191452880918696,11.553906399667573,0.269,0.45729999999999993,13.0,0.1232,0.0261,0.1733838749698166,-0.4447856336210373,1.1106861460507202,0.6157322910758842,0.9199513381995134,0.8729463602959431,0.6875848567483811,0.8058641325451956,0.6776844227324681,0.6377592462220043,0.9376003649635036,0.9243197278911565,0.8259326822206032,0.5795957057528885,0.5405089881402477,0.7675806523043228,0.8795114214079283,0.9206812652068127,0.0,0.0,0.0,0.0,0.0,0.0,0.0,0.0,Daniel Naroditsky,3073.0
18.29245387044052,169.87633907311326,-64.94947388287815,-13.377464773515943,-11.03658309426991,3.9859906759906765,-5.194826030476753,-40.35317478066365,-10.053106093017103,11.07969021307453,0.21820000000000003,0.4737,15.8,0.054799999999999995,0.006899999999999999,0.016935421209614783,-0.3133520496312487,1.4054768766643073,0.6366530844461376,0.8771419935230826,0.8496721968831856,0.6273758309656343,0.6282811379672879,0.6018053682199519,0.5480228507724967,0.8435463917113054,0.9502939735423812,0.9098847053132306,0.6359926820959364,0.46510521129209836,0.6140019370545395,0.8243283760609585,0.9233453976442976,0.0,0.0,0.0,0.0,0.0,0.0,0.0,0.0,Daniel Naroditsky,3073.0
19.24420461087127,179.656491070448,-56.77497923559589,-15.098252131831392,-10.58881321750745,3.9986301369863013,-6.488954367281761,-30.290627979033324,-10.82460696613854,12.517645289210286,0.2225,0.45949999999999996,20.2,0.09730000000000001,0.0172,0.19793099097542569,-0.21890261442319012,1.79059301369021,0.6634929574372475,0.9777633477633477,0.7603874509836983,0.6658641289843491,0.7226375574923228,0.5171466984666484,0.5561935302607491,0.9673407544836117,0.8854532010432632,0.7204476847695861,0.6009038989120952,0.5819375450748647,0.7502564687814773,0.7595284630503867,0.8751784276171979,0.0,0.0,0.0,0.0,0.0,0.0,0.0,0.0,Daniel Naroditsky,3073.0
19.52629842151027,197.04666894020312,-59.64776373738978,-12.612005248827774,-13.079474865249773,4.0,-4.178474498015133,-33.69649024864287,-9.437313546647319,9.35599466999309,0.22560000000000002,0.5532,13.6,0.0788,0.0154,0.1138000979486754,-0.07265009027192858,1.4596873446618535,0.9167675704132666,0.8123200080813833,0.8139051653022525,0.7436888599257778,0.9044419303594722,0.6066414543175195,0.6853398513506304,0.8659806308677723,0.7862569622479159,0.8723583931037423,0.8230437549489904,0.479186519566883,0.6236335984420611,0.7782333791685311,0.8912579734392972,0.0,0.0,0.0,0.0,0.0,0.0,0.0,0.0,Daniel Naroditsky,3073.0
20.820563975056608,196.51564988766367,-58.405091383679405,-14.313267484142694,-11.788175009904664,3.9938775510204083,-4.587665608815522,-34.64425143269615,-9.96790621488311,12.902296815742327,0.1907,0.42800000000000005,19.0,0.0506,0.0036999999999999997,-0.07138068356149378,-0.7020924643894503,1.3008659189861471,0.7845164342402834,0.8954741127748285,0.9437676587635927,0.5667428210460548,0.6215702168046562,0.5097896384245106,0.4762029920480105,0.8456998260743607,0.9430609910402048,0.9289613493285422,0.6723902752590398,0.3421065141998926,0.701811359335246,0.8335819907419586,0.9265326301911667,0.00515622004983707,0.0018018018018018,0.0,0.0,0.0,0.0,0.0,0.0,Daniel Naroditsky,3073.0
21.790292721269356,204.45913128169428,-62.940734761730674,-16.114492284713855,-11.272390770027588,4.0,-7.242792231572804,-35.75246146052028,-10.724143278671553,14.16554526377541,0.2234,0.38120000000000004,20.4,0.07110000000000001,0.023,0.12768162433313185,-0.19491117612937503,1.3141829695644258,0.8245998690156467,0.8933144976873473,0.813492161353367,0.6489934591772409,0.667704830694524,0.5466532595742948,0.5028947346442724,0.7139935363433055,0.8515917426014177,0.8783972882502754,0.7541824285349301,0.2924481009506759,0.6992965346315472,0.6703098088860464,0.753747984876249,0.0,0.0,0.0,0.0,0.0,0.0,0.0,0.0,Daniel Naroditsky,3073.0
20.616181747213524,185.35136901137523,-52.64190382158974,-15.306836429347214,-11.687385999688079,4.0,-3.6556669508264683,-27.36470793216561,-10.266692192700116,11.639385683137757,0.22219999999999995,0.3781,17.2,0.07860000000000002,0.0075,0.04843531912711303,-0.3916537732427211,1.8362912121317365,0.7507384443406926,0.8812430323299889,0.7910028567447045,0.6463125927033415,0.6560926773689216,0.5675618204705444,0.8430718307870091,0.8769463008235517,0.8780636638393293,0.8043872046195787,0.7827200704007099,0.5302770726086976,0.6621943211508738,0.957469068742833,0.8710172226080827,0.0,0.0,0.0,0.0,0.0,0.0,0.0,0.0,Daniel Naroditsky,3073.0
19.864985928281623,184.7241005979103,-53.491879750380974,-13.531902513956016,-12.25245985669573,4.0,-6.937392181105329,-27.54074667160334,-10.136751644638974,12.907373117618409,0.2037,0.5144,17.1,0.0388,0.002,0.08639098660707399,-0.07599009359841495,1.2541110751145463,0.6856141456582633,0.9660421545667447,0.9204490280960869,0.6384368207741338,0.7371164881386381,0.5924245715879314,0.5572722992375072,0.9046031746031746,0.9641558441558441,0.8733781512605041,0.6425460012800874,0.5595182212744306,0.693450075152012,0.8384160937102114,0.9212765106042416,0.00710186513629842,0.0012195121951219501,0.0,0.0,0.0,0.0,0.0,0.0,Daniel Naroditsky,3073.0
18.947622142587583,153.89912846953322,-56.892495480316335,-16.4971571200149,-10.511022789240064,3.9925261996690566,-6.307765096169513,-30.255123853488772,-11.221094991784295,13.907142170712145,0.2061,0.38360000000000005,22.6,0.049499999999999995,0.006900000000000001,0.00613037972142168,-0.11814275680725786,0.9326783319769708,0.551054926783013,0.838758825874856,0.7719417159234789,0.5572036693247875,0.6257417023690832,0.4919388362162037,0.48043941159101794,0.798589096802952,0.7586595107777242,0.9416945516945517,0.4491632617281273,0.3603651060228867,0.6673767578909163,0.7282689791877869,0.7437809455785863,0.0007092198581560201,0.0,0.0,0.0,0.0,0.0,0.0,0.0,Daniel Naroditsky,3073.0
19.493743209548988,185.03199756181002,-67.06459253652811,-15.73524837392292,-11.532127083749064,3.9957142857142856,-5.3057271797984145,-40.3953997681336,-10.594143927391897,12.5023395107535,0.21600000000000003,0.323,18.4,0.05840000000000001,0.007000000000000001,-0.016778563838102306,-0.10820236067720886,1.5977659409068123,0.707538191272574,0.8820210409745293,0.7391170759596107,0.5344681576100109,0.6478359083835692,0.5689075491369818,0.6362313548487606,0.815451747894695,0.8888851802403204,0.8678646646232535,0.3582036691922865,0.3915454879611118,0.7746574575974821,0.8298782421169202,0.8266078045581242,0.0034285714285714197,0.0,0.0,0.0,0.0,0.0,0.0,0.0,Daniel Naroditsky,3073.0
19.920618335868433,173.993718312758,-69.75179601280593,-15.089301228672403,-13.228879628215182,4.0,-6.03762681016839,-41.42910225775479,-9.914593754817009,11.947707666821849,0.2021,0.5154,17.1,0.0641,0.0064,0.09553579098646023,-0.598242008752101,1.2933004236810068,0.6365727789772989,0.8146841688777172,0.8293261578074848,0.6173821404956198,0.718193327113102,0.4728934661691994,0.6383500473656544,0.8234128982002235,0.7601543626015204,0.8105020452218031,0.6992387605273915,0.5364515878277454,0.6110830094739088,0.8531246178086656,0.7828333541717521,0.0,0.0,0.0,0.0,0.0,0.0,0.0,0.0,Daniel Naroditsky,3073.0
20.021224956863353,180.03889045822606,-58.385629030406925,-16.86611327361269,-11.107690633521335,4.0,-4.1534466623471085,-32.674836304044554,-10.524333073415484,12.940790916534251,0.21469999999999997,0.3888,18.8,0.0765,0.0082,0.15711457747956867,-0.18727485536682761,1.3639338586292202,0.6779445320588545,0.9880952380952381,0.8149666095254385,0.6103803408857722,0.6490293051584162,0.5498436768547794,0.5678946051134227,0.9173930559367237,0.8784075653478638,0.7955373480963353,0.4239922702734253,0.36178261439445175,0.7559639515525979,0.6770132257902036,0.7300609708738997,0.0051724137931034395,0.0,0.0,0.0,0.0,0.0,0.0,0.0,Daniel Naroditsky,3073.0
20.375924677247866,191.2164578522917,-54.16978909673365,-13.051041162612032,-10.792382406166231,4.0,-5.246459546711781,-33.139402819608236,-9.415050064887673,13.474546903252318,0.24650000000000002,0.37740000000000007,15.6,0.1012,0.0152,0.07555719415572922,-0.3511342702339343,1.223105318931251,0.699006433889822,0.970967741935484,0.8821712147614293,0.5907068971079829,0.5786004924897534,0.5970402741948843,0.6082390806248024,0.8340862280512489,0.908032890575585,0.8603543939302043,0.4934772453155138,0.4728915907424935,0.686226345062563,0.8974089824465873,0.8206547099714202,0.0,0.0,0.0,0.0,0.0,0.0,0.0,0.0,Daniel Naroditsky,3073.0
19.602851647475752,209.56126357568252,-63.78559803307513,-15.468688273308072,-12.16642134176071,3.998529411764706,-6.739533531986903,-33.662285272249406,-10.9450875547217,11.197888529186951,0.21580000000000005,0.41030000000000005,19.1,0.0436,0.0,0.1712317584110984,-0.1790670884989393,1.5156318900293075,0.859509292749822,0.858355119825708,0.9111383442265796,0.7091515327155937,0.6475469553615414,0.489126026351029,0.5834772167936235,0.9263888888888889,0.8974945533769063,0.6660229571098755,0.6198199917963041,0.4978517202855882,0.7757850215683895,0.8941902687000727,0.8712344797681748,0.00342539454806312,0.0012195121951219501,0.0,0.0,0.0,0.0,0.0,0.0,Daniel Naroditsky,3073.0
21.356040067349923,191.56315376940697,-60.48974946359375,-13.095314046486994,-12.74145230674911,4.0,-6.703341510976664,-35.30857393148379,-9.568620112307386,12.92755244441019,0.2279,0.49470000000000003,15.9,0.0761,0.0,0.02277616030857057,-0.3268798655155477,1.2468093325142005,0.7309740141112023,0.9807228915662651,0.9073419966406684,0.6215301050807488,0.6559075258763609,0.36580445042011067,0.6437511263054321,0.8996044303797468,0.8451236996176619,0.8537228617957178,0.5638665947496933,0.41696167279682383,0.6111209581318513,0.936722688342277,0.8450931594799436,0.0,0.0,0.0,0.0,0.0,0.0,0.0,0.0,Daniel Naroditsky,3073.0
19.153576608925242,175.50520077270212,-69.20674482616496,-16.793131573411557,-12.154804778320026,4.0,-6.629260207307388,-38.199408967178854,-11.434450072519127,12.004310772571978,0.2083,0.5263000000000001,20.1,0.06860000000000001,0.006900000000000001,0.11713427275077566,-0.2629597214379823,1.613158940228196,0.6664868527070186,0.8582691224070768,0.7091674380690257,0.49477994249844165,0.6947046824794529,0.5207473433015146,0.5322476804348902,0.7966756754709372,0.8306268417292877,0.7297301669147345,0.5870453705299141,0.542477433484,0.6124062566086567,0.7516601942046017,0.906656346749226,0.0016551383399209401,0.01818181818181818,0.0,0.0,0.0,0.0,0.0,0.0,Daniel Naroditsky,3073.0
18.711456351168582,166.9963514761136,-59.34168921584369,-15.648528044918752,-11.848699814085903,4.0,-7.329075147251575,-31.09791528338649,-11.167499178684398,13.750028252483423,0.2193,0.4245,20.4,0.063,0.011800000000000001,0.033287939165060204,-0.3802000797787232,1.278216233556782,0.5697311640914895,0.8281150277671838,0.7909122736283403,0.4131642698453395,0.634224430309629,0.46182687511123577,0.5214803472509194,0.8508282883504122,0.7779640355782358,0.8323457244509875,0.6275714226691533,0.4356660841585639,0.5267654882054432,0.671410130075702,0.8288848443244549,0.0,0.0,0.0,0.0,0.0,0.0,0.0,0.0,Daniil Dubov,3102.0
20.137373514907942,187.0222973027732,-56.536140235813846,-15.55858370886015,-11.26757792013732,3.991753231749053,-4.443248852410063,-31.0128645371397,-10.394926461593492,12.149308012577832,0.215717041800643,0.4380295819935691,18.957556270096465,0.0658694533762058,0.0091099678456591,0.0757333994718204,-0.2592767108749045,1.613283241954779,0.7442731079408856,0.8941456282036311,0.8108403335663873,0.6452898671209983,0.6103275919785396,0.5630428860218296,0.5632620726160378,0.8914996339271976,0.8885475845351173,0.8613032494924705,0.6494305435867609,0.521720275568067,0.5618361154647469,0.7634742251857823,0.8271476818257787,0.0454728139058125,0.057039003227589,0.0268456375838926,,,,,,Daniil Dubov,3102.0
21.038084774905418,196.93551361098667,-53.59086736232108,-15.587568015026978,-12.895427627439645,4.0,-5.146092062750144,-24.83714870949763,-10.323735544280572,11.199104596673884,0.178,0.48840000000000006,16.1,0.0646,0.0066,-0.1004796778863217,-0.392692115457176,2.2067072161531756,0.8389517199218692,0.9906779661016948,0.827295838796567,0.7240735006588008,0.6206411500045493,0.5743383158949331,0.7301901890309886,0.9733709501274117,0.834779583304799,0.8294000964670903,0.7244005737855723,0.7271532248046738,0.7211651847887829,0.7648794298185064,0.8513763689549438,0.0,0.0,0.0,0.0,0.0,0.0,0.0,0.0,Daniil Dubov,3102.0
20.286437105156615,187.80315210465474,-63.83443315859929,-16.097133070390914,-12.138461316107415,4.0,-7.258784124420012,-35.40406451604187,-10.683403508277202,13.747413376638116,0.20729999999999998,0.4122,19.5,0.12229999999999999,0.040499999999999994,0.05935905729024197,-0.2374563649302325,1.5584148662676536,0.7984653023911124,0.9168644521384248,0.7078687792390499,0.6094278216910337,0.6055798093202641,0.6393810985484041,0.5759128722711139,0.9214913932432645,0.9251741599344339,0.9321890553727638,0.7637732164560834,0.4496310754036618,0.5773473718143937,0.679065767038141,0.8965773809523808,0.00068027210884353,0.0,0.0,0.0,0.0,0.0,0.0,0.0,Daniil Dubov,3102.0
19.830084772101724,195.56529788855215,-58.89477875051959,-15.377566529515681,-11.565502183395573,4.0,-1.2700865448111212,-35.11649694467491,-10.515005071199985,10.949878523077675,0.1957,0.40360000000000007,20.2,0.0479,0.0092,-0.004027501218179177,-0.40148505355285014,1.7874113499494857,0.8525719696969698,0.9215384615384614,0.8347702991452991,0.7155102258852258,0.6696019952269953,0.5461503080253081,0.6592519404714526,0.9474583333333333,0.918263888888889,0.9792307692307691,0.682442932067932,0.5372984654234655,0.6698615882762223,0.7262947469197469,0.7464510073260073,0.00222222222222222,0.0,0.0,0.0,0.0,0.0,0.0,0.0,Daniil Dubov,3102.0
18.294289752500056,166.94518445498122,-68.33038311583063,-15.57375406138955,-13.339097057162231,4.0,-4.553435290518791,-39.64018718435995,-9.816855517098642,10.592945994698555,0.2363,0.3169,15.4,0.06349999999999999,0.0043,0.01156036613684146,-0.3229520077392417,1.8051772611432386,0.6360574333713465,1.0,0.8721129786707437,0.7241122653126224,0.7626409914444965,0.4747649204904625,0.49226384398350975,0.9747368421052631,0.8498446497194412,0.9396216051782122,0.5258220326163763,0.44457028699908197,0.5109607833025056,0.8418853156746854,0.8345125811759958,0.0013698630136986301,0.0,0.0,0.0,0.0,0.0,0.0,0.0,Daniil Dubov,3102.0
22.037092791590545,200.47096275963594,-54.04380689781622,-14.410494529984785,-10.727720103078752,3.997826086956522,-5.583329811928013,-28.290085077004118,-10.000799843618434,10.970796380841358,0.1949,0.21480000000000002,16.5,0.09620000000000001,0.0104,0.050278935376386655,-0.2697134436939534,1.5423900813181173,0.8785112246036848,0.9550980664904716,0.8239512661251791,0.6899004064180179,0.7360535117056857,0.493595227824727,0.6372820860437812,0.8388630274513599,0.9800000000000001,0.7703520509299265,0.7468943315902589,0.5328398144344759,0.7003920856768957,0.879165687426557,0.8284488836662749,0.0,0.0,0.0,0.0,0.0,0.0,0.0,0.0,Daniil Dubov,3102.0
18.96484755483976,188.94734504978075,-55.782466980924355,-15.280150226637218,-10.322238093830194,4.0,-5.035597942925882,-29.99019386256702,-10.802856981112809,11.648570126148773,0.20190000000000002,0.4029,22.9,0.09670000000000001,0.007000000000000001,0.1587573131475098,-0.1684885599190888,1.215448433625355,0.7294101550515356,0.7649584823446622,0.7208131223626688,0.6343080588808205,0.5656996176009351,0.41223010205854427,0.4754397340698617,0.7784423901150193,0.8758200518472641,0.7250178455200329,0.41471976682609435,0.5240502988282933,0.5903951437596318,0.7442928352083561,0.740078911837822,0.00621677992329946,0.0,0.0,0.0,0.0,0.0,0.0,0.0,Daniil Dubov,3102.0
20.851903761628215,209.69881057916828,-54.4311469959874,-14.559815118592278,-11.287865689393634,4.0,-2.0004552488140965,-30.180819626997682,-10.160280575573044,9.758089263383331,0.22359999999999997,0.4556,12.9,0.0671,0.028300000000000002,-0.11567187080915942,-0.3021842139266257,1.4788183025527224,0.9045193591455274,0.8832777777777778,0.8309551196467083,0.693318202047174,0.7240684787694134,0.6843974530142753,0.7746157954195337,1.0,0.9389620348498852,0.9850467289719627,0.8029862826015977,0.3814179313802467,0.5418180023507126,0.7347463854940491,0.9302937249666222,0.0,0.0,0.0,0.0,0.0,0.0,0.0,0.0,Daniil Dubov,3102.0
19.661915557763017,195.0095014190554,-60.064046647447675,-16.043731776202787,-11.747156299384262,4.0,-4.81556670359079,-34.82272095202514,-10.421770577029275,13.786899660784584,0.1933,0.5071,21.3,0.1012,0.0063,0.07793340551146082,-0.3786369770580296,1.305060332999673,0.7861568475314552,0.9377723970944312,0.8170141481799964,0.49439607145658276,0.577208962236081,0.46433488603087725,0.5583657855341206,0.9355615396800253,0.8912071651090343,0.8606037805586355,0.6829041128303256,0.3951823721744736,0.4905236525337762,0.6273988984853733,0.7980428657138572,0.01379643634640696,0.0,0.0,0.0,0.0,0.0,0.0,0.0,Daniil Dubov,3102.0
20.752051515085466,193.9324505358657,-47.72142660263275,-14.308935239472863,-10.462903359013492,3.9987951807228916,-3.5405122515579173,-24.80570892715956,-10.099550193485987,11.497388187334177,0.2028,0.48880000000000007,19.3,0.046,0.0024000000000000002,0.07784792108349323,-0.11855699584427506,1.6376787814393416,0.7429214684769436,0.8722877085264134,0.8771334132384677,0.6347121633521066,0.5977193348053224,0.6374409654959312,0.6418538831588884,0.8045232693620459,0.9312155065457347,0.889910379626763,0.6759858943796916,0.6032696482462295,0.5419709101683527,0.7174805823994499,0.7635608695293031,0.0,0.0,0.0,0.0,0.0,0.0,0.0,0.0,Daniil Dubov,3102.0
19.5785100248785,171.19987586433592,-49.674300255446006,-15.131723155028942,-10.533676571174194,4.0,-4.261190301522313,-25.865682507761097,-10.583706914489625,12.701679194530161,0.20450000000000004,0.5584,22.1,0.0407,0.0012000000000000001,0.08774596440667,-0.19245510314084976,1.8146631424523825,0.6780445138881687,0.9745283018867925,0.7420770803002558,0.7248469202167355,0.4643935848714726,0.7599518405589578,0.6686611800936524,0.9048476874003188,0.921335725677831,0.88655855977852,0.5149866084593269,0.589859908075377,0.6269814283163453,0.5658437867370655,0.6157008078062615,0.00363636363636363,0.0,0.0,0.0,0.0,0.0,0.0,0.0,Daniil Dubov,3102.0
20.458095968934096,191.40005586416507,-53.18853457130306,-15.782993912473042,-11.466060742047286,3.997826086956522,-3.363795240886212,-29.501628388753215,-10.427929690692665,13.35604731659285,0.2031,0.4096,21.4,0.042499999999999996,0.0060999999999999995,0.038700503346341716,-0.14561909270193835,1.608263020155461,0.735421545454192,0.9647013855709508,0.866082973509485,0.5904352069145288,0.5259655705885938,0.44905492393572166,0.5575762239587793,0.9229134120432068,0.9161621828381996,0.9251464791867579,0.5974847248362614,0.47392530211551803,0.567454668434814,0.7663668261562998,0.8925682822924201,0.0,0.0,0.0,0.0,0.0,0.0,0.0,0.0,Daniil Dubov,3102.0
19.33506094939325,183.63180205118823,-55.56172043389963,-16.556404471660407,-9.651646433837666,3.9957142857142856,-4.59330373189155,-30.612555525294248,-11.107082100725478,12.963557543795435,0.22039999999999998,0.4445,22.3,0.09730000000000001,0.0014,0.1500797331385082,-0.17942395369731917,1.3848691934617325,0.7308618221855216,0.9323741007194244,0.5653814705785164,0.6624908424908424,0.5917785390009409,0.43135211764527276,0.4587439839708686,0.8926752136752135,0.9181791907514452,0.8366907089712845,0.6133982654905051,0.4782558059990397,0.6943611300377217,0.6693394532928572,0.5465378933085507,0.00171942446043165,0.0,0.0,0.0,0.0,0.0,0.0,0.0,Daniil Dubov,3102.0
19.631024374551544,183.27954548039088,-49.59870107313226,-14.896288282033831,-10.644379965628426,4.0,-4.116618323533158,-26.214253533570787,-10.186632904559284,12.459471936193218,0.21139999999999998,0.485,19.4,0.0807,0.0073999999999999995,0.09333119857598424,-0.3058969129751503,1.575493875415719,0.7523795930998167,0.952529369455766,0.8218569303161327,0.5710502535400277,0.6612974750286299,0.6315268117341795,0.5529507936431164,0.8259012541740098,0.8952864244289265,0.8685794139224399,0.6531976430380024,0.742083815729971,0.5751584423570757,0.7618391863628116,0.8983185746665745,0.00116279069767441,0.0,0.0,0.0,0.0,0.0,0.0,0.0,Daniil Dubov,3102.0
19.659120353794368,185.4491060953082,-50.62689751208162,-14.818936079203429,-11.117263430147371,3.998019801980198,-7.0355870658461,-24.64435418025078,-10.127822482113183,13.119045923499044,0.2169,0.4205,19.0,0.0844,0.0036999999999999997,-0.07041752994435257,-0.2635450047620281,1.686636200652515,0.70198119107933,0.8774994546061141,0.8307859741550478,0.7105250232290292,0.7687194281669981,0.6079881175374464,0.4529075333008957,0.8824547926886555,0.944818780520586,0.8972704714640198,0.6878059512190411,0.5237220441385094,0.4564274830112061,0.8303323394179539,0.8672908919851261,0.0,0.0,0.0,0.0,0.0,0.0,0.0,0.0,Daniil Dubov,3102.0
19.589102250263768,180.0428124598282,-64.96883304582995,-16.13675025114014,-11.503761835491249,3.99375,-6.010410708798893,-36.646056971261885,-10.616665491858805,11.951062212721018,0.20470000000000002,0.4551,24.2,0.05450000000000001,0.0021000000000000003,0.06687300243288698,-0.37725949083295307,2.1349857924112983,0.7161486519880397,0.7538581180419999,0.7542369759916088,0.7122251164622726,0.5350360396088332,0.43224683088829063,0.3820581830911177,0.8155802345034312,0.7857829356035765,0.8316843302361596,0.6499331148125063,0.7207672595740188,0.6249966124661247,0.8066297901505735,0.7874701884741591,0.005227831348080909,0.0,0.0,0.0,0.0,0.0,0.0,0.0,Daniil Dubov,3102.0
18.9878674493875,186.65879353840253,-57.16347283707713,-15.895537101251549,-11.001545351402282,3.995091477019188,-1.6429300612349316,-34.069188070846586,-10.369604059832005,11.82024033047104,0.2117,0.409,22.7,0.0335,0.0089,0.18650951145264785,-0.2207875683094349,1.5552695201674414,0.7433598028477547,0.8097289671972916,0.8545052523605218,0.6526670394298396,0.5277443535420308,0.5400700593988761,0.5193760349878704,0.9145899387021771,0.9561789772727274,0.9369523548740416,0.7470571555005605,0.3590948415795173,0.6461489679846262,0.7421779812067869,0.8644152417084605,0.0,0.0,0.0,0.0,0.0,0.0,0.0,0.0,Daniil Dubov,3102.0
21.349418840248248,200.3251814440094,-57.45580885401411,-14.836405195300113,-11.296697213971717,4.0,-4.685826272598435,-32.245632733426255,-10.488877934887308,12.097630496169728,0.22240000000000001,0.35960000000000003,18.8,0.0754,0.0082,-0.09247870129579899,-0.3089580300901915,1.1938159218169664,0.7855384573501147,1.0,0.7491563550321612,0.6028225995315404,0.5417191488115508,0.5793207941054724,0.48862013539810994,0.9218737957905425,0.9540510237758317,0.9099132822190594,0.4928093162982054,0.5801548738146886,0.7375549345240018,0.7043337955088071,0.8669071919708593,0.0,0.0,0.0,0.0,0.0,0.0,0.0,0.0,Daniil Dubov,3102.0
19.563755329221696,180.59008139177087,-67.74271698772193,-16.08024602463236,-11.370597992758157,3.99375,-5.5633037719119125,-39.96280815088644,-10.309419138769632,11.549908091236576,0.2045,0.4356,23.6,0.0449,0.0062,0.06678391408789783,-0.5133998149881126,1.634510375768927,0.6760618588606992,0.8449813820948213,0.7940195921521505,0.7129651875737381,0.47715730700623105,0.3915277281980127,0.6101959551282901,0.8095341948695921,0.8092590137936838,0.8273815572977158,0.5610496531544185,0.5750427574451756,0.4771585703883887,0.7837188915536988,0.8053649258529291,0.00492957746478873,0.0,0.0,0.0,0.0,0.0,0.0,0.0,Daniil Dubov,3102.0
20.3040964973223,193.03170205605687,-63.18919217746882,-15.883365834978738,-11.969970138730645,4.0,-7.398738493899783,-33.755683321812356,-10.32198756489079,12.140553176843497,0.21849999999999997,0.4136,18.1,0.0655,0.0038,0.169723891820666,-0.2681596404177049,1.8814630167855975,0.8557637182637183,0.8920592020592022,0.8111002793355734,0.8405591674709321,0.6093463968463968,0.555844075108781,0.4773982182805712,0.9338089388089388,0.8810102960102959,0.896839421839422,0.5594549184255067,0.7205639352698177,0.6744398619398619,0.5949236499236499,0.812892692892693,0.0,0.0,0.0,0.0,0.0,0.0,0.0,0.0,Daniil Dubov,3102.0
20.942689825136263,188.46773419184336,-59.66720188224575,-15.979437980372277,-11.869617858965828,3.995516431924883,-2.435115077251303,-35.004049695626115,-10.33200316021735,11.95750545826223,0.2063,0.4508,16.1,0.0546,0.0028,0.02844132220332298,-0.4193853981662928,1.9092209578030375,0.8068362777573304,0.8423657080846446,0.8433535530348454,0.638646598307709,0.5869803121568206,0.5348408480803635,0.6034934424807445,0.9094986542666955,0.9130658972967709,0.8771315732712515,0.5806268214667166,0.4949813057549317,0.6884421892265016,0.8717694147957307,0.9479582259845417,0.0,0.0,0.0,0.0,0.0,0.0,0.0,0.0,Denis Khismatullin,2940.0
21.065878036405934,180.83267850242902,-59.25478489827718,-15.35071833949786,-11.922728124361031,4.0,-3.05537086039948,-35.01134997755797,-10.516323661646664,12.60170606518583,0.1943,0.4998,19.8,0.07370000000000002,0.010100000000000001,0.055929424875184285,-0.5554291160738397,1.5285801634961738,0.6636964504811202,0.9126530534321402,0.7916325561818166,0.7086853734946075,0.6122948061054774,0.4704588177302993,0.5404709724356264,0.8815422958103369,0.8684055266176032,0.8485561471061793,0.5784764681982671,0.5136124426606781,0.42009288543662776,0.8103583181456155,0.8897060506657674,0.015646258503401362,0.0,0.0,0.0,0.0,0.0,0.0,0.0,Denis Khismatullin,2940.0
19.697595431573895,178.11438593316547,-59.33653578753541,-16.236858669857046,-11.72078095482419,3.9943396226415095,-8.543872282388696,-30.84482928745304,-10.413060761693423,14.428526546039468,0.22649999999999998,0.49450000000000005,22.4,0.06799999999999999,0.018099999999999998,0.20410988465936364,-0.2133835554684676,1.853228840583239,0.6527942833808498,0.8705249392744159,0.7621035460321544,0.4909519140482816,0.4718204915602514,0.6031437006444589,0.4771340465129251,0.9263931388319184,0.7728733738278721,0.9075454282199257,0.8018160297052457,0.39701050596655263,0.3929825206594266,0.7065084576683149,0.865605808328209,0.00120481927710843,0.0,0.0,0.0,0.0,0.0,0.0,0.0,Denis Khismatullin,2940.0
18.599096186310067,171.8614086199128,-65.87468823533334,-15.770700356522585,-13.061800301651086,4.0,-7.6723414001886585,-35.78133598058393,-10.669704624575548,13.081194428188477,0.199,0.4034999999999999,18.2,0.0693,0.0093,0.04947504436805388,-0.315624102301026,1.6453296942439792,0.6885130935815529,0.8416633887395497,0.8151675372380517,0.600695052570023,0.7156351642149859,0.3774316944174691,0.4840341706998763,0.8754692961784691,0.7992051749115118,0.8162112762747951,0.5693924798702861,0.5275164623066404,0.45357948274217746,0.8826809734410966,0.9531979994115917,0.0,0.0,0.0,0.0,0.0,0.0,0.0,0.0,Denis Khismatullin,2940.0
22.54005790368536,194.29370099190658,-56.81688482146137,-15.417816186377067,-11.176167971264357,3.995049504950495,-0.9080660645823535,-35.51075553541689,-10.072049437930636,12.272920869159432,0.1985,0.4316,22.4,0.08880000000000002,0.0060999999999999995,0.08335794409455335,-0.29139513174997045,1.78735748200874,0.7108184371398141,0.9083570052961001,0.7977863485323251,0.6046209828863186,0.7012832949928134,0.6956298252413904,0.6501186911486796,0.8247715853397125,0.7899708532119462,0.8716225324987963,0.7723082979223458,0.5579260384204631,0.4497101334220785,0.7680120925325862,0.8952580645161291,0.0,0.0,0.0,0.0,0.0,0.0,0.0,0.0,Denis Khismatullin,2940.0
19.761536982141397,185.1893239999466,-48.685599608709325,-15.068967372178552,-11.261703978335168,4.0,-1.310050105649196,-25.062469228050496,-10.2726185611468,10.290209636650891,0.2326,0.4981000000000001,18.7,0.066,0.014300000000000002,0.13102030630273837,-0.43227761160478123,1.4070628573880088,0.746738206348964,0.8510074310818811,0.8573132854424195,0.7526468281336085,0.7681445861954372,0.6794941859562601,0.534362298988131,0.9710000000000001,0.8709965403909358,0.8351135544793667,0.7988762718167788,0.6081053944737947,0.36159377792314207,0.8285466426997697,0.8474495496917109,0.00285382445661191,0.0,0.0,0.0,0.0,0.0,0.0,0.0,Denis Khismatullin,2940.0
20.488253489200858,187.46077697156645,-53.413056062942246,-16.111204351204346,-12.61375903832943,4.0,-3.9851011269432326,-25.56787040444935,-10.427329109487006,11.292207967471125,0.22569999999999996,0.4058,17.4,0.0732,0.0106,0.041095267305793624,-0.05664843928001821,1.9425484515484517,0.7489745547073792,1.0,0.9372124434383158,0.6411395327318992,0.7383348611268015,0.633101882743766,0.5858051699082848,0.9636016655100624,0.9510606060606059,0.8520152671755724,0.5435031863101099,0.6527011047891668,0.5968008254501626,0.8410190565337379,0.9076276197085358,0.0,0.0,0.0,0.0,0.0,0.0,0.0,0.0,Denis Khismatullin,2940.0
25.352032456271587,224.83374852016155,-57.92874150188104,-16.90703241790198,-11.596873694143678,4.0,-4.158788924549794,-30.2621619175967,-10.969912153390414,11.966027605701518,0.1793,0.48030000000000006,16.7,0.05600000000000001,0.007000000000000001,0.013059247080986242,-0.3011053278444582,1.7310909664170535,0.9148817492190986,0.9533333333333334,0.9108259823576585,0.7141241960471073,0.515083142174325,0.5862317072822778,0.6225430466147143,0.9169681309216193,0.8926970820638515,0.9316019577997723,0.6136009905294957,0.5417232532048162,0.544701328506572,0.7791529946220312,0.8025794602758293,0.0,0.0,0.0,0.0,0.0,0.0,0.0,0.0,Denis Khismatullin,2940.0
17.787122914023005,178.5031300371002,-60.77503888018737,-15.411322531680389,-13.752377213329657,3.9977777777777774,-3.2263416390388984,-32.36777141393803,-10.364312839788258,10.349308979810086,0.2193,0.48310000000000003,19.5,0.0503,0.0021000000000000003,0.19463751307723398,-0.3760190468236164,1.76661215626949,0.6735374624028889,0.8666379209296873,0.8401241763434877,0.7454230744398141,0.7428733130075097,0.5073842620028485,0.5795796663086434,0.9633307868601986,0.7854228749731773,0.8418804188475365,0.787971895966132,0.5521850881757502,0.3260231932122456,0.7484030592877718,0.8084583827506332,0.01154992548435171,0.0,0.0,0.0,0.0,0.0,0.0,0.0,Denis Khismatullin,2940.0
20.752956941779637,180.53387686729727,-59.08527671333733,-14.863390169634163,-11.60401436334177,3.992,-5.57240711248508,-32.6729162250238,-10.385234647361203,12.020685804508679,0.2226,0.49169999999999997,19.4,0.041299999999999996,0.0067,0.13164224623984258,-0.12582432130633608,1.9380957462236341,0.6337188180237178,0.8898227558604918,0.8965308959126922,0.7191150759130781,0.7896752834507295,0.5325999535040633,0.5790217203416772,0.9387453094445325,0.8499604661091897,0.933239843617202,0.6311720610808487,0.5529254208937602,0.5179371160198251,0.737496856359381,0.8092444473965006,0.00404040404040404,0.0,0.0,0.0,0.0,0.0,0.0,0.0,Denis Khismatullin,2940.0
18.932611077140827,174.1556778768392,-58.90372118514064,-16.438914647728687,-13.123979685877696,4.0,-3.8703759747069837,-30.76568678714557,-10.288378277192916,11.58361418751122,0.22000000000000003,0.3379,18.4,0.05740000000000002,0.0086,0.052780347468018164,-0.1573196492357332,1.7500271456463465,0.6817122087689286,0.9349514563106796,0.7520755271309437,0.656136004053911,0.6574127316357595,0.6863248061652332,0.5811516883987671,0.9780000000000001,0.838609379333571,0.897375047218494,0.3771096460915825,0.5347034571590938,0.6733208908826522,0.7022505475565749,0.8695024311765568,0.01005586592178771,0.0,0.0,0.0,0.0,0.0,0.0,0.0,Denis Khismatullin,2940.0
18.71112304668781,179.0214754953355,-63.42897462123669,-16.153230424695423,-13.023051209536202,4.0,-4.6703575592283615,-36.00435672114007,-10.487233269198123,12.909254562561486,0.1889,0.5423,22.5,0.07660000000000002,0.0137,0.10880246144874087,-0.13061081592275628,1.5887319192355962,0.7223709948867383,0.9882978723404255,0.8573485132972939,0.6199781434416457,0.675146460660192,0.6152137032616372,0.5037842294727454,0.9044302872722483,0.8479629863638583,0.9668192219679632,0.5661582317356186,0.4818023031279367,0.5470541449779244,0.69592209545137,0.8245106017901325,0.0,0.0,0.0,0.0,0.0,0.0,0.0,0.0,Denis Khismatullin,2940.0
23.580692787305114,209.09414807129315,-53.83689767262429,-14.645900333768363,-11.15896108750358,4.0,-7.0923627063084425,-27.727927859133125,-10.515030969530493,13.303285283619719,0.18680000000000002,0.4939,17.7,0.06160000000000001,0.013300000000000001,0.029716138232195148,-0.2972409194274248,1.7223426830388995,0.8845160545480575,0.9614035087719298,0.8034468133694792,0.7708082554785936,0.7382139109054646,0.6148717759728495,0.5580705150478729,0.9554817306793758,0.9307066235816623,0.9525190839694655,0.49212152992312463,0.6133398716699558,0.7555845620661443,0.8006203540790204,0.9076320327180725,0.0,0.0,0.0,0.0,0.0,0.0,0.0,0.0,Denis Khismatullin,2940.0
22.070709800423295,195.53339839598695,-58.51130784094503,-16.14654451874371,-11.863085633311591,4.0,-1.2307649088884332,-33.882897824336666,-10.075214824123362,10.687199868458723,0.1826,0.5057999999999999,20.3,0.0538,0.0,0.11099132982561646,-0.2851363090041791,1.6157950700441646,0.7989855518553406,0.8199346405228758,0.8709691535319124,0.5050567369554264,0.7026653825182033,0.7460334999579491,0.6335434160213151,0.8938226805873863,0.8981406419584606,0.8178889737713266,0.7335538170999346,0.4973176877385976,0.42768956044474926,0.8734223300970875,0.9268299067199696,0.00065359477124183,0.0,0.0,0.0,0.0,0.0,0.0,0.0,Denis Khismatullin,2940.0
21.34521620062136,201.38157837682624,-44.37153437376285,-16.155976003410874,-9.775315029802309,3.997183098591549,-1.5758412219034255,-21.992679744056126,-10.407929163003157,11.539023689821494,0.24010000000000004,0.42349999999999993,19.2,0.07189999999999999,0.0102,0.08128241622391848,-0.07213681949450938,1.5133035136948751,0.8127681795328854,0.9431372549019608,0.8885263491298492,0.6579116477918845,0.588737404921388,0.5504686880703109,0.5388251537400209,0.9558145558145558,0.7849480512169613,0.8187930481861979,0.5101273468863085,0.44198689336662084,0.4978472460050865,0.8028915799647507,0.8835655182907602,0.0,0.0,0.0,0.0,0.0,0.0,0.0,0.0,Denis Khismatullin,2940.0
21.752720685397016,196.15401249952964,-52.32977063329124,-16.04843068230386,-11.422767621399695,4.0,-2.5619226716602994,-28.46576285575232,-10.648667693838153,12.817780891663086,0.2016,0.5466999999999999,17.2,0.0469,0.0049,0.004447721092271152,-0.13079903987698788,2.079533333379472,0.8662215537219276,0.9270285087719298,0.8417064809711711,0.7637801747586019,0.6659462162765074,0.5350040110444187,0.6804886213599981,0.944743038077454,0.9268897121697914,0.9263294633433465,0.6540405512453012,0.5908970420652511,0.7311978300182618,0.7865693805858228,0.9601963624657974,0.0,0.0,0.0,0.0,0.0,0.0,0.0,0.0,Denis Khismatullin,2940.0
19.603031044832747,190.29296705763457,-68.68460276272663,-16.364695934368573,-12.853499772234798,4.0,-5.629043766114057,-39.09229133264979,-11.149986382174566,12.404914424815155,0.22190000000000004,0.38470000000000004,22.8,0.1091,0.0248,0.12930558122192895,-0.4674689649293257,0.9810336841147735,0.7453001725250445,0.866228761304467,0.8583136437214762,0.6065908870913547,0.5398140199843263,0.5472252815230544,0.5320642034532267,0.7766585797966152,0.769210525924855,0.8033141945848026,0.709743386016973,0.2943386388715497,0.5210579569654323,0.6900261443476392,0.7099841774986195,0.0008130081300813,0.0,0.0,0.0,0.0,0.0,0.0,0.0,Denis Khismatullin,2940.0
20.335407629844376,198.7730979841157,-57.02006043259496,-15.741155495879743,-12.09045338359432,3.9977777777777774,-2.7496461515371826,-31.868952614212994,-10.24501838774995,11.67738782260145,0.19959999999999997,0.5185000000000001,15.9,0.05960000000000001,0.0017000000000000001,0.11966615253531232,-0.1708463027487418,1.7859049896894743,0.8397321327938873,0.9777777777777779,0.8196165326221948,0.5787585978901832,0.5884126091181187,0.7619108856976421,0.5883166447261102,0.9363446411012782,0.8712220206392448,0.9853743123654628,0.6651167664953587,0.5743288786207477,0.4492603667660946,0.6583792990346169,0.9169918812617928,0.0,0.0,0.0,0.0,0.0,0.0,0.0,0.0,Denis Khismatullin,2940.0
19.187997684419585,166.74435647889732,-52.864730086226665,-17.080654369902867,-11.140852552388877,3.9988636363636365,-2.3091600644254697,-28.57359947045756,-10.441286350078544,12.681959084663008,0.21389999999999998,0.41850000000000004,22.7,0.05700000000000001,0.0058,0.17528063385264786,-0.24694448438131894,1.3792172889028835,0.5730977278803365,0.9310347261434219,0.8832918135526832,0.7648794667055536,0.6309774725121303,0.4406708786187582,0.4589425872586956,0.8382166175209654,0.8013450129971869,0.9591801242236025,0.57902430039244,0.4329587368989543,0.5519350325798116,0.583638919482469,0.9527536231884058,0.00966233766233766,0.004,0.0,0.0,0.0,0.0,0.0,0.0,Denis Khismatullin,2940.0
20.26260555338377,186.81232308640813,-57.83803778003536,-15.75437967633401,-11.479937857985638,3.996194037337645,-4.258751640269127,-32.04885542622516,-10.461258449449964,12.168951232890898,0.214281954887218,0.4703157894736842,19.55639097744361,0.0733571428571428,0.0096503759398496,0.1078279541670939,-0.2595134419896914,1.6274978569661018,0.7354448169158039,0.8931316444994153,0.8145666564709257,0.6549306224860423,0.6459426388260863,0.5813779718939532,0.5471631372832682,0.8972367825898009,0.8598348794981138,0.8648837228377186,0.6415251945303169,0.5242483221527081,0.5013951130678651,0.7652714429391048,0.8408123431816076,0.04216625934183,0.04,,,,,,,Denis Khismatullin,2940.0
21.52694849801751,191.06747198467616,-50.7161867828902,-15.038551401417667,-10.300109458779218,3.9977777777777774,-2.825596888730442,-27.98324013232939,-9.986056924247595,11.419590244836334,0.2117,0.4194000000000001,15.8,0.0693,0.0064,0.04061662221884897,-0.1976441788733809,1.9011902344505551,0.765235801997249,0.9085791715060008,0.8341966328512843,0.8430787106986115,0.6947114712502453,0.6017028502017956,0.5471544870688879,0.9468221509892782,0.9321242172395744,0.9087598540189348,0.667684773062112,0.5360961507109041,0.5099092510106882,0.7242365769040893,0.899931197611075,0.0008130081300813,0.0,0.0,0.0,0.0,0.0,0.0,0.0,Denis Khismatullin,2940.0
20.60364764795953,197.6418338678311,-73.8503483795154,-12.65871849321872,-13.383065896912322,3.9983050847457626,-11.836355998618565,-40.81577885700832,-10.103965681835508,10.949231463332278,0.2219,0.4744,16.0,0.048799999999999996,0.005,0.2560587844560001,-0.44801871791377046,1.2066205653914184,0.8599658435921155,0.7330227743271222,0.7869729100817068,0.7817659141637077,0.6768884913125666,0.5743055455376697,0.6654048929778285,0.8739779364049319,0.8397405274732972,0.5015609383671957,0.7102743797470902,0.5865452573431297,0.8170163031503069,0.9153846153846154,0.9271062271062271,0.0,0.0,0.0,0.0,0.0,0.0,0.0,0.0,Eline Roebers,2841.0
21.75366827810698,206.50738363222467,-61.07608079855446,-13.237140519301985,-10.894171047406672,4.0,-11.151258902810335,-30.611114284739948,-10.241217061175202,11.05882101687968,0.23479999999999998,0.4949,16.6,0.05900000000000001,0.013500000000000002,0.10564347563440121,-0.3274227540289246,1.5665539227981413,0.8407597753188523,0.8984733893557422,0.9059813323104462,0.7833722905358,0.7370238568805367,0.454027965119454,0.6802617214297542,0.9127145403615993,0.8481729011278402,0.7515866025395062,0.8184617554263618,0.6583453854975969,0.42822632391577764,0.8175081285678829,0.8436284099370474,0.0,0.0,0.0,0.0,0.0,0.0,0.0,0.0,Eline Roebers,2841.0
21.402224820031943,202.1492946220498,-50.95372629158883,-13.505357826967892,-10.104362849479415,3.9983050847457626,-5.128288488268366,-26.156202518515443,-9.897642179947306,9.839822486843833,0.25589999999999996,0.5,11.3,0.0758,0.005,0.021422985429675873,-0.18757364341085273,1.2571922148690606,0.85646535323579,0.8604059829059828,0.9014325468844525,0.8404575015124017,0.743039782779881,0.712808421570182,0.641193399711564,0.9959183673469388,0.9765957446808511,0.7190963914301353,0.7443890903046262,0.5007136002514677,0.607628753415774,0.7769358974358974,0.9521052631578947,0.0,0.0,0.0,0.0,0.0,0.0,0.0,0.0,Eline Roebers,2841.0
22.00200891111321,194.66939383008213,-68.4676829425554,-16.379031016899816,-12.123372661700616,3.9871794871794877,-8.131867187394649,-35.80499079344446,-10.238755533366934,10.223154763071593,0.2358,0.5105,12.6,0.045500000000000006,0.008,-0.01794295580966467,-0.15055620835879924,1.605240553569272,0.7787902984549326,0.8419409733881114,0.9696944210821418,0.6643755312938671,0.7763106726649346,0.6626350151718352,0.6974327591520062,0.8831691847573866,0.8887345248958051,0.785903141107094,0.7317320463794482,0.6499230837208037,0.5685851887765992,0.7875581092349385,0.9097117990410674,0.0,0.0,0.0,0.0,0.0,0.0,0.0,0.0,Eline Roebers,2841.0
20.36554631760277,199.60525130696618,-57.97523955133386,-14.522188662814708,-11.248203757646056,3.9783601453035806,-7.592787467145074,-28.420310688638104,-10.632670538397553,10.462561418004055,0.20260000000000003,0.48419999999999996,13.6,0.0521,0.008400000000000001,0.05951578911231481,-0.25674574723012905,1.458833446740417,0.8010338760158913,0.6796027382977534,0.820681246080692,0.8307717512523954,0.7371809135425835,0.4113121530101368,0.6242236299243222,0.8738771385816324,0.9478368121442126,0.704491132396275,0.6938908591727376,0.42527865434174705,0.7847182042231896,0.741727383391373,0.716749754784569,0.0,0.0,0.0,0.0,0.0,0.0,0.0,0.0,Eline Roebers,2841.0
19.1598119796429,178.5541190092406,-65.99281322637415,-15.330354145670592,-12.39127845786043,3.988967611336032,-12.661425164071947,-31.91068514809079,-10.973477990036276,13.285440068019856,0.2205,0.5522,20.2,0.0611,0.0093,0.1206138164886765,-0.26917482514124974,2.0495022859323258,0.6800397038259108,0.8594147519147519,0.8233359362859363,0.5119663354009997,0.7898090564248459,0.5439682630235262,0.4845718093472177,0.875525925925926,0.9463534188034188,0.8213106281193395,0.6499502106081053,0.6988983505772979,0.5863612955060323,0.8298253260095365,0.8412274287274286,0.00775135135135135,0.0,0.0,0.0,0.0,0.0,0.0,0.0,Eline Roebers,2841.0
22.435323336502044,219.5086552847594,-59.90062253715185,-15.134188587882852,-10.964313782739564,4.0,-4.30304046661295,-33.676484856420466,-10.215992395185955,10.393397551689954,0.22799999999999998,0.4827,16.3,0.04650000000000001,0.0075,0.07986451290818655,-0.2526078966951278,1.230265473088345,0.928023594909862,0.905108695652174,0.8026152781176641,0.7279399407033776,0.6403614821168195,0.6709992471456936,0.5401570463421874,0.9497194950911642,0.9158628354678194,0.8685539458830773,0.6335907692968724,0.48560751604349817,0.5645835856418335,0.8141624601685576,0.853458634861074,0.0,0.0,0.0,0.0,0.0,0.0,0.0,0.0,Eline Roebers,2841.0
21.35830666192508,182.16765520219468,-56.167549921435366,-14.354333468807152,-11.713962998045806,4.0,-9.85896032310506,-26.977195099234574,-10.379806187766714,13.116708155523943,0.2131,0.46080000000000004,22.4,0.049,0.0024000000000000002,0.01644203413940259,-0.283024453024453,1.4686467012124906,0.6643568936417189,0.9805755395683453,0.8288650180494525,0.6717608586480857,0.668414258332623,0.6231004140651193,0.44558403802204144,0.9719424460431654,0.9102061195388593,0.7087846512181574,0.629262235447997,0.512228917753535,0.7563750848538808,0.6787332036823666,0.7729632150586967,0.00595238095238095,0.0,0.0,0.0,0.0,0.0,0.0,0.0,Eline Roebers,2841.0
21.219438355075027,191.5212342373463,-65.5687580690593,-15.482508835649753,-11.145994890914114,4.0,-11.18395997589546,-32.797602043866895,-10.951392872819019,11.99270055008595,0.20789999999999997,0.4585,14.4,0.0403,0.0036999999999999997,0.0687454243651188,-0.4505296529744747,1.4087848236744671,0.8142175569919502,0.925,0.9132336071215528,0.7501987796056638,0.8074263151892668,0.5183805790562077,0.6465571768266729,0.9010263929618768,0.9682646196308436,0.7237993568733606,0.6022471005839043,0.5542680181858495,0.7660784168592121,0.9897435897435898,0.931577403920358,0.0,0.0,0.0,0.0,0.0,0.0,0.0,0.0,Eline Roebers,2841.0
20.89794304498573,186.4019396919702,-53.426697592620805,-15.166237218066488,-10.416887171560385,4.0,-10.622652043078872,-23.432594852640584,-10.535589880986223,12.747263573711745,0.2137,0.4452999999999999,14.6,0.0517,0.014499999999999999,0.15454368012294842,-0.6765223800589654,1.1908313180721715,0.7026118326118326,0.852835497835498,0.8322402597402597,0.8053420653420653,0.7798039923039923,0.5582614607614607,0.643551171051171,0.9033333333333333,0.8988811188811189,0.6832575757575758,0.4346356421356422,0.5102156177156176,0.779505772005772,0.9736363636363636,0.9124242424242424,0.0,0.0,0.0,0.0,0.0,0.0,0.0,0.0,Eline Roebers,2841.0
20.618103719179608,192.7143631105484,-61.55953525683202,-14.745805979908557,-11.872778916878245,3.995919132731893,-8.297794459608632,-31.693186653848468,-10.410803000956848,11.464914621636837,0.2172298850574712,0.4797816091954023,16.67816091954023,0.0569482758620689,0.0075660919540229,0.0783964396761215,-0.2368501443963618,1.5111603088697636,0.7834898125345471,0.8547344432611004,0.8637197957527971,0.7236414518134139,0.7120635997842387,0.558662038807187,0.6112245527685971,0.8981808423666757,0.8658003475505283,0.736979103370398,0.6144532465839666,0.564340585927685,0.6799863846061748,0.8118343031429974,0.8639928320446906,0.0542019810960427,0.0082644628099173,,,,,,,Eline Roebers,2841.0
20.08381201323373,188.17960364838416,-59.83819639391047,-15.766308741525108,-10.923922352539652,4.0,-10.555580986894913,-27.609087099193317,-10.674317206528064,11.691019992770583,0.2291,0.4704,18.2,0.06860000000000001,0.0034000000000000002,0.10887971893479365,-0.30914615413435237,1.4740824688031613,0.7219999072163091,0.6653546963053022,0.8965083018247576,0.6157823307549015,0.8552094017239231,0.5012967262058057,0.5862763266695851,0.8338162657015115,0.7127391362920751,0.7001970090082362,0.5292392487249262,0.6692895901329978,0.7953711270003405,0.9658733401430031,0.9660606060606061,0.0,0.0,0.0,0.0,0.0,0.0,0.0,0.0,Eline Roebers,2841.0
21.706277341758828,197.1203840532404,-63.12818900357013,-14.829968408976834,-10.500695825896589,3.9975,-8.287524386334573,-33.93230085525295,-10.696571523846671,11.121371996737482,0.2631,0.3823,12.5,0.07060000000000001,0.0083,0.30553938628068616,-0.10947845804988661,1.271386691023192,0.8400757560100948,0.8911878166414603,0.8177038577394491,0.6978128723011914,0.6932487339619626,0.45863734126202127,0.672966686294797,0.8450799346519633,0.86514641720313,0.5428040405732165,0.5470745988485273,0.6889749137804584,0.6719308021055117,0.9053993566614386,0.763913726907316,0.00761421319796954,0.0,0.0,0.0,0.0,0.0,0.0,0.0,Eline Roebers,2841.0
22.576133033806776,200.88787500835204,-63.3062887034655,-15.091036365694062,-12.544417737239712,4.0,-9.972088471141433,-30.67823656576389,-10.338607444632625,11.318097881006219,0.2023,0.5105000000000001,14.7,0.05550000000000001,0.013000000000000001,0.11379303274598015,-0.40999533924153003,1.7825746793170076,0.798659552178128,0.9486842105263158,0.9281639344262296,0.8789555050716575,0.8377949776401789,0.41898115260010266,0.5136123560336527,0.9291121743753322,0.9565872826863538,0.807003862150921,0.6756712261977704,0.7597027021825784,0.6217560310471989,0.8048853286968042,0.902277777777778,0.0,0.0,0.0,0.0,0.0,0.0,0.0,0.0,Eline Roebers,2841.0
20.704181542983108,191.3529337708839,-59.44277262832412,-14.743504997154464,-11.46378126759801,3.971664275466284,-9.087804982859787,-29.83972395835253,-10.222473176124435,11.942851478298818,0.20939999999999998,0.6111,18.0,0.0427,0.008,-0.0657577141358294,-0.18640892297747907,1.5772853286526098,0.7428564311499293,0.804057102057587,0.8719347182114416,0.7939965263919491,0.7218037951320854,0.541175516387278,0.5957712357969731,0.8307047944924347,0.7862385873278632,0.726954490462009,0.7299292874047779,0.7617977125476125,0.47114896753230723,0.614888878725907,0.7956735551747556,0.0,0.0,0.0,0.0,0.0,0.0,0.0,0.0,Eline Roebers,2841.0
19.946693879738127,185.51353966846992,-52.902505251708575,-15.758124362931303,-11.927871857410388,3.9961774251712945,-4.862374307116651,-26.80834469960409,-10.199848928505613,12.657881478688168,0.22149999999999997,0.4591,16.1,0.058699999999999995,0.0042,0.2518026108708131,-0.25078327453569643,1.3779172138851297,0.720126400069445,0.8286844361312447,0.8469242942478242,0.7252561804062352,0.7304827723869844,0.6201362859690576,0.6136485305957401,0.9572560512319548,0.8419566889402595,0.6140296636608771,0.7237344903471237,0.5736474946854433,0.8000685991413393,0.72803184292546,0.8679483893018883,0.00826446280991735,0.0016528925619834702,0.0,0.0,0.0,0.0,0.0,0.0,Eline Roebers,2841.0
20.67536521130436,189.53196057082556,-55.86338938617219,-15.623644182814804,-11.70677989398595,4.0,-5.292859551193102,-28.72037608847524,-10.374815119111851,11.855085449408769,0.2464,0.48840000000000006,17.8,0.0608,0.011399999999999999,0.31660990519196675,-0.07262699231739479,1.6017590215245516,0.775878628328957,0.8636013209352363,0.9027797080862283,0.7889866524923221,0.8246915477789702,0.5361562723594485,0.4858770862088404,0.8337984912378836,0.8565383884370512,0.7263821844315501,0.4975016204716832,0.6427065532651072,0.7369416330969182,0.8125944317120787,0.9213616114572882,0.0,0.0,0.0,0.0,0.0,0.0,0.0,0.0,Eline Roebers,2841.0
22.492694412022992,204.95063622355065,-56.68119523101679,-16.11978591657481,-11.596410850073768,4.0,-6.0804386028613155,-26.17940689888008,-10.45578642579852,9.750633463171715,0.22010000000000002,0.5504,14.6,0.0382,0.0123,0.25832349745333816,-0.14338953771163726,1.9915657659869517,0.905481923748718,0.7250243885792534,0.8688404947112811,0.7631240789410763,0.7618808289272071,0.6250469973222782,0.7595729258070879,0.9461142322097379,0.9760112359550561,0.7693941889166609,0.7946609848833134,0.6198836995872616,0.6733378332141182,0.8522477937371555,0.8504794237772961,0.0013513513513513501,0.0,0.0,0.0,0.0,0.0,0.0,0.0,Eline Roebers,2841.0
19.40575156179575,182.04561193917732,-64.019694004715,-14.95831263167825,-10.96587699948457,3.9983050847457626,-3.8601948445017458,-39.51695044093652,-10.522785551817028,11.806121378957334,0.2292,0.40680000000000005,19.2,0.0751,0.0091,0.25191626136844053,-0.2998644609358895,1.4697306775817671,0.7147179688856566,0.8708809098403005,0.7389304486963335,0.8033510962169285,0.620546224080488,0.5510594787794814,0.43525598214192207,0.87480041532072,0.872104848299492,0.6719538445902659,0.5227723454171904,0.5054724346534691,0.48592235551221635,0.7225813913948431,0.8633389734912578,0.00761421319796954,0.0,0.0,0.0,0.0,0.0,0.0,0.0,Eline Roebers,2841.0
21.871614162426674,202.3751406109847,-65.24008819174259,-14.925203361681653,-11.938031253807646,3.989795918367347,-9.21165584224037,-33.74149459030614,-10.63309455103052,11.219595488956392,0.2065,0.5081999999999999,15.1,0.0403,0.0087,0.041516060317903634,-0.21644132791598225,1.626449054457786,0.8629365598430347,0.9274331065759636,0.877127774589234,0.8197108624545016,0.7959891643411188,0.5826797751751502,0.6552716630743853,0.8720761025588132,0.9105323741007194,0.8237401444774717,0.6395640963510207,0.5914759948268372,0.6579633326912218,0.7927518096236918,0.8249282577648456,0.0,0.0,0.0,0.0,0.0,0.0,0.0,0.0,Eline Roebers,2841.0
23.14697700527442,216.2162138484121,-56.43984041513623,-14.498766606956263,-11.659734682746024,4.0,-10.519669088095812,-23.856247464221603,-9.992761419614867,10.08733884649833,0.21259999999999998,0.5264,13.4,0.0356,0.005900000000000001,0.16767232049559636,-0.1981852630128492,2.1562592412376893,0.9876923076923078,0.8157249817671346,0.9552277601715804,0.8607360736135113,0.9140261917808873,0.503829505082839,0.7011446216942239,0.9887640449438202,0.866279656250778,0.7030160853281562,0.9075973409306742,0.6946130208105371,0.8124835683424111,0.9777777777777779,0.9132730911757129,0.0,0.0,0.0,0.0,0.0,0.0,0.0,0.0,Eline Roebers,2841.0
21.64349704542697,203.31568120216414,-58.416819509243524,-16.970028555683207,-11.387300507220777,4.0,-4.206155896846152,-31.715241285605952,-10.573111784405786,12.435018520518364,0.22619999999999996,0.3911,19.1,0.06820000000000001,0.0218,0.1359543400946373,-0.09994814261886946,1.9123581690306595,0.7995104951765731,0.8684043679686063,0.7298588888868749,0.8200856251828753,0.6927951421537926,0.4881699309461366,0.5714627832936802,0.9288765700053372,0.8868375730994151,0.8114462791368092,0.6081271126060874,0.536347173383328,0.6778932629106764,0.7869212840110983,0.8387481829247087,0.01251461988304092,0.0,0.0,0.0,0.0,0.0,0.0,0.0,Eric Hansen,2959.0
21.509030744103917,188.98613533088957,-63.56577596255353,-15.30692077972308,-11.191252122235333,4.0,-8.02096862214349,-35.248517865660105,-10.602935200208048,12.804818627416529,0.1998,0.6365000000000001,20.4,0.05109999999999999,0.0038000000000000004,0.1713912015695334,-0.20729882694339033,1.9557271669432954,0.7256241274103126,0.8128979442743061,0.9377318435607818,0.4534796641523956,0.781367460432511,0.5854442156798906,0.7236301858097443,0.8101137717825546,0.9436363636363636,0.8673267836662439,0.8219867869803416,0.6309009863814989,0.6802190698715973,0.8896177611761045,0.932289573750575,0.0043103448275862,0.0,0.0,0.0,0.0,0.0,0.0,0.0,Eric Hansen,2959.0
23.158780529421954,198.3995597520465,-56.51194554980373,-16.212495904686474,-12.278535454410019,4.0,0.11727045151747877,-33.08186815479855,-9.996124950672524,10.939808463246354,0.191,0.5507,17.4,0.058300000000000005,0.007200000000000001,0.13022841225832676,-0.06906980549695454,1.663407234776321,0.8380875045878866,0.9092734553775743,0.8163343899663629,0.7451527477780944,0.7301893004772941,0.6583407636368086,0.7084799033324488,0.9219957234497504,0.9664426877470355,0.9779900213827514,0.6268857577271781,0.5104903423156392,0.7252161721123908,0.7952835494778622,0.8948986194995687,0.00296868203566768,0.0,0.0,0.0,0.0,0.0,0.0,0.0,Eric Hansen,2959.0
21.927182394360088,213.28973312339636,-64.49738880738332,-15.849817100810265,-12.94706997060986,4.0,-3.9419410325377706,-36.96416712800139,-9.985984911695702,11.191591336271658,0.2048,0.5209,16.8,0.0721,0.0055,0.06732210812026176,-0.2312995486754294,1.890370144440021,0.914292960032461,0.9481137233460908,0.8824955784046009,0.5213406553498963,0.6264359233555239,0.5833393105724275,0.618455665874184,0.8948030624847594,0.9506868738461212,0.8448293592451546,0.718036641706336,0.6788522839807765,0.5231409517833756,0.7487164408331397,0.8615440276558669,0.0,0.0,0.0,0.0,0.0,0.0,0.0,0.0,Eric Hansen,2959.0
21.665081395683732,195.41222136768133,-63.33479423404431,-15.067691388017181,-11.453439140384237,4.0,-2.751444758652016,-39.24197722552824,-10.354954472584021,11.534712751121386,0.20740000000000003,0.4791,18.2,0.060399999999999995,0.0073999999999999995,0.10169169991698952,-0.39915575321637886,1.5156331760940227,0.8260700899633207,0.7838648386444396,0.7875602406026003,0.6331355549170983,0.5279218976539579,0.5695776681605788,0.6852048333906245,0.9067392077157297,0.8872058815952848,0.9187506246876561,0.6258266393846704,0.4679109412984232,0.6657311521691632,0.8974531353230496,0.9188615560640733,0.0013157894736842098,0.0,0.0,0.0,0.0,0.0,0.0,0.0,Eric Hansen,2959.0
21.657030003349,184.2796335969693,-62.37338471478249,-16.649979336500515,-10.834553361853585,3.9926829268292687,-6.740825078382845,-33.79406315193863,-10.881778797368655,12.53513208443247,0.19729999999999998,0.5423000000000001,17.5,0.0633,0.0029000000000000002,0.10288106053125308,-0.408313985923742,1.511633509456359,0.6473692221580806,0.7657183789846133,0.8520485658590922,0.6354393727377331,0.5949746304922919,0.4643260927272361,0.5238710454676054,0.9132466145797385,0.8495941102131086,0.8555972033958765,0.631600916074073,0.4147255616695612,0.7507297545152679,0.8382408600530254,0.8549003252579442,0.0048000000000000004,0.0,0.0,0.0,0.0,0.0,0.0,0.0,Eric Hansen,2959.0
18.744201095412418,159.14410332821006,-58.73125117129452,-16.60933840031108,-10.983486071637083,3.995918367346939,-3.1498415241115874,-35.372297374177094,-10.891789697437371,14.279583529032774,0.2258,0.42489999999999994,20.3,0.0844,0.0076,0.09018566062772296,-0.23322594653491366,1.508292787621086,0.5405021062695106,0.8400633484162896,0.7029799510679547,0.48233313019292057,0.5966077861720012,0.5529454409055228,0.5434002069329693,0.9186669539610716,0.8615686262664399,0.8353116604027587,0.6749259302551002,0.5712730159835863,0.5083926279561111,0.7401445706487724,0.8168995532491108,0.02985796088346842,0.0,0.0,0.0,0.0,0.0,0.0,0.0,Eric Hansen,2959.0
21.69274431856669,217.38153987163855,-57.64837688221762,-15.912700670595408,-11.881361864380235,4.0,-4.162170840953737,-29.613792363792363,-10.390901451263293,10.312550308767413,0.1907,0.46959999999999996,15.8,0.0293,0.0051,-0.006253542075910489,-0.19496271647587435,1.9408548821377767,0.9121621621621621,0.8037424173383076,0.8118506006006007,0.7951565469949458,0.6465008870929924,0.6476024068408712,0.7663355096403041,0.9657534246575341,0.8985945020362829,0.7686838382052874,0.6524215228820494,0.5824725889486062,0.6547005864120139,0.6788695919728166,0.7060872554712995,0.0,0.0,0.0,0.0,0.0,0.0,0.0,0.0,Eric Hansen,2959.0
22.581510631901338,200.230436457486,-56.595342479668034,-16.468867654447457,-11.199742132544596,4.0,-4.697397389572391,-31.184474940814386,-10.781081652199898,13.736221289910684,0.2125,0.4713,18.7,0.05550000000000001,0.0079,0.21175754738088096,-0.4768798410600663,1.721756741562477,0.771279602750191,0.9502673796791445,0.9520435446906035,0.8273388049858639,0.8109083242290074,0.5718785578747627,0.4914703281116942,0.8525350140056023,0.8895168556933262,0.9344537815126049,0.5915427709545356,0.5942547869587717,0.6477013014394418,0.9286796536796537,0.8902154234127668,0.016401833460656982,0.0,0.0,0.0,0.0,0.0,0.0,0.0,Eric Hansen,2959.0
21.03446205966816,194.4664099039304,-59.282042127752774,-15.278902612575479,-11.820330704936808,3.9980769230769235,-5.125591491036461,-31.48357264787804,-10.701824064384894,11.13010246998199,0.20579999999999998,0.5831000000000001,14.0,0.06870000000000001,0.007200000000000001,0.0395563374796587,-0.23579943653919538,1.6837618291418202,0.8269793093979729,0.8875546000546001,0.8250454606852747,0.7208641709167402,0.7310304592164313,0.7941990231052731,0.5101428832749973,0.9418610960390668,0.8913651098404219,0.9086355203542704,0.676912715130219,0.5320521189678382,0.6641144334803888,0.8817190396137764,0.8666770974232666,0.0,0.0,0.0,0.0,0.0,0.0,0.0,0.0,Eric Hansen,2959.0
20.22452144906718,207.4972757974409,-59.48991823452404,-12.23534106964126,-11.55854530955519,4.0,-3.938382087178627,-35.39989338957811,-9.17422694199179,8.816470563420943,0.1662,0.4046,13.2,0.0429,0.0,0.07324790573160862,-0.16158294995708794,1.6480562441214566,0.9040627450980392,0.9208697469660748,0.8451619351135558,0.8382693337674331,0.817909100812377,0.7037160435176119,0.6728887746967687,0.9622641509433961,0.8427411837453528,0.8451361606012814,0.6552200145197784,0.561922185643736,0.7389022421451101,0.9199799532241899,0.8833225069465884,0.0,0.0,0.0,0.0,0.0,0.0,0.0,0.0,Eric Hansen,2959.0
19.295785957591285,183.20858316086714,-58.77431748763248,-15.932985445539334,-10.251945010915104,3.9934426229508198,-5.036290836434185,-33.7978306440266,-10.531683577178606,12.782975403510532,0.1882,0.5640000000000001,22.5,0.0776,0.0177,0.11994295489760969,-0.08101686180001844,1.8227183394843842,0.6827102187117674,0.7570855648553743,0.8452674044136778,0.6080283677020558,0.6566630460320033,0.5415092239100769,0.541446202950688,0.8087111277860156,0.9328364849833148,0.9421532954272009,0.7571335558214284,0.5502888083401328,0.5121468346562448,0.7519852010499415,0.7911870633651323,0.0,0.0,0.0,0.0,0.0,0.0,0.0,0.0,Eric Hansen,2959.0
20.746016046400545,191.31370155428004,-58.16247591170092,-15.466494987494425,-11.449203925525609,3.992731145653243,-4.618721912771113,-32.45743107511907,-10.367081687658407,12.203726531214468,0.2124197530864197,0.4666063100137174,18.06378600823045,0.0602565157750342,0.0074458161865569,0.1060122139794383,-0.2556364264706132,1.673300121211507,0.7614743689594928,0.8951868602480298,0.83477165247305,0.6377681760203672,0.6813995285161711,0.5915368449802668,0.6055673016011752,0.8941857567867877,0.8912032076939471,0.8660404174735765,0.6233515243274713,0.5513873958608442,0.6379656728591041,0.8126408446830052,0.8538609767016524,0.0445626309148288,0.0354286644909444,,,,,,,Eric Hansen,2959.0
21.366700339183122,190.4356638210865,-68.9220505253791,-14.322638992234257,-12.374277611616535,4.0,-9.079574677270324,-39.311498308190366,-10.815686516561676,12.981625580494043,0.1879,0.40330000000000005,19.4,0.0519,0.005699999999999999,0.05795794167273952,-0.3483034765602339,1.6750297941973258,0.7930002819340677,0.9759803921568627,0.8185856840279208,0.5777150721908184,0.6243679841241783,0.688313684635378,0.5079797585250494,0.8829218581637651,0.8387752498322218,0.7039704651101993,0.46942387530611834,0.6194028594586393,0.5719972955503967,0.8795623544680689,0.9069283618959394,0.012330453578213189,0.00866141732283464,0.0,0.0,0.0,0.0,0.0,0.0,Eric Hansen,2959.0
18.67174878714929,181.63441585209907,-62.59931908480702,-16.690258471379114,-11.608874787304755,4.0,-4.902527613659527,-35.29892911777248,-10.879976573544294,12.781247478853142,0.2242,0.4588,22.5,0.0942,0.013000000000000001,0.10796602455462494,-0.3377200289956124,1.591052466871941,0.7319926279485313,0.8022247613257829,0.8196055100112194,0.5200112748171432,0.6146160685514528,0.5008821906912413,0.44121994655776753,0.9023713475538695,0.7716623440682199,0.9127068173827813,0.6117934702513044,0.4446433869882516,0.6540992057536175,0.7420505172284959,0.8584116136484298,0.0,0.0,0.0,0.0,0.0,0.0,0.0,0.0,Eric Hansen,2959.0
20.297140169741333,174.7215130897909,-63.34105593748334,-15.856676274081433,-11.722974700812586,4.0,-3.0168728021667244,-39.11110689953955,-10.009321988145192,12.375896727262157,0.2263,0.5093,14.0,0.030699999999999998,0.0,0.06735978467679463,-0.274817875997739,1.9885721668302279,0.6567356571147532,0.9392914653784219,0.8663998831855976,0.6234807828855448,0.5455000833088575,0.7233702100368766,0.6830742895747893,0.9703703703703704,0.9014170692431562,0.9401419698314107,0.5185950145761311,0.6490780044595993,0.6883339084426041,0.8979859739442448,0.9235039839387665,0.0,0.0,0.0,0.0,0.0,0.0,0.0,0.0,Eric Hansen,2959.0
21.47000030852515,192.34180824983622,-65.25728216341872,-16.746294354368892,-12.827053961094247,4.0,-7.480304285661428,-36.171593566314066,-10.836506692065697,14.804470696085602,0.202,0.4141,19.9,0.0831,0.011199999999999998,0.061210194797151306,-0.4294120694120694,1.5352710223983517,0.7774921702159289,0.7964792217128666,0.8242628838289268,0.5876347396422047,0.6818528322954198,0.5603451309382346,0.5365117720254713,0.8606306384455239,0.9146746944644141,0.935768903993203,0.5413869802299568,0.41254066607824547,0.5481975157560024,0.7244385799420298,0.7589555280466614,0.00093457943925233,0.0,0.0,0.0,0.0,0.0,0.0,0.0,Eric Hansen,2959.0
21.183186506475778,200.65231473952312,-62.46340305707737,-16.549583530858445,-11.108608316714747,4.0,-4.917652018731757,-37.06505314510422,-10.197449997448993,13.374943951780784,0.2253,0.5673,22.1,0.07350000000000001,0.0114,0.005179045067911392,-0.29509885816096226,1.6714179565952088,0.809406142587453,0.8276660059400285,0.8763874268065649,0.4699905527419085,0.5411575537810999,0.5164472073949586,0.5845892132710405,0.8821313888967337,0.9047401023431189,0.8703144080463467,0.7600326149887816,0.43503545426358,0.4480588316471388,0.7880070825790668,0.8384425456612157,0.006617647058823529,0.0,0.0,0.0,0.0,0.0,0.0,0.0,Eric Hansen,2959.0
20.863035527317976,188.39853775689235,-64.9965664177363,-17.218181608245516,-12.059618540582788,3.992424242424242,-5.603784124295692,-35.6335385061566,-10.773901720193765,12.30003383931381,0.20550000000000002,0.373,18.9,0.0517,0.0183,-0.060629813629426196,-0.1278937727293743,1.9225640220548428,0.7604564470921988,0.8812187141357166,0.755576078722972,0.715164828749617,0.7516807470410556,0.5561929375975829,0.5722021663667853,0.8806788681092502,0.8433887211146895,0.7481556991647688,0.38720455264563747,0.4179802642664122,0.7344704178930737,0.7858021734734064,0.7560476563324691,0.0,0.0,0.0,0.0,0.0,0.0,0.0,0.0,Eric Hansen,2959.0
19.60267152907366,184.60680001011391,-56.71327160282491,-16.035829368461215,-10.884050319194397,4.0,-4.4163536223817665,-31.13416373849944,-10.003421633268236,11.760547078980142,0.1673,0.4833,15.5,0.0471,0.0027,0.10033139536562459,-0.370449830148106,1.3439286459874697,0.7790336506633757,0.8986998645217845,0.9065903890160183,0.6345915355025554,0.6532258844716835,0.8163129651039676,0.594124686368957,0.8728936728999287,0.8998285105573188,0.852391542677924,0.762549627975684,0.5585418234585127,0.5243782207566549,0.8556477262701849,0.8699644844780909,0.0017391304347826,0.0,0.0,0.0,0.0,0.0,0.0,0.0,Eric Hansen,2959.0
19.19290206524263,181.19848074222983,-67.82091404153553,-16.419984293096256,-11.055755327504261,4.0,-3.673164444712035,-41.92139595936947,-10.770595897036799,12.01998188018327,0.21810000000000002,0.3843,16.2,0.0668,0.0036999999999999997,0.2575792177692202,-0.12876070092564934,2.0575174437623494,0.7624309314803832,0.9287477954144621,0.8018567557607774,0.8209286944752062,0.499920931499628,0.5382638049287185,0.6804033412255744,0.8433086677018251,0.8597322721990963,0.8353951890034363,0.48028967124723376,0.6693888987563327,0.779071865534381,0.9295602573323742,0.9569620253164557,0.0,0.0,0.0,0.0,0.0,0.0,0.0,0.0,Eric Hansen,2959.0
18.745256839993555,176.0870617320992,-59.28040834774551,-11.901535587239392,-12.947866263387258,4.0,-8.705902559981798,-32.825049454004755,-9.991017651984322,13.090963168852017,0.1779,0.36290000000000006,20.7,0.0668,0.0043,0.00016629848508057933,-0.5164516479805233,1.3329483397851494,0.679721930991799,0.8564021118368899,0.8334082829819188,0.5509128690195605,0.5706621144071778,0.5411625812994101,0.5871848780703737,0.6797045228338586,0.8979303488815923,0.8809708342723306,0.5149364355925001,0.46367235267630236,0.7816927527340288,0.7339760710814545,0.8040053775862095,0.0,0.0,0.0,0.0,0.0,0.0,0.0,0.0,Eric Rosen,2918.0
18.085467799666606,155.75381343041732,-64.33153002309473,-13.127880041354468,-12.955002567339733,3.997183098591549,-6.106797535792949,-40.20617158050675,-10.468756969863547,14.53589557317117,0.2239,0.5313999999999999,17.9,0.0692,0.0032,0.2803821941702818,-0.37382664107686026,1.47460804968041,0.5538114812323823,0.7913210664343552,0.7087544571617788,0.6832395385885547,0.47905813267774044,0.42306235210134435,0.5926348403092132,0.7176799972523208,0.645880570144741,0.9271824649875541,0.6813223440338747,0.5036062515117884,0.595881873876521,0.7619261498269825,0.7484839991601888,0.00205882352941175,0.0,0.0,0.0,0.0,0.0,0.0,0.0,Eric Rosen,2918.0
16.109563800943995,144.4341664287093,-69.76992892475671,-15.580212816789182,-12.630956930857968,3.975669557503174,-5.420871086982588,-41.43384160706723,-11.356211539204454,12.676495498641547,0.18469999999999998,0.35,21.4,0.0789,0.0073999999999999995,-0.08464554751740105,-0.17264796752063302,1.4641118246940572,0.4693967548561086,0.7385191766995951,0.7592430007647398,0.5916347155796062,0.47981918238468263,0.42642169030483956,0.5852249656389784,0.7508620520333327,0.7174624606403597,0.7552686887117107,0.6084406296243468,0.34112828609634693,0.4819423373429591,0.6360178962081078,0.618040400441177,0.0,0.0,0.0,0.0,0.0,0.0,0.0,0.0,Eric Rosen,2918.0
21.30424886979674,196.14890839467952,-49.72891742351419,-13.38862601403972,-10.721526094157406,3.9831034482758625,-8.62411245546975,-24.721139849757627,-10.089087779708127,13.832471321342585,0.2234,0.5388999999999999,15.0,0.0482,0.0116,0.02551125598989638,-0.5155656114883678,1.6492602292462295,0.748948765824461,0.8499016778827684,0.8845669791832194,0.7036792517052516,0.5643838273772951,0.5302195558515951,0.7160680340155254,0.8063829172833626,0.9538429580390527,0.8318547018472444,0.8044722861601434,0.5032147967435414,0.7917119650765001,0.9191705069124424,0.8159058978575228,0.00086206896551724,0.0,0.0,0.0,0.0,0.0,0.0,0.0,Eric Rosen,2918.0
22.527195837548774,199.7002323347029,-46.165172920160614,-13.636278845690612,-10.479482660764475,4.0,-2.8369293663411312,-25.800843846137962,-10.02303342762166,12.611395226395228,0.2152,0.5203,17.0,0.06290000000000001,0.005,0.34627945133827487,-0.4359495798319328,1.2981548462136696,0.7659147813259637,0.8352745279812119,0.7687314160585671,0.7407446171962098,0.6632492797795915,0.4204071639126451,0.427880605017545,0.9413529411764706,0.9358823529411765,0.8055643758548203,0.6438299743517353,0.5455766633562597,0.6130233925246599,0.8883309920983319,0.8704883209000857,0.00941176470588235,0.0,0.0,0.0,0.0,0.0,0.0,0.0,Eric Rosen,2918.0
20.936317341483864,185.74592863528812,-51.42628015653656,-14.768922781960905,-10.469135161277537,4.0,-4.382507885088069,-27.535954090247703,-10.565060838666938,12.295300600704595,0.21910000000000002,0.4274,18.9,0.033699999999999994,0.0059,0.10413558777970322,-0.5765410202289084,1.7193262604551158,0.7250889785938929,0.8891803283651217,0.9048181276088254,0.4958174146768092,0.6572617573131447,0.5351475098489442,0.6961094530483496,0.8788944432341939,0.9239739508824864,0.9143589743589743,0.6889370451592189,0.3939090088865977,0.8071840059723705,0.8439870216816479,0.8687108996387346,0.0,0.0,0.0,0.0,0.0,0.0,0.0,0.0,Eric Rosen,2918.0
16.818902170252265,163.31159915363995,-61.598922004673874,-13.296079608774104,-11.188261081262478,4.0,-7.576829250761888,-35.68183254337903,-10.435660279947756,12.579740759451386,0.24240000000000003,0.38380000000000003,18.3,0.0659,0.0029,0.08136218240962076,-0.5433268192907662,1.4664203419393174,0.5681939686722296,0.9447777777777777,0.7810716845878136,0.6182614209851237,0.6290168406472754,0.3702079681992726,0.578621017053696,0.8943118931247962,0.8378855218855218,0.9010433783659589,0.591423022180666,0.46954520535305944,0.5187259473215995,0.8400310633213859,0.792075486043228,0.0,0.0,0.0,0.0,0.0,0.0,0.0,0.0,Eric Rosen,2918.0
19.454094428205366,189.55449861303003,-61.27558757711417,-14.86843867752601,-12.45452921173558,4.0,-7.737864415639791,-32.21043425109515,-10.127388763900173,12.123067742782535,0.21070000000000003,0.4556000000000001,20.8,0.09240000000000001,0.0118,0.16641408976578131,-0.377704458830344,1.662685986630125,0.7353544295210961,0.7865963946581924,0.9183479441906408,0.5909179414010874,0.45176122275560476,0.574467090822896,0.529126768293435,0.6558287884954552,0.7197848817848818,0.6815800327429542,0.6830300810300811,0.7040236615236615,0.7693384393384394,0.8441775827169085,0.7754763467216651,0.025,0.0,0.0,0.0,0.0,0.0,0.0,0.0,Eric Rosen,2918.0
19.432839230267707,187.99707003136464,-64.52206818725425,-13.822936186958795,-11.008299882634175,4.0,-5.598386774733491,-39.37329416973714,-9.839727121108673,11.120575947918041,0.24330000000000002,0.39039999999999997,18.5,0.0718,0.0070999999999999995,0.28491576766476745,-0.529336509659461,0.8983069315450651,0.7400488230070971,0.9700899908172635,0.8267090960582889,0.5524508548294452,0.7581987352496611,0.620971652680276,0.5323464030597542,0.9367020540437883,0.9007885835312504,0.8674152996073973,0.4474310337882944,0.4444108542849602,0.6926729596046366,0.771726830747591,0.7672219959451142,0.0,0.0,0.0,0.0,0.0,0.0,0.0,0.0,Eric Rosen,2918.0
19.92170247964651,184.06003423906594,-57.717828450644035,-15.118657047313764,-12.713834335722684,3.9939999999999998,-5.858121902384963,-31.928634547058056,-10.57180547261331,14.479224854448736,0.19169999999999998,0.46729999999999994,14.5,0.0718,0.0038,3.504201451962896e-05,-0.4387336341254251,1.2607627661601541,0.7101007956969326,0.8685230685230685,0.8374595219694008,0.538002136364418,0.6019219674940423,0.6240186737089715,0.6114956031453813,0.9409817045961624,0.9038684550187254,0.7820278521000447,0.5902926282793161,0.5696072037027047,0.5368324377992593,0.888537426797592,0.9106170601316232,0.0007407407407407399,0.0,0.0,0.0,0.0,0.0,0.0,0.0,Eric Rosen,2918.0
18.80993480833421,179.68531645799084,-60.2142794897518,-13.701798450551294,-12.354038515245339,3.9870967741935486,-5.21462995657073,-34.769444363970436,-10.055619924772635,11.894154947165084,0.20929999999999999,0.3936,17.6,0.0651,0.013300000000000001,-0.012741802799898758,-0.10396222448055399,1.8815797359402269,0.6828279972591553,0.8434914738534509,0.8498923818327748,0.6037756142062074,0.5488919891357209,0.459499109719063,0.6830605774605683,0.8755333545396914,0.8509714774235828,0.8701795702877362,0.6815924560601792,0.44315529633234885,0.5607135679323166,0.8196576155342026,0.8023722481493847,0.01355816226783968,0.0,0.0,0.0,0.0,0.0,0.0,0.0,Eric Rosen,2918.0
17.492441479229168,151.4839647816633,-54.76508732468743,-16.47446907178296,-10.840867021857365,4.0,-5.154996072771443,-29.77850674829878,-11.508577786389603,14.992329376412723,0.22599999999999998,0.37429999999999997,20.7,0.0506,0.0049,0.16179482950085217,-0.38982841810646035,1.1513411320865892,0.5612809197383287,0.8442535514329167,0.618188472514658,0.593926724332459,0.761272343621433,0.4706144308199402,0.4410392112059047,0.8548181213778647,0.7971552943421937,0.8219988897068585,0.4577949523849384,0.3578841890874971,0.681546521470947,0.5986815154000922,0.7603733599908797,0.00344827586206896,0.0,0.0,0.0,0.0,0.0,0.0,0.0,Eric Rosen,2918.0
16.17643293566597,162.31292943696548,-60.18665031692484,-15.307001913086813,-10.61526614150561,3.9936953242835598,-4.989639802892297,-35.46313249319253,-10.30843325453986,12.50312796400872,0.20129999999999998,0.3176,20.6,0.0852,0.0116,0.04634830524893728,-0.23118604958852634,1.7258198735074821,0.6367767074359232,0.735762815841274,0.794915047871629,0.46854653626142617,0.602183574022315,0.5160667193624326,0.33063010874552334,0.8181474694565262,0.8519252806435137,0.715065393659099,0.7315192673207062,0.416942411681021,0.5494024583333758,0.7198545324139729,0.836849759926683,0.0,0.0,0.0,0.0,0.0,0.0,0.0,0.0,Eric Rosen,2918.0
19.9635945813808,180.52297951143134,-66.28013965821738,-15.194414024728497,-12.052243587817188,3.992587209302326,-7.277952732352344,-37.30991490772036,-10.645526539417526,12.20732492451621,0.2043,0.32880000000000004,21.0,0.0456,0.0159,0.08929253218706465,-0.6390443199867305,1.5829195162071386,0.6206724418426876,0.7631172679822902,0.9483912178702572,0.6837108980674869,0.46302711874366886,0.48088938439286133,0.43602174560441564,0.8372595403323573,0.8621759940206193,0.8160082528863578,0.6096688009829254,0.42160409180761105,0.6723588627957644,0.74848977898653,0.7066474243160846,0.004407894736842099,0.0,0.0,0.0,0.0,0.0,0.0,0.0,Eric Rosen,2918.0
18.090077102889648,159.24011951920556,-65.75502791413078,-15.62753089858702,-13.990057989861455,3.9872340425531916,-7.016442639924402,-36.48085980374676,-11.178412682288057,14.551042057723723,0.1843,0.48180000000000006,24.6,0.0841,0.0049,0.1367540048432639,-0.47172761032342203,1.7105075665556964,0.5319339635094688,0.7746385041968746,0.8647957772765746,0.5549447079514644,0.596258148300147,0.43538188919380766,0.3703402643486348,0.6246648816761066,0.8502001487455824,0.7726327586569545,0.6057295680073713,0.5339240227824885,0.5293411035577045,0.6992237421862437,0.8818208165731283,0.00051546391752577,0.0,0.0,0.0,0.0,0.0,0.0,0.0,Eric Rosen,2918.0
19.675774202862975,187.835684824048,-62.84056802516479,-12.781326110100872,-12.758912884566145,3.996,-9.910306805772688,-34.73699755463146,-9.723276486047578,13.074251815953946,0.211,0.47700000000000004,20.0,0.07220000000000001,0.0067,0.005874988900667561,-0.1462007555771312,1.3490828697673893,0.7218177449461852,0.9031548899129543,0.8016515375716322,0.6859296899100981,0.535626458583989,0.5707427311510396,0.45440454392197316,0.7993489941696956,0.791418639523277,0.8475322505102947,0.7867719605047216,0.47315138934092726,0.5101463839340429,0.8289056561471477,0.9866666666666667,0.0,0.0,0.0,0.0,0.0,0.0,0.0,0.0,Eric Rosen,2918.0
18.49409832242163,180.06006310194877,-59.1488217872837,-15.202555682177486,-11.972143007576395,3.989061490873245,-11.414664300007939,-26.489598215671304,-11.09783030759039,13.038908234866568,0.173,0.5525,22.6,0.0387,0.006,0.07874580412161201,-0.1680436380815403,2.0815489368911404,0.6790723512155463,0.844768200194765,0.6837710798861092,0.6759800129609397,0.5917972302282848,0.6378034868745766,0.44462405245284276,0.6959639382359748,0.7137828539894919,0.6965471195303626,0.7818203935270855,0.7496595159552312,0.49788902411255426,0.7366443107781374,0.6764431158001225,0.007093322765999589,0.0,0.0,0.0,0.0,0.0,0.0,0.0,Eric Rosen,2918.0
18.87648152624362,181.47054930059434,-58.894393978804054,-14.42259468868409,-12.203535860134252,4.0,-6.137142917684399,-31.970942200425064,-10.660470933910783,12.500292622034536,0.2224,0.52,21.1,0.0446,0.0021000000000000003,0.15367605157582603,-0.19111272671943366,1.4770186360150646,0.741016331344277,0.8954527162977868,0.8277879061955675,0.5390065934760236,0.5342189151143862,0.4937877862889509,0.44874658928325173,0.8514298695398196,0.8731817788451137,0.8565517346503262,0.7472756655990099,0.3117014455361376,0.697504491406855,0.7470403072826373,0.8775517812758906,0.011632658620971462,0.0,0.0,0.0,0.0,0.0,0.0,0.0,Eric Rosen,2918.0
17.949288374408496,165.03709855166932,-75.89793959642323,-16.50513112787619,-12.84378518853974,3.9985074626865673,-7.549707606850147,-45.41405678063963,-11.482260968956304,13.89849461375223,0.1894,0.30090000000000006,23.2,0.0794,0.0183,0.19140949248625333,-0.43579272706458483,1.2514000557436815,0.5578205716789341,0.7830447355202887,0.8091590465758317,0.4555690269269756,0.4315005733373208,0.47804085522829265,0.41680412411285966,0.7857376690959271,0.7093428897841463,0.6655044614991792,0.4912804851767838,0.48753634639657173,0.6318558759898286,0.6719948816578859,0.7164510273092888,0.040517577174018896,0.0,0.0,0.0,0.0,0.0,0.0,0.0,Eric Rosen,2918.0
20.883609513362902,176.26080665705902,-51.57944884228063,-14.291382277954053,-10.469065294341155,4.0,-5.944198236833638,-27.55721415145867,-10.265454857293136,12.947865975600033,0.2206,0.4250999999999999,16.7,0.08080000000000001,0.0055000000000000005,0.06469135452233817,-0.28281462851293504,1.776535904436674,0.6892110851464277,0.9089914206579748,0.7726330652339307,0.7337915764640197,0.606868370875328,0.6451276634168035,0.6961594330021275,0.9158037247391363,0.8902656828884579,0.8663590616095027,0.7005659532940072,0.3541187229922381,0.8390618638137889,0.7042313097025167,0.8568193000347609,0.00884955752212389,0.0,0.0,0.0,0.0,0.0,0.0,0.0,Eric Rosen,2918.0
19.28545708852013,178.22806582322642,-61.9764570246168,-14.541004785606022,-12.00355443446748,3.996401506740711,-6.613035770923212,-35.185491647377766,-10.549869422731955,12.920097529748933,0.2073157894736842,0.4376606315789473,19.917894736842104,0.0653747368421052,0.0075566315789473,0.0843750598176794,-0.3644574009328672,1.484800245200844,0.6766143186172313,0.8562226822206349,0.8012292987358136,0.5757426306169504,0.5682376536798612,0.5301905641396643,0.5382120734644801,0.8404659252697468,0.8431510788436642,0.8225209901905346,0.6371758829940476,0.4636378702648288,0.6312973380618602,0.7690299692123799,0.8182698929138313,0.0567807965269332,0.0378836043045518,,,,,,,Eric Rosen,2918.0
18.561850199122773,177.5287823298184,-58.56664744204405,-16.610318689894164,-11.484195406060683,3.9980769230769226,-5.517020802874914,-29.47814608640249,-10.435101741005044,10.960058361116312,0.2493,0.35329999999999995,19.0,0.076,0.0188,0.02644278018368315,-0.19005210362353217,1.786628549948631,0.7034082333589129,0.9127272727272727,0.8642979868511784,0.6869332384919788,0.6073059638297981,0.5289335551704051,0.5562215797783843,0.8408255810383469,0.8343141968392871,0.9543605943605945,0.7015371478323821,0.542825372697176,0.41573400580728703,0.6384607827161018,0.7423443776753741,0.00101010101010101,0.0,0.0,0.0,0.0,0.0,0.0,0.0,Gawain Maroroa Jones,2872.0
21.939673822554255,195.61155281463704,-55.24300484845461,-16.8665465874705,-11.575501328423913,4.0,-5.884540278562017,-25.504108791269115,-10.694567217203087,11.282259354474029,0.2129,0.36060000000000003,18.6,0.0417,0.0047,0.09856059399537662,-0.1893336253118862,2.019632530814596,0.7434706908443014,0.9176137139107612,0.9030603028214961,0.8232610513830002,0.6944102741294282,0.5337165826603436,0.6787551459695405,0.9318564065855405,0.8662463819759756,0.8514224325329167,0.6300745967990665,0.4692588050602529,0.5647905134752597,0.768564584041618,0.8397459339138266,0.0,0.0,0.0,0.0,0.0,0.0,0.0,0.0,Gawain Maroroa Jones,2872.0
19.603948034024416,179.7884632815604,-54.39683798911754,-16.51600214728203,-12.140991126509606,4.0,-5.087744691033364,-26.043655071419032,-10.236873015143427,11.628428062269915,0.22410000000000002,0.39740000000000003,17.1,0.04540000000000001,0.0079,0.07831290979343844,-0.21034273373226733,2.1621891811887446,0.8018683485901805,0.8219692135341331,0.624200344801035,0.766831956806031,0.6094129426797682,0.5800588344198774,0.48106505520790976,0.9308852308046507,0.8503172269583912,0.8576732201581112,0.5279677003618601,0.6257771703377893,0.6543504707667112,0.8426486773320937,0.8739919449018441,0.0021342068691681503,0.0,0.0,0.0,0.0,0.0,0.0,0.0,Gawain Maroroa Jones,2872.0
18.67952416694639,171.12745491687832,-60.905985686665325,-15.293682374383156,-12.265507935640338,4.0,-5.151052775664178,-35.46604647124827,-10.423598645712717,13.69390251598334,0.23099999999999996,0.23099999999999996,16.7,0.06309999999999999,0.009600000000000001,0.16443746588468722,-0.15765928707638996,1.879194983155001,0.6585738717070742,0.9318181818181819,0.7306804824459721,0.6368447712802083,0.4469313313694416,0.6185763535659441,0.47234596673032525,0.8168292891251567,0.9226484907497566,0.7867480910839575,0.5220658298584475,0.5868231344189682,0.5622927024940606,0.7787042201175869,0.9147368421052631,0.00252361673414304,0.0,0.0,0.0,0.0,0.0,0.0,0.0,Gawain Maroroa Jones,2872.0
18.512783464727967,163.9623922292322,-57.539075279737986,-16.366299557561955,-12.730377248840032,3.9957446808510637,-5.014714853944385,-29.240892133924667,-11.266500180761444,13.083964014443438,0.22230000000000003,0.3032,17.8,0.0613,0.0060999999999999995,0.007822763284060941,-0.2481991670869325,1.3188269626960925,0.6126476140217145,0.733429578364514,0.801635440127955,0.6419998571427032,0.727807796392069,0.5176382976636422,0.6357282228208603,0.8577658188904327,0.8593430414374641,0.7023554542573622,0.6457622177016153,0.4808863735271537,0.5294539174352815,0.6824639648084185,0.7805479039003987,0.0,0.0,0.0,0.0,0.0,0.0,0.0,0.0,Gawain Maroroa Jones,2872.0
18.197232535982536,181.26491707366708,-63.56820838395406,-15.411774799274799,-11.700757547753227,4.0,-7.830906246531247,-34.543811628186624,-10.646676934176934,12.565718771968772,0.2151,0.42299999999999993,18.4,0.043800000000000006,0.0,0.05492273929773929,-0.14905423280423274,2.0701199494949494,0.7662748419511918,0.760891004366467,0.7775402348756032,0.5010635909707934,0.6619838337535026,0.5131456181051556,0.537449551703945,0.7974687065833879,0.7818519734614069,0.7206974728100477,0.7017291323186787,0.5036390821677746,0.6752839648294193,0.8992666406051086,0.8531195833028595,0.00091743119266055,0.0,0.0,0.0,0.0,0.0,0.0,0.0,Gawain Maroroa Jones,2872.0
20.656138207557948,175.07760305921647,-54.04951333368224,-16.790723746621133,-11.963145666927797,4.0,-4.258230095928221,-28.190371855644088,-10.294693823458774,13.447651854897774,0.2183,0.4619,19.9,0.0774,0.0134,0.09433723533953933,-0.3964688433732146,1.6733033913053226,0.6712646718026354,0.9516666666666665,0.8162442984856778,0.5719406684403067,0.6162716721767367,0.5504639953766945,0.4700801418664423,0.8883694294662213,0.9342191788266625,0.8459728657007112,0.5186387710925404,0.5925877003800762,0.6680381151952405,0.7625021622933013,0.8812537249893572,0.0,0.0,0.0,0.0,0.0,0.0,0.0,0.0,Gawain Maroroa Jones,2872.0
17.95066055808274,164.6980323598419,-71.08517822836691,-14.666027506159192,-12.828384393953911,4.0,-9.371003255411978,-40.2431660962666,-10.695558621289385,12.718961644714167,0.2149,0.35119999999999996,19.9,0.06340000000000001,0.0111,0.14058622596939446,-0.28225548208306833,1.6331637559786827,0.598229285701273,0.7290287170018538,0.85875,0.5290875292596418,0.510619960140443,0.5894207041826105,0.7249543878550769,0.8114254474933261,0.7314021426769487,0.7390486648865153,0.528843947785009,0.5574429589867498,0.8057746852729057,0.6358848700967266,0.8779375212612249,0.025555555555555547,0.0,0.0,0.0,0.0,0.0,0.0,0.0,Gawain Maroroa Jones,2872.0
16.91190848501072,151.89207884188363,-61.80887430853191,-14.109213878026381,-12.221144547485608,3.9972972972972967,-7.610306680928372,-35.07661516467188,-10.046501720636893,13.257610385919913,0.2427,0.4798,19.3,0.09029999999999999,0.0093,0.09921739940527842,-0.38583603440414393,1.253055225095702,0.5498518981905318,0.7392280500835435,0.7537114638337634,0.6142379649250571,0.6434420301288484,0.6407639394154259,0.533399743419446,0.7696939959442689,0.7755038124003872,0.6928776131471549,0.5791136400785314,0.64702016382768,0.5229634965576552,0.8369813926956784,0.8073353759327528,0.00545454545454545,0.0,0.0,0.0,0.0,0.0,0.0,0.0,Gawain Maroroa Jones,2872.0
17.028600406147483,160.73128760864353,-60.6791436139019,-14.992007197904224,-11.406059257071696,3.98780487804878,-7.903819896319243,-33.45172119670473,-11.347735344112357,14.43439440016157,0.22949999999999998,0.3909,27.2,0.0998,0.0054,0.22996024365345305,-0.23460732785880248,1.4074355524736022,0.6225213360321333,0.7473029646260885,0.787266439873416,0.49908255553598735,0.5444796985712235,0.3628341542269272,0.4175832551961042,0.7670395681021178,0.7001599490486414,0.7338649549540157,0.5369957486004936,0.6216654131346554,0.6190332855184937,0.615217904996348,0.6638751078212948,0.02094424912104469,0.0,0.0,0.0,0.0,0.0,0.0,0.0,Gawain Maroroa Jones,2872.0
17.15742858646334,165.1752578582522,-67.15625403389302,-14.912573030674224,-12.771772866390624,3.996875,-8.081420900885512,-37.147404285368935,-11.628986797883575,13.389028847309868,0.1921,0.315,23.8,0.05820000000000001,0.0,0.14607002369539943,-0.24047912134845703,1.3471735648642222,0.5928286081630617,0.7769802461531963,0.7112064732505086,0.5240557389732821,0.5705912145870041,0.5371030893399933,0.4250723329748153,0.8762641712568164,0.7685337290379031,0.6778262922660749,0.5659251883154799,0.41400220204310056,0.5240764036602223,0.6314042402367914,0.7627038398509183,0.0537676777100334,0.00186915887850467,0.0,0.0,0.0,0.0,0.0,0.0,Gawain Maroroa Jones,2872.0
18.453688091256385,167.7135309745782,-64.84089785816643,-16.33762097252976,-11.193275511084487,3.98446455505279,-7.740202954193309,-35.30219111429366,-11.634859300741791,13.382787439623806,0.2096,0.4111000000000001,23.8,0.06989999999999999,0.0015,0.20436784991246287,-0.07310176125244619,1.660917594171746,0.6689266636398475,0.6946210952436775,0.6483619152519136,0.6948829614409429,0.4915036619138597,0.37128501629908406,0.46338483141323905,0.7424198869297309,0.746914258563979,0.8033540345404543,0.5682824204557312,0.4797172339499964,0.4707159749653897,0.6686695878079709,0.7492590934754741,0.00068493150684931,0.0,0.0,0.0,0.0,0.0,0.0,0.0,Gawain Maroroa Jones,2872.0
17.08246675744237,156.33515451235573,-64.37252971217222,-15.823555701970335,-10.639444027769455,3.982971175166297,-6.472217115174433,-36.71137182289622,-11.013177201506469,12.304264981978395,0.2145,0.3218,21.7,0.09419999999999999,0.0097,0.07973087582233926,-0.28939932052127176,1.2257919084321522,0.5439843470251043,0.7635004246573566,0.6691435698447894,0.5765288363956528,0.5780194516458957,0.5966659999891707,0.5136392557846344,0.8599327986523109,0.758902940234776,0.7546423179654888,0.47236655609730055,0.5508351032436398,0.5739683282414347,0.5840462655273309,0.8215282989368354,0.013048245614035078,0.0,0.0,0.0,0.0,0.0,0.0,0.0,Gawain Maroroa Jones,2872.0
18.744671136046133,162.4084506636083,-59.63540542667499,-16.209470126070777,-10.677280015384266,3.9913043478260866,-8.138440410792066,-32.361807380131175,-9.99106870032419,13.7513568582014,0.2432,0.4904,17.5,0.047,0.0021999999999999997,0.09631383099390618,-0.2005359051105878,2.0997304626253697,0.6106125282787971,0.851819132694677,0.8010980024341636,0.8012095532623877,0.6201192958998529,0.32825895120951787,0.5867457404951006,0.9112014329892052,0.9154422809720832,0.9420760421985135,0.6150941588182386,0.5659787768799865,0.5221695313026131,0.625588797405557,0.8029984724843663,0.0,0.0,0.0,0.0,0.0,0.0,0.0,0.0,Gawain Maroroa Jones,2872.0
16.446166336159244,154.99757973833775,-52.38528983858163,-15.364453025649945,-9.612879629960197,3.996,-6.101306188506559,-28.700726752040516,-10.64251885399657,14.040594611572166,0.21990000000000004,0.4008999999999999,21.4,0.0628,0.0060999999999999995,0.19413870165138242,-0.36979356369094796,1.820224836953449,0.5635634000001033,0.7841410005795704,0.7705474665955224,0.6478765172866932,0.5673411530663685,0.3937406750081656,0.5979143442901156,0.9572528735632184,0.8004885981675169,0.8179043672300335,0.539287284944227,0.8442666735851667,0.5398146602701989,0.7549581016557921,0.7802700727990924,0.00709219858156028,0.0,0.0,0.0,0.0,0.0,0.0,0.0,Gawain Maroroa Jones,2872.0
17.278391718551518,154.36814924352353,-58.31519912556611,-15.59716198513507,-12.139538516667482,4.0,-5.109172707490623,-31.524258336747824,-10.379775429224546,12.434707849699437,0.2258,0.3479,17.8,0.0768,0.0,0.1443977626273673,-0.17631097090306508,1.8681203221909697,0.5513063427087818,0.8961904761904762,0.8510897435897438,0.5409429565423582,0.589267771523869,0.5328169867919063,0.5128525331344015,0.8799297924297924,0.8735073260073261,0.800570818070818,0.6502594627594628,0.44060211468748045,0.466444510773779,0.7138621744109548,0.7892765567765567,0.0,0.0,0.0,0.0,0.0,0.0,0.0,0.0,Gawain Maroroa Jones,2872.0
18.313341248357883,178.73278637627365,-64.90932529022447,-16.40160887697139,-13.005895779968535,3.9833333333333334,-5.055013306923175,-35.83553379631488,-10.741852311283525,12.147245447903689,0.2209,0.40479999999999994,18.8,0.05990000000000001,0.007000000000000001,0.1488843931385398,-0.20630672346777704,1.8438061484204156,0.7265861072029078,0.8782925782925783,0.7715225303352401,0.7134127429264643,0.6349820373677061,0.48004714092798684,0.48118582727540443,0.8001908527813738,0.7263796309512836,0.921523401108329,0.6496505034846287,0.6247147497864092,0.6359581773540709,0.7752628310926716,0.8524992097360519,0.0017543859649122799,0.0,0.0,0.0,0.0,0.0,0.0,0.0,Gawain Maroroa Jones,2872.0
20.671571831078474,194.10331954023482,-67.86640095994791,-16.18650475589672,-11.250025314247125,4.0,-6.278744003020053,-41.182517446039434,-10.62913011096742,13.66052067022284,0.2084,0.3797,19.5,0.07819999999999999,0.0050999999999999995,0.4396965486578555,-0.3804176033398045,1.5152892481173976,0.763429959923917,0.8824216959511076,0.7236483679957273,0.5278011338724091,0.5376244235067763,0.4977561346859716,0.5032813535643147,0.8632607588489941,0.8337168016214818,0.8643592790651613,0.5244994732064747,0.5734207591463923,0.5329953525316341,0.7441723962312198,0.7154835789657601,0.02397009308774014,0.0,0.0,0.0,0.0,0.0,0.0,0.0,Gawain Maroroa Jones,2872.0
18.72684455436747,168.79087060837585,-51.21004052510784,-12.904289221272402,-10.670874734185093,3.9868055555555557,-3.5650315061866578,-29.706850691437978,-10.066334942969513,11.716535015388244,0.22760000000000002,0.3892,22.6,0.0536,0.0070999999999999995,0.2689376384703371,-0.11959194385787594,1.4346364031034018,0.6458119892184258,0.7380086042899244,0.8503809237125747,0.6276543194644285,0.6374905701223629,0.5470765036969388,0.5125154714254817,0.8592499823774056,0.8127010987803315,0.7224723053392551,0.6416810925234662,0.4772220232065186,0.6848606254967794,0.8398696668062289,0.8107927262810517,0.0009090909090909,0.0,0.0,0.0,0.0,0.0,0.0,0.0,Gawain Maroroa Jones,2872.0
18.45263911570832,170.148673147938,-62.4085819165962,-15.643776422178604,-11.96076314517149,3.996496818904827,-6.207422163118658,-34.759238042665395,-10.685190369502058,12.851311407135174,0.2169099678456591,0.366604501607717,20.82529474812433,0.0707459807073955,0.0086623794212218,0.118913730758162,-0.2793624887228447,1.7041981211450614,0.6446490379114148,0.8507065451612325,0.7893862167742417,0.6304780430879496,0.5647854604739886,0.4950106419034211,0.5246708736157177,0.8571180458299623,0.823718061632887,0.8123692701801197,0.5584250663761609,0.5457021511313166,0.5903568865164506,0.7404910383176703,0.8083900096854411,0.0567865306091604,0.0783813176531598,0.0,,,,,,Gawain Maroroa Jones,2872.0
17.37408405944548,136.5861167741233,-70.03326384681864,-15.281145703806946,-12.826070870651497,4.0,-8.17407501207694,-43.46289768653523,-11.413744620067593,17.12467004631956,0.199,0.2866,29.7,0.1059,0.012100000000000001,0.1336272106323311,-0.32216216395742076,1.3360785524235737,0.394380426488919,0.8573260020554466,0.6831505682057857,0.5485891576748415,0.34485254194836484,0.2771324873142059,0.40607375963044473,0.6944910614100952,0.7752104419003374,0.7981705129803518,0.5122311069744406,0.3141810432761018,0.4956128161497423,0.7345635389045232,0.7359307633420045,0.0,0.0,0.0,0.0,0.0,0.0,0.0,0.0,Gawain Maroroa Jones,2872.0
19.909089321969347,183.17224574663936,-52.16048539465834,-15.244089950522229,-10.461239051417719,4.0,-6.275968553622057,-27.22513549303997,-10.780363570028245,13.826311223971889,0.2125,0.49820000000000003,20.0,0.0215,0.002,0.06334994093857005,-0.15647573243133728,2.020079450740723,0.6919275719650624,0.7633159087720852,0.8806804062118839,0.5502853526991116,0.6782511706727015,0.5388481473132262,0.5124498971378262,0.9655330750466351,0.9385749213430611,0.8173156779641884,0.6581534986652791,0.48112759201032995,0.7874743760628302,0.891622133303964,0.7289196554885804,0.0,0.0,0.0,0.0,0.0,0.0,0.0,0.0,Hans Niemann,3214.0
19.702105647750507,179.71437764330418,-69.18375576848516,-15.621164872187393,-12.897933634745494,3.9967741935483874,-9.285916702490045,-38.923702411658134,-11.022302852250204,14.570490511297724,0.2056,0.5074,21.4,0.0634,0.0045,0.1514395624156732,-0.363233667968604,1.4215979894691095,0.680812321059543,0.7280253776115005,0.8543396226415094,0.5675992378487813,0.5671409907066673,0.5097429001881336,0.5907305531219664,0.6571363287307844,0.7410380597964286,0.7521270595553243,0.5410907872346277,0.42679588379625955,0.655642956974348,0.7497598248479524,0.8386303962874763,0.0,0.0,0.0,0.0,0.0,0.0,0.0,0.0,Hans Niemann,3214.0
19.844040667561536,179.28166124511125,-60.70615026473591,-15.20363681103792,-13.344045706309156,3.9763157894736842,-5.397810820514897,-32.74313067349342,-10.331253438151595,12.337411395297385,0.21259999999999998,0.43389999999999995,19.6,0.040900000000000006,0.0042,0.22547129377481187,-0.4038403885909016,1.5222662335451664,0.6482529071781665,0.9150396151669498,0.8455733846812151,0.5412204071819249,0.6195981573743837,0.6144319166080031,0.6719594711487278,0.8836014431239387,0.929272778720996,0.9851745700885877,0.5909778988569588,0.5337005896902166,0.6619812836546812,0.9014035087719299,0.8763134903791737,0.010526315789473679,0.0,0.0,0.0,0.0,0.0,0.0,0.0,Hans Niemann,3214.0
18.614020022883295,166.7241905306745,-64.35706942623368,-16.311052086738584,-12.1558830091039,4.0,-7.656405007082924,-33.658355399367984,-10.786325351422034,12.21095142748175,0.1941,0.49849999999999994,19.4,0.028999999999999998,0.0039,0.17168156805056117,-0.23657840252805928,2.3611803966437837,0.6659470682825962,0.7712929863806115,0.7061873226111637,0.6835606214487778,0.4443719136110257,0.6347158896587275,0.5926535575401448,0.8108862916273669,0.9348604928889372,0.7644245476048301,0.650170921644984,0.6628301968188866,0.6927520704026437,0.8327320042883126,0.656508081841518,0.0,0.0,0.0,0.0,0.0,0.0,0.0,0.0,Hans Niemann,3214.0
21.75716776601573,217.30375523303707,-63.945675794120845,-14.466999899035258,-11.956301092636124,4.0,-7.51852204290356,-35.618291371403835,-9.637101666948272,11.251540278806209,0.21200000000000002,0.5086999999999999,16.8,0.0467,0.010600000000000002,0.35346817889971704,-0.3687824346528398,2.138770758280017,0.9035372978888272,0.8679514364679595,0.8928780676987159,0.7055372309682654,0.5966078455122995,0.5624061515030949,0.7236746889002361,0.9677841634738187,0.8275467568032223,0.8714927792513999,0.8067855831911197,0.6885841719320206,0.5140118605634811,0.9904761904761905,0.8021441621118346,0.0248894783377542,0.0,0.0,0.0,0.0,0.0,0.0,0.0,Hans Niemann,3214.0
18.236456859213718,149.9017259748345,-58.70807382472289,-16.08960450801302,-11.515596300439446,3.995163073521282,-5.338107662610646,-33.37825307357686,-10.837343991640017,14.455668638035828,0.2022,0.4704,17.4,0.07599999999999998,0.0029000000000000002,0.19047300046309354,-0.43260058133825174,1.2911284503217064,0.5114580279696224,0.7872804570044012,0.8483329519371459,0.5473800905634174,0.7130984637782471,0.6121840033410941,0.526985407009273,0.7663221948190866,0.8445030572741417,0.8229787618944245,0.4373558631762832,0.6543320314492211,0.5545441072831883,0.8336384232769776,0.7994619593845651,0.0,0.0,0.0,0.0,0.0,0.0,0.0,0.0,Hans Niemann,3214.0
21.035617210544697,191.09416523452884,-62.6433035312662,-15.786856633900243,-11.44053749169387,3.998,-6.817164506386109,-34.294742326638875,-10.509249974923657,12.20724740227656,0.21669999999999998,0.5225000000000001,15.1,0.0355,0.002,0.12079391425005015,-0.42097196464792813,1.8931677923158652,0.8415817805383023,0.8797731447009184,0.8027847852630462,0.5753078228767908,0.8560112044817927,0.5831998245377655,0.5972017566817044,0.7565222473901291,0.9169373116335142,0.8323447899618113,0.6525023106288929,0.6821066049608249,0.8659907441237366,0.7652028985507247,0.8813488013863484,0.0,0.0,0.0,0.0,0.0,0.0,0.0,0.0,Hans Niemann,3214.0
20.247652669563397,193.75383082056481,-67.61870886924423,-15.795291900750172,-13.28325297531622,4.0,-7.884178864506815,-35.63646941780554,-10.727686634187991,11.708170923322507,0.22799999999999998,0.4426,17.5,0.078,0.0,0.012779674423989914,-0.11147013173463254,1.4507030864285837,0.7704784076567126,0.9238267178830559,0.8186732673490955,0.6800312327994528,0.7340748201091014,0.5422192377919142,0.6475738308382949,0.8528576617983397,0.7950708110355997,0.9034209434633164,0.5510194106542315,0.4463125152332278,0.9175498575498576,0.7401608509606568,0.8902424035507,0.0037665782493368606,0.0,0.0,0.0,0.0,0.0,0.0,0.0,Hans Niemann,3214.0
18.396850267794743,151.37642761145773,-67.09434454233573,-14.789636633420628,-12.740106651483146,3.997014925373134,-7.326792672844006,-39.44881563049613,-10.288802412258127,13.502794532793171,0.19980000000000003,0.42250000000000004,22.9,0.076,0.0055,0.140225374447464,-0.18227162103916422,1.2731209647480237,0.5203810843848438,0.8583184850576154,0.7160283103140246,0.6169131794131795,0.5740404712609681,0.6547126564607768,0.6037742180754603,0.8214625850340136,0.7885783000068715,0.7483605277859937,0.5400543216847564,0.3256840384259475,0.6365914350623406,0.7398796378454764,0.6790776485570535,0.0014646464646464502,0.0033333333333333296,0.0,0.0,0.0,0.0,0.0,0.0,Hans Niemann,3214.0
22.00425105034453,197.95853325430653,-63.91666906597891,-16.01046242817454,-11.460001289242767,3.994915254237288,-9.329757616695973,-36.73688124611931,-10.449804044723685,16.075322304740077,0.1833,0.49720000000000003,20.1,0.10190000000000002,0.0262,0.046012019314379746,-0.17373210632348735,2.0118351380930455,0.8340528763848942,0.7605056542340812,0.7651114873374831,0.560962050586019,0.508588323203931,0.5898874985995459,0.5283028311160087,0.9623376623376624,0.8664344739292364,0.8350206105976883,0.5345052556469977,0.46520073180829813,0.8370134759228632,0.8232859528636443,0.7372953317158121,0.0,0.0,0.0,0.0,0.0,0.0,0.0,0.0,Hans Niemann,3214.0
20.246295048579512,177.90389705952657,-63.77831321527577,-16.94580949694656,-11.20238994037476,4.0,-6.660122543378568,-36.01372357395463,-11.017888423858594,14.061620763237334,0.1849,0.46670000000000006,20.1,0.0591,0.006900000000000001,0.18214677436938737,-0.28202601341609845,1.4233658329884702,0.7369146960015809,0.8928466327108093,0.7561110415797524,0.6438517518537956,0.4840737071653186,0.5930471518258801,0.5132958814968651,0.8566721257932064,0.7559913101604278,0.8125849673202614,0.5356904413446915,0.49771412655971475,0.7128026553230639,0.8220530501836973,0.9147921730119638,0.0017844886753603198,0.0,0.0,0.0,0.0,0.0,0.0,0.0,Hans Niemann,3214.0
21.254801789724432,203.83586700591576,-57.829721826702915,-16.94035072213124,-10.1282830549152,3.995,-4.937098153050163,-30.010860438144647,-11.211186872677747,11.403057414216082,0.22310000000000002,0.4619,18.9,0.0844,0.0047,0.140196989322603,-0.20421636711276897,1.4939835896274247,0.8363583538419469,0.8119419190870293,0.7329770598066081,0.5681876681228409,0.6561408007655909,0.49969112315775754,0.5337855306902082,0.8797533302082112,0.7795786111563812,0.9254742405994915,0.5067008440545472,0.41039163568756526,0.5490964744558422,0.8061468024641572,0.8032757006815068,0.0,0.0,0.0,0.0,0.0,0.0,0.0,0.0,Hans Niemann,3214.0
21.12150267757698,198.41702759813285,-66.76924072997525,-15.616984584043404,-11.719186185964046,3.997435897435898,-9.792485849204114,-34.56256245646339,-11.108796529579811,12.033338977843622,0.2166,0.4292000000000001,18.4,0.08280000000000001,0.012199999999999999,-0.06019861665682098,-0.0937452495904508,1.6687949872624794,0.7944999396371113,0.8458561709077717,0.9342521983895427,0.6695192315304587,0.7820759856857548,0.5343653658351142,0.664699680514654,0.7735476296934596,0.8361600531643522,0.7053085344245076,0.6019318929617796,0.7142699510856159,0.7412328649587144,0.7885190230045107,0.8291891386185315,0.00067114093959731,0.0,0.0,0.0,0.0,0.0,0.0,0.0,Hans Niemann,3214.0
20.93202241602407,198.6086297433009,-67.78991025597335,-15.666101034214051,-13.729606329233604,3.9988372093023257,-6.225182534538637,-38.39949503305653,-10.936997651143669,13.16863511691082,0.22410000000000002,0.36439999999999995,21.0,0.07010000000000001,0.0028,0.11192420794926254,-0.22976786007112246,1.431530671896263,0.7306679308261546,0.8698527855288587,0.9308004937428599,0.5221426695902615,0.5821041233754902,0.4528508422241897,0.5823347883117685,0.8652300094427128,0.8589981200791017,0.8017344985090181,0.42005341650972294,0.3420464626148757,0.8206997170900104,0.7713092905533436,0.8540795902387721,0.0005813953488372,0.0,0.0,0.0,0.0,0.0,0.0,0.0,Hans Niemann,3214.0
19.45599312480541,170.91028104460617,-60.22918207792334,-13.481706792326099,-12.017247698637268,4.0,-7.032465922640464,-34.87469229277969,-10.519482873225048,13.696413501685223,0.20860000000000004,0.4258,22.0,0.0405,0.0016,0.2033383985147165,-0.5214889474263141,1.95380060973917,0.681878282657633,0.873409217613965,0.8203029898270847,0.5927433351240097,0.5880283083694788,0.42558946851085067,0.5935819513264586,0.7811826284742308,0.8487600251772655,0.823369963147521,0.5752246034556369,0.5733793380753897,0.6665888987979568,0.853476911678974,0.8399652103793936,0.0,0.0,0.0,0.0,0.0,0.0,0.0,0.0,Hans Niemann,3214.0
20.673688107751385,201.43947717849016,-61.11161436048521,-16.9464647129532,-11.430095249921184,4.0,-3.3357701455585365,-32.920609539641426,-10.462016446016694,9.983341733605837,0.19980000000000003,0.3633,16.7,0.0345,0.0059,0.23547476394100325,-0.31560518983742586,2.031252348849045,0.8212326731187958,0.784544473631644,0.7562489903343292,0.7615385342117083,0.734303062530486,0.5609268758524245,0.5752632390963808,0.9439947950140379,0.9653547297297298,0.8757791631145212,0.7644038139117777,0.46778375738886613,0.5165303153649062,0.8033615326738875,0.8953671928620454,0.00279891304347826,0.0075,0.0,0.0,0.0,0.0,0.0,0.0,Hans Niemann,3214.0
19.61236515247703,165.89834121357842,-57.61678462534512,-15.354862089924012,-12.087145156852893,4.0,-9.709315835757732,-28.440364583129245,-10.55269470161458,14.527597741933354,0.2056,0.5126000000000001,22.0,0.052000000000000005,0.0075,0.08125108521428677,-0.4896570850322604,1.6397792674648641,0.6194009971809431,0.8199583608219461,0.7170338760068615,0.4340346756340344,0.7192197246753823,0.5540407804279108,0.5389083509558816,0.9590352449223417,0.9257142857142856,0.7567071272953626,0.5789256744235384,0.5525606728658314,0.7896786933396841,0.7680680886680367,0.6996363082711339,0.0,0.0,0.0,0.0,0.0,0.0,0.0,0.0,Hans Niemann,3214.0
19.259623438669156,181.64950009179728,-61.41596973146418,-14.369038745927494,-12.663555665876933,4.0,-4.55155132639032,-35.887740006486496,-10.746018579539504,12.801934592756561,0.21890000000000004,0.5258,19.7,0.044199999999999996,0.004,0.08209827125778217,-0.2760615187956992,1.781209295848678,0.7025130810250545,0.9340447606343559,0.7415052229296655,0.6941154289725718,0.5652091175294269,0.4361650796180762,0.5276105998468552,0.8206351306442574,0.9841428571428571,0.6901740256604005,0.8148165007442246,0.564313218771257,0.6402470245327387,0.8703362193362192,0.8999418342275487,0.012982658959537569,0.0,0.0,0.0,0.0,0.0,0.0,0.0,Hans Niemann,3214.0
21.16225413632465,180.1166302814309,-57.72110142294552,-14.577540290402954,-12.33476119067222,4.0,-5.837391101543866,-32.23254050068885,-10.360790244741136,13.621921905103509,0.1803,0.46950000000000003,20.4,0.027800000000000002,0.0023,0.03631432226570437,-0.34077118841197745,1.408845403686997,0.6910918366234965,0.9148148148148149,0.8629536837593316,0.6308403905181694,0.6462459295421116,0.5180189419983855,0.6423778376593828,0.845802079488126,0.96,0.8363408109605871,0.6700673267583197,0.5449361814927016,0.7489631555927707,0.8353897502153316,0.8631318967763276,0.0,0.0,0.0,0.0,0.0,0.0,0.0,0.0,Hans Niemann,3214.0
20.21894397822231,184.00071502459892,-59.04694006380711,-15.241632117820252,-11.62726984428415,3.9898521484227065,-6.347233156251228,-32.24743007632743,-10.493284746391664,12.920057728844911,0.2095470383275261,0.4673214285714286,19.35975609756097,0.0577195121951219,0.0072134146341463,0.1152298872951662,-0.3354378217198102,1.6485985545729165,0.7097048299729286,0.8698397944310448,0.818987137091958,0.6024012333167441,0.6485010164105948,0.551313760564353,0.5994148290957851,0.8842285294321935,0.8707804043605204,0.8433828046884707,0.6213018425458252,0.5239759131911285,0.6868523076580485,0.8108514111958317,0.8418582505729836,0.0406993815104241,0.0437608999423455,,,,,,,Hans Niemann,3214.0
20.088710743500137,180.46884554973553,-59.36626702117054,-15.08652545313837,-12.309050405421605,4.0,-8.565864373368587,-31.416070019511817,-10.227977644392757,14.239220874662596,0.20529999999999998,0.42330000000000007,16.8,0.0444,0.009600000000000001,0.02664583070919408,-0.3466201269919805,1.85681023164111,0.6377291166697475,0.7300256583039602,0.9124026402640265,0.6158565266418974,0.5925229171797685,0.4981386274616472,0.634567070414796,0.8867216981132076,0.8046452889495341,0.7902292919344805,0.6450346507159676,0.665053292351583,0.669876937249055,0.8539441409048638,0.9605266021107605,0.0,0.0,0.0,0.0,0.0,0.0,0.0,0.0,Hans Niemann,3214.0
19.74987625089866,184.34609103295705,-60.22311479677307,-14.697143964905129,-11.818329324209904,3.9949814379325135,-6.702591963348484,-33.37609603904985,-10.23932103816794,12.615386094975724,0.2052368692070031,0.4272139546858908,19.72399588053553,0.0564969104016477,0.0073341915550978,0.1017571550233608,-0.2483630851354009,2.0755624244916304,0.7395253004894473,0.8795916287378507,0.8207469023120965,0.6341799655905865,0.5931810678888395,0.5855181506310709,0.6342004115203518,0.8862994431294946,0.8595001012022002,0.8271903126712695,0.6874876586730966,0.5561181631499392,0.6156228543446942,0.7758577956038927,0.8478635234626299,0.0453176583173033,0.0463828320989255,,,,,,,Hikaru Nakamura,3319.0
19.674283407673155,173.64599633147697,-65.02395368457273,-14.268990290615406,-12.660572936862614,4.0,-8.1472882029495,-37.764914251145754,-9.70129110431403,13.519103101314574,0.19619999999999999,0.44329999999999997,22.2,0.0732,0.0134,0.32635822746692844,-0.27282051413914227,2.1254350247966114,0.593227698649281,0.8458848411810133,0.9180902040842701,0.5715778576887895,0.6933587158290225,0.5271881997740696,0.6888086477187579,0.7650345616945816,0.8951660478711119,0.7844256355729582,0.8153223207286995,0.42595223119965625,0.4395267116220947,0.8401807568471209,0.8939506557829228,0.01082251082251082,0.0,0.0,0.0,0.0,0.0,0.0,0.0,Hikaru Nakamura,3319.0
19.2113322501592,181.4741238246301,-53.355728834600846,-14.268697449584153,-11.228842300133357,4.0,-7.382715497396663,-26.752430861130797,-9.931306901055473,12.208264174699595,0.21790000000000004,0.4545,16.7,0.0735,0.018499999999999996,0.18249552189848686,-0.3145416755800853,1.8970316856917777,0.7026704624813223,0.9433567195853095,0.8354544466226468,0.6758646884808428,0.7680641460279959,0.5061929810584693,0.6439763106776144,0.8947814012202819,0.8821640052725369,0.9509970238095239,0.4739679170252433,0.6203415121463391,0.7087036870503597,0.7811397170137617,0.9000651986846968,0.0,0.0,0.0,0.0,0.0,0.0,0.0,0.0,Hikaru Nakamura,3319.0
21.552763015058627,207.72126820088138,-61.5428922563613,-14.044139913561068,-13.044553949103681,4.0,-8.262677119031833,-33.79474129362739,-9.745826703312199,13.349046722274863,0.1928,0.37229999999999996,20.3,0.053000000000000005,0.012,0.07857211896667689,-0.22719473087276473,2.2377273009595404,0.8311186850749802,0.7709274909955012,0.967587397803824,0.6923790633625916,0.6586316603733997,0.5677892117748367,0.7363819698175915,0.8920881090168493,0.7858064804421343,0.9647778265291876,0.6975622017721502,0.6217394158788989,0.7275263580233154,0.8746477367785109,0.9286402081977878,0.0,0.0,0.0,0.0,0.0,0.0,0.0,0.0,Hikaru Nakamura,3319.0
20.108457786656516,186.6445946313959,-62.50687348005656,-14.536982217290747,-12.673044325887117,3.9909090909090907,-6.610931940378402,-33.72766724209555,-9.630383547457049,10.681226702143217,0.22089999999999996,0.4973000000000001,15.2,0.056499999999999995,0.008400000000000001,0.0715927307488106,-0.20104753484063828,2.129161653249675,0.7911236115436521,0.8832972878912173,0.8585121637002908,0.6105371406155912,0.5915997066204454,0.5232294196149319,0.682024342069108,0.9606741573033709,0.9301706366782465,0.9160750553111094,0.5517063515434031,0.7306257349567604,0.8048559128261076,0.7333814167323234,0.8454127430477906,0.0,0.0,0.0,0.0,0.0,0.0,0.0,0.0,Hikaru Nakamura,3319.0
20.945480773800842,190.65740397354185,-52.48197096474714,-15.493904117702693,-10.80528611563697,3.994871794871795,-6.044318110373944,-26.841215476740878,-10.288343312820757,12.996224373656293,0.2092,0.398,20.5,0.0649,0.0178,0.06932782945662752,-0.49567626739236903,2.2480195515282326,0.7711618531931033,0.9408646148372176,0.8666822471509971,0.5041052767724387,0.558273995975908,0.4890623871560364,0.677778301654586,0.957435549847793,0.9048108053423407,0.7916381263864393,0.6826364443944353,0.6567416553354054,0.6743706173593444,0.8057407427734198,0.8911925747863247,0.0015625,0.0,0.0,0.0,0.0,0.0,0.0,0.0,Hikaru Nakamura,3319.0
20.46398329756668,185.28022550605436,-52.631579706029825,-13.656793636640952,-11.429964858827319,4.0,-6.205674707822666,-28.680822844277692,-9.886724729924971,13.228401071463779,0.1893,0.46129999999999993,18.5,0.055900000000000005,0.0079,-0.0036296808274484532,-0.16783660368952874,2.8324460276621073,0.786503476433018,0.9258333333333333,0.8198763440860215,0.7033462530996419,0.5165155987390626,0.557781816281152,0.6627073254172173,0.9164999999999999,0.8556428571428573,0.8517216248506572,0.8067665947641925,0.6389532066708312,0.6391548258309526,0.861983958625526,0.8347705836317338,0.0,0.0,0.0,0.0,0.0,0.0,0.0,0.0,Hikaru Nakamura,3319.0
18.1975799275776,169.38677845265124,-56.49140568917346,-14.65407470346326,-12.593932851217163,3.9797483172373425,-1.6000311429639722,-33.67034655251972,-10.150478966697259,12.197710210450568,0.1909,0.3754,22.9,0.0797,0.006900000000000001,0.0610036931198205,-0.07392252765458028,1.5117587304218785,0.6651431538008545,0.924997332764323,0.6512014333094639,0.6132852555216479,0.6203369025328093,0.5429715778402978,0.6140953907067713,0.9418292356078217,0.8087022442346387,0.8052061593253559,0.7105243348242896,0.5023966629471786,0.39081580882591094,0.6679917063550553,0.7365269991435583,0.0,0.0,0.0,0.0,0.0,0.0,0.0,0.0,Hikaru Nakamura,3319.0
19.872286767995753,185.66004583244222,-57.50193968003616,-16.050004581039495,-12.103025003907012,4.0,-8.276442614346205,-27.36950546814383,-10.558293979856732,12.85533196725711,0.22119999999999998,0.485,17.1,0.06440000000000001,0.0042,0.08251706833522947,-0.5066180307983006,2.3082931080272546,0.7706942438419203,0.9544715447154472,0.829741299628021,0.7324706408041327,0.5230409019625388,0.5879761859308027,0.6158869231227697,0.9174499604602439,0.8931391664129062,0.8879175233422216,0.7559388496318741,0.6240039349731723,0.5155786962939878,0.7175525180463282,0.7757181709609531,0.0,0.0,0.0,0.0,0.0,0.0,0.0,0.0,Hikaru Nakamura,3319.0
19.520167455852857,178.41577454040836,-51.99077002070534,-12.961498309897086,-10.62251982580132,3.998214285714286,-7.31530820577657,-28.618227630278692,-9.825766662077907,13.354336327411957,0.23499999999999996,0.3746,17.3,0.0857,0.0082,0.17304658718996485,-0.541347558859136,2.0106661720340355,0.6931437732970223,0.9185064037322256,0.7115707130643247,0.5722538378984268,0.5974780243821549,0.6684686736780769,0.6712918885563335,0.9069181582738224,0.8871716100199099,0.7973169321481045,0.6722061267491506,0.607795499620014,0.7124352188693268,0.8156558778254404,0.846391788007314,0.00074626865671641,0.0,0.0,0.0,0.0,0.0,0.0,0.0,Hikaru Nakamura,3319.0
20.578941475718157,187.5335754066018,-57.93266096485951,-14.215498048270533,-11.463337312662757,4.0,-8.315289280667814,-32.106687076444395,-10.001151096014263,14.169301849200252,0.19669999999999999,0.3797,18.3,0.0456,0.0034000000000000002,0.0051393715676470095,-0.2923497234861155,2.0799319307271906,0.7720092827805249,0.7840327395074536,0.827443352188166,0.758808893213337,0.49991757779173496,0.7173539618750787,0.6864920874080898,0.8728896300988426,0.8044459204648288,0.8196748345607201,0.6804986743084827,0.5983949959047268,0.5227489351355895,0.7950467161981527,0.9081131549609811,0.0,0.0,0.0,0.0,0.0,0.0,0.0,0.0,Hikaru Nakamura,3319.0
19.72551340934851,190.13452581592668,-66.51263991487428,-12.830617861705297,-12.985747086689475,4.0,-8.729560940415075,-37.05718565703641,-9.952228566948317,11.042700197920299,0.1917,0.46130000000000004,20.5,0.05739999999999999,0.0064,0.13755402215116241,-0.0479291525619,2.07725994935126,0.8284857246865048,0.9347826086956521,0.754759574902001,0.5888285521454322,0.6865783426189872,0.7361000257530101,0.5708819017295461,0.8666332352374807,0.7634971431058386,0.8009050122309791,0.5984811541081367,0.7537661747290859,0.7643329317769563,0.7695545803670142,0.7061987202637616,0.0,0.0,0.0,0.0,0.0,0.0,0.0,0.0,Hikaru Nakamura,3319.0
18.73743116106482,173.7982962818995,-78.26430519384677,-14.708005441212563,-13.727429818599868,4.0,-10.070062425256324,-47.61272286784754,-9.960084440724426,13.813999799793947,0.2124,0.4739999999999999,18.5,0.036899999999999995,0.006,0.14000459850132368,-0.1473542111527295,1.8701308603975508,0.6281400140028862,0.9651750380517503,0.8147345441406934,0.6470901529401418,0.2475063678431372,0.6232608121754702,0.5889874434575607,0.8871126526948444,0.7776520581952882,0.8186835295829222,0.667825304584132,0.5391355374583223,0.5159158830976934,0.7557011120618715,0.8742369390687408,0.0028551336146272798,0.0,0.0,0.0,0.0,0.0,0.0,0.0,Hikaru Nakamura,3319.0
19.15869566555468,176.50729070543713,-50.0044108035362,-15.566622329640207,-9.707311389828917,3.9755555555555553,-6.299721810595578,-25.465259388389747,-11.38899778451009,14.447946343872786,0.21239999999999998,0.37839999999999996,25.0,0.0522,0.0031,0.21045652625768282,-0.10453396273444082,2.0040385536319887,0.6783958086223509,0.9276346874099684,0.7517459199839063,0.4851632773133036,0.40483313070195015,0.511482908077779,0.6493671433086305,0.9035117056856187,0.9676142697881829,0.6901400454601629,0.6890045659020266,0.4914762540218969,0.5369333647723586,0.6303663867530779,0.7825110930973168,0.0,0.0,0.0,0.0,0.0,0.0,0.0,0.0,Hikaru Nakamura,3319.0
20.44415157607567,203.63505964604926,-64.40324197962339,-14.403659022859538,-11.246881273141714,4.0,-7.964505754103413,-36.20382726990552,-10.511107056007368,11.926738396394166,0.20010000000000003,0.44630000000000003,23.3,0.0548,0.0,0.34995600146662165,-0.031394200670738844,1.945675407867747,0.8644959784106202,0.9189389201584325,0.7909404976177127,0.7080718860254641,0.5120839669870212,0.4028315298511873,0.5576210989218213,0.7898100835080749,0.7891282154771254,0.8320715546530764,0.6675738730933743,0.6502992063429787,0.4570818075439792,0.7687595043845044,0.8035230576470985,0.014346405228758168,0.0,0.0,0.0,0.0,0.0,0.0,0.0,Hikaru Nakamura,3319.0
20.05126544366513,189.8633256949226,-54.462802886560134,-14.8132133671876,-11.597121716033232,4.0,-4.682890235140543,-28.90893370443741,-10.036110642959194,11.575466779197848,0.1792,0.4991999999999999,20.7,0.0619,0.010600000000000002,0.10120791574602299,-0.2741159772157792,2.1569203086637594,0.7967113202828218,1.0,0.7359129611840396,0.7572901963733987,0.5997728081585703,0.6617907816194911,0.5688691219185447,0.9315589353612168,0.8274781827951869,0.8307145527626651,0.5839578664517484,0.5938675638220262,0.6967657381986709,0.6764253937109188,0.8768964430984172,0.0020833333333333303,0.0,0.0,0.0,0.0,0.0,0.0,0.0,Hikaru Nakamura,3319.0
18.678223938293183,165.6832191277649,-70.07262576218169,-14.283564044098592,-13.433449341832269,3.998947368421052,-8.32984871916407,-40.09815516446112,-9.90145760635602,11.97490174530932,0.197,0.3894,22.3,0.040100000000000004,0.0042,0.07017512823111205,-0.27405911959542595,2.330677374207649,0.6490859763765104,0.8831711726982512,0.8892837200987692,0.6770546150324463,0.4986640376373737,0.5599203998253851,0.6339462462629118,0.9069465093996761,0.8574547534845017,0.8104486682697223,0.7829714587112018,0.5350954598714688,0.548512431086358,0.8338025247313172,0.8499858231437178,0.0,0.0,0.0,0.0,0.0,0.0,0.0,0.0,Hikaru Nakamura,3319.0
20.25985858232206,177.9663330794443,-69.66259196628857,-15.493180648674587,-13.628590117623876,4.0,-8.87826394159815,-39.642962621982335,-10.338305042842133,14.318710406432505,0.19349999999999998,0.33630000000000004,19.7,0.0466,0.0132,-0.014110005305538856,-0.30386731267393624,2.083015229484464,0.713235813318295,0.9120782079780427,0.7194217484450544,0.6134320419336607,0.6614457645663425,0.5538002788785766,0.647127534359101,0.9081958781958782,0.882528569225841,0.9057600057055545,0.8492896163558761,0.444939653771649,0.6062237687217886,0.714112997247397,0.751448798623687,0.00084745762711864,0.0,0.0,0.0,0.0,0.0,0.0,0.0,Hikaru Nakamura,3319.0
20.962641362582062,180.66270720447704,-67.20775490805345,-15.199920009044732,-12.420492560881911,4.0,-8.122314914137666,-37.453276484895845,-10.603704922217677,12.591953983124387,0.2011,0.43360000000000004,19.8,0.0481,0.0257,0.11033744867006993,-0.2794722177054998,2.259514210408058,0.7351857876833486,0.7279649993749736,0.8435601612224183,0.6028805358881237,0.47706051195948096,0.8480402437326084,0.4840033983462179,0.8776702421794222,0.8018760430955553,0.7947200356351042,0.6754061514285172,0.648804940799039,0.582406478559627,0.7628029989727804,0.8755111255111256,0.02197802197802197,0.0,0.0,0.0,0.0,0.0,0.0,0.0,Hikaru Nakamura,3319.0
19.316165091874815,173.82650506151643,-52.00713947993563,-14.36405265439458,-11.766219299884051,4.0,-4.940319904048927,-27.13771405887767,-10.09396619079697,12.295132628066565,0.2392,0.36079999999999995,14.3,0.0511,0.0066,0.08042640478656343,-0.20249662968045712,2.156308818061974,0.675815887596449,0.9439060748992256,0.8552487160033074,0.6235900923900909,0.7158264073188866,0.5833692690988619,0.6172413348298876,0.8476037851037852,0.9592185592185591,0.9662796880538818,0.6646858887519362,0.5882907086615639,0.7004775701323364,0.9103585833642013,0.9208272626250155,0.0,0.0,0.0,0.0,0.0,0.0,0.0,0.0,Hikaru Nakamura,3319.0
20.62004348456977,202.9832901207888,-74.02659923477572,-14.807427165754508,-13.863852174613598,3.9980769230769235,-8.430118153229655,-43.77178074429092,-10.122005681303376,12.970507761339402,0.1934,0.4267999999999999,19.7,0.0477,0.004399999999999999,0.2926912432915051,-0.1470547992201066,1.852805703617058,0.7888601060774973,0.8739889579020014,0.8982590115198811,0.482792753424467,0.6344452918493838,0.6267194413997483,0.685598216787475,0.6859960954078601,0.8182638858725815,0.8883638583638584,0.5706253842775582,0.6203107713542496,0.7003585496628975,0.7985460030165913,0.7767755262640174,0.02277777777777777,0.0,0.0,0.0,0.0,0.0,0.0,0.0,Hikaru Nakamura,3319.0
18.7676895761425,172.04056737576107,-64.20177311560863,-15.949016398043858,-12.877869176389234,4.0,-3.7107055116617067,-36.83029422676775,-11.019089667279436,12.185201864533346,0.199,0.4267,25.1,0.056400000000000006,0.0055,0.22020827996963988,-0.4053158033895203,1.255095392466674,0.6227240259922401,0.8602970953777405,0.7170538486012282,0.7546750654610032,0.5907777909113536,0.5217120737670242,0.30254594082371017,0.8881396805212105,0.8511524777989832,0.6934495861718355,0.6888918384749292,0.4402392004267638,0.45717674760473875,0.6226974855261274,0.6603338170955638,0.0,0.0,0.0,0.0,0.0,0.0,0.0,0.0,Ian Nepomniachtchi,3195.0
20.14560174373195,172.204169664555,-58.13340343992272,-15.727987187468278,-12.4938254494843,4.0,-8.007320951558563,-29.591569903260268,-10.925588699551577,14.612888751400272,0.1905,0.5073000000000001,22.1,0.05790000000000001,0.009700000000000002,0.14767810313791446,-0.05989096494949162,1.7902165229955298,0.5745972592293349,0.8672414765676122,0.851477747356262,0.6871856117926988,0.6086883274634003,0.4977555111124957,0.5191939975863449,0.8950949367088608,0.8731923020471806,0.8219196856796716,0.645262760989822,0.5883916813514107,0.5754945112108533,0.7263064290117788,0.8865083515304754,0.00083333333333333,0.0,0.0,0.0,0.0,0.0,0.0,0.0,Ian Nepomniachtchi,3195.0
19.532041544253136,196.59616524696077,-71.04901353199858,-16.293075358630308,-13.045373534417896,4.0,-2.804377369228381,-43.792393629046174,-10.724652802792496,11.610859162116679,0.20980000000000004,0.4974,22.4,0.0675,0.010700000000000001,0.011612270248136838,-0.20223254966283943,1.3162624103124376,0.7918915283715033,0.7656418729025112,0.9356780474427533,0.6252490375232664,0.5694063333569369,0.5379450386786626,0.47288369816789394,0.7658391308991803,0.8477860518362771,0.6746670080024273,0.5994518288861996,0.5397160706863151,0.5486198359277488,0.6811927405026641,0.7032896633110609,0.0051282051282051195,0.0,0.0,0.0,0.0,0.0,0.0,0.0,Ian Nepomniachtchi,3195.0
18.86621885267457,175.22266450427514,-62.59150585310827,-14.073737746290012,-10.063554683632898,3.992857142857143,-6.641856150944707,-39.42752868173629,-10.602222526549049,14.224536793187548,0.20890000000000003,0.34120000000000006,29.7,0.0857,0.0119,0.3850174167240897,-0.3693589910381964,1.5237630735823289,0.6527372343417431,0.8562109704641351,0.6223869242394248,0.47432503595513753,0.5595944644978847,0.44951453816491177,0.6407088351621267,0.9626666666666667,0.8038572621791058,0.7595880417517586,0.45790513545201206,0.32416027694193145,0.3957057351125585,0.7369995607199012,0.9237636232148809,0.05641025641025641,0.0,0.0,0.0,0.0,0.0,0.0,0.0,Ian Nepomniachtchi,3195.0
20.021935760054284,184.12126262849523,-56.383239748989396,-13.920112396777139,-10.86632712103189,4.0,-4.467445732991505,-33.26273286107809,-10.440871652807335,12.574250015696567,0.1851,0.44029999999999997,21.6,0.07680000000000001,0.013000000000000001,0.07973423198439807,-0.27791540839952955,1.2299047461046964,0.7289476124466108,0.9940397350993377,0.9415593129361245,0.5424517879801665,0.5196366461589396,0.6650853382917647,0.5578437723277457,0.83979225955529,0.8297288652437184,0.892719884610016,0.6792945037055428,0.5136597658706005,0.520903895326088,0.7810463297828851,0.8359364087136385,0.0,0.0,0.0,0.0,0.0,0.0,0.0,0.0,Ian Nepomniachtchi,3195.0
19.307929861350175,179.22227782890738,-60.46201597702675,-15.216701628464085,-11.285156367103092,4.0,-8.119949677004158,-31.483296455674555,-10.9615711953594,12.604659346578536,0.23800000000000004,0.4475999999999999,20.0,0.06250000000000001,0.0107,0.10411421587262182,-0.13289279128027415,1.9240628074013533,0.6682517097853753,0.9195862277257627,0.840252668751876,0.7500742230843397,0.5912280471772197,0.5740751860838728,0.5310390374986687,0.8542579421596171,0.9410282399665242,0.822703924801526,0.6521698463644195,0.3691544221099079,0.5889189483595907,0.8481539162696853,0.8276913009391063,0.0,0.0,0.0,0.0,0.0,0.0,0.0,0.0,Ian Nepomniachtchi,3195.0
19.42570940212429,181.87715576226717,-54.20420905092426,-17.08925032122429,-10.500725352846816,4.0,-1.21205756750004,-30.661095075193497,-11.231997758857,12.49091702469739,0.1955,0.3681,21.6,0.06570000000000001,0.0172,0.10237279003412285,-0.4770169976628442,1.5528084588690727,0.7255287396337935,0.922685631629701,0.7420396208075803,0.5750372503679744,0.510477936845338,0.34535204492027877,0.5490001620822534,0.9043879325923918,0.9271925673586848,0.8885546718956462,0.5900781959231941,0.5534986483390214,0.46110998361766303,0.6801092272372539,0.7858240264776317,0.009468690702087279,0.014838709677419352,0.0,0.0,0.0,0.0,0.0,0.0,Ian Nepomniachtchi,3195.0
18.382583529321828,177.75744105835128,-61.98938719175315,-15.310029768182142,-11.249089123358605,4.0,-4.307714631278149,-37.67006509509507,-10.389906324944661,12.937417751105468,0.2222,0.5509,19.1,0.0678,0.008400000000000001,0.15162878383062953,-0.5995541277129439,1.6647758107507031,0.6478076504680497,0.8866908300108735,0.9247251032363393,0.7027205278310752,0.533238829109752,0.49505805643955714,0.46687924233506617,0.8156657839064112,0.8685752076861115,0.7608803181161008,0.6274980996990567,0.5190732426239781,0.8340893575827584,0.8302896047346582,0.8803820505793649,0.0,0.0,0.0,0.0,0.0,0.0,0.0,0.0,Ian Nepomniachtchi,3195.0
19.37001137078763,178.8264638161466,-62.936872128099445,-13.2588503489251,-11.776336570992488,4.0,-8.89580038873033,-35.89061673934134,-10.807248058048504,13.691979977938303,0.24849999999999994,0.4478,19.3,0.06970000000000001,0.014099999999999998,0.07954914733732889,-0.33045012837176213,1.4586859808125199,0.6347067673723649,1.0,0.8104280175809032,0.6053340795063432,0.44762113848408697,0.6308165677216263,0.486333080721616,0.8120569084795134,0.8952322816937608,0.7695948305344279,0.569695496128028,0.5318373898841183,0.476116199208621,0.6654561220317377,0.8295140856783796,0.0,0.0,0.0,0.0,0.0,0.0,0.0,0.0,Ian Nepomniachtchi,3195.0
19.999960168557728,192.66946277807557,-49.92287766673488,-15.815548222103098,-10.21224762265971,4.0,-6.242790322820811,-23.36681775626135,-10.396995918207809,12.111522175317907,0.24530000000000002,0.4936,19.2,0.058300000000000005,0.011300000000000001,-0.02314910360642067,-0.165872680842193,1.462011431996188,0.6970654533367566,0.9052136752136752,0.8677988797366558,0.8181379285592772,0.7272388370406675,0.5431622826000002,0.5752601024543806,0.9534238310708899,0.8830161161981449,0.8576056956295097,0.6385961147761291,0.5086763869584319,0.4318464812790654,0.6206021674281386,0.8086716269582779,0.0,0.0,0.0,0.0,0.0,0.0,0.0,0.0,Ian Nepomniachtchi,3195.0
20.299741815861218,186.71804798013753,-60.68880520265087,-14.150198735273364,-12.186760335531376,4.0,-3.407745145804847,-37.39090299836569,-10.411138056063429,12.85794006838783,0.21810000000000002,0.4805,22.6,0.0798,0.0111,0.3476152582122732,-0.316012077206107,1.0201592520995506,0.7292338309840458,0.9274277211763003,0.8174715958439684,0.5901237525243759,0.5105752180849761,0.5680429665783662,0.6391448792921166,0.8124615224768468,0.7612667739674801,0.8253836568094141,0.6097921728975783,0.323989982006979,0.6121435511491785,0.8817513134724754,0.8658711872313674,0.00064516129032258,0.014838709677419352,0.0,0.0,0.0,0.0,0.0,0.0,Ian Nepomniachtchi,3195.0
20.60244077058509,198.0341068660276,-58.88941418758858,-15.541654919372334,-11.436406598557951,4.0,-7.455474332287757,-31.78563387061496,-10.478260398668606,13.808015931913024,0.24089999999999998,0.5567,17.2,0.0742,0.014900000000000002,0.12530619413149188,-0.2372213521665519,1.8239722255186948,0.8276806526806528,0.9777537277537277,0.8628099245617706,0.68691258521767,0.5870420935270299,0.5944449827567961,0.6319548033403455,0.9751803751803753,0.937962962962963,0.9016559005965785,0.8040972887745491,0.5070004885070232,0.5267711585823871,0.7090106245469634,0.8001737743843081,0.01196581196581196,0.0,0.0,0.0,0.0,0.0,0.0,0.0,Ian Nepomniachtchi,3195.0
18.168209326156152,173.0057332594247,-46.067265828555286,-12.264611134529561,-9.851764723523356,3.9934782608695647,-6.532143209741747,-22.711305592689143,-9.713047968681142,11.012128539740099,0.14300000000000002,0.40969999999999995,16.2,0.05739999999999999,0.0038,0.060818203584244966,-0.1487805672588281,1.7703333017414724,0.7818764568764568,0.8529618818681319,0.8764170725108226,0.7322519719010497,0.7266272243808104,0.5533215665823248,0.7235689046267939,0.9428571428571428,0.9353246753246754,0.7243674571671497,0.7610334977522477,0.5701491749471197,0.8187878847586839,0.95234375,0.8332035152347652,0.0,0.0,0.0,0.0,0.0,0.0,0.0,0.0,Ian Nepomniachtchi,3195.0
20.134701626288955,199.7367592821725,-45.90680042432704,-14.587713991031084,-10.416591806386975,3.9948275862068967,-1.3062065874237914,-24.06661941042563,-9.786303073929572,10.261806858663117,0.1965,0.4274,16.7,0.0607,0.0034000000000000002,0.11042172325999162,-0.15763268703486094,1.4736538324038322,0.8953261768388472,0.874369214381726,0.8824618035090902,0.6604866595437933,0.603222310405915,0.6124126369438954,0.5452294790340431,0.9237410071942446,0.9542193272409101,0.9301473107228503,0.7011987400187788,0.3884374144244929,0.8247591147409908,0.8761532000882234,0.9497240341652416,0.0,0.0,0.0,0.0,0.0,0.0,0.0,0.0,Ian Nepomniachtchi,3195.0
19.315142546527984,171.80003468338268,-58.181372675989465,-15.276716257345635,-10.757591704918147,3.9863822326125073,-8.70173203382706,-30.118125435135447,-10.580738604801173,13.267149127425489,0.23889999999999997,0.4856,16.1,0.0995,0.0109,0.15121194663229925,-0.14335578916090502,1.4401924779122506,0.7331080878917262,0.8825038026004774,0.7337052144157294,0.47795723337834295,0.6399664060697114,0.5228559244644793,0.691741803520563,0.846154004756916,0.7284939016386094,0.5525094624525295,0.6695836236186514,0.687754932619123,0.5862841835872743,0.8063727735846896,0.8507654656097173,0.0,0.0,0.0,0.0,0.0,0.0,0.0,0.0,Ian Nepomniachtchi,3195.0
18.079311292405343,160.99017668333298,-61.012344566067426,-16.35171993258877,-10.503276432378941,4.0,-4.59250067981821,-36.32398416443083,-11.669496892167496,14.428633535316823,0.21799999999999997,0.39899999999999997,26.0,0.059899999999999995,0.0157,0.12358372340772092,-0.31273014146929884,1.0730150677281125,0.5579360215247321,0.7951891971763547,0.8448335915444446,0.5238914058448889,0.5783607469523279,0.5208175593469712,0.3836047916134043,0.7254763642254952,0.8337665569977576,0.8205552175030087,0.508024645396491,0.4940963566094939,0.2433584877503193,0.6625492257462821,0.741973221385337,0.0,0.0,0.0,0.0,0.0,0.0,0.0,0.0,Ian Nepomniachtchi,3195.0
19.98624585735019,155.35890718601493,-57.39722620574712,-13.76816892967535,-11.486888524268679,4.0,-4.8786653380750264,-34.18217533026127,-10.196328853940924,13.115000770474143,0.23020000000000004,0.45780000000000004,17.7,0.0538,0.0048000000000000004,0.05769883013597865,-0.3406225168643816,1.3765100490273667,0.571509771875327,0.9009364548494982,0.7769827553639483,0.6862370649377825,0.7250463124886932,0.4479156525687394,0.6294931264428648,0.8048442153971914,0.6867318941084243,0.816928421702588,0.55467707172055,0.5264010649501044,0.5817933085628315,0.9087451004040282,0.8567301747797197,0.0,0.0,0.0,0.0,0.0,0.0,0.0,0.0,Ian Nepomniachtchi,3195.0
18.7317905329644,168.89772290781508,-58.95610155591612,-13.002156036601383,-11.09569359315284,4.0,-6.86811470135618,-34.295604902160235,-9.86540990292384,12.170877580278358,0.22559999999999997,0.49099999999999994,17.7,0.06220000000000001,0.0201,0.09085084353640442,-0.2723482992301841,1.0033100528138377,0.6200417430120597,0.8559212616292262,0.8090915957183131,0.6987594681714592,0.6251955359564055,0.6411954201992541,0.498619259124207,0.8090390236362104,0.8071168856153467,0.8664831183309445,0.637783874695017,0.30148358294126365,0.48535362557294065,0.7027704639661162,0.8199598094518323,0.0,0.0,0.0,0.0,0.0,0.0,0.0,0.0,Ian Nepomniachtchi,3195.0
20.463240118728088,194.56004130240748,-62.21507955598541,-13.143965983738127,-11.96862443055885,4.0,-7.477322681330223,-33.59967690418268,-9.627572672032718,9.602083115857186,0.2063,0.6319999999999999,18.2,0.057300000000000004,0.0099,0.15743706341796843,-0.23570352155332902,1.9168512434826617,0.787227463398087,1.0,0.8032431142936665,0.7480947933645302,0.7375902780140396,0.5192755195516285,0.7820551163423971,0.7900407848324515,0.87566512345679,1.0,0.7146702520189363,0.6673154598053419,0.6125928188168901,0.8530020466481311,0.8561858219459678,0.00089285714285714,0.0,0.0,0.0,0.0,0.0,0.0,0.0,Ian Nepomniachtchi,3195.0
19.963219409670128,186.60026987390108,-60.0252394558884,-14.94585621094939,-11.378238138830326,3.998001525983166,-5.687610874777179,-33.98228575327377,-10.45377523529874,12.424525231257846,0.2176281464530892,0.4556979405034325,19.54233409610984,0.0653340961098398,0.0089439359267734,0.1130594001475938,-0.267149121802644,1.4327767459574263,0.7382866064601002,0.8815425806227601,0.8202787842237693,0.6230283777632123,0.6218479271272341,0.5473963420937515,0.5536315577561363,0.8865439560501346,0.8669570998874271,0.8001867295230675,0.6024557746739356,0.4817868925768242,0.6068253548164808,0.8016138223414662,0.8386543277670678,0.0516947241095052,0.0818858560794044,,,,,,,Ian Nepomniachtchi,3195.0
21.921102664273395,190.60481337767925,-52.56397176040425,-15.326797592651252,-10.696605919943895,4.0,-3.125722710555028,-28.718216243444907,-9.941684154260376,11.245054860451202,0.2186,0.38380000000000003,18.3,0.0772,0.011399999999999999,0.060966569000105574,-0.12406385281385279,1.4593462059620597,0.7697992067654988,0.9153807740324595,0.8584997517581787,0.7427480796862819,0.5924203293143413,0.5198071021892616,0.5264650771724627,0.8470144462279293,0.9342181395839931,0.8666666666666666,0.5139069915895759,0.45924820388200766,0.5664435969844985,0.8130337957461828,0.7965514620851699,0.0,0.0,0.0,0.0,0.0,0.0,0.0,0.0,Ian Nepomniachtchi,3195.0
20.57185894653481,199.95043000114558,-60.68736950265045,-14.96139010843605,-11.69813129311712,4.0,-4.311573048582244,-36.15782747232258,-10.151679028985987,12.593231448793539,0.22230000000000003,0.5099,22.1,0.06130000000000001,0.007300000000000001,0.043487228181625884,-0.1944028993666515,1.9359376179641916,0.8374429403125054,0.904968944099379,0.8058613217644781,0.7586429228224811,0.4618377949979108,0.6646241549778135,0.49680575160328033,0.8903850931677019,0.9548780487804878,0.8622105430801084,0.6570675032554829,0.48127609648603353,0.5615652832840567,0.6884031715974628,0.899573303576173,0.01828571428571428,0.0,0.0,0.0,0.0,0.0,0.0,0.0,Jan-Krzysztof Duda,3178.0
19.61176778604519,170.84156825905197,-52.18574504201449,-16.113110032500742,-10.711419003418616,4.0,-6.87067303928027,-26.936109143975727,-11.53600245567393,15.981568632834797,0.2068,0.5245,23.3,0.0753,0.005,0.23707292693599147,-0.2860085188240308,1.5801337058636045,0.6673347374801637,0.8963598946749496,0.6032979202893094,0.533473305765831,0.612535762640293,0.5082544546027996,0.5548400685684463,0.9227174214097771,0.8891269313991834,0.7531601600365597,0.5900680633452546,0.48507459981565404,0.5940662642049849,0.6055136249342377,0.8837245326222393,0.014086345381526099,0.0,0.0,0.0,0.0,0.0,0.0,0.0,Jan-Krzysztof Duda,3178.0
20.45805920210524,187.52890710712018,-55.74617860971172,-13.229694621694843,-11.07722463565884,4.0,-8.769230097597003,-29.441583637624603,-9.74099836772699,12.512552750590565,0.2084,0.48179999999999995,18.6,0.0389,0.005600000000000001,0.04264560131814421,-0.1569457948270253,1.727148618697625,0.7307902193434013,0.9240425531914894,0.788230202830378,0.7876614483638684,0.5440724606219588,0.6886837312190577,0.5299148034058031,0.9634782608695651,0.8151258475762342,0.8565469340118457,0.7489126313394568,0.494047394690677,0.3312266818303924,0.8252485661930941,0.7868914967390295,0.0,0.0,0.0,0.0,0.0,0.0,0.0,0.0,Jan-Krzysztof Duda,3178.0
19.70543874828929,178.03229344053636,-64.5680785171286,-14.948681468256671,-10.925684719113267,4.0,-8.667883253135871,-36.97226850856318,-10.959766523360123,13.906205955300539,0.21739999999999998,0.44000000000000006,22.9,0.06970000000000001,0.0117,0.12891137975949357,-0.5481914506597685,1.305927107807667,0.6762794522126123,0.6521666700206767,0.7619435468611027,0.6012303941980492,0.6711276142043083,0.6968486670220844,0.5194737067919878,0.8214727386096932,0.8392740770909729,0.7973439253907791,0.5861884812406367,0.4456585674033103,0.4661072021753232,0.670090953076717,0.8385588743186915,0.0,0.0,0.0,0.0,0.0,0.0,0.0,0.0,Jan-Krzysztof Duda,3178.0
19.435636936223208,178.9659664509174,-57.58862877426101,-13.671928126853103,-10.426816236685221,3.983606557377049,-10.662655050685734,-30.347196675113402,-10.79498717131967,14.331347929019074,0.20579999999999998,0.36500000000000005,19.4,0.0759,0.0066,0.1882620322064334,-0.21104289979914465,1.5150694473938229,0.6536364359147402,0.7057662443165926,0.8169457735247209,0.49467421295651076,0.7663463315599401,0.6570712242008382,0.6193370569606174,0.7252067988621683,0.7102795258683379,0.9713759555087129,0.626132183008981,0.5990987697982105,0.6447343361784236,0.7936589347227598,0.8700746601700248,0.018168269882129794,0.0,0.0,0.0,0.0,0.0,0.0,0.0,Jan-Krzysztof Duda,3178.0
20.56390784046592,179.37873750294176,-63.54512758025686,-15.92876605220782,-11.27397045403282,4.0,-4.762777878330166,-38.94257342959318,-10.159025700274471,13.521985934181586,0.22410000000000002,0.5210999999999999,24.4,0.041400000000000006,0.0058,0.09045726974204418,-0.11932100380543938,2.062390337880868,0.7108101330433312,0.7963112644643063,0.8292871439243938,0.49466539570738266,0.6289822345917025,0.632852824792208,0.5272608093403873,0.8507512572059366,0.8346615969581748,0.8086564064538428,0.8640496502140745,0.5974907965068661,0.24187151065053855,0.6733443726349425,0.8200191144444311,0.0,0.0,0.0,0.0,0.0,0.0,0.0,0.0,Jan-Krzysztof Duda,3178.0
17.34338809888057,170.67889894569493,-77.79372042118365,-15.252233236027365,-13.678418007269807,3.998148148148148,-8.382208265807455,-46.241107816658584,-10.261355182326428,12.023453938757827,0.2043,0.4688,20.9,0.0611,0.0055,0.2154673945457156,-0.08336214089973341,1.231876096227031,0.6814817374361739,0.8053996127638159,0.636129432413448,0.576679271144263,0.6297842371848328,0.5920104981404102,0.48819765474706867,0.7659057415686761,0.8304082234008794,0.7570269890118404,0.4768566416636292,0.6035802498165868,0.4711696936489286,0.747516374482628,0.7577150515360161,0.0072194355778486905,0.0,0.0,0.0,0.0,0.0,0.0,0.0,Jan-Krzysztof Duda,3178.0
18.630290389622314,164.84578107064354,-61.34521289247725,-15.010642980619028,-11.632465295661564,4.0,-7.513522976327577,-34.23851293314341,-11.34522983942245,14.39516113269678,0.1923,0.4673999999999999,27.8,0.0651,0.005399999999999999,0.22908603383086118,-0.4170401984244931,1.6500920624434,0.6673928605313664,1.0,0.653478531755752,0.5683335830715529,0.6868947013002916,0.5236711309323492,0.6703632144223676,0.8556587910069948,0.6928880967992661,0.773012187088274,0.7343328873032771,0.5641676838162075,0.6515454278216118,0.7630332925140483,0.82452465990444,0.011034482758620689,0.00137931034482758,0.0,0.0,0.0,0.0,0.0,0.0,Jan-Krzysztof Duda,3178.0
23.01016478983707,202.26396444165812,-60.7977785880169,-13.499888614345954,-11.348735456629868,4.0,-9.210759827646472,-35.56242470019235,-9.595679206014283,14.419709216812027,0.23179999999999995,0.49420000000000003,17.2,0.057199999999999994,0.0025,-0.02370773949271827,-0.39575191271987603,1.714406298936374,0.7874371142114032,0.9103528911564626,0.7935879264114405,0.7908413446816798,0.5768192541224171,0.5948890401290583,0.7500520107197075,0.8764818776743015,0.954382183908046,0.9569727891156463,0.716185203211245,0.3456032625690413,0.7262966911498661,0.8213703014052335,0.8835997318635483,0.0,0.0,0.0,0.0,0.0,0.0,0.0,0.0,Jan-Krzysztof Duda,3178.0
20.171475526507454,201.57018458156932,-62.92363290310179,-15.094344764170637,-12.111497566309534,3.9986111111111113,-6.446016320327499,-35.17528520401569,-10.414055361552709,12.318955202163163,0.22890000000000005,0.49169999999999997,20.0,0.054900000000000004,0.0,0.13079186444522484,-0.5072155737584431,1.8195185924691806,0.8587893075140229,0.8274205960576939,0.8186513812457121,0.6575648754998851,0.5292840817498681,0.3585613918558956,0.5032795428534226,0.8494140975141946,0.8441609909935108,0.7849577081287725,0.8693817668717788,0.5558155220191235,0.6065001894549064,0.7104822347436573,0.8408894748967028,0.012844036697247698,0.0,0.0,0.0,0.0,0.0,0.0,0.0,Jan-Krzysztof Duda,3178.0
20.749032009629104,201.0081196293444,-67.52343296714199,-14.996124283008214,-13.962618659681985,3.998360655737705,-8.257508328410127,-35.68999828043969,-10.500429977115232,11.884885905775535,0.2294,0.5456000000000001,16.8,0.0641,0.007000000000000001,0.245695145288824,-0.32326770864941706,1.5995227997337154,0.8680689581596368,0.92607733175915,0.7919519689216508,0.8096473826138242,0.7559263795424906,0.679965974595489,0.5390726105948099,0.7621686829301513,0.7926053421324211,0.8003526073503988,0.6735244536628127,0.6444064939161729,0.6569316934464537,0.8592910528897051,0.8453644187761327,0.0013698630136986301,0.0,0.0,0.0,0.0,0.0,0.0,0.0,Jan-Krzysztof Duda,3178.0
21.83929764922882,194.57395320284868,-59.885726379397205,-14.746816304263115,-11.318127163496989,4.0,-8.32379674455707,-32.89327763565874,-9.905746239576027,13.302037708154728,0.20400000000000001,0.4269,19.1,0.0661,0.0077,0.05118389872770348,-0.27106576291182044,1.810091314030613,0.721672749923673,0.9349514563106796,0.9029281631749949,0.6286279078948874,0.5650589947446856,0.6690052923920815,0.5307201438803657,0.9035501513050057,0.9365769712140175,0.8736401888670817,0.7071136732392085,0.3969532090900469,0.5836137101116518,0.8734050690825452,0.9141892690602418,0.00194174757281553,0.0,0.0,0.0,0.0,0.0,0.0,0.0,Jan-Krzysztof Duda,3178.0
20.70449662036883,190.84053960973785,-64.07841003933774,-16.56870766840926,-11.79830064776414,3.9905370843989765,-9.090460943567546,-33.0539458342504,-11.072010908250254,13.514478878504883,0.20950000000000002,0.4288,19.1,0.0643,0.0113,0.1403742046936219,-0.3608522860017938,1.682053200031973,0.7654312979312979,0.8505564571387356,0.8563555685506905,0.5916656938029276,0.5062519544023609,0.7340687248614077,0.5463290653737809,0.7469587344587345,0.8119957415954122,0.8331453568386262,0.5778524220697732,0.5619612279422406,0.6679507778558411,0.9782051282051281,0.9018479984333642,0.0231143856143856,0.0,0.0,0.0,0.0,0.0,0.0,0.0,Jan-Krzysztof Duda,3178.0
21.04836267723238,180.84327880377336,-59.528201376097776,-14.075623360661258,-13.564080618470296,4.0,-9.564436299439503,-29.948679932483447,-10.307757173967271,13.932376008923995,0.2197,0.4636,18.0,0.057499999999999996,0.008299999999999998,0.08833973497766599,-0.19429514313308482,1.8006097459353572,0.7108606393205376,0.8741724851417298,0.8780968156137648,0.6977898080799643,0.7679082052450887,0.5931371989794552,0.6371954912392898,0.934519509643272,0.7274013641292167,0.8274686000274236,0.8506093264260844,0.5069413732994195,0.6032534919858301,0.8397673711611194,0.8330391891009234,0.0,0.0,0.0,0.0,0.0,0.0,0.0,0.0,Jan-Krzysztof Duda,3178.0
19.299722083430893,189.36135010892633,-69.12239528092216,-15.748292388506139,-12.731560541006038,4.0,-8.253363683971427,-39.07455967684561,-10.93452369072794,13.61990470013499,0.21810000000000002,0.2117,21.6,0.0649,0.004399999999999999,0.1420370362445938,-0.4171438926856883,1.3168935599823255,0.7457398012751261,0.8377771351455563,0.829789304663133,0.8149135833734678,0.6448628311653235,0.5291018291748277,0.524522503077664,0.7136144943830517,0.7469369745892972,0.8430760119476775,0.5500366147407403,0.4934211646572998,0.42912149413943707,0.7388954962939522,0.7824481376668841,0.0,0.0,0.0,0.0,0.0,0.0,0.0,0.0,Jan-Krzysztof Duda,3178.0
21.013935066295524,190.75711340307473,-63.73137978438346,-15.716709032974114,-12.117704028338668,3.998148148148148,-8.401156553782668,-34.55679362032966,-9.905905085728937,12.968740388622418,0.1975,0.47000000000000003,19.9,0.0513,0.005200000000000001,0.0028049671948923807,-0.291033229192622,1.826376061161783,0.7512843260076397,0.837708987682509,0.8888475698409893,0.7860690158184518,0.6525034434307345,0.5946861266177231,0.7658507754319113,0.9191509433962264,0.6420492696214672,0.9048918823112372,0.7489106938406003,0.573312141177246,0.7862132733902188,0.8626562830282175,0.9870967741935484,0.0,0.0,0.0,0.0,0.0,0.0,0.0,0.0,Jan-Krzysztof Duda,3178.0
21.092204484229477,192.43012935665888,-54.766348982543875,-13.875623669321419,-11.188222241639037,3.994594594594594,-6.934578903496687,-28.566031531123308,-9.907733040415879,11.711245808857864,0.2133,0.4359,17.7,0.0415,0.0,0.004877690183015831,-0.2817041525990401,1.4790371610752466,0.7803355595874649,0.9155257973733584,0.7669489449218028,0.7696041344190951,0.6781781243690693,0.8081138869688292,0.5877283563917599,0.9200896229434734,0.931673733091056,0.8395822192019619,0.570924208491211,0.5988385075018251,0.6683350589104837,0.6999235743891598,0.8502364211895916,0.0008130081300813,0.0,0.0,0.0,0.0,0.0,0.0,0.0,Jan-Krzysztof Duda,3178.0
19.340263256748187,184.19289171258362,-75.87535863830792,-14.272332192589053,-13.359122033893204,4.0,-6.949167373126096,-46.65611683820448,-9.854518651006375,11.215898450511316,0.22999999999999998,0.46349999999999997,17.4,0.0882,0.011699999999999999,-0.002412879117169156,-0.26107080970185714,1.8890268470945109,0.7498606080554138,0.8197508014179646,0.8220080946450808,0.8782300263762444,0.5873415931528712,0.4709040646858627,0.6184444386724777,0.8774596995770946,0.90472052267764,0.7702708609862079,0.7336647181973799,0.4856684709520467,0.5511124696991827,0.7677160780053522,0.8833462282398452,0.0009090909090909,0.0,0.0,0.0,0.0,0.0,0.0,0.0,Jan-Krzysztof Duda,3178.0
19.480093381401588,195.33976822079077,-54.14863418019663,-13.64449711758127,-10.759017804428149,4.0,-2.9576219743612397,-32.56593243628973,-9.852539313523229,11.630974465986984,0.24380000000000002,0.40370000000000006,21.9,0.08299999999999999,0.0084,0.17739909895177988,-0.43058118425210046,1.0897131594246516,0.793122168729029,0.9028551457774455,0.7201712128846054,0.4295297299789004,0.6113172573074299,0.5958142608882764,0.5063243746100771,0.9134405123212028,0.9741573033707865,0.8058017544634918,0.5644187342956479,0.6089409073810297,0.3903107052445603,0.6933348034127469,0.8198502831173637,0.00361705402493458,0.0,0.0,0.0,0.0,0.0,0.0,0.0,Jan-Krzysztof Duda,3178.0
20.363225436043983,201.28478327656552,-68.32979382386763,-15.66097981158465,-11.506404130867057,4.0,-8.686958304881694,-39.4591636310487,-10.765390841171083,13.749102895685558,0.1996,0.48369999999999996,22.3,0.0855,0.015,0.09214714192536774,-0.24465538988119634,1.4539375871049258,0.7914268831188023,0.783347907405079,0.8453267828204343,0.529338789520822,0.5303393201578521,0.5947539366933533,0.6653635726054067,0.7903875990881508,0.8127692598951144,0.942769989615784,0.6266534413051189,0.43944186262829044,0.42943321968597575,0.8282404033083454,0.7888302152572622,0.0,0.0,0.0,0.0,0.0,0.0,0.0,0.0,Jan-Krzysztof Duda,3178.0
19.932788550438165,186.5783965729541,-60.87788672638198,-14.7638910533829,-11.806888670097344,3.9953947755411887,-6.478823170356586,-34.04451802145737,-10.324615692270084,12.545455105641116,0.2150233253588516,0.4548032296650718,19.95933014354067,0.0625167464114832,0.0079706937799043,0.1375377892036324,-0.2556160496745893,1.7479124065296847,0.7349188058949556,0.8717923801910494,0.8226117500095282,0.6431164772350044,0.6174760054784981,0.5697450881770945,0.5962205769692303,0.8759117200391339,0.8558065131731778,0.8491023216818094,0.6669472729480557,0.5397472260000956,0.6055817041593495,0.7642233115399935,0.851199614495104,0.0648294501410242,0.0680953703675813,0.1005971337579617,0.075,0.05,0.0375,,,Jan-Krzysztof Duda,3178.0
18.721975611948274,157.65960380321852,-58.87782227554445,-15.42767768470208,-11.455396779576645,3.998780487804878,-4.7969756224338465,-33.898084749690774,-11.00477894216305,13.706311015217063,0.2085,0.38070000000000004,20.3,0.09219999999999999,0.0171,0.18258231126933186,-0.30884975431129624,1.7792540756676263,0.5195833829515222,0.8637336901973903,0.7525809581539409,0.6740739348524568,0.7972568113894208,0.5928746737698702,0.40987224268329614,0.9033739053600968,0.8625173133256979,0.8328685192589631,0.6320411926546966,0.6516671029610628,0.5119122053261964,0.7861744985257533,0.8260685626379299,0.0014162077104641901,0.0,0.0,0.0,0.0,0.0,0.0,0.0,Javokhir Sindarov,3190.0
19.815921219866485,181.25795098163107,-56.48392838273059,-15.622136304090072,-11.006997635801962,3.997511859395123,-5.651759604472179,-30.481606269161333,-10.45281719183016,12.73387676323,0.2195671902268761,0.4648691099476439,18.9650959860384,0.0630104712041884,0.0077015706806282,0.12056513292085,-0.2651063895929554,1.780484843933615,0.6945622885987999,0.8834841244759145,0.8254904167601309,0.654134684334304,0.6084137871104732,0.5567982586737907,0.5672914361507017,0.9041064708087097,0.8930218239763437,0.8608490116937695,0.6137406800456117,0.6053954740386497,0.6542442959028952,0.7941643856309253,0.8528366947268862,0.0558963944399753,0.0391525443793496,0.0478801582815149,,,,,,Javokhir Sindarov,3190.0
18.679453316774698,177.6120362426723,-50.802894866117384,-15.600079638806667,-10.184163520052556,4.0,-4.761383779575175,-25.705635387986355,-9.982634429468137,11.431001889771498,0.24610000000000004,0.4484,15.5,0.058300000000000005,0.0053,0.1969668886320612,-0.273363977059181,2.04403443917339,0.6521152661268126,0.802447281138303,0.8359788477788619,0.685503602090303,0.6973761583336938,0.6110104709135206,0.7205447494956839,1.0,0.9563499178245929,0.902635046113307,0.5467736539823519,0.5769144466596497,0.7196948489003019,0.8190067764049047,0.8362109425226366,0.0,0.0,0.0,0.0,0.0,0.0,0.0,0.0,Javokhir Sindarov,3190.0
19.59463641211563,184.80749105657208,-49.482624469065556,-14.658342119633085,-10.768831950970293,3.9903846153846154,-4.865329849116911,-25.15005561984921,-9.903717270716843,11.873267725836175,0.22150000000000003,0.4849,21.4,0.04340000000000001,0.005699999999999999,0.12258796489311456,-0.24049046819397218,1.9803481068896018,0.7284105660956126,0.9554507628294037,0.8786243292322385,0.7883166567597912,0.5644250340480448,0.6573760256888515,0.4802837667362606,0.9248135932715794,0.9139805990469707,0.8558034480695669,0.7602887722663599,0.582347225542415,0.6000465989835264,0.6475650432072712,0.8071602940438558,0.01646860514117151,0.0,0.0,0.0,0.0,0.0,0.0,0.0,Javokhir Sindarov,3190.0
19.37834684538688,165.55569263277192,-61.523305335743046,-15.138169357792254,-9.580466587758728,4.0,-4.912897973049354,-38.94761487239036,-10.566771771340571,13.622615226588227,0.23170000000000002,0.4622,25.4,0.09119999999999999,0.0128,0.15759505000657623,-0.2868279603499519,1.3013063482526774,0.5497085922860008,1.0,0.8497463550217654,0.5962951097255555,0.45190474678398884,0.6064597319028624,0.43066952724552454,0.9021806571354221,0.9108698357391738,0.7593121537461244,0.7007195430975715,0.45307795678708496,0.5642623827833358,0.7731899879305133,0.783723033559703,0.0,0.0,0.0,0.0,0.0,0.0,0.0,0.0,Javokhir Sindarov,3190.0
19.25641789780915,180.70695346750492,-47.24759963176693,-15.23768468722029,-11.338704210522437,3.995,-1.482622114268786,-24.24989220768052,-9.861007326634262,10.927310914559367,0.2613,0.41740000000000005,15.9,0.0847,0.0162,0.12947914791374543,-0.2781514025283375,1.9387032217624323,0.7287712577621763,0.8936711711711712,0.7763972288120715,0.5957429322568886,0.5037284484638751,0.6482528125505747,0.5334441887999872,0.9098563598563597,0.9278798215691421,0.9051792382374906,0.6342169289044289,0.746515998078498,0.6255220386682765,0.7745149602296941,0.7683906182813949,0.00583333333333333,0.0,0.0,0.0,0.0,0.0,0.0,0.0,Javokhir Sindarov,3190.0
18.667691774947208,187.1107157999821,-52.22854775436464,-15.64406840059014,-10.600273601144838,4.0,-2.411097782701044,-27.519583026240632,-10.244990064772672,10.191465121084686,0.24779999999999996,0.45,19.5,0.0622,0.011800000000000001,0.2252222543255152,-0.18804409603322644,2.101385221629787,0.8293537757532323,0.9127950735545671,0.8144403820460362,0.6324246220306002,0.49467948598297384,0.5660355931725742,0.6266497813372813,0.9777472527472527,0.9791406791406791,0.8508026527013868,0.603596966481357,0.657128215903842,0.6379165195777038,0.8510263037401196,0.9136627801387526,0.0,0.0,0.0,0.0,0.0,0.0,0.0,0.0,Javokhir Sindarov,3190.0
19.56803862592266,187.05874590851792,-54.25721617233448,-16.054288683110233,-10.703881477278262,4.0,-4.1465113751728335,-27.85923071643969,-10.689254963160284,11.195951042826819,0.211,0.4535,16.6,0.027100000000000003,0.0068000000000000005,-0.05101675971851011,-0.22854579477135614,2.116358289175781,0.764392873265931,0.9238095238095237,0.7599339492820147,0.8130173334019866,0.5157461961670082,0.5987898585046291,0.45643047939407966,0.9552513128282071,0.9099256026804319,0.7788965093613203,0.6814044633460945,0.6654052638352097,0.5306252898984324,0.6950756358243164,0.8009460387928756,0.0,0.0,0.0,0.0,0.0,0.0,0.0,0.0,Javokhir Sindarov,3190.0
17.909680119482083,158.8152208861241,-64.69343325426046,-16.820125674967517,-11.861608287122735,3.998214285714286,-6.88161600570939,-35.57825261654587,-10.805487060334,13.255442104704766,0.21700000000000003,0.3658,21.2,0.035199999999999995,0.0047,0.04015958903392236,-0.43208347741699915,1.8026401856918977,0.5978273722128997,0.8476283252908214,0.8747653483436896,0.47718111556155185,0.5646363879651918,0.5605576642763335,0.3778112116032279,0.9417135599905843,0.848579158771925,0.9202868192072188,0.4439116356210729,0.6406365901964882,0.6294165049528976,0.7257422962747482,0.7916030820532551,0.0,0.0,0.0,0.0,0.0,0.0,0.0,0.0,Javokhir Sindarov,3190.0
19.402390201313608,186.70936471513986,-57.36150993838627,-15.854411546386189,-10.300403801426443,4.0,-5.5324757366237245,-30.779284780256592,-10.786450942317483,11.891516868624155,0.2405,0.4532999999999999,18.6,0.0518,0.0,0.24960252800642926,-0.026206836917046162,1.4731690329344433,0.722505865462815,0.8370812219615992,0.878643869030866,0.5555525026256001,0.599349518628135,0.3704429022289649,0.6143380783811605,0.9179106858054226,0.8401202985840985,0.9080645161290322,0.6365397497377703,0.42130887032704967,0.685140726146918,0.9066832366749515,0.8382289690069576,0.0006060606060606,0.0,0.0,0.0,0.0,0.0,0.0,0.0,Javokhir Sindarov,3190.0
20.509441547916634,184.58451685763967,-41.15011507702604,-14.971418885535247,-10.168826279778092,3.995238095238095,-1.6960216796600043,-19.713115376274125,-10.365506895084165,11.7695359440675,0.2061,0.5462,14.5,0.05970000000000001,0.0067,0.1295394037033595,-0.5457750100690895,1.4398689311654762,0.744063873080727,0.8198405592236645,0.9646987112504354,0.5866784565895018,0.5661430031184363,0.5703896661328709,0.6374129488444689,0.9062719298245614,0.9077677111357282,0.8172176931091775,0.6115771290877328,0.6009294752981088,0.9470454545454545,0.878466974093364,0.9101875901875902,0.0,0.0,0.0,0.0,0.0,0.0,0.0,0.0,Javokhir Sindarov,3190.0
20.09305889119138,181.1610201647543,-63.34011130262867,-16.582597359421317,-12.629514492676147,3.9948275862068967,-5.13277724798596,-35.202793533510416,-10.53685476346547,12.749598508223738,0.1807,0.5600999999999999,20.1,0.0367,0.0042,-0.009795905930207197,-0.22515542046395037,1.6961933652015322,0.684056253375946,0.9438471011746875,0.8401399570977885,0.6573121700115884,0.7884460367218987,0.46809904835735744,0.5848586898145477,0.910508658008658,0.8992800303145131,0.920454630883588,0.38259370891537486,0.6579879574448539,0.8077845200776235,0.747418644573817,0.8583271929335494,0.0,0.0,0.0,0.0,0.0,0.0,0.0,0.0,Javokhir Sindarov,3190.0
19.761455434392115,185.05474654371392,-59.94883434739258,-15.513504239774369,-11.768935484744826,3.998780487804878,-7.417306907562137,-31.626519134165648,-10.91453625049833,13.293187181547859,0.20329999999999998,0.48109999999999997,21.8,0.0415,0.0097,0.028411636567274752,-0.044789558499723894,1.773038018076889,0.6945749785559624,0.7791550457339931,0.8795911405667501,0.6127230087045378,0.6865798944629525,0.5182823690106592,0.5681754862644224,0.9729411764705883,0.946923076923077,0.7799274585136512,0.6489982514206633,0.5661486553626693,0.3903473096623683,0.7128281687932517,0.8839437340998447,0.00823213371993858,0.0,0.0,0.0,0.0,0.0,0.0,0.0,Javokhir Sindarov,3190.0
21.199487409564824,189.86656866175238,-53.58584281455239,-13.511894616723618,-10.200411792656949,4.0,-7.872058838961529,-29.264365057483978,-9.749104122584587,13.011991613858271,0.24369999999999997,0.3741,18.1,0.0666,0.0132,0.10598570720426503,-0.547960205503309,1.8852030311616172,0.7394674480027972,0.9283580270067517,0.89872311827957,0.7316490802038005,0.670647304036154,0.6384480872351366,0.5011054826658488,0.9932203389830508,0.8709516838385021,0.8000288287609285,0.5902606399551836,0.6973668521042965,0.7296006236719345,0.8162843694974942,0.8943155858511422,0.0,0.0,0.0,0.0,0.0,0.0,0.0,0.0,Javokhir Sindarov,3190.0
19.80398140041399,166.52161647575272,-58.26015822743034,-14.266394752771157,-11.401655648808378,4.0,-6.2628917586782755,-34.73335937626668,-10.133443990466462,14.537587299560617,0.20590000000000003,0.5496000000000001,20.2,0.0673,0.008499999999999999,0.02648393715107198,-0.3498526800914441,1.7830277291372796,0.5458229036339656,0.9076792635658915,0.7689947824298969,0.5907718221954292,0.6028277380980228,0.6273445469476957,0.49558860391704107,0.9530577236469678,0.9365265031306287,0.8759019514772046,0.4610587427476503,0.513125687681342,0.606217150774735,0.8084002831730981,0.8259918709567586,0.0,0.0,0.0,0.0,0.0,0.0,0.0,0.0,Javokhir Sindarov,3190.0
21.095286258274733,190.93522123724065,-58.111076274329456,-16.348685631976096,-11.646969445475445,3.985586658725432,-6.201365765447591,-30.477151650773727,-11.054128388941043,13.631637949559016,0.1919,0.3628,22.5,0.0391,0.0014,0.05671077487359431,-0.07031992641004015,1.6198523870928738,0.719507962928489,0.8042186908581543,0.818644758128358,0.6166366331730455,0.5929053567674549,0.4651606908708462,0.7320523816922406,0.8992343076768498,0.7773895647146692,0.9223632670825473,0.492260112602373,0.4587578975233165,0.8632560022034536,0.7282034319455202,0.849233712198207,0.00929798801539743,0.0,0.0,0.0,0.0,0.0,0.0,0.0,Javokhir Sindarov,3190.0
21.210269060597195,200.23242743057392,-63.39448214730798,-16.826652590277327,-11.18486029930987,4.0,-4.9015914564289345,-36.1518045933539,-10.70433143926823,12.374758231330276,0.223,0.43949999999999995,17.2,0.0501,0.0083,0.08894716118751375,-0.05986864817449524,1.773916429959024,0.8942829635063267,0.9291856138900372,0.6928678976677036,0.7190626530667297,0.6352373230330679,0.5474097226507423,0.5827512929110574,0.8621212238947928,0.8273336677418079,0.8934948769672776,0.5235094045444886,0.7037508467807541,0.6257039397665747,0.8324734538362775,0.8848481908227208,0.00345458240195082,0.0,0.0,0.0,0.0,0.0,0.0,0.0,Javokhir Sindarov,3190.0
20.619318719029202,206.36684607059524,-60.60137188754503,-15.993989274633142,-11.641639906936508,4.0,-5.775818413647572,-31.113163994261487,-11.14638928851684,11.069628990450513,0.18819999999999998,0.38749999999999996,19.5,0.0471,0.0041,0.13069062160952027,-0.22909767262845504,1.1814175372261124,0.8513407881880362,0.7408970934144564,0.9053236437383809,0.6477805502337664,0.6862142650501071,0.5476132045935019,0.49242291928632725,0.9720930232558139,0.9210545632493272,0.7711177565271304,0.7076164764852152,0.5438726789790266,0.5262264667982406,0.8053284563152102,0.8324247045734502,0.019672131147540982,0.01147540983606557,0.0081967213114754,0.0,0.0,0.0,0.0,0.0,Javokhir Sindarov,3190.0
21.422654815351997,195.89449803609574,-53.84810725567009,-13.253727235108581,-11.425734031012242,4.0,-5.517966646110155,-29.632355744132276,-10.281935401919785,12.263611802612951,0.22679999999999997,0.36679999999999996,18.8,0.05500000000000001,0.0019,0.03037165648390815,-0.2353807297116321,1.545460086165672,0.7823173348958352,0.8768173604133359,0.8862392026983139,0.7216747539086792,0.5180148184084825,0.504244585225363,0.6201361374333649,0.8509450182844678,0.8476349250236501,0.8989035659229746,0.9058992606540581,0.4546102721803612,0.6481300717648311,0.8427120396290085,0.9076785067053279,0.0006060606060606,0.0,0.0,0.0,0.0,0.0,0.0,0.0,Javokhir Sindarov,3190.0
20.252409003669648,177.74992046035348,-55.175436930091664,-16.514071367477168,-10.379742347314126,3.9849056603773585,-7.909971930836143,-25.57212800427795,-10.521501005949846,11.737072065386215,0.2186,0.42780000000000007,18.8,0.0595,0.0,0.18891583340533624,-0.2542380990656853,2.1407140182691906,0.6631057851672508,0.8483193277310924,0.8990535899455534,0.7921671711728298,0.6461681649669039,0.5209275493155945,0.6338544858703147,0.8781052019761697,0.895511271640304,0.8666655288160664,0.6780865711306943,0.6218493986011727,0.7963837831345313,0.8825850075304462,0.8812826584889777,0.00147058823529411,0.0,0.0,0.0,0.0,0.0,0.0,0.0,Javokhir Sindarov,3190.0
19.07559551135209,191.1279455010376,-52.63742905107286,-16.046397704950333,-10.380016158429694,3.995,-2.285065223716539,-28.33662294172162,-10.178331074153444,10.59400405189879,0.22949999999999998,0.3832,16.0,0.0733,0.0081,0.05701567724594039,-0.3487501693422746,1.381726040377356,0.7997465223906326,0.8850585585585586,0.8804338564755231,0.5987678296223742,0.6377226048678647,0.5715522888550411,0.533206902797186,0.9576576576576576,0.9322258037854368,0.9172403982930298,0.5781623288316713,0.39417894917462354,0.5279374232807816,0.7620599533019258,0.9225694938525869,0.00583333333333333,0.0,0.0,0.0,0.0,0.0,0.0,0.0,Javokhir Sindarov,3190.0
17.057253933764052,152.49801388934483,-56.16773943129577,-16.515911649555736,-11.846073155877377,3.9899419066837893,-5.104444147666115,-28.35323073144238,-11.269328951006353,12.931307297568399,0.2133,0.4929,17.8,0.0673,0.0047,0.051037883538286734,-0.12185164906154033,1.61320496585815,0.5576663189902427,0.846544332321389,0.6080792797956222,0.6283837690121168,0.44410311003804426,0.6383790288881106,0.471474626049922,0.8156176642540787,0.7300774327116394,0.7562494486446479,0.599518082385224,0.549421063425586,0.421694018839601,0.679090905429227,0.7001434670409763,0.01082432973189275,0.0,0.0,0.0,0.0,0.0,0.0,0.0,Jose Fernando Cuenca,2810.0
20.93364026315701,185.59778205858723,-50.13772254788813,-13.35964078070722,-10.64085785584134,4.0,-7.234685349834857,-26.219763021132643,-10.039140993032174,13.356365452660095,0.2015,0.48179999999999995,17.8,0.0737,0.013000000000000001,0.06437351419133928,-0.2863231939219032,1.8521228511544625,0.7266903204056232,0.9174180385667678,0.775224205744439,0.5818882922044655,0.5686302587893097,0.7348012480910333,0.7308564369811188,0.8292913518743834,0.8153475657829828,0.86162127752006,0.7493767492702614,0.6590189280418519,0.6994615196006766,0.7195196890626957,0.8978918602381416,0.020852963054797908,0.0,0.0,0.0,0.0,0.0,0.0,0.0,Jose Fernando Cuenca,2810.0
19.235564210821472,181.45485834256183,-64.92337265366427,-14.730675561518584,-11.02564772830355,3.9920634920634925,-7.001528026237328,-37.49352137284551,-10.169892660149928,11.505829203327126,0.233,0.4176,18.2,0.0975,0.0112,-0.06637221319654873,-0.2978026338740624,1.8792891922123651,0.689738950108362,0.8903318903318903,0.8814117951876603,0.5691853674476955,0.654704695699585,0.5578061770310699,0.39201390884745024,0.9864658787647731,0.8088841246242822,0.8142642792627436,0.7585889383876684,0.5780731190527792,0.6271134761890268,0.66976444111749,0.8213480767945152,0.004,0.0,0.0,0.0,0.0,0.0,0.0,0.0,Jose Fernando Cuenca,2810.0
17.751684171540123,159.96763884480615,-50.15480629749013,-12.439065934601484,-10.237997430213081,4.0,-7.266594226829139,-27.944812696098005,-9.414013831203908,13.14767782145547,0.2384,0.31410000000000005,17.6,0.056900000000000006,0.0041,0.1042538824026282,-0.3629361009361009,1.7120177688033276,0.6070875988950133,1.0,0.7389107221002176,0.739514122386975,0.5289029509551999,0.49343920111426065,0.6171678284239716,0.8935144724697764,0.9747038327526134,0.9413793103448276,0.6516460833698864,0.6074666866535792,0.5138872848518521,0.757961379432189,0.940411225507933,0.00827586206896551,0.0,0.0,0.0,0.0,0.0,0.0,0.0,Jose Fernando Cuenca,2810.0
21.682402390669225,222.55847177231755,-63.95109219906651,-15.668819159637376,-11.082076235419088,3.977966101694915,-6.538530931512353,-35.461775321076786,-10.395592984983827,11.217736331867991,0.21969999999999995,0.5262,21.1,0.06240000000000001,0.0144,0.18152272714655826,-0.10577401285604542,1.8018877489430118,0.924748582848759,0.814353337516927,0.877675670772935,0.7136403478093991,0.604072620583372,0.5085370361676064,0.742920221035551,0.8717267026684865,0.9261378273937311,0.7225668641029311,0.6719508955811088,0.5678993133105863,0.7653434804807675,0.8900962193119467,0.8635341941654711,0.024573133609126552,0.00681889076049659,0.00218978102189781,0.0,0.0,0.0,0.0,0.0,Jose Fernando Cuenca,2810.0
21.776747942340513,193.72748470506264,-59.995047537839596,-14.589863223267358,-11.877811550094709,3.9963443004320367,-7.155114344728112,-30.751120051610968,-10.209964264500439,10.592481595929947,0.21949999999999997,0.4791999999999999,16.4,0.0315,0.0,0.10307201230323168,-0.3873533914883778,2.108851167572395,0.7795657451526851,0.800841298431247,0.9244022840157236,0.6109449504404152,0.658463091901537,0.5456478702673803,0.5622326058019039,0.928605007664793,0.8571081642515109,0.8228682385575589,0.7602150707760552,0.882145488870619,0.6214220537467379,0.8512950213692647,0.8811886200263238,0.0,0.0,0.0,0.0,0.0,0.0,0.0,0.0,Jose Fernando Cuenca,2810.0
21.316283737042042,197.81040385309737,-58.155343527693574,-15.612748867692446,-11.15586613037035,4.0,-10.212141287261622,-28.17342479320306,-10.229662905941215,13.228500456775134,0.21390000000000003,0.41629999999999995,21.9,0.0455,0.0123,0.31116546253924937,-0.5512195006655671,1.9464937198575645,0.7670382154077806,0.9217482517482518,0.8719577318106729,0.563737124909759,0.4621153485616401,0.6438852011869914,0.5611275297592433,0.8513086913086912,0.9087912087912088,0.8525250305250305,0.6647857193956938,0.653770435446906,0.5231046546519693,0.7250197195529677,0.7740715983363042,0.00326086956521739,0.00869565217391304,0.0,0.0,0.0,0.0,0.0,0.0,Jose Fernando Cuenca,2810.0
20.07442350181874,190.2168421850747,-59.83820079792317,-15.650522448152989,-11.072090218525245,4.0,-5.488029000581108,-33.75587098564007,-10.545886546081533,12.674198401057769,0.1966,0.46840000000000004,23.4,0.06000000000000001,0.0215,0.16646297592271703,-0.1257282424318405,1.6733208439943847,0.7410128594075841,0.8813936101873899,0.7797870662519165,0.5954396656344222,0.4567862620880459,0.49739017307351413,0.5337874404248744,0.8786950936277094,0.8825741429808887,0.7844922178724514,0.8074798526602359,0.3391378298483406,0.7089788496869706,0.7663560449996856,0.7753096794841441,0.00810280831991035,0.0,0.0,0.0,0.0,0.0,0.0,0.0,Jose Fernando Cuenca,2810.0
19.45140614083533,189.00161030908845,-46.75023888225248,-14.56481614101774,-10.881531876097046,3.9920634920634925,-2.8037499692955796,-24.31329872619579,-10.135481978218134,11.95657631650832,0.192,0.48900000000000005,21.8,0.0467,0.0032,0.26264703125713906,-0.2581261744268545,1.902308551053195,0.802431807674526,0.9051051934042226,0.9046765010351967,0.6423914748705167,0.3987964432999019,0.706132044648115,0.606508414460933,0.9237864077669903,0.9236275416315394,0.8702306255835668,0.8592124124120032,0.7032040091258115,0.7363994412970059,0.6150269957963987,0.718645633157547,0.0,0.0,0.0,0.0,0.0,0.0,0.0,0.0,Jose Fernando Cuenca,2810.0
19.042550990773293,175.35989788859007,-52.81016386331387,-16.13809206740483,-11.02566150991951,4.0,-2.7822951514746745,-27.672166811034277,-10.016660574893393,10.824712251412812,0.21820000000000003,0.34409999999999996,18.1,0.03150000000000001,0.0043,0.22464449139764703,-0.4305729201451502,1.663573894289182,0.6581777528712881,0.951851851851852,0.8238825337264363,0.6920224912361699,0.5515566556695037,0.5720125954257426,0.6826013728422569,0.959882084207927,0.9156222743548585,0.8878022511543111,0.7542501353718746,0.5852213506457409,0.5051921868869906,0.7828042363433667,0.778027730294397,0.00326086956521739,0.00869565217391304,0.0,0.0,0.0,0.0,0.0,0.0,Jose Fernando Cuenca,2810.0
18.624977441655297,168.89119246041452,-55.44607182111578,-12.245477184735897,-10.754074741961311,4.0,-4.8660593565333015,-31.91706787717457,-9.859098181493561,10.195705520782864,0.21679999999999996,0.3876,15.6,0.0306,0.0,0.15747810644993082,-0.3506656901485085,1.3183039585571918,0.6967770182119686,0.9122890989589566,0.8460126910126909,0.7590784487207844,0.5723141889582127,0.7593733091949663,0.6112082312761815,0.8864222762908895,0.8120505797722501,0.7962526403402873,0.7030429346003116,0.6171066256597421,0.45328269262146714,0.8086490185094837,0.8537215927913602,0.0007299270072992699,0.00510948905109489,0.00218978102189781,0.0,0.0,0.0,0.0,0.0,Jose Fernando Cuenca,2810.0
19.234901370118692,174.37812290847,-49.23348965434958,-15.935977977172652,-9.845659785892126,4.0,-9.024866202526768,-22.534876422998202,-10.200151072401313,14.308041806641484,0.2367,0.4483,19.7,0.076,0.0054,0.21374938827035303,-0.445117489769737,1.8536707532662355,0.6587942404713046,0.7461069843910061,0.8359938019652304,0.7086540630220071,0.5319094277181127,0.4824186018652362,0.5923354053304082,0.8567769225536216,0.9144852479598242,0.8829510085120184,0.6079832431388124,0.5077646777980218,0.6714363209291915,0.82230908175256,0.8367717138008242,0.0,0.0,0.0,0.0,0.0,0.0,0.0,0.0,Jose Fernando Cuenca,2810.0
16.33437597871707,163.69351988672943,-54.766245695437405,-15.941821971026787,-10.48853796945458,3.997763303428782,-6.331272782738116,-28.461799492646122,-11.551690302731965,14.011113519731387,0.1897,0.44820000000000004,26.0,0.07139999999999999,0.0076,0.08295894611532359,-0.18052849336850202,1.7631728769430648,0.5947708201116562,0.8023545439182186,0.7925743153952092,0.5033040383099003,0.4277053560636047,0.39416469454836106,0.5655935002344223,0.7784454132890917,0.7498191144863832,0.7912200089116509,0.5863528642366369,0.4120620543816303,0.4500655347660384,0.5269131444842708,0.6783438507000163,0.02302631578947368,0.0,0.0,0.0,0.0,0.0,0.0,0.0,Jose Fernando Cuenca,2810.0
20.45833343818509,177.9407972001654,-67.69518307859293,-15.808096829091904,-12.749336434035765,4.0,-6.973920914376127,-38.157777355501125,-10.621381811354619,12.615330265766605,0.21550000000000002,0.5582,19.8,0.0632,0.005200000000000001,0.04760018765334676,-0.1420101773751416,1.8372446904632498,0.6894883677263843,0.9368410991636799,0.8107899776169505,0.6458120607412465,0.6065327735227194,0.5742448222716341,0.5720392688930859,0.8772592592592592,0.7504065277291294,0.6824335219140145,0.5913428696764462,0.7208116895187274,0.6800327833656987,0.7736454885835078,0.8911688994027849,0.001,0.0,0.0,0.0,0.0,0.0,0.0,0.0,Jose Fernando Cuenca,2810.0
18.486875996126766,178.83692191597558,-62.1909807107368,-16.78487858005564,-11.373887276552065,3.9920634920634925,-7.422911648001327,-32.20672033197358,-10.79565071996265,12.401004353744982,0.1847,0.4744,24.3,0.05960000000000001,0.0103,0.18685675011581798,-0.45868786694130986,1.2199090263339403,0.6932006758165942,0.8462391379909627,0.9014482502338573,0.6817408469588948,0.5494931531079593,0.5447741930143796,0.5702625149284667,0.8587410175050776,0.7881299201187625,0.7546356189752028,0.8075069608053116,0.4777756590712521,0.48840606460759883,0.6810630765203479,0.9006481923873227,0.009005789076264781,0.00510948905109489,0.00218978102189781,0.0,0.0,0.0,0.0,0.0,Jose Fernando Cuenca,2810.0
17.929371750285014,169.4866096242506,-62.55282703106013,-17.498376564381232,-11.128253067512313,3.987773487773488,-7.457142269842502,-30.59251746184024,-10.975362772207594,11.111051616950268,0.2085,0.3955,19.8,0.0828,0.0024000000000000002,-0.05751339862259939,-0.09083677379695689,2.3438292289787577,0.7089106828725653,0.7464432082692232,0.7170389008657433,0.6480691074430123,0.46504230888691866,0.6738897030112373,0.6608084358443259,0.9077391878397743,0.8816488364105352,0.7968182657982414,0.6685905811489696,0.6804783629229403,0.5751170827735006,0.711609399803947,0.8942635658914728,0.0,0.0,0.0,0.0,0.0,0.0,0.0,0.0,Jose Fernando Cuenca,2810.0
18.983371449870393,187.96271409132424,-65.81798484280921,-14.77234746507013,-12.787724889583902,4.0,-8.843098403197201,-34.82320929368275,-10.186534653924735,11.594929862649508,0.2024,0.5079,16.9,0.047299999999999995,0.0078,0.11400676593763795,-0.34536527743913115,2.4056235939756947,0.7426025000766976,0.8665818154644622,0.8665732698996387,0.7815044936116748,0.5627126257450217,0.47325836469115645,0.509146274399702,0.9295821860881006,0.9547798066595059,0.9127511536484582,0.7116546938547222,0.6263713657153974,0.6656085742224811,0.7743101108401931,0.8647917792661819,0.016081486804209122,0.0,0.0,0.0,0.0,0.0,0.0,0.0,Jose Fernando Cuenca,2810.0
19.33996353287836,178.05403872429494,-59.32722801603027,-15.11744704879892,-11.507840659155478,3.9798895097057247,-6.797473417009152,-31.84859328240128,-10.367348855112468,12.33158573674131,0.2076497093023255,0.4520029069767442,18.920058139534884,0.0552747093023255,0.0067761627906976,0.1191723178979528,-0.3018121391731321,1.82553710590776,0.6913289970016837,0.8721435946065855,0.7997293838986921,0.6341372200177509,0.5697211934758452,0.5660510217266134,0.602604730376644,0.8722576599222951,0.8580561530916593,0.8372774711372003,0.6862172449794078,0.5773586705621122,0.6223659942020084,0.7709556661775451,0.8420230855893174,0.0660943908481753,0.0351379424619933,0.0167628585978611,,,,,,Jose Fernando Cuenca,2810.0
16.242882681462127,156.68535753574224,-60.99229784213325,-16.25745599049546,-11.727918485818403,3.9904761904761905,-5.719236345714006,-32.13694649654378,-10.709495465927045,11.568278751889249,0.2202,0.322,18.2,0.04700000000000001,0.0114,-0.03421528836275379,-0.268841894532137,1.5446905138530063,0.5706981556805593,0.847195001077354,0.7662718535885644,0.7015908828140355,0.5803520190174971,0.3749833118992841,0.5369864658711381,0.9433908478645694,0.792841247117263,0.7209162964469146,0.5997322871510791,0.6105669553130724,0.545200769688685,0.5429567330494407,0.6932935855943511,0.0,0.0,0.0,0.0,0.0,0.0,0.0,0.0,Jose Fernando Cuenca,2810.0
20.205697882255816,170.90755006504997,-55.16187701797255,-16.591741603437963,-10.563629330102668,4.0,-6.354951443775275,-28.143197926214675,-10.43666853772718,12.928311823285199,0.22690000000000002,0.4165000000000001,18.4,0.06889999999999999,0.007300000000000001,0.19169394274450752,-0.27456889841682464,1.7621110592496663,0.582997554469586,0.9489795918367347,0.8084346384412792,0.8083686639973804,0.4970705192670281,0.5138840433778851,0.7192675693218609,0.8951385250554585,0.8736366231787478,0.8865381669765459,0.5610443123911724,0.6489362977833497,0.400614763064581,0.7396071264549243,0.8506852099826053,0.0,0.0,0.0,0.0,0.0,0.0,0.0,0.0,Jose Fernando Cuenca,2810.0
21.622101418547484,202.20349980109773,-58.152354357890985,-14.160257818291829,-12.899190927583263,4.0,-9.27758054450008,-28.27165482788871,-9.980496240428412,12.436826000801307,0.1975,0.49169999999999997,19.4,0.0617,0.0184,0.11205734656707353,-0.24252168199709181,2.0287311105110732,0.8599935982507331,0.9729315068493151,0.8148170088187708,0.7153836057494098,0.6222452417360462,0.4514685577534143,0.7982192175240742,0.8287325299649257,0.818694081601962,0.8664304088446173,0.6543031881571422,0.4742078562087945,0.726546010440045,0.9199140208020402,0.9708609271523179,0.0037037037037037,0.0,0.0,0.0,0.0,0.0,0.0,0.0,Jose Fernando Cuenca,2810.0
19.99377959443341,184.6494150285644,-59.59872154944776,-15.719172194002647,-11.547795095282078,3.996754981310033,-5.546048271240768,-32.838877834795234,-10.696040777668284,12.752457642231228,0.198095618556701,0.5002201030927835,20.34432989690721,0.0637309278350515,0.007381443298969,0.1206721128104451,-0.2900738740039249,1.7057924003412954,0.7334662774752394,0.8743928793988873,0.7992892003628688,0.5684107530962117,0.6185437787919081,0.601971858405547,0.5929471155113443,0.871325551747506,0.863819994702108,0.843332894118039,0.5975830070505208,0.5799265140963774,0.584325486032892,0.7552757244940379,0.8095371849148031,0.0532396601717563,0.0500813031293757,0.0522796525462846,0.0427807486631016,,,,,Jose Martinez,3072.0
18.40846463260153,165.8451584485028,-58.201695584896584,-16.2481005083903,-11.73966808597141,4.0,-4.581867038059546,-32.34154039183559,-10.493980086776777,13.203460526137055,0.1891,0.4967999999999999,20.0,0.051000000000000004,0.0015,0.002606531089471012,-0.14339472461384858,1.8078066374049158,0.6118151789181285,0.8880245118404654,0.7454706624534604,0.6828827596776704,0.48413703153183807,0.4756594339218895,0.6020360087439315,0.9123316912972086,0.9493494299128102,0.8084817002962831,0.6282832309917016,0.5622423133906247,0.6010724950259595,0.7274228591567301,0.8121398760425216,0.0,0.0,0.0,0.0,0.0,0.0,0.0,0.0,Jose Martinez,3072.0
20.57526355752278,185.19885598809972,-63.638282012962165,-13.727037326804757,-12.464413506190752,4.0,-7.450701221086294,-36.058650240254245,-10.110855667234109,12.17337594860798,0.1918,0.5512,16.8,0.04530000000000001,0.0024000000000000002,0.08315793017419862,-0.3730073483289999,2.405712297574687,0.7437881378565614,0.9019122800635406,0.796583057078524,0.4885664613333156,0.8527745980710613,0.5803581451703953,0.767495423261652,0.9643126177024482,0.817733684382844,0.864000261567592,0.8277616048588567,0.7723399450518096,0.6196198332241889,0.8166807221661705,0.8844837621175274,0.0,0.0,0.0,0.0,0.0,0.0,0.0,0.0,Jose Martinez,3072.0
20.686809368942725,203.30073410728232,-62.78255503197664,-15.819603170161017,-12.219171080003674,4.0,-6.087710728582061,-33.94507737589737,-10.867121251966026,12.156128574633506,0.2092,0.5367,17.5,0.0502,0.0086,0.054867688096526326,-0.49399368450140535,1.8035653261154514,0.8476693874933581,0.9164431985440066,0.8358642435299117,0.5613853052966399,0.6279897566567989,0.7304232804232804,0.4723436597050972,0.95929203539823,0.9137253233492171,0.807175403473018,0.6353802273244334,0.6442236405612929,0.5805357498418128,0.746294925919115,0.7622656417312231,0.03407275953859804,0.01118012422360248,0.0,0.0,0.0,0.0,0.0,0.0,Jose Martinez,3072.0
22.32926988301598,212.46175908825126,-65.7427697040609,-15.75699818221741,-13.09840678169094,3.995121951219512,-7.165589619198769,-33.995471174138174,-10.643874947561834,10.922449049526714,0.1995,0.5508999999999998,15.8,0.089,0.0077,0.026354859446103017,-0.39049460809173187,1.652636203518258,0.8736404587663955,0.9244598371152619,0.8981112091791704,0.6667895366267278,0.830558367205769,0.6271561753915696,0.5980684916559499,0.9150565114709851,0.8826498672092935,0.9068078029485797,0.609114041469234,0.5814463858637569,0.5468780637160713,0.8257153894105788,0.8720813106796117,0.02718446601941747,0.0,0.0,0.0,0.0,0.0,0.0,0.0,Jose Martinez,3072.0
19.65784806533336,188.14658327511268,-66.37375575232211,-15.713698278845337,-11.56867247530501,3.9885416666666664,-5.724958014480073,-39.48724571724572,-10.764530880067644,12.896807946955004,0.1941,0.5314000000000001,20.1,0.0486,0.0182,-0.03070269436445906,-0.23099616070204304,1.9343417639005875,0.769121359663439,0.7766398809523809,0.8489389613501762,0.6108134864816828,0.596612047848515,0.6795058767291215,0.49374318816475027,0.8283099816849816,0.8560796703296703,0.8514327339327339,0.6321905039659983,0.6641378126812667,0.6055572847119877,0.7663371504809924,0.77013854132666,0.0,0.0,0.0,0.0,0.0,0.0,0.0,0.0,Jose Martinez,3072.0
21.67755944321454,198.04729857450786,-56.84319435911423,-16.35718595158743,-11.99258677287112,3.9982456140350875,-1.3258584156136366,-32.15461598463112,-10.313346971053017,11.302154122607012,0.20059999999999997,0.5176000000000001,18.5,0.0506,0.0098,0.10117041577161005,-0.20913944736563952,1.7804793849339802,0.895404206904207,0.9832270069112173,0.8428165637975535,0.5337600317428988,0.5562211997891862,0.5744351026554686,0.6663902993255988,0.8772386964382332,0.971419471468568,0.8874152473358462,0.4827483267186533,0.582611306948267,0.7576341618151963,0.8484827409432671,0.8303346153846153,0.0,0.0,0.0,0.0,0.0,0.0,0.0,0.0,Jose Martinez,3072.0
19.966759863849404,197.59732965869603,-51.32566213514026,-14.263532154649223,-11.84328560198203,3.9964912280701754,-4.9087391925999055,-26.395719924506096,-9.698476057113629,11.787599567640463,0.18529999999999996,0.6451,16.3,0.09509999999999999,0.011399999999999999,0.043751528859565715,-0.37952287052593736,2.7193010898527294,0.881315179577026,0.8425163511625653,0.9107276515231228,0.6022682457398176,0.5879135409920876,0.670737412435053,0.637789808194087,0.9037656555074051,0.9077960855278823,0.9253783861949291,0.7439887718665339,0.931304347826087,0.6708892384122315,0.8845373894845393,0.9685790853428617,0.0,0.0,0.0,0.0,0.0,0.0,0.0,0.0,Jose Martinez,3072.0
21.160048712058554,194.27362952155596,-50.52995977521884,-16.40432691885313,-11.158777221539223,4.0,-2.2416891422632537,-25.099718427773006,-10.759154029661198,11.133705964870977,0.18869999999999998,0.6127,20.0,0.0314,0.0038,0.08815145267201087,-0.061095734486214415,1.760692283540111,0.801388105200932,0.8657089577089577,0.8815886134067952,0.3133442949398578,0.6010872029449105,0.6067979126997359,0.6630012843678532,0.9347331378299121,0.8658790671693897,0.9034973784768507,0.6210026052073738,0.759158664721077,0.7380170761185678,0.6606075751780203,0.8396199219200622,0.0,0.0,0.0,0.0,0.0,0.0,0.0,0.0,Jose Martinez,3072.0
18.773394163663138,185.28111313316052,-71.97086051290894,-16.278198342285616,-13.839896476145848,4.0,-9.312784144505596,-39.35099991215626,-10.54688823402187,13.357906596206266,0.2031,0.5126000000000001,17.5,0.07089999999999999,0.008,0.2389587077069316,-0.2064361554057566,1.696909611185946,0.744751214572104,0.9451540616246499,0.7145773639580637,0.637511535289266,0.5386277959570316,0.6144504089646259,0.5846000886748774,0.8528924296464389,0.8354435647285585,0.7474571281680268,0.6651836826493263,0.3985070975016239,0.5507845224586767,0.8178224695642011,0.8020476321666822,0.0,0.0,0.0,0.0,0.0,0.0,0.0,0.0,Jose Martinez,3072.0
20.75888565118118,190.66044939107653,-61.66907782313132,-16.712451930868387,-11.168748108064209,4.0,-1.908367324829128,-36.730112481850746,-11.050871740233655,11.901473762714813,0.18660000000000002,0.5872000000000002,18.5,0.0493,0.012199999999999999,0.07940276149826167,-0.05330087131074809,1.4813880573596738,0.7747970825662195,0.8472470171998481,0.7617749255174178,0.6709414226205359,0.5635743501207182,0.6106014853463277,0.5173026821534256,0.8550034333156467,0.8045074042373038,0.7928139940722333,0.6363108593212919,0.5403137367769282,0.6421511689217916,0.5977994517507869,0.7694435290141934,0.0,0.0,0.0,0.0,0.0,0.0,0.0,0.0,Jose Martinez,3072.0
20.356069465894247,196.9776872600654,-64.01694296777164,-16.080401644769275,-12.675764680923557,4.0,-2.78911787942132,-36.73179636132407,-10.638202512432363,10.898340111098952,0.18150000000000002,0.47970000000000007,18.5,0.045899999999999996,0.005199999999999999,0.06796041258210739,-0.22210314039081164,2.0070337519915418,0.8289173639178014,0.8613809925283691,0.8860960018102876,0.3813886501439447,0.5105082927750365,0.7420581223838799,0.6211234388048518,0.8530637626140327,0.9091180331781835,0.7360557354107765,0.5195954145755033,0.49820116160659855,0.7195203027899815,0.6869320010207065,1.0,0.02222222222222222,0.0,0.0,0.0,0.0,0.0,0.0,0.0,Jose Martinez,3072.0
19.193841450214574,176.14820294196636,-57.74030279076068,-12.922939394837693,-11.377757221851478,3.9982456140350875,-7.7487767531489,-31.74225092257013,-10.076740594482668,12.129916482095098,0.22640000000000002,0.6031000000000001,15.5,0.0581,0.002,0.1986622517263949,-0.2486803263338752,1.4390596437204581,0.7373648679861751,0.7578270180023228,0.82147885441033,0.7906470699391883,0.8885841694537348,0.7222095072360183,0.5969245813124557,0.6961106776132155,0.9440150534851621,0.7905722779635823,0.6333198287377413,0.6994687118762133,0.3138443221393005,0.7384337541893806,0.8761525189786059,0.0011904761904761901,0.0,0.0,0.0,0.0,0.0,0.0,0.0,Jose Martinez,3072.0
21.617741274860755,199.2460349279334,-64.2472652463106,-16.04905589862948,-12.743946812036956,4.0,-5.472216438565098,-35.29030128701576,-10.448603213260593,11.756858403197292,0.213,0.48039999999999994,16.6,0.07150000000000001,0.0163,0.10082377167543197,-0.539459794032582,1.6052331384281477,0.8275916553171934,0.9598484848484847,0.7583002144351694,0.7608361234231221,0.800386178331036,0.5606107622488314,0.5934528739445363,0.8193020429862535,0.7802734331372102,0.968939393939394,0.661454766332332,0.5265608280724051,0.6147964439500753,0.9066798717223167,0.8609666937577677,0.0,0.0,0.0,0.0,0.0,0.0,0.0,0.0,Jose Martinez,3072.0
18.3329334563445,163.27524983400986,-71.31791057804702,-16.37984001660611,-12.07807730727885,4.0,-7.573533495984331,-40.71603847685124,-11.428673546495851,12.858252265169344,0.1789,0.3036,25.3,0.0779,0.010700000000000001,0.08647415888574854,-0.228124417340296,1.6427180757815403,0.6225953183911983,0.9970873786407767,0.6634402799065028,0.6638065597589357,0.6939256010226111,0.3935571644117561,0.3347654150104823,0.9129064202013535,0.8559040728726328,0.7599791385992485,0.47439999525044046,0.428001042569475,0.5851338260637018,0.8043952929286696,0.6983786185673375,0.0,0.0,0.0,0.0,0.0,0.0,0.0,0.0,Jose Martinez,3072.0
19.8048547966195,186.01386929700652,-65.37760354594965,-16.299135722665135,-11.927362777277512,3.9976190476190476,-7.774218918336565,-36.81815860247233,-10.7595582848524,14.203211712035241,0.1784,0.5529999999999999,19.7,0.083,0.0024000000000000002,0.23682036917331034,-0.3029235397862848,1.738360187379795,0.7400680216561302,0.8649544347160901,0.8136163308827209,0.6780660577788629,0.6174574030814257,0.4804680487985962,0.39768034380258865,1.0,0.8033621704604366,0.9741909385113269,0.631688160965753,0.5799497212544169,0.5063983692710079,0.7469786770167197,0.75009241246522,0.00250352057580972,0.0,0.0,0.0,0.0,0.0,0.0,0.0,Jose Martinez,3072.0
21.35503512299321,189.91229198522456,-55.572638405455564,-15.655658081997752,-10.300372124331542,4.0,-8.773967921651458,-28.309299811968327,-11.201303344711146,14.667962879204662,0.20860000000000004,0.47830000000000006,21.5,0.0359,0.0012000000000000001,0.1431956700328727,-0.2812594513807725,1.4218406981633804,0.6950656713120812,0.9585365853658537,0.9308188718972655,0.5082982645105459,0.6902329215443925,0.49945227057972863,0.6853811146879868,0.8482234840786613,0.8775357351995388,0.9333784680947828,0.5878978414068976,0.26279136028270805,0.7340187850016677,0.7612634057589656,0.8640334304658757,0.0,0.0,0.0,0.0,0.0,0.0,0.0,0.0,Jose Martinez,3072.0
18.29227092990074,172.60060325242335,-57.159718214928624,-16.345240512448285,-11.275364349947006,4.0,-6.019215195980917,-31.154360970593956,-11.093875517732183,14.728338331773722,0.20189999999999997,0.45360000000000006,19.9,0.07120000000000001,0.0,0.19976248312715691,-0.32833263079852293,1.4446339524644132,0.6716246929668577,0.8732095447700683,0.7702781909936524,0.3444397140899166,0.6564352524781859,0.5918849121162147,0.568215171643556,0.8670441809142349,0.9753521126760564,0.9308753387533877,0.3958236503007643,0.6977123405455111,0.5295396223564537,0.5488481598715355,0.719867449740251,0.00618556701030927,0.0,0.0,0.0,0.0,0.0,0.0,0.0,Jose Martinez,3072.0
21.68240874857558,200.79142488983888,-59.51392452668093,-14.636354069027737,-11.364951019416305,4.0,-4.224236887760172,-34.41450067999475,-9.975824712780346,11.101942842298385,0.2323,0.5519000000000001,20.9,0.09109999999999999,0.014300000000000002,0.16734979688120977,-0.32663305058930037,1.7073939453522997,0.8435282788789611,0.8833920405388703,0.7758621409364392,0.5293302820729922,0.6897793536909463,0.7170277936423162,0.6496361960907627,0.9586750543647096,0.838148276196107,0.8528376134513389,0.671497159458537,0.6471959969495329,0.6708669058412607,0.7975386189332064,0.8351136150441988,0.0,0.0,0.0,0.0,0.0,0.0,0.0,0.0,Jose Martinez,3072.0
21.17285345448239,204.86816912934455,-67.92034180511605,-16.032436220614578,-12.762678342185563,3.995348837209302,-6.642197444875269,-37.51447326619653,-11.30535733876015,12.341451970306732,0.1948,0.5149,21.0,0.0794,0.0098,0.16392516171548283,-0.20664396362649712,1.779980805361863,0.8273605959883072,0.8392660068846031,0.9163744501570296,0.5030193993931471,0.4047009262578848,0.635321259962771,0.6729061144253764,0.8623640005279786,0.9325168266578394,0.7440452086860236,0.5907630771884683,0.5007568783861568,0.6179108396075723,0.8004668843309439,0.7553166515838248,0.02222222222222222,0.0,0.0,0.0,0.0,0.0,0.0,0.0,Jose Martinez,3072.0
18.697482257348614,181.78181073978993,-72.86356144422518,-15.654090821899473,-13.476381467451418,4.0,-9.400825368936783,-38.97364007669499,-11.194278057769626,11.835654348527106,0.18489999999999998,0.5103,22.6,0.06999999999999999,0.0071,-0.0006953069541228152,-0.1978601208533234,1.893812228493696,0.7357544552124353,0.9542857142857143,0.8336929678553098,0.47892626383657955,0.5995015200922751,0.7381324068696413,0.39832567632544785,0.8407253997024762,0.7943413920850557,0.8913566267856379,0.6616486045190735,0.5542030522579131,0.6267727152065047,0.6616240862075295,0.7663378411774283,0.0,0.0,0.0,0.0,0.0,0.0,0.0,0.0,Jose Martinez,3072.0
22.456976488021898,214.53362936541689,-66.79004542491977,-13.46830377566899,-11.808418223270902,4.0,-7.269844677037392,-40.92556231845385,-9.79050434619273,12.472587915704088,0.20750000000000002,0.5043,20.6,0.0766,0.0152,0.04230399676083248,-0.11243646347946731,1.4435696176950992,0.8415376941112236,0.8678560025542783,0.8221413657098775,0.5511428884051855,0.625075546883434,0.655576588230286,0.5452808856674043,0.874567901234568,0.8587929220364565,0.9109375,0.6337079135437623,0.4435769652697542,0.7387446836788942,0.8846043007204532,0.8352053632717578,0.03409090909090909,0.00227272727272727,0.0,0.0,0.0,0.0,0.0,0.0,Levy Rozman,2849.0
21.835533088170838,210.33768549011484,-61.14110335605468,-13.05369518687491,-11.027953908568431,3.98974358974359,-6.900321729629484,-35.28095752192627,-10.236298637024944,11.36838003822576,0.22649999999999998,0.3834000000000001,16.8,0.0879,0.009699999999999999,0.13538623434936797,-0.0666234386731281,1.2684809235971328,0.8077480335461946,0.9593305659268878,0.8769485354237532,0.6512539322753398,0.6490673835814932,0.6053870334100964,0.6002244496597979,0.9015928515928515,0.9521464646464647,0.833845425920343,0.609789795069317,0.5005393489275265,0.5760823557291284,0.7477564402024426,0.8195945742768224,0.014193548387096768,0.0,0.0,0.0,0.0,0.0,0.0,0.0,Levy Rozman,2849.0
17.763525497583622,161.8260096866673,-52.37479150214167,-12.681054964265652,-11.067484059591521,4.0,-7.96120634874584,-28.613345294896227,-10.134112808834569,14.082411974192146,0.2085,0.3829,20.0,0.0849,0.0165,0.24356477743010077,-0.5679402788154319,1.5845629824509202,0.6331497034498141,0.9279281183932347,0.7517009898222595,0.5750926440598529,0.842533305188104,0.5106450411189587,0.6151835215255351,0.9138892686261106,0.9206060606060606,0.7486523377273417,0.7763517665130568,0.4876874181123836,0.7052536147738666,0.7244800118744584,0.7810714285714285,0.0,0.0,0.0,0.0,0.0,0.0,0.0,0.0,Levy Rozman,2849.0
22.70420022691393,199.00321167333956,-69.04505911293502,-14.268982782345239,-12.174503246620842,4.0,-7.260349291892025,-40.93381878956682,-10.730859304623426,12.323454302113335,0.24090000000000003,0.43479999999999996,18.5,0.078,0.0072,0.04336703877147421,-0.4980866815218115,1.8009317003635925,0.8072241299913407,0.8494689239332096,0.8564146277965052,0.5494497433640791,0.5446926155259899,0.6112225660012618,0.7022482934317522,0.9615905743740795,0.8678263957081367,0.8071666718891988,0.7063530375540354,0.4647228458424407,0.6026445295043539,0.8344984798226674,0.8130975992275872,0.0,0.0,0.0,0.0,0.0,0.0,0.0,0.0,Levy Rozman,2849.0
16.800200696024735,144.3456419128117,-60.88840285176086,-15.7314860173633,-11.598703371685506,4.0,-8.156347086399062,-33.76244314867857,-10.98250440165818,15.343081174023746,0.20949999999999996,0.4194000000000001,23.9,0.0758,0.012299999999999998,0.2805659247361834,-0.2106298514703687,1.6690726377662226,0.4979497986415532,0.7334971816976126,0.6366657516334241,0.5919334055050917,0.5471030242695396,0.39924050813596956,0.650324023463617,0.7970726112967492,0.8450441100651792,0.6257186061694908,0.5855410378512031,0.6147063267696209,0.7475269199191612,0.870271682340648,0.8740172138810978,0.013257575757575751,0.0,0.0,0.0,0.0,0.0,0.0,0.0,Levy Rozman,2849.0
21.71180833158893,218.45516849925275,-49.548856865866654,-13.544550465611707,-11.555634516689114,4.0,-6.788885164416262,-23.150589991447855,-9.789501396733757,11.280304669032043,0.1964,0.4016,15.6,0.0262,0.0113,0.06696039267659822,-0.2687960485719399,2.2489896010895323,0.9183860179091596,0.8592901721933981,0.9282051282051282,0.6492260486873469,0.7332341660209823,0.6595510841359898,0.7100703526716652,0.8487762237762236,0.8942307692307692,0.8217017820888788,0.8760885780885781,0.6167974054930576,0.7578791397281963,0.9947826086956522,0.986774193548387,0.0,0.0,0.0,0.0,0.0,0.0,0.0,0.0,Levy Rozman,2849.0
18.89850759046548,202.54568624002005,-61.428842710376365,-14.764019436960513,-12.750701641940497,4.0,-8.708908507383537,-30.65037579913431,-9.960456882831874,11.40561955787438,0.2171,0.5455,16.4,0.07070000000000001,0.0,-0.02503231085032418,-0.03667341430499324,2.2926529603964823,0.8309969780811454,0.7947835512264978,0.926840363937138,0.6012890607798143,0.6536220815563794,0.7163437221981999,0.6874838967282367,0.7712680879195607,0.8212161881819728,0.7460364839573146,0.8364289736480748,0.6967817411256928,0.7094285934901756,0.8155608330222753,0.8417749615975423,0.0,0.0,0.0,0.0,0.0,0.0,0.0,0.0,Levy Rozman,2849.0
18.60087053898353,176.80355612009208,-71.23595889686571,-14.493429690253398,-12.484406110867301,3.987990580847724,-10.348842161265647,-39.7343973725494,-10.93400163961043,12.771127496832737,0.22960000000000003,0.46980000000000005,18.9,0.06860000000000001,0.006900000000000001,0.25249758363851144,-0.4376835028621624,1.7564852203362773,0.640007871484423,0.6701597630285259,0.7693416303331435,0.5108348545168516,0.5928948411706372,0.4244668906909377,0.6470201841430714,0.86437201545255,0.885066376745633,0.5802979563085929,0.6515472697494467,0.5337090949662061,0.7130320199083936,0.8084318298005033,0.8435621807616867,0.00101010101010101,0.0,0.0,0.0,0.0,0.0,0.0,0.0,Levy Rozman,2849.0
21.49835235222964,199.49218049325887,-64.67979553010434,-13.612909767400614,-11.846341101296657,4.0,-10.021898208890486,-35.85495278704661,-10.394392518335597,13.050698852865613,0.2144,0.37489999999999996,15.4,0.06020000000000001,0.0068000000000000005,0.038039919005308016,-0.30869065903104803,1.7521232203926715,0.8178313181602656,0.8646821475625824,0.7385449955308365,0.7901182432432432,0.5540217372897578,0.6008465959123854,0.5736227016304248,0.8427939512478986,0.939921410459168,0.8170782304749695,0.6829707236658038,0.5492782823017377,0.6525703304235912,0.9390765765765765,0.7523709851155503,0.0,0.0,0.0,0.0,0.0,0.0,0.0,0.0,Levy Rozman,2849.0
20.17634613616427,190.2552215192389,-58.96367361193906,-13.732257357507258,-11.709354242777506,3.992590633633407,-7.51700521750105,-32.31254555259207,-10.11063227740297,12.425530402208397,0.2193131736526946,0.4550077844311377,17.54071856287425,0.0660574850299401,0.0085874251497005,0.0946107345222301,-0.3113914865890185,1.65866763813026,0.75902676203798,0.860011657222905,0.8427377133525359,0.6453183533403694,0.5993089583697557,0.5970312618567051,0.6167689680144337,0.8672231596461425,0.8514781459673841,0.8008367270160075,0.6508880870638479,0.5167594048349522,0.7143980588787585,0.8141607414756427,0.8519764491801511,0.0573108647959458,0.036416034023088,0.1294964028776978,,,,,,Levy Rozman,2849.0
20.497337658697376,201.4962176081041,-59.12247499758754,-15.443332062288984,-13.511881405969174,4.0,-6.198032367416457,-29.17833754312723,-10.124319530364499,11.333427911578806,0.23350000000000004,0.47990000000000005,15.1,0.0489,0.0031,0.11710446331935312,-0.43550413134866667,1.7076394229237426,0.8223003255356197,0.9037254901960784,0.8223514254533697,0.6904895275554567,0.6050455486386127,0.5314204415126276,0.6096060763290232,0.9314565826330533,0.9451206563706563,0.7899042633127877,0.8018349151387536,0.3817665319166598,0.6681794129511426,0.8111978052616771,0.8412710084033614,0.0,0.0,0.0,0.0,0.0,0.0,0.0,0.0,Levy Rozman,2849.0
20.985868356939427,189.28087807543443,-53.997963494421505,-14.210620107893268,-11.438529907872383,3.984285449083606,-8.100415235990747,-27.755417292801326,-10.4154143554975,13.938147956550107,0.24020000000000002,0.5627,19.1,0.0772,0.0068000000000000005,0.051063580010953555,-0.27662612219398136,1.6691991519465035,0.7851850291050206,0.8039429785330949,0.7248681776249442,0.7004786785899262,0.44210170089604006,0.6129971439916911,0.6926457082230753,0.8310974497474068,0.8904093224946509,0.6792230873527807,0.6717331832035079,0.8401101081891413,0.6916316492963497,0.7369917942180744,0.7976474750555771,0.0125,0.0,0.0,0.0,0.0,0.0,0.0,0.0,Levy Rozman,2849.0
22.064103190832093,216.8022481495487,-68.27941580324901,-14.994662770212642,-12.358554362142055,4.0,-3.8794380143868636,-42.061660898304126,-9.66527174260806,10.680171984404721,0.2234,0.43970000000000004,15.4,0.0884,0.005699999999999999,0.06148132321405979,-0.056833430659517604,1.2595291054025068,0.897776111944028,0.9057754704737183,0.890975421380219,0.7463091550708726,0.6527168197368313,0.7123594601960137,0.6157019541554212,0.8831155598671252,0.9382701697279703,0.716450892507785,0.5984138186660491,0.38771281089205506,0.6119711320810184,0.8502194357366772,0.8469592476489026,0.0,0.0,0.0,0.0,0.0,0.0,0.0,0.0,Levy Rozman,2849.0
21.210258008026813,200.38627009100603,-65.76493892806836,-13.024849021714521,-13.386916627244958,4.0,-7.922145068815851,-38.55022655827652,-9.285243206325081,12.404441554308576,0.22369999999999995,0.38839999999999997,16.4,0.0673,0.0129,0.028419839089481962,-0.3555229089271642,1.799690838191978,0.8197427252811688,0.8065950722643518,0.9139882055362035,0.5411886368094025,0.532803304465961,0.8453593628593629,0.7032304400588862,0.9049000758646428,0.8759578187769677,0.6829354819994753,0.6946756030701715,0.463648522885827,0.7739815333870098,0.6811966229705579,0.7368642148237574,0.0,0.0,0.0,0.0,0.0,0.0,0.0,0.0,Levy Rozman,2849.0
19.366707330354917,174.93679356833343,-52.67834418730975,-12.596713925714152,-10.932166282292823,4.0,-6.932837925788919,-28.32285711726548,-10.585502592321665,12.691733656073307,0.1654,0.49450000000000005,18.9,0.07050000000000001,0.007200000000000001,0.03085667154949041,-0.13389735600261915,1.4489898644234898,0.7376695774379273,0.8234063773001827,0.9056148688983792,0.6848286733426587,0.5111049305562515,0.5866120256482338,0.7348018886559071,0.8159411780338381,0.924330633406415,0.7202821185604543,0.6251028160365413,0.6768735919139631,0.7876020472766959,0.795938104041861,0.8919327228619265,0.01150442477876106,0.0035398230088495497,0.0,0.0,0.0,0.0,0.0,0.0,Levy Rozman,2849.0
19.760006074704343,187.92871205355777,-61.79032420799191,-12.665983968978527,-12.273760331171667,4.0,-7.099530140659904,-36.45204150222299,-10.01625645880637,12.717248193847558,0.20839999999999997,0.4096,17.8,0.07749999999999999,0.0052,-0.038068203642160056,-0.40408864812676065,1.7607693596146408,0.7168181416591421,0.8246442878850668,0.8355850539744445,0.5328556388746584,0.5720549825604084,0.6387729692830799,0.7712248408852739,0.8606649198754461,0.898997055576003,0.9117074181516784,0.7562235090899458,0.4632304694259557,0.5629349199973632,0.8261973538913194,0.8107664712530864,0.0016122766122765998,0.0,0.0,0.0,0.0,0.0,0.0,0.0,Levy Rozman,2849.0
23.666029083743613,207.4664474551002,-51.410941202514074,-13.953727781244945,-10.7932832875521,4.0,-6.045540213346277,-27.715983707209396,-9.934652589972956,13.032246376811594,0.22970000000000002,0.5161,16.1,0.05009999999999999,0.0049,-0.02952219564061669,-0.2165955608718766,2.001156993273698,0.8590135912180035,0.9935064935064934,0.9051966292134832,0.5128820461742878,0.6027545265533846,0.44880076756146065,0.631028796925685,0.9958762886597938,0.9835051546391753,0.868004488796348,0.7365609141170939,0.5742273011358519,0.7881997637016628,0.821194685916058,0.8346511369802201,0.0031578947368421,0.0,0.0,0.0,0.0,0.0,0.0,0.0,Levy Rozman,2849.0
20.90288367288877,206.3475989182301,-66.73030469249812,-12.47206408755606,-13.58732440957146,4.0,-9.839195673804031,-37.70958084397897,-9.611313154970219,12.489173477382634,0.23170000000000002,0.5062,17.4,0.047,0.007899999999999999,0.14658369769526175,-0.3851018803265347,2.049472431106662,0.7740001932869035,0.9639103780470005,0.9694648993618067,0.6487462945356189,0.5346556958737648,0.62776234789731,0.43756985100285306,0.8683308068382696,0.8233180605498133,0.8100061786535747,0.6130188444685574,0.6827815183654881,0.6299471627540397,0.8999255094494293,0.9442482611021937,0.0035294117647058803,0.0,0.0,0.0,0.0,0.0,0.0,0.0,Levy Rozman,2849.0
22.445867646414317,214.3061387414121,-53.37837486189318,-13.811787444715833,-10.687418702270143,4.0,-3.0175941233965533,-30.515214150500277,-9.863119091528619,10.51675865051824,0.23010000000000003,0.4284,21.3,0.0689,0.0247,0.11470096164789259,-0.19821043406721156,1.6208588261369592,0.8597976370035194,0.9107142857142858,0.8206805910770105,0.7561648460945135,0.6543371040723983,0.49269719013580904,0.7502065287653522,1.0,0.8635243841126193,0.8507379156790922,0.6583315986372252,0.373035409035409,0.6394785013224911,0.7267984785887599,0.8821250573808118,0.0,0.0,0.0,0.0,0.0,0.0,0.0,0.0,Levy Rozman,2849.0
21.16584352377489,193.0394209909558,-49.24836558861677,-14.278175363804044,-10.250464217097129,4.0,-5.554504675652348,-23.39902783845408,-10.579998393932552,10.813804900323387,0.2612,0.43689999999999996,17.2,0.051500000000000004,0.0,0.08279682967620774,-0.263543440008098,1.900029143814716,0.828227069212485,0.8122680882302019,0.8084781517030548,0.5314042249710764,0.726018303741682,0.6477392664095468,0.7239099912873328,0.8028513914356388,0.9607965905503525,0.7552511501491489,0.6499037733691055,0.9131712749359808,0.7019081784291419,0.879251511442454,0.8417118377338696,0.0,0.0,0.0,0.0,0.0,0.0,0.0,0.0,Levy Rozman,2849.0
21.757169372929177,198.84622042354883,-48.44726187979309,-12.694788018807627,-10.234683706332554,4.0,-6.046591357988417,-26.726430214665506,-9.918952109981522,13.174183527982546,0.2413,0.44589999999999996,19.3,0.05800000000000001,0.0013,0.14381035903094724,-0.34512450331077776,1.35019641306406,0.8149174844929477,0.7859032740517693,0.9485314801025895,0.6711715093988783,0.5976602761261927,0.7192264672329421,0.6350694595749784,0.813050860667644,0.7629209304467937,0.9083977928240092,0.600284131991153,0.5928430025474731,0.7939994703283964,0.8628249818445897,0.927356572258533,0.0,0.0,0.0,0.0,0.0,0.0,0.0,0.0,Levy Rozman,2849.0
17.810540416038997,168.7246082509131,-54.8489849743129,-16.773447362694306,-9.680387804092662,4.0,-4.487756749225708,-29.749096182516194,-10.992301663591922,12.834004787807888,0.2029,0.49510000000000004,20.9,0.0363,0.0091,0.12120734491754241,-0.1295155196781909,1.3626835029425384,0.6038967654461852,0.778688909774436,0.7791799486620281,0.673550854090067,0.6337100205326498,0.5193670574667125,0.64675758997655,0.9552155172413794,0.8752754362451614,0.8866980334725671,0.5063560215680936,0.39262951205455743,0.6576766131537288,0.7913622070133495,0.7250632654532687,0.00106382978723404,0.0,0.0,0.0,0.0,0.0,0.0,0.0,Maxime Vachier-Lagrave,3249.0
17.462249254442916,170.01669318008524,-52.98171907637534,-16.523236305560317,-10.451977726164753,4.0,-3.596679642690055,-27.71058606157361,-10.366586955923278,11.667347615536666,0.2534,0.3612,20.2,0.08020000000000001,0.0079,0.07128540352515136,-0.41238578799249526,1.8031554868137842,0.619195812173014,0.9498376952728748,0.8249032882664062,0.7001291848833338,0.4872163984141868,0.43915383340781233,0.5332972699499536,0.9792452830188679,0.9385233503497826,0.9418243449751327,0.5594286763939508,0.2866530644231946,0.7151896057804359,0.7704464591158208,0.8402232022496758,0.0,0.0,0.0,0.0,0.0,0.0,0.0,0.0,Maxime Vachier-Lagrave,3249.0
20.622844663518272,175.70691092394986,-57.016405523181085,-14.440084255645246,-11.754844782700266,4.0,-5.328281913592647,-32.48122842937434,-10.082459183138067,13.070493041269481,0.2272,0.4166,17.9,0.0698,0.0038,0.09418470005550059,-0.36792998824460466,1.44975666754818,0.6317390743449943,0.9345984512699438,0.7899049316696376,0.6851590866526918,0.5477642408311514,0.5580152322095562,0.7435222877418755,0.8447342668038793,0.9127291567033315,0.7461749243867556,0.6442719636870734,0.5701426019402648,0.7204474233660102,0.7395115239379892,0.7964176136385929,0.0,0.0,0.0,0.0,0.0,0.0,0.0,0.0,Maxime Vachier-Lagrave,3249.0
19.955484474589078,176.59420101105573,-62.39841373235905,-16.129195837685998,-11.772481240912988,4.0,-7.513594781627816,-32.88524868960793,-10.6164630040845,12.518569821560178,0.19319999999999998,0.3879,21.0,0.0864,0.0104,-0.035619570869076064,-0.2353959441619023,1.5759226087816764,0.6381811263435159,0.9504065040650407,0.7185677052120957,0.6460575951536428,0.7005587771591234,0.6475992545609028,0.5634073391450057,0.987709668920699,0.8891642596360884,0.800490090783325,0.7432737120645442,0.40876882794410596,0.5379467531496488,0.7450778941657251,0.755504809121385,0.00106382978723404,0.0,0.0,0.0,0.0,0.0,0.0,0.0,Maxime Vachier-Lagrave,3249.0
19.130581243770386,195.30110029232776,-61.46330331623102,-15.809918739114943,-11.771547916065249,4.0,-2.557290065750416,-36.2469221364228,-10.22554840130083,11.147923942423214,0.20900000000000002,0.47569999999999996,17.8,0.051000000000000004,0.0,0.21970959544584096,-0.5331344648368287,1.7081768387576992,0.8105854747228591,0.8941176470588236,0.8831582609373351,0.6910150845072004,0.7221265670200184,0.5490535318012275,0.581688012813303,0.9594059405940595,0.8934861238357001,0.8880259222333,0.57006951821106,0.6822123042314943,0.7245799723241287,0.8908692808187461,0.8268273267963862,0.0,0.0,0.0,0.0,0.0,0.0,0.0,0.0,Maxime Vachier-Lagrave,3249.0
18.438770281923052,169.81092763345447,-68.66712921903925,-15.11723450265851,-12.296484037216983,3.9859740259740257,-8.630221307824531,-39.52218344181109,-10.654112448070817,13.567132492568646,0.1799,0.40540000000000004,25.8,0.061,0.0125,0.004255563281920475,-0.5257351349326171,1.7825032862032142,0.5779858186559215,0.831068569936804,0.7365961410719475,0.775319954435808,0.6754182025402408,0.3981820876418142,0.46325789810971657,0.8227641255251971,0.7872991259438772,0.8455333111381498,0.6382769607136347,0.32718277872088763,0.7540403816613493,0.8021126661046015,0.8619220430107527,0.0,0.0,0.0,0.0,0.0,0.0,0.0,0.0,Maxime Vachier-Lagrave,3249.0
20.35493808842531,194.8052590759889,-58.40599878792939,-16.60398184650427,-10.870299845609793,4.0,-6.018172648557248,-30.452267569143523,-10.782844313466489,12.321567435351925,0.21589999999999998,0.4023,21.2,0.07189999999999999,0.0153,-0.003045159830890351,-0.32027390126571753,1.6014204824952838,0.8386099159540874,1.0,0.6695544000954519,0.713060620075108,0.721648448846441,0.6181751313751733,0.523953370343616,0.7745167393097345,0.9132646276595745,0.8641954787234042,0.682409931509217,0.6455491305317005,0.49616908791464,0.7244885046578387,0.7380302293783276,0.0,0.0,0.0,0.0,0.0,0.0,0.0,0.0,Maxime Vachier-Lagrave,3249.0
21.895299599498838,196.40618545608453,-51.477744891467374,-15.316988551817948,-11.222466471615917,3.9930232558139536,-4.241800824056302,-26.08902179235754,-10.841095000230473,12.240604492796852,0.2197,0.47119999999999995,18.7,0.08349999999999999,0.011899999999999999,0.15674283275080025,-0.32915628335241853,1.3889335487193573,0.7079823516809427,0.9284552845528455,0.9007847781632575,0.6154763550692841,0.7062853369544291,0.7908320156976385,0.5120657030144705,0.9232768219155061,0.7839472947063206,0.8394454015348369,0.6831738589811345,0.5036552160179899,0.6050564916124528,0.9480714690867839,0.7838259176304666,0.0048780487804878005,0.0,0.0,0.0,0.0,0.0,0.0,0.0,Maxime Vachier-Lagrave,3249.0
19.78692042764167,178.9323532423765,-72.10173851868772,-16.39956693352734,-12.43146002341034,3.994161715319039,-6.536122672723418,-42.43226296711815,-10.741107643439294,12.444620006211773,0.1912,0.4306,24.8,0.04530000000000001,0.0094,0.20547135783717202,-0.2196665543474119,1.5100598872630062,0.6719202642642933,0.8641346401048426,0.7649411793019094,0.7430171624340545,0.6218712152273764,0.5232264981223935,0.43402282584311813,0.8408812645621089,0.8015750053976953,0.6827666291193737,0.7199605605648416,0.5236907989002052,0.4894730782437489,0.5049303526310533,0.6503550150901145,0.0061224489795918295,0.0,0.0,0.0,0.0,0.0,0.0,0.0,Maxime Vachier-Lagrave,3249.0
22.184852321792643,193.98107501620643,-48.88636567611836,-15.934458862644643,-10.144655631673416,4.0,-3.0335227161375773,-24.422428162332682,-10.871397564210866,11.520097260880828,0.19090000000000001,0.3457,20.1,0.0635,0.018800000000000004,0.152123701517282,-0.12238321587365134,1.7594393537311117,0.7631220351478768,0.8856842065961799,0.8337642818480047,0.663111251810434,0.7127430610428384,0.6264474274019488,0.5961629378969817,0.8669918106377384,0.7927960935477402,0.8209213870733478,0.7433424823089194,0.46738675990196177,0.7340812024943737,0.7968045800409715,0.8449497922930893,0.0,0.0,0.0,0.0,0.0,0.0,0.0,0.0,Maxime Vachier-Lagrave,3249.0
20.37165443927997,176.20826361180318,-50.0618097346438,-14.104480485469654,-10.169995356956388,4.0,-5.975317294168761,-26.63492857890308,-10.120232818577596,12.943144799431678,0.22480000000000003,0.47300000000000003,19.5,0.0622,0.016,0.06793964599984799,-0.15409172145426336,1.6609908097832071,0.6297741679998796,1.0,0.8300341982587762,0.6924045600891928,0.47370120082854894,0.5303243258742132,0.6237932276863581,0.9026131199472849,0.9527285006940008,0.9737704918032787,0.7142313162205196,0.46548376885080645,0.5251125446279591,0.7574934540465366,0.7978635505274742,0.0,0.0,0.0,0.0,0.0,0.0,0.0,0.0,Maxime Vachier-Lagrave,3249.0
18.66165295140244,188.71992708336697,-61.178733236494125,-13.578939972098118,-11.387424793052046,4.0,-5.9254575039031305,-37.19945428247142,-9.66163812154922,12.574181436579808,0.2532,0.5214999999999999,15.5,0.0412,0.006500000000000001,0.08253341404742362,-0.3727619112838176,1.9207969690116051,0.7508229206033942,0.9192253753506021,0.846389059947797,0.4811910034567499,0.5927673337705437,0.6673140798065494,0.5319993013081783,0.8393753198202536,0.9268372191907023,0.9205892825351611,0.7190980209737057,0.6390171932894111,0.4481722488733063,0.7768095340210879,0.8585481946422036,0.0,0.0,0.0,0.0,0.0,0.0,0.0,0.0,Maxime Vachier-Lagrave,3249.0
18.047363016829912,160.6943228758343,-63.84463821300511,-14.855103690638638,-12.979551338506415,3.996363636363636,-4.717018552092036,-37.49259207869137,-10.427024013232103,12.630287823791807,0.2084,0.4884999999999999,19.4,0.053000000000000005,0.004,-0.013651641449349041,-0.16199856966498838,1.497376418788958,0.5904504797683519,0.9185291021206196,0.7575493313209675,0.582017463952921,0.5334327435724798,0.3841145288974612,0.4704318384101526,0.9347851049868765,0.8943394808744574,0.845674300758216,0.7379990800889583,0.4330537355313737,0.2866390772772224,0.661479594666839,0.8122366997822977,0.006276346604215449,0.0,0.0,0.0,0.0,0.0,0.0,0.0,Maxime Vachier-Lagrave,3249.0
21.99840743634543,196.49172302978627,-59.52512237871984,-15.076080337188069,-11.05556272215907,4.0,-6.697316780811297,-32.69926829955928,-10.663175568116039,12.666281329113911,0.2145,0.43039999999999995,19.8,0.0839,0.011399999999999999,0.21138746818335225,-0.09552013230494738,1.6623101506003792,0.7638835869120466,0.7432157579148629,0.8149721986904174,0.6180983141552903,0.43484483041792676,0.47997635343854395,0.8113433740463835,0.9082132235186456,0.8882872450711522,0.9605113636363637,0.5842904398765414,0.6509250103539971,0.6295758422059687,0.9223976206817662,0.9424106026506627,0.02200940860215053,0.01451612903225806,0.0,0.0,0.0,0.0,0.0,0.0,Maxime Vachier-Lagrave,3249.0
20.64743488570827,181.8788938049716,-61.01878386744081,-15.234572706471004,-11.270016522691943,3.994117647058823,-4.815971189278517,-35.51971533908432,-10.393270570870422,12.22064481389657,0.20860000000000004,0.46099999999999997,18.0,0.0598,0.006500000000000001,0.2781380832426297,-0.3913195990462411,1.9189373631453406,0.7052135904573239,0.8851029930579266,0.806970715290223,0.5507082839393249,0.5749584833508063,0.5508360001944345,0.5765654130356503,0.8276697335775166,0.8699423513472769,0.887605153491743,0.6952122361824837,0.5735833332993991,0.6533003824336393,0.9094230470569965,1.0,0.0,0.0,0.0,0.0,0.0,0.0,0.0,0.0,Maxime Vachier-Lagrave,3249.0
18.715729417966262,168.19835551500026,-60.560608479652515,-16.02266846082636,-10.285811097684073,3.99537422037422,-6.297666691416691,-34.374559547256915,-10.975947639368693,13.400670736526,0.20500000000000002,0.47639999999999993,21.5,0.07440000000000001,0.0076,0.46655002240528554,-0.27485763091026244,1.6953864434127592,0.6081129427546161,0.871128619580299,0.6699450417894731,0.59772286983399,0.5786454377443284,0.4948803303902805,0.6611416395492743,0.7684633306356606,0.6842434683126108,0.7888059055974134,0.5594843684679661,0.5257803368059751,0.643842909988881,0.8849816958854786,0.9217841880341879,0.01855932203389829,0.0,0.0,0.0,0.0,0.0,0.0,0.0,Maxime Vachier-Lagrave,3249.0
20.407906637860837,201.29977553898735,-45.65273577875339,-14.220663541880143,-10.489164085843754,4.0,-9.026233464767657,-19.107297904801158,-9.732817641962573,12.923440860501898,0.21769999999999995,0.5251999999999999,17.0,0.0457,0.0043,0.00528527963494293,-0.19597616810203902,1.411617729828882,0.8163168014274215,0.9059603892008768,0.8840450547785149,0.7826976520627777,0.644379846130278,0.5639171396964284,0.712885857782353,0.9411771519343416,0.9604659628685839,0.7885250296177155,0.4905786339427367,0.7635895911155208,0.7699068022128224,0.812349545925667,0.7754610644292269,0.00169491525423728,0.0,0.0,0.0,0.0,0.0,0.0,0.0,Maxime Vachier-Lagrave,3249.0
19.038872154680803,174.5918925947695,-64.71856198643289,-15.98678083311718,-13.00692522983096,4.0,-5.960097660663709,-36.299283863888306,-10.76464828057267,13.299173881639934,0.2145,0.4178,21.9,0.0513,0.0021999999999999997,-0.006859444452610147,-0.3521199156687249,1.124966474027212,0.670020342583056,0.8579799324700641,0.7629678782941068,0.638463725194742,0.6737024438323445,0.5142760465913498,0.5065472201449426,0.8684177835894082,0.8537681622620411,0.7001872565692758,0.5750106708904208,0.4113214411742979,0.6201834910568719,0.8037502087193046,0.712845852037115,0.0,0.0,0.0,0.0,0.0,0.0,0.0,0.0,Maxime Vachier-Lagrave,3249.0
20.270393613517758,189.03168445985764,-50.6892642491285,-17.088485508782593,-10.396075539638172,4.0,-3.886072436420508,-26.275733452465715,-10.700782686238508,13.657885374417006,0.20870000000000002,0.42639999999999995,18.1,0.054800000000000015,0.007000000000000001,0.16409063727490183,-0.0820201905051426,1.509767454360365,0.7722189560845008,0.8693722864081241,0.8068643913413706,0.5525553672224051,0.7494589655865762,0.57175404714917,0.5880811371070888,0.956058617672791,0.840489064889085,0.9086228039200401,0.6166027988231368,0.5453985930916281,0.5358730628413111,0.7309158398826383,0.8389653801010022,0.0,0.0,0.0,0.0,0.0,0.0,0.0,0.0,Maxime Vachier-Lagrave,3249.0
19.94416434439157,182.3804397610397,-59.39414220551637,-15.556276062292392,-11.476655014129204,3.9977335692770737,-5.656909823012313,-33.221917863346434,-10.447411027625051,12.967294015611945,0.2097220026350461,0.4408827404479578,19.60869565217392,0.0592700922266139,0.007794466403162,0.1169115017596376,-0.3282277298659419,1.692094396938614,0.7043018176816871,0.880955347140024,0.7914001416458756,0.6552298030370383,0.6285452488952663,0.5417691880005894,0.5961868758094555,0.8799284439134332,0.8665877780831952,0.8544723916041255,0.6710614799245858,0.5044571967912638,0.5835133683904957,0.7971137599498552,0.8353413267965623,0.0488297160502792,0.0526870167955211,,,,,,,Maxime Vachier-Lagrave,3249.0
20.73795111226966,199.53868965220354,-55.08859059315358,-14.822346086403835,-10.665129159326423,4.0,-4.829773018444688,-32.64731776990528,-10.46235632829635,14.33833176922298,0.1991,0.5559999999999999,23.7,0.0766,0.002,0.1144979396284808,-0.19985412542338538,1.7396096843799227,0.8174447502881856,0.8648482019901701,0.8999345861410202,0.6590811431474962,0.4927548387267864,0.502565404906634,0.6571922016713736,0.7932107308945747,0.7697641709128292,0.9353652081863091,0.8347858424944119,0.5989809549629105,0.45491890025013804,0.8037377725762193,0.8408302968112416,0.0,0.0,0.0,0.0,0.0,0.0,0.0,0.0,Maxime Vachier-Lagrave,3249.0
21.198292131883623,181.4332470549375,-56.08250479231778,-14.653226607480468,-11.069247479222305,3.996296296296296,-5.791448760260495,-30.462570591730913,-10.193246339061913,12.090938689142018,0.213,0.5441,16.4,0.0795,0.014299999999999998,0.13531328044757746,-0.20305367137751723,1.624951113655666,0.6590819208962311,0.7365401903193264,0.838030241571294,0.7480860560477366,0.6780608136195692,0.4353671096881362,0.785773519718622,0.7115783518057366,0.6718917988528172,0.6351265576381335,0.8466903831779653,0.5380272581087342,0.6420780402586566,0.9193618166963755,1.0,0.014331918334344041,0.0,0.0,0.0,0.0,0.0,0.0,0.0,Mustafa Yilmaz,2970.0
20.39573776760944,201.01426261858256,-54.41717378719079,-15.295698703031642,-10.57595196096305,3.9870370370370365,-5.591148481804898,-27.73967170169122,-11.03422459136238,11.832484614625361,0.2125,0.4908,21.4,0.0713,0.0060999999999999995,0.042513129378889306,-0.11896721212510683,1.7737927104544493,0.8487600351677067,0.8846962282763371,0.8371501918298009,0.7292241641155022,0.5760860366738291,0.5911300005882771,0.6919474619251258,0.8459840053353955,0.9183019748095165,0.8244546020310277,0.5377161186362867,0.7178170450214695,0.4912296403047233,0.8217132656863464,0.9340977068793619,0.0008403361344537799,0.0,0.0,0.0,0.0,0.0,0.0,0.0,Mustafa Yilmaz,2970.0
21.63836608971849,202.1359933900037,-62.78866114259546,-14.945525458421466,-12.357746891985334,4.0,-3.6216881196505923,-35.99899110891758,-9.720703143532273,9.855993579911779,0.2234,0.48810000000000003,12.8,0.0411,0.0,-0.09068156615502129,-0.3625624523310358,1.7240254512053454,0.8386586869653367,0.9330491803278689,0.9018145161290322,0.735242340454026,0.7724153184384984,0.4898090458510501,0.6017118682985046,0.9374391071935607,0.9276389107013852,0.7864460705237202,0.6992590246100984,0.6001136615565138,0.6856442283380503,0.8203882667964948,0.9564516129032258,0.0,0.0,0.0,0.0,0.0,0.0,0.0,0.0,Mustafa Yilmaz,2970.0
19.597461936083395,181.07011379885162,-53.62692716138264,-15.271975719943843,-10.769644281637568,4.0,-4.544038699481726,-29.165960498729028,-10.834009423794832,12.958701462204354,0.2183,0.3608,16.0,0.0427,0.0,0.11644216007180833,-0.41017788315742776,1.4879531767752727,0.6928985790061797,0.9638291605301916,0.787934266327918,0.6680159449629819,0.5127542573450703,0.590659141874245,0.5611982710490359,0.8341219976085533,0.8434921488212395,0.8480041395660516,0.7487973605471774,0.35942814025092085,0.36393937093168527,0.7335327914354262,0.7760811528408167,0.0,0.0,0.0,0.0,0.0,0.0,0.0,0.0,Mustafa Yilmaz,2970.0
20.17331779113052,204.11139034259796,-52.089173932136895,-16.110871863168295,-11.246402122505836,4.0,-2.454518883064023,-26.491987802821313,-10.77511252940554,10.989719268828114,0.2205,0.5292000000000001,20.2,0.05970000000000001,0.0167,0.27817607939754524,-0.24033314544780468,1.3418892004640195,0.802992361573373,0.8354039866917347,0.8735433502845821,0.6249627211591549,0.7463448664894299,0.5168956876991567,0.49081466414518216,0.9777777777777779,0.9115432098765431,0.7820853166562847,0.6615001912194387,0.4728364934606793,0.5789339884780952,0.8191065900044228,0.7846824470816098,0.0,0.0,0.0,0.0,0.0,0.0,0.0,0.0,Mustafa Yilmaz,2970.0
20.10913870711024,184.45390187589442,-62.935205217481474,-15.387894077428957,-13.755669247187878,4.0,-7.45891750835826,-31.821771411470813,-10.677020507625924,12.166067534590354,0.21259999999999998,0.5606,18.0,0.0516,0.0064,0.027066123955265475,-0.14263878604212843,1.7093521570294048,0.704150626410208,0.7548495545498698,0.7892278123233465,0.7521343798572765,0.5964492122322841,0.5576251288283591,0.6351006940444149,0.7635507782321787,0.8393081659973227,0.8836658298935562,0.8543681318681319,0.5664605490961503,0.6446087628407018,0.7657143546865056,0.7668082082995634,0.0,0.0,0.0,0.0,0.0,0.0,0.0,0.0,Mustafa Yilmaz,2970.0
18.746853748401772,170.76287590387813,-62.763677928104734,-15.244383978815009,-11.141712110795618,4.0,-6.227057014726006,-37.05010248954051,-10.353061820971131,13.25263948674353,0.2097,0.4455,20.1,0.0693,0.0055,0.22007756113667135,-0.3309530387543117,1.8778736133270126,0.5530777978405425,0.8569522258463016,0.9025965614696185,0.5836976362528484,0.4932906968512521,0.5083919650156519,0.4932961814366674,0.8048779249773279,0.9071413101513794,0.6389247149439454,0.6215741884793218,0.580386470229373,0.5639046896167514,0.7855707753634805,0.8310728382755134,0.03856273935571074,0.0,0.0,0.0,0.0,0.0,0.0,0.0,Mustafa Yilmaz,2970.0
19.089863712505338,195.80889632967836,-61.56407678003236,-14.550193676055745,-11.698385401874853,3.996296296296296,-5.027385250445595,-36.13830767902505,-10.266908250479677,12.120807181552255,0.22410000000000002,0.4124,21.5,0.097,0.0144,0.29065223820149927,-0.1863330992579761,1.9848377674824722,0.7752055444387568,0.7318694406702044,0.9016272801710412,0.6013467712157337,0.4264027506598403,0.7461697665361459,0.48052153909580875,0.7822292100214228,0.7428288976093461,0.9138835086445274,0.7798984802195343,0.48786425691644475,0.5473945948783767,0.7634232694298532,0.8820702618615505,0.0074074074074074,0.0,0.0,0.0,0.0,0.0,0.0,0.0,Mustafa Yilmaz,2970.0
22.347719903016127,206.62601248808397,-65.9448612111284,-14.47704798679394,-12.107976252561084,4.0,-7.516794798058882,-36.3911829633438,-9.982476938394196,10.530617728023502,0.2314,0.38550000000000006,14.7,0.0617,0.009,0.133276208454276,-0.3126550007668477,1.5258537727996813,0.8663155316021559,0.848801607094957,0.8223009843566235,0.6601906353020753,0.7603943207312299,0.6433762011701561,0.7434156375106391,0.85956885939089,0.7837726051875316,0.804512056335653,0.5944878371614204,0.626298517411345,0.4447705844509148,0.9614279366019849,0.9985915492957746,0.0,0.0,0.0,0.0,0.0,0.0,0.0,0.0,Mustafa Yilmaz,2970.0
21.039014200548294,211.2763084046294,-70.90525219364324,-14.955474496758725,-12.509280857521555,4.0,-7.522854371129372,-41.05699865051311,-9.96523714882986,11.104593331109394,0.2166,0.4558,13.3,0.05349999999999999,0.0053,0.014931437900466865,-0.11962758917783375,1.9268909261384946,0.9312728937728938,0.8117240119006972,0.8372061818420707,0.716416849262042,0.6284577220780736,0.6520551091471727,0.3787577255618344,0.9105577561972911,0.8627494040580362,0.789967398099991,0.6275805684217965,0.6833077917107768,0.7461181066995021,0.9018714689265537,0.87181887174298,0.0,0.0,0.0,0.0,0.0,0.0,0.0,0.0,Mustafa Yilmaz,2970.0
19.476611583658997,180.1715019709381,-68.38635398199625,-13.895187671190076,-14.374173885721817,3.9988372093023257,-7.968485360536283,-39.273419714270254,-10.359478654253614,13.48555409467348,0.1969,0.3591,22.4,0.0601,0.0067,0.12236968767592263,-0.13086415808047722,1.7515838371732517,0.6920153704537343,0.9488336085879439,0.7899104801470347,0.6621168523075409,0.7520112579365846,0.6590079276856733,0.4115935816147867,0.8523115430686428,0.7185217227377632,0.6491220508197135,0.5233531226343491,0.5175827462436848,0.7418724371325528,0.8534924091643745,0.8040573335623913,0.00044642857142857,0.0,0.0,0.0,0.0,0.0,0.0,0.0,Mustafa Yilmaz,2970.0
21.240792838775825,204.982688246018,-56.01841120552048,-14.60209044129455,-11.718567767686027,4.0,-4.037593524361817,-30.12068021979447,-9.959942766636443,10.420463514252827,0.2352,0.5061,20.5,0.042300000000000004,0.009,0.007329403195577769,-0.24051408525862955,1.953980736066102,0.8472532833020636,0.8583867243867245,0.8182818596928186,0.5600925707918691,0.68463915417755,0.6268719502470036,0.5059199883843821,0.9526666666666668,0.9281693648816937,0.7298112409919961,0.72005811138656,0.6932131004459772,0.5415619345922222,0.8689105691056911,0.8647163381222853,0.0,0.0,0.0,0.0,0.0,0.0,0.0,0.0,Mustafa Yilmaz,2970.0
19.933250997134618,187.66477602509104,-59.49035868423273,-15.080642617840022,-11.860314093270636,3.997673930499627,-5.368145990446584,-32.84836078865536,-10.315248036260458,11.984678911740696,0.2156831530139103,0.4495718701700154,19.142194744976816,0.067340030911901,0.0089010819165378,0.1154242361926824,-0.2473455117782479,1.6389716450904646,0.7296138546863504,0.8820469862504577,0.8260700040716694,0.6579440359337976,0.6204530114737322,0.5680055988876017,0.5789198064707284,0.877461693812507,0.8615287219576774,0.8211628166803852,0.6603676666501449,0.5401433856485013,0.5302069328177026,0.7904112935853467,0.8439933807358011,0.0476526009799679,0.0141384233482342,,,,,,,Mustafa Yilmaz,2970.0
23.014404792278818,211.59035285576252,-59.34115918715067,-14.78749224143724,-12.090971325312246,3.9982456140350875,-2.5746247918280987,-34.627694216420544,-10.063495952209555,10.804873726021935,0.2204,0.4640000000000001,19.3,0.04109999999999999,0.003,0.09471720774673904,-0.19457115475718018,1.72215706949734,0.8455280830280831,0.7994304179956353,0.7985019635019635,0.7602710034961587,0.7438364338342273,0.5418164401860054,0.6154550654333263,0.862331081081081,0.9154681467181467,0.8195602670276582,0.617130448054361,0.5888578628301577,0.5746581882607544,0.773263952463037,0.9017687928014014,0.00223214285714285,0.0,0.0,0.0,0.0,0.0,0.0,0.0,Mustafa Yilmaz,2970.0
18.44655032019399,189.67174444530087,-70.57994335900452,-16.01725425086997,-12.017289501667486,4.0,-6.16955785418793,-40.92962453014029,-10.4423113999965,10.996094177857646,0.23399999999999999,0.35259999999999997,17.9,0.08420000000000001,0.009,0.21278239568155036,-0.10181092838449249,1.7980991892686813,0.7287665339183546,0.8913647319392874,0.8356954354553038,0.7446342078563806,0.7145638016131453,0.40015590082509506,0.4733273744889906,0.8156041020969873,0.7580257602614814,0.7654179037902424,0.4542903850595049,0.4703954664123085,0.4843514263529093,0.7976704666358787,0.9962732919254659,0.0,0.0,0.0,0.0,0.0,0.0,0.0,0.0,Mustafa Yilmaz,2970.0
18.479915042246922,180.94906629166354,-61.27244352123216,-15.851079235865537,-11.026190658857658,4.0,-4.725030885802644,-34.84373745375443,-10.473148885695945,11.646743598744042,0.2391,0.4523,17.2,0.07410000000000001,0.0032,0.14496921468538798,-0.2910915878635668,1.101979175231925,0.6815168808899909,0.952,0.7997130087623978,0.5827832214926848,0.6335871031855014,0.644196579298222,0.5682105904543027,0.8539198128496738,0.8419036908637383,0.7230500510018274,0.47757690961755167,0.46382803163862185,0.5408645199393851,0.8644985115687931,0.8150830306118442,0.0014285714285714201,0.0,0.0,0.0,0.0,0.0,0.0,0.0,Mustafa Yilmaz,2970.0
19.66186580972814,178.47054210624552,-55.925127763270055,-16.514975634254398,-12.01256429276685,4.0,-4.5657513108080785,-29.38535775291222,-10.801668144137802,13.355189371609299,0.22060000000000005,0.37839999999999996,20.0,0.06770000000000001,0.0,-0.0036698182077921264,-0.11946093645292018,1.8575965182896212,0.6930667099913915,0.9257062146892656,0.7992890938915542,0.5890545902446667,0.5528476243650557,0.4634196153602968,0.5536686785397966,0.8105581523618207,0.7445094028968933,0.7999542432066062,0.6328308675492934,0.526623375249985,0.644190742075663,0.8408979068998679,0.8094339485449626,0.0,0.0,0.0,0.0,0.0,0.0,0.0,0.0,Mustafa Yilmaz,2970.0
21.733995667067354,210.88801722397335,-61.48943568205792,-14.400158558654198,-12.774412871316462,4.0,-1.4407045519937545,-36.70929843715936,-9.621476039419662,9.456614776485523,0.2514,0.4441,13.6,0.059599999999999986,0.006500000000000001,0.02658333460018867,-0.13553154271211237,1.7712306330290815,0.8509054085397493,0.9742733043768794,0.8352777101500598,0.6293506146006107,0.6193372249966516,0.6648827411997579,0.41670677617245644,0.9164329268292682,0.954571917808219,0.958096590909091,0.7098877947611474,0.35788872884087264,0.47906125552777123,0.9577575140542696,0.9557035987782745,0.0,0.0,0.0,0.0,0.0,0.0,0.0,0.0,Mustafa Yilmaz,2970.0
19.078921655020388,197.3378421039678,-53.80687366741567,-14.037571402554837,-11.156762661096314,4.0,-4.674056901944154,-28.428665927726446,-9.641622844394757,10.131806070300835,0.22880000000000003,0.42610000000000003,16.6,0.0522,0.0039,0.07611562617876874,-0.2464470064884642,2.424421154529399,0.8734159427695453,0.8212255391697706,0.8943205645516537,0.7335565696405061,0.5204420046720791,0.776323562220804,0.5796576447622164,0.9159671123365868,0.8685647658757187,0.8991283360136724,0.6558030416950343,0.7744994383924528,0.7142248594038694,0.8655087921383184,0.9520552920378765,0.00928214180641364,0.0,0.0,0.0,0.0,0.0,0.0,0.0,Mustafa Yilmaz,2970.0
20.187314488398577,181.65244632345627,-67.48842450948136,-16.02883130700522,-13.066433471147201,3.998780487804878,-6.074915890397639,-38.364292242583886,-11.073367653178254,13.12063556702596,0.20339999999999997,0.4479,21.6,0.08630000000000002,0.0225,0.14272855299114884,-0.1273413626014899,1.8234374678683736,0.6055108824181235,0.8851303680981596,0.7207061707826866,0.5361806442367187,0.727285649162982,0.5369318001349298,0.5855151475077737,0.9241071767738435,0.9258341130135308,0.8191043853669621,0.5312246961294325,0.38017714741710773,0.5940132649277096,0.8336810592264878,0.8465340488281978,0.0630875710065894,0.0,0.0,0.0,0.0,0.0,0.0,0.0,Mustafa Yilmaz,2970.0
17.834615712010194,168.8828469648022,-57.47510663885207,-16.56344016756686,-12.288126968866385,3.992156862745098,-4.45509664102471,-30.21074326891633,-10.500984005105114,12.551127549882231,0.20820000000000002,0.47520000000000007,21.6,0.0738,0.0062,0.23263906106857055,-0.24931841827096674,1.3773469198907686,0.5804439461839637,0.7432965032919071,0.900188381137579,0.5376962198719158,0.5082453186536177,0.589696302157604,0.5285207887565038,0.9215803802853516,0.7522669120903995,0.717057872766578,0.5622440380356476,0.4380439286965056,0.3518168070473192,0.6977608572774192,0.7419259183343303,0.0,0.0,0.0,0.0,0.0,0.0,0.0,0.0,Mustafa Yilmaz,2970.0
20.177834624321427,187.9876311962338,-60.516921241407566,-15.284099491754535,-12.192689855145455,4.0,-5.596112781086766,-34.10184556800487,-9.875307661616242,12.533134116200298,0.21269999999999997,0.41319999999999996,15.6,0.059699999999999996,0.0124,0.07063763373683354,-0.2315439787525532,1.9040957157199057,0.7848861176412969,0.9176918199112238,0.8025528694131241,0.6399687169731558,0.690942141772833,0.6214670838268666,0.685791192840952,0.9074248212361642,0.9194613821138212,0.876226833451868,0.5416397064631233,0.6963862415446748,0.6742148170227884,0.789953102793133,0.8829923329682365,0.0,0.0,0.0,0.0,0.0,0.0,0.0,0.0,Novendra Priasmoro,2900.0
17.51882373815675,158.4939611246849,-61.35406429781811,-16.94365400675132,-11.438862151987124,3.9886788686679338,-8.44475419767171,-30.0950345555574,-11.862954361504004,13.442516106985504,0.22680000000000003,0.4419999999999999,24.3,0.09330000000000002,0.0076,0.0680310412818526,-0.2639899622424461,1.723730050160043,0.6103015599569473,0.8596895918775799,0.7561359573916865,0.5087827054094749,0.417303746707108,0.31969231764273776,0.5732480007900012,0.79763338647236,0.818903903403952,0.6623132984804826,0.5665616023090858,0.3008932798850417,0.7290420013422467,0.869661065044216,0.78778367998555,0.0,0.0,0.0,0.0,0.0,0.0,0.0,0.0,Novendra Priasmoro,2900.0
20.29997729013028,174.34785313753292,-54.40428432197628,-13.177591154189827,-10.479385389271126,3.6,-4.789375354773837,-31.455130996981097,-9.100582567890681,10.997781141130286,0.19649999999999998,0.36160000000000003,13.9,0.0344,0.0066,0.03532827971276739,-0.1998292393880629,1.4348878794004505,0.7732399870829945,0.9030954587581095,0.8553511074853937,0.7086552136998638,0.7614398815107318,0.5831353319842113,0.7917729270630234,0.9378262354417306,0.9374944432412716,0.8219166021644362,0.6662742423592389,0.4250307261054912,0.887242109485588,0.9448917525176748,0.8330728679189917,0.0,0.0,0.0,0.0,0.0,0.0,0.0,0.0,Novendra Priasmoro,2900.0
20.2837466057441,207.94484903772,-61.802273453679426,-17.01268734205971,-11.57177958125938,3.996875,-5.614643114620601,-31.189368365443265,-10.641759536591914,10.231089486295442,0.2345,0.45280000000000004,19.2,0.06639999999999999,0.0055,-0.007266663771383489,-0.3160904375040997,1.6942673146053935,0.8693145138812721,0.8770666666666667,0.788764943328806,0.6681495761238778,0.7027404093535272,0.5445253316762179,0.5263560950560711,0.9329047072330654,0.812356317184296,0.770059660814859,0.5657891654725213,0.5015586916430925,0.5083436723693229,0.8803140608666032,0.8228543436964075,0.0,0.0,0.0,0.0,0.0,0.0,0.0,0.0,Novendra Priasmoro,2900.0
20.732793113727972,177.10976986186049,-67.13481195154978,-15.847966014149861,-13.62200269460617,4.0,-8.20903182315475,-35.228924389093294,-11.01146441256408,12.784577382018398,0.21869999999999998,0.34130000000000005,22.5,0.0836,0.0201,0.16482559937410898,-0.22617157747533617,1.518007091947322,0.6112835521214619,0.803052162764019,0.7848414098441818,0.7056596821030598,0.6099318041192813,0.6096082934682677,0.4488128286478171,0.949281634772289,0.9137571307197476,0.7746797122421242,0.5904422859877259,0.4166988007440574,0.6573245950116748,0.7465674643865104,0.7149992921601874,0.00093457943925233,0.0,0.0,0.0,0.0,0.0,0.0,0.0,Novendra Priasmoro,2900.0
17.196277892116818,158.09564698908025,-52.216509341217545,-14.87206603812659,-9.761692465261046,3.59622641509434,-2.019561894767044,-31.130657511404262,-9.77160943831852,11.742851591565586,0.20180000000000003,0.30560000000000004,20.2,0.07400000000000001,0.0066,0.12557680703344037,-0.12441548000463257,1.145739661051851,0.7174560517735584,0.8234051157686462,0.7674604468771811,0.5849319807890415,0.6890210417341824,0.6055149679217913,0.5007462532727619,0.8852637025935752,0.8426143462641857,0.6839048124480275,0.6332223117104251,0.6286752596515941,0.6696363797286091,0.7933502999655765,0.7942950570689579,0.00093457943925233,0.0,0.0,0.0,0.0,0.0,0.0,0.0,Novendra Priasmoro,2900.0
19.224974671418536,178.2364472200948,-60.2291679042161,-15.573809480259165,-11.566983640691138,3.88913152314721,-5.43186000665269,-32.75652844631179,-10.331798642645609,11.542680789197084,0.2065086342229199,0.4419481946624804,18.32496075353218,0.0591020408163265,0.0098885400313971,0.0911827309745699,-0.2432373227022848,1.493439022592662,0.726210028496903,0.8566354683995021,0.8314118992508791,0.6680448968114238,0.6503742694857211,0.5590761924075784,0.5857103222971644,0.8816449820203199,0.8569453668515652,0.8012266044990078,0.6304855430838623,0.5034698361129015,0.6600710844213901,0.8330786811009608,0.853055684459627,0.034234268310855,0.0411981546462748,,,,,,,Novendra Priasmoro,2900.0
19.404018088269225,160.0829262151292,-60.612768532825875,-16.917486055651317,-12.917728019501032,4.0,-5.664001542222101,-32.23255698766759,-10.656259945643809,13.775264017859985,0.2028,0.531,19.4,0.0558,0.0129,0.029022708964803957,-0.17317464672051525,0.9489893036464278,0.5763765931157236,0.9413006469186245,0.6233913683746912,0.6053639558889462,0.8104016938286602,0.6264783403988801,0.3800632913042158,0.8481444335792162,0.8241015956233347,0.8408343627908845,0.7366634537982852,0.429158693498181,0.4847692901996929,0.782553052770444,0.6814306606532403,0.0,0.0,0.0,0.0,0.0,0.0,0.0,0.0,Novendra Priasmoro,2900.0
20.040302059028328,194.48019667578,-58.54221251166619,-15.740397537330796,-11.634223652357342,3.9904761904761905,-6.402168055094544,-27.849755474488227,-10.487612937809635,9.58146895493815,0.2285,0.48789999999999994,18.7,0.042100000000000005,0.0058,0.15182361866118238,-0.3888975014312817,1.7970268966942247,0.7502946712218133,0.7835451329471029,0.8374067434301949,0.6174497842304928,0.7325605543554261,0.555334662959136,0.4806070444290282,0.8972696298585465,0.8700982228837043,0.8932704048088663,0.6400973923289816,0.6288165171139053,0.7115220523085732,0.9165512098907971,0.9511165116934347,0.0,0.0,0.0,0.0,0.0,0.0,0.0,0.0,Novendra Priasmoro,2900.0
18.79593003102521,162.83544665571486,-68.79546977849593,-15.122918939401742,-13.071319265090604,3.982222222222222,-7.333744451925286,-38.1797615432052,-10.957326436391977,11.887378635296654,0.19590000000000002,0.5008,21.0,0.0322,0.004399999999999999,0.19048435177355794,-0.2215499639639808,1.6569150233524017,0.6909561702364958,0.9368888452898734,0.6515404460094854,0.6637011377433933,0.5546481517699098,0.5304389517691174,0.549094194924874,0.8858611601234456,0.8623362643153321,0.7588696747883675,0.6823017905350851,0.4581930510856994,0.6313242635390196,0.8121416458083732,0.8408970576780808,0.00061349693251533,0.0,0.0,0.0,0.0,0.0,0.0,0.0,Novendra Priasmoro,2900.0
21.1745377002624,174.85468470975275,-60.189389113467236,-14.500742360996416,-12.600771628407216,4.0,-7.649083351874758,-31.411263867721193,-10.3678514816886,12.34032357722096,0.1891,0.41159999999999997,15.8,0.06010000000000001,0.0067,0.10140698426301542,-0.3638261564191662,2.0475991809543896,0.680900406805616,0.9453837740461944,0.8446548400359957,0.7958855114899992,0.7750079234274844,0.5134120359831602,0.7645224886546058,0.915706858863609,0.71211291737085,0.8346684179059508,0.7645489712846757,0.5940784965686448,0.7917021430908432,0.8774387305375482,0.8722031450057536,0.00318471337579617,0.0,0.0,0.0,0.0,0.0,0.0,0.0,Novendra Priasmoro,2900.0
19.049629831769757,167.7664783751512,-55.39422530104099,-15.518667133191766,-10.824203064222825,3.6,-3.1405028100500756,-29.73435511410728,-9.71889972197182,9.94240254250277,0.21280000000000002,0.47379999999999994,14.0,0.060899999999999996,0.0089,0.017157452339758714,-0.15876504872421388,1.4158874682123024,0.7486163620522674,0.9643835616438355,0.8295611164640349,0.7077801639414817,0.6407156657682439,0.6276762932578943,0.681345922678859,0.9228385358185494,0.9364264443120905,0.7443209880558419,0.7053343353073872,0.6373583974881195,0.6768872256394103,0.8277151653545095,0.8837334468809879,0.0,0.0,0.0,0.0,0.0,0.0,0.0,0.0,Novendra Priasmoro,2900.0
19.558480817671295,191.6708002922662,-59.20822887370366,-13.551633664523951,-12.943050557272722,4.0,-3.7725630540039803,-34.078756369431986,-10.066682134907136,11.204456906436118,0.2069,0.3598,16.2,0.0787,0.015600000000000003,0.03598708688309441,-0.16708307817922025,1.4830921266603054,0.7767812741554074,0.8565144741001671,0.9553191489361701,0.8039580955956576,0.6339518159612438,0.4551135617135582,0.6448451971830653,0.8111041242464168,0.8743172835070068,0.8527629820316799,0.5764542419522679,0.4440256563028534,0.9016227852293426,0.8064418047307464,0.899718201596795,0.0,0.0,0.0,0.0,0.0,0.0,0.0,0.0,Novendra Priasmoro,2900.0
19.298195397245117,179.2114331338283,-59.00389779398479,-15.18761103852005,-11.037704041649661,3.6,-4.613637473965268,-31.547568185712016,-9.636704849736505,9.41932779559871,0.19959999999999997,0.4394,15.0,0.06489999999999999,0.0051,0.02268096667554273,-0.24182730431892727,1.3559430899847043,0.7915244150390501,0.7132604864028492,0.819644641107806,0.6519927930764589,0.5868281373250113,0.6628482711955448,0.6033209511059798,0.9095259492982265,0.8079619361701453,0.8392055240646586,0.7631837774288941,0.5501615091068769,0.6227353311707124,0.9311857163552079,0.8479527233229718,0.005,0.0,0.0,0.0,0.0,0.0,0.0,0.0,Novendra Priasmoro,2900.0
19.76789280142605,190.70474160947344,-63.951774616852546,-15.802596819823723,-14.622002027536965,4.0,-3.159100065909624,-33.5147074488984,-10.174134543836066,9.320766289152226,0.21480000000000002,0.4551,17.8,0.04410000000000001,0.0132,-0.04352373239307409,-0.05114231544844028,1.6556358218887577,0.7746534900728352,0.832182928387595,0.7868238400952055,0.5293347286897933,0.7063292590032684,0.5650955537774696,0.6990496060933797,0.9464252609862372,0.9558728289667353,0.8431988347082686,0.6400487588813168,0.2733900107557369,0.6486738968865962,0.8186819420635212,0.8463750206898576,0.0,0.0,0.0,0.0,0.0,0.0,0.0,0.0,Novendra Priasmoro,2900.0
16.75189673400144,148.53865206702466,-60.997557814290154,-15.914658689595608,-11.408011363871129,3.6,-3.822379211761045,-34.277165377375646,-9.910355317516796,10.735012145830058,0.17550000000000002,0.41479999999999995,19.0,0.028699999999999996,0.0018,0.03418527178829953,-0.22254716361108282,1.7663478354184832,0.6936941862239262,0.8864234586837327,0.8079839535869123,0.6871659164894662,0.7088742357219157,0.5902916079549533,0.5288093457273356,0.9136571384800012,0.8635281265590848,0.8753279289411786,0.8823741738904705,0.6139269080354025,0.5116058333882905,0.7968832431697153,0.7823473304242535,0.00059171597633136,0.0,0.0,0.0,0.0,0.0,0.0,0.0,Novendra Priasmoro,2900.0
18.53441985293187,173.29874800805027,-52.12753467150037,-14.020706092813153,-10.140787742078881,3.5973684210526313,-5.667326744656508,-27.0580494568019,-9.669431391127326,10.831398334924767,0.1876,0.4231,17.5,0.0875,0.013800000000000002,0.009302362731924146,-0.13865131877095985,1.4205813148646846,0.7520317591692957,0.899370371499101,0.8657910563316094,0.7114614616880361,0.628268928377595,0.6713829558124093,0.7714644022099726,0.9368365180467091,0.8526737313914652,0.8271000238980376,0.514575945159352,0.552200931856603,0.8194990954753884,0.9140826342521258,0.8686616911245469,0.0,0.0,0.0,0.0,0.0,0.0,0.0,0.0,Novendra Priasmoro,2900.0
20.39485663206325,181.15158402840134,-53.30180050613144,-14.641471490484284,-11.447378148034861,4.0,-6.64442403087773,-26.330104315894083,-10.777828861724162,12.539406340883676,0.22519999999999998,0.5203,17.3,0.0393,0.0072,-0.048609463854180204,-0.09186657044415662,1.0830982356517673,0.7121609226986979,0.8632237891274036,0.7352957986127692,0.6969608840012192,0.6326345856108947,0.5219863352867459,0.5872366417164403,0.8903153153153154,0.9137465726596161,0.6825664340881732,0.7061418573175277,0.38943191677556915,0.5641828009289439,0.9128641314125184,0.8739360639360638,0.0012820512820512799,0.0,0.0,0.0,0.0,0.0,0.0,0.0,Novendra Priasmoro,2900.0
19.805232193007942,189.37222755914962,-66.6886286840215,-17.654114786621246,-12.021312905980365,4.0,-5.590399642265567,-35.18799663729051,-11.054972366913239,10.82016765504945,0.2172,0.4288,21.1,0.0792,0.0055,0.2179813716176117,-0.45398737869247496,1.7171590801076584,0.7270834131258141,0.728162292370807,0.9024087024087025,0.6871663644803391,0.4834091599681959,0.6316615895273647,0.5157216856450713,0.8260816714462879,0.8758820127241179,0.8601062377831887,0.6900255960010951,0.6705729174302947,0.4857705670317058,0.8539865689962663,0.9195082153618739,0.00902255639097744,0.0,0.0,0.0,0.0,0.0,0.0,0.0,Novendra Priasmoro,2900.0
21.386744447289917,213.8197900367708,-53.5969339177794,-11.482223449013064,-11.880826473760905,4.0,-8.287977515619733,-26.74058932902031,-9.650911311580556,10.44559416121517,0.23090000000000002,0.48450000000000004,15.8,0.028900000000000002,0.0036999999999999997,-0.004117804362165245,-0.25518758443996065,1.4275219016703624,0.8816347722889779,0.8758229207739058,0.8969400844449928,0.8792451302579167,0.7389221905639832,0.5337254101190748,0.6799157782954369,0.928017462436688,0.9570985278846742,0.8342564694253823,0.794417188880176,0.44742728355202505,0.693037948526442,0.909203832958713,0.8793264055763956,0.0010204081632653,0.0,0.0,0.0,0.0,0.0,0.0,0.0,Novendra Priasmoro,2900.0
21.733278570982996,189.5261687675883,-68.89727267694235,-14.995680258102132,-12.93981363325148,4.0,-8.649874038008114,-37.40969490712445,-10.28175657703578,11.379546736579604,0.2092,0.546,15.8,0.0637,0.007200000000000001,-0.023929269227764886,-0.28982911513331266,1.705271416717648,0.7350422262802201,0.8758522717332353,0.9793867089690019,0.7207490723989015,0.7592157949250306,0.5866603172783069,0.5204461563181382,0.8474080465969152,0.875339940504736,0.8150928637765187,0.7460290993984862,0.6548392267548473,0.6308310612718542,0.8707575655607152,0.9280953869600047,0.0,0.0,0.0,0.0,0.0,0.0,0.0,0.0,Novendra Priasmoro,2900.0
20.036243449589037,194.46806882481516,-63.314048406438076,-16.461715937451235,-12.71783719741437,4.0,-5.088756491605757,-35.32773144905498,-10.667507197139548,12.949499866227807,0.20779999999999998,0.38150000000000006,21.0,0.06150000000000001,0.0128,0.18591928711414002,-0.511837834466511,1.7023409528924234,0.7964810899812577,0.9194325735992402,0.9459119787973492,0.5596191889482622,0.46736014122027586,0.5213210125070448,0.704025138629093,0.8673306011245424,0.9349412270642201,0.8515658309865902,0.7270612409098771,0.4539923146809473,0.6873912266279893,0.8340419246172983,0.848276817734359,0.0,0.0,0.0,0.0,0.0,0.0,0.0,0.0,Parham Maghsoodloo,3272.0
19.96326223717572,186.74839145737755,-59.79211025806388,-14.715015428835953,-11.642943895868491,3.959076599128358,-6.037037174108161,-33.27803269061883,-10.353694212647495,12.2755365448867,0.209769979152189,0.4616608756080612,19.692147324530925,0.0532585128561501,0.0066226546212647,0.1209601639460847,-0.2581296138462192,1.648535704022693,0.7549718287278592,0.8977936748317871,0.8121021437970746,0.6300179254839462,0.6078918678995161,0.5984568159815672,0.6129116478807278,0.8826723117143526,0.881159375218293,0.8478438508338266,0.7102452324653532,0.5195888392639064,0.5509020300584253,0.7773809068040906,0.8357107699563187,0.0475728374584872,0.0422855972884264,0.0495867768595041,,,,,,Parham Maghsoodloo,3272.0
21.948883758823804,207.89873000270887,-49.97305989751898,-13.70189900602515,-10.437623158336613,4.0,-6.425893745570829,-25.67849711093503,-9.401837066719514,11.672690190068154,0.2222,0.3832,16.2,0.0446,0.0068000000000000005,0.035624491994051044,-0.2525308023910611,1.3685117996108462,0.8758086430950041,1.0,0.8543172979404743,0.7398555193094313,0.7007425718429215,0.7064331514391291,0.691270607074514,0.9387229070131339,0.8721048054583292,0.9576823088786076,0.7469465404096063,0.5106349982208945,0.5148574729982238,0.8174871234536862,0.9302619555284799,0.0,0.0,0.0,0.0,0.0,0.0,0.0,0.0,Parham Maghsoodloo,3272.0
20.175173024100445,188.87565142563767,-58.922851203524615,-15.951125891570934,-11.518530952316379,3.9924528301886797,-9.0357975389989,-30.663006121802812,-11.381160117434657,15.634316588410403,0.20700000000000002,0.5001,23.2,0.048299999999999996,0.0077,0.054173934797012956,-0.16517114096470364,1.7480355390472564,0.7272743718582391,0.866542300359464,0.8167224894480121,0.5073258517148483,0.4678353029711347,0.7462285660448464,0.4962286491408093,0.8930739139566632,0.8350753517694838,0.8858147221152614,0.6176639441593357,0.3973713823542152,0.633951300187067,0.7255168192463274,0.7744936584706148,0.00081967213114754,0.0,0.0,0.0,0.0,0.0,0.0,0.0,Parham Maghsoodloo,3272.0
19.748901988871474,185.9292780629275,-58.55639537045105,-13.58354068962043,-11.491237403231892,3.991636565712698,-7.555199307422972,-31.982909169681268,-10.06585717974666,12.130711813539481,0.2193,0.5133,17.5,0.0499,0.0104,-0.01439079381986084,-0.3251641132641373,1.3225329192963335,0.7423444818526764,0.8733422539399346,0.7619827426416428,0.6939276506252996,0.6748170433826962,0.6864749100486341,0.6524976591229361,0.9054470854555744,0.8469833930621513,0.8109222339564368,0.5690724082147913,0.5901759524960506,0.6179025027122748,0.7205827829107243,0.7919392015879502,0.0048780487804878005,0.0,0.0,0.0,0.0,0.0,0.0,0.0,Parham Maghsoodloo,3272.0
20.461850292219715,203.46118868158402,-53.997446940870404,-15.971643591300104,-11.211239548969854,3.998,-5.580550568590131,-26.16353141386366,-10.980623161922773,11.912141343776117,0.19619999999999999,0.5382,19.1,0.0355,0.0043,0.09720094791283879,-0.20414607530955334,2.1364964908970983,0.8640498370711136,0.8666315202948865,0.7953872306085236,0.7095161547360032,0.6096513213098789,0.6440442692284728,0.5988803426805175,0.9714285714285715,0.9702857142857143,0.7796429731852758,0.838753483096945,0.603577967143145,0.6111327384887887,0.6755445370530246,0.6458094343003767,0.0,0.0,0.0,0.0,0.0,0.0,0.0,0.0,Parham Maghsoodloo,3272.0
20.03488153293809,197.86658245255074,-73.86371630433493,-14.969075561589971,-13.444323123088248,3.99746835443038,-3.4348118882522414,-45.495280491413645,-10.65695576509641,10.1392621706752,0.19269999999999998,0.3856,18.4,0.05650000000000001,0.008499999999999999,-0.013771063228641897,-0.11006184090736068,1.4607660139469734,0.7653780985390587,0.8225450632230291,0.8392952188176764,0.6023247038268761,0.6224179116819548,0.6191728162536608,0.5466546786110013,0.8264855701403653,0.8969347519390428,0.8054515993741422,0.6801581052529035,0.44251748869082413,0.4040672489602707,0.6820764039912233,0.7251823263056407,0.00075757575757575,0.0,0.0,0.0,0.0,0.0,0.0,0.0,Parham Maghsoodloo,3272.0
18.48693756234541,178.8641633258763,-56.9479971326791,-16.368602321917145,-10.823341749583935,3.997014925373134,-5.538556851113254,-32.07700914675924,-10.804249762004014,14.666747773325351,0.2129,0.49990000000000007,22.5,0.0634,0.005599999999999999,0.37515338115997604,-0.391928554993463,1.4210173295074369,0.5863557653252109,0.8826946714391841,0.8055571133791872,0.44125198274731436,0.7360760844466021,0.44385120934987976,0.3564934386075574,0.8935201944025474,0.770942653499721,0.8830137772675087,0.6787913984662121,0.5422425679176263,0.5193729787632678,0.6746282619703783,0.7901607995303989,0.01087830080367393,0.0,0.0,0.0,0.0,0.0,0.0,0.0,Parham Maghsoodloo,3272.0
20.92441282744051,202.5598128197847,-56.92957593523967,-14.14629330056529,-10.861387833107555,4.0,-8.841841377151667,-29.40446315512512,-10.588838243720385,12.913247974430357,0.2239,0.4806,21.9,0.056999999999999995,0.017599999999999998,0.06558934503733545,-0.5193634790386559,1.5048840210177417,0.8123604635461252,0.9375726744186046,0.9138814773853138,0.46854713295942735,0.5769670668254818,0.5572120464175626,0.7134628867779461,0.8310376602564103,0.9486621004359975,0.7627327489684278,0.7007297387808098,0.6012834153082769,0.5420997740990547,0.7122268487809568,0.7931351543543839,0.0,0.0,0.0,0.0,0.0,0.0,0.0,0.0,Parham Maghsoodloo,3272.0
19.923565789767913,183.78980751403753,-53.27126861023589,-15.863742675835983,-11.26591369705973,4.0,-3.139354238403604,-29.670003508504056,-10.570840816594679,13.238586326162158,0.2333,0.3612,19.8,0.046799999999999994,0.0021999999999999997,0.08178402319434049,-0.3515970317880277,1.6136282570402958,0.7349076724200541,0.9385344827586206,0.7362350984850267,0.6917583363102654,0.6999993698815943,0.5298864338853722,0.5449969083773103,0.9597146917934409,0.8768135461133196,0.8027326159800083,0.7002358432260453,0.5528032817513043,0.3860079244921447,0.7328137545979071,0.8581302788120968,0.0,0.0,0.0,0.0,0.0,0.0,0.0,0.0,Parham Maghsoodloo,3272.0
18.851395548724845,189.6335575121137,-67.97577116505799,-16.316639714013245,-12.029987339504626,3.997560975609756,-6.292065904373265,-37.87996524685961,-10.583778418566087,11.129104482649073,0.20129999999999995,0.4942000000000001,22.6,0.0875,0.0126,0.1516577662183314,-0.31449394872063274,1.6525196913247022,0.6999076586278814,0.8760962145503688,0.802947687553513,0.7033994504671908,0.7454211506031279,0.32181642553367457,0.6473463002949683,0.8685515915701894,0.8154078796766926,0.953731343283582,0.7206991319644585,0.4249514244591975,0.66318238634213,0.6886428729885832,0.7018723669946056,0.02030167769739879,0.0,0.0,0.0,0.0,0.0,0.0,0.0,Parham Maghsoodloo,3272.0
22.44937289516237,210.25311028784714,-64.29642112950071,-14.26634917161233,-11.704033212375945,4.0,-4.514306035358667,-37.071664955875484,-9.679289335605127,8.939221581326844,0.21059999999999998,0.5775,16.4,0.0471,0.0062,0.022207441681125893,-0.22976314660525182,1.7925750446803075,0.9521257212268448,0.9771428571428572,0.8874124735385116,0.8623274478330659,0.7128434177774676,0.5923453077507792,0.746949558603198,0.893571079628725,0.869935794542536,0.9614285714285714,0.7530313218515465,0.8227855290776638,0.5599938353455697,0.8837811431362971,0.9783333333333333,0.00112359550561797,0.0,0.0,0.0,0.0,0.0,0.0,0.0,Parham Maghsoodloo,3272.0
17.476086870840604,169.14223702914003,-67.80016350034785,-13.9766065775021,-12.04382167053588,3.99246947082768,-4.717671948698068,-42.95670268785941,-10.012555000969181,11.914724914389094,0.22390000000000004,0.38409999999999994,19.0,0.058499999999999996,0.0039,0.10736008270336628,-0.1028556567810299,1.4971930445176713,0.6465395181130351,0.9098527250113072,0.8586499321573948,0.5013944374284915,0.5852459121204828,0.5538989551283275,0.5421915924481041,1.0,0.9418930929236862,0.8398311688311688,0.7439236334152025,0.3627121406683441,0.41292143484169597,0.9186086214255228,0.8011417878596774,0.03478387284357433,0.0,0.0,0.0,0.0,0.0,0.0,0.0,Parham Maghsoodloo,3272.0
21.339172642021893,208.86348014486663,-48.53548410668276,-15.07451608604047,-10.70469704023701,3.995454545454545,-5.020988690413596,-22.195623707314706,-10.25459872240778,10.719485594276254,0.22760000000000002,0.4574999999999999,18.5,0.039,0.006900000000000001,-0.003147719680810162,-0.16411312171374087,1.9627439981041555,0.8388961331425545,0.8253472361512595,0.8899427980868604,0.6199591077178888,0.5295502386401882,0.4513714292258597,0.7658352614855678,0.988334050796384,1.0,0.791937884915893,0.67650425045875,0.5647792132421705,0.7208768886167513,0.6545419831416913,0.7625435942036773,0.0,0.0,0.0,0.0,0.0,0.0,0.0,0.0,Parham Maghsoodloo,3272.0
19.675212277284647,183.96538205462548,-62.12926497534272,-15.550601176259073,-12.655364633728563,3.9921875,-3.6809710606585613,-35.51408835742718,-10.40575063193484,11.685323384665491,0.22280000000000003,0.4577000000000001,19.3,0.06570000000000001,0.0075,0.07504137579795475,-0.25249900687400684,1.787408602128997,0.7722579469233013,0.8842628894327632,0.8506282958896193,0.6758444914235286,0.7195016996897435,0.4894342715531271,0.6168814815026039,0.9197525545155912,0.7918653526850198,0.9056641110650642,0.7590684796251024,0.425788702882384,0.32873909579299976,0.8769976669582968,0.7814209180465591,0.0,0.0,0.0,0.0,0.0,0.0,0.0,0.0,Parham Maghsoodloo,3272.0
21.144742455619806,188.15844616561142,-63.13329833234634,-13.36647917142183,-12.038812777712371,3.9910714285714284,-3.8301977029165215,-39.13905577695168,-9.916320866463789,11.166496534548418,0.2274,0.3846,17.2,0.0685,0.0036000000000000003,0.1508359283918131,-0.1892258592151475,1.0124547763597487,0.8024268461824702,0.9253968253968254,0.8145101737772349,0.5367199155027704,0.6589726423851872,0.5947901186230002,0.5854714809912602,0.868490418556006,0.8771062522096218,0.8001991436415483,0.7176862745098039,0.47153424022749946,0.49542567458201586,0.776764840200821,0.8048526389918068,0.0012195121951219501,0.0,0.0,0.0,0.0,0.0,0.0,0.0,Parham Maghsoodloo,3272.0
17.8230146827728,178.10844370184648,-55.483122341924094,-14.724961154024129,-10.927496352094142,4.0,-5.580276813999389,-30.256257054178953,-10.194017160679197,12.199886193051729,0.246,0.4849,18.1,0.038500000000000006,0.0045,-0.04624292590513861,-0.34504169316368166,1.5062499312679738,0.6992640980690604,0.9448624904507257,0.9095474134848229,0.6025006578186984,0.7672707295727188,0.6290520093465722,0.5212885445482833,0.9406940281940281,0.8885104606814476,0.90249749493432,0.7025146335479844,0.45778663488450866,0.5800408924653014,0.7266465612662841,0.9307480560582398,0.0,0.0,0.0,0.0,0.0,0.0,0.0,0.0,Parham Maghsoodloo,3272.0
21.06287333358918,200.9274515644275,-67.75848304211615,-16.45567401119394,-12.677064907794577,4.0,-7.7158508700954105,-36.686035523880776,-11.204729743959422,12.980872014807975,0.19490000000000002,0.2944,21.4,0.07100000000000001,0.0067,0.13902317812048384,-0.2830100176537423,1.9304778177004576,0.8833488069020138,0.8552671637994085,0.8200933739994248,0.6403563250404617,0.6017342396892549,0.6179309808320042,0.5470972995207521,0.880768285234387,0.7939292608517106,0.753998368229142,0.6247387788416406,0.4276661677770891,0.7069751007689342,0.7568128879970489,0.9694915254237287,0.00094339622641509,0.0,0.0,0.0,0.0,0.0,0.0,0.0,Parham Maghsoodloo,3272.0
18.882944216285487,169.37749822092817,-61.67319645814287,-15.122977037444471,-12.741587466932428,4.0,-7.7377953639361055,-33.86722690486207,-10.687463371903414,14.483853686935621,0.1905,0.45840000000000003,20.6,0.0507,0.012,0.11572603245291038,-0.2506266062838359,1.6107343878877523,0.6663091479907568,0.9329039919612679,0.6801882206120278,0.5935987714562527,0.5204208785724534,0.5553306857596463,0.5523638360753095,0.8803251517387658,0.9335375399904704,0.7887241301231019,0.8668303500712813,0.5921864196477155,0.30767235612889854,0.6811909203177355,0.7797393455403643,0.0,0.0,0.0,0.0,0.0,0.0,0.0,0.0,Parham Maghsoodloo,3272.0
20.94821156327321,193.26270105478272,-57.57682816514456,-13.317097721888818,-12.60484946312036,4.0,-3.9981883728158665,-33.7542349360377,-9.844364903855281,11.941907232573467,0.2068,0.5196,19.0,0.016099999999999996,0.0,-0.0074332608484518285,-0.148628378632986,1.869974973412252,0.7241540164639497,0.9836065573770492,0.9206817505947662,0.7125175309964388,0.6731210504346904,0.6796036894169388,0.5121142761415036,0.9080677537668518,0.8605171824014249,0.9282478632478632,0.8183095071897251,0.3968793452860756,0.603201176612711,0.7962724392909099,0.8578211658969692,0.0,0.0,0.0,0.0,0.0,0.0,0.0,0.0,Parham Maghsoodloo,3272.0
19.392204627596037,186.72213965383185,-64.71927021401768,-13.829125146499631,-12.447898496551527,4.0,-7.373728479893541,-37.458913184105675,-10.232052251364573,12.622447344397271,0.22000000000000003,0.3983,19.3,0.06570000000000001,0.0086,0.1455129089799833,-0.3828914740032655,1.4808629309653045,0.7217015265284089,0.8707826006134398,0.7929503431009961,0.6779531735646961,0.7517749124466915,0.5084313404203524,0.4362021048439762,0.7040969681279883,0.7789026523249034,0.8658545910823074,0.6870707235570472,0.3915258794664598,0.5184974056295,0.8391529174232787,0.9568181818181818,0.00094339622641509,0.0,0.0,0.0,0.0,0.0,0.0,0.0,Parham Maghsoodloo,3272.0
17.67362735557842,172.9618395047849,-48.21692630699463,-13.519279460842995,-10.02227607226008,4.0,-9.279866398854416,-24.12043371831387,-10.203969036079364,14.928898379356095,0.2061,0.43949999999999995,19.9,0.08259999999999999,0.009,0.2720832695490806,-0.3515148883805731,2.162684244593964,0.6845677576805975,0.8366038605589168,0.9591549295774648,0.6393569020648172,0.6366999862173632,0.5860627309257442,0.6316097354210242,0.821288084464555,0.6899466761865394,0.742822241428983,0.5572850671618215,0.7367810262465319,0.6119628455280186,0.74172135834082,0.8313925071205903,0.0,0.0,0.0,0.0,0.0,0.0,0.0,0.0,Robert L. Hess,2876.0
17.37707003338634,161.66337174009007,-49.09757220623732,-12.355351978805258,-11.700585118198166,3.9951612903225806,-5.897935482826159,-23.919467769541306,-10.182989737327416,10.963596590138406,0.2149,0.35140000000000005,19.1,0.055700000000000006,0.009,0.09613140005727513,-0.34382889914608705,2.1446876742131176,0.5927880363743709,0.9043787974020532,0.895165221666262,0.6813228230774471,0.7107117886804734,0.6038441274220159,0.7009403347598964,0.9442622950819672,0.8048987856720278,0.8044828917458705,0.7313845600490432,0.5894441729497777,0.6838374531675991,0.7714371505294368,0.8619404851212803,0.006026506626656649,0.0,0.0,0.0,0.0,0.0,0.0,0.0,Robert L. Hess,2876.0
18.09049297752934,173.67451883980266,-58.497296002056736,-12.660079201237528,-12.71074120970292,4.0,-6.634268312230344,-32.205563549435674,-9.6800007451076,11.393357015657335,0.23020000000000004,0.3936,17.3,0.0903,0.0089,0.04078480570122803,-0.40252330916056767,2.5862154737996157,0.8149144260630559,0.8720861233470882,0.8233973786534203,0.6432656638427228,0.7553695087594458,0.7131792052320508,0.5225431192897845,0.7892296771222862,0.6993562412407527,0.8905917479088211,0.7716523480348805,0.7398091515763745,0.6660414710529128,0.8739086279608781,0.9054430339625034,0.0,0.0,0.0,0.0,0.0,0.0,0.0,0.0,Robert L. Hess,2876.0
19.156536056017195,198.28105722347806,-61.17205318222263,-12.240689265478517,-12.519555586459978,3.993333333333333,-9.233941887588538,-32.41459836123669,-10.095284117757231,11.338682702964974,0.2434,0.6042,19.9,0.0772,0.0054,0.21276366734785013,-0.30157185578155576,2.341421663693516,0.8111263239921775,0.7932238642761931,0.843265212166612,0.8124806126464639,0.7313390780898107,0.788730681589693,0.6696398206979268,0.7983376913093895,0.7656272173023273,0.7416993644871064,0.7307025482238507,0.8809062649450023,0.5360875367787028,0.6252055566927147,0.7863196389666978,0.00164021164021163,0.0,0.0,0.0,0.0,0.0,0.0,0.0,Robert L. Hess,2876.0
18.073290016598644,173.16011571138336,-67.32458563311116,-12.963268063963346,-12.810766171771615,4.0,-9.54391658982951,-37.27930947512139,-9.838453930189383,11.111128597764084,0.21639999999999998,0.36160000000000003,18.1,0.0607,0.004399999999999999,0.08497324878103595,-0.3000774273973098,2.4142146066925676,0.7260592548967473,0.9268697206538917,0.7764443305751965,0.6828303085807979,0.7246510891730249,0.5864740006515298,0.46286120882300386,0.7888620666087311,0.7280715686789244,0.8175332549288618,0.6327789432483081,0.7249176191056684,0.8205851374896298,0.6527023581924019,0.8982852717952057,0.00233287344788661,0.0,0.0,0.0,0.0,0.0,0.0,0.0,Robert L. Hess,2876.0
18.790702981026914,192.6190574352772,-61.12196564429844,-11.836244626409686,-12.610285946630844,3.9933333333333336,-9.267822036097293,-33.0385518650892,-9.823112874747407,11.460718371342661,0.2535,0.49429999999999996,18.0,0.0839,0.0154,0.17004234708621435,-0.4449129636898478,2.556008263382996,0.8185846214156257,0.8905412422942911,0.9252230235042734,0.6678416345999324,0.6788346999740014,0.6692020689908855,0.5985412747055776,0.946492072851153,0.8911506287555728,0.82607874797647,0.7572899496336996,0.7614486038137656,0.7151452673544956,0.6816212647823129,0.8614608134920635,0.00111111111111111,0.0,0.0,0.0,0.0,0.0,0.0,0.0,Robert L. Hess,2876.0
17.91870157112148,177.16752029060655,-70.38740496161226,-12.624183260386213,-15.156025032984648,4.0,-10.941522228461983,-36.2223042955624,-9.792201589738282,10.34883144552126,0.2041,0.4358000000000001,16.8,0.058699999999999995,0.0134,0.38201908188079575,-0.4206126601770885,2.5434160773338554,0.7195775542837949,0.9182043497698291,0.9106736766828123,0.705894308400971,0.6140493694856162,0.7184209675528758,0.5571184581388626,0.9099851665628513,0.8230875033644613,0.8704471407220297,0.8247308406877479,0.6861252157493308,0.6381687518165237,0.7910844240101793,0.7551861699802942,0.00071942446043165,0.0,0.0,0.0,0.0,0.0,0.0,0.0,Robert L. Hess,2876.0
19.23680424035207,191.76328829327414,-63.186052166397644,-12.463461375162026,-13.708305450615276,3.9907407407407405,-9.858709542304876,-32.60536346919127,-9.87958162329279,11.33862855342785,0.2205,0.33330000000000004,18.6,0.0534,0.0,0.16595911804916824,-0.07311586500227474,2.8721343228987086,0.8189559266246491,0.978029517351416,0.8449928045805107,0.6445478895653898,0.5238928000598506,0.5543092060718771,0.707576225518833,0.8989870524693021,0.9241702678072728,0.8783725255478032,0.694323098939229,0.6987296366097744,0.7121623814295704,0.6711420634114437,0.7909085046374733,0.0,0.0,0.0,0.0,0.0,0.0,0.0,0.0,Robert L. Hess,2876.0
18.966210631880006,195.49042062695716,-69.19253028012083,-13.361277319441621,-12.17132533693314,4.0,-10.247327706252655,-37.56998422515664,-10.052441675362568,10.20982598302578,0.23139999999999997,0.38099999999999995,15.6,0.0725,0.0078,-0.09003932840139735,-0.338791822564642,2.43222132939425,0.846742560930104,0.8850682261208576,0.9253253253253254,0.5905066384879486,0.6912834017841563,0.6337224069346555,0.7212107319233401,0.8725081166359058,0.828963273618446,0.8323586060217776,0.7501020525169132,0.597218528162523,0.6448500791781585,0.7917792887495592,0.9811764705882353,0.0,0.0,0.0,0.0,0.0,0.0,0.0,0.0,Robert L. Hess,2876.0
20.84787320380816,197.71876367214676,-62.196846775519205,-13.021620466112378,-11.661092895251056,3.996078431372549,-13.348082032954295,-29.27118662750948,-10.441654659260394,11.550711474195841,0.2144,0.2706,18.5,0.0666,0.006,0.2890270581975324,-0.3115438403012935,2.623481607822232,0.8217090147316484,0.8285874333903059,0.8008256359761436,0.8235057165942316,0.7138902295196466,0.5832690640403662,0.5466039064868934,0.9973913043478261,0.7915920842848343,0.8114878713137186,0.6751730757529002,0.7902790092572944,0.8138022951015135,0.8714050065080043,0.7414013021763558,0.02482039082662437,0.0,0.0,0.0,0.0,0.0,0.0,0.0,Robert L. Hess,2876.0
17.685676054729278,189.676784893302,-71.16752408841994,-13.647148202387594,-12.855181198973398,3.9984848484848485,-10.27863677425171,-38.594969654971734,-10.438579823827503,10.648506717507138,0.2217,0.5419,15.7,0.055400000000000005,0.0079,0.17576917782829993,-0.6125919768390091,1.9837355000730703,0.7987067387570048,0.8233158095774196,0.932476076555024,0.6490426612556748,0.6932491321887606,0.6089571262621494,0.5662696427423182,0.8981538069773365,0.8689156045193197,0.7954742917900812,0.7039556928984521,0.6095964944406521,0.6331603553738037,0.8448165662157556,0.9481792717086834,0.00075757575757575,0.0,0.0,0.0,0.0,0.0,0.0,0.0,Robert L. Hess,2876.0
19.20693665599385,182.58426788017525,-53.04495636582982,-13.075123575713684,-11.330627313574775,4.0,-8.431650809993743,-27.15360510962875,-10.228860473265415,13.174910916346551,0.2265,0.4758,21.1,0.0619,0.0086,0.213378903091861,-0.48453281291990963,2.157119450482556,0.7474585247341342,0.8974847933658003,0.753331295049208,0.7103712763442324,0.5958385896452632,0.6138457565080233,0.6796735902617128,0.8897492212709605,0.8790272336253837,0.8937449888576936,0.6264304491502655,0.5168432522277516,0.6277015107224249,0.7834150130957636,0.8456160439415795,0.00458015267175572,0.0,0.0,0.0,0.0,0.0,0.0,0.0,Robert L. Hess,2876.0
18.027583833035287,186.54497400357087,-62.75150866359223,-13.998258838526535,-11.89897789799431,3.996551724137931,-10.03761193623376,-31.29623237176549,-10.124613737618503,10.60763439440844,0.20779999999999998,0.3202,15.9,0.04440000000000001,0.005699999999999999,0.11012608408933275,-0.4062161912161912,2.508555618945819,0.7400736601316119,0.9461140735098077,0.8329722919775326,0.7109389978382363,0.7490201596206905,0.5755052615259835,0.6261017469371126,0.984375,0.7616544757176453,0.776984967053918,0.8347087985602162,0.6200657390867539,0.6732025411541402,0.8011278791735006,0.890715094503963,0.03149583692219349,0.0037037037037037,0.0,0.0,0.0,0.0,0.0,0.0,Robert L. Hess,2876.0
19.58499229688342,191.28815100445888,-64.5313513041746,-12.430481876149123,-12.747858950131283,4.0,-6.439769914897281,-39.14287452893872,-9.734043907411047,11.963677873352857,0.22790000000000005,0.2259,19.1,0.0503,0.0034000000000000002,0.05008385197309202,-0.4170441088805162,2.0175019003513275,0.8246507128685842,0.9016552075375606,0.7723078040796155,0.6871413323492916,0.6685093485244612,0.5514689090692042,0.6139397158308294,0.8137628373827136,0.824204633791501,0.8321247606019153,0.6004416851397436,0.6831708844444788,0.6342088134700417,0.8400618785370322,0.930532212885154,0.00784313725490196,0.0,0.0,0.0,0.0,0.0,0.0,0.0,Robert L. Hess,2876.0
18.329015725673436,154.14959120974106,-52.63334573364519,-12.780162935681746,-12.239563109710513,3.991525423728814,-5.543674269827251,-28.760836422043916,-9.952440343649391,12.65180592353882,0.23619999999999997,0.47140000000000004,16.2,0.044700000000000004,0.0084,0.07784946274443484,-0.14715169992609015,1.8812994689557836,0.5911453422408478,0.8233188439849624,0.9085521708683473,0.6540744849891429,0.6868383197577276,0.6335432626460549,0.6257295088865942,0.871033442982456,0.7513222778146347,0.9005578724026926,0.5810901430955462,0.5713397716745082,0.4737878678873253,0.7833672940721004,0.8120216211484594,0.0046875,0.0,0.0,0.0,0.0,0.0,0.0,0.0,Robert L. Hess,2876.0
17.154456797565494,169.76938220009956,-56.522012917869645,-11.725695560043388,-12.13052675016608,3.9984848484848485,-9.162690421929552,-28.781264304959954,-10.185791203965117,11.465470474709605,0.23220000000000002,0.49470000000000003,16.8,0.07470000000000002,0.0103,0.11476574767879115,-0.48381229111663887,2.367281430781431,0.7986699426699426,0.842973307147638,0.7961160641160641,0.6428436940377249,0.6969588671961642,0.5641006174908079,0.6539450330981718,0.7523699416831947,0.6474219725183249,0.7910367721000633,0.6798739617688435,0.6531810347897304,0.8476731016731016,0.8634935064935064,0.9175135135135136,0.00075757575757575,0.0,0.0,0.0,0.0,0.0,0.0,0.0,Robert L. Hess,2876.0
19.728247088577348,187.0738611760885,-52.20026045229444,-12.461699619149694,-11.83997507146374,4.0,-8.979402829633244,-24.25164172034372,-9.436158674061902,10.768617462357861,0.2205,0.3908,15.0,0.0523,0.0026,0.10606368939702275,-0.4946151248762615,2.627715187469412,0.8215036702592835,0.923148148148148,0.9688766296363338,0.7624519418423618,0.6926498536834931,0.8167079494120454,0.6070052006824183,0.921523517382413,0.8687452969661559,0.9281354352721907,0.7040767386830133,0.8704715006675204,0.7594544444542748,0.7498740397422102,0.9361963190184049,0.0,0.0,0.0,0.0,0.0,0.0,0.0,0.0,Robert L. Hess,2876.0
19.6816043267644,182.6182694176091,-66.76836841697951,-12.223920802564994,-12.57214498677293,4.0,-7.3799313537474465,-39.963387421388276,-10.366839805840533,11.73785595333467,0.21500000000000002,0.44889999999999997,18.5,0.051500000000000004,0.0015,0.08309907790352856,-0.32536357039085634,1.9671626822257433,0.7612437041032108,0.8240384606793276,0.7703986654659809,0.5879864328864143,0.6794843415258427,0.5383935029834129,0.45488458618203953,0.7819077169376779,0.7575159470629267,0.8715824961460635,0.6661895955471795,0.6009361182051878,0.5961364578422131,0.8304974750170651,0.8572331229142375,0.0,0.0,0.0,0.0,0.0,0.0,0.0,0.0,Robert L. Hess,2876.0
18.926660509745968,180.1159523055908,-60.4666027852405,-12.841155615032273,-12.120032480299008,3.9983437989183206,-8.966640388609601,-32.38806401473558,-9.89996807200203,11.750913986519674,0.2245170556552962,0.4250538599640933,18.08617594254937,0.0662064631956912,0.0078150807899461,0.1669959121101369,-0.2954980604330022,2.362855652903626,0.7464100102480896,0.8804643029161617,0.8414579787217419,0.6922227090486839,0.6978665089971053,0.5995291273742244,0.6071557212439157,0.8623069408149939,0.7639447864864266,0.8326687271718567,0.7146848027340788,0.687951999066126,0.704103450017435,0.7980764038038876,0.8601424853415307,0.044726802412379,0.0174738841405507,,,,,,,Robert L. Hess,2876.0
18.539974215212876,177.62335665607566,-71.81667488691552,-14.126497098094589,-12.81528919444394,4.0,-11.636086334401579,-39.54368109856607,-10.14895649411601,12.453835332706653,0.20790000000000003,0.46299999999999997,18.0,0.0683,0.0046,0.175899439590421,-0.23906551714068294,2.7821301497352477,0.792838512456484,0.9398076923076923,0.7387952723364615,0.6663524541157977,0.6612737805915151,0.6976873149355395,0.5621323465362239,0.7922015093814967,0.8402466738291547,0.8513592247600996,0.6449831001626445,0.789889913715199,0.6594371995591028,0.8330094665230942,0.9232692307692307,0.0008403361344537799,0.0,0.0,0.0,0.0,0.0,0.0,0.0,Robert L. Hess,2876.0
19.19651522845057,162.0573214078946,-61.23671219596724,-14.91898589354383,-11.871292646613309,3.9983050847457626,-5.992757345525211,-35.666586781970764,-10.368745724674817,13.583351111614949,0.22290000000000001,0.43470000000000003,24.2,0.0897,0.021599999999999998,0.17675273641867467,-0.31620003904064,1.8883461291414776,0.5770998068886277,0.8711964842038562,0.8483993068954346,0.5383111457338152,0.6591575736919866,0.46027018708742473,0.31860305588485,0.8229980973015998,0.8120541822905297,0.8423525423728814,0.5800065860012488,0.4935493955606254,0.7460297198022814,0.7654441016130161,0.7730681668132016,0.0,0.0,0.0,0.0,0.0,0.0,0.0,0.0,Robert L. Hess,2876.0
20.044208720210506,192.4723112288092,-57.17485165420258,-14.695097137193706,-11.301894688782085,3.9824582722932256,-6.435479575290133,-30.28401839035365,-10.383069262810348,11.942249127934122,0.2093337645536869,0.49927425614489,19.03104786545925,0.0641591203104786,0.0094463130659767,0.1022930554640799,-0.282752110893381,1.5292141836494473,0.7768476500768761,0.8639571364344973,0.8220413879414558,0.7142825262933364,0.6648604185568049,0.6198833888027602,0.5414491049853122,0.8691190204057344,0.8486160679421055,0.8691412022289905,0.7194708170777444,0.5604335906874786,0.4411685277992391,0.7936776624018763,0.8421539044914736,0.0457497823183575,0.028381285967868,,,,,,,Salem AR Saleh,3186.0
19.824147931706403,202.15223497848888,-52.16040461129364,-14.799545793098076,-11.008672016494414,3.9904109589041097,-7.732152405710856,-25.32133237376056,-9.760249593138504,12.47113661200466,0.2118,0.5461,14.9,0.0698,0.017400000000000002,0.10543260929055656,-0.3131429859131846,1.7368634209515412,0.8067659014183937,0.8244580383237766,0.8982695768934091,0.6952494224104729,0.7130614612037579,0.6778920970385793,0.6358421278874096,0.8606100896078723,0.8131923723450024,0.9358201685406445,0.8090583429659093,0.4896644513423407,0.738038612254605,0.8451625615490913,0.9229478181263351,0.00068965517241379,0.0,0.0,0.0,0.0,0.0,0.0,0.0,Salem AR Saleh,3186.0
21.004437620463914,199.41871605641714,-60.86733430431029,-15.820397620552285,-11.754128734026713,4.0,-8.51389687677801,-28.37938542312714,-10.714249973995887,10.314724324169752,0.19290000000000002,0.5505000000000001,15.6,0.048900000000000006,0.0,0.034511626088073295,-0.5610332606355584,1.643178715358344,0.8273263422401353,0.8383921806294268,0.7611385721033808,0.6203856526604203,0.8059621058454731,0.7426196086085757,0.45169310697953635,0.8430817300797017,0.8449354057478763,0.7651458651347417,0.7200880644266123,0.6631660984075431,0.6259576591404372,0.8543502688431694,0.9641784989858012,0.0,0.0,0.0,0.0,0.0,0.0,0.0,0.0,Salem AR Saleh,3186.0
16.74613200228007,151.2432458072125,-64.04906845166516,-14.099860017495512,-12.380801406406912,3.9924528301886797,-8.907707664070442,-33.737037457765396,-11.016964694498395,12.100849958382806,0.2021,0.44699999999999995,22.2,0.0728,0.0056,0.17066953458305667,-0.26974283961085554,1.4779118307119228,0.568289567646857,0.9056232132647228,0.8238893777455323,0.7252055668194167,0.5995633657573103,0.5739973164188567,0.2868226025716072,0.8313067778097493,0.6889315653337073,0.8001953543880692,0.6085633872213954,0.5217389914648703,0.4135796020930799,0.8313983270886851,0.8698673435511536,0.0,0.0,0.0,0.0,0.0,0.0,0.0,0.0,Salem AR Saleh,3186.0
23.643080622105742,219.74139236658303,-50.92017826609778,-14.825832885207191,-10.757751681074325,4.0,-6.83002171483889,-24.54995104561379,-10.358815560081553,12.402194620717966,0.21790000000000004,0.5296000000000001,17.3,0.0737,0.0102,0.09566411194125628,-0.35041873180361044,1.747187392912125,0.8899215348790118,0.8872820570047676,0.8753340869635432,0.6473085598817282,0.7040475923161821,0.7058878010343794,0.6362478689227072,0.8866455889286409,0.8362998690989558,0.9241118229470006,0.7259942247317596,0.7130371525610351,0.5009914370689936,0.872314990512334,0.9137114845938374,0.0,0.0,0.0,0.0,0.0,0.0,0.0,0.0,Salem AR Saleh,3186.0
19.314371967686597,193.00427674578603,-58.88960589156202,-15.057479147959024,-11.463614054236984,4.0,-9.417817102917722,-29.1907162206988,-10.729227924423359,12.969248558673868,0.2222,0.5748,19.3,0.0676,0.008,0.14465688229039622,-0.18965603625820343,1.9339882823145202,0.8045677347271962,0.9442873073803731,0.903106882792582,0.7784642977580036,0.7810182799748235,0.6282776600122388,0.5509656049308003,0.7811782635142283,0.8572410874854544,0.8986626616772003,0.6662568360464145,0.572993676239419,0.5685069674850697,0.8283095554080955,0.8087987575240551,0.0,0.0,0.0,0.0,0.0,0.0,0.0,0.0,Salem AR Saleh,3186.0
19.29317673654286,187.41940841082416,-58.117103971104235,-13.459101834282098,-10.944240753909293,4.0,-7.437042621149284,-33.863137184480685,-10.331517693481988,13.917936116199124,0.22859999999999997,0.4862,17.0,0.1069,0.0246,-0.03165049099174737,-0.2963211082003651,1.525888345882953,0.777848335366291,0.8845980047262995,0.8164901969321047,0.7020004675089073,0.5986452062561942,0.5900677658671023,0.678316237388816,0.7060261673827548,0.8672800639658849,0.860070314014344,0.6360323654592469,0.6945466012710694,0.5436255377263899,0.880742857142857,0.9149292207792208,0.0,0.0,0.0,0.0,0.0,0.0,0.0,0.0,Salem AR Saleh,3186.0
22.338569483505104,207.5040203094242,-59.86739865400169,-16.16729814983629,-11.607750950192251,4.0,-11.324870649899312,-27.587670998653003,-10.197491234871075,13.017683329450241,0.20669999999999997,0.5825,18.1,0.057600000000000005,0.0134,0.21211669903353472,-0.43031432967494343,1.5411027558196624,0.8620355465183052,0.9132531719488242,0.9174731669296886,0.8338314394348878,0.7086666234276253,0.4680201235960121,0.5734108583246514,0.8039335167532098,0.728021200495625,0.8897580881276532,0.6883114398669121,0.7649241722517585,0.6998823666927115,0.8280648554735777,0.8333880325072229,0.0,0.0,0.0,0.0,0.0,0.0,0.0,0.0,Salem AR Saleh,3186.0
20.21465498521453,179.71818060611076,-58.55338832216332,-14.272819085283496,-12.146450362581298,4.0,-6.616081461752809,-31.75984375464457,-10.035330829723577,12.277137171822432,0.2125,0.43129999999999996,13.0,0.04290000000000001,0.0054,0.06073659655176673,-0.29051631452309257,0.9712217050706288,0.6573832616853827,0.8882692307692308,0.8787515997811323,0.788755592233853,0.67808533845974,0.8132930070781734,0.44590647422538837,0.8569223943758105,0.8429880471495379,0.8518430630530712,0.6333964090013541,0.5854435471448532,0.38171266448662994,0.7428244414214454,0.8593900406012207,0.0,0.0,0.0,0.0,0.0,0.0,0.0,0.0,Salem AR Saleh,3186.0
18.28276522515021,184.88510385361695,-69.8078529624911,-13.761552718890428,-12.788259501672457,4.0,-6.839913048920117,-42.322713008434405,-10.805917034612015,12.710502350038327,0.1683,0.5253,22.7,0.0851,0.014500000000000002,0.18313075225747388,-0.03847812032121953,1.3713896595262134,0.7749174766844769,0.8549990128616555,0.8670249265704664,0.6742802266955505,0.47962160972467266,0.5918276401577498,0.43159474267713616,0.7236107648029784,0.7288339923395994,0.7333197337969188,0.6933452719010449,0.6010120252790234,0.6873534894114263,0.8979706650592727,0.8648530457838681,0.01576299309532729,0.00127388535031847,0.0,0.0,0.0,0.0,0.0,0.0,Salem AR Saleh,3186.0
20.542849675805016,200.89003879908736,-54.43864704601184,-16.232441912862427,-10.760942954671766,3.992682926829268,-7.076673365041264,-25.937141334553793,-10.341852410291128,11.917722004579268,0.23650000000000002,0.508,16.2,0.0503,0.0036999999999999997,0.12032708700305857,-0.27951306659964875,1.4092833862126666,0.8502755092647387,0.9189578713968958,0.7448201111533265,0.7615593702897187,0.5989963274667496,0.5999056063947391,0.49164993887659525,0.9007396722196134,0.8613474566512739,0.807616670941055,0.735261528078074,0.6055932926746884,0.46154442275183827,0.694105684947522,0.7216970474229164,0.00098039215686274,0.0,0.0,0.0,0.0,0.0,0.0,0.0,Salem AR Saleh,3186.0
21.22561378392681,212.3915334193743,-55.7241989118556,-14.234784524209584,-11.276059234727002,4.0,-7.902616402548716,-28.79560933405282,-9.844430252286088,12.32930083596862,0.19380000000000003,0.5616,18.5,0.0879,0.0178,0.13152265066674845,-0.39750502192077475,1.744226084953556,0.8910427961887653,0.9176941702365433,0.8320230589083047,0.7580490313410607,0.5196048360022669,0.6432644635632643,0.5682133387829075,0.8704265631200044,0.8705704270722332,0.9206446268253895,0.7536468211228713,0.6968422463088856,0.31679549290664044,0.8200256114123171,0.8133372365339578,0.00655737704918032,0.0,0.0,0.0,0.0,0.0,0.0,0.0,Salem AR Saleh,3186.0
19.371688765755408,182.63678312496313,-58.05019921272818,-15.393782403710265,-10.521011637163932,3.9943661971830986,-5.426240374620226,-32.236745086186,-10.675523062618133,12.208737154387276,0.20739999999999997,0.5284,18.5,0.08249999999999999,0.0184,0.08603419692830547,-0.1659578000151686,1.7062664741838565,0.7682237140576342,0.8408860986358582,0.823272844798258,0.6907792552415944,0.5630540425283084,0.6506053177013577,0.6553339365230568,0.8299775928297055,0.8324982394366197,0.8503398268398268,0.8582511025382275,0.5711567373793338,0.6055200883360967,0.8527644417228005,0.826744717315752,0.00470422535211267,0.0,0.0,0.0,0.0,0.0,0.0,0.0,Salem AR Saleh,3186.0
16.10046682415153,158.32257852647894,-51.515034199670346,-14.838857850656614,-9.434038586969244,3.6,-3.8253385619427176,-29.01264728988368,-9.450780760920043,11.446628850701966,0.19299999999999998,0.503,20.0,0.0464,0.016800000000000002,0.12331234855311671,-0.15803555391016785,1.6936619162513398,0.755700655933214,0.9166459627329193,0.7825300056940203,0.625732296852248,0.6032118485527032,0.5245088600399653,0.5628479947156441,0.9374956622325044,0.8085538747701484,0.9056587119973848,0.7884709963314082,0.4633537655508281,0.346554385908598,0.7528351715278967,0.8210641989589359,0.0,0.0,0.0,0.0,0.0,0.0,0.0,0.0,Salem AR Saleh,3186.0
20.385874876974565,191.4644651689391,-75.06988892296702,-14.99808077832752,-13.155037859758053,4.0,-12.624646861476839,-42.658709919026144,-10.484726728242043,14.851313223863565,0.2072,0.48599999999999993,18.8,0.0886,0.020800000000000003,-0.07955995457413494,-0.4445601203740739,1.6428209399869922,0.8124021574631332,0.7383008658008658,0.8339686059198254,0.6373563800889382,0.6765228635350586,0.4534471334230267,0.42756246355083566,0.8840909090909091,0.8101761386822363,0.7170444252917311,0.7236972263716449,0.5157217734231347,0.40060799487416043,0.8617918976058512,0.8212764270613107,0.0,0.0,0.0,0.0,0.0,0.0,0.0,0.0,Salem AR Saleh,3186.0
19.223280225506752,172.74123571955448,-46.169217723961644,-16.078174538897894,-10.595802460618259,4.0,-1.7053471440392962,-23.377366402610363,-10.755907108462008,12.343379930666178,0.23570000000000002,0.4683,22.0,0.0735,0.0099,0.17943458240314794,-0.20246733518353438,1.1441859028727341,0.6484502624877096,0.8417129724857606,0.7948385264961819,0.7327405181272229,0.5684999944011071,0.7367878732591375,0.3786615879637386,0.8809195402298851,0.8996615714492711,0.9074400234000002,0.7179491815278773,0.3538526580962108,0.38301579168492733,0.7570976891012691,0.7549573897692766,0.00655737704918032,0.0,0.0,0.0,0.0,0.0,0.0,0.0,Salem AR Saleh,3186.0
18.30543252190311,195.01202738490971,-61.170408730853204,-12.060733797204387,-11.391214090835039,4.0,-6.825829289946936,-35.096241027123384,-9.641278756219933,9.844888230476467,0.2064,0.49250000000000005,15.0,0.054200000000000005,0.0162,-0.04194322053145583,-0.45012157000392294,1.5158668813962932,0.8742446346756692,0.843870244022374,0.949225955204216,0.6915653845946864,0.6933697286486333,0.6560452086298014,0.6333221263446254,0.9022504456327984,0.9110864893902766,0.9840579710144928,0.7705385688944971,0.6750492899375076,0.5925118992601883,0.7956132106475684,0.9382553041660987,0.00098039215686274,0.00098039215686274,0.0,0.0,0.0,0.0,0.0,0.0,Salem AR Saleh,3186.0
20.29490147641435,206.12597440291034,-68.86316964214419,-13.25379035421133,-12.597109719210343,3.9792172739541156,-9.622996662596593,-38.16456833794413,-10.419893786815935,11.215971944680035,0.2277,0.532,18.4,0.08079999999999998,0.010499999999999999,0.07993896077765858,-0.1075886925538628,1.4810242066577959,0.8834781254620852,0.682871726147758,0.8591817987573543,0.8737503294778837,0.7727637160544211,0.45097062334577076,0.7386473690481415,0.82979066949783,0.7378183737911667,0.7560363201872107,0.8180025383272789,0.5024212724740517,0.4755542368715197,0.7898662972497721,0.8538371923693024,0.00098039215686274,0.00098039215686274,0.0,0.0,0.0,0.0,0.0,0.0,Salem AR Saleh,3186.0
20.688366162020138,207.60017110121197,-71.32793895206689,-14.724376267099325,-14.303247295585496,4.0,-7.647072073039071,-39.74349868251319,-10.242447157449627,11.332702523619805,0.20900000000000002,0.6037000000000001,16.7,0.07719999999999999,0.0057,0.051930357880237234,-0.20107149038652233,1.2899354906995093,0.8668794063079778,0.8273011363636364,0.8804586404586405,0.7825600932440231,0.568724619336127,0.728715932289439,0.5710049637515903,0.8569599850809888,0.9191445532070533,0.7545063389561542,0.8003763678413158,0.4549292059433795,0.4765841923680231,0.7801795733606298,0.8780522278841607,0.00434782608695652,0.0,0.0,0.0,0.0,0.0,0.0,0.0,Salem AR Saleh,3186.0
20.631977629855108,207.98997981920925,-63.34571211284077,-13.547644097577836,-12.241994165161007,3.997826086956522,-7.511097729023987,-33.452115729928174,-10.410839584018708,9.820153105912436,0.2264,0.4984,15.5,0.06620000000000001,0.011,0.08901617730346326,-0.21508623805673066,1.5882694250327194,0.8613221751242583,0.8650960791925467,0.8697978512056996,0.6360112004938234,0.7688889484555118,0.6501518206159294,0.6949507030586737,0.9496693121693122,0.9302005012531328,0.8633981888850549,0.7721640675244164,0.5791113874477706,0.29978126678413697,0.8648257652232433,0.8914217361585782,0.0,0.0,0.0,0.0,0.0,0.0,0.0,0.0,Salem AR Saleh,3186.0
18.904563615868167,180.43309163233792,-62.32707897431121,-15.708325513159611,-12.077895083803755,4.0,-2.9061491660921623,-38.3270665622108,-10.230735525779657,12.923092876734794,0.21870000000000003,0.4934,23.4,0.0718,0.0063,0.1283792568397423,-0.31758814647994116,1.3576402747347092,0.7426302917153903,0.7788117296114262,0.7740345600014915,0.5768918659494888,0.6232048088057163,0.45346587669471417,0.41583580759242267,0.8217021884325945,0.8472226652145821,0.8702063921349131,0.736120396026846,0.5267360198857476,0.317676978303053,0.7076803279381301,0.832689953082012,0.0,0.0,0.0,0.0,0.0,0.0,0.0,0.0,Salem AR Saleh,3186.0
19.95628545511671,186.70123094654315,-58.28998165034819,-14.694629574202615,-11.240913095312846,3.988256114068776,-5.706278435956037,-32.84480163802676,-10.290461005177916,12.498845984259203,0.2267121535181236,0.4162238805970149,18.673773987206825,0.0651769722814498,0.0074712153518123,0.1058390339078898,-0.2778944986025401,1.5238654697701943,0.7315197306791358,0.881390893746021,0.8173324027515828,0.6822194304345236,0.6059403197530171,0.5548598015739642,0.5572309161316756,0.8938544315746212,0.8774209917838235,0.8514155361432905,0.6961807281007969,0.4436456761176524,0.5451883554320687,0.8050864871960026,0.8604192426812834,0.0445870215515239,0.0275101539158252,,,,,,,Shakhriyar Mamedyarov,3094.0
20.73578664004865,191.38899740525602,-62.764070520514835,-11.889976660342793,-12.341001867835214,4.0,-9.093942248318678,-36.97494432849125,-9.52091447263644,13.056709057109515,0.22999999999999998,0.5814,13.4,0.052000000000000005,0.0154,0.1157934365829103,-0.3428245641975619,1.7685613560098683,0.7806676835852888,1.0,0.9250479650921533,0.7451829852369193,0.6979282283548882,0.5353803703806259,0.7620976695076316,0.8967555484098371,0.9237604806672095,0.8800312900014223,0.8966075238230692,0.4425907436383484,0.5550855851959423,0.7811675622862726,0.9244382022471911,0.0,0.0,0.0,0.0,0.0,0.0,0.0,0.0,Shakhriyar Mamedyarov,3094.0
19.50990981769217,182.91388865921323,-61.70751499284246,-15.561245440100095,-10.872042534200764,4.0,-5.571295229190302,-36.809243628038494,-10.122071519853659,13.22838335854085,0.2225,0.3532,20.3,0.0945,0.0054,0.06120326414657451,-0.33267746518284563,1.4718467562191382,0.6952149941715288,0.8725727567738126,0.82822758470818,0.7746743822543884,0.5421273398971842,0.4765328421254499,0.5953835369482958,0.7943985749077459,0.8246229049729678,0.8695500996474548,0.6278621989792261,0.46178238628243307,0.5333671539632883,0.8115895253228835,0.8019592294140226,0.0,0.0,0.0,0.0,0.0,0.0,0.0,0.0,Shakhriyar Mamedyarov,3094.0
20.572329297411056,209.79368866765608,-50.474277764643105,-13.322912751522603,-10.984220117398005,4.0,-2.762773606779877,-28.947320464783964,-9.544307399637734,11.087256575479083,0.23539999999999997,0.43599999999999994,15.7,0.0392,0.0016,0.05258440423806317,-0.2856440345947812,1.506711240111537,0.8894993443482822,0.9798920377867747,0.9159105691056911,0.7027086589516562,0.6340887408646204,0.6626846342576482,0.6291916633543908,0.8791126361870907,0.8753530166880615,0.8914870800695118,0.6859494090763057,0.5037633650809473,0.6938004196170995,0.8728098811757349,0.9019555972482802,0.0,0.0,0.0,0.0,0.0,0.0,0.0,0.0,Shakhriyar Mamedyarov,3094.0
22.537754966724854,195.53125701133936,-52.594184307416775,-13.934202711918601,-11.346669126326391,3.9976190476190476,-3.8480794355590375,-29.86560432307914,-10.352222512588913,12.754974754436253,0.2343,0.4608,17.3,0.047900000000000005,0.011100000000000002,0.15073812380985857,-0.16274184682617912,1.1321231657386224,0.7534669407540553,0.8995531631857594,0.835504605835931,0.6239326800105508,0.7419029727396295,0.693692351824882,0.7440072279072348,0.9268588938786678,0.842506086868832,0.8890357457331236,0.7006169328960493,0.5124055001503679,0.5952206756151348,0.8587407648848326,0.9227318007361912,0.00484902573255986,0.0,0.0,0.0,0.0,0.0,0.0,0.0,Shakhriyar Mamedyarov,3094.0
20.037791851962794,186.41812857053014,-51.34615567804633,-14.012636212646466,-10.017585578831754,3.9980769230769226,-4.910237243899569,-27.7890558281273,-9.652512179962958,11.037794442344792,0.23539999999999997,0.4314,17.5,0.0418,0.0032,0.19745879044997175,-0.276887220654653,2.0379154913122304,0.7675155355687554,0.9175155925155926,0.8111769919106875,0.7764240149263734,0.8330517846822195,0.5802753160141387,0.6051853841994326,0.8546367791588381,0.9392769607843137,0.8194300375550375,0.7022718757270645,0.5632815483733243,0.7582237391386947,0.7061467626690145,0.8957275430680888,0.00961538461538461,0.0,0.0,0.0,0.0,0.0,0.0,0.0,Shakhriyar Mamedyarov,3094.0
21.028747517750155,193.79411544981295,-60.4865396973719,-15.075652273091801,-10.5838997402282,4.0,-4.890859264694147,-36.959674480484004,-10.27349255214236,13.297038613268597,0.2204,0.3652,17.7,0.043100000000000006,0.0014,0.06552349249064902,-0.5195515056473982,1.458974597504307,0.7510571707720775,0.9087740628166159,0.6891496447852516,0.7720707330528537,0.7723355269897042,0.47078476750032383,0.49557397984873786,0.9396201466522418,0.9971428571428571,0.8226170285179666,0.550746932612728,0.41992564012989125,0.46228468063121414,0.8755783613016372,0.8782038906069785,0.0,0.0,0.0,0.0,0.0,0.0,0.0,0.0,Shakhriyar Mamedyarov,3094.0
20.83137836568411,194.25866104293718,-64.24387811379344,-15.9746559668048,-12.522735860548714,3.996551724137931,-4.505322797880369,-37.03390925592744,-10.43239669986453,12.228590743094474,0.21459999999999999,0.44430000000000003,17.7,0.0851,0.0015,0.18841280042955122,-0.1874222819014275,1.5825006404452255,0.7896260751186083,0.9306152802893308,0.7823708395708606,0.635856291287282,0.5484705574892141,0.5536916226633661,0.5015880890420805,0.8632384873761278,0.9018987341772153,0.8180609505974676,0.5932269318243477,0.599367321373558,0.49103605004694034,0.72198945109542,0.7732676421430928,0.00398351648351647,0.0,0.0,0.0,0.0,0.0,0.0,0.0,Shakhriyar Mamedyarov,3094.0
20.111044027317757,173.61054220878162,-48.674274501091006,-16.00575707714024,-10.704456422907523,4.0,-3.681683498840689,-25.762869472685686,-10.752009160810335,14.232501131293466,0.2008,0.4383,18.2,0.044700000000000004,0.0039,-0.017811910906502786,-0.1726304307909456,1.1752896171309415,0.685051456202437,0.9326241134751772,0.6905367390056758,0.5001586382621073,0.735422088891247,0.647529230841247,0.6661015949600009,0.8349312448750593,0.862773819194166,0.7667652821316614,0.6381025223300554,0.31435703061704756,0.6073974712665798,0.6068779668492466,0.8130657403193385,0.0030621610346266,0.0,0.0,0.0,0.0,0.0,0.0,0.0,Shakhriyar Mamedyarov,3094.0
19.29290089800112,183.8737482228533,-52.185928481736696,-13.199332023221803,-10.094426033605604,3.9977272727272726,-6.852796368470341,-27.669834638622774,-10.817154106436467,12.449887415893015,0.24229999999999996,0.4013,20.2,0.060899999999999996,0.0095,0.0633176968142822,-0.17856168639041678,1.7193982447302223,0.7547856985632466,0.9122841000807103,0.8481127558635475,0.7679725629848665,0.6001604570689539,0.544993816616984,0.5130438957947913,0.9525423728813559,0.9201488391966957,0.9097999694609864,0.8190232969046528,0.3719171258217022,0.632482276593026,0.7157725197307794,0.7138049939430867,0.0008064516129032201,0.0,0.0,0.0,0.0,0.0,0.0,0.0,Shakhriyar Mamedyarov,3094.0
20.71164917256394,186.08551113285438,-60.07279012657061,-13.454443500426951,-11.617265160892323,4.0,-6.094854600175056,-34.21690493348509,-10.7098433413237,12.020521409732515,0.1989,0.42169999999999996,21.2,0.06830000000000001,0.0052,0.1073611536612142,-0.13405119094408594,1.2286675454088136,0.7341468333486061,0.8420287877546668,0.8258437856078202,0.6845105153224311,0.6971928289004758,0.5553165489841722,0.5573940988332042,0.9117244768042727,0.7430506330699195,0.7273048175695264,0.6357103328697522,0.4268712798212152,0.616169404585814,0.8196055661699617,0.854139072847682,0.01141569862121376,0.00163934426229508,0.0,0.0,0.0,0.0,0.0,0.0,Shakhriyar Mamedyarov,3094.0
19.94400504900505,183.1929159179159,-62.34740843351359,-14.743014343014343,-11.723377459482618,4.0,-8.570384120384121,-35.93261178261179,-10.13625226125226,14.758231533231532,0.23770000000000002,0.43950000000000006,15.5,0.0471,0.0159,0.063991918991919,-0.24404077404077404,1.2567938467938466,0.7154451571618271,0.9395088284069846,0.7413144045052762,0.7681098580339953,0.701630598975802,0.679506137881502,0.5746647296561662,0.8153169168667066,0.9112744087831558,0.898956309433736,0.7470106789858313,0.4264494757068058,0.4946342656907343,0.7419239273831171,0.7378503346536908,0.00091743119266055,0.0,0.0,0.0,0.0,0.0,0.0,0.0,Shakhriyar Mamedyarov,3094.0
20.472562947529898,191.55577637844578,-52.614897429959186,-12.635085754093293,-10.650234984513117,4.0,-6.710402393338237,-28.87287242534411,-9.747104900829159,12.00080302815874,0.22139999999999999,0.4171,17.0,0.058699999999999995,0.015099999999999999,0.08419535468079732,-0.34493309295600794,1.241919347029373,0.8244398084241553,0.8609437751004017,0.817211188096844,0.7482665511973527,0.6334810296536973,0.6612398129440875,0.5678884003033102,0.9344497464169702,0.8626346468221037,0.942078853046595,0.6539879807245312,0.7158118495487326,0.5576379865442902,0.8687893286159095,0.9398995983935743,0.00123456790123456,0.0,0.0,0.0,0.0,0.0,0.0,0.0,Shakhriyar Mamedyarov,3094.0
19.373186264073436,185.83538806700028,-72.63842373109587,-15.170788553871622,-12.08173483497109,3.9977272727272726,-5.91624100608947,-44.332259300143306,-10.666072622789802,11.53094531404216,0.2211,0.3363,22.8,0.08639999999999999,0.018,0.21067722290108293,-0.2665858295628236,1.8884414069651705,0.7405439040479049,0.9362315777845133,0.8188962167368047,0.7357222140402006,0.5807302647742902,0.43354706353109274,0.4248808061610421,0.8923690803667317,0.8683857613764052,0.8172650832149386,0.8483037010134407,0.3942259595072669,0.7898275181905847,0.8014860325136273,0.8966042154566745,0.0,0.0,0.0,0.0,0.0,0.0,0.0,0.0,Shakhriyar Mamedyarov,3094.0
18.942541612541714,167.0135604151106,-51.29871515415499,-14.652861827118974,-10.441798713154691,4.0,-6.843427349830691,-27.032181473502597,-10.70344628754049,14.375000496992447,0.21969999999999995,0.4713,23.7,0.0702,0.0149,0.1550498086080331,-0.21677042739234748,1.528798026097259,0.6340625681991024,0.8726139093935446,0.8549146001539853,0.7176499157434335,0.5806126501049107,0.42636569873822516,0.48930316474534735,0.799699573990344,0.7832185820572997,0.8566641791044777,0.736063975479327,0.5453588017075238,0.5396416239803453,0.6855530693133667,0.8554436138448679,0.0015495559926098,0.0,0.0,0.0,0.0,0.0,0.0,0.0,Shakhriyar Mamedyarov,3094.0
20.102178664988262,184.49743792069643,-54.569295989782425,-15.449244511938009,-10.650632352078537,4.0,-2.492066563467492,-31.514360574925586,-10.360280392981633,11.897288405608839,0.24160000000000004,0.4447,18.4,0.0658,0.0070999999999999995,0.209952882514802,-0.3348670936906231,1.3239014983984023,0.6820735866932147,0.9347581778045354,0.8004075006664138,0.7794729690566029,0.5615142562130507,0.5939792643200479,0.4907871795765407,0.9698228029353857,0.9204545454545455,0.8948575155528797,0.6663025533804499,0.42157874407565493,0.614092301412402,0.6895611970499715,0.7365241534610065,0.01059602649006622,0.0,0.0,0.0,0.0,0.0,0.0,0.0,Shakhriyar Mamedyarov,3094.0
19.515298035696762,182.37941869178152,-51.469957850730694,-12.980169268708172,-11.596672402209332,3.9985915492957744,-4.61494575752768,-28.109702148477265,-10.160061268800405,11.993001445696397,0.2189,0.5159,16.2,0.06520000000000001,0.0097,0.00998687268323641,-0.28255980695415595,1.5384310311605838,0.6989169614794,0.9328702936573692,0.8060746863833028,0.7661771137164107,0.6580620471762407,0.4717133027533074,0.6004883976993469,0.8994343925666586,0.9048429678841,0.8634387429747827,0.7616140807282343,0.20062601442862604,0.6817033749454047,0.8322034535372843,0.9672421626533394,0.0,0.0,0.0,0.0,0.0,0.0,0.0,0.0,Shakhriyar Mamedyarov,3094.0
22.23000235736294,215.18990214736505,-68.049754844999,-14.016821708219723,-13.212579790783744,4.0,-7.220467795550745,-39.06212439900197,-9.50460448274009,10.96684333129728,0.22290000000000001,0.3925,15.0,0.07239999999999999,0.0017000000000000001,-0.05145200048451826,-0.2907730752969823,1.836040518111388,0.8918394777265745,0.9411958914159941,0.8229359745066933,0.8470046756282876,0.7038048050595249,0.6005888454348086,0.5214904518035586,0.8755101084790209,0.9336253650396328,0.9230674459896224,0.7125123731880418,0.6154062312488431,0.361976478430911,0.8268089837415925,0.897844827586207,0.0,0.0,0.0,0.0,0.0,0.0,0.0,0.0,Shakhriyar Mamedyarov,3094.0
21.051391256607772,195.3424974730421,-62.12907627636243,-15.706623664217824,-12.54790350831055,4.0,-6.31652556308841,-34.20259262520325,-10.56273406948213,13.207303153939733,0.22160000000000002,0.3915,20.7,0.09230000000000001,0.0033,0.15605212826121045,-0.28497150066884414,1.6557863086455868,0.7734212029181222,0.8184938060766159,0.8875889910419612,0.6023021047486996,0.699748857281518,0.5234099463046791,0.49567164054388463,0.8896637709137709,0.8283775503444621,0.7627356711915535,0.6934251127215545,0.30118418887297504,0.6032140360224623,0.9730082417582417,0.8966329380190766,0.0,0.0,0.0,0.0,0.0,0.0,0.0,0.0,Shakhriyar Mamedyarov,3094.0
20.73931826580185,184.04663571220954,-65.87384631697911,-15.691125278502813,-11.095415806647647,3.9958904109589044,-6.416372749639029,-39.14756745588929,-10.387037692359652,12.867782255100412,0.22230000000000003,0.4077,18.2,0.06380000000000001,0.0115,0.1462090657587384,-0.3107610938693191,1.7485867396724042,0.6894108207420969,0.6856452938385287,0.7368874892133913,0.6827353642270244,0.509810995637654,0.558392086983756,0.48553639292103473,0.9309231945111998,0.905108359133127,0.7572063507407016,0.6572286611825219,0.28859094655380274,0.6277443444146986,0.6863651919014211,0.920133196231288,0.0,0.0,0.0,0.0,0.0,0.0,0.0,0.0,Shakhriyar Mamedyarov,3094.0
19.83221216016681,185.96365002357732,-47.63955425540309,-15.362337719013462,-9.810799566441045,3.986666666666667,-3.4206635368255696,-23.930941565566734,-10.301394077311494,11.199915543088547,0.2371,0.4277,17.9,0.0648,0.0076,0.29917375301625776,-0.07621636896146697,1.4526346234817757,0.7424218001148162,0.8731625258799172,0.8927077668853467,0.7945581131003125,0.7322048424334707,0.4928818627007173,0.48924888341550943,0.9296565142557809,0.7681236096091425,0.8248852691649967,0.5894646376549685,0.47124309656533925,0.4351611256132534,0.8167306707629288,0.9511111111111111,0.0173164708523535,0.0,0.0,0.0,0.0,0.0,0.0,0.0,Shakhriyar Mamedyarov,3094.0
21.566943144319104,204.24838883808064,-68.7461061328447,-12.269268774128111,-13.943149584773067,4.0,-10.61629163036452,-39.38513057188888,-10.056093392161166,13.523827820471041,0.2133,0.4467,17.5,0.0439,0.0087,-0.008001949238522117,-0.2516608256608256,1.7279617591228846,0.8266099629040806,0.7739132640130083,0.8866410256410256,0.6725467606443216,0.9233809523809524,0.610995848375176,0.64344172122433,0.8009495798319328,0.8707128242601389,0.8543476534064769,0.6300628469438275,0.6328926658354017,0.7285394787303588,0.8046321156321156,0.859849816849817,0.0,0.0,0.0,0.0,0.0,0.0,0.0,0.0,Simon Williams,2793.0
19.904194779519166,201.28744284074602,-53.98171043747154,-11.443385105268309,-11.275857073859962,4.0,-8.705004284969508,-26.37394886395243,-9.649798908903552,9.46628379948222,0.1864,0.5774,13.7,0.04889999999999999,0.0073999999999999995,-0.011755379986144768,-0.23012833475927508,1.8380831042143213,0.8955101586837978,0.8682016839602653,0.8562602778401859,0.826607760338044,0.6669514868964292,0.836792598532775,0.7036110508545105,0.9482758620689655,0.8439408997548533,0.9264388865367252,0.6756731604174882,0.8017305936697305,0.7707295735529639,0.9423076923076923,0.9077665283751379,0.0,0.0,0.0,0.0,0.0,0.0,0.0,0.0,Simon Williams,2793.0
19.597630679729015,183.9001681939983,-53.574764755880985,-15.232204552836688,-11.571378079474119,4.0,-4.8339397810754265,-25.19191712467612,-10.671094857975893,9.925769640157261,0.2237,0.51,16.9,0.0526,0.0,0.03378310134894859,-0.18752564737639363,1.5169992050676862,0.7744452579346766,0.8814606741573033,0.841542089296154,0.7750111769392554,0.5999189894990543,0.44589195820673455,0.6347700102382008,0.9476661687826737,0.9853865516001438,0.7531842000617227,0.6571398661075005,0.5188508099662703,0.8014621446542902,0.7275187881616831,0.8686532747115889,0.0,0.0,0.0,0.0,0.0,0.0,0.0,0.0,Simon Williams,2793.0
19.37677199279114,168.74535594739115,-63.9634071209177,-14.775780455496436,-12.317985621938558,4.0,-7.253360094061574,-36.97582686768689,-10.32145460199676,13.681000520262518,0.2287,0.47729999999999995,22.2,0.09309999999999999,0.0182,0.19090632585875916,-0.24258853988973583,1.642814341349745,0.6260131662119901,0.889774932758726,0.8290931975957593,0.6150794549953897,0.6479154755413247,0.5358111813368804,0.39386990722499055,0.8564661654135339,0.6613749944551645,0.7260745468652204,0.6094863728056833,0.3926191301708902,0.6466667637012886,0.8360312366281558,0.9254885331145853,0.0026548672566371603,0.0,0.0,0.0,0.0,0.0,0.0,0.0,Simon Williams,2793.0
20.280652898712756,182.89371891780613,-60.1546910769364,-15.194133534798903,-11.475934644337467,4.0,-6.2289230491783405,-34.14470185361411,-10.697910853858296,13.586912858850718,0.2037,0.49989999999999996,16.5,0.0538,0.0,0.13177003567964207,-0.31709422934680365,1.0981951419522928,0.692391788375784,0.9945454545454545,0.8073890063018536,0.580510062317498,0.6968441175809652,0.6733195414458678,0.606799134513834,0.7952720117158659,0.7975952064845918,0.7707308313288742,0.7093644926814342,0.39689248221587214,0.6220775884212519,0.784127139926429,0.8020660418917529,0.0,0.0,0.0,0.0,0.0,0.0,0.0,0.0,Simon Williams,2793.0
19.866401799761377,186.9277658748512,-59.847180449746375,-14.160398394630937,-11.97589819538861,3.982013776312193,-7.465577690145506,-32.03960758450185,-10.370824534632286,12.183112173240616,0.2117955056179775,0.4980134831460673,17.96928838951311,0.0633041198501872,0.0083880149812734,0.0677841579203201,-0.3115181328492212,1.4554682673031103,0.7539220350377857,0.8419840837901618,0.8386770510922328,0.6483990710069462,0.6563057126393934,0.5727658088243429,0.6102299859347818,0.8604752434318181,0.8458447787099682,0.7455498694016297,0.6383489246714887,0.6319880380986911,0.6498173117116011,0.7965170048037342,0.8613274347135271,0.0613702521045563,0.0390347797453393,,,,,,,Simon Williams,2793.0
19.498022706803834,189.30863691350166,-53.274913878387665,-14.222727166442004,-12.02037163580437,3.9971428571428573,-6.64709743138353,-25.807098123761836,-10.345255914584378,11.770493536445588,0.20070000000000002,0.5477000000000001,17.4,0.0829,0.0223,0.08446374360021877,-0.2264536757673749,1.9774863107334386,0.7532010608279119,0.7901438722472693,0.8516488350007758,0.7291711905643226,0.6813196052070809,0.6484299019794069,0.4738709373284009,1.0,0.8454118904543082,0.7633339500918858,0.8281035236038669,0.7175047434193776,0.6395567096271321,0.8516390450600977,0.8401648599819331,0.0,0.0,0.0,0.0,0.0,0.0,0.0,0.0,Simon Williams,2793.0
18.38213815716918,181.91412603309203,-67.10408320458473,-14.667135237003322,-12.276539197023402,3.991044776119403,-11.13461860126499,-34.585118347402314,-10.796859652248243,12.365143054238121,0.20429999999999998,0.5738000000000001,18.7,0.0739,0.0095,0.2748513991192803,-0.5789881413285778,1.5270486329971589,0.7021954285571499,0.8644479860584087,0.8308294920137745,0.6366341927433126,0.5600889690515416,0.4442068054600594,0.6580028784247707,0.8844930012486749,0.7164151363824526,0.8502530044275775,0.5374359506822989,0.7257098369461903,0.6250837931104398,0.7652930148764072,0.7834581964336418,0.00149253731343283,0.0,0.0,0.0,0.0,0.0,0.0,0.0,Simon Williams,2793.0
20.184082910521276,194.1881575447505,-61.099249069540484,-13.424908034494432,-11.048594345657637,3.9815789473684213,-5.126320068051348,-34.64507426883199,-10.168019795832354,9.33208849595888,0.20950000000000002,0.4306,17.4,0.08249999999999999,0.011300000000000001,-0.0921555098091644,-0.32811775830724943,0.9964120694346154,0.7895480831708902,0.7549800367080608,0.7986067282111639,0.8299825627792075,0.6276169513821546,0.6820984495260193,0.5537386106053591,0.9409153005464482,0.9528301886792452,0.8411111111111111,0.4769907193495372,0.5607124226932239,0.6985452085351939,0.6780383210335511,0.8303530588907947,0.0,0.0,0.0,0.0,0.0,0.0,0.0,0.0,Simon Williams,2793.0
18.980689494199602,168.44859316279337,-52.82610632657624,-15.124155350066939,-10.52540424917255,3.9938775510204083,-7.5634672274276955,-25.224014203518493,-10.534058003143068,12.151115155732105,0.2213,0.5831000000000001,19.3,0.044899999999999995,0.0028,0.14495828995961274,-0.5195040867815968,1.9571797803102726,0.602454117131959,0.8399722747428843,0.72744192023431,0.6323611310662792,0.576801627645579,0.49085080250052826,0.7025589544171666,0.9032023773185139,0.8295394693528211,0.614656379880064,0.8320163402291951,0.6511093113375922,0.7208803303105247,0.8235081585081586,0.9741984271022384,0.01346460556986873,0.0,0.0,0.0,0.0,0.0,0.0,0.0,Simon Williams,2793.0
20.30654523697944,183.07399261495223,-51.20499292937224,-15.914521028079088,-10.003873339392268,3.998412698412699,-2.9804332058348595,-26.956255332851548,-10.921220812235756,11.572898090608591,0.2455,0.5259,19.6,0.08080000000000001,0.0021999999999999997,0.23129535410611002,-0.20622738447626004,1.0391064569763606,0.7118990922121357,0.87911397780963,0.7949149623323536,0.39444559112385197,0.6364782804356864,0.6221182711663183,0.6690310800310801,0.8972988267770876,0.8745355523703349,0.6811922537954963,0.6747610167610167,0.5380874138552841,0.5853536593595547,0.8017557997557997,0.8959736263736264,0.0,0.0,0.0,0.0,0.0,0.0,0.0,0.0,Simon Williams,2793.0
20.23168334416828,190.4702541633296,-49.98316615816753,-14.369731206482868,-10.030578711834371,3.985714285714286,-5.3416405488574386,-26.16541807945877,-10.682248840536477,12.620736943288115,0.246,0.5378999999999999,18.0,0.07500000000000001,0.013999999999999999,0.07264360120922167,-0.43406858326688386,1.176986586910613,0.7702697559721932,0.8699810246679316,0.8258212313504714,0.5831204388636493,0.6926242708477696,0.49992321994014866,0.6219956141157388,0.780900265042893,0.8315924842526469,0.7514609822270251,0.528268065989928,0.6888884810713131,0.5453690013089152,0.8338252771430789,0.9638655462184873,0.00163934426229508,0.0,0.0,0.0,0.0,0.0,0.0,0.0,Simon Williams,2793.0
20.035886388910576,203.29777939794678,-58.21671657264625,-12.162071765249316,-13.629942779570499,4.0,-6.695750502929689,-29.760482464045698,-9.740541227598218,9.772072166747158,0.2334,0.5676,12.5,0.0803,0.0134,-0.10998228231809346,-0.29716196846631626,1.5306139634487006,0.8826471068024515,0.8077809266806248,0.9152168522196273,0.7412008053819674,0.8141351083372912,0.6215620065444865,0.6924502757996399,0.8384935504344859,0.8992513544901286,0.819137088356493,0.8572118887080524,0.6655609840304401,0.6309614756549211,0.8886952063573442,0.918046421663443,0.015454545454545452,0.0,0.0,0.0,0.0,0.0,0.0,0.0,Simon Williams,2793.0
19.553872298462146,175.6358625051152,-56.86815905877252,-11.280529487473117,-11.41289604311808,3.995180722891566,-11.26519453994027,-30.1201780830251,-10.156662272224862,13.372120644117349,0.21549999999999997,0.5257999999999999,15.2,0.06420000000000001,0.015,0.06826813366237303,-0.14807414250100237,2.044239689167025,0.7429111680473526,0.7935485103132163,0.8520997565308942,0.658643257138469,0.7731470474284845,0.704046712611348,0.6427014010492061,0.7612172751517592,0.8342853164103687,0.7827793729298518,0.5428723235751587,0.8378482724273496,0.7498606808216726,0.8718211777082407,0.8585728255224557,0.0,0.0,0.0,0.0,0.0,0.0,0.0,0.0,Simon Williams,2793.0
19.23722898759855,181.4463509212205,-64.671178108909,-14.075491979839805,-12.373506151237047,3.9944444444444445,-9.0904969466926,-34.606458163414686,-10.195390865173474,11.675721553004163,0.2057,0.5506,17.7,0.053500000000000006,0.0027,0.19244407846581763,-0.2815728715728716,2.013015339732731,0.7917923597037587,0.702286197445871,0.8395564304397833,0.5981517484492918,0.694109128766963,0.5061122554105127,0.691707475628258,0.7914362375814673,0.8494242475132747,0.4942740909561902,0.7074883102534312,0.782047942795772,0.639623813658267,0.8404020370561536,0.9757886178861789,0.0,0.0,0.0,0.0,0.0,0.0,0.0,0.0,Simon Williams,2793.0
20.060918166747896,170.80838644322438,-53.32333876643109,-15.722292278389471,-11.315818001155497,4.0,-5.363842804366716,-27.227035370532384,-10.43471423128331,12.740363919296284,0.2105,0.46440000000000003,17.6,0.0522,0.0091,0.08291980786419527,-0.27222612442823735,1.8593771190726471,0.602774324250714,0.8114877960425824,0.9155825496342738,0.6790514146870079,0.7027319361016339,0.6092140533451635,0.6163650942919172,0.8408399510094426,0.8263245611911761,0.6504133792954164,0.6921938411117438,0.6485429359373021,0.6746562619926332,0.8709174748481827,0.9183694695135373,0.00084745762711864,0.0,0.0,0.0,0.0,0.0,0.0,0.0,Simon Williams,2793.0
20.153513457370465,186.42477340445015,-60.508151375506415,-16.298992784042845,-12.325095898510394,3.9933333333333336,-5.781314615671624,-31.830620430249656,-10.964269592726726,12.69880861236149,0.2242,0.5128,21.7,0.05700000000000001,0.0059,0.2557690083738269,-0.4100146666354426,1.4715957299868436,0.6893731511214908,0.6798481595815986,0.8508611720807726,0.4632341298130438,0.7078305793668698,0.5165397422644477,0.6134392044121821,0.7714079939668175,0.7666193832871839,0.753150641025641,0.6531195634729577,0.8115728902659644,0.6901996268656717,0.8675156429391505,0.8470079889016457,0.034991704374057304,0.0,0.0,0.0,0.0,0.0,0.0,0.0,Simon Williams,2793.0
21.773839225589224,199.17365596440598,-56.18602517415817,-12.523429533429534,-12.55180054693354,4.0,-6.466893939393939,-30.11112974987975,-9.255805916305917,10.723034511784512,0.22550000000000003,0.5374000000000001,14.9,0.08149999999999999,0.0131,-0.043228595478595463,-0.27145598845598845,1.5974464886964888,0.8832156669944281,0.9541666666666666,0.8855948869223205,0.7220593821021628,0.8336952638479186,0.6791355634517925,0.6402261096247513,0.9472300884955752,0.9096825396825396,0.9261939528023599,0.7636056509144427,0.5988265783276587,0.7424169124877089,0.7841328173734683,0.8710799737790887,0.0,0.0,0.0,0.0,0.0,0.0,0.0,0.0,Simon Williams,2793.0
18.60159184389892,176.9839354307417,-54.96153326951348,-12.655932822846058,-11.954561894380378,4.0,-8.504431200492776,-28.244231567932086,-10.27736056998752,12.67498478612533,0.21339999999999998,0.546,17.8,0.0664,0.0024000000000000002,0.03011716958238351,-0.2588084593002626,1.2169618488161071,0.701764105248764,0.8952213421253669,0.7399582594481816,0.6310993161873738,0.828343873162666,0.5730397525361212,0.5052366511954443,0.7812124238667151,0.7367580621012283,0.8206924912878322,0.5994502720670675,0.7413479200029649,0.42143457257995437,0.7463831179763228,0.8865075120957474,0.0099100209540244,0.0,0.0,0.0,0.0,0.0,0.0,0.0,Simon Williams,2793.0
18.968703534466705,186.01895116015461,-67.64644796066052,-15.61663537646923,-11.70335927959521,4.0,-8.794408938704066,-36.922984677079164,-11.252399040578368,12.64333935176551,0.1961,0.4617,21.2,0.0973,0.0075,0.0787211431005974,-0.22705953916005034,1.4001176750029691,0.7459872237688765,0.7770286132364621,0.6648509889323483,0.6877844283912395,0.4377511000821084,0.5696827594556733,0.55008968981062,0.832970284237726,0.8609226959517657,0.5339913457359008,0.5006882355547215,0.5534985890156169,0.7141227781692898,0.6565339934423381,0.9091964650949459,0.0008771929824561399,0.0,0.0,0.0,0.0,0.0,0.0,0.0,Simon Williams,2793.0
19.255658424981156,167.8394086743122,-51.49855949035971,-15.733550622118324,-10.592009028390555,3.996666666666667,-6.829004999610328,-25.934012284581193,-10.553675606031245,14.147026383705276,0.2153,0.48679999999999995,17.5,0.05569999999999999,0.006500000000000001,0.07779451180281485,-0.18668160065166478,1.4382276951592847,0.6286110767585209,0.8903179522497705,0.8462918449433522,0.5731871884096992,0.6195000390410328,0.5293526475480809,0.5822534719558358,0.8798869846000994,0.7895647044212618,0.6288077211933688,0.5946713877729922,0.5585126734174356,0.6566723553233448,0.7139533753746686,0.8796758959515557,0.00163934426229508,0.0,0.0,0.0,0.0,0.0,0.0,0.0,Simon Williams,2793.0
19.366691868989317,194.84068444034386,-57.25486725282419,-15.278697159912477,-11.454955181836231,4.0,-2.3390508173076157,-34.26304631866161,-10.254656664321619,12.33553888921536,0.2245,0.5442,19.7,0.0975,0.0121,0.15876377984452344,-0.06446568168543747,1.8516131669385,0.8244778613199666,0.7721939540585424,0.790280206341011,0.39916799049201934,0.6811747763869429,0.5770513294346462,0.5851495817306526,0.7322191843244474,0.8183984094563165,0.8789413730137478,0.7776371670045902,0.46704397390382013,0.49572044885154726,0.8209124650038255,0.8687865891142952,0.00158730158730158,0.0,0.0,0.0,0.0,0.0,0.0,0.0,Tanitoluwa Adewumi,2979.0
20.10290526595898,184.5308407994356,-59.35299158078443,-15.224783754991698,-11.705245642227087,3.993067468345676,-4.669329971348507,-33.5971991101842,-10.314243359482496,12.164742789103874,0.2166015586945932,0.4597710667316123,18.018996590355577,0.0706590355577204,0.0103706770579639,0.0756824453827968,-0.2370461899845704,1.6297321315021958,0.7422058281155631,0.8910274415450308,0.8053573380986745,0.5848326136060116,0.6385011259884202,0.5665879713991239,0.5965155533289641,0.8811795315879805,0.8648478937003674,0.8165244918590304,0.5896270005164604,0.5379434526227684,0.6023684021628563,0.7907344506212806,0.8488417988405669,0.0546664078573968,0.0912444573824053,0.0186335403726708,0.031055900621118,0.062111801242236,,,,Tanitoluwa Adewumi,2979.0
20.897785766305148,196.57906919660127,-69.02561780373405,-14.37788785955281,-14.2044139715836,4.0,-5.681709714251115,-39.73791074630229,-10.013920707243269,10.990225195199026,0.2088,0.34220000000000006,15.6,0.0607,0.0063,0.007539884670629274,-0.05262672439021928,1.2623224713628804,0.7990087624627402,0.8869544491525424,0.753534841472821,0.7188041067708679,0.7008337915831079,0.5494975785718724,0.6554581952386677,0.8470192963781763,0.9497073132454489,0.7281440335796154,0.6195210505828397,0.36186690985009506,0.6580744647097355,0.7088279611361452,0.8826116557734205,0.0,0.0,0.0,0.0,0.0,0.0,0.0,0.0,Tanitoluwa Adewumi,2979.0
18.556875540628738,156.6877141748561,-69.48343557402434,-15.90988261525346,-11.263345326108006,4.0,-8.412449176995212,-41.951377217553684,-11.250330560317773,15.303949322203797,0.1991,0.4787,23.8,0.0636,0.0063,0.12907711356560464,-0.12760980423384513,1.34438846887696,0.5834531715485387,0.8805072463768117,0.6238462994381824,0.5450862546299644,0.49327268773244787,0.3465531106779659,0.5723536841227113,0.7442437401461023,0.7819718612384666,0.6372652821951676,0.473404202019948,0.45554304874886603,0.5695267017225151,0.7731027394679123,0.8236469855385353,0.01176470588235294,0.0,0.0,0.0,0.0,0.0,0.0,0.0,Tanitoluwa Adewumi,2979.0
19.45319293621795,195.24325996051675,-58.699889379902196,-13.742784518833176,-12.52650259997818,4.0,-6.513758313148026,-31.082097285776968,-9.920509531350655,11.085762869184808,0.2258,0.38439999999999996,17.9,0.0561,0.0083,0.13600661375792583,-0.26602364233683984,1.7921429775214661,0.7920203675362092,0.8719927724556694,0.8034093365859919,0.6287588982954282,0.6815602612873073,0.5670963271853081,0.4099608489609611,0.8877262607351991,0.840344515964369,0.7795543112385543,0.6539082820155739,0.5272812387568949,0.5939481487300348,0.8714725092255897,0.8967001726063559,0.00677966101694915,0.0,0.0,0.0,0.0,0.0,0.0,0.0,Tanitoluwa Adewumi,2979.0
18.29110676506025,161.88544576812018,-53.15042030017173,-13.134310545938453,-11.564695141539602,4.0,-5.939507608112259,-28.385149390963342,-9.99654931596792,11.869791702349842,0.20590000000000003,0.47750000000000004,20.3,0.0713,0.0,0.05124028868214914,-0.11828785828785823,1.6114004091911067,0.5982030452106005,0.8269048893016352,0.8231758800907738,0.6156400783035566,0.7744975068983004,0.5909387840423769,0.5019990861140922,0.8811599316918466,0.8635176546440626,0.9043467212803883,0.6243847366312949,0.6128864886353032,0.489909854802668,0.7639349501657031,0.7705229061490042,0.00067567567567567,0.01081081081081081,0.0,0.0,0.0,0.0,0.0,0.0,Tanitoluwa Adewumi,2979.0
20.03790062933801,183.42065371074096,-53.46230581401767,-16.862549510265822,-10.135811444767166,3.996052631578947,-2.1914546864418045,-29.50157848433087,-10.527765398408686,11.760801078617739,0.2132,0.4723,22.7,0.0671,0.011600000000000001,0.17892611875500086,-0.13005837150625194,1.8833458115877266,0.7015323656973946,0.9319590268886044,0.7718957741595426,0.44067385906668,0.6353611589495441,0.44228623484737417,0.7145957700526818,0.9650613357564743,0.9270127199828032,0.7984822298989701,0.6624133249431077,0.40270698784366915,0.5031482757003279,0.8005855115549163,0.8304004408857383,0.004086360266864331,0.0,0.0,0.0,0.0,0.0,0.0,0.0,Tanitoluwa Adewumi,2979.0
21.6987129231988,194.17026651868835,-56.863356193139964,-16.12553162359209,-11.23830022048409,4.0,-4.651321004216045,-30.89708581772037,-10.038959861874568,12.087842334747194,0.21630000000000002,0.32089999999999996,17.8,0.10900000000000001,0.0,0.045907854974895274,-0.31090866069511935,1.5949579333140962,0.7919616446449672,0.964367816091954,0.8035657262002083,0.5854553914743624,0.615203771113973,0.6467212123175734,0.5080834905237731,0.9620689655172414,0.8404269989615785,0.9191170531902619,0.35426404418321916,0.647724331414717,0.6027950036438152,0.9228441846873172,0.907282992402104,0.0,0.0,0.0,0.0,0.0,0.0,0.0,0.0,Tanitoluwa Adewumi,2979.0
22.100272029503323,192.53133079457723,-59.69603941437722,-15.196070436084161,-11.733192760916285,4.0,-7.418131611010814,-30.529276538301936,-10.836870033421167,12.017501965357146,0.22079999999999997,0.45999999999999996,13.6,0.09059999999999999,0.0172,-0.023810692091405898,-0.1628155402898024,1.4417256403323666,0.7198975357114892,0.9503077112379437,0.8044516503532897,0.7882127755810688,0.663936167682011,0.5865244993475927,0.6595017488194559,0.8762758470075542,0.9082621082621083,0.8712595037155445,0.6280041733019611,0.5153788990145434,0.6025919109648654,0.8084660707156013,0.8983958730485437,0.0,0.0,0.0,0.0,0.0,0.0,0.0,0.0,Tanitoluwa Adewumi,2979.0
19.66000778397858,184.03565700932626,-55.0009550576862,-16.026317119641472,-10.62041257386684,3.9972222222222222,-3.089965608424109,-31.602553066352026,-10.032462865582406,12.37353395395844,0.219,0.4042,21.7,0.06860000000000001,0.013500000000000002,0.13333721373623295,-0.3887138879590995,1.6187036847478087,0.728577779553101,0.8812566973609679,0.8554542943938138,0.6051044019470615,0.5569844758177631,0.5751404574178143,0.48262058318571643,0.9471029791226835,0.9129701928405533,0.8189410173046168,0.5688444645874553,0.5223745168030072,0.4854313614011043,0.7609246596322636,0.799732661294694,0.0081653318604437,0.00375586854460093,0.0,0.0,0.0,0.0,0.0,0.0,Tanitoluwa Adewumi,2979.0
18.958666289969475,184.33055835322656,-71.72878579556455,-16.05035945619083,-12.714312750582835,3.973639846743295,-6.656146742814923,-41.88521521446714,-11.296953296682243,12.90056181843013,0.1895,0.47430000000000005,26.5,0.10730000000000002,0.0104,0.042332421949947685,-0.1928802060837347,1.8397343456702153,0.783076047726783,0.816952334884687,0.7975483739666125,0.5220167073996024,0.515429392315434,0.35392087956194607,0.5353433662791576,0.6607121315535119,0.8788045835743203,0.7458015718101695,0.7158454116180522,0.5645262107117528,0.4285081224437352,0.5816279742116917,0.7384086740790077,0.0,0.0,0.0,0.0,0.0,0.0,0.0,0.0,Tanitoluwa Adewumi,2979.0
18.953192618738484,161.6610603898495,-64.6627070571448,-15.418256320764389,-12.607264453582728,3.9966292134831463,-6.0915875390392324,-37.62318214490565,-10.591617537471869,13.67257172513593,0.20270000000000002,0.4532,21.6,0.1119,0.0056,0.2160545056916574,-0.21382157720579031,1.5828293437650374,0.6064473673720687,0.7984034395881258,0.856768393483972,0.5530646037111209,0.5362923555760344,0.4625117053721536,0.3752018665135646,0.98540439881222,0.7759742939281671,0.6446454921472716,0.6348532524881263,0.5612159201754099,0.43341559323652634,0.8378009271279092,0.8947137622394425,0.0,0.0,0.0,0.0,0.0,0.0,0.0,0.0,Tanitoluwa Adewumi,2979.0
19.648127198816564,178.19687538577688,-54.23788046444063,-16.417994009906703,-11.648159789373517,4.0,-3.5073003927052326,-29.25782069740979,-11.187958630789081,13.781353055743699,0.22290000000000001,0.40280000000000005,24.2,0.08149999999999999,0.0049,0.25414490418887814,-0.19093124277994278,1.4343468296342299,0.67203306144942,0.9408481018454916,0.7510940784739514,0.4252842812412744,0.5252292292136487,0.6530022265303297,0.3928077959476209,0.7474808092850325,0.8135085335294189,0.8904953251391952,0.47349365179328595,0.41860583082192643,0.5839416997988033,0.8564728385557847,0.8031307572120865,0.02035928143712574,0.0,0.0,0.0,0.0,0.0,0.0,0.0,Tanitoluwa Adewumi,2979.0
20.838611666911106,187.1699027263909,-60.7909190474003,-15.509561522121498,-10.965639939323161,3.996969696969697,-5.909212235206921,-34.96276529072812,-10.122807365589164,12.682097608598863,0.21959999999999996,0.48440000000000005,20.3,0.056400000000000006,0.007299999999999999,0.19953694038159234,-0.25671636350236776,1.3650214664016613,0.8407595858152499,0.8904207573632539,0.8292896683528961,0.5331909571020058,0.5843649683596224,0.46283085557431614,0.5263129689173729,0.8598257957321159,0.9326871980676328,0.7612755042764023,0.5154810446213345,0.5000683550515919,0.5935479667272036,0.8272066132185882,0.8251017061655835,0.0,0.0,0.0,0.0,0.0,0.0,0.0,0.0,Tanitoluwa Adewumi,2979.0
19.128839225336513,188.2872668294377,-44.34576711222614,-13.783157507695915,-11.123649113924845,4.0,-4.222433232232255,-22.16355696066381,-9.532058774624144,12.479088476914827,0.231,0.5209,13.1,0.0354,0.0208,0.08177352845328181,-0.27702952480782667,1.7178737539848108,0.7752042560930038,0.9954022988505746,0.8166535102340718,0.6459377081425025,0.6278609351262691,0.5838684454521703,0.6353160529524609,0.9584905660377359,0.920673433450166,0.8722558655790212,0.6641782037251419,0.5765820370844535,0.5408819292972354,0.7738069098395656,0.8130640978518338,0.00186915887850467,0.0,0.0,0.0,0.0,0.0,0.0,0.0,Tanitoluwa Adewumi,2979.0
22.725665151557553,182.37736765936734,-54.859637613483514,-15.360546894248348,-10.771347441173358,3.9938775510204083,-2.669619035988962,-32.77365210213195,-9.720829748946212,12.442480057984907,0.2279,0.46799999999999997,17.4,0.08959999999999999,0.0097,0.06685371030492247,-0.1788229203125358,1.733545838054414,0.6974599158984056,0.8380260267027209,0.9082130584192439,0.41191542885426013,0.6962810567063256,0.5726561689370582,0.7137541915477819,0.8705568332953686,0.7517220721843548,0.9071826939327362,0.5374501690220583,0.5677687521940158,0.7447727342382204,0.8632093135959116,0.982559390407889,0.0,0.0,0.0,0.0,0.0,0.0,0.0,0.0,Tanitoluwa Adewumi,2979.0
18.560873427851895,160.93542650831827,-67.03280223614738,-15.186987039634307,-13.098791238649076,3.9964912280701754,-6.340257207312644,-39.622920922152296,-10.167448035643947,13.387110979174722,0.2156,0.3988,18.9,0.059199999999999996,0.0081,0.14608128132663084,-0.22456239989165477,1.3585167252108425,0.5673260433694525,0.9519046728971963,0.8587036873778937,0.6450010199658576,0.7091949373726477,0.400418042388313,0.610551839385385,0.8589099748716269,0.78565816484065,0.8781693119742162,0.389582933950529,0.4542325135013163,0.6978945632479273,0.8712539813059029,0.8036557974455032,0.00088495575221238,0.0,0.0,0.0,0.0,0.0,0.0,0.0,Tanitoluwa Adewumi,2979.0
21.04399372511874,189.62469184459388,-55.739925470266414,-13.847568554630822,-10.967726603717136,3.9971428571428573,-6.663484627840319,-30.542685003075217,-10.718268095331066,13.002664557185295,0.22159999999999996,0.4283,16.1,0.0851,0.0095,0.0770279951512909,-0.49132606329720085,1.342680976281926,0.7696099738211604,0.8935874202126716,0.818895789257021,0.627794538417845,0.5155314699738127,0.5882343813160757,0.6950341751334289,0.9413076423468283,0.8582932126110003,0.7262810384240007,0.4235719789127548,0.49816251546276086,0.7069665189946193,0.7550392869054695,0.7794821316829185,0.0,0.0,0.0,0.0,0.0,0.0,0.0,0.0,Tanitoluwa Adewumi,2979.0
20.238639978408838,192.0553548411296,-59.77073950253165,-15.968290920001433,-11.295726642336778,4.0,-3.9050338695674975,-33.39127467511143,-10.357654702804192,11.147241307289686,0.2354,0.45010000000000006,17.1,0.031,0.0085,-0.03183245867070757,-0.20582356315745604,2.0746433211860245,0.7932843565037883,0.936608613418439,0.8115134646219004,0.5205036992197754,0.7197854758863078,0.5734728161189179,0.549071718980633,0.8134332267401506,0.9078770681946244,0.8404347603544384,0.6911116221548961,0.6778335653119743,0.756785614592307,0.740258904613411,0.8575485345595766,0.00550286058416138,0.012195121951219511,0.0,0.0,0.0,0.0,0.0,0.0,Tanitoluwa Adewumi,2979.0
18.080733456533046,170.4430869203359,-78.49245589164832,-15.854500681964485,-16.065475882342827,3.9922222222222223,-8.892589694354061,-43.13671951677803,-11.024732440071324,12.48934010164018,0.1983,0.4265,19.5,0.09290000000000001,0.0124,0.041046175017638964,-0.20387556050940758,1.8764008823465494,0.670657674832393,0.8278577094202095,0.8406983210966927,0.5000197555747861,0.45281725546304286,0.5226498749335267,0.7442394345442409,0.6397523113194457,0.7600564753545271,0.7965424609035918,0.5627596236773112,0.5310966612934844,0.7260219766878679,0.6848473552660816,0.8114792032733295,0.0,0.0,0.0,0.0,0.0,0.0,0.0,0.0,Tanitoluwa Adewumi,2979.0
20.284808717079375,195.31185010585247,-57.93475389595653,-13.932906048416822,-12.110594324078653,3.6,-3.9849726219294204,-31.472056923343718,-9.345724180203643,9.311500202015731,0.1786,0.3567,12.9,0.0311,0.0048000000000000004,-0.012579182178371043,-0.1546088315691866,1.7336868222937807,0.9712643678160919,0.8759406649753328,0.7704870733335492,0.5683295742193654,0.6590879388157571,0.6970065523513942,0.7392257627089518,0.9250812318750661,0.9647127690932328,0.7620673977460495,0.7190120176879008,0.44665162184283896,0.6547157214584762,0.9702307122691721,0.8938006406632748,0.0,0.0,0.0,0.0,0.0,0.0,0.0,0.0,Tanitoluwa Adewumi,2979.0
21.566494631222902,212.82207796024727,-50.395317501064845,-12.949540358103443,-9.865901217897271,3.991111111111111,-4.51915795517317,-27.56212090972837,-9.730501757432672,10.240793586158974,0.2545,0.3495,14.2,0.0903,0.0225,0.12102537452380531,-0.2714524662911759,0.9220772692342292,0.8832676518883416,0.8348902162491013,0.9301724137931033,0.5211841830695458,0.761029481716058,0.49954421241320024,0.6777307324741828,0.8936791383219955,0.8945433575729143,0.6465572394982811,0.5863980130265455,0.5531583744252229,0.8432913701879219,0.7623307790549171,0.8196633825944171,0.0,0.0,0.0,0.0,0.0,0.0,0.0,0.0,Thomas Beerdsen,2833.0
20.08063955676233,185.2055653020728,-59.227075589402475,-14.014808098125732,-11.574623050845355,3.997435897435898,-3.8313013662057913,-36.257389985531596,-10.080200250328968,12.533811264199066,0.24580000000000002,0.4615,19.8,0.1066,0.011800000000000001,0.15899042269427666,-0.29961579981540787,1.1368651054541314,0.7039586619742978,0.9052319323518352,0.7700386064155915,0.5438414551730226,0.7431519578487512,0.4197770026579707,0.6314221898398124,0.7877577707413129,0.832649658659663,0.8326884006474178,0.5290374168091148,0.518211197171232,0.6031481293780725,0.5514257361265656,0.6903337907270645,0.03093465674110834,0.0,0.0,0.0,0.0,0.0,0.0,0.0,Thomas Beerdsen,2833.0
19.964024218347824,191.2787239865516,-60.03228591421915,-13.95356039594924,-11.483153136984363,3.9960358469302153,-5.650227793172662,-34.34574517426103,-10.382758423726118,11.787123162944052,0.2284395695364238,0.3967872516556291,18.34271523178808,0.0804958609271523,0.0111738410596026,0.0555663233618614,-0.3189989152216092,1.0433280629980852,0.759239396025526,0.8381507264124504,0.8372433386465343,0.6181437306031563,0.6245532513233213,0.5559123705669684,0.5497715188570352,0.8632572955236799,0.8184717215933756,0.7717716468238135,0.525552112700053,0.4679001077960557,0.724866736310728,0.7491660376905034,0.8208422925913439,0.0657524235427676,0.0635523536451133,0.2269736842105263,,,,,,Thomas Beerdsen,2833.0
21.34936034741045,198.3722017861484,-57.15842756555469,-13.931036979160861,-11.070093707363107,3.996,-3.2478029130690684,-33.67501621240863,-10.097497862955503,10.86702010940248,0.2217,0.4763,16.4,0.076,0.0161,0.03396230358961151,-0.24851021938693174,0.9633953374446971,0.7565385706378858,0.7868041718555417,0.9101666666666667,0.7432264680727053,0.6329684213165117,0.5865587637910228,0.7109808277719237,0.8748475232645511,0.8236081062455259,0.8703251695032517,0.6852244554342157,0.35452317408690953,0.845289561121883,0.7144760763303225,0.7220391408667917,0.0,0.0,0.0,0.0,0.0,0.0,0.0,0.0,Thomas Beerdsen,2833.0
19.011632757734986,192.9963708557785,-68.87853956585539,-14.810976376655017,-13.053784446648015,3.996551724137931,-9.380191444148391,-37.50191586604323,-10.435056959112025,12.306833802613365,0.22690000000000002,0.26810000000000006,21.3,0.0914,0.0078,0.2666567199217242,-0.14971368847962419,1.098341836384179,0.7313095042339113,0.9361176061080718,0.9221710538149918,0.6999404007428031,0.5495176005544774,0.5512975187029487,0.3930014574130262,0.8291843826028422,0.7996924042686755,0.8535086859948825,0.4870245416055524,0.36439775768343596,0.5181549195680266,0.6862816017468347,0.8255062258821658,0.0087719298245614,0.0017543859649122799,0.0,0.0,0.0,0.0,0.0,0.0,Thomas Beerdsen,2833.0
21.147276238140044,201.9237596037095,-55.90001772814221,-13.720805506564474,-10.71194945635816,3.998214285714286,-5.905725682770805,-30.582591977738616,-10.703413607668926,11.726254217244485,0.25739999999999996,0.4212999999999999,14.8,0.1066,0.013800000000000002,0.11033074904498234,-0.3185644889606738,1.1551737126127015,0.820677522746934,0.8354190561148634,0.8367565866052347,0.6202497836110693,0.40576902567427897,0.6791106641393984,0.66012858812868,0.8964785588184299,0.8449302304503398,0.6705294863145648,0.558771914085864,0.46886179694465097,0.8133369617546691,0.7814726965719383,0.8554648130786358,0.0037499999999999903,0.0,0.0,0.0,0.0,0.0,0.0,0.0,Thomas Beerdsen,2833.0
18.127227702379084,176.21643948626348,-68.75945347582997,-14.269493150847461,-12.071533253109767,3.9972222222222222,-6.872370360121296,-42.06271936666987,-10.821998902169971,13.34143933486618,0.22290000000000001,0.37550000000000006,21.1,0.06420000000000001,0.0161,0.11756803305838612,-0.46500755325435683,0.8174178001597399,0.6553073288166862,0.9748639921985081,0.7995604279180932,0.6323192982428845,0.5196927894740143,0.5563052890483658,0.46810922147335443,0.6725719386433731,0.5720082607138981,0.8191891161645868,0.49972181754911355,0.367386713693156,0.615891481636004,0.7797735466190663,0.8554807148776575,0.009722222222222219,0.0,0.0,0.0,0.0,0.0,0.0,0.0,Thomas Beerdsen,2833.0
19.151574384168132,181.84132118374052,-58.833920993142534,-12.009595428419306,-12.331970556283563,4.0,-6.951467484767219,-32.52607439473577,-10.454695762750951,11.439882633814277,0.20779999999999998,0.2945,17.1,0.047099999999999996,0.0071,-0.01804181753923855,-0.4379172035077493,0.9958569655039655,0.7203020420481779,0.8022622873931013,0.9190908216254579,0.6762572509787688,0.7148475002396958,0.571561637425446,0.5757835581068544,0.8344744109860389,0.9827906976744186,0.6745764672079104,0.48895412589566306,0.6214800809244375,0.7541834934660269,0.6208705892303493,0.7766349167079004,0.0006060606060606,0.0,0.0,0.0,0.0,0.0,0.0,0.0,Thomas Beerdsen,2833.0
22.34933270619883,200.95655877329304,-59.60139803126454,-12.200028180555563,-11.675011828397597,3.991111111111111,-8.879687713257692,-32.357965593817525,-9.847813349872172,11.367997523524906,0.24889999999999998,0.5169999999999999,12.7,0.0837,0.0177,0.05172936037033401,-0.4480411200492337,1.0017934959010009,0.8619566515130643,0.7981206064320486,0.9821374703727646,0.6138619261879391,0.7479498477979094,0.8563062476920642,0.6955584885312673,0.7971927408162569,0.8831386558972765,0.75525157587147,0.6971131562522699,0.5342078462783426,0.8314839073777417,0.9179728317659352,0.9651656889170763,0.0,0.0,0.0,0.0,0.0,0.0,0.0,0.0,Thomas Beerdsen,2833.0
23.93821509242291,224.6944083434686,-54.79226556372529,-11.526755655948326,-12.444149058604701,4.0,-5.855426499071574,-30.509861136467926,-9.668079529986477,11.212006316353706,0.2545,0.4389,9.8,0.1187,0.0206,-0.0467620718348552,-0.18609580384226493,0.7335884278024544,0.9586845930232558,0.9655172413793103,0.8725531206292224,0.6436823014157362,0.7558672150267312,0.686754092366791,0.7429115226028696,0.9013231756214916,0.939655172413793,0.9380220406944233,0.5393432980426366,0.6021637999833107,0.610996293740838,0.7619832228436705,0.8935254434553958,0.0,0.0,0.0,0.0,0.0,0.0,0.0,0.0,Thomas Beerdsen,2833.0
18.637225473173626,179.7852450541146,-62.39147843594155,-11.992649751316957,-11.59012864280938,4.0,-7.641531903296274,-36.216001273766175,-10.175876186028669,11.224709321275904,0.2407,0.25620000000000004,16.1,0.0744,0.004200000000000001,0.04885327545962969,-0.36212519358364803,0.9105383753116488,0.7154692487144197,0.7708045161780306,0.8946300102774923,0.6553848628129543,0.7272172190023217,0.477200134810228,0.5359981246365771,0.9026598997299857,0.7530239782665563,0.576455926849525,0.4907465843882596,0.6062601524735233,0.8705422421644565,0.763469119051168,0.8902651150968627,0.00967741935483871,0.0,0.0,0.0,0.0,0.0,0.0,0.0,Thomas Beerdsen,2833.0
18.434031848188933,147.42922852130408,-62.18081874107999,-14.642398229155003,-11.429711227075995,4.0,-5.863833266896408,-36.51317808189936,-10.55637498758973,12.8246770515365,0.24530000000000002,0.3955,18.9,0.0652,0.0124,0.0015941989260528477,-0.2578953455858054,1.4093036990774968,0.4557848322075321,0.8919017859594213,0.9078571428571429,0.7093215827251678,0.5432726642748935,0.6236324946092038,0.41088107071190016,0.9253202548625084,0.8814912280701754,0.6968143068939956,0.4850565603817422,0.5184608033167158,0.6953602860623807,0.6759832975361242,0.9148214285714286,0.0,0.0,0.0,0.0,0.0,0.0,0.0,0.0,Thomas Beerdsen,2833.0
19.627486301193237,192.7779285609928,-63.00364196261145,-14.346074403055232,-11.707525161730343,4.0,-9.32843899215923,-33.469321584946485,-10.502371017192367,12.350089196472219,0.2318,0.35760000000000003,17.7,0.09240000000000001,0.0077,0.007494111004619358,-0.22691311477179318,1.3408249792072815,0.709890369975637,0.8156850933848373,0.89804689581668,0.5464885128540105,0.7885674723297085,0.5698813018784942,0.6408631036353991,0.84306331708186,0.7706874937208703,0.6046179188476332,0.45141288986395667,0.4595768621823731,0.7270988891946552,0.8779842137219186,0.7335358556545067,0.00563745724731689,0.02230215827338129,0.0,0.0,0.0,0.0,0.0,0.0,Thomas Beerdsen,2833.0
17.76053792121006,173.05972766769133,-61.74057634550237,-12.880365794769139,-12.365495644488785,4.0,-5.9200339022215385,-36.39074903378284,-10.53619991885103,12.352267948610972,0.2324,0.4184,17.2,0.0793,0.013599999999999998,0.19010504726180605,-0.2572542401561177,1.0853673654646772,0.6672426682578114,0.9389312977099238,0.876250184661813,0.5623072684800924,0.660605209182584,0.5303816088710895,0.5971098231221703,0.8642263775739302,0.6775821311474093,0.6410991266819488,0.4896838183459746,0.5095819436872422,0.553967139710097,0.7030116151050475,0.8592849619366149,0.007640120268290801,0.0,0.0,0.0,0.0,0.0,0.0,0.0,Thomas Beerdsen,2833.0
21.11824608473486,204.22664863822922,-55.00430640306577,-13.556845917988301,-10.196471946825593,4.0,-9.113729954712863,-28.46323648881605,-10.221111449169985,12.547089354447028,0.22749999999999998,0.40709999999999996,18.1,0.098,0.019,0.10771856043160015,-0.20268289665115824,1.192538967730103,0.8126948937419465,0.918901935203305,0.9168919713518717,0.6399970642659081,0.514796184226785,0.6648650872031514,0.6449476484688836,0.9232439334277835,0.8099530532420612,0.849369396012267,0.4262681618514378,0.5936745263240544,0.779306722134346,0.7850224816901038,0.8801892334217769,0.0,0.0,0.0,0.0,0.0,0.0,0.0,0.0,Thomas Beerdsen,2833.0
19.722350606909433,189.79200392278125,-54.657577206301674,-12.938365042986893,-11.190757539040835,4.0,-3.5847661791989522,-32.32159545636436,-9.955031467132308,11.33293847842167,0.2635,0.34190000000000004,14.7,0.08380000000000001,0.0098,0.14500324372173115,-0.42757036147792443,0.6452117816823699,0.670961423781964,0.9348051948051948,0.8916579636393879,0.5558088480951419,0.7928452998432715,0.6712225597493026,0.47789279914369515,0.9079118167643234,0.8254775253334025,0.7390056310282331,0.41396900223586613,0.3513175137090402,0.6948829222228237,0.7114251552240541,0.9096328395517036,0.0,0.0,0.0,0.0,0.0,0.0,0.0,0.0,Thomas Beerdsen,2833.0
19.469791374007627,190.05155148221934,-66.56956392556371,-14.36279536042378,-12.260598631590849,4.0,-7.206443145171084,-39.28699688337518,-10.594602318040565,13.141872413037751,0.23570000000000002,0.5005,17.0,0.075,0.0068000000000000005,0.18707214041357662,-0.3245310487896224,1.345470534726895,0.8021868766740969,0.84334329509303,0.8663575605680869,0.5212788477408166,0.5900586003722323,0.5854743008217135,0.5398613649626709,0.8838200639933789,0.8875941225151307,0.8009696579414038,0.545853745554632,0.5352701714569833,0.6055370206927166,0.8194187881212075,0.8309641405869911,0.0016260162601626,0.0,0.0,0.0,0.0,0.0,0.0,0.0,Thomas Beerdsen,2833.0
19.6218648248834,213.1003570251732,-58.587377090907054,-13.680957611491667,-11.685944237413441,4.0,-7.187778481412383,-30.182213759322895,-9.62328194536012,9.772798944093449,0.22149999999999997,0.3919,12.6,0.0387,0.0137,-0.16971695811672588,-0.34474727934480254,1.3465974103164506,0.9535714285714285,0.7961062295866643,0.9826666666666666,0.9340513602251408,0.7253031001429234,0.3514029704014775,0.801769522289393,0.9851063829787234,0.9029018136335211,0.8010499844488367,0.5985391696660737,0.5733603143849135,0.8231647097195042,0.749533785708979,0.9372899159663864,0.0,0.0,0.0,0.0,0.0,0.0,0.0,0.0,Thomas Beerdsen,2833.0
19.960082598129283,182.66832529904372,-74.13108762485656,-15.055969606697051,-13.00545897435041,3.9972972972972975,-7.289600615639476,-44.48685975581972,-11.309235745227335,13.018739775580134,0.21860000000000004,0.34509999999999996,18.8,0.09709999999999999,0.0106,0.025707643330715523,-0.24932618475175286,0.6885088207498471,0.6930103233275229,0.9653846153846153,0.8277026927668653,0.4033794414897024,0.5207871868644818,0.5466446841228604,0.4099250662877263,0.8451471347444504,0.7012056341705476,0.66936989647441,0.4492741591650054,0.27855748563497656,0.7053731290192733,0.7638992732830732,0.7093956336214222,0.00091743119266055,0.0,0.0,0.0,0.0,0.0,0.0,0.0,Thomas Beerdsen,2833.0
21.751414104887463,208.99291716578324,-58.782839755606645,-13.35137279409813,-10.602139911256568,4.0,-7.0324261241191355,-32.569042166156336,-10.672078183630818,11.444219423654356,0.24910000000000002,0.31610000000000005,16.6,0.0971,0.0099,0.23355722549414995,-0.0919755788928801,1.0929271342548514,0.8798642533936653,0.6921394994876191,0.8723649569117263,0.6737853486420589,0.546572432531931,0.5309183893233766,0.38540664425745985,0.8532033326150973,0.8915274007038713,0.6803732630433841,0.5632754062694845,0.34882475787008094,0.8011801441888231,0.7980665027675635,0.903498339226401,0.0,0.0,0.0,0.0,0.0,0.0,0.0,0.0,Thomas Beerdsen,2833.0
21.958246009175063,210.7515455179933,-70.28545384734021,-13.906426963867597,-13.313321257211053,4.0,-7.496107623977963,-41.568847674038224,-9.866913783045959,11.866163454800589,0.2085,0.3503,19.8,0.12240000000000002,0.027100000000000003,0.026573469197640975,-0.17792876289128162,1.147545035877966,0.8753815444754023,0.8856082028754295,0.882574569557837,0.7384519369032799,0.594489540014524,0.5845819480210095,0.5063391186104418,0.9118947657123568,0.6344256633674424,0.8271068541023515,0.501696221178981,0.47092059451495033,0.6780184085885421,0.9233136480063127,0.8673189476646282,0.0012974591425125698,0.02230215827338129,0.0,0.0,0.0,0.0,0.0,0.0,Thomas Beerdsen,2833.0
21.885890949980684,201.184376863625,-64.63035930581884,-14.478722349638167,-11.631354558541526,4.0,-4.384383351706589,-39.37136053806854,-10.215068177078951,11.450529669214921,0.2144,0.5262,18.2,0.064,0.013300000000000001,0.07915303445216883,-0.25891142681378354,1.5406494703562899,0.7869840920842173,0.9065126050420169,0.8356636670277663,0.536440528291654,0.6149449578775406,0.6166664438972514,0.49387287890465076,0.8426318282717409,0.9167296918767507,0.8837508245274309,0.6306247514116026,0.48247912262076564,0.7441544790372774,0.8441412000235531,0.7950072590750557,0.0011904761904761901,0.0,0.0,0.0,0.0,0.0,0.0,0.0,Tuan Minh Le,3224.0
21.713110804261884,207.0197013586988,-53.06175019309408,-14.409313610830598,-9.80879905710942,4.0,-5.975125862721792,-30.13753105838229,-10.19364172703023,13.46266112298025,0.2332,0.46610000000000007,17.1,0.081,0.011800000000000001,-0.008635899012534814,-0.2579061251504714,1.542342016265094,0.8237949763847144,0.9103065693430658,0.9002804878048781,0.564647521136815,0.6112123597569703,0.7329691729031758,0.5518522193526088,0.992,0.9371343924431086,0.8900498598006052,0.49638485082924033,0.47701036659545426,0.7324221031626302,0.8171445582819832,0.8428521749451072,0.0,0.0,0.0,0.0,0.0,0.0,0.0,0.0,Tuan Minh Le,3224.0
22.728080288275414,212.18097739117252,-60.642753195904746,-13.69803551462088,-11.673732541762144,4.0,-5.964521007447837,-34.58873941776381,-10.02042737750055,11.302702663190468,0.1991,0.5485999999999999,19.3,0.047299999999999995,0.003,0.03459603810823325,-0.36456803359242385,1.6636729828437147,0.8752884243128145,0.9175474254742546,0.7573879371950312,0.5273006097008763,0.6458345397371159,0.8097818440380624,0.593668254217286,0.9083804809052334,0.8603077816492452,0.9773809523809524,0.8180250603457558,0.2696818479106344,0.5816148602858736,0.842139689578714,0.7598518801459977,0.0,0.0,0.0,0.0,0.0,0.0,0.0,0.0,Tuan Minh Le,3224.0
19.702578634290827,173.38768095747847,-67.27776870395485,-16.198678253681784,-11.315421210035188,4.0,-3.5977692550565963,-41.56715521241987,-10.953292467282903,12.354547694521482,0.2065,0.2325,21.8,0.05940000000000001,0.0017000000000000001,0.1965054999739449,-0.2676549904655433,1.1758746932384923,0.6194700645077492,0.9343833185448093,0.839148095835949,0.6138411888727712,0.5299610829713178,0.5062941401743889,0.6694374252334739,0.897166908640731,0.8769339863102001,0.8514221467420715,0.5759205322556966,0.1612833751844271,0.41622542338837115,0.8027760344151801,0.799018905591659,0.0,0.0,0.0,0.0,0.0,0.0,0.0,0.0,Tuan Minh Le,3224.0
20.914529940297797,189.13334000523287,-51.77259297147283,-14.97599864421293,-10.376046232497526,3.996875,-3.4799306943056947,-28.400361721611723,-10.741380387469674,12.204249708624708,0.22630000000000003,0.4734,18.4,0.07849999999999999,0.0188,0.1371326946862661,-0.7295209076637648,1.816709867513439,0.7076764677832715,0.6414285714285713,0.8390098472955616,0.5531472850020649,0.4063494349257496,0.572504851575489,0.683262344798059,0.8958800247371677,0.8927864992150706,0.8232964208410637,0.5986543512988196,0.5957769968372182,0.8244193758321245,0.8572913396127682,0.8373345956334202,0.01071428571428571,0.0,0.0,0.0,0.0,0.0,0.0,0.0,Tuan Minh Le,3224.0
20.776264836199285,176.99786882427492,-68.95508251576551,-15.185013800728788,-13.004583782818225,4.0,-6.768004180422307,-39.562303123957875,-10.759820099097219,12.324642471258883,0.20439999999999997,0.37270000000000003,18.0,0.064,0.0019,-0.012431061213883907,-0.3344436993574396,1.8784906864458222,0.6933291919546619,0.9647365166162158,0.7256023592350916,0.6072007183989508,0.6156075377521588,0.4088371741954126,0.7422218638797131,0.837402196800693,0.8675753611704996,0.8584744203165255,0.5633320039922483,0.388010635023753,0.7255220830000889,0.8001494518240928,0.7383309615879677,0.010379094589620901,0.0,0.0,0.0,0.0,0.0,0.0,0.0,Tuan Minh Le,3224.0
19.834455135836414,173.41358557758173,-65.61341453607895,-14.208081724174184,-11.049860077262089,4.0,-7.548943341992296,-40.6564857861738,-10.316200299770278,14.166156693293704,0.2262,0.43129999999999996,22.4,0.04859999999999999,0.0037000000000000006,0.07202753755825111,-0.1912710551619455,1.7600775059074838,0.6060416301580782,0.8871181421316583,0.7347572123987421,0.641557287670825,0.39892581291948453,0.6155973419182971,0.4472896927806902,0.8414506607274153,0.8943635229473317,0.7398874355167464,0.6275475758134222,0.49060594202008534,0.6373928175541692,0.8657459085027694,0.7766303476953679,0.0,0.0,0.0,0.0,0.0,0.0,0.0,0.0,Tuan Minh Le,3224.0
20.302366571988408,192.85080568752525,-57.6416855085576,-15.337559456352551,-12.153871251713872,3.9977777777777774,-4.020071429330051,-30.84388217707808,-10.955825770555274,11.671746798694443,0.205,0.4542,17.5,0.06960000000000001,0.0021999999999999997,0.11875435669482996,-0.40491002865651254,1.7006686789854044,0.7178202684248414,0.8356928860176055,0.8157938294176781,0.7467584543487168,0.5462840295089019,0.4609735214157104,0.7745213690300877,0.863294591103555,0.80804239545449,0.8399879456941871,0.7508007368905776,0.47370258989736164,0.6460707326528765,0.822131609627057,0.8531419523316757,0.0,0.0,0.0,0.0,0.0,0.0,0.0,0.0,Tuan Minh Le,3224.0
20.959093166118944,201.4909376471112,-55.826355193665904,-15.609312227062357,-12.691830204676501,4.0,-4.402959406908645,-29.333385896592187,-10.835238288161538,13.046370829735327,0.1997,0.45840000000000003,19.4,0.0466,0.0046,0.006582955885496443,-0.2946039284104442,1.8652729592004647,0.8028404344193817,0.8382595809807579,0.7830177309888258,0.6063497186187682,0.5935689884276691,0.5926855039335998,0.6265826506187981,0.798978326128489,0.9369312169312168,0.8139162582699887,0.709441210812422,0.35939110187369805,0.7083138172947716,0.8315718517295296,0.6474597502373276,0.01217494089834515,0.0,0.0,0.0,0.0,0.0,0.0,0.0,Tuan Minh Le,3224.0
19.794822516812296,185.95342321233167,-59.28201978484437,-14.405965999231208,-10.711102819229396,4.0,-4.276069524080478,-34.647365431225,-9.889596623200855,10.64808061212256,0.24300000000000002,0.43359999999999993,14.3,0.0603,0.006500000000000001,-0.0038204666785235765,-0.2039159444170467,1.5379908302665695,0.7070906664250429,0.8968585468585468,0.956813063063063,0.609752786455607,0.6990310068758552,0.7478496780675403,0.46509771917256437,0.944167618162053,0.8899875621890547,0.9183029699158732,0.664965801120151,0.36136939447705874,0.6749940630327005,0.7382347723765635,0.8275884093048271,0.00074626865671641,0.0,0.0,0.0,0.0,0.0,0.0,0.0,Tuan Minh Le,3224.0
20.35289898340873,180.70599528374342,-58.761278129260596,-14.310672542516622,-13.198199554550829,4.0,-5.566474706369759,-32.74262058725327,-10.880515015219663,13.937204276649553,0.2064,0.4705000000000001,20.4,0.0675,0.009600000000000001,0.05105842316936769,-0.6785672906692397,2.0732289382004523,0.6403953395739422,0.9246885848478661,0.8086141726119618,0.54532258841664,0.408396201790718,0.5757041573065965,0.7248451765585409,0.8859555162177948,0.9042417802087966,0.8763548948417357,0.7455536220045991,0.348429616447449,0.6211246403145574,0.8219246615284275,0.9267980295566502,0.0,0.0,0.0,0.0,0.0,0.0,0.0,0.0,Tuan Minh Le,3224.0
19.630045981435114,179.08015703630397,-49.17752730373335,-16.384534266261262,-11.439678227895405,4.0,-3.342018126651903,-24.057510026301607,-10.73891678640131,12.785130129778144,0.1692,0.39380000000000004,19.6,0.08829999999999999,0.029000000000000005,0.23696167300526522,-0.33741924076909,1.9692485355681502,0.7107687592886793,0.7144247306238316,0.7655963780156406,0.44108993455019024,0.5952260285624498,0.5474246482532312,0.6955336814393444,0.9062183148494002,0.7991599502468597,0.9196488760579367,0.625589891237248,0.37536961783082734,0.6371834302648897,0.7610461915459681,0.8881184405923813,0.0,0.0,0.0,0.0,0.0,0.0,0.0,0.0,Tuan Minh Le,3224.0
22.463679177058328,202.54937731771236,-49.77245323790362,-14.420484313022282,-10.978629216439248,4.0,-3.7495183887459094,-26.36707996826754,-10.032538642301699,11.775797290873065,0.2117,0.5399,15.5,0.047099999999999996,0.0098,-0.008671306212594928,-0.25576988035616244,1.9978863111654679,0.834046457851587,0.9336713577329089,0.7907398778971978,0.7346038554931706,0.5714732412192012,0.5217467174034816,0.5741220204205049,0.8738576758157286,0.9136455123245029,0.860813183758735,0.8169809928312874,0.4286308716504278,0.7071193323819298,0.8869982547499637,0.9034750755925582,0.0,0.0,0.0,0.0,0.0,0.0,0.0,0.0,Tuan Minh Le,3224.0
21.75404711454826,183.17511979765527,-55.00351126282628,-15.254149163805915,-12.290201636226037,4.0,-3.7557370349017942,-29.438382820419427,-10.326464503164733,12.061423895691629,0.18699999999999997,0.453,13.8,0.0361,0.0075,-0.05081851959655161,-0.3450728250453651,1.5255511486587001,0.6558833820569842,0.9336923389554969,0.854071462767115,0.5834650696570164,0.8199649703409102,0.6467565333044247,0.6200369150114767,0.9141374457163931,0.8065776127883169,0.8383383546999106,0.6690778599081966,0.6931565432709597,0.7078140547514701,0.8642120054019369,0.7975198818532353,0.0,0.0,0.0,0.0,0.0,0.0,0.0,0.0,Tuan Minh Le,3224.0
19.337275980392064,182.76846939950605,-64.31091615585036,-16.321202093006033,-11.929686723583563,3.9988505747126437,-6.715662507550677,-35.77461109797201,-10.950414499098432,13.381810190647716,0.17229999999999998,0.4244,22.5,0.081,0.011300000000000001,0.07560903777998405,-0.47127850780857894,2.085795580764405,0.7809014072889908,0.8234065008025683,0.5928283565917483,0.6484056918304779,0.4484608249261397,0.5823435650820743,0.5540126976882414,0.9186732348111658,0.9097562059306481,0.824112928860037,0.6891027471817862,0.34843435465397254,0.6838530169446965,0.7197981427875986,0.9348524098099465,0.023990369181380408,0.006741573033707859,0.0,0.0,0.0,0.0,0.0,0.0,Tuan Minh Le,3224.0
21.504801419155235,197.9201855818381,-56.80751480814322,-15.21725931789491,-11.60594097119862,4.0,-2.849150408207611,-33.29789700647752,-9.347513231824673,11.51024612746011,0.19680000000000003,0.35430000000000006,10.9,0.026999999999999996,0.0,-0.040444216800148994,-0.3437467664162579,1.5879647823927487,0.9244791666666666,0.9437995653500076,0.8260297213684339,0.781741038639088,0.6818790500065484,0.6067145646166209,0.8230925727200299,0.9120121308016877,0.9674698795180723,0.9206507994001323,0.733210418481696,0.5239408223311599,0.7789706079138125,0.8311247362869197,0.9786324786324787,0.0,0.0,0.0,0.0,0.0,0.0,0.0,0.0,Tuan Minh Le,3224.0
21.699820890766684,194.05935410123428,-64.50244890334679,-14.648681854597296,-12.518773615503534,4.0,-4.0158134864501775,-41.361485164840985,-9.32397451823864,13.366279736283833,0.21339999999999998,0.5616000000000001,17.5,0.03250000000000001,0.0,0.0895424684078259,-0.3906856047407178,1.9679910944598973,0.7706367949746057,0.9850574712643677,0.7964246596161534,0.6664940028723915,0.6858272273453174,0.516408201753515,0.504706169874088,0.9216920609462711,0.96775,0.8625598102111734,0.7937499590145942,0.3488941363732351,0.7177138799800286,0.9725542784163475,0.9195066312997348,0.0,0.0,0.0,0.0,0.0,0.0,0.0,0.0,Tuan Minh Le,3224.0
20.981833622035204,183.8603827700195,-67.18093364989063,-16.213462387189544,-13.906397708076785,4.0,-4.2338847583113015,-37.81922818789115,-10.521129886053677,11.513169277631835,0.2085,0.5099,20.0,0.05389999999999999,0.0053,0.08679911473263163,-0.6045028736291935,1.694710172070416,0.7155565125100798,0.8756512493354599,0.7794013406415162,0.5614667103578865,0.4945837806148684,0.4858017295998972,0.6993238084909458,0.9175636980560086,0.8886246711131504,0.8559703875754405,0.7490334085778199,0.3615083073430548,0.6094229026098611,0.8370825036560529,0.8798886668569796,0.0,0.0,0.0,0.0,0.0,0.0,0.0,0.0,Tuan Minh Le,3224.0
20.036017192786858,184.54753296560003,-55.51178672415373,-15.34677989849835,-12.040903768977666,4.0,-4.98047507005014,-28.591580373131137,-10.223908404302996,11.671860790806555,0.20099999999999998,0.5371,17.4,0.0299,0.005599999999999999,0.12306392932794034,-0.23278706678115885,2.0265547407978444,0.6893757526532314,0.8637476999159895,0.8748425841360298,0.6198814603649054,0.6299123159207052,0.4777221289359552,0.5969788812137804,0.9354252171616222,0.8723312542044059,0.8800306791242505,0.8580938752030457,0.4705634040547092,0.6837148350790403,0.8515395480370762,0.7500632684651247,0.00109890109890109,0.0,0.0,0.0,0.0,0.0,0.0,0.0,Tuan Minh Le,3224.0
20.268679983943468,187.60920411128478,-63.96238739163825,-15.370944666044839,-12.390709571693638,4.0,-5.4443729556903175,-36.99132048191266,-10.576023570338055,12.81098385404126,0.21590000000000004,0.39330000000000004,16.8,0.0613,0.0085,0.1147390801697797,-0.36597035546231194,1.5977262859713377,0.6638110809091662,0.9792079207920793,0.8649179609523345,0.607831723999259,0.49294317545814187,0.458374256178604,0.6977540259306425,0.8993399734710312,0.8996308345120226,0.8661957066579493,0.6714845675535258,0.27112452540533094,0.6177841617113656,0.9869565217391305,0.9103242825629506,0.0020427305888483503,0.0,0.0,0.0,0.0,0.0,0.0,0.0,Tuan Minh Le,3224.0
21.22699046858626,191.82470350123685,-56.49029501900263,-14.87096612665999,-11.338841731958292,3.99802727785166,-4.650071672020112,-31.266837997912315,-10.443352848720956,12.081748080417372,0.2081929824561403,0.4690717009916094,18.191456903127385,0.0616342486651411,0.0081311975591151,0.0931861555547844,-0.4334436119547961,1.785093479738837,0.7460714949690566,0.8952062381811471,0.8028795175874295,0.6308401483704,0.5380092089721931,0.6011281969292025,0.6209080644726422,0.8937801144575102,0.8970703932422627,0.8578590702693305,0.7037149536702524,0.4463271769345093,0.6630893549821272,0.8087099213012785,0.8372139924544664,0.044812965050002,0.0378593718567926,0.0,,,,,,Tuan Minh Le,3224.0
20.82411793419714,200.4445686955134,-59.3861912892062,-15.874220479980849,-10.12902875080374,4.0,-8.705113729876114,-30.768115767201305,-10.67407776123646,12.764365199892273,0.19690000000000002,0.3156,19.3,0.044899999999999995,0.0029000000000000002,0.08663693593273086,-0.342106524427953,1.766747505087079,0.7846725036493021,0.9448528313163006,0.8453016480900638,0.7098506513188937,0.5554237377732072,0.5933517985591952,0.6353327046429736,0.9005862967366127,0.8498799537886143,0.9442620610904939,0.6840511297491145,0.49161458409281833,0.8040036891420426,0.8440130753696948,0.8105565297533603,0.0,0.0,0.0,0.0,0.0,0.0,0.0,0.0,Vaishali R,2805.0
21.02320907699218,188.13662630901385,-66.80360909378629,-15.568855564268222,-10.908866674592096,3.991111111111111,-5.246749140108432,-41.50138457226067,-9.981216775719867,12.41235252205186,0.24289999999999998,0.3005,15.8,0.053700000000000005,0.0060999999999999995,-0.030284862634538855,-0.7056015326266183,1.3361948482654677,0.6900440366617308,0.8478179503711418,0.9091490588264781,0.7090326959943763,0.5556204614645255,0.6488815371180271,0.4947075520393076,0.9333566433566434,0.7974713584288052,0.8007551403820059,0.5338569515986531,0.41725624367354974,0.6194653624593756,0.8158447972456819,0.8416441543819934,0.01678321678321678,0.0,0.0,0.0,0.0,0.0,0.0,0.0,Vaishali R,2805.0
18.719842048547562,169.85618014217786,-62.163862624108944,-15.170706615575773,-11.337758817056592,4.0,-2.4254225454367337,-39.77936214946333,-9.934393507634187,12.483781011057664,0.2293,0.4286,21.5,0.05650000000000001,0.0,0.04516909075924252,-0.7335416357098279,1.6977797912106003,0.6694746181803273,0.8968791561568448,0.8288810727051821,0.5505304818154513,0.601071273669161,0.46736751722354947,0.44186078722006544,0.9239549747775605,0.8558948391442381,0.8424459725910914,0.37281463411588983,0.6837737969458998,0.7690945895182922,0.8052460392051557,0.8425731590298937,0.0,0.0,0.0,0.0,0.0,0.0,0.0,0.0,Vaishali R,2805.0
21.104973735544963,197.87021499590722,-59.83367998398229,-14.676144974305481,-11.661378389578662,4.0,-7.077593846306165,-30.808218331879857,-10.550500234101007,10.940155792188884,0.19790000000000002,0.4963,18.0,0.08800000000000001,0.0123,0.12882978043775822,-0.21392190128101718,1.588453353876429,0.7436425537231385,0.8257025021772627,0.8692586333951668,0.709883276446883,0.6476908021336019,0.533971112602077,0.6808276105488875,0.9115198130903732,0.8811681659170414,0.7948681803166214,0.5397589111756615,0.6411961171415734,0.5005970214250315,0.6882025158985599,0.9080397936624909,0.00862068965517241,0.0,0.0,0.0,0.0,0.0,0.0,0.0,Vaishali R,2805.0
20.59971650384712,203.7165564398244,-54.141745940958586,-13.095386092619048,-11.046672314997597,4.0,-6.802761927436268,-30.291116484842224,-10.298297526397285,13.392488405333836,0.20299999999999999,0.5277,17.6,0.06570000000000001,0.007000000000000001,0.10137610465463336,-0.5586583670136431,1.6183428363806307,0.9053165763779848,0.9036538461538461,0.819763647623042,0.7251363223194767,0.5570574572445107,0.5971765379918093,0.6843673098820126,0.8829386730953729,0.9550207866965141,0.8824431440800964,0.5750417176223056,0.6724711198364797,0.6610421870843887,0.6148684565048166,0.8195688077852712,0.00198874296435271,0.0,0.0,0.0,0.0,0.0,0.0,0.0,Vaishali R,2805.0
18.12294102341145,174.0315752588494,-55.2728933685496,-14.948993256351486,-11.955481196168808,4.0,-3.3497355541719664,-29.21861305653666,-10.466694811537554,10.666624506216868,0.20299999999999999,0.4976,19.8,0.0815,0.013300000000000001,-0.030931650356484375,-0.10344269905120251,1.3211620860896491,0.7389395383287496,0.8707010599449623,0.886996948305811,0.5162414882405865,0.5701725710951683,0.6691144863295427,0.6674137745606539,0.8197297658337263,0.8705490109385803,0.7860089794227725,0.7062839544619308,0.4954402429542544,0.48384686120141895,0.7852202173885342,0.8303380614657211,0.0,0.0,0.0,0.0,0.0,0.0,0.0,0.0,Vaishali R,2805.0
20.149799807349787,186.39208723294837,-62.0964723846108,-15.346952357390737,-11.850089555265289,3.998780487804878,-4.965316919653802,-37.55466076518028,-10.164030982492024,13.785797707566445,0.22360000000000002,0.3799,21.8,0.06970000000000001,0.016900000000000002,0.03464444439288545,-0.5810317847214577,1.3464489146672443,0.7229921201003264,0.9082121763668016,0.9561823301911806,0.5396436663244409,0.5934013236430362,0.3959248587078493,0.4339275650944282,0.9069010995462697,0.8252223004025844,0.8876392865052821,0.624951757382056,0.4214187710911109,0.6204828609019544,0.8236061326839292,0.8987700109479251,0.00125,0.0,0.0,0.0,0.0,0.0,0.0,0.0,Vaishali R,2805.0
21.28687873975108,196.10991149190085,-62.11389310474304,-14.8827726455386,-12.027837790655825,3.986666666666667,-3.55861565212629,-37.14334751441134,-10.120102281751217,11.632116113073561,0.2016,0.42610000000000003,16.8,0.10979999999999998,0.018099999999999998,0.013756804884464471,-0.18106861683457426,1.6747425412425414,0.793040780141844,0.9284260485651213,0.867341795437822,0.7805918922207847,0.6152295716276271,0.509414102324804,0.5337080853524069,0.9042754125932934,0.8671984126984127,0.873057447703143,0.7759379432624114,0.3838547352792809,0.4692814218291533,0.858458950909282,0.9378079470198675,0.00125,0.0,0.0,0.0,0.0,0.0,0.0,0.0,Vaishali R,2805.0
20.488824537174036,203.58288092101887,-65.04571955337943,-14.749198663945592,-10.867824045831991,3.9814432989690722,-6.646727480109547,-37.37007551979463,-10.663980264919516,11.270643122252789,0.1966,0.35960000000000003,18.2,0.042300000000000004,0.0,0.06249421552492333,-0.07767463518532161,1.5211881603846984,0.7760861191653875,0.797442480832361,0.8035522535809481,0.7536233103750709,0.635439246719882,0.704678517450982,0.4206788565843455,0.8359010907791395,0.7863914946841776,0.8142873386775825,0.5627441135857933,0.4242259810262013,0.7884288233169758,0.7086763371680622,0.7311100664041841,0.01678321678321678,0.0,0.0,0.0,0.0,0.0,0.0,0.0,Vaishali R,2805.0
19.685888750896645,184.5209269814611,-60.26798740484878,-15.200555540729066,-11.477361165748476,3.9956156025031766,-5.05834520837672,-34.042023370688845,-10.431376245473196,11.946058523664345,0.2180042105263158,0.4183936842105263,19.33052631578948,0.0686463157894736,0.0094715789473684,0.0749647898243238,-0.303910196460422,1.481506824142702,0.7147937624071802,0.8701633691994769,0.8226055187931082,0.6433597288067504,0.5952825477439041,0.5563963573915652,0.5457940478449103,0.8749085121287116,0.8537723923343643,0.8374073653386591,0.621422036170618,0.4847767245482267,0.60776752909122,0.7775939383317905,0.8429034963067834,0.0600166266832112,0.0078125,,,,,,,Vaishali R,2805.0
19.601059859671484,191.11323765996588,-61.678537659922334,-15.122222336669896,-12.174117006105615,4.0,-4.322571109999911,-35.6879106536856,-10.08872819761126,11.717011644149945,0.21919999999999998,0.4554,18.4,0.0466,0.0029000000000000002,0.13288695465197545,-0.16146185467926127,1.668500746850897,0.8405330670827953,0.8960648415148178,0.8352965101548226,0.6895655752534384,0.5588037130446714,0.6579040634640052,0.4987965009068372,0.90990411760283,0.9203683144474265,0.8996574160966155,0.4753424578557284,0.612119944766448,0.6891826213296433,0.7996964056421897,0.9103994976846401,0.0010752688172043,0.0,0.0,0.0,0.0,0.0,0.0,0.0,Vaishali R,2805.0
21.637226180360212,200.8996058055834,-67.80517632911923,-16.148955604692187,-11.071705333230357,4.0,-5.139291232683555,-40.1058364484484,-10.505507963743586,11.16612025367885,0.1941,0.41550000000000004,20.2,0.06910000000000001,0.0247,0.12822155543538663,-0.21146862945101005,1.2379725966328665,0.7638766870384517,0.8463207955651635,0.8301500698559522,0.6735535081389274,0.5982113594910843,0.6181602413532952,0.5115306074059203,0.895520005299417,0.7816782066797712,0.8425325526060821,0.5083671737379498,0.424718643364607,0.5519715789819044,0.562522044977458,0.8769450456950457,0.00129870129870129,0.0,0.0,0.0,0.0,0.0,0.0,0.0,Vaishali R,2805.0
20.36166594406511,185.14265324537877,-58.317041220292836,-15.058159393699786,-10.982863322449566,3.9761160714285717,-3.5438559163031136,-32.60194962289914,-10.282181301708011,10.175852265338222,0.24369999999999997,0.3607,13.5,0.09669999999999998,0.0126,0.044853762656354865,-0.3700010412819923,0.8164443500741193,0.6692783786243754,0.8302045638041837,0.846190629550801,0.6220782816922982,0.6825320028889118,0.6375121169052841,0.5154793478292328,0.8700180067512777,0.8097943945568838,0.8139733611379775,0.47140868825627713,0.4950883390337353,0.7142140314483396,0.7422418207959492,0.9179786392405063,0.025663716814159288,0.0,0.0,0.0,0.0,0.0,0.0,0.0,Vaishali R,2805.0
18.969163826316112,176.60901254650236,-64.29308773070564,-16.62642193112135,-12.57575900261951,4.0,-4.843566346633689,-34.77279735946013,-10.677693458971468,11.203150368100506,0.2052,0.27540000000000003,20.8,0.0815,0.0035000000000000005,0.10444442561827194,-0.21956571877723316,2.019173495486629,0.6664238427172333,0.9284313725490196,0.7609356964168436,0.7867567988391394,0.5426472405318105,0.5612033523291104,0.5167999439967356,0.8379225260076325,0.7840463634725929,0.8631625192407922,0.6869404562896428,0.7053235787841545,0.5076536004563812,0.8004642916650464,0.9127245885141319,0.02702702702702703,0.0,0.0,0.0,0.0,0.0,0.0,0.0,Vaishali R,2805.0
20.754277637303378,198.13681028067032,-65.88293466311553,-13.903325013629061,-13.12504837332256,3.9983870967741937,-8.40135770336804,-35.15260394774483,-9.893633268781652,10.594646546956408,0.19280000000000003,0.49190000000000006,16.7,0.052500000000000005,0.0068000000000000005,-0.08409866462754682,-0.19119982698377297,1.5573339758542861,0.794402339314104,0.8720737678855326,0.8274841291595856,0.6550994656179825,0.5635136754635829,0.597846628888599,0.5292915023945882,0.9467357710651829,0.8203684125118909,0.7246419311806737,0.7116170233856277,0.4674548618367444,0.8621125084516565,0.7962374094465373,0.935118364328761,0.0,0.0,0.0,0.0,0.0,0.0,0.0,0.0,Vaishali R,2805.0
20.35133555675195,179.756500586729,-63.365324080088364,-15.701488911127012,-11.407437521172483,4.0,-3.6266084348295182,-38.36886418478605,-10.060361938876754,11.799436910703447,0.2169,0.3981,17.5,0.0779,0.0121,0.07518635054567555,-0.4119066356231726,1.2014968289416736,0.6878340334033404,0.9111040591549067,0.7781535492128713,0.58147118773502,0.7092321667883954,0.49276686563526956,0.7165143184591327,0.8495477372596018,0.9083773909305825,0.9102879073218055,0.5397101096575891,0.588423251899658,0.5792622944699635,0.7895593104508192,0.9205517797542466,0.00129870129870129,0.0,0.0,0.0,0.0,0.0,0.0,0.0,Vaishali R,2805.0
19.85216806494386,180.95397796471005,-53.95905460077224,-15.315792667711204,-12.23992394742904,4.0,-3.7608380977664395,-29.56903244830254,-10.116372448820282,13.04290500925726,0.2363,0.5261,17.0,0.06080000000000001,0.0051,0.2170080925177412,-0.3277457224272189,1.2672602083903137,0.6627817184905792,0.8995462836297309,0.8635187767806614,0.618747293394458,0.5309357819589989,0.7471105353125325,0.5910475900075434,0.8788540183174136,0.926981745436359,0.8652767235926628,0.6349634143940672,0.4653094437024823,0.6642419982050419,0.6564019791446638,0.7911538152395241,0.005,0.0,0.0,0.0,0.0,0.0,0.0,0.0,Vaishali R,2805.0
22.193736569636812,207.95523369485787,-63.34073619303276,-14.929395812347323,-11.118416982310242,3.9752098880597018,-8.686951518979251,-32.179001637483395,-10.812540942801549,10.410360812829301,0.20659999999999998,0.42849999999999994,15.7,0.06070000000000001,0.0071,0.09477290123391081,-0.15832935790744979,1.392861734286735,0.8347453703703703,0.7222089078603464,0.834104178551853,0.663471679157163,0.7751140873015873,0.6765506020559601,0.7416793974369656,0.9661290322580646,0.869060633213859,0.6947846585789665,0.6545157703886153,0.34649409420092125,0.8099634320782577,0.872642804009083,0.9059332912457914,0.0,0.0,0.0,0.0,0.0,0.0,0.0,0.0,Vaishali R,2805.0
19.656937055998636,186.2676302071862,-56.784176878647884,-15.148667577815194,-11.64655355808932,3.996739130434783,-7.626000670107977,-28.49957175637895,-10.485425402622576,12.625302955931343,0.2023,0.5271,18.9,0.10289999999999999,0.0262,0.10189198389528775,-0.16190878369681067,1.8861749466192443,0.6919262586614238,0.8435013458795495,0.9466666666666667,0.8024206236669575,0.6096224464989725,0.5498285435449718,0.5832003251465613,0.8645196864245583,0.7913605927667346,0.933879781420765,0.5453004833819228,0.8503954437996992,0.5964470728943299,0.8019324391455539,0.7709691262115399,0.00054644808743169,0.0,0.0,0.0,0.0,0.0,0.0,0.0,Vaishali R,2805.0
19.02173807145561,172.84516014100262,-65.25047396727602,-15.960020402870319,-12.0456223882691,4.0,-6.602523857172232,-36.040206003484094,-10.332820946412799,11.730719630932523,0.2298,0.35280000000000006,16.9,0.0816,0.0057,0.14508973307538095,-0.21208139368377205,1.4389105453883337,0.5965946482895635,0.854058494781064,0.8761811975509424,0.6770273794002607,0.5801799826984715,0.6242251926658131,0.5001011982367914,0.9195070466256906,0.8523920851321503,0.8465840004112284,0.5432061057560016,0.37584265966959984,0.5550845092491581,0.8711150431489415,0.7915005680215315,0.0373015873015873,0.0,0.0,0.0,0.0,0.0,0.0,0.0,Vaishali R,2805.0
18.406596731995975,176.973102046537,-59.897848447028444,-14.883268535944557,-11.749167321371578,4.0,-5.686965479714667,-34.33385122428637,-10.287707281774436,13.043111396063171,0.21020000000000003,0.48310000000000003,18.9,0.037,0.0103,0.012001174376634852,-0.5903400960651802,1.726171940939682,0.6666024772149715,0.8963287931580615,0.8277992692855276,0.6009432788418337,0.6249603013015939,0.6466548954899801,0.5086720087038075,0.8986031042128604,0.8598162788660073,0.9326530612244899,0.6026403281048085,0.5876604638655868,0.5128954030413604,0.8179444504026797,0.8944267332437104,0.00127520645285192,0.0,0.0,0.0,0.0,0.0,0.0,0.0,Vaishali R,2805.0
20.826406486665338,187.60849817057579,-69.60408463173187,-13.16040352480104,-12.318051549477097,4.0,-8.302770573306429,-42.541921390510026,-10.063589082238405,12.782651488601141,0.223,0.44699999999999995,21.0,0.04939999999999999,0.0099,0.26952801007288485,-0.39940597048496274,1.42082425125535,0.7202327914327171,0.8899343510392319,0.8585707273135934,0.5470146624690149,0.6372948938366985,0.543412159437939,0.5921380425993525,0.9455555555555556,0.8391164067863096,0.9840125391849529,0.593420077050211,0.44921933404985037,0.5974469923749168,0.7723163799617343,0.9114276619449309,0.007608695652173909,0.0,0.0,0.0,0.0,0.0,0.0,0.0,Vasif Durarbayli,2981.0
21.194437574689903,194.6373663376181,-60.258051941941595,-15.023194805245037,-12.071499898865339,4.0,-5.463201987354554,-34.24150659147732,-10.301663725224405,12.843015066225067,0.21399999999999997,0.5276,17.0,0.077,0.014000000000000002,0.11198056654762938,-0.2907191547599018,1.3883662667135535,0.7956186355141235,0.9353773113443278,0.7743052847313716,0.8404454106280193,0.6629648704681261,0.45924326395795134,0.547382575861787,0.8401583098861527,0.8136638365748631,0.9398441223832528,0.6589783902244489,0.5035823560891479,0.7286855899822191,0.8687826672522325,0.7473477826629755,0.0,0.0,0.0,0.0,0.0,0.0,0.0,0.0,Vasif Durarbayli,2981.0
21.795566384303164,208.48109358290003,-60.5064972795004,-15.748982824273673,-10.990376989014692,3.9984375,-2.636343567762956,-35.28850788961098,-10.276094158573667,10.43537064973557,0.2191,0.4979,20.5,0.06439999999999999,0.012199999999999999,0.24463593662198893,-0.46529239346498735,1.5108110767214746,0.8516784982435597,0.8305554345722028,0.7979337671982489,0.5175654906688119,0.48637046715025284,0.698368850624647,0.5991233194398017,0.9534868592245642,0.8081969246031747,0.790951352593883,0.6448909501336108,0.5330906499579655,0.6493919027647614,0.8503735573078461,0.8570625102019118,0.0,0.0,0.0,0.0,0.0,0.0,0.0,0.0,Vasif Durarbayli,2981.0
19.889178567753913,195.6956268363588,-56.73263977660464,-12.378225794899654,-12.326969484126272,4.0,-7.89906583354102,-30.947776690429254,-9.650547729804654,12.46994575619621,0.23729999999999998,0.4109,16.5,0.1115,0.0098,0.0898946943042748,-0.31137175257331867,0.7736014663429227,0.810797859074192,0.8391368832005153,0.8614639224813919,0.7178518464039765,0.7534985665907378,0.3997135619407351,0.6147162708634621,0.7900686374897594,0.7003150774641922,0.7549199792030382,0.6773287829214328,0.28314195520126406,0.559002229602655,0.8714972687690367,0.9371773389384732,0.0,0.0,0.0,0.0,0.0,0.0,0.0,0.0,Vasif Durarbayli,2981.0
16.276656375355074,149.17184835970676,-69.28792024799539,-15.205977827919085,-13.04687998206891,3.9966560930478456,-5.7920744662915435,-41.91471647383921,-10.804493068943565,13.479565478019088,0.2076,0.504,23.1,0.0726,0.009899999999999999,0.2278599052378473,-0.2590016194023196,1.1172308360267902,0.5113240506118396,0.8286349918789544,0.8076014043781379,0.5928978818322166,0.6045549954626953,0.5602457381287308,0.44686666648501366,0.7060894703669818,0.7873591522259124,0.6956333420191403,0.548699514199373,0.45599108515973674,0.5154555216923854,0.48136378187603,0.7311501922716281,0.0,0.0,0.0,0.0,0.0,0.0,0.0,0.0,Vasif Durarbayli,2981.0
19.138241258174222,168.7515759146669,-66.63685953326683,-14.340993622753043,-12.02520972650309,4.0,-6.52461381107135,-38.9315510487867,-10.66967742653456,11.855186102381927,0.24410000000000004,0.4789999999999999,17.4,0.0809,0.013300000000000001,0.3631762461757039,-0.375250064281538,1.0740165503416896,0.6155974372461352,0.7738317465350921,0.7755223863348113,0.58354061796197,0.5928532903551723,0.44771861583637396,0.5036611921424569,0.8675317722092822,0.8055587518026078,0.7534175382584763,0.5794909120642753,0.47884066182879204,0.5754189608871633,0.7670653078907798,0.8295529059866655,0.01232829073204659,0.0,0.0,0.0,0.0,0.0,0.0,0.0,Vasif Durarbayli,2981.0
20.23412882123603,188.2553477176066,-60.242393148101904,-14.626390653432567,-11.627164917297842,3.993413343654828,-5.731810178763361,-34.253747864559834,-10.233943246517748,12.237250368814616,0.219883710198431,0.4773290263036456,19.339640055376098,0.0699700046146746,0.0096894323950161,0.1525833193051463,-0.2861858380561498,1.379664126756298,0.7323679775795382,0.8564053926129006,0.8244063257728793,0.6403834951673538,0.6292397724043961,0.5755733594693248,0.5866727435808152,0.880516633670852,0.8644665603109181,0.8275269704359204,0.6020259340214845,0.4650632840723712,0.5961937932553129,0.7969397576729208,0.8506073695871502,0.0622871194995821,0.0532186274100422,0.0,,,,,,Vasif Durarbayli,2981.0
21.11596153846154,197.08907203907202,-55.2227609762057,-14.78580586080586,-11.804503955448684,4.0,-6.0376144688644695,-29.892208485958484,-10.066570512820514,13.363942307692307,0.21820000000000003,0.5444,15.3,0.0639,0.024,0.1018391330891331,-0.458064713064713,1.3525457875457878,0.7414598908451029,0.9169842045269501,0.929800887839361,0.6214126033289151,0.7436772219077894,0.6989352713988793,0.7620055801426592,0.8434731329696332,0.8572543398630355,0.864171701393936,0.744051586145819,0.42725379163628946,0.7878600024724131,0.7814621591371566,0.891199166223496,0.0,0.0,0.0,0.0,0.0,0.0,0.0,0.0,Vasif Durarbayli,2981.0
20.203300337268665,178.46531540565738,-51.487170611236834,-14.40419162172644,-11.710251617748968,4.0,-4.420904101474244,-26.301390398896842,-10.180478168628795,11.530045297238456,0.2373,0.40309999999999996,16.7,0.0469,0.008199999999999999,0.16525329449756204,-0.4944485555415462,1.297927978169343,0.722402639475282,0.9268211527035056,0.8373024283382339,0.5733976085299808,0.7196412360478857,0.5747175469226043,0.5904642398766233,0.8861614555732202,0.8973608903020667,0.8362712528123486,0.5439796825673399,0.5249097152794376,0.4668702864974167,0.9734275528393177,0.9409576115458467,0.0,0.0,0.0,0.0,0.0,0.0,0.0,0.0,Vasif Durarbayli,2981.0
21.038170717882927,191.82791185724017,-58.54767867232605,-13.555658348303478,-11.148059699254492,4.0,-8.914960511190866,-32.04569520640803,-10.276931084881062,13.39362617771188,0.22160000000000002,0.39330000000000004,20.4,0.0673,0.013600000000000001,0.25110719317398417,-0.23247522653621325,1.1593316571190484,0.7080059647193322,0.8903382166983727,0.7657081400340405,0.6988937644168243,0.7586578863373635,0.6638489912914667,0.4968958991908668,0.8153359935017626,0.8735751887109997,0.909781872375017,0.47043701777302144,0.5573930664830169,0.6104650051364042,0.7460038238123706,0.8147478099386809,0.03212555745139363,0.0,0.0,0.0,0.0,0.0,0.0,0.0,Vasif Durarbayli,2981.0
20.372127229147154,198.73875748964028,-59.79784023728173,-15.971233718098059,-11.22285125116345,3.986274509803921,-4.941464066909195,-31.672861005039522,-10.847848400516618,10.872143694641187,0.2445,0.3745,18.0,0.0726,0.010100000000000001,0.13065399396724342,-0.1498433296718737,0.955889201393431,0.7646878269288514,0.8474815679976639,0.8318989374845565,0.49827017681978614,0.5494412081134558,0.6795524945762235,0.6475941462667324,0.8749222130166621,0.8253228461679166,0.601128581986171,0.6527323132687787,0.19382054355281053,0.6650994987333664,0.7834689126069652,0.7685550620165977,0.00202020202020202,0.0,0.0,0.0,0.0,0.0,0.0,0.0,Vasif Durarbayli,2981.0
22.671480417802442,196.51015449604157,-54.908022670288084,-13.264005698911149,-11.937392927024304,4.0,-7.995054001121853,-27.711191348819266,-9.557112149437511,11.556733455026004,0.2052,0.5748999999999999,18.3,0.0741,0.0152,0.11943176857748602,-0.07675335775335772,2.0313266157893524,0.7453634169485841,0.9079671236354404,0.8201791113213861,0.8232758713413114,0.6326189860888476,0.7245510679116691,0.8510642477664463,0.873770325203252,0.8324966795460034,0.8660815911730546,0.7258260134016054,0.8125703564727955,0.6129059632641816,0.8250562748582551,0.8891575091575092,0.00222222222222222,0.0,0.0,0.0,0.0,0.0,0.0,0.0,Vasif Durarbayli,2981.0
20.763147097854148,202.70221328820134,-51.328072114060284,-12.491899064193007,-11.697756769854667,3.988679245283019,-3.5543148633888455,-29.231988799019586,-9.69154687169831,11.350755008811117,0.2271,0.4468,14.4,0.0998,0.0072,0.15079615849228561,-0.37944312886716064,1.0629677340203656,0.8047899625002429,0.9392523364485982,0.8388405986536828,0.6587778576563623,0.7191111951111951,0.6063553480282453,0.6270997396978706,0.9437785377037713,0.9383177570093458,0.8835524475524477,0.5852328482328482,0.4627076072870465,0.5705157821045672,0.7785814523104243,0.8280621528004707,0.0,0.0,0.0,0.0,0.0,0.0,0.0,0.0,Vasif Durarbayli,2981.0
21.174047641044588,197.59046310606973,-62.28810723089462,-14.908549859401415,-15.048735542576859,4.0,-1.9044234737438057,-36.45359520426541,-9.55237739114684,11.579574240239715,0.191,0.5949,18.3,0.05820000000000001,0.0027,0.07484081776554444,-0.41378688361446975,1.7675491245508066,0.8250600517368809,0.88731737012987,0.8473484848484848,0.6117445587073426,0.6218485519946831,0.5655787156843717,0.6743896598448743,0.9756868131868132,0.9621212121212122,0.802535018947971,0.8221685403886833,0.4577478209343221,0.6482694676597116,0.6753523763406017,0.9155750630782171,0.00365853658536585,0.0,0.0,0.0,0.0,0.0,0.0,0.0,Vasif Durarbayli,2981.0
22.756177169161266,205.6577808063502,-55.08006069966984,-13.92881854336001,-12.166812619081266,4.0,-2.1688911698949,-32.007375322417005,-9.561144528719781,10.752981483803117,0.2061,0.5252000000000001,18.1,0.053099999999999994,0.0049,0.08984630430593572,-0.28517706410729665,1.0592893354553075,0.8564544507099251,0.868421052631579,0.9687070707070708,0.7360035244016937,0.5825764357493226,0.5910255141766562,0.6886687060804696,0.8749073578929354,0.8898686013828989,0.80050143812495,0.7305746358867898,0.39020504297022174,0.7533878322853707,0.8336419998201945,0.8917406471383098,0.0,0.0,0.0,0.0,0.0,0.0,0.0,0.0,Vasif Durarbayli,2981.0
21.472814315004666,196.57620325301468,-54.76149844764755,-15.015642416740345,-10.111470926149128,3.9972222222222222,-2.667371476473525,-31.756344896721338,-10.172047687443078,10.964156733657639,0.23769999999999997,0.6205999999999999,18.4,0.06549999999999999,0.0113,0.1403791587428971,-0.1800183762571234,1.5834705910432727,0.7126038801497796,0.8967952643396611,0.8329212121740778,0.6569889945435725,0.6968728939275752,0.6050209673685324,0.6520357306934949,1.0,0.9985915492957746,0.8812248714352501,0.8548170669909799,0.5562734314101273,0.42722857734471165,0.6971368948088522,0.8771122780695173,0.01333333333333333,0.0,0.0,0.0,0.0,0.0,0.0,0.0,Vasif Durarbayli,2981.0
19.377991716721247,174.28989858132914,-56.19315382921202,-13.349965980083898,-11.115004553754963,3.6,-3.8307402943437174,-32.741080831813306,-9.045601237800302,10.28923906858418,0.1911,0.4652,18.5,0.0548,0.0045,0.15886671220379864,-0.2962876778660434,0.8609680141572952,0.7172295401953097,0.9764044943820224,0.8131333429367137,0.6992676352187719,0.7871988476639639,0.5837225750036045,0.5465197209520439,0.9124700299700301,0.8616829447009746,0.8718806193806194,0.5708556705466817,0.45678092876551196,0.5035825841986019,0.8307337107337107,0.9341214341214341,0.0,0.0,0.0,0.0,0.0,0.0,0.0,0.0,Vasif Durarbayli,2981.0
18.46361391603935,156.01514721981556,-58.56986066054818,-14.161332166236141,-11.126118300563707,3.989857744994731,-7.035396503911525,-32.58456552693053,-10.17651801478481,12.524212106883796,0.22350000000000003,0.4889,21.3,0.0636,0.011300000000000001,0.1362652782085848,-0.15876166322648794,1.4523627690346737,0.5909653902046649,0.8470347113204255,0.8222308154030843,0.6139709507284696,0.6753881563823738,0.4140965328331349,0.5961285951627614,0.9154561824729892,0.8762755102040817,0.7133779274192807,0.5901430269325406,0.42194984151239384,0.6991895571218408,0.8005948452255396,0.7809546126142765,0.0007142857142857101,0.0,0.0,0.0,0.0,0.0,0.0,0.0,Vasif Durarbayli,2981.0
18.546613722666255,185.77671532373864,-66.9717798795589,-14.227627865613021,-13.349712871863705,4.0,-8.92496210817913,-35.517763850138884,-10.52738584210304,11.575672658338885,0.22399999999999998,0.4492000000000001,17.2,0.0708,0.03269999999999999,0.1493814656101938,-0.31536148619064075,1.6972958526428144,0.7530530949466939,0.8408590102707748,0.8447518528533878,0.6864861297084879,0.8000459791994172,0.6329922449864175,0.5465401438957599,0.8715625100614958,0.7148475546497555,0.744245262325838,0.5421332694288249,0.6371825794979034,0.7013976286219268,0.7691308653396247,0.8635939488660718,0.0,0.0,0.0,0.0,0.0,0.0,0.0,0.0,Vasif Durarbayli,2981.0
22.858321109739354,211.12310223695167,-59.53030576434868,-14.633074804320632,-11.979357874718222,3.9946527777777776,-6.994885155939104,-32.088405657962106,-10.4536146466159,12.624379597429513,0.2113,0.46340000000000003,15.5,0.0499,0.0094,0.048685620707311486,-0.10043734491315134,2.161623723653062,0.8818097832821069,0.9250549450549451,0.7648199793162194,0.796235334521464,0.6625316531356428,0.6023699754680549,0.7438265463121096,0.9743999999999999,0.9808,0.957059492231906,0.6267659506218828,0.40498457503987845,0.7224315295429398,0.8873719772214187,0.9610122272094103,0.0,0.0,0.0,0.0,0.0,0.0,0.0,0.0,Vasif Durarbayli,2981.0
20.08011053812846,197.52705200355496,-57.00288914544765,-14.277071540533388,-11.600661224503508,4.0,-3.351577704277272,-33.11928511462586,-9.993779477157336,11.339485915649728,0.2479,0.3996,17.2,0.07980000000000001,0.010199999999999999,0.2353269089999213,-0.3171819428194408,1.0077234524187013,0.7376145552846405,0.7428214831842654,0.9506666666666668,0.6469314954271388,0.6116566582611708,0.5541352519009746,0.6203155271413255,0.876923076923077,0.8574265734265734,0.8147377021603825,0.5364027955391817,0.25149782341464605,0.6088383040903761,0.9354871794871794,0.899572297118689,0.01923076923076923,0.0,0.0,0.0,0.0,0.0,0.0,0.0,Vasif Durarbayli,2981.0
20.079707143140144,187.21238917851272,-57.88062118118056,-15.34545238108823,-11.5945503368079,3.9981400675975887,-5.043275758323443,-31.231868983369047,-10.333929826644168,11.670316037454636,0.2183756432246998,0.4525866209262436,17.427101200686106,0.0669536878216123,0.0080651801029159,0.0980594869517795,-0.306344971913655,1.7928263100556392,0.7607667648437082,0.8870709866891449,0.8235447459860289,0.6537354657258418,0.6280420069743815,0.582772661525921,0.5776456918672821,0.9088291509545788,0.885747726627985,0.8261353074664759,0.6444829486355219,0.5726310138433512,0.6486528559468546,0.7923101615937581,0.8442797663287662,0.0676078436853897,0.046667154638169,,,,,,,Vitaliy Bernadskiy,2888.0
18.673141845505974,183.2557016841759,-58.22117729781864,-15.958394694001708,-11.748948756252954,3.99795918367347,-4.124106901306879,-30.945674325587913,-10.84381834752996,11.401806543187286,0.20739999999999997,0.4062,18.8,0.08990000000000001,0.002,0.060262736069218684,-0.35695075735995957,1.5622423211942633,0.7064167406619257,0.8284732827455443,0.8464330013091047,0.5512288514810847,0.6993523840432578,0.4882721391075754,0.6349480122686324,0.8577009323174968,0.8335594740405601,0.7296130189184662,0.600955668402156,0.39572229971405537,0.529806097802189,0.8130119939279734,0.8438203043681807,0.0,0.0,0.0,0.0,0.0,0.0,0.0,0.0,Vitaliy Bernadskiy,2888.0
18.435422606347107,175.98847862333147,-61.57851543137507,-16.99935240711783,-12.75510986261934,4.0,-4.034590920796086,-33.297482209873266,-10.438600402019073,11.94662037105052,0.2274,0.5330999999999999,16.8,0.05349999999999999,0.0,0.08183786143515341,-0.5306119358084924,1.7437627007537337,0.7234339737193394,0.8527592341761266,0.7674309383470985,0.7637911184210526,0.6931042061283763,0.3473841104300802,0.5050954615625582,0.8791093636528686,0.8665123516511868,0.7728079145687811,0.6233544569143447,0.6635574275762937,0.7200693423299811,0.6680500244688519,0.85515625,0.012192245319180301,0.0,0.0,0.0,0.0,0.0,0.0,0.0,Vitaliy Bernadskiy,2888.0
19.283021325563492,185.32378163029915,-57.251273434928486,-15.567415403603558,-11.768962555788061,3.9888888888888885,-2.8327937648308703,-31.469950302331767,-10.12454668816316,10.523506390900037,0.2271,0.32239999999999996,14.6,0.0929,0.006900000000000001,-0.06868197410410676,-0.3378195840058658,1.479337111643146,0.7086492251887556,0.8541780398469578,0.8579418485571043,0.6768022246621663,0.7313135805513301,0.6119994794918229,0.5376384161535253,0.9244667658730158,0.8863903427750411,0.735477230252355,0.5357323944015755,0.4759290265151767,0.7979150812071071,0.7289589808551887,0.9451131465517241,0.03080186097427476,0.0,0.0,0.0,0.0,0.0,0.0,0.0,Vitaliy Bernadskiy,2888.0
20.582618485525575,187.9427503477266,-57.54226782189015,-15.240016005095503,-11.643142696037241,4.0,-6.8282959123978255,-29.530111495693934,-10.700496909660355,12.399795196994704,0.1806,0.4572,15.9,0.08979999999999999,0.01,0.12625307424141505,-0.1581437701515198,1.699929670122911,0.7333355795347356,0.9266056083220262,0.8685522507018207,0.618117873131546,0.6229882619395964,0.6298478178523229,0.588476353555526,0.8983687237336871,0.959146897810219,0.7569720820908051,0.4208463876416039,0.6030367648732886,0.8161653524378272,0.8364078430410924,0.8346864898212625,0.00060240963855421,0.0,0.0,0.0,0.0,0.0,0.0,0.0,Vitaliy Bernadskiy,2888.0
20.346777248925545,189.0998201585875,-60.11818695319441,-16.395923738667822,-11.674743762371097,4.0,-3.616583047717922,-33.873162496938825,-10.6164895250174,12.058715617518656,0.23129999999999998,0.44329999999999997,18.8,0.053000000000000005,0.007299999999999999,0.10750589256162033,-0.31388462952149626,1.5238582980135966,0.7055548689334982,0.9479281302638967,0.7842065258584122,0.6425887448909597,0.5840436013580084,0.6653766252656325,0.5526037677662766,0.8972401316102522,0.8354755617782441,0.8619642808111927,0.6398989473351755,0.549782030952456,0.5779639636636561,0.724366740484326,0.905640833635057,0.0,0.0,0.0,0.0,0.0,0.0,0.0,0.0,Vitaliy Bernadskiy,2888.0
19.228585177628734,178.47075250466384,-59.870156947668214,-14.266221457504653,-11.645704588840845,4.0,-3.7257982156110017,-36.040275687360776,-9.802126067410189,11.609969069059252,0.24539999999999998,0.4859,17.4,0.0502,0.0034000000000000002,0.05006020004887971,-0.09314720457499277,1.9530366123002665,0.6624871546363249,0.971311475409836,0.8128292354802749,0.6070898202649073,0.6186865126448128,0.5442881242433699,0.5749959480406963,0.8852593868683621,0.889734414116127,0.8760167656584091,0.7140251163944888,0.48508628322855535,0.5055389996484171,0.7348414729754864,0.8909181096681097,0.01140350877192982,0.0,0.0,0.0,0.0,0.0,0.0,0.0,Vitaliy Bernadskiy,2888.0
19.521850046722015,186.72649445833866,-60.24690547192243,-15.933189155156787,-10.75671756125084,4.0,-4.817913960047118,-33.42181229233894,-10.27247940496479,10.95520690183603,0.2243,0.4907,15.4,0.0619,0.0047,0.05524544467255836,-0.5891000524602551,1.556758786436017,0.7228925839218368,0.9674544203646371,0.8316543481780971,0.6761319794728904,0.5380217382414106,0.6500980696443046,0.5095125065544924,0.8667432606930896,0.9263417865836748,0.7722738059818821,0.7800908329003928,0.40717651759145185,0.7761264601277779,0.8487701211792368,0.9577319587628865,0.0008771929824561399,0.0,0.0,0.0,0.0,0.0,0.0,0.0,Vitaliy Bernadskiy,2888.0
18.85736352127355,168.40446402777172,-74.62691269767677,-17.538991814621657,-14.098017817892977,3.9957142857142856,-7.180781944461872,-41.886701473495805,-11.754897183194473,13.836763250275704,0.21390000000000003,0.4791,26.3,0.069,0.0081,0.18099513636001366,-0.26663126297386613,1.3568050394994093,0.595491268714366,0.725138892307854,0.7837989781146146,0.589682017350346,0.4683803711941238,0.4366798654980567,0.6158595646117846,0.7871672853531935,0.7312124518355749,0.6310600116382226,0.4282402435933033,0.3984695745217059,0.6048497380235249,0.7962914376626421,0.8451622626875143,0.00827067669172932,0.0,0.0,0.0,0.0,0.0,0.0,0.0,Vitaliy Bernadskiy,2888.0
22.102826643226006,189.23396300212988,-52.49885956562866,-14.822114319824212,-11.286247632192417,4.0,-5.6628637777972495,-26.37182580562172,-10.085326612126837,11.72951858193378,0.221,0.5015,13.6,0.03949999999999999,0.0,0.01614197023061343,-0.39669410172258746,1.8511068297921747,0.8279498916961707,0.9782608695652174,0.8532652582245014,0.6756281074377511,0.6949367593892679,0.8214142097314046,0.6286117010789954,0.9936246881640949,0.9757966001913312,0.8343785902515914,0.6750605952505959,0.6987482486894445,0.7599688405564141,0.8779809105031772,0.8716576894034734,0.0,0.0,0.0,0.0,0.0,0.0,0.0,0.0,Vitaliy Bernadskiy,2888.0
20.7435777269793,178.59972961862957,-54.90760258152877,-14.028015615097553,-11.432509486877436,3.976743697478992,-7.5516817650573955,-27.053734067371504,-10.810656505888947,11.992251161285077,0.242,0.36519999999999997,16.7,0.0837,0.0079,0.07263421218419094,-0.23362012110160607,1.6900663325647993,0.7083860706892123,0.8136469506825506,0.8391549812709824,0.6745540249422828,0.74781301032211,0.523206708278132,0.6402426146766494,0.8739718663487132,0.8843905962700289,0.7279203589772297,0.5262759584603591,0.6446621998992937,0.711786533792836,0.8121871591315039,0.9169491103645638,0.0007407407407407399,0.0037037037037037,0.0,0.0,0.0,0.0,0.0,0.0,Vitaliy Bernadskiy,2888.0
19.959571214199546,184.99378210816099,-43.4925286875089,-15.275508315901021,-10.37548424994553,4.0,-3.0161761033329855,-19.30097193262892,-10.374186325595861,10.849798239895415,0.22560000000000002,0.4805,14.1,0.0905,0.0059,0.16681095268853233,-0.38612081500280254,1.7855717123990018,0.7704844163755141,0.7815110547472085,0.8488577455079718,0.613737776562473,0.6882628445752342,0.7666231997468478,0.6512004161042497,0.8623710240885976,0.9167735376915859,0.7311650059532901,0.6086119947629843,0.6145449244160766,0.8495716491474112,0.8390496107448581,0.9627450980392156,0.0,0.0,0.0,0.0,0.0,0.0,0.0,0.0,Vitaliy Bernadskiy,2888.0
21.245128219098472,186.84248910319275,-56.26719595150665,-14.170191783807343,-11.727504058731238,4.0,-5.103354854527623,-30.981213450292394,-10.176303802985725,11.891371998837675,0.19890000000000002,0.4782,14.1,0.0673,0.006999999999999999,0.10893647161381717,-0.49901129635683417,1.8817063492063493,0.7190507518796992,0.8695081708274991,0.8648508460868485,0.7045919097388862,0.7003982018211764,0.7299109782884178,0.6873930545644532,0.9455357142857143,0.8939406686191134,0.7366071428571429,0.7227918353576248,0.705033738191633,0.7267165455774267,0.7866144600384537,0.8982559981414209,0.015068922305764402,0.0,0.0,0.0,0.0,0.0,0.0,0.0,Vitaliy Bernadskiy,2888.0
20.293373074116012,185.93764759292196,-54.55867484103205,-15.618073977797986,-11.027037589305746,4.0,-2.7072808623233855,-29.298056019273123,-10.319468656610827,10.41124226427901,0.24920000000000003,0.3809,15.5,0.0546,0.0028,-0.01455834717628684,-0.16420228003347387,1.3129469371735096,0.6573731800421287,0.9523076923076923,0.7563766077664941,0.6980875136584477,0.5934933453436003,0.6120426066847486,0.6241795368951892,0.9196536754304667,0.8747013813651137,0.8426703099867872,0.49289324295683884,0.3715248027253938,0.5987782596537174,0.8851133804660906,0.867469585981253,0.0,0.0,0.0,0.0,0.0,0.0,0.0,0.0,Vitaliy Bernadskiy,2888.0
21.63486604733888,198.58117343474808,-55.53846186820374,-14.875005684754367,-11.87731644350957,4.0,-6.678587242322509,-27.036109320001014,-10.107220489200177,11.035777311583896,0.20529999999999998,0.5025999999999999,15.6,0.0707,0.0012000000000000001,-0.034704297029154306,-0.3689508458444629,1.858166817836326,0.8182526918098887,0.9253439649781112,0.9219149890405106,0.6755297698465343,0.736672005004906,0.7074740090855073,0.45661322094984785,0.9053305570361951,0.9363856371499792,0.8941399823442078,0.531582716919573,0.6087537019350995,0.8251301476301475,0.8877966658454464,0.9468555714968915,0.0048780487804878005,0.0,0.0,0.0,0.0,0.0,0.0,0.0,Vitaliy Bernadskiy,2888.0
19.476997290752976,173.4016947211642,-58.76533819518983,-16.07118102489748,-11.427034875768294,4.0,-7.507024433218783,-32.057552949438225,-11.074912763182466,15.372367851315426,0.21190000000000003,0.5303000000000001,23.3,0.08499999999999999,0.005200000000000001,0.24118603329812566,-0.3256845852533013,1.5561556726594739,0.6838678503539658,0.9049791997579609,0.6449600538464516,0.5490670866410314,0.34531366004607944,0.4982461951794127,0.5052587114905074,0.8144312733337123,0.7597911475353104,0.8342264628111868,0.5730447059715351,0.49831768440744895,0.5227735456528454,0.7576828581678201,0.7084095717979465,0.0034090909090909,0.0,0.0,0.0,0.0,0.0,0.0,0.0,Vitaliy Bernadskiy,2888.0
19.77003566583332,173.62905096709088,-56.94517077430696,-16.30349713799974,-10.414349076663969,4.0,-5.87276283774617,-30.87101654766908,-10.92863588189031,13.445090707662303,0.2323,0.42210000000000003,17.8,0.0685,0.0071,0.11138265711371628,-0.18144602795324283,1.7937473393353798,0.6984447740220256,0.8845821128184046,0.714555881945745,0.4958828194597709,0.7081634978529235,0.5915042949511574,0.4986593328630934,0.9480244070432873,0.9368852459016394,0.7830623288944528,0.6145245764465471,0.41441773316335684,0.5689894792660024,0.756767445256319,0.9023167795640014,0.0,0.0,0.0,0.0,0.0,0.0,0.0,0.0,Vitaliy Bernadskiy,2888.0
19.39446059793873,189.81250900371012,-50.2037020518168,-14.905302869589377,-10.559467997035375,4.0,-2.7341381228579085,-26.108612812228728,-10.375845654617411,10.479665404511994,0.2503,0.507,14.5,0.0615,0.0073999999999999995,0.06820492935145903,-0.27242920232851653,2.1679360927945974,0.7808342467303435,0.9002004752004751,0.9113613283595858,0.5530719869465227,0.5522108417367817,0.5601331881627654,0.6042311112425148,0.9035836357870256,0.87691691486084,0.8328708283674594,0.7805757288788151,0.6610798366810158,0.7057715129786419,0.8019916378009855,0.9008254536161513,0.0,0.0,0.0,0.0,0.0,0.0,0.0,0.0,Vitaliy Bernadskiy,2888.0
21.4452214480932,205.53175614491562,-50.763991072674344,-15.911020301010378,-10.458737989281703,4.0,-3.8600172380737723,-25.445403753710004,-10.24546455164027,11.156652761041778,0.21809999999999996,0.5056,24.0,0.0916,0.015099999999999999,0.032162957371912534,-0.30851755955183124,2.144338010075029,0.8541040541526785,0.9301288960375549,0.7877557808824285,0.6338448653655011,0.6367343247960885,0.5845870536868434,0.5932973092300321,1.0,0.940901053662046,0.8782161165993114,0.5962752659393138,0.711778247573027,0.6719898167596592,0.8075527887219897,0.7782373442141048,0.009677419354838698,0.0,0.0,0.0,0.0,0.0,0.0,0.0,Vitaliy Bernadskiy,2888.0
21.670629821512176,198.0425325269187,-61.70704304428568,-14.574945583129724,-13.17072562753348,3.9957142857142856,-5.870844597826695,-31.978944022997734,-10.296495163669077,10.189197665156746,0.244,0.4128,16.2,0.0333,0.0033,0.11609377312702121,-0.28247363697491573,2.323503342659353,0.8333226324237561,0.8413020967687007,0.8993506596996916,0.5930720099599242,0.660251126519325,0.7197675235801352,0.5761835861232658,0.950354609929078,0.9007238120329015,0.7202818861919906,0.7679862370215037,0.5975251730981148,0.673106060918453,0.8545263839752852,0.8876802915513616,0.0,0.0,0.0,0.0,0.0,0.0,0.0,0.0,Vitaliy Bernadskiy,2888.0
20.376797968163636,189.15630439513197,-70.63405428742855,-17.35276448840832,-12.085529123644026,3.9983050847457626,-5.994565511730822,-41.73757963057873,-10.882110834948637,13.42019021713621,0.1944,0.2827,20.1,0.0636,0.003999999999999999,0.3025573799991714,-0.11535278522970356,2.255561422893887,0.7509089915219569,0.9607261640798226,0.8529651919895823,0.43576628217948166,0.47171110717418197,0.5256279025579789,0.5305491181693703,0.9408536585365853,0.8549484052532833,0.8237377221057278,0.3273016673686838,0.4262147448606332,0.7837818021122408,0.8832210547890529,0.7184871087825478,0.014035087719298239,0.0,0.0,0.0,0.0,0.0,0.0,0.0,Vitaliy Bernadskiy,2888.0
18.73192924351247,170.48203530708548,-63.50668969445037,-15.731310236110378,-11.26180572002322,4.0,-8.520536579414303,-34.42724216285403,-10.783157854207243,13.217362858158811,0.20299999999999999,0.4726,22.8,0.0612,0.0047,0.21182336975393343,-0.051335194352481996,2.1804758257650585,0.6564045606425098,0.8669701149733158,0.6238903640167031,0.5720356773784975,0.5317134166870678,0.41219295674221695,0.7014601744617182,0.8907967997713415,0.8600449767285238,0.5945799297687043,0.586560539349483,0.6307597432534642,0.441772262024522,0.7673589809232291,0.8233234994912472,0.02608695652173913,0.0,0.0,0.0,0.0,0.0,0.0,0.0,Vladimir Fedoseev,3109.0
19.542485085789192,189.80133925374838,-69.45458603954717,-14.631953200160648,-10.949087686564543,4.0,-7.291488504029035,-42.512976834465455,-10.17224069474973,12.103160880422251,0.24699999999999997,0.45760000000000006,22.3,0.058300000000000005,0.0083,0.27481473171941795,-0.2794943340100958,2.0679985049425467,0.735995191301852,0.7878858777533526,0.9793814432989691,0.5894624867713232,0.6538521241550633,0.5274891509018549,0.601798452699756,0.8800711291745591,0.8598181656086247,0.9286713286713286,0.5916608024455494,0.6618552263270381,0.5682507592423234,0.8158593655962132,0.9136836125713479,0.00094339622641509,0.00188679245283018,0.0,0.0,0.0,0.0,0.0,0.0,Vladimir Fedoseev,3109.0
20.10111803393761,186.5392646951009,-60.05167117426687,-14.652171289275447,-11.769760900732193,3.990062627152756,-6.015494049484856,-33.623784266040346,-10.23475519789713,12.25423190201035,0.2163090909090909,0.4506770909090909,18.480727272727272,0.0557818181818181,0.0071585454545454,0.1123385909419373,-0.232047831585636,1.7287852349989854,0.7345230936719902,0.8832600415357779,0.8332767501602922,0.6256409710989276,0.6295802124378771,0.5827715327915974,0.6202722235635417,0.8914652796361695,0.8693654882167527,0.8286478750657139,0.6424915626226293,0.5253886804946042,0.6308314311873997,0.797620668928433,0.8550101829392401,0.0493218455299103,0.0411598223253028,0.0680272108843537,,,,,,Vladimir Fedoseev,3109.0
21.074330718459017,207.53455040595708,-61.64213329270706,-16.27622985553018,-11.285232709082177,4.0,-2.411710856043512,-36.80430720348015,-10.606424374189126,11.741771705618087,0.2031,0.4725,18.5,0.047900000000000005,0.0,0.206743815146094,-0.26791703617947504,1.498241118498827,0.8764996324911489,0.8687677527151212,0.877617479578217,0.6642500743677678,0.626195076423198,0.3996095185990822,0.5027265741675918,0.9006481481481481,0.9581255883611467,0.8121125818847814,0.6954601850119502,0.3349450051103261,0.6365485220946794,0.8422410745846589,0.8746471009019903,0.0,0.0,0.0,0.0,0.0,0.0,0.0,0.0,Vladimir Fedoseev,3109.0
18.148289792925297,168.51323407296496,-62.815090374370605,-16.48113444365743,-12.982194868373705,4.0,-3.492779165901711,-35.43463404665674,-10.957913186717814,12.53356533693679,0.2156,0.3951,26.3,0.0615,0.0086,0.09286676949833031,-0.38537836755032556,1.7573920865012638,0.7039692477287958,0.8182664763183782,0.7195008398770416,0.5892135326799296,0.7239175918188538,0.45496013492576964,0.42181438911517866,0.7650484982068938,0.8667173385907617,0.7620093034980601,0.703283677760423,0.5837416322214273,0.7185237992010818,0.7778996651403295,0.9044049621530699,0.0,0.0,0.0,0.0,0.0,0.0,0.0,0.0,Vladimir Fedoseev,3109.0
18.74633620320126,187.62616417623818,-60.601967324981594,-14.208264242604082,-10.557072587424374,3.996666666666667,-4.609935013451481,-37.411823988192396,-10.327789439697046,12.516251279721113,0.2351,0.40919999999999995,21.1,0.12100000000000002,0.0107,0.3186827848824352,-0.12428204646333471,1.5310503451940352,0.7977408865499895,0.7804821618569908,0.6226629931077181,0.4491771917791455,0.6375610772496255,0.40275156260489975,0.7086155451300776,0.905661408606614,0.7746769692803718,0.7845174878194434,0.5120555185721593,0.5926603846767162,0.6883192467011584,0.5885060001631424,0.8155424666686397,0.00905951421664556,0.01260504201680672,0.0,0.0,0.0,0.0,0.0,0.0,Vladimir Fedoseev,3109.0
22.12324370942571,202.6934001380073,-69.31821581250256,-14.83982075913337,-11.862035512590591,4.0,-10.317431766111735,-38.10684389767306,-10.27867192311441,12.086588046120616,0.2265,0.4079,16.3,0.0472,0.005699999999999999,0.09226699145961564,-0.27278046271610035,1.7836126930106393,0.8202398666908266,0.9276071622354856,0.7884122598558423,0.6153853390425963,0.7568311400797326,0.611529221490641,0.588819782933519,0.9434602500794131,0.9789088612799954,0.758562344577755,0.6190819252587436,0.5600431096818457,0.5727216181682282,0.9374901806755694,0.9802631578947368,0.0,0.0,0.0,0.0,0.0,0.0,0.0,0.0,Vladimir Fedoseev,3109.0
21.260050549514695,201.97888510082078,-59.124119157713984,-12.574679000891585,-11.522581673540042,4.0,-6.2616675378003475,-35.65193699756403,-9.46550117651235,12.352247228594381,0.23529999999999998,0.5303,16.7,0.0725,0.0157,0.15217952806003973,-0.16480986696230598,1.8000464587644132,0.8328507295173961,1.0,0.9504518872939925,0.773219067186729,0.5144200283801619,0.6348061015737436,0.5670526551714363,0.9888888888888889,0.9750946969696969,0.8812885802469136,0.5778008926946804,0.65968676431363,0.6795594837261503,0.7832449494949494,0.8667375534912848,0.0,0.0,0.0,0.0,0.0,0.0,0.0,0.0,Vladimir Fedoseev,3109.0
20.342866507250687,176.96063796763946,-66.85603486589886,-16.321214610707184,-11.675527764148304,3.998,-6.760345423735839,-39.446099653159855,-10.753668482179718,14.102821068032029,0.2244,0.35019999999999996,16.5,0.07699999999999999,0.023600000000000003,-0.0015950825950447167,-0.3863120564816601,1.5896426405982313,0.6791614545011274,0.9643564356435643,0.7562726675810949,0.5587957564297972,0.6998010681466817,0.5843078151500338,0.7103531668387744,0.886470236661582,0.9222924099944201,0.8242617625885977,0.4776434158814859,0.42366773797851226,0.6990831708394454,0.8408265272423183,0.929289172528293,0.00064935064935064,0.0,0.0,0.0,0.0,0.0,0.0,0.0,Vladimir Fedoseev,3109.0
18.501518043291668,174.68363927232457,-56.50714036861092,-14.674875997578344,-11.628518654602827,4.0,-5.581121847454332,-32.0367318852144,-10.033644942513835,13.447752958752826,0.22960000000000003,0.37060000000000004,20.4,0.0517,0.0081,0.2920762506855396,-0.41017205540568097,1.8319519297359776,0.6641453485499189,0.9517942583732057,0.6824464303343307,0.7255286229441882,0.6528490543717846,0.4328995103153842,0.5087299483737049,0.8366643955596567,0.8045444294956677,0.9184652615199669,0.6542739112837465,0.4623615297570575,0.5568052446532021,0.72910991689351,0.8705936783765976,0.00300751879699248,0.0,0.0,0.0,0.0,0.0,0.0,0.0,Vladimir Fedoseev,3109.0
21.442439924009314,198.27958069247043,-69.88355172031513,-14.99100131961347,-12.978832430668614,4.0,-6.1785758312164925,-39.99775151102233,-9.846074015929979,10.10868338813575,0.22610000000000002,0.49639999999999995,16.3,0.05700000000000001,0.004,0.05295415938926815,-0.2771337467571526,1.3151584579971678,0.768431165150548,0.9024428409674311,0.934083148722493,0.5238091443538475,0.7028835876791517,0.5311318303523842,0.7609960944551107,0.970945945945946,0.8267317317317318,0.8259056288689847,0.7449296643582357,0.4531251389937159,0.6746798320568812,0.8193843864528532,0.9099180393468863,0.00133333333333333,0.0,0.0,0.0,0.0,0.0,0.0,0.0,Vladimir Fedoseev,3109.0
21.27110531041891,204.39094800538987,-69.90693579386675,-15.198162531835163,-13.178533180205491,3.9986486486486483,-8.095035570175007,-37.55644149778421,-10.398028041684778,10.520616379169251,0.19979999999999998,0.40939999999999993,14.1,0.026999999999999996,0.0,0.0026543187757430047,-0.20909093417462254,1.77133351432822,0.8812187182638077,0.8215777014809035,0.8409076288520285,0.7214944052926138,0.7234330669220722,0.6339814501260412,0.5785670411631944,0.8698671186045284,0.7945780759503812,0.6773927323258894,0.6531708109199246,0.6683402640083023,0.6990094026395783,0.8943944522845031,0.948993288590604,0.0,0.0,0.0,0.0,0.0,0.0,0.0,0.0,Vladimir Fedoseev,3109.0
20.847551530570254,184.28124036810283,-50.05156945726048,-15.488940576925145,-10.674000486961482,4.0,-2.2596567571201076,-28.4442719364323,-9.68781727436784,12.50311757454639,0.22549999999999998,0.5088,17.9,0.028599999999999997,0.0032,0.01857277095659827,-0.3796000596235795,1.4905720257335147,0.6884783196113988,0.94011544011544,0.8606176976092182,0.6979411761634406,0.6711414488293594,0.4632846151334132,0.6548777354900583,0.9348598428058696,1.0,0.8837029594446475,0.5999953874936512,0.6184846980752184,0.639033852990473,0.8532129817444218,0.7807262449068229,0.0,0.0,0.0,0.0,0.0,0.0,0.0,0.0,Vladimir Fedoseev,3109.0
19.504334504529716,183.0838414060666,-52.737130203808476,-16.020861573628526,-11.018567562077795,4.0,-6.729890421577435,-23.923756991022238,-10.775425562999809,11.731371907497337,0.2283,0.31120000000000003,16.5,0.039900000000000005,0.0014,0.02863409556694796,-0.13771264063130978,1.7716127336605745,0.697872572066844,0.8180069184546797,0.7804720506860939,0.6514216623263962,0.6679370722002556,0.5987316401332425,0.6823683453333274,0.8810940071227419,0.8629608805015495,0.8980462511298896,0.5903476983005249,0.5116396501527557,0.6417157664729223,0.8502420107577979,0.8987324094961865,0.0,0.0,0.0,0.0,0.0,0.0,0.0,0.0,Vladimir Fedoseev,3109.0
17.76161438154644,172.95941602162534,-68.66677517502255,-16.011953816164414,-12.314423131172301,3.9930232558139536,-5.894050460339625,-38.57064481593149,-10.911553268109206,11.042827060880501,0.20770000000000005,0.363,24.5,0.0825,0.010700000000000001,0.046411133248415705,-0.27547281190841005,1.397365481626744,0.6110416023380799,0.8572549361161312,0.7776456508906971,0.4603323429171585,0.5895828272001414,0.6161125554748443,0.6174779930762488,0.8280231723941089,0.9023811171802697,0.8535974659456954,0.514512687833647,0.4512428715855304,0.6129604256546288,0.7230222812890646,0.6808477607164256,0.0,0.0,0.0,0.0,0.0,0.0,0.0,0.0,Vladimir Fedoseev,3109.0
21.963968712817397,198.28312318042583,-58.03064519628324,-14.348829776461354,-11.130426435998691,4.0,-5.794599424698109,-32.51372259563049,-10.091750066454013,11.848683102959418,0.2334,0.4949,13.4,0.0322,0.003,-0.0258095681121997,-0.08468696995012781,1.4588583833320676,0.7625021266459314,0.8511030303030303,0.82082327831837,0.7162004569646794,0.564513206658004,0.593976142638614,0.7304033126890479,0.9304,0.8895853754940711,0.8013822049634406,0.3728798427392544,0.5503209365929443,0.8168364159190246,0.8493288600288601,0.8288920398544881,0.0016,0.0,0.0,0.0,0.0,0.0,0.0,0.0,Vladimir Fedoseev,3109.0
21.66165037771887,191.35136504550266,-60.776285135388136,-14.844802278970608,-12.549320599720179,4.0,-5.546156081477672,-34.19996315092065,-9.897874454490813,12.261831430191783,0.2063,0.5549,17.1,0.051500000000000004,0.0087,0.03638217631943215,-0.2612649933696781,2.177036439114379,0.8247918654624335,0.9621807091117042,0.7826348006676447,0.5870603793531167,0.6180163578235822,0.7200731924279539,0.5992934558005376,0.9923220390987989,0.9256488035052242,0.7902074573186169,0.8570158055668198,0.6422755542166193,0.7478447538305981,0.8533076759847917,0.9876923076923078,0.0,0.0,0.0,0.0,0.0,0.0,0.0,0.0,Vladimir Fedoseev,3109.0
19.506483882159106,188.51042039266116,-59.392036600278665,-14.088274286013505,-11.911117440778154,4.0,-8.742088783147299,-31.001298274196966,-10.414128143179294,12.764870327036544,0.22000000000000003,0.40099999999999997,19.3,0.0637,0.0099,0.1000468628131997,-0.28353999058246326,1.5798155431555876,0.7254089755971981,0.8766841415465269,0.837105152648687,0.6241932628386941,0.7896291949851755,0.6047193191597324,0.4845445160079052,0.9684529411764705,0.8812295903383756,0.8581032511365201,0.6005741607278152,0.5518731297592715,0.74772108671571,0.6073543314573536,0.6630388171952528,0.0,0.0,0.0,0.0,0.0,0.0,0.0,0.0,Vladimir Fedoseev,3109.0
20.866325325158506,189.0751883203257,-52.34950076971501,-15.103758652536527,-10.998147630327079,4.0,-7.817996273910637,-25.12836405147734,-11.224705207820282,13.923471046356863,0.19140000000000001,0.40170000000000006,24.1,0.0892,0.0016,0.09532542333434396,-0.3827009287669413,1.3100759178859092,0.7362101283088618,0.7725418782131112,0.8423099895119834,0.5440489093789542,0.5498999889634879,0.6911951585417146,0.5795409284665995,0.8448957185492855,0.864298467489957,0.7403520880169088,0.4829273736276659,0.44786254401266384,0.7097719105531028,0.7300537497540001,0.7709922598608456,0.0,0.0,0.0,0.0,0.0,0.0,0.0,0.0,Vladimir Fedoseev,3109.0
20.071726283857423,191.35273952292167,-54.53687039219119,-15.705314368583439,-10.489621492825552,4.0,-2.6949259834266166,-32.32820401906933,-10.156712197117733,12.83790766883148,0.24180000000000001,0.3229,17.3,0.0638,0.010400000000000001,0.05997593514450068,-0.27768135470672617,1.9303644297927114,0.7965997191122847,0.9187843510122677,0.8571855757863794,0.6454653617403447,0.6430651012013526,0.5638064858654956,0.690455893572133,0.9543111245100995,0.8864560632815079,1.0,0.7346985453548361,0.44327628096809757,0.4706549594884225,0.9412441471571906,0.9620516545601291,0.0,0.0,0.0,0.0,0.0,0.0,0.0,0.0,Vladimir Fedoseev,3109.0
20.67632548740246,205.43290991879638,-54.197322423900154,-13.375873591860387,-12.438243323203306,3.9932099957099956,-3.5826866362353345,-29.345337779045117,-10.498443324377202,11.050052235111188,0.23100000000000004,0.5119,15.1,0.08739999999999999,0.014499999999999999,0.005905684514324365,-0.09663225991949397,1.7680797712760175,0.8540819835569128,0.9013465077981208,0.8301312824278175,0.6648923953610302,0.6335525543073258,0.6388606153398937,0.7788240452868436,0.9706349206349205,0.8520567880555626,0.8572196277159513,0.6910898144950852,0.6707825990414422,0.5945283316072277,0.8698460365127032,0.9197900665642601,0.00873015873015873,0.0,0.0,0.0,0.0,0.0,0.0,0.0,Vladimir Fedoseev,3109.0
21.453449671323053,194.3849387342602,-65.0832961248154,-16.717258111633747,-12.180948102610037,4.0,-4.338659317175294,-36.92119869347993,-10.52482726037319,11.599595360456798,0.1978,0.4600999999999999,14.0,0.0624,0.0054,0.04786612158433322,-0.19083547112719362,1.9462243940776176,0.819942264690282,0.9576715176715176,0.8292129559937779,0.712635807497741,0.7287231539295373,0.684954680040765,0.6943300115838097,0.900430179576521,0.8344235055210664,0.8463435762216249,0.5615772382367805,0.4779381482149655,0.8143739779790753,0.9442107346247719,0.8418346645092385,0.0,0.0,0.0,0.0,0.0,0.0,0.0,0.0,Volodymyr Onyshchuk,2964.0
19.92345637887057,182.83018440732667,-60.66805193945321,-15.925224188503918,-11.747979152930853,3.9987244911348494,-7.495755163318642,-31.62775219917483,-10.559378319997135,12.689312593337318,0.2149237288135593,0.4646885593220339,17.896186440677965,0.0577097457627118,0.0069205508474576,0.1130477205123748,-0.2606312298733193,1.9538457435821588,0.7354287020099713,0.8869753461637769,0.8139143519726922,0.6985163141885097,0.672030686803944,0.5800487006646522,0.603092302174931,0.889188018318494,0.8636337878968627,0.8411149810500514,0.5341891780985815,0.6186908889292748,0.7677700144582067,0.8018129134368734,0.8363494143596766,0.0367644507191501,0.0997735489069903,0.0532544378698224,,,,,,Volodymyr Onyshchuk,2964.0
20.66922399528685,169.95985854786724,-61.43981669990261,-15.571613289959444,-12.001009239078375,4.0,-11.509574666124216,-30.576644846801052,-10.585154040247671,14.80417938230815,0.2218,0.4162,21.2,0.0509,0.0027,0.0638036104606977,-0.28517491712726717,2.0111539210023497,0.6241203372327921,0.8856685432793807,0.736275428551548,0.7297105772080038,0.5478224078398698,0.5389127980012841,0.6042561847142393,0.8872262581570721,0.9315707675409168,0.8630134340582101,0.5238777149739577,0.3537039765976976,0.8699652841443886,0.930649027589326,0.7906931464873896,0.0,0.0,0.0,0.0,0.0,0.0,0.0,0.0,Volodymyr Onyshchuk,2964.0
18.897926490785387,188.25849622029938,-66.11158632922468,-15.624501709632309,-12.385596766357411,4.0,-5.56491625136832,-37.45709957099835,-10.737133319940193,11.657661289071926,0.23420000000000005,0.36050000000000004,16.0,0.058199999999999995,0.0125,0.0029779089251503977,-0.17719642433701152,2.10845857596511,0.8151308303275151,0.8251821493273219,0.7206508365665342,0.682633110557642,0.6976709525609659,0.5999353908393348,0.5486256492747655,0.9196293068633494,0.8804570429570429,0.8915934065934066,0.5149949771381632,0.6205595890139001,0.6089464598447349,0.7305818673684852,0.8210011456661898,0.00568389057750759,0.0,0.0,0.0,0.0,0.0,0.0,0.0,Volodymyr Onyshchuk,2964.0
19.50302659875139,181.87617252495403,-68.01222479248011,-14.196323232090041,-14.05570352663111,4.0,-12.283174685958299,-34.571801732056464,-10.401531564548897,13.496309948804697,0.2158,0.5617000000000001,20.8,0.0396,0.0,0.19704634563615656,-0.1315437538651824,2.3688795422014963,0.6610186890782102,0.9374288806431664,0.9496954595791804,0.6982810398980097,0.6463545361417964,0.5350168633379713,0.5037225823911295,0.7813819169055016,0.834680263707434,0.8281417776329129,0.6712026842219105,0.6319797644216248,0.968939393939394,0.8998051948051948,0.8166351200853356,0.004761904761904761,0.0,0.0,0.0,0.0,0.0,0.0,0.0,Volodymyr Onyshchuk,2964.0
18.748526722704817,174.60876905322345,-58.73640729016064,-16.85720183171122,-11.483822178809271,4.0,-7.410700847389687,-28.48335280247188,-10.906737961125899,12.40540833134732,0.21670000000000003,0.5093,17.7,0.045799999999999993,0.0071,0.04509488810547236,-0.1948542759723363,2.1489040027528246,0.663196469340402,0.7671959493342624,0.700457860269454,0.7240529482496376,0.6344929805074765,0.5132577454867706,0.8034105807406411,0.8667738061424324,0.8214196754109551,0.8318125093595568,0.5606144169384888,0.6293954057394828,0.8551652295073348,0.7313474206446887,0.7155174944353967,0.01818181818181818,0.0,0.0,0.0,0.0,0.0,0.0,0.0,Volodymyr Onyshchuk,2964.0
20.272518281870685,183.48472320128383,-59.63047305515465,-15.948882086639523,-11.691172174494499,4.0,-6.192926931954393,-32.12469791078487,-10.093173259235042,12.420379307953679,0.2339,0.5805,16.7,0.075,0.0108,0.2612913509069116,-0.3222507256283,2.316419883701348,0.7305617451176578,0.9606060606060606,0.8020156412842248,0.6959541999911222,0.5610989034858649,0.6668481695163682,0.6736221245509932,0.9946902654867257,0.8679930837557356,0.8873192319231922,0.6137029786356433,0.7791000884230972,0.6899369800668215,0.6883734241368265,0.9093844167025399,0.0,0.0,0.0,0.0,0.0,0.0,0.0,0.0,Volodymyr Onyshchuk,2964.0
20.753807306585962,203.7797973674956,-69.74700013640468,-16.140472782901707,-13.700318454851788,4.0,-10.126288654956031,-35.10217900306497,-10.49526954702232,11.81752830639213,0.20140000000000002,0.5811999999999999,14.6,0.055700000000000006,0.0045,0.04695485807680929,-0.28813532763868416,2.5483295003317314,0.8844311354351009,0.7744028786153876,0.9254401229130599,0.6499465040318169,0.7806122462640309,0.48275169824543146,0.599367965162658,0.9362376237623762,0.8615836226479792,0.7879595503195082,0.6576671747528913,0.8012765927895703,0.8593620000639344,0.9302619904847627,0.7643946883447831,0.0,0.0,0.0,0.0,0.0,0.0,0.0,0.0,Volodymyr Onyshchuk,2964.0
19.0339847282929,173.9510325490567,-59.314827284477666,-15.250733593399545,-11.92435581043238,4.0,-7.425929128481606,-29.543835615168735,-10.158781866220682,10.988808729225287,0.2212,0.4888,16.2,0.0591,0.0023,0.07478881576264464,-0.46073722190710276,2.345230102756739,0.7163471232058592,1.0,0.6647367684434673,0.820117732224589,0.6786654141500094,0.5892817308514088,0.5954876867286362,0.951632217847769,0.8697725658864561,0.8327898133524292,0.6858923012270606,0.6286633410730941,0.7676198528722666,0.7438519379238425,0.8121134097403544,0.00117647058823529,0.0,0.0,0.0,0.0,0.0,0.0,0.0,Volodymyr Onyshchuk,2964.0
20.798276611707685,191.4199444936195,-52.12790525468987,-15.344829504755307,-9.83437308966735,4.0,-9.1078414046634,-23.562260354648522,-10.982724968738776,12.704124067783496,0.2253,0.5189999999999999,17.0,0.0626,0.0083,0.060138323197053124,-0.1304096359473767,1.3504759524272532,0.8103788361196969,0.9003835751737904,0.7448189761297513,0.7015047910262059,0.6477496472416914,0.6452483586631491,0.7199412100861255,0.9229956507645743,0.8256677989074893,0.8668611312786048,0.45166277012829514,0.609836284331346,0.7475071358166375,0.6949210982331147,0.7408581857168205,0.0,0.0,0.0,0.0,0.0,0.0,0.0,0.0,Volodymyr Onyshchuk,2964.0
20.177809233736006,193.06184215508452,-49.17544893385502,-14.94137132967434,-11.319746139447044,3.9982456140350875,-6.05170253976503,-22.578128676778004,-10.536023975466405,12.253278113240718,0.21470000000000003,0.4528,18.8,0.0849,0.0121,0.23461339540520623,-0.39606627524708116,1.7002514531624104,0.8029397071669229,0.9210526315789472,0.8081803016079329,0.7017965468370042,0.7925249656235641,0.5740578514271192,0.47112233524354774,0.8754977796877238,0.9025692184910061,0.921345029239766,0.4869407046423003,0.597811049448321,0.7770875735038099,0.619104319600687,0.8223533584873387,0.0,0.0,0.0,0.0,0.0,0.0,0.0,0.0,Volodymyr Onyshchuk,2964.0
16.51026713891633,144.1454856459722,-65.15804976858254,-17.524878890894293,-11.477690162740512,4.0,-7.103118509437405,-36.47848286429729,-11.242723553448362,14.66884421223531,0.2132,0.3412,22.3,0.0714,0.0034000000000000002,0.13931994248998913,-0.0245689033189033,1.7821256667340262,0.4768457929670647,0.7883895102035621,0.7743686073125922,0.6949001964949827,0.51504880457087,0.3871635332330595,0.5064899581133554,0.7733877993015417,0.8014917458318184,0.7922870927040775,0.3245322724614118,0.5425792361249817,0.7044455389600006,0.7645971964409966,0.8258389226220867,0.0,0.0,0.0,0.0,0.0,0.0,0.0,0.0,Volodymyr Onyshchuk,2964.0
18.02101453285722,164.54335734811562,-54.36754018364381,-13.662070014452786,-10.288212732016413,4.0,-10.874163894462717,-27.219391063291738,-10.191488569572059,13.867786090151899,0.2363,0.4756999999999999,20.5,0.058100000000000006,0.0257,0.4100555483666158,-0.19999638524187277,1.1887185366116824,0.5797923231963158,0.9233010661611937,0.7436010195047752,0.6717550097301836,0.6325104240177436,0.6246404668219943,0.5792407544212576,0.7954164415833016,0.777028879190792,0.8197688867156006,0.47586732784486163,0.530141829386998,0.7457981755556052,0.7237012249103767,0.8106919700441502,0.0,0.0,0.0,0.0,0.0,0.0,0.0,0.0,Volodymyr Onyshchuk,2964.0
21.05187886402853,205.23090701362526,-52.86028195513207,-16.275779216248768,-9.908227006328044,3.9879310344827585,-5.238286861625086,-26.450917475917482,-10.544157701622117,11.56915527212666,0.2124,0.42800000000000005,23.6,0.0925,0.0091,0.2959062906318959,-0.3465673465673466,1.6472205470136505,0.8353216333054239,0.857381519612014,0.870636091385899,0.6266653440345864,0.6315578725071113,0.6357331256939168,0.4687392648178226,0.9344468028062021,0.8300158314906516,0.8822470681818577,0.5314039003541461,0.6194713962885534,0.7062336385930299,0.9142665321111204,0.8934279295930845,0.00202020202020202,0.0,0.0,0.0,0.0,0.0,0.0,0.0,Volodymyr Onyshchuk,2964.0
19.815051424547992,186.23397405861365,-53.66594124176064,-15.70953722097887,-10.339249917575035,4.0,-3.1907741762432833,-29.447104976767445,-10.493190941400325,11.51391599120432,0.2351,0.5159,16.3,0.021699999999999997,0.0048000000000000004,0.10222112555636587,-0.29682205793189775,1.6318022061843571,0.8015495182548532,0.8938006839276991,0.7317946557063265,0.8523569092963841,0.6980697724018976,0.5598647542053502,0.6607647958523557,0.9299969576280562,0.9709923664122136,0.9595398899667341,0.35165308465224127,0.6255654811404904,0.7017830386587672,0.7286273157369025,0.7915107645272483,0.0,0.0,0.0,0.0,0.0,0.0,0.0,0.0,Volodymyr Onyshchuk,2964.0
19.667388637353575,177.68160590051195,-68.41279872653527,-16.03416698031004,-12.006050225361811,4.0,-8.446323722901564,-37.23747466191365,-10.866567425789023,12.177784289740812,0.2158,0.3295,17.5,0.048900000000000006,0.0075,0.3083888705838215,-0.47431996380102975,1.5426283557489728,0.7098194778336285,0.8996484393690048,0.8109040398308471,0.7258254513497713,0.6720236079609768,0.4221307850143242,0.5714155026646304,0.7919862809018826,0.92668667789208,0.8642994065018448,0.3657557484389616,0.5157967695757953,0.812330763453842,0.8980249606203806,0.9585399714789029,0.0008064516129032201,0.0,0.0,0.0,0.0,0.0,0.0,0.0,Volodymyr Onyshchuk,2964.0
20.172148830412645,187.49615061690946,-52.22658041708522,-16.348989674273323,-10.381261064868202,4.0,-11.337462856222588,-20.022226048646143,-11.053374027632648,12.91673325455769,0.22360000000000002,0.36490000000000006,17.7,0.034800000000000005,0.0068000000000000005,0.10988058748403576,-0.22693331161073096,1.9180306269967002,0.7892694793998333,0.9083620239958268,0.8152452932255058,0.732202800498753,0.7502788722054833,0.591410805098516,0.5460690028730424,0.7363265805165247,0.8325774818326028,0.7851686424713378,0.6343351720546876,0.6261247285671696,0.7588372821685172,0.7936346197117515,0.8348219292186105,0.01212121212121212,0.0,0.0,0.0,0.0,0.0,0.0,0.0,Volodymyr Onyshchuk,2964.0
19.22767109994947,183.8872621968598,-61.63283791168578,-16.54321105396769,-10.962207329567285,3.9833333333333334,-8.656836501153977,-31.114086733520697,-11.146763628635803,12.80693400182632,0.2,0.4747,19.2,0.08140000000000001,0.022099999999999998,0.0912881487893771,-0.3523285927687336,1.4730725745712234,0.7191627855104866,0.8952687702442041,0.7783451438400006,0.6914586912743708,0.7098739512480096,0.4747223585839249,0.593854894429631,0.881871227364185,0.7377766713033663,0.7563992961255458,0.5817473686947849,0.6024082588825428,0.6608999102817386,0.7806721804318565,0.86469263683366,0.0,0.0,0.0,0.0,0.0,0.0,0.0,0.0,Volodymyr Onyshchuk,2964.0
19.995012063023303,181.61858028423447,-60.9626679272843,-16.69807379400352,-11.357561291840481,3.9972222222222222,-6.456125860692644,-34.160061873309374,-9.815786433530869,13.527719103870345,0.2048,0.487,15.4,0.0241,0.0071,0.11190251960821582,-0.16432593986391447,1.9728098602749413,0.7267815702230259,0.7813965778268571,0.8558957454289733,0.5375047704443288,0.6300349315631592,0.6908715849708974,0.7084543174920424,0.8980543834974215,0.8477431341306711,0.9159080298786181,0.520183183071854,0.5804886722396373,0.9348646125116714,0.9468194654911144,0.8070976270254938,0.0,0.0,0.0,0.0,0.0,0.0,0.0,0.0,Volodymyr Onyshchuk,2964.0
19.265961703362372,185.5880411388766,-59.31670283001627,-14.443894444159985,-12.222431514208745,4.0,-7.605016827567968,-30.780541949205894,-9.58964872559778,11.324830630724119,0.244,0.5866999999999999,12.6,0.06439999999999999,0.0111,0.09640886542391262,-0.19920577601144082,2.0818423774373818,0.7317350505280753,0.9682242990654206,0.908268272509028,0.6567795891270063,0.6728546015018979,0.7296421277528701,0.6959103568089203,0.9392056074766355,0.875272219170396,0.9751165501165502,0.6183799564947234,0.777003768362109,0.7247553148488663,0.735185336831382,0.8649071105568353,0.0,0.0,0.0,0.0,0.0,0.0,0.0,0.0,Volodymyr Onyshchuk,2964.0
20.2469082749681,179.15138468232857,-60.139786286155775,-17.151294742648126,-11.751822102677933,4.0,-8.678484022714164,-28.130519640443232,-11.096215533062132,12.668549755389817,0.20739999999999997,0.3759,18.6,0.041299999999999996,0.0053,0.1224453429401942,-0.12864298304515692,2.2065328857438207,0.700574773053034,0.9271739130434783,0.7764772813963992,0.621881161575087,0.7434777096656926,0.5560816797965565,0.53543034405537,0.9447037744863833,0.9712637362637363,0.7868435072654376,0.5541102798874793,0.49619881763654233,0.8634484453973095,0.7551638895524765,0.8827119937462775,0.00338095238095237,0.0,0.0,0.0,0.0,0.0,0.0,0.0,Volodymyr Onyshchuk,2964.0
17.641436359777877,156.46723670885413,-45.69638515858469,-13.206538601705722,-10.60030863602436,3.6,-1.8456720600825711,-26.8176394670514,-8.617927232250938,11.791700838530296,0.1916,0.35470000000000007,14.9,0.0508,0.0114,0.1392582692106306,-0.4118503854259224,1.6719574453340607,0.7121610500007239,0.7940834019781388,0.8392032635445471,0.5903543370627691,0.5215570278253302,0.5055611760945562,0.5306401366137521,0.8986291486291487,0.8841269841269842,0.8604895104895105,0.5371303226002764,0.684788227361883,0.9887335053644986,0.8130755831952132,0.9489664082687339,0.0,0.0,0.0,0.0,0.0,0.0,0.0,0.0,Yaacov Norowitz,2916.0
16.537601396931706,145.87113692985588,-44.65528375615887,-15.172348069862114,-8.70765447468906,3.5982456140350876,-8.443509158010118,-20.444810043277847,-9.893489401424235,14.408281777069405,0.1709,0.3936,20.2,0.0868,0.004999999999999999,0.18302314131988823,-0.41895658580814005,1.6167365508808722,0.6465683970213224,0.8162574595055414,0.8055409983470859,0.5232302413699392,0.6429613443455748,0.43825989325650905,0.7507468245264612,0.9851479339535663,0.8189497543618864,0.7927065776152631,0.6857983164824141,0.4668216693087996,0.6772409849831187,0.8067621281533333,0.7129199894868703,0.0,0.0,0.0,0.0,0.0,0.0,0.0,0.0,Yaacov Norowitz,2916.0
19.14820638953869,170.54332967653465,-58.13809275064551,-13.365181092199725,-11.168539601586156,4.0,-7.664670148691887,-32.787375305853566,-9.892601825710521,12.740275223396342,0.19929999999999998,0.48999999999999994,17.0,0.07730000000000001,0.0079,-0.01659094046050567,-0.29916908212560384,1.6838083900226757,0.6179593047840766,0.8478728452421613,0.9286549776111632,0.5445323433807014,0.650712159502756,0.5245268759127166,0.6591313075160878,0.9439577223851418,0.849717833013383,0.8559936269915651,0.755070290534208,0.4832785543904918,0.7032168574017119,0.8079999511241447,0.8797362967019595,0.0108433734939759,0.0,0.0,0.0,0.0,0.0,0.0,0.0,Yaacov Norowitz,2916.0
13.804946849080768,122.80057748637822,-35.836121542109574,-10.592737430795415,-8.473790656397647,3.6,-4.126380841125434,-19.028923378099634,-8.946795476957465,11.73250624126602,0.1527,0.465,14.3,0.04709999999999999,0.0078,0.2298106672690198,-0.1902053338592685,1.218399452263235,0.6557121651400466,0.8973015873015873,0.7836844840262921,0.7106983325423688,0.5335220656363118,0.5749736677354137,0.8621675233725463,0.8213223195973581,0.7939153183611043,0.9441695702671312,0.6461529638808065,0.6888564689542679,0.8793994489183303,0.8166815217056522,0.8440807361154381,0.007035175879396981,0.0,0.0,0.0,0.0,0.0,0.0,0.0,Yaacov Norowitz,2916.0
20.84307984155029,185.65139221334334,-60.83944779385733,-14.21638386324822,-13.389040405146389,3.985904628330996,-8.932301324201743,-29.849902066143308,-10.033174386623196,11.595449623174527,0.2037,0.4875,13.2,0.05,0.0032,0.16088724552679673,-0.17176701092269112,2.1731737395710544,0.7020326218712265,0.8917061212212364,0.8309149217732813,0.7971966230749157,0.645908243562797,0.5809387913501983,0.7363719845723758,0.9942528735632183,0.8973320679109985,0.7661916825092608,0.7573835482123734,0.34290497446038126,0.8642349726775956,0.8946333819819209,0.9347239475500345,0.0,0.0,0.0,0.0,0.0,0.0,0.0,0.0,Yaacov Norowitz,2916.0
19.031015063439824,165.30892699749606,-53.51901747218709,-17.164429220125676,-10.544862495160983,3.9972602739726026,-4.170767690800346,-27.865738399150548,-11.08661160406103,13.316131663138886,0.21059999999999998,0.5232,27.5,0.08270000000000001,0.0126,0.18212487307112465,-0.20403712811505054,2.2702494578535406,0.6172994337493618,0.8938086013173189,0.720193046671868,0.3400453614134144,0.5420837054545901,0.4832155845164888,0.3921064334797995,0.823210156573716,0.8111435364313658,0.8050894998223391,0.877705025253443,0.48434229969581366,0.6150630714480849,0.7024785218871177,0.8535181484739119,0.024955085482468838,0.0,0.0,0.0,0.0,0.0,0.0,0.0,Yaacov Norowitz,2916.0
19.220719892893907,162.67640395555725,-51.688273324699914,-14.596309005948447,-11.315323697813074,4.0,-5.374764128036729,-27.163755984013015,-9.757754543572641,12.519634034684,0.2186,0.42779999999999996,15.3,0.0342,0.0049,0.07088691237453008,-0.8191905188279298,1.7419516661420538,0.5752884484290501,0.9120403724475121,0.7234479032629255,0.7162280897972617,0.5077679723136818,0.3806703641216845,0.5906756417864235,0.9040905171917668,0.8863261677749424,0.9362433082385747,0.713220544898549,0.27381876024072704,0.6549927495072808,0.8959220846531222,0.7943225725270119,0.0,0.0,0.0,0.0,0.0,0.0,0.0,0.0,Yaacov Norowitz,2916.0
19.15442226428238,171.31412822742314,-55.27581611659317,-16.38753286452887,-10.866540860346081,4.0,-5.947740201934364,-30.037942585602686,-10.8661146793845,14.830055075203322,0.2243,0.49849999999999994,23.5,0.07,0.0039,0.1682828631541337,-0.3075075519847338,1.8297160013825136,0.6922103569907632,0.8794792452830189,0.7262557604634825,0.5479229214638861,0.4500083144297383,0.37585669607515226,0.5969836742166172,0.8252762629601866,0.8009180804595646,0.8491492421728066,0.5135167823875424,0.5922921424309318,0.6550085377946784,0.8612368608894047,0.8246025875422903,0.0019047619047619,0.0,0.0,0.0,0.0,0.0,0.0,0.0,Yaacov Norowitz,2916.0
17.86004181979532,162.86642728581518,-54.380123106104065,-16.744556613113094,-10.870915069236936,3.9792568831863138,-7.617520313647722,-25.93245087374151,-10.488659667066823,13.294722547515708,0.2012,0.3775,19.3,0.077,0.0107,0.1470531000364092,-0.40751590846916075,1.7796004782117816,0.5529274085948387,0.9122888494906791,0.7512058882069742,0.44357483787270874,0.5607234561542387,0.35475830269645375,0.6849142914516879,0.8910467039647969,0.77544209056926,0.8444074965877778,0.7796742569048237,0.3120803355496786,0.562992530275279,0.7579040012774094,0.8739891302903462,0.009708737864077669,0.0,0.0,0.0,0.0,0.0,0.0,0.0,Yaacov Norowitz,2916.0
17.585852915384702,175.6272445406043,-46.5181528704989,-13.92587047208915,-9.596008866196946,3.5988235294117645,0.716959121715502,-28.186247282851365,-9.00191852880441,9.8761096283157,0.19990000000000002,0.4032,18.7,0.041999999999999996,0.0026000000000000003,0.10049936269379182,-0.2820713771859908,1.1446674257211016,0.7933731810112113,0.7894569815025986,0.8308865223532269,0.5840751466407889,0.7343238302949258,0.5931597338587951,0.6210416226724547,0.9597122302158272,0.8740287769784173,1.0,0.5153544996558441,0.6672605442331614,0.6706495145095646,0.6915324297714589,0.8053714859890805,0.06301735082522217,0.0,0.0,0.0,0.0,0.0,0.0,0.0,Yaacov Norowitz,2916.0
16.13676167985026,147.3770169420001,-47.736518915040094,-14.201922348288042,-9.653908504285653,3.5988235294117645,-7.0313211729354705,-24.99855278126268,-9.821984299267005,14.372346661586992,0.18860000000000002,0.4245,20.1,0.0689,0.005599999999999999,0.23371524718620512,-0.3716118133765192,1.5671863051753074,0.6153368522682231,0.687855158743728,0.850840198684258,0.652434793082117,0.4970660755750146,0.4715841753319818,0.6635448924565553,0.9001288965263298,0.7489098194939764,0.8714237799765219,0.7548892855137441,0.476333894370163,0.7911010676552934,0.8077258895255893,0.8436705019792677,0.04723981900452488,0.0,0.0,0.0,0.0,0.0,0.0,0.0,Yaacov Norowitz,2916.0
19.364214950212183,177.17724478469574,-63.629939481324826,-13.755791822648272,-12.91792189269081,3.9955555555555557,-7.030785400590666,-36.17803741254322,-10.007620578078322,12.264662069670925,0.20580000000000004,0.47709999999999997,18.0,0.082,0.0051,0.06387336243075074,-0.4141045276757471,2.2211828840860366,0.6622369725152113,0.9747252747252748,0.7944445086241912,0.4175830402645726,0.6441633497127358,0.48812744755073173,0.7335626932297391,0.9662039714671293,0.8510663565029757,0.8950124288184165,0.7586090608239593,0.5375727062394777,0.5269683136764184,0.7940237821641194,0.828847961249277,0.00104166666666666,0.0,0.0,0.0,0.0,0.0,0.0,0.0,Yaacov Norowitz,2916.0
18.831513833407634,165.78460627861034,-56.106263325552746,-16.3597778074097,-10.765653767436504,4.0,-5.200095554580395,-29.93463426904511,-11.222136404390243,13.376034477309199,0.22610000000000002,0.5065000000000001,21.2,0.0792,0.0134,0.21138468247593764,-0.4660908711408758,1.8466732213048656,0.5898247352962044,0.9035973747819277,0.7125591731052187,0.6081193757121434,0.4713074698932984,0.5078957933624557,0.4571670846824826,0.8256508683655251,0.9325434182762539,0.7275444106110839,0.6880941173814625,0.4550722330739044,0.6194400209244878,0.7720160150986674,0.6947118878578161,0.00099009900990099,0.0,0.0,0.0,0.0,0.0,0.0,0.0,Yaacov Norowitz,2916.0
17.15379631766701,159.04755581296098,-47.51933910871136,-12.817115030563306,-10.328886417724181,3.6,-5.152575413092654,-25.124263380297865,-9.100157899571693,11.403659032538345,0.1961,0.3943,15.3,0.05890000000000001,0.0051,0.04625150998426859,-0.17531479822859128,2.171630892096409,0.7711621716895773,0.97935325642656,0.8712038240379304,0.6081666085973445,0.5356761255874093,0.6232932987158634,0.6293766857200058,0.9351994851994851,0.8863694940352772,0.9121742955714953,0.7614018886360686,0.5645853045863587,0.8903020667726549,0.9060398170567663,0.8625399006754939,0.00349635349635349,0.0,0.0,0.0,0.0,0.0,0.0,0.0,Yaacov Norowitz,2916.0
18.521408569517124,169.0166500849193,-51.29265727498017,-16.113767836029872,-11.40038814107294,4.0,-5.378046770106253,-25.74679657031017,-10.362769203859909,13.709111246398972,0.21600000000000003,0.3629,19.3,0.05650000000000001,0.008499999999999999,0.07728658339929007,-0.16773324559056724,1.8654541690963533,0.641451501974399,0.9289954470599632,0.794698707566347,0.5161037553214272,0.6243477020446855,0.410112968902688,0.5426054426459038,0.9084834097600055,0.8369389087844954,0.8677739674435841,0.605575278834015,0.34823768613344286,0.610688093456436,0.7846324586372326,0.8231160073486048,0.0,0.0,0.0,0.0,0.0,0.0,0.0,0.0,Yaacov Norowitz,2916.0
18.99772459708521,169.53637053840276,-51.758989200339194,-15.938252043782532,-10.160927400441757,3.998529411764706,-4.288365785914783,-29.483784685240586,-10.500425810906039,14.6142371141818,0.20049999999999998,0.4164,23.7,0.1028,0.0097,0.16966440262219765,-0.5552321060176377,1.9784502765080627,0.5848313775952004,0.9610392527654442,0.7889083954154483,0.37823605703105334,0.38822978571222494,0.2819985218992535,0.6734584430621126,0.8789144978057557,0.8737854737854738,0.9471057679491415,0.470488859327721,0.36361070399979534,0.5445015372879782,0.6564857243126456,0.7960407683753792,0.0007407407407407399,0.0,0.0,0.0,0.0,0.0,0.0,0.0,Yaacov Norowitz,2916.0
19.473528920558998,178.33677452749595,-49.393015126652465,-15.168827880819887,-10.598955490608436,3.9964285714285714,-5.944728697391209,-23.862354970987315,-10.308007503344422,12.493430845070227,0.2403,0.4566,17.9,0.0759,0.010100000000000001,0.0954934986747112,-0.35600029144428114,1.8104861609020741,0.7056503129745546,0.8505211224018776,0.8190576078532679,0.5769788415244028,0.6268203069599434,0.4198016117618315,0.6060412031608352,0.8668764731558273,0.7644466823416772,0.7795567771174181,0.7149971057241123,0.4289858424668229,0.8468343587033932,0.9513604355716879,0.8606634657354867,0.013575303539137171,0.0,0.0,0.0,0.0,0.0,0.0,0.0,Yaacov Norowitz,2916.0
18.066751445005245,158.24148876410908,-61.86589017359878,-15.269718705288417,-11.532122952726692,4.0,-7.959062299013401,-34.47164964563188,-10.234809033022525,13.601472462084143,0.2104,0.5244,21.1,0.0889,0.0036999999999999997,0.29950718543302945,-0.7799887070190484,2.2059354307552956,0.5173900311933515,0.9624890350877193,0.846123919496083,0.5593554830312331,0.5278168397174983,0.5136714043046116,0.5276952589144491,0.90687278684631,0.9931141774891776,0.8428154048865313,0.7388149823883741,0.3695770005215423,0.6321208219692368,0.8339842718938097,0.8822186300079066,0.0014598540145985398,0.0,0.0,0.0,0.0,0.0,0.0,0.0,Yaacov Norowitz,2916.0
18.228734350145206,163.49889656238412,-55.50819736299055,-14.687737384222498,-10.984884948616228,3.866352883188436,-5.042579593092305,-31.21163115342109,-10.046413465871412,12.59869629904455,0.2058233532934132,0.4364940119760479,18.75449101796407,0.0642814371257485,0.0066422155688622,0.1184223579114085,-0.314409358351691,1.8562290400757064,0.6558505548958797,0.892936794673621,0.7866327824789067,0.5599316916917993,0.5653039819814302,0.512926142325639,0.6084207164443469,0.887192565266939,0.8727310974870671,0.8330174276835712,0.686961932471444,0.4461864698904921,0.6927045643396753,0.805928822601597,0.8319036418625866,0.0650077905559,0.0735477121303892,,,,,,,Yaacov Norowitz,2916.0
16.111007682275506,157.91699750252198,-57.563439812439675,-17.425747062829366,-10.48196823935811,4.0,-2.7279493879973793,-32.781387256256885,-11.500882943487584,13.354495077489663,0.1954,0.3699,25.6,0.10300000000000001,0.0167,0.22676779998649232,-0.11774132792479172,1.7354139443548,0.5573874887089197,0.8617491610855371,0.7629808747216738,0.315317474845166,0.35308513491354016,0.5154975581833044,0.5925534456085806,0.7495759721979726,0.828113454274626,0.7313427228474438,0.5335152432637127,0.3614185173121605,0.5016444388440816,0.661922919830603,0.7494821555424993,0.00069930069930069,0.013986013986013979,0.0,0.0,0.0,0.0,0.0,0.0,Yaacov Norowitz,2916.0
18.50576096055064,148.91093464736954,-52.052576659425085,-13.277003140628711,-12.403735060594286,3.6,-5.9075604123696035,-27.79473167295195,-9.352170257875887,13.08262388499536,0.18569999999999998,0.4757999999999999,22.2,0.0628,0.001,0.06031966122023252,-0.4152036653126855,1.6338246592929342,0.6312418655221129,0.9524752475247524,0.7116253896342101,0.6333331955086431,0.6309832645089382,0.4000461764283328,0.6629224829975089,0.7843521714059811,0.9021430986187579,0.8848768070610905,0.8915396251008254,0.5449871189877517,0.6542019634130386,0.7138262673472588,0.7334153475587316,0.0,0.0,0.0,0.0,0.0,0.0,0.0,0.0,Yaacov Norowitz,2916.0
